[2026-09-16 08:05:55.409] [gas-forecast] [] [] [c.g.f.d.m.SysUserTbMapper.selectList] [http-nio-8080-exec-10] [DEBUG] - ==>  Preparing: SELECT id,username,real_name,password_hash,password_salt,avatar,email,phone,org_code,status,deleted,created_at,updated_at FROM sys_user_tb WHERE (username = ? AND deleted = ?)
[2026-09-16 08:05:55.410] [gas-forecast] [] [] [c.g.f.d.m.SysUserTbMapper.selectList] [http-nio-8080-exec-10] [DEBUG] - ==> Parameters: admin(String), 0(Integer)
[2026-09-16 08:05:55.414] [gas-forecast] [] [] [c.g.f.d.m.SysUserTbMapper.selectList] [http-nio-8080-exec-10] [DEBUG] - <==      Total: 1
[2026-09-16 08:05:55.414] [gas-forecast] [] [] [c.g.f.d.m.S.selectRoleCodesByUsername] [http-nio-8080-exec-10] [DEBUG] - ==>  Preparing: select r.role_code from sys_user_tb u join sys_user_role_ref ur on ur.user_id = u.id join sys_role_tb r on r.id = ur.role_id where u.username = ? order by r.role_code
[2026-09-16 08:05:55.414] [gas-forecast] [] [] [c.g.f.d.m.S.selectRoleCodesByUsername] [http-nio-8080-exec-10] [DEBUG] - ==> Parameters: admin(String)
[2026-09-16 08:05:55.416] [gas-forecast] [] [] [c.g.f.d.m.S.selectRoleCodesByUsername] [http-nio-8080-exec-10] [DEBUG] - <==      Total: 1
[2026-09-16 08:05:55.416] [gas-forecast] [] [] [c.g.f.d.m.S.selectByUsername] [http-nio-8080-exec-10] [DEBUG] - ==>  Preparing: select distinct p.* from sys_permission_tb p where p.status = 1 and ( exists ( select 1 from sys_user_tb u join sys_user_role_ref ur on ur.user_id = u.id join sys_role_permission_ref rp on rp.role_id = ur.role_id where rp.permission_id = p.id and u.username = ? and u.deleted = 0 ) or exists ( select 1 from sys_user_tb u join sys_user_department_ref ud on ud.user_id = u.id join sys_department_permission_ref dp on dp.department_id = ud.department_id where dp.permission_id = p.id and u.username = ? and u.deleted = 0 ) ) order by p.sort_no, p.id
[2026-09-16 08:05:55.416] [gas-forecast] [] [] [c.g.f.d.m.S.selectByUsername] [http-nio-8080-exec-10] [DEBUG] - ==> Parameters: admin(String), admin(String)
[2026-09-16 08:05:55.418] [gas-forecast] [] [] [c.g.f.d.m.S.selectByUsername] [http-nio-8080-exec-10] [DEBUG] - <==      Total: 50
[2026-09-16 08:05:55.443] [gas-forecast] [] [] [c.g.f.d.m.S.selectByUsername] [http-nio-8080-exec-1] [DEBUG] - ==>  Preparing: select distinct p.* from sys_permission_tb p where p.status = 1 and ( exists ( select 1 from sys_user_tb u join sys_user_role_ref ur on ur.user_id = u.id join sys_role_permission_ref rp on rp.role_id = ur.role_id where rp.permission_id = p.id and u.username = ? and u.deleted = 0 ) or exists ( select 1 from sys_user_tb u join sys_user_department_ref ud on ud.user_id = u.id join sys_department_permission_ref dp on dp.department_id = ud.department_id where dp.permission_id = p.id and u.username = ? and u.deleted = 0 ) ) order by p.sort_no, p.id
[2026-09-16 08:05:55.443] [gas-forecast] [] [] [c.g.f.d.m.S.selectByUsername] [http-nio-8080-exec-1] [DEBUG] - ==> Parameters: admin(String), admin(String)
[2026-09-16 08:05:55.444] [gas-forecast] [] [] [c.g.f.d.m.S.selectByUsername] [http-nio-8080-exec-1] [DEBUG] - <==      Total: 50
[2026-09-16 08:05:55.446] [gas-forecast] [] [] [c.g.f.d.m.D.selectList_mpCount] [http-nio-8080-exec-1] [DEBUG] - ==>  Preparing: SELECT COUNT(*) AS total FROM data_daily_sales_tb
[2026-09-16 08:05:55.446] [gas-forecast] [] [] [c.g.f.d.m.D.selectList_mpCount] [http-nio-8080-exec-1] [DEBUG] - ==> Parameters: 
[2026-09-16 08:05:55.451] [gas-forecast] [] [] [c.g.f.d.m.D.selectList_mpCount] [http-nio-8080-exec-1] [DEBUG] - <==      Total: 1
[2026-09-16 08:05:55.451] [gas-forecast] [] [] [c.g.f.d.m.D.selectList] [http-nio-8080-exec-1] [DEBUG] - ==>  Preparing: SELECT id,stat_date,region_name,industry_name,customer_name,customer_code,gas_sales,file_id,created_at,region_code,industry_code FROM data_daily_sales_tb ORDER BY stat_date DESC,id DESC LIMIT ?
[2026-09-16 08:05:55.451] [gas-forecast] [] [] [c.g.f.d.m.D.selectList] [http-nio-8080-exec-1] [DEBUG] - ==> Parameters: 10(Long)
[2026-09-16 08:05:55.483] [gas-forecast] [] [] [c.g.f.d.m.D.selectList] [http-nio-8080-exec-1] [DEBUG] - <==      Total: 10
[2026-09-16 08:48:21.163] [gas-forecast] [] [] [c.g.f.d.m.SysUserTbMapper.selectList] [http-nio-8080-exec-2] [DEBUG] - ==>  Preparing: SELECT id,username,real_name,password_hash,password_salt,avatar,email,phone,org_code,status,deleted,created_at,updated_at FROM sys_user_tb WHERE (username = ? AND deleted = ?)
[2026-09-16 08:48:21.164] [gas-forecast] [] [] [c.g.f.d.m.SysUserTbMapper.selectList] [http-nio-8080-exec-2] [DEBUG] - ==> Parameters: admin(String), 0(Integer)
[2026-09-16 08:48:21.169] [gas-forecast] [] [] [c.g.f.d.m.SysUserTbMapper.selectList] [http-nio-8080-exec-2] [DEBUG] - <==      Total: 1
[2026-09-16 08:48:21.170] [gas-forecast] [] [] [c.g.f.d.m.S.selectRoleCodesByUsername] [http-nio-8080-exec-2] [DEBUG] - ==>  Preparing: select r.role_code from sys_user_tb u join sys_user_role_ref ur on ur.user_id = u.id join sys_role_tb r on r.id = ur.role_id where u.username = ? order by r.role_code
[2026-09-16 08:48:21.170] [gas-forecast] [] [] [c.g.f.d.m.S.selectRoleCodesByUsername] [http-nio-8080-exec-2] [DEBUG] - ==> Parameters: admin(String)
[2026-09-16 08:48:21.171] [gas-forecast] [] [] [c.g.f.d.m.S.selectRoleCodesByUsername] [http-nio-8080-exec-2] [DEBUG] - <==      Total: 1
[2026-09-16 08:48:21.172] [gas-forecast] [] [] [c.g.f.d.m.S.selectByUsername] [http-nio-8080-exec-2] [DEBUG] - ==>  Preparing: select distinct p.* from sys_permission_tb p where p.status = 1 and ( exists ( select 1 from sys_user_tb u join sys_user_role_ref ur on ur.user_id = u.id join sys_role_permission_ref rp on rp.role_id = ur.role_id where rp.permission_id = p.id and u.username = ? and u.deleted = 0 ) or exists ( select 1 from sys_user_tb u join sys_user_department_ref ud on ud.user_id = u.id join sys_department_permission_ref dp on dp.department_id = ud.department_id where dp.permission_id = p.id and u.username = ? and u.deleted = 0 ) ) order by p.sort_no, p.id
[2026-09-16 08:48:21.172] [gas-forecast] [] [] [c.g.f.d.m.S.selectByUsername] [http-nio-8080-exec-2] [DEBUG] - ==> Parameters: admin(String), admin(String)
[2026-09-16 08:48:21.175] [gas-forecast] [] [] [c.g.f.d.m.S.selectByUsername] [http-nio-8080-exec-2] [DEBUG] - <==      Total: 50
[2026-09-16 08:48:21.178] [gas-forecast] [] [] [c.g.f.d.m.SysUserTbMapper.selectList] [http-nio-8080-exec-3] [DEBUG] - ==>  Preparing: SELECT id,username,real_name,password_hash,password_salt,avatar,email,phone,org_code,status,deleted,created_at,updated_at FROM sys_user_tb WHERE (username = ? AND deleted = ?)
[2026-09-16 08:48:21.178] [gas-forecast] [] [] [c.g.f.d.m.SysUserTbMapper.selectList] [http-nio-8080-exec-3] [DEBUG] - ==> Parameters: admin(String), 0(Integer)
[2026-09-16 08:48:21.179] [gas-forecast] [] [] [c.g.f.d.m.SysUserTbMapper.selectList] [http-nio-8080-exec-3] [DEBUG] - <==      Total: 1
[2026-09-16 08:48:21.179] [gas-forecast] [] [] [c.g.f.d.m.S.selectRoleCodesByUsername] [http-nio-8080-exec-3] [DEBUG] - ==>  Preparing: select r.role_code from sys_user_tb u join sys_user_role_ref ur on ur.user_id = u.id join sys_role_tb r on r.id = ur.role_id where u.username = ? order by r.role_code
[2026-09-16 08:48:21.179] [gas-forecast] [] [] [c.g.f.d.m.S.selectRoleCodesByUsername] [http-nio-8080-exec-3] [DEBUG] - ==> Parameters: admin(String)
[2026-09-16 08:48:21.179] [gas-forecast] [] [] [c.g.f.d.m.S.selectRoleCodesByUsername] [http-nio-8080-exec-3] [DEBUG] - <==      Total: 1
[2026-09-16 08:48:21.179] [gas-forecast] [] [] [c.g.f.d.m.S.selectByUsername] [http-nio-8080-exec-3] [DEBUG] - ==>  Preparing: select distinct p.* from sys_permission_tb p where p.status = 1 and ( exists ( select 1 from sys_user_tb u join sys_user_role_ref ur on ur.user_id = u.id join sys_role_permission_ref rp on rp.role_id = ur.role_id where rp.permission_id = p.id and u.username = ? and u.deleted = 0 ) or exists ( select 1 from sys_user_tb u join sys_user_department_ref ud on ud.user_id = u.id join sys_department_permission_ref dp on dp.department_id = ud.department_id where dp.permission_id = p.id and u.username = ? and u.deleted = 0 ) ) order by p.sort_no, p.id
[2026-09-16 08:48:21.179] [gas-forecast] [] [] [c.g.f.d.m.S.selectByUsername] [http-nio-8080-exec-3] [DEBUG] - ==> Parameters: admin(String), admin(String)
[2026-09-16 08:48:21.180] [gas-forecast] [] [] [c.g.f.d.m.S.selectByUsername] [http-nio-8080-exec-3] [DEBUG] - <==      Total: 50
[2026-09-16 08:48:21.211] [gas-forecast] [] [] [c.g.f.d.m.S.selectByUsername] [http-nio-8080-exec-4] [DEBUG] - ==>  Preparing: select distinct p.* from sys_permission_tb p where p.status = 1 and ( exists ( select 1 from sys_user_tb u join sys_user_role_ref ur on ur.user_id = u.id join sys_role_permission_ref rp on rp.role_id = ur.role_id where rp.permission_id = p.id and u.username = ? and u.deleted = 0 ) or exists ( select 1 from sys_user_tb u join sys_user_department_ref ud on ud.user_id = u.id join sys_department_permission_ref dp on dp.department_id = ud.department_id where dp.permission_id = p.id and u.username = ? and u.deleted = 0 ) ) order by p.sort_no, p.id
[2026-09-16 08:48:21.212] [gas-forecast] [] [] [c.g.f.d.m.S.selectByUsername] [http-nio-8080-exec-4] [DEBUG] - ==> Parameters: admin(String), admin(String)
[2026-09-16 08:48:21.213] [gas-forecast] [] [] [c.g.f.d.m.S.selectByUsername] [http-nio-8080-exec-4] [DEBUG] - <==      Total: 50
[2026-09-16 08:48:21.215] [gas-forecast] [] [] [c.g.f.d.m.D.selectList_mpCount] [http-nio-8080-exec-4] [DEBUG] - ==>  Preparing: SELECT COUNT(*) AS total FROM data_daily_sales_tb
[2026-09-16 08:48:21.215] [gas-forecast] [] [] [c.g.f.d.m.D.selectList_mpCount] [http-nio-8080-exec-4] [DEBUG] - ==> Parameters: 
[2026-09-16 08:48:21.218] [gas-forecast] [] [] [c.g.f.d.m.D.selectList_mpCount] [http-nio-8080-exec-4] [DEBUG] - <==      Total: 1
[2026-09-16 08:48:21.218] [gas-forecast] [] [] [c.g.f.d.m.D.selectList] [http-nio-8080-exec-4] [DEBUG] - ==>  Preparing: SELECT id,stat_date,region_name,industry_name,customer_name,customer_code,gas_sales,file_id,created_at,region_code,industry_code FROM data_daily_sales_tb ORDER BY stat_date DESC,id DESC LIMIT ?
[2026-09-16 08:48:21.219] [gas-forecast] [] [] [c.g.f.d.m.D.selectList] [http-nio-8080-exec-4] [DEBUG] - ==> Parameters: 10(Long)
[2026-09-16 08:48:21.247] [gas-forecast] [] [] [c.g.f.d.m.D.selectList] [http-nio-8080-exec-4] [DEBUG] - <==      Total: 10
[2026-09-16 08:52:12.650] [gas-forecast] [] [] [c.g.f.d.m.SysUserTbMapper.selectList] [http-nio-8080-exec-5] [DEBUG] - ==>  Preparing: SELECT id,username,real_name,password_hash,password_salt,avatar,email,phone,org_code,status,deleted,created_at,updated_at FROM sys_user_tb WHERE (username = ? AND deleted = ?)
[2026-09-16 08:52:12.650] [gas-forecast] [] [] [c.g.f.d.m.SysUserTbMapper.selectList] [http-nio-8080-exec-5] [DEBUG] - ==> Parameters: admin(String), 0(Integer)
[2026-09-16 08:52:12.655] [gas-forecast] [] [] [c.g.f.d.m.SysUserTbMapper.selectList] [http-nio-8080-exec-5] [DEBUG] - <==      Total: 1
[2026-09-16 08:52:12.656] [gas-forecast] [] [] [c.g.f.d.m.S.selectRoleCodesByUsername] [http-nio-8080-exec-5] [DEBUG] - ==>  Preparing: select r.role_code from sys_user_tb u join sys_user_role_ref ur on ur.user_id = u.id join sys_role_tb r on r.id = ur.role_id where u.username = ? order by r.role_code
[2026-09-16 08:52:12.656] [gas-forecast] [] [] [c.g.f.d.m.S.selectRoleCodesByUsername] [http-nio-8080-exec-5] [DEBUG] - ==> Parameters: admin(String)
[2026-09-16 08:52:12.657] [gas-forecast] [] [] [c.g.f.d.m.S.selectRoleCodesByUsername] [http-nio-8080-exec-5] [DEBUG] - <==      Total: 1
[2026-09-16 08:52:12.657] [gas-forecast] [] [] [c.g.f.d.m.S.selectByUsername] [http-nio-8080-exec-5] [DEBUG] - ==>  Preparing: select distinct p.* from sys_permission_tb p where p.status = 1 and ( exists ( select 1 from sys_user_tb u join sys_user_role_ref ur on ur.user_id = u.id join sys_role_permission_ref rp on rp.role_id = ur.role_id where rp.permission_id = p.id and u.username = ? and u.deleted = 0 ) or exists ( select 1 from sys_user_tb u join sys_user_department_ref ud on ud.user_id = u.id join sys_department_permission_ref dp on dp.department_id = ud.department_id where dp.permission_id = p.id and u.username = ? and u.deleted = 0 ) ) order by p.sort_no, p.id
[2026-09-16 08:52:12.658] [gas-forecast] [] [] [c.g.f.d.m.S.selectByUsername] [http-nio-8080-exec-5] [DEBUG] - ==> Parameters: admin(String), admin(String)
[2026-09-16 08:52:12.660] [gas-forecast] [] [] [c.g.f.d.m.S.selectByUsername] [http-nio-8080-exec-5] [DEBUG] - <==      Total: 50
[2026-09-16 08:52:12.663] [gas-forecast] [] [] [c.g.f.d.m.SysUserTbMapper.selectList] [http-nio-8080-exec-7] [DEBUG] - ==>  Preparing: SELECT id,username,real_name,password_hash,password_salt,avatar,email,phone,org_code,status,deleted,created_at,updated_at FROM sys_user_tb WHERE (username = ? AND deleted = ?)
[2026-09-16 08:52:12.663] [gas-forecast] [] [] [c.g.f.d.m.SysUserTbMapper.selectList] [http-nio-8080-exec-7] [DEBUG] - ==> Parameters: admin(String), 0(Integer)
[2026-09-16 08:52:12.664] [gas-forecast] [] [] [c.g.f.d.m.SysUserTbMapper.selectList] [http-nio-8080-exec-7] [DEBUG] - <==      Total: 1
[2026-09-16 08:52:12.664] [gas-forecast] [] [] [c.g.f.d.m.S.selectRoleCodesByUsername] [http-nio-8080-exec-7] [DEBUG] - ==>  Preparing: select r.role_code from sys_user_tb u join sys_user_role_ref ur on ur.user_id = u.id join sys_role_tb r on r.id = ur.role_id where u.username = ? order by r.role_code
[2026-09-16 08:52:12.664] [gas-forecast] [] [] [c.g.f.d.m.S.selectRoleCodesByUsername] [http-nio-8080-exec-7] [DEBUG] - ==> Parameters: admin(String)
[2026-09-16 08:52:12.665] [gas-forecast] [] [] [c.g.f.d.m.S.selectRoleCodesByUsername] [http-nio-8080-exec-7] [DEBUG] - <==      Total: 1
[2026-09-16 08:52:12.665] [gas-forecast] [] [] [c.g.f.d.m.S.selectByUsername] [http-nio-8080-exec-7] [DEBUG] - ==>  Preparing: select distinct p.* from sys_permission_tb p where p.status = 1 and ( exists ( select 1 from sys_user_tb u join sys_user_role_ref ur on ur.user_id = u.id join sys_role_permission_ref rp on rp.role_id = ur.role_id where rp.permission_id = p.id and u.username = ? and u.deleted = 0 ) or exists ( select 1 from sys_user_tb u join sys_user_department_ref ud on ud.user_id = u.id join sys_department_permission_ref dp on dp.department_id = ud.department_id where dp.permission_id = p.id and u.username = ? and u.deleted = 0 ) ) order by p.sort_no, p.id
[2026-09-16 08:52:12.665] [gas-forecast] [] [] [c.g.f.d.m.S.selectByUsername] [http-nio-8080-exec-7] [DEBUG] - ==> Parameters: admin(String), admin(String)
[2026-09-16 08:52:12.666] [gas-forecast] [] [] [c.g.f.d.m.S.selectByUsername] [http-nio-8080-exec-7] [DEBUG] - <==      Total: 50
[2026-09-16 08:52:12.691] [gas-forecast] [] [] [c.g.f.d.m.S.selectByUsername] [http-nio-8080-exec-6] [DEBUG] - ==>  Preparing: select distinct p.* from sys_permission_tb p where p.status = 1 and ( exists ( select 1 from sys_user_tb u join sys_user_role_ref ur on ur.user_id = u.id join sys_role_permission_ref rp on rp.role_id = ur.role_id where rp.permission_id = p.id and u.username = ? and u.deleted = 0 ) or exists ( select 1 from sys_user_tb u join sys_user_department_ref ud on ud.user_id = u.id join sys_department_permission_ref dp on dp.department_id = ud.department_id where dp.permission_id = p.id and u.username = ? and u.deleted = 0 ) ) order by p.sort_no, p.id
[2026-09-16 08:52:12.692] [gas-forecast] [] [] [c.g.f.d.m.S.selectByUsername] [http-nio-8080-exec-6] [DEBUG] - ==> Parameters: admin(String), admin(String)
[2026-09-16 08:52:12.693] [gas-forecast] [] [] [c.g.f.d.m.S.selectByUsername] [http-nio-8080-exec-6] [DEBUG] - <==      Total: 50
[2026-09-16 08:52:12.695] [gas-forecast] [] [] [c.g.f.d.m.D.selectList_mpCount] [http-nio-8080-exec-6] [DEBUG] - ==>  Preparing: SELECT COUNT(*) AS total FROM data_daily_sales_tb
[2026-09-16 08:52:12.695] [gas-forecast] [] [] [c.g.f.d.m.D.selectList_mpCount] [http-nio-8080-exec-6] [DEBUG] - ==> Parameters: 
[2026-09-16 08:52:12.699] [gas-forecast] [] [] [c.g.f.d.m.D.selectList_mpCount] [http-nio-8080-exec-6] [DEBUG] - <==      Total: 1
[2026-09-16 08:52:12.699] [gas-forecast] [] [] [c.g.f.d.m.D.selectList] [http-nio-8080-exec-6] [DEBUG] - ==>  Preparing: SELECT id,stat_date,region_name,industry_name,customer_name,customer_code,gas_sales,file_id,created_at,region_code,industry_code FROM data_daily_sales_tb ORDER BY stat_date DESC,id DESC LIMIT ?
[2026-09-16 08:52:12.700] [gas-forecast] [] [] [c.g.f.d.m.D.selectList] [http-nio-8080-exec-6] [DEBUG] - ==> Parameters: 10(Long)
[2026-09-16 08:52:12.727] [gas-forecast] [] [] [c.g.f.d.m.D.selectList] [http-nio-8080-exec-6] [DEBUG] - <==      Total: 10
[2026-09-16 08:57:32.907] [gas-forecast] [] [] [c.g.f.d.m.SysUserTbMapper.selectList] [http-nio-8080-exec-8] [DEBUG] - ==>  Preparing: SELECT id,username,real_name,password_hash,password_salt,avatar,email,phone,org_code,status,deleted,created_at,updated_at FROM sys_user_tb WHERE (username = ? AND deleted = ?)
[2026-09-16 08:57:32.908] [gas-forecast] [] [] [c.g.f.d.m.SysUserTbMapper.selectList] [http-nio-8080-exec-8] [DEBUG] - ==> Parameters: admin(String), 0(Integer)
[2026-09-16 08:57:32.912] [gas-forecast] [] [] [c.g.f.d.m.SysUserTbMapper.selectList] [http-nio-8080-exec-8] [DEBUG] - <==      Total: 1
[2026-09-16 08:57:32.913] [gas-forecast] [] [] [c.g.f.d.m.S.selectRoleCodesByUsername] [http-nio-8080-exec-8] [DEBUG] - ==>  Preparing: select r.role_code from sys_user_tb u join sys_user_role_ref ur on ur.user_id = u.id join sys_role_tb r on r.id = ur.role_id where u.username = ? order by r.role_code
[2026-09-16 08:57:32.913] [gas-forecast] [] [] [c.g.f.d.m.S.selectRoleCodesByUsername] [http-nio-8080-exec-8] [DEBUG] - ==> Parameters: admin(String)
[2026-09-16 08:57:32.914] [gas-forecast] [] [] [c.g.f.d.m.S.selectRoleCodesByUsername] [http-nio-8080-exec-8] [DEBUG] - <==      Total: 1
[2026-09-16 08:57:32.914] [gas-forecast] [] [] [c.g.f.d.m.S.selectByUsername] [http-nio-8080-exec-8] [DEBUG] - ==>  Preparing: select distinct p.* from sys_permission_tb p where p.status = 1 and ( exists ( select 1 from sys_user_tb u join sys_user_role_ref ur on ur.user_id = u.id join sys_role_permission_ref rp on rp.role_id = ur.role_id where rp.permission_id = p.id and u.username = ? and u.deleted = 0 ) or exists ( select 1 from sys_user_tb u join sys_user_department_ref ud on ud.user_id = u.id join sys_department_permission_ref dp on dp.department_id = ud.department_id where dp.permission_id = p.id and u.username = ? and u.deleted = 0 ) ) order by p.sort_no, p.id
[2026-09-16 08:57:32.914] [gas-forecast] [] [] [c.g.f.d.m.S.selectByUsername] [http-nio-8080-exec-8] [DEBUG] - ==> Parameters: admin(String), admin(String)
[2026-09-16 08:57:32.916] [gas-forecast] [] [] [c.g.f.d.m.S.selectByUsername] [http-nio-8080-exec-8] [DEBUG] - <==      Total: 50
[2026-09-16 08:57:32.920] [gas-forecast] [] [] [c.g.f.d.m.SysUserTbMapper.selectList] [http-nio-8080-exec-9] [DEBUG] - ==>  Preparing: SELECT id,username,real_name,password_hash,password_salt,avatar,email,phone,org_code,status,deleted,created_at,updated_at FROM sys_user_tb WHERE (username = ? AND deleted = ?)
[2026-09-16 08:57:32.920] [gas-forecast] [] [] [c.g.f.d.m.SysUserTbMapper.selectList] [http-nio-8080-exec-9] [DEBUG] - ==> Parameters: admin(String), 0(Integer)
[2026-09-16 08:57:32.921] [gas-forecast] [] [] [c.g.f.d.m.SysUserTbMapper.selectList] [http-nio-8080-exec-9] [DEBUG] - <==      Total: 1
[2026-09-16 08:57:32.921] [gas-forecast] [] [] [c.g.f.d.m.S.selectRoleCodesByUsername] [http-nio-8080-exec-9] [DEBUG] - ==>  Preparing: select r.role_code from sys_user_tb u join sys_user_role_ref ur on ur.user_id = u.id join sys_role_tb r on r.id = ur.role_id where u.username = ? order by r.role_code
[2026-09-16 08:57:32.921] [gas-forecast] [] [] [c.g.f.d.m.S.selectRoleCodesByUsername] [http-nio-8080-exec-9] [DEBUG] - ==> Parameters: admin(String)
[2026-09-16 08:57:32.921] [gas-forecast] [] [] [c.g.f.d.m.S.selectRoleCodesByUsername] [http-nio-8080-exec-9] [DEBUG] - <==      Total: 1
[2026-09-16 08:57:32.922] [gas-forecast] [] [] [c.g.f.d.m.S.selectByUsername] [http-nio-8080-exec-9] [DEBUG] - ==>  Preparing: select distinct p.* from sys_permission_tb p where p.status = 1 and ( exists ( select 1 from sys_user_tb u join sys_user_role_ref ur on ur.user_id = u.id join sys_role_permission_ref rp on rp.role_id = ur.role_id where rp.permission_id = p.id and u.username = ? and u.deleted = 0 ) or exists ( select 1 from sys_user_tb u join sys_user_department_ref ud on ud.user_id = u.id join sys_department_permission_ref dp on dp.department_id = ud.department_id where dp.permission_id = p.id and u.username = ? and u.deleted = 0 ) ) order by p.sort_no, p.id
[2026-09-16 08:57:32.922] [gas-forecast] [] [] [c.g.f.d.m.S.selectByUsername] [http-nio-8080-exec-9] [DEBUG] - ==> Parameters: admin(String), admin(String)
[2026-09-16 08:57:32.923] [gas-forecast] [] [] [c.g.f.d.m.S.selectByUsername] [http-nio-8080-exec-9] [DEBUG] - <==      Total: 50
[2026-09-16 08:57:32.951] [gas-forecast] [] [] [c.g.f.d.m.S.selectByUsername] [http-nio-8080-exec-10] [DEBUG] - ==>  Preparing: select distinct p.* from sys_permission_tb p where p.status = 1 and ( exists ( select 1 from sys_user_tb u join sys_user_role_ref ur on ur.user_id = u.id join sys_role_permission_ref rp on rp.role_id = ur.role_id where rp.permission_id = p.id and u.username = ? and u.deleted = 0 ) or exists ( select 1 from sys_user_tb u join sys_user_department_ref ud on ud.user_id = u.id join sys_department_permission_ref dp on dp.department_id = ud.department_id where dp.permission_id = p.id and u.username = ? and u.deleted = 0 ) ) order by p.sort_no, p.id
[2026-09-16 08:57:32.951] [gas-forecast] [] [] [c.g.f.d.m.S.selectByUsername] [http-nio-8080-exec-10] [DEBUG] - ==> Parameters: admin(String), admin(String)
[2026-09-16 08:57:32.952] [gas-forecast] [] [] [c.g.f.d.m.S.selectByUsername] [http-nio-8080-exec-10] [DEBUG] - <==      Total: 50
[2026-09-16 08:57:32.954] [gas-forecast] [] [] [c.g.f.d.m.D.selectList_mpCount] [http-nio-8080-exec-10] [DEBUG] - ==>  Preparing: SELECT COUNT(*) AS total FROM data_daily_sales_tb
[2026-09-16 08:57:32.954] [gas-forecast] [] [] [c.g.f.d.m.D.selectList_mpCount] [http-nio-8080-exec-10] [DEBUG] - ==> Parameters: 
[2026-09-16 08:57:32.960] [gas-forecast] [] [] [c.g.f.d.m.D.selectList_mpCount] [http-nio-8080-exec-10] [DEBUG] - <==      Total: 1
[2026-09-16 08:57:32.960] [gas-forecast] [] [] [c.g.f.d.m.D.selectList] [http-nio-8080-exec-10] [DEBUG] - ==>  Preparing: SELECT id,stat_date,region_name,industry_name,customer_name,customer_code,gas_sales,file_id,created_at,region_code,industry_code FROM data_daily_sales_tb ORDER BY stat_date DESC,id DESC LIMIT ?
[2026-09-16 08:57:32.960] [gas-forecast] [] [] [c.g.f.d.m.D.selectList] [http-nio-8080-exec-10] [DEBUG] - ==> Parameters: 10(Long)
[2026-09-16 08:57:32.988] [gas-forecast] [] [] [c.g.f.d.m.D.selectList] [http-nio-8080-exec-10] [DEBUG] - <==      Total: 10
[2026-09-16 09:06:12.596] [gas-forecast] [] [] [c.g.f.d.m.SysUserTbMapper.selectList] [http-nio-8080-exec-1] [DEBUG] - ==>  Preparing: SELECT id,username,real_name,password_hash,password_salt,avatar,email,phone,org_code,status,deleted,created_at,updated_at FROM sys_user_tb WHERE (username = ? AND deleted = ?)
[2026-09-16 09:06:12.596] [gas-forecast] [] [] [c.g.f.d.m.SysUserTbMapper.selectList] [http-nio-8080-exec-1] [DEBUG] - ==> Parameters: admin(String), 0(Integer)
[2026-09-16 09:06:12.597] [gas-forecast] [] [] [c.g.f.d.m.SysUserTbMapper.selectList] [http-nio-8080-exec-1] [DEBUG] - <==      Total: 1
[2026-09-16 09:06:12.598] [gas-forecast] [] [] [c.g.f.d.m.S.selectRoleCodesByUsername] [http-nio-8080-exec-1] [DEBUG] - ==>  Preparing: select r.role_code from sys_user_tb u join sys_user_role_ref ur on ur.user_id = u.id join sys_role_tb r on r.id = ur.role_id where u.username = ? order by r.role_code
[2026-09-16 09:06:12.598] [gas-forecast] [] [] [c.g.f.d.m.S.selectRoleCodesByUsername] [http-nio-8080-exec-1] [DEBUG] - ==> Parameters: admin(String)
[2026-09-16 09:06:12.599] [gas-forecast] [] [] [c.g.f.d.m.S.selectRoleCodesByUsername] [http-nio-8080-exec-1] [DEBUG] - <==      Total: 1
[2026-09-16 09:06:12.599] [gas-forecast] [] [] [c.g.f.d.m.S.selectByUsername] [http-nio-8080-exec-1] [DEBUG] - ==>  Preparing: select distinct p.* from sys_permission_tb p where p.status = 1 and ( exists ( select 1 from sys_user_tb u join sys_user_role_ref ur on ur.user_id = u.id join sys_role_permission_ref rp on rp.role_id = ur.role_id where rp.permission_id = p.id and u.username = ? and u.deleted = 0 ) or exists ( select 1 from sys_user_tb u join sys_user_department_ref ud on ud.user_id = u.id join sys_department_permission_ref dp on dp.department_id = ud.department_id where dp.permission_id = p.id and u.username = ? and u.deleted = 0 ) ) order by p.sort_no, p.id
[2026-09-16 09:06:12.599] [gas-forecast] [] [] [c.g.f.d.m.S.selectByUsername] [http-nio-8080-exec-1] [DEBUG] - ==> Parameters: admin(String), admin(String)
[2026-09-16 09:06:12.601] [gas-forecast] [] [] [c.g.f.d.m.S.selectByUsername] [http-nio-8080-exec-1] [DEBUG] - <==      Total: 50
[2026-09-16 09:06:12.605] [gas-forecast] [] [] [c.g.f.d.m.SysUserTbMapper.selectList] [http-nio-8080-exec-2] [DEBUG] - ==>  Preparing: SELECT id,username,real_name,password_hash,password_salt,avatar,email,phone,org_code,status,deleted,created_at,updated_at FROM sys_user_tb WHERE (username = ? AND deleted = ?)
[2026-09-16 09:06:12.605] [gas-forecast] [] [] [c.g.f.d.m.SysUserTbMapper.selectList] [http-nio-8080-exec-2] [DEBUG] - ==> Parameters: admin(String), 0(Integer)
[2026-09-16 09:06:12.605] [gas-forecast] [] [] [c.g.f.d.m.SysUserTbMapper.selectList] [http-nio-8080-exec-2] [DEBUG] - <==      Total: 1
[2026-09-16 09:06:12.606] [gas-forecast] [] [] [c.g.f.d.m.S.selectRoleCodesByUsername] [http-nio-8080-exec-2] [DEBUG] - ==>  Preparing: select r.role_code from sys_user_tb u join sys_user_role_ref ur on ur.user_id = u.id join sys_role_tb r on r.id = ur.role_id where u.username = ? order by r.role_code
[2026-09-16 09:06:12.606] [gas-forecast] [] [] [c.g.f.d.m.S.selectRoleCodesByUsername] [http-nio-8080-exec-2] [DEBUG] - ==> Parameters: admin(String)
[2026-09-16 09:06:12.607] [gas-forecast] [] [] [c.g.f.d.m.S.selectRoleCodesByUsername] [http-nio-8080-exec-2] [DEBUG] - <==      Total: 1
[2026-09-16 09:06:12.607] [gas-forecast] [] [] [c.g.f.d.m.S.selectByUsername] [http-nio-8080-exec-2] [DEBUG] - ==>  Preparing: select distinct p.* from sys_permission_tb p where p.status = 1 and ( exists ( select 1 from sys_user_tb u join sys_user_role_ref ur on ur.user_id = u.id join sys_role_permission_ref rp on rp.role_id = ur.role_id where rp.permission_id = p.id and u.username = ? and u.deleted = 0 ) or exists ( select 1 from sys_user_tb u join sys_user_department_ref ud on ud.user_id = u.id join sys_department_permission_ref dp on dp.department_id = ud.department_id where dp.permission_id = p.id and u.username = ? and u.deleted = 0 ) ) order by p.sort_no, p.id
[2026-09-16 09:06:12.607] [gas-forecast] [] [] [c.g.f.d.m.S.selectByUsername] [http-nio-8080-exec-2] [DEBUG] - ==> Parameters: admin(String), admin(String)
[2026-09-16 09:06:12.609] [gas-forecast] [] [] [c.g.f.d.m.S.selectByUsername] [http-nio-8080-exec-2] [DEBUG] - <==      Total: 50
[2026-09-16 09:06:12.649] [gas-forecast] [] [] [c.g.f.d.m.S.selectByUsername] [http-nio-8080-exec-3] [DEBUG] - ==>  Preparing: select distinct p.* from sys_permission_tb p where p.status = 1 and ( exists ( select 1 from sys_user_tb u join sys_user_role_ref ur on ur.user_id = u.id join sys_role_permission_ref rp on rp.role_id = ur.role_id where rp.permission_id = p.id and u.username = ? and u.deleted = 0 ) or exists ( select 1 from sys_user_tb u join sys_user_department_ref ud on ud.user_id = u.id join sys_department_permission_ref dp on dp.department_id = ud.department_id where dp.permission_id = p.id and u.username = ? and u.deleted = 0 ) ) order by p.sort_no, p.id
[2026-09-16 09:06:12.649] [gas-forecast] [] [] [c.g.f.d.m.S.selectByUsername] [http-nio-8080-exec-3] [DEBUG] - ==> Parameters: admin(String), admin(String)
[2026-09-16 09:06:12.650] [gas-forecast] [] [] [c.g.f.d.m.S.selectByUsername] [http-nio-8080-exec-3] [DEBUG] - <==      Total: 50
[2026-09-16 09:06:12.652] [gas-forecast] [] [] [c.g.f.d.m.D.selectList_mpCount] [http-nio-8080-exec-3] [DEBUG] - ==>  Preparing: SELECT COUNT(*) AS total FROM data_daily_sales_tb
[2026-09-16 09:06:12.652] [gas-forecast] [] [] [c.g.f.d.m.D.selectList_mpCount] [http-nio-8080-exec-3] [DEBUG] - ==> Parameters: 
[2026-09-16 09:06:12.656] [gas-forecast] [] [] [c.g.f.d.m.D.selectList_mpCount] [http-nio-8080-exec-3] [DEBUG] - <==      Total: 1
[2026-09-16 09:06:12.656] [gas-forecast] [] [] [c.g.f.d.m.D.selectList] [http-nio-8080-exec-3] [DEBUG] - ==>  Preparing: SELECT id,stat_date,region_name,industry_name,customer_name,customer_code,gas_sales,file_id,created_at,region_code,industry_code FROM data_daily_sales_tb ORDER BY stat_date DESC,id DESC LIMIT ?
[2026-09-16 09:06:12.656] [gas-forecast] [] [] [c.g.f.d.m.D.selectList] [http-nio-8080-exec-3] [DEBUG] - ==> Parameters: 10(Long)
[2026-09-16 09:06:12.689] [gas-forecast] [] [] [c.g.f.d.m.D.selectList] [http-nio-8080-exec-3] [DEBUG] - <==      Total: 10
[2026-09-16 09:11:27.501] [gas-forecast] [] [] [c.g.f.d.m.SysUserTbMapper.selectList] [http-nio-8080-exec-4] [DEBUG] - ==>  Preparing: SELECT id,username,real_name,password_hash,password_salt,avatar,email,phone,org_code,status,deleted,created_at,updated_at FROM sys_user_tb WHERE (username = ? AND deleted = ?)
[2026-09-16 09:11:27.502] [gas-forecast] [] [] [c.g.f.d.m.SysUserTbMapper.selectList] [http-nio-8080-exec-4] [DEBUG] - ==> Parameters: admin(String), 0(Integer)
[2026-09-16 09:11:27.508] [gas-forecast] [] [] [c.g.f.d.m.SysUserTbMapper.selectList] [http-nio-8080-exec-4] [DEBUG] - <==      Total: 1
[2026-09-16 09:11:27.508] [gas-forecast] [] [] [c.g.f.d.m.S.selectRoleCodesByUsername] [http-nio-8080-exec-4] [DEBUG] - ==>  Preparing: select r.role_code from sys_user_tb u join sys_user_role_ref ur on ur.user_id = u.id join sys_role_tb r on r.id = ur.role_id where u.username = ? order by r.role_code
[2026-09-16 09:11:27.508] [gas-forecast] [] [] [c.g.f.d.m.S.selectRoleCodesByUsername] [http-nio-8080-exec-4] [DEBUG] - ==> Parameters: admin(String)
[2026-09-16 09:11:27.509] [gas-forecast] [] [] [c.g.f.d.m.S.selectRoleCodesByUsername] [http-nio-8080-exec-4] [DEBUG] - <==      Total: 1
[2026-09-16 09:11:27.510] [gas-forecast] [] [] [c.g.f.d.m.S.selectByUsername] [http-nio-8080-exec-4] [DEBUG] - ==>  Preparing: select distinct p.* from sys_permission_tb p where p.status = 1 and ( exists ( select 1 from sys_user_tb u join sys_user_role_ref ur on ur.user_id = u.id join sys_role_permission_ref rp on rp.role_id = ur.role_id where rp.permission_id = p.id and u.username = ? and u.deleted = 0 ) or exists ( select 1 from sys_user_tb u join sys_user_department_ref ud on ud.user_id = u.id join sys_department_permission_ref dp on dp.department_id = ud.department_id where dp.permission_id = p.id and u.username = ? and u.deleted = 0 ) ) order by p.sort_no, p.id
[2026-09-16 09:11:27.510] [gas-forecast] [] [] [c.g.f.d.m.S.selectByUsername] [http-nio-8080-exec-4] [DEBUG] - ==> Parameters: admin(String), admin(String)
[2026-09-16 09:11:27.511] [gas-forecast] [] [] [c.g.f.d.m.S.selectByUsername] [http-nio-8080-exec-4] [DEBUG] - <==      Total: 50
[2026-09-16 09:11:27.516] [gas-forecast] [] [] [c.g.f.d.m.SysUserTbMapper.selectList] [http-nio-8080-exec-5] [DEBUG] - ==>  Preparing: SELECT id,username,real_name,password_hash,password_salt,avatar,email,phone,org_code,status,deleted,created_at,updated_at FROM sys_user_tb WHERE (username = ? AND deleted = ?)
[2026-09-16 09:11:27.516] [gas-forecast] [] [] [c.g.f.d.m.SysUserTbMapper.selectList] [http-nio-8080-exec-5] [DEBUG] - ==> Parameters: admin(String), 0(Integer)
[2026-09-16 09:11:27.516] [gas-forecast] [] [] [c.g.f.d.m.SysUserTbMapper.selectList] [http-nio-8080-exec-5] [DEBUG] - <==      Total: 1
[2026-09-16 09:11:27.516] [gas-forecast] [] [] [c.g.f.d.m.S.selectRoleCodesByUsername] [http-nio-8080-exec-5] [DEBUG] - ==>  Preparing: select r.role_code from sys_user_tb u join sys_user_role_ref ur on ur.user_id = u.id join sys_role_tb r on r.id = ur.role_id where u.username = ? order by r.role_code
[2026-09-16 09:11:27.516] [gas-forecast] [] [] [c.g.f.d.m.S.selectRoleCodesByUsername] [http-nio-8080-exec-5] [DEBUG] - ==> Parameters: admin(String)
[2026-09-16 09:11:27.517] [gas-forecast] [] [] [c.g.f.d.m.S.selectRoleCodesByUsername] [http-nio-8080-exec-5] [DEBUG] - <==      Total: 1
[2026-09-16 09:11:27.517] [gas-forecast] [] [] [c.g.f.d.m.S.selectByUsername] [http-nio-8080-exec-5] [DEBUG] - ==>  Preparing: select distinct p.* from sys_permission_tb p where p.status = 1 and ( exists ( select 1 from sys_user_tb u join sys_user_role_ref ur on ur.user_id = u.id join sys_role_permission_ref rp on rp.role_id = ur.role_id where rp.permission_id = p.id and u.username = ? and u.deleted = 0 ) or exists ( select 1 from sys_user_tb u join sys_user_department_ref ud on ud.user_id = u.id join sys_department_permission_ref dp on dp.department_id = ud.department_id where dp.permission_id = p.id and u.username = ? and u.deleted = 0 ) ) order by p.sort_no, p.id
[2026-09-16 09:11:27.517] [gas-forecast] [] [] [c.g.f.d.m.S.selectByUsername] [http-nio-8080-exec-5] [DEBUG] - ==> Parameters: admin(String), admin(String)
[2026-09-16 09:11:27.518] [gas-forecast] [] [] [c.g.f.d.m.S.selectByUsername] [http-nio-8080-exec-5] [DEBUG] - <==      Total: 50
[2026-09-16 09:11:27.535] [gas-forecast] [] [] [c.g.f.d.m.S.selectByUsername] [http-nio-8080-exec-7] [DEBUG] - ==>  Preparing: select distinct p.* from sys_permission_tb p where p.status = 1 and ( exists ( select 1 from sys_user_tb u join sys_user_role_ref ur on ur.user_id = u.id join sys_role_permission_ref rp on rp.role_id = ur.role_id where rp.permission_id = p.id and u.username = ? and u.deleted = 0 ) or exists ( select 1 from sys_user_tb u join sys_user_department_ref ud on ud.user_id = u.id join sys_department_permission_ref dp on dp.department_id = ud.department_id where dp.permission_id = p.id and u.username = ? and u.deleted = 0 ) ) order by p.sort_no, p.id
[2026-09-16 09:11:27.535] [gas-forecast] [] [] [c.g.f.d.m.S.selectByUsername] [http-nio-8080-exec-7] [DEBUG] - ==> Parameters: admin(String), admin(String)
[2026-09-16 09:11:27.536] [gas-forecast] [] [] [c.g.f.d.m.S.selectByUsername] [http-nio-8080-exec-7] [DEBUG] - <==      Total: 50
[2026-09-16 09:11:27.540] [gas-forecast] [] [] [c.g.f.d.m.D.selectList_mpCount] [http-nio-8080-exec-7] [DEBUG] - ==>  Preparing: SELECT COUNT(*) AS total FROM data_daily_sales_tb
[2026-09-16 09:11:27.540] [gas-forecast] [] [] [c.g.f.d.m.D.selectList_mpCount] [http-nio-8080-exec-7] [DEBUG] - ==> Parameters: 
[2026-09-16 09:11:27.545] [gas-forecast] [] [] [c.g.f.d.m.D.selectList_mpCount] [http-nio-8080-exec-7] [DEBUG] - <==      Total: 1
[2026-09-16 09:11:27.546] [gas-forecast] [] [] [c.g.f.d.m.D.selectList] [http-nio-8080-exec-7] [DEBUG] - ==>  Preparing: SELECT id,stat_date,region_name,industry_name,customer_name,customer_code,gas_sales,file_id,created_at,region_code,industry_code FROM data_daily_sales_tb ORDER BY stat_date DESC,id DESC LIMIT ?
[2026-09-16 09:11:27.546] [gas-forecast] [] [] [c.g.f.d.m.D.selectList] [http-nio-8080-exec-7] [DEBUG] - ==> Parameters: 10(Long)
[2026-09-16 09:11:27.577] [gas-forecast] [] [] [c.g.f.d.m.D.selectList] [http-nio-8080-exec-7] [DEBUG] - <==      Total: 10
[2026-09-16 09:14:47.179] [gas-forecast] [] [] [c.g.f.d.m.SysUserTbMapper.selectList] [http-nio-8080-exec-6] [DEBUG] - ==>  Preparing: SELECT id,username,real_name,password_hash,password_salt,avatar,email,phone,org_code,status,deleted,created_at,updated_at FROM sys_user_tb WHERE (username = ? AND deleted = ?)
[2026-09-16 09:14:47.179] [gas-forecast] [] [] [c.g.f.d.m.SysUserTbMapper.selectList] [http-nio-8080-exec-6] [DEBUG] - ==> Parameters: admin(String), 0(Integer)
[2026-09-16 09:14:47.184] [gas-forecast] [] [] [c.g.f.d.m.SysUserTbMapper.selectList] [http-nio-8080-exec-6] [DEBUG] - <==      Total: 1
[2026-09-16 09:14:47.184] [gas-forecast] [] [] [c.g.f.d.m.S.selectRoleCodesByUsername] [http-nio-8080-exec-6] [DEBUG] - ==>  Preparing: select r.role_code from sys_user_tb u join sys_user_role_ref ur on ur.user_id = u.id join sys_role_tb r on r.id = ur.role_id where u.username = ? order by r.role_code
[2026-09-16 09:14:47.184] [gas-forecast] [] [] [c.g.f.d.m.S.selectRoleCodesByUsername] [http-nio-8080-exec-6] [DEBUG] - ==> Parameters: admin(String)
[2026-09-16 09:14:47.185] [gas-forecast] [] [] [c.g.f.d.m.S.selectRoleCodesByUsername] [http-nio-8080-exec-6] [DEBUG] - <==      Total: 1
[2026-09-16 09:14:47.185] [gas-forecast] [] [] [c.g.f.d.m.S.selectByUsername] [http-nio-8080-exec-6] [DEBUG] - ==>  Preparing: select distinct p.* from sys_permission_tb p where p.status = 1 and ( exists ( select 1 from sys_user_tb u join sys_user_role_ref ur on ur.user_id = u.id join sys_role_permission_ref rp on rp.role_id = ur.role_id where rp.permission_id = p.id and u.username = ? and u.deleted = 0 ) or exists ( select 1 from sys_user_tb u join sys_user_department_ref ud on ud.user_id = u.id join sys_department_permission_ref dp on dp.department_id = ud.department_id where dp.permission_id = p.id and u.username = ? and u.deleted = 0 ) ) order by p.sort_no, p.id
[2026-09-16 09:14:47.185] [gas-forecast] [] [] [c.g.f.d.m.S.selectByUsername] [http-nio-8080-exec-6] [DEBUG] - ==> Parameters: admin(String), admin(String)
[2026-09-16 09:14:47.187] [gas-forecast] [] [] [c.g.f.d.m.S.selectByUsername] [http-nio-8080-exec-6] [DEBUG] - <==      Total: 50
[2026-09-16 09:14:47.190] [gas-forecast] [] [] [c.g.f.d.m.SysUserTbMapper.selectList] [http-nio-8080-exec-8] [DEBUG] - ==>  Preparing: SELECT id,username,real_name,password_hash,password_salt,avatar,email,phone,org_code,status,deleted,created_at,updated_at FROM sys_user_tb WHERE (username = ? AND deleted = ?)
[2026-09-16 09:14:47.190] [gas-forecast] [] [] [c.g.f.d.m.SysUserTbMapper.selectList] [http-nio-8080-exec-8] [DEBUG] - ==> Parameters: admin(String), 0(Integer)
[2026-09-16 09:14:47.190] [gas-forecast] [] [] [c.g.f.d.m.SysUserTbMapper.selectList] [http-nio-8080-exec-8] [DEBUG] - <==      Total: 1
[2026-09-16 09:14:47.190] [gas-forecast] [] [] [c.g.f.d.m.S.selectRoleCodesByUsername] [http-nio-8080-exec-8] [DEBUG] - ==>  Preparing: select r.role_code from sys_user_tb u join sys_user_role_ref ur on ur.user_id = u.id join sys_role_tb r on r.id = ur.role_id where u.username = ? order by r.role_code
[2026-09-16 09:14:47.190] [gas-forecast] [] [] [c.g.f.d.m.S.selectRoleCodesByUsername] [http-nio-8080-exec-8] [DEBUG] - ==> Parameters: admin(String)
[2026-09-16 09:14:47.191] [gas-forecast] [] [] [c.g.f.d.m.S.selectRoleCodesByUsername] [http-nio-8080-exec-8] [DEBUG] - <==      Total: 1
[2026-09-16 09:14:47.191] [gas-forecast] [] [] [c.g.f.d.m.S.selectByUsername] [http-nio-8080-exec-8] [DEBUG] - ==>  Preparing: select distinct p.* from sys_permission_tb p where p.status = 1 and ( exists ( select 1 from sys_user_tb u join sys_user_role_ref ur on ur.user_id = u.id join sys_role_permission_ref rp on rp.role_id = ur.role_id where rp.permission_id = p.id and u.username = ? and u.deleted = 0 ) or exists ( select 1 from sys_user_tb u join sys_user_department_ref ud on ud.user_id = u.id join sys_department_permission_ref dp on dp.department_id = ud.department_id where dp.permission_id = p.id and u.username = ? and u.deleted = 0 ) ) order by p.sort_no, p.id
[2026-09-16 09:14:47.191] [gas-forecast] [] [] [c.g.f.d.m.S.selectByUsername] [http-nio-8080-exec-8] [DEBUG] - ==> Parameters: admin(String), admin(String)
[2026-09-16 09:14:47.192] [gas-forecast] [] [] [c.g.f.d.m.S.selectByUsername] [http-nio-8080-exec-8] [DEBUG] - <==      Total: 50
[2026-09-16 09:14:47.239] [gas-forecast] [] [] [c.g.f.d.m.S.selectByUsername] [http-nio-8080-exec-9] [DEBUG] - ==>  Preparing: select distinct p.* from sys_permission_tb p where p.status = 1 and ( exists ( select 1 from sys_user_tb u join sys_user_role_ref ur on ur.user_id = u.id join sys_role_permission_ref rp on rp.role_id = ur.role_id where rp.permission_id = p.id and u.username = ? and u.deleted = 0 ) or exists ( select 1 from sys_user_tb u join sys_user_department_ref ud on ud.user_id = u.id join sys_department_permission_ref dp on dp.department_id = ud.department_id where dp.permission_id = p.id and u.username = ? and u.deleted = 0 ) ) order by p.sort_no, p.id
[2026-09-16 09:14:47.239] [gas-forecast] [] [] [c.g.f.d.m.S.selectByUsername] [http-nio-8080-exec-9] [DEBUG] - ==> Parameters: admin(String), admin(String)
[2026-09-16 09:14:47.241] [gas-forecast] [] [] [c.g.f.d.m.S.selectByUsername] [http-nio-8080-exec-9] [DEBUG] - <==      Total: 50
[2026-09-16 09:14:47.243] [gas-forecast] [] [] [c.g.f.d.m.D.selectList_mpCount] [http-nio-8080-exec-9] [DEBUG] - ==>  Preparing: SELECT COUNT(*) AS total FROM data_daily_sales_tb
[2026-09-16 09:14:47.243] [gas-forecast] [] [] [c.g.f.d.m.D.selectList_mpCount] [http-nio-8080-exec-9] [DEBUG] - ==> Parameters: 
[2026-09-16 09:14:47.248] [gas-forecast] [] [] [c.g.f.d.m.D.selectList_mpCount] [http-nio-8080-exec-9] [DEBUG] - <==      Total: 1
[2026-09-16 09:14:47.248] [gas-forecast] [] [] [c.g.f.d.m.D.selectList] [http-nio-8080-exec-9] [DEBUG] - ==>  Preparing: SELECT id,stat_date,region_name,industry_name,customer_name,customer_code,gas_sales,file_id,created_at,region_code,industry_code FROM data_daily_sales_tb ORDER BY stat_date DESC,id DESC LIMIT ?
[2026-09-16 09:14:47.248] [gas-forecast] [] [] [c.g.f.d.m.D.selectList] [http-nio-8080-exec-9] [DEBUG] - ==> Parameters: 10(Long)
[2026-09-16 09:14:47.280] [gas-forecast] [] [] [c.g.f.d.m.D.selectList] [http-nio-8080-exec-9] [DEBUG] - <==      Total: 10
[2026-09-16 09:17:44.948] [gas-forecast] [] [] [c.g.f.d.m.SysUserTbMapper.selectList] [http-nio-8080-exec-10] [DEBUG] - ==>  Preparing: SELECT id,username,real_name,password_hash,password_salt,avatar,email,phone,org_code,status,deleted,created_at,updated_at FROM sys_user_tb WHERE (username = ? AND deleted = ?)
[2026-09-16 09:17:44.949] [gas-forecast] [] [] [c.g.f.d.m.SysUserTbMapper.selectList] [http-nio-8080-exec-10] [DEBUG] - ==> Parameters: admin(String), 0(Integer)
[2026-09-16 09:17:44.953] [gas-forecast] [] [] [c.g.f.d.m.SysUserTbMapper.selectList] [http-nio-8080-exec-10] [DEBUG] - <==      Total: 1
[2026-09-16 09:17:44.954] [gas-forecast] [] [] [c.g.f.d.m.S.selectRoleCodesByUsername] [http-nio-8080-exec-10] [DEBUG] - ==>  Preparing: select r.role_code from sys_user_tb u join sys_user_role_ref ur on ur.user_id = u.id join sys_role_tb r on r.id = ur.role_id where u.username = ? order by r.role_code
[2026-09-16 09:17:44.954] [gas-forecast] [] [] [c.g.f.d.m.S.selectRoleCodesByUsername] [http-nio-8080-exec-10] [DEBUG] - ==> Parameters: admin(String)
[2026-09-16 09:17:44.956] [gas-forecast] [] [] [c.g.f.d.m.S.selectRoleCodesByUsername] [http-nio-8080-exec-10] [DEBUG] - <==      Total: 1
[2026-09-16 09:17:44.956] [gas-forecast] [] [] [c.g.f.d.m.S.selectByUsername] [http-nio-8080-exec-10] [DEBUG] - ==>  Preparing: select distinct p.* from sys_permission_tb p where p.status = 1 and ( exists ( select 1 from sys_user_tb u join sys_user_role_ref ur on ur.user_id = u.id join sys_role_permission_ref rp on rp.role_id = ur.role_id where rp.permission_id = p.id and u.username = ? and u.deleted = 0 ) or exists ( select 1 from sys_user_tb u join sys_user_department_ref ud on ud.user_id = u.id join sys_department_permission_ref dp on dp.department_id = ud.department_id where dp.permission_id = p.id and u.username = ? and u.deleted = 0 ) ) order by p.sort_no, p.id
[2026-09-16 09:17:44.957] [gas-forecast] [] [] [c.g.f.d.m.S.selectByUsername] [http-nio-8080-exec-10] [DEBUG] - ==> Parameters: admin(String), admin(String)
[2026-09-16 09:17:44.958] [gas-forecast] [] [] [c.g.f.d.m.S.selectByUsername] [http-nio-8080-exec-10] [DEBUG] - <==      Total: 50
[2026-09-16 09:17:44.962] [gas-forecast] [] [] [c.g.f.d.m.SysUserTbMapper.selectList] [http-nio-8080-exec-1] [DEBUG] - ==>  Preparing: SELECT id,username,real_name,password_hash,password_salt,avatar,email,phone,org_code,status,deleted,created_at,updated_at FROM sys_user_tb WHERE (username = ? AND deleted = ?)
[2026-09-16 09:17:44.962] [gas-forecast] [] [] [c.g.f.d.m.SysUserTbMapper.selectList] [http-nio-8080-exec-1] [DEBUG] - ==> Parameters: admin(String), 0(Integer)
[2026-09-16 09:17:44.963] [gas-forecast] [] [] [c.g.f.d.m.SysUserTbMapper.selectList] [http-nio-8080-exec-1] [DEBUG] - <==      Total: 1
[2026-09-16 09:17:44.963] [gas-forecast] [] [] [c.g.f.d.m.S.selectRoleCodesByUsername] [http-nio-8080-exec-1] [DEBUG] - ==>  Preparing: select r.role_code from sys_user_tb u join sys_user_role_ref ur on ur.user_id = u.id join sys_role_tb r on r.id = ur.role_id where u.username = ? order by r.role_code
[2026-09-16 09:17:44.963] [gas-forecast] [] [] [c.g.f.d.m.S.selectRoleCodesByUsername] [http-nio-8080-exec-1] [DEBUG] - ==> Parameters: admin(String)
[2026-09-16 09:17:44.963] [gas-forecast] [] [] [c.g.f.d.m.S.selectRoleCodesByUsername] [http-nio-8080-exec-1] [DEBUG] - <==      Total: 1
[2026-09-16 09:17:44.963] [gas-forecast] [] [] [c.g.f.d.m.S.selectByUsername] [http-nio-8080-exec-1] [DEBUG] - ==>  Preparing: select distinct p.* from sys_permission_tb p where p.status = 1 and ( exists ( select 1 from sys_user_tb u join sys_user_role_ref ur on ur.user_id = u.id join sys_role_permission_ref rp on rp.role_id = ur.role_id where rp.permission_id = p.id and u.username = ? and u.deleted = 0 ) or exists ( select 1 from sys_user_tb u join sys_user_department_ref ud on ud.user_id = u.id join sys_department_permission_ref dp on dp.department_id = ud.department_id where dp.permission_id = p.id and u.username = ? and u.deleted = 0 ) ) order by p.sort_no, p.id
[2026-09-16 09:17:44.963] [gas-forecast] [] [] [c.g.f.d.m.S.selectByUsername] [http-nio-8080-exec-1] [DEBUG] - ==> Parameters: admin(String), admin(String)
[2026-09-16 09:17:44.964] [gas-forecast] [] [] [c.g.f.d.m.S.selectByUsername] [http-nio-8080-exec-1] [DEBUG] - <==      Total: 50
[2026-09-16 09:17:44.996] [gas-forecast] [] [] [c.g.f.d.m.S.selectByUsername] [http-nio-8080-exec-2] [DEBUG] - ==>  Preparing: select distinct p.* from sys_permission_tb p where p.status = 1 and ( exists ( select 1 from sys_user_tb u join sys_user_role_ref ur on ur.user_id = u.id join sys_role_permission_ref rp on rp.role_id = ur.role_id where rp.permission_id = p.id and u.username = ? and u.deleted = 0 ) or exists ( select 1 from sys_user_tb u join sys_user_department_ref ud on ud.user_id = u.id join sys_department_permission_ref dp on dp.department_id = ud.department_id where dp.permission_id = p.id and u.username = ? and u.deleted = 0 ) ) order by p.sort_no, p.id
[2026-09-16 09:17:44.996] [gas-forecast] [] [] [c.g.f.d.m.S.selectByUsername] [http-nio-8080-exec-2] [DEBUG] - ==> Parameters: admin(String), admin(String)
[2026-09-16 09:17:44.998] [gas-forecast] [] [] [c.g.f.d.m.S.selectByUsername] [http-nio-8080-exec-2] [DEBUG] - <==      Total: 50
[2026-09-16 09:17:44.999] [gas-forecast] [] [] [c.g.f.d.m.D.selectList_mpCount] [http-nio-8080-exec-2] [DEBUG] - ==>  Preparing: SELECT COUNT(*) AS total FROM data_daily_sales_tb
[2026-09-16 09:17:44.999] [gas-forecast] [] [] [c.g.f.d.m.D.selectList_mpCount] [http-nio-8080-exec-2] [DEBUG] - ==> Parameters: 
[2026-09-16 09:17:45.004] [gas-forecast] [] [] [c.g.f.d.m.D.selectList_mpCount] [http-nio-8080-exec-2] [DEBUG] - <==      Total: 1
[2026-09-16 09:17:45.004] [gas-forecast] [] [] [c.g.f.d.m.D.selectList] [http-nio-8080-exec-2] [DEBUG] - ==>  Preparing: SELECT id,stat_date,region_name,industry_name,customer_name,customer_code,gas_sales,file_id,created_at,region_code,industry_code FROM data_daily_sales_tb ORDER BY stat_date DESC,id DESC LIMIT ?
[2026-09-16 09:17:45.004] [gas-forecast] [] [] [c.g.f.d.m.D.selectList] [http-nio-8080-exec-2] [DEBUG] - ==> Parameters: 10(Long)
[2026-09-16 09:17:45.035] [gas-forecast] [] [] [c.g.f.d.m.D.selectList] [http-nio-8080-exec-2] [DEBUG] - <==      Total: 10
[2026-09-16 09:23:43.842] [gas-forecast] [] [] [c.g.f.d.m.SysUserTbMapper.selectList] [http-nio-8080-exec-3] [DEBUG] - ==>  Preparing: SELECT id,username,real_name,password_hash,password_salt,avatar,email,phone,org_code,status,deleted,created_at,updated_at FROM sys_user_tb WHERE (username = ? AND deleted = ?)
[2026-09-16 09:23:43.842] [gas-forecast] [] [] [c.g.f.d.m.SysUserTbMapper.selectList] [http-nio-8080-exec-3] [DEBUG] - ==> Parameters: admin(String), 0(Integer)
[2026-09-16 09:23:43.847] [gas-forecast] [] [] [c.g.f.d.m.SysUserTbMapper.selectList] [http-nio-8080-exec-3] [DEBUG] - <==      Total: 1
[2026-09-16 09:23:43.847] [gas-forecast] [] [] [c.g.f.d.m.S.selectRoleCodesByUsername] [http-nio-8080-exec-3] [DEBUG] - ==>  Preparing: select r.role_code from sys_user_tb u join sys_user_role_ref ur on ur.user_id = u.id join sys_role_tb r on r.id = ur.role_id where u.username = ? order by r.role_code
[2026-09-16 09:23:43.847] [gas-forecast] [] [] [c.g.f.d.m.S.selectRoleCodesByUsername] [http-nio-8080-exec-3] [DEBUG] - ==> Parameters: admin(String)
[2026-09-16 09:23:43.849] [gas-forecast] [] [] [c.g.f.d.m.S.selectRoleCodesByUsername] [http-nio-8080-exec-3] [DEBUG] - <==      Total: 1
[2026-09-16 09:23:43.849] [gas-forecast] [] [] [c.g.f.d.m.S.selectByUsername] [http-nio-8080-exec-3] [DEBUG] - ==>  Preparing: select distinct p.* from sys_permission_tb p where p.status = 1 and ( exists ( select 1 from sys_user_tb u join sys_user_role_ref ur on ur.user_id = u.id join sys_role_permission_ref rp on rp.role_id = ur.role_id where rp.permission_id = p.id and u.username = ? and u.deleted = 0 ) or exists ( select 1 from sys_user_tb u join sys_user_department_ref ud on ud.user_id = u.id join sys_department_permission_ref dp on dp.department_id = ud.department_id where dp.permission_id = p.id and u.username = ? and u.deleted = 0 ) ) order by p.sort_no, p.id
[2026-09-16 09:23:43.849] [gas-forecast] [] [] [c.g.f.d.m.S.selectByUsername] [http-nio-8080-exec-3] [DEBUG] - ==> Parameters: admin(String), admin(String)
[2026-09-16 09:23:43.852] [gas-forecast] [] [] [c.g.f.d.m.S.selectByUsername] [http-nio-8080-exec-3] [DEBUG] - <==      Total: 50
[2026-09-16 09:23:43.855] [gas-forecast] [] [] [c.g.f.d.m.SysUserTbMapper.selectList] [http-nio-8080-exec-4] [DEBUG] - ==>  Preparing: SELECT id,username,real_name,password_hash,password_salt,avatar,email,phone,org_code,status,deleted,created_at,updated_at FROM sys_user_tb WHERE (username = ? AND deleted = ?)
[2026-09-16 09:23:43.855] [gas-forecast] [] [] [c.g.f.d.m.SysUserTbMapper.selectList] [http-nio-8080-exec-4] [DEBUG] - ==> Parameters: admin(String), 0(Integer)
[2026-09-16 09:23:43.855] [gas-forecast] [] [] [c.g.f.d.m.SysUserTbMapper.selectList] [http-nio-8080-exec-4] [DEBUG] - <==      Total: 1
[2026-09-16 09:23:43.855] [gas-forecast] [] [] [c.g.f.d.m.S.selectRoleCodesByUsername] [http-nio-8080-exec-4] [DEBUG] - ==>  Preparing: select r.role_code from sys_user_tb u join sys_user_role_ref ur on ur.user_id = u.id join sys_role_tb r on r.id = ur.role_id where u.username = ? order by r.role_code
[2026-09-16 09:23:43.855] [gas-forecast] [] [] [c.g.f.d.m.S.selectRoleCodesByUsername] [http-nio-8080-exec-4] [DEBUG] - ==> Parameters: admin(String)
[2026-09-16 09:23:43.856] [gas-forecast] [] [] [c.g.f.d.m.S.selectRoleCodesByUsername] [http-nio-8080-exec-4] [DEBUG] - <==      Total: 1
[2026-09-16 09:23:43.856] [gas-forecast] [] [] [c.g.f.d.m.S.selectByUsername] [http-nio-8080-exec-4] [DEBUG] - ==>  Preparing: select distinct p.* from sys_permission_tb p where p.status = 1 and ( exists ( select 1 from sys_user_tb u join sys_user_role_ref ur on ur.user_id = u.id join sys_role_permission_ref rp on rp.role_id = ur.role_id where rp.permission_id = p.id and u.username = ? and u.deleted = 0 ) or exists ( select 1 from sys_user_tb u join sys_user_department_ref ud on ud.user_id = u.id join sys_department_permission_ref dp on dp.department_id = ud.department_id where dp.permission_id = p.id and u.username = ? and u.deleted = 0 ) ) order by p.sort_no, p.id
[2026-09-16 09:23:43.856] [gas-forecast] [] [] [c.g.f.d.m.S.selectByUsername] [http-nio-8080-exec-4] [DEBUG] - ==> Parameters: admin(String), admin(String)
[2026-09-16 09:23:43.857] [gas-forecast] [] [] [c.g.f.d.m.S.selectByUsername] [http-nio-8080-exec-4] [DEBUG] - <==      Total: 50
[2026-09-16 09:23:43.883] [gas-forecast] [] [] [c.g.f.d.m.S.selectByUsername] [http-nio-8080-exec-5] [DEBUG] - ==>  Preparing: select distinct p.* from sys_permission_tb p where p.status = 1 and ( exists ( select 1 from sys_user_tb u join sys_user_role_ref ur on ur.user_id = u.id join sys_role_permission_ref rp on rp.role_id = ur.role_id where rp.permission_id = p.id and u.username = ? and u.deleted = 0 ) or exists ( select 1 from sys_user_tb u join sys_user_department_ref ud on ud.user_id = u.id join sys_department_permission_ref dp on dp.department_id = ud.department_id where dp.permission_id = p.id and u.username = ? and u.deleted = 0 ) ) order by p.sort_no, p.id
[2026-09-16 09:23:43.883] [gas-forecast] [] [] [c.g.f.d.m.S.selectByUsername] [http-nio-8080-exec-5] [DEBUG] - ==> Parameters: admin(String), admin(String)
[2026-09-16 09:23:43.885] [gas-forecast] [] [] [c.g.f.d.m.S.selectByUsername] [http-nio-8080-exec-5] [DEBUG] - <==      Total: 50
[2026-09-16 09:23:43.887] [gas-forecast] [] [] [c.g.f.d.m.D.selectList_mpCount] [http-nio-8080-exec-5] [DEBUG] - ==>  Preparing: SELECT COUNT(*) AS total FROM data_daily_sales_tb
[2026-09-16 09:23:43.887] [gas-forecast] [] [] [c.g.f.d.m.D.selectList_mpCount] [http-nio-8080-exec-5] [DEBUG] - ==> Parameters: 
[2026-09-16 09:23:43.890] [gas-forecast] [] [] [c.g.f.d.m.D.selectList_mpCount] [http-nio-8080-exec-5] [DEBUG] - <==      Total: 1
[2026-09-16 09:23:43.890] [gas-forecast] [] [] [c.g.f.d.m.D.selectList] [http-nio-8080-exec-5] [DEBUG] - ==>  Preparing: SELECT id,stat_date,region_name,industry_name,customer_name,customer_code,gas_sales,file_id,created_at,region_code,industry_code FROM data_daily_sales_tb ORDER BY stat_date DESC,id DESC LIMIT ?
[2026-09-16 09:23:43.890] [gas-forecast] [] [] [c.g.f.d.m.D.selectList] [http-nio-8080-exec-5] [DEBUG] - ==> Parameters: 10(Long)
[2026-09-16 09:23:43.920] [gas-forecast] [] [] [c.g.f.d.m.D.selectList] [http-nio-8080-exec-5] [DEBUG] - <==      Total: 10
[2026-09-16 09:30:13.323] [gas-forecast] [] [] [c.g.f.d.m.SysUserTbMapper.selectList] [http-nio-8080-exec-7] [DEBUG] - ==>  Preparing: SELECT id,username,real_name,password_hash,password_salt,avatar,email,phone,org_code,status,deleted,created_at,updated_at FROM sys_user_tb WHERE (username = ? AND deleted = ?)
[2026-09-16 09:30:13.323] [gas-forecast] [] [] [c.g.f.d.m.SysUserTbMapper.selectList] [http-nio-8080-exec-7] [DEBUG] - ==> Parameters: admin(String), 0(Integer)
[2026-09-16 09:30:13.329] [gas-forecast] [] [] [c.g.f.d.m.SysUserTbMapper.selectList] [http-nio-8080-exec-7] [DEBUG] - <==      Total: 1
[2026-09-16 09:30:13.329] [gas-forecast] [] [] [c.g.f.d.m.S.selectRoleCodesByUsername] [http-nio-8080-exec-7] [DEBUG] - ==>  Preparing: select r.role_code from sys_user_tb u join sys_user_role_ref ur on ur.user_id = u.id join sys_role_tb r on r.id = ur.role_id where u.username = ? order by r.role_code
[2026-09-16 09:30:13.330] [gas-forecast] [] [] [c.g.f.d.m.S.selectRoleCodesByUsername] [http-nio-8080-exec-7] [DEBUG] - ==> Parameters: admin(String)
[2026-09-16 09:30:13.331] [gas-forecast] [] [] [c.g.f.d.m.S.selectRoleCodesByUsername] [http-nio-8080-exec-7] [DEBUG] - <==      Total: 1
[2026-09-16 09:30:13.331] [gas-forecast] [] [] [c.g.f.d.m.S.selectByUsername] [http-nio-8080-exec-7] [DEBUG] - ==>  Preparing: select distinct p.* from sys_permission_tb p where p.status = 1 and ( exists ( select 1 from sys_user_tb u join sys_user_role_ref ur on ur.user_id = u.id join sys_role_permission_ref rp on rp.role_id = ur.role_id where rp.permission_id = p.id and u.username = ? and u.deleted = 0 ) or exists ( select 1 from sys_user_tb u join sys_user_department_ref ud on ud.user_id = u.id join sys_department_permission_ref dp on dp.department_id = ud.department_id where dp.permission_id = p.id and u.username = ? and u.deleted = 0 ) ) order by p.sort_no, p.id
[2026-09-16 09:30:13.332] [gas-forecast] [] [] [c.g.f.d.m.S.selectByUsername] [http-nio-8080-exec-7] [DEBUG] - ==> Parameters: admin(String), admin(String)
[2026-09-16 09:30:13.334] [gas-forecast] [] [] [c.g.f.d.m.S.selectByUsername] [http-nio-8080-exec-7] [DEBUG] - <==      Total: 50
[2026-09-16 09:30:13.338] [gas-forecast] [] [] [c.g.f.d.m.SysUserTbMapper.selectList] [http-nio-8080-exec-6] [DEBUG] - ==>  Preparing: SELECT id,username,real_name,password_hash,password_salt,avatar,email,phone,org_code,status,deleted,created_at,updated_at FROM sys_user_tb WHERE (username = ? AND deleted = ?)
[2026-09-16 09:30:13.338] [gas-forecast] [] [] [c.g.f.d.m.SysUserTbMapper.selectList] [http-nio-8080-exec-6] [DEBUG] - ==> Parameters: admin(String), 0(Integer)
[2026-09-16 09:30:13.339] [gas-forecast] [] [] [c.g.f.d.m.SysUserTbMapper.selectList] [http-nio-8080-exec-6] [DEBUG] - <==      Total: 1
[2026-09-16 09:30:13.339] [gas-forecast] [] [] [c.g.f.d.m.S.selectRoleCodesByUsername] [http-nio-8080-exec-6] [DEBUG] - ==>  Preparing: select r.role_code from sys_user_tb u join sys_user_role_ref ur on ur.user_id = u.id join sys_role_tb r on r.id = ur.role_id where u.username = ? order by r.role_code
[2026-09-16 09:30:13.339] [gas-forecast] [] [] [c.g.f.d.m.S.selectRoleCodesByUsername] [http-nio-8080-exec-6] [DEBUG] - ==> Parameters: admin(String)
[2026-09-16 09:30:13.339] [gas-forecast] [] [] [c.g.f.d.m.S.selectRoleCodesByUsername] [http-nio-8080-exec-6] [DEBUG] - <==      Total: 1
[2026-09-16 09:30:13.339] [gas-forecast] [] [] [c.g.f.d.m.S.selectByUsername] [http-nio-8080-exec-6] [DEBUG] - ==>  Preparing: select distinct p.* from sys_permission_tb p where p.status = 1 and ( exists ( select 1 from sys_user_tb u join sys_user_role_ref ur on ur.user_id = u.id join sys_role_permission_ref rp on rp.role_id = ur.role_id where rp.permission_id = p.id and u.username = ? and u.deleted = 0 ) or exists ( select 1 from sys_user_tb u join sys_user_department_ref ud on ud.user_id = u.id join sys_department_permission_ref dp on dp.department_id = ud.department_id where dp.permission_id = p.id and u.username = ? and u.deleted = 0 ) ) order by p.sort_no, p.id
[2026-09-16 09:30:13.339] [gas-forecast] [] [] [c.g.f.d.m.S.selectByUsername] [http-nio-8080-exec-6] [DEBUG] - ==> Parameters: admin(String), admin(String)
[2026-09-16 09:30:13.340] [gas-forecast] [] [] [c.g.f.d.m.S.selectByUsername] [http-nio-8080-exec-6] [DEBUG] - <==      Total: 50
[2026-09-16 09:30:13.371] [gas-forecast] [] [] [c.g.f.d.m.S.selectByUsername] [http-nio-8080-exec-8] [DEBUG] - ==>  Preparing: select distinct p.* from sys_permission_tb p where p.status = 1 and ( exists ( select 1 from sys_user_tb u join sys_user_role_ref ur on ur.user_id = u.id join sys_role_permission_ref rp on rp.role_id = ur.role_id where rp.permission_id = p.id and u.username = ? and u.deleted = 0 ) or exists ( select 1 from sys_user_tb u join sys_user_department_ref ud on ud.user_id = u.id join sys_department_permission_ref dp on dp.department_id = ud.department_id where dp.permission_id = p.id and u.username = ? and u.deleted = 0 ) ) order by p.sort_no, p.id
[2026-09-16 09:30:13.371] [gas-forecast] [] [] [c.g.f.d.m.S.selectByUsername] [http-nio-8080-exec-8] [DEBUG] - ==> Parameters: admin(String), admin(String)
[2026-09-16 09:30:13.372] [gas-forecast] [] [] [c.g.f.d.m.S.selectByUsername] [http-nio-8080-exec-8] [DEBUG] - <==      Total: 50
[2026-09-16 09:30:13.374] [gas-forecast] [] [] [c.g.f.d.m.D.selectList_mpCount] [http-nio-8080-exec-8] [DEBUG] - ==>  Preparing: SELECT COUNT(*) AS total FROM data_daily_sales_tb
[2026-09-16 09:30:13.374] [gas-forecast] [] [] [c.g.f.d.m.D.selectList_mpCount] [http-nio-8080-exec-8] [DEBUG] - ==> Parameters: 
[2026-09-16 09:30:13.378] [gas-forecast] [] [] [c.g.f.d.m.D.selectList_mpCount] [http-nio-8080-exec-8] [DEBUG] - <==      Total: 1
[2026-09-16 09:30:13.378] [gas-forecast] [] [] [c.g.f.d.m.D.selectList] [http-nio-8080-exec-8] [DEBUG] - ==>  Preparing: SELECT id,stat_date,region_name,industry_name,customer_name,customer_code,gas_sales,file_id,created_at,region_code,industry_code FROM data_daily_sales_tb ORDER BY stat_date DESC,id DESC LIMIT ?
[2026-09-16 09:30:13.378] [gas-forecast] [] [] [c.g.f.d.m.D.selectList] [http-nio-8080-exec-8] [DEBUG] - ==> Parameters: 10(Long)
[2026-09-16 09:30:13.407] [gas-forecast] [] [] [c.g.f.d.m.D.selectList] [http-nio-8080-exec-8] [DEBUG] - <==      Total: 10
[2026-09-16 10:27:32.376] [gas-forecast] [] [] [c.g.f.d.m.SysUserTbMapper.selectList] [http-nio-8080-exec-9] [DEBUG] - ==>  Preparing: SELECT id,username,real_name,password_hash,password_salt,avatar,email,phone,org_code,status,deleted,created_at,updated_at FROM sys_user_tb WHERE (username = ? AND deleted = ?)
[2026-09-16 10:27:32.377] [gas-forecast] [] [] [c.g.f.d.m.SysUserTbMapper.selectList] [http-nio-8080-exec-9] [DEBUG] - ==> Parameters: admin(String), 0(Integer)
[2026-09-16 10:27:32.382] [gas-forecast] [] [] [c.g.f.d.m.SysUserTbMapper.selectList] [http-nio-8080-exec-9] [DEBUG] - <==      Total: 1
[2026-09-16 10:27:32.383] [gas-forecast] [] [] [c.g.f.d.m.S.selectRoleCodesByUsername] [http-nio-8080-exec-9] [DEBUG] - ==>  Preparing: select r.role_code from sys_user_tb u join sys_user_role_ref ur on ur.user_id = u.id join sys_role_tb r on r.id = ur.role_id where u.username = ? order by r.role_code
[2026-09-16 10:27:32.383] [gas-forecast] [] [] [c.g.f.d.m.S.selectRoleCodesByUsername] [http-nio-8080-exec-9] [DEBUG] - ==> Parameters: admin(String)
[2026-09-16 10:27:32.385] [gas-forecast] [] [] [c.g.f.d.m.S.selectRoleCodesByUsername] [http-nio-8080-exec-9] [DEBUG] - <==      Total: 1
[2026-09-16 10:27:32.385] [gas-forecast] [] [] [c.g.f.d.m.S.selectByUsername] [http-nio-8080-exec-9] [DEBUG] - ==>  Preparing: select distinct p.* from sys_permission_tb p where p.status = 1 and ( exists ( select 1 from sys_user_tb u join sys_user_role_ref ur on ur.user_id = u.id join sys_role_permission_ref rp on rp.role_id = ur.role_id where rp.permission_id = p.id and u.username = ? and u.deleted = 0 ) or exists ( select 1 from sys_user_tb u join sys_user_department_ref ud on ud.user_id = u.id join sys_department_permission_ref dp on dp.department_id = ud.department_id where dp.permission_id = p.id and u.username = ? and u.deleted = 0 ) ) order by p.sort_no, p.id
[2026-09-16 10:27:32.385] [gas-forecast] [] [] [c.g.f.d.m.S.selectByUsername] [http-nio-8080-exec-9] [DEBUG] - ==> Parameters: admin(String), admin(String)
[2026-09-16 10:27:32.388] [gas-forecast] [] [] [c.g.f.d.m.S.selectByUsername] [http-nio-8080-exec-9] [DEBUG] - <==      Total: 50
[2026-09-16 10:27:32.391] [gas-forecast] [] [] [c.g.f.d.m.SysUserTbMapper.selectList] [http-nio-8080-exec-10] [DEBUG] - ==>  Preparing: SELECT id,username,real_name,password_hash,password_salt,avatar,email,phone,org_code,status,deleted,created_at,updated_at FROM sys_user_tb WHERE (username = ? AND deleted = ?)
[2026-09-16 10:27:32.392] [gas-forecast] [] [] [c.g.f.d.m.SysUserTbMapper.selectList] [http-nio-8080-exec-10] [DEBUG] - ==> Parameters: admin(String), 0(Integer)
[2026-09-16 10:27:32.392] [gas-forecast] [] [] [c.g.f.d.m.SysUserTbMapper.selectList] [http-nio-8080-exec-10] [DEBUG] - <==      Total: 1
[2026-09-16 10:27:32.392] [gas-forecast] [] [] [c.g.f.d.m.S.selectRoleCodesByUsername] [http-nio-8080-exec-10] [DEBUG] - ==>  Preparing: select r.role_code from sys_user_tb u join sys_user_role_ref ur on ur.user_id = u.id join sys_role_tb r on r.id = ur.role_id where u.username = ? order by r.role_code
[2026-09-16 10:27:32.392] [gas-forecast] [] [] [c.g.f.d.m.S.selectRoleCodesByUsername] [http-nio-8080-exec-10] [DEBUG] - ==> Parameters: admin(String)
[2026-09-16 10:27:32.393] [gas-forecast] [] [] [c.g.f.d.m.S.selectRoleCodesByUsername] [http-nio-8080-exec-10] [DEBUG] - <==      Total: 1
[2026-09-16 10:27:32.393] [gas-forecast] [] [] [c.g.f.d.m.S.selectByUsername] [http-nio-8080-exec-10] [DEBUG] - ==>  Preparing: select distinct p.* from sys_permission_tb p where p.status = 1 and ( exists ( select 1 from sys_user_tb u join sys_user_role_ref ur on ur.user_id = u.id join sys_role_permission_ref rp on rp.role_id = ur.role_id where rp.permission_id = p.id and u.username = ? and u.deleted = 0 ) or exists ( select 1 from sys_user_tb u join sys_user_department_ref ud on ud.user_id = u.id join sys_department_permission_ref dp on dp.department_id = ud.department_id where dp.permission_id = p.id and u.username = ? and u.deleted = 0 ) ) order by p.sort_no, p.id
[2026-09-16 10:27:32.393] [gas-forecast] [] [] [c.g.f.d.m.S.selectByUsername] [http-nio-8080-exec-10] [DEBUG] - ==> Parameters: admin(String), admin(String)
[2026-09-16 10:27:32.394] [gas-forecast] [] [] [c.g.f.d.m.S.selectByUsername] [http-nio-8080-exec-10] [DEBUG] - <==      Total: 50
[2026-09-16 10:27:32.421] [gas-forecast] [] [] [c.g.f.d.m.S.selectByUsername] [http-nio-8080-exec-1] [DEBUG] - ==>  Preparing: select distinct p.* from sys_permission_tb p where p.status = 1 and ( exists ( select 1 from sys_user_tb u join sys_user_role_ref ur on ur.user_id = u.id join sys_role_permission_ref rp on rp.role_id = ur.role_id where rp.permission_id = p.id and u.username = ? and u.deleted = 0 ) or exists ( select 1 from sys_user_tb u join sys_user_department_ref ud on ud.user_id = u.id join sys_department_permission_ref dp on dp.department_id = ud.department_id where dp.permission_id = p.id and u.username = ? and u.deleted = 0 ) ) order by p.sort_no, p.id
[2026-09-16 10:27:32.422] [gas-forecast] [] [] [c.g.f.d.m.S.selectByUsername] [http-nio-8080-exec-1] [DEBUG] - ==> Parameters: admin(String), admin(String)
[2026-09-16 10:27:32.423] [gas-forecast] [] [] [c.g.f.d.m.S.selectByUsername] [http-nio-8080-exec-1] [DEBUG] - <==      Total: 50
[2026-09-16 10:27:32.425] [gas-forecast] [] [] [c.g.f.d.m.D.selectList_mpCount] [http-nio-8080-exec-1] [DEBUG] - ==>  Preparing: SELECT COUNT(*) AS total FROM data_daily_sales_tb
[2026-09-16 10:27:32.425] [gas-forecast] [] [] [c.g.f.d.m.D.selectList_mpCount] [http-nio-8080-exec-1] [DEBUG] - ==> Parameters: 
[2026-09-16 10:27:32.429] [gas-forecast] [] [] [c.g.f.d.m.D.selectList_mpCount] [http-nio-8080-exec-1] [DEBUG] - <==      Total: 1
[2026-09-16 10:27:32.429] [gas-forecast] [] [] [c.g.f.d.m.D.selectList] [http-nio-8080-exec-1] [DEBUG] - ==>  Preparing: SELECT id,stat_date,region_name,industry_name,customer_name,customer_code,gas_sales,file_id,created_at,region_code,industry_code FROM data_daily_sales_tb ORDER BY stat_date DESC,id DESC LIMIT ?
[2026-09-16 10:27:32.429] [gas-forecast] [] [] [c.g.f.d.m.D.selectList] [http-nio-8080-exec-1] [DEBUG] - ==> Parameters: 10(Long)
[2026-09-16 10:27:32.458] [gas-forecast] [] [] [c.g.f.d.m.D.selectList] [http-nio-8080-exec-1] [DEBUG] - <==      Total: 10
[2026-09-16 17:29:27.219] [gas-forecast] [] [] [c.g.f.d.m.SysUserTbMapper.selectList] [http-nio-8080-exec-1] [DEBUG] - ==>  Preparing: SELECT id,username,real_name,password_hash,password_salt,avatar,email,phone,org_code,status,deleted,created_at,updated_at FROM sys_user_tb WHERE (username = ? AND deleted = ?)
[2026-09-16 17:29:27.229] [gas-forecast] [] [] [c.g.f.d.m.SysUserTbMapper.selectList] [http-nio-8080-exec-1] [DEBUG] - ==> Parameters: admin(String), 0(Integer)
[2026-09-16 17:29:27.241] [gas-forecast] [] [] [c.g.f.d.m.SysUserTbMapper.selectList] [http-nio-8080-exec-1] [DEBUG] - <==      Total: 1
[2026-09-16 17:29:27.243] [gas-forecast] [] [] [c.g.f.d.m.S.selectRoleCodesByUsername] [http-nio-8080-exec-1] [DEBUG] - ==>  Preparing: select r.role_code from sys_user_tb u join sys_user_role_ref ur on ur.user_id = u.id join sys_role_tb r on r.id = ur.role_id where u.username = ? order by r.role_code
[2026-09-16 17:29:27.243] [gas-forecast] [] [] [c.g.f.d.m.S.selectRoleCodesByUsername] [http-nio-8080-exec-1] [DEBUG] - ==> Parameters: admin(String)
[2026-09-16 17:29:27.245] [gas-forecast] [] [] [c.g.f.d.m.S.selectRoleCodesByUsername] [http-nio-8080-exec-1] [DEBUG] - <==      Total: 1
[2026-09-16 17:29:27.245] [gas-forecast] [] [] [c.g.f.d.m.S.selectByUsername] [http-nio-8080-exec-1] [DEBUG] - ==>  Preparing: select distinct p.* from sys_permission_tb p where p.status = 1 and ( exists ( select 1 from sys_user_tb u join sys_user_role_ref ur on ur.user_id = u.id join sys_role_permission_ref rp on rp.role_id = ur.role_id where rp.permission_id = p.id and u.username = ? and u.deleted = 0 ) or exists ( select 1 from sys_user_tb u join sys_user_department_ref ud on ud.user_id = u.id join sys_department_permission_ref dp on dp.department_id = ud.department_id where dp.permission_id = p.id and u.username = ? and u.deleted = 0 ) ) order by p.sort_no, p.id
[2026-09-16 17:29:27.245] [gas-forecast] [] [] [c.g.f.d.m.S.selectByUsername] [http-nio-8080-exec-1] [DEBUG] - ==> Parameters: admin(String), admin(String)
[2026-09-16 17:29:27.251] [gas-forecast] [] [] [c.g.f.d.m.S.selectByUsername] [http-nio-8080-exec-1] [DEBUG] - <==      Total: 55
[2026-09-16 17:29:36.977] [gas-forecast] [] [] [c.g.f.d.m.SysUserTbMapper.selectList] [http-nio-8080-exec-5] [DEBUG] - ==>  Preparing: SELECT id,username,real_name,password_hash,password_salt,avatar,email,phone,org_code,status,deleted,created_at,updated_at FROM sys_user_tb WHERE (username = ? AND deleted = ?)
[2026-09-16 17:29:36.978] [gas-forecast] [] [] [c.g.f.d.m.SysUserTbMapper.selectList] [http-nio-8080-exec-5] [DEBUG] - ==> Parameters: admin(String), 0(Integer)
[2026-09-16 17:29:36.979] [gas-forecast] [] [] [c.g.f.d.m.SysUserTbMapper.selectList] [http-nio-8080-exec-5] [DEBUG] - <==      Total: 1
[2026-09-16 17:29:36.982] [gas-forecast] [] [] [c.g.f.d.m.S.selectRoleCodesByUsername] [http-nio-8080-exec-5] [DEBUG] - ==>  Preparing: select r.role_code from sys_user_tb u join sys_user_role_ref ur on ur.user_id = u.id join sys_role_tb r on r.id = ur.role_id where u.username = ? order by r.role_code
[2026-09-16 17:29:36.982] [gas-forecast] [] [] [c.g.f.d.m.S.selectRoleCodesByUsername] [http-nio-8080-exec-5] [DEBUG] - ==> Parameters: admin(String)
[2026-09-16 17:29:36.983] [gas-forecast] [] [] [c.g.f.d.m.S.selectRoleCodesByUsername] [http-nio-8080-exec-5] [DEBUG] - <==      Total: 1
[2026-09-16 17:29:36.983] [gas-forecast] [] [] [c.g.f.d.m.S.selectByUsername] [http-nio-8080-exec-5] [DEBUG] - ==>  Preparing: select distinct p.* from sys_permission_tb p where p.status = 1 and ( exists ( select 1 from sys_user_tb u join sys_user_role_ref ur on ur.user_id = u.id join sys_role_permission_ref rp on rp.role_id = ur.role_id where rp.permission_id = p.id and u.username = ? and u.deleted = 0 ) or exists ( select 1 from sys_user_tb u join sys_user_department_ref ud on ud.user_id = u.id join sys_department_permission_ref dp on dp.department_id = ud.department_id where dp.permission_id = p.id and u.username = ? and u.deleted = 0 ) ) order by p.sort_no, p.id
[2026-09-16 17:29:36.983] [gas-forecast] [] [] [c.g.f.d.m.S.selectByUsername] [http-nio-8080-exec-5] [DEBUG] - ==> Parameters: admin(String), admin(String)
[2026-09-16 17:29:36.987] [gas-forecast] [] [] [c.g.f.d.m.S.selectByUsername] [http-nio-8080-exec-5] [DEBUG] - <==      Total: 55
[2026-09-16 17:30:55.341] [gas-forecast] [] [] [c.g.f.d.m.SysUserTbMapper.selectList] [http-nio-8080-exec-6] [DEBUG] - ==>  Preparing: SELECT id,username,real_name,password_hash,password_salt,avatar,email,phone,org_code,status,deleted,created_at,updated_at FROM sys_user_tb WHERE (username = ? AND deleted = ?)
[2026-09-16 17:30:55.342] [gas-forecast] [] [] [c.g.f.d.m.SysUserTbMapper.selectList] [http-nio-8080-exec-6] [DEBUG] - ==> Parameters: admin(String), 0(Integer)
[2026-09-16 17:30:55.348] [gas-forecast] [] [] [c.g.f.d.m.SysUserTbMapper.selectList] [http-nio-8080-exec-6] [DEBUG] - <==      Total: 1
[2026-09-16 17:30:55.349] [gas-forecast] [] [] [c.g.f.d.m.S.selectRoleCodesByUsername] [http-nio-8080-exec-6] [DEBUG] - ==>  Preparing: select r.role_code from sys_user_tb u join sys_user_role_ref ur on ur.user_id = u.id join sys_role_tb r on r.id = ur.role_id where u.username = ? order by r.role_code
[2026-09-16 17:30:55.350] [gas-forecast] [] [] [c.g.f.d.m.S.selectRoleCodesByUsername] [http-nio-8080-exec-6] [DEBUG] - ==> Parameters: admin(String)
[2026-09-16 17:30:55.351] [gas-forecast] [] [] [c.g.f.d.m.S.selectRoleCodesByUsername] [http-nio-8080-exec-6] [DEBUG] - <==      Total: 1
[2026-09-16 17:30:55.352] [gas-forecast] [] [] [c.g.f.d.m.S.selectByUsername] [http-nio-8080-exec-6] [DEBUG] - ==>  Preparing: select distinct p.* from sys_permission_tb p where p.status = 1 and ( exists ( select 1 from sys_user_tb u join sys_user_role_ref ur on ur.user_id = u.id join sys_role_permission_ref rp on rp.role_id = ur.role_id where rp.permission_id = p.id and u.username = ? and u.deleted = 0 ) or exists ( select 1 from sys_user_tb u join sys_user_department_ref ud on ud.user_id = u.id join sys_department_permission_ref dp on dp.department_id = ud.department_id where dp.permission_id = p.id and u.username = ? and u.deleted = 0 ) ) order by p.sort_no, p.id
[2026-09-16 17:30:55.352] [gas-forecast] [] [] [c.g.f.d.m.S.selectByUsername] [http-nio-8080-exec-6] [DEBUG] - ==> Parameters: admin(String), admin(String)
[2026-09-16 17:30:55.359] [gas-forecast] [] [] [c.g.f.d.m.S.selectByUsername] [http-nio-8080-exec-6] [DEBUG] - <==      Total: 55
[2026-09-16 17:30:55.523] [gas-forecast] [] [] [c.g.f.d.m.M.selectList_mpCount] [http-nio-8080-exec-7] [DEBUG] - ==>  Preparing: SELECT COUNT(*) AS total FROM model_config_tb
[2026-09-16 17:30:55.523] [gas-forecast] [] [] [c.g.f.d.m.M.selectList_mpCount] [http-nio-8080-exec-7] [DEBUG] - ==> Parameters: 
[2026-09-16 17:30:55.525] [gas-forecast] [] [] [c.g.f.d.m.M.selectList_mpCount] [http-nio-8080-exec-7] [DEBUG] - <==      Total: 1
[2026-09-16 17:31:18.758] [gas-forecast] [] [] [c.g.f.d.m.SysUserTbMapper.selectList] [http-nio-8080-exec-8] [DEBUG] - ==>  Preparing: SELECT id,username,real_name,password_hash,password_salt,avatar,email,phone,org_code,status,deleted,created_at,updated_at FROM sys_user_tb WHERE (username = ? AND deleted = ?)
[2026-09-16 17:31:18.759] [gas-forecast] [] [] [c.g.f.d.m.SysUserTbMapper.selectList] [http-nio-8080-exec-8] [DEBUG] - ==> Parameters: admin(String), 0(Integer)
[2026-09-16 17:31:18.760] [gas-forecast] [] [] [c.g.f.d.m.SysUserTbMapper.selectList] [http-nio-8080-exec-8] [DEBUG] - <==      Total: 1
[2026-09-16 17:31:18.761] [gas-forecast] [] [] [c.g.f.d.m.S.selectRoleCodesByUsername] [http-nio-8080-exec-8] [DEBUG] - ==>  Preparing: select r.role_code from sys_user_tb u join sys_user_role_ref ur on ur.user_id = u.id join sys_role_tb r on r.id = ur.role_id where u.username = ? order by r.role_code
[2026-09-16 17:31:18.761] [gas-forecast] [] [] [c.g.f.d.m.S.selectRoleCodesByUsername] [http-nio-8080-exec-8] [DEBUG] - ==> Parameters: admin(String)
[2026-09-16 17:31:18.762] [gas-forecast] [] [] [c.g.f.d.m.S.selectRoleCodesByUsername] [http-nio-8080-exec-8] [DEBUG] - <==      Total: 1
[2026-09-16 17:31:18.763] [gas-forecast] [] [] [c.g.f.d.m.S.selectByUsername] [http-nio-8080-exec-8] [DEBUG] - ==>  Preparing: select distinct p.* from sys_permission_tb p where p.status = 1 and ( exists ( select 1 from sys_user_tb u join sys_user_role_ref ur on ur.user_id = u.id join sys_role_permission_ref rp on rp.role_id = ur.role_id where rp.permission_id = p.id and u.username = ? and u.deleted = 0 ) or exists ( select 1 from sys_user_tb u join sys_user_department_ref ud on ud.user_id = u.id join sys_department_permission_ref dp on dp.department_id = ud.department_id where dp.permission_id = p.id and u.username = ? and u.deleted = 0 ) ) order by p.sort_no, p.id
[2026-09-16 17:31:18.763] [gas-forecast] [] [] [c.g.f.d.m.S.selectByUsername] [http-nio-8080-exec-8] [DEBUG] - ==> Parameters: admin(String), admin(String)
[2026-09-16 17:31:18.768] [gas-forecast] [] [] [c.g.f.d.m.S.selectByUsername] [http-nio-8080-exec-8] [DEBUG] - <==      Total: 55
[2026-09-16 17:31:18.808] [gas-forecast] [] [] [c.g.f.d.m.S.selectByUsername] [http-nio-8080-exec-9] [DEBUG] - ==>  Preparing: select distinct p.* from sys_permission_tb p where p.status = 1 and ( exists ( select 1 from sys_user_tb u join sys_user_role_ref ur on ur.user_id = u.id join sys_role_permission_ref rp on rp.role_id = ur.role_id where rp.permission_id = p.id and u.username = ? and u.deleted = 0 ) or exists ( select 1 from sys_user_tb u join sys_user_department_ref ud on ud.user_id = u.id join sys_department_permission_ref dp on dp.department_id = ud.department_id where dp.permission_id = p.id and u.username = ? and u.deleted = 0 ) ) order by p.sort_no, p.id
[2026-09-16 17:31:18.809] [gas-forecast] [] [] [c.g.f.d.m.S.selectByUsername] [http-nio-8080-exec-9] [DEBUG] - ==> Parameters: admin(String), admin(String)
[2026-09-16 17:31:18.813] [gas-forecast] [] [] [c.g.f.d.m.S.selectByUsername] [http-nio-8080-exec-9] [DEBUG] - <==      Total: 55
[2026-09-16 17:31:18.823] [gas-forecast] [] [] [c.g.f.d.m.D.selectList_mpCount] [http-nio-8080-exec-9] [DEBUG] - ==>  Preparing: SELECT COUNT(*) AS total FROM data_daily_sales_tb
[2026-09-16 17:31:18.824] [gas-forecast] [] [] [c.g.f.d.m.D.selectList_mpCount] [http-nio-8080-exec-9] [DEBUG] - ==> Parameters: 
[2026-09-16 17:31:18.830] [gas-forecast] [] [] [c.g.f.d.m.D.selectList_mpCount] [http-nio-8080-exec-9] [DEBUG] - <==      Total: 1
[2026-09-16 17:31:18.833] [gas-forecast] [] [] [c.g.f.d.m.D.selectList] [http-nio-8080-exec-9] [DEBUG] - ==>  Preparing: SELECT id,stat_date,region_name,industry_name,customer_name,customer_code,gas_sales,file_id,created_at,region_code,industry_code FROM data_daily_sales_tb ORDER BY stat_date DESC,id DESC LIMIT ?
[2026-09-16 17:31:18.834] [gas-forecast] [] [] [c.g.f.d.m.D.selectList] [http-nio-8080-exec-9] [DEBUG] - ==> Parameters: 10(Long)
[2026-09-16 17:31:18.854] [gas-forecast] [] [] [c.g.f.d.m.D.selectList] [http-nio-8080-exec-9] [DEBUG] - <==      Total: 10
[2026-09-16 17:37:12.009] [gas-forecast] [] [] [c.g.f.d.m.M.selectList_mpCount] [http-nio-8080-exec-2] [DEBUG] - ==>  Preparing: SELECT COUNT(*) AS total FROM model_config_tb
[2026-09-16 17:37:12.009] [gas-forecast] [] [] [c.g.f.d.m.SysUserTbMapper.selectList] [http-nio-8080-exec-1] [DEBUG] - ==>  Preparing: SELECT id,username,real_name,password_hash,password_salt,avatar,email,phone,org_code,status,deleted,created_at,updated_at FROM sys_user_tb WHERE (username = ? AND deleted = ?)
[2026-09-16 17:37:12.022] [gas-forecast] [] [] [c.g.f.d.m.M.selectList_mpCount] [http-nio-8080-exec-2] [DEBUG] - ==> Parameters: 
[2026-09-16 17:37:12.023] [gas-forecast] [] [] [c.g.f.d.m.SysUserTbMapper.selectList] [http-nio-8080-exec-1] [DEBUG] - ==> Parameters: admin(String), 0(Integer)
[2026-09-16 17:37:12.037] [gas-forecast] [] [] [c.g.f.d.m.M.selectList_mpCount] [http-nio-8080-exec-2] [DEBUG] - <==      Total: 1
[2026-09-16 17:37:12.038] [gas-forecast] [] [] [c.g.f.d.m.SysUserTbMapper.selectList] [http-nio-8080-exec-1] [DEBUG] - <==      Total: 1
[2026-09-16 17:37:12.040] [gas-forecast] [] [] [c.g.f.d.m.S.selectRoleCodesByUsername] [http-nio-8080-exec-1] [DEBUG] - ==>  Preparing: select r.role_code from sys_user_tb u join sys_user_role_ref ur on ur.user_id = u.id join sys_role_tb r on r.id = ur.role_id where u.username = ? order by r.role_code
[2026-09-16 17:37:12.041] [gas-forecast] [] [] [c.g.f.d.m.S.selectRoleCodesByUsername] [http-nio-8080-exec-1] [DEBUG] - ==> Parameters: admin(String)
[2026-09-16 17:37:12.042] [gas-forecast] [] [] [c.g.f.d.m.S.selectRoleCodesByUsername] [http-nio-8080-exec-1] [DEBUG] - <==      Total: 1
[2026-09-16 17:37:12.043] [gas-forecast] [] [] [c.g.f.d.m.S.selectByUsername] [http-nio-8080-exec-1] [DEBUG] - ==>  Preparing: select distinct p.* from sys_permission_tb p where p.status = 1 and ( exists ( select 1 from sys_user_tb u join sys_user_role_ref ur on ur.user_id = u.id join sys_role_permission_ref rp on rp.role_id = ur.role_id where rp.permission_id = p.id and u.username = ? and u.deleted = 0 ) or exists ( select 1 from sys_user_tb u join sys_user_department_ref ud on ud.user_id = u.id join sys_department_permission_ref dp on dp.department_id = ud.department_id where dp.permission_id = p.id and u.username = ? and u.deleted = 0 ) ) order by p.sort_no, p.id
[2026-09-16 17:37:12.043] [gas-forecast] [] [] [c.g.f.d.m.S.selectByUsername] [http-nio-8080-exec-1] [DEBUG] - ==> Parameters: admin(String), admin(String)
[2026-09-16 17:37:12.051] [gas-forecast] [] [] [c.g.f.d.m.S.selectByUsername] [http-nio-8080-exec-1] [DEBUG] - <==      Total: 55
[2026-09-16 17:37:12.496] [gas-forecast] [] [] [c.g.f.d.m.M.selectList_mpCount] [http-nio-8080-exec-3] [DEBUG] - ==>  Preparing: SELECT COUNT(*) AS total FROM model_config_tb
[2026-09-16 17:37:12.497] [gas-forecast] [] [] [c.g.f.d.m.M.selectList_mpCount] [http-nio-8080-exec-3] [DEBUG] - ==> Parameters: 
[2026-09-16 17:37:12.498] [gas-forecast] [] [] [c.g.f.d.m.M.selectList_mpCount] [http-nio-8080-exec-3] [DEBUG] - <==      Total: 1
[2026-09-16 17:37:13.556] [gas-forecast] [] [] [c.g.f.d.m.M.selectList_mpCount] [http-nio-8080-exec-5] [DEBUG] - ==>  Preparing: SELECT COUNT(*) AS total FROM model_config_tb
[2026-09-16 17:37:13.556] [gas-forecast] [] [] [c.g.f.d.m.M.selectList_mpCount] [http-nio-8080-exec-5] [DEBUG] - ==> Parameters: 
[2026-09-16 17:37:13.556] [gas-forecast] [] [] [c.g.f.d.m.M.selectList_mpCount] [http-nio-8080-exec-5] [DEBUG] - <==      Total: 1
[2026-09-16 17:37:13.982] [gas-forecast] [] [] [c.g.f.d.m.M.selectList_mpCount] [http-nio-8080-exec-4] [DEBUG] - ==>  Preparing: SELECT COUNT(*) AS total FROM model_config_tb
[2026-09-16 17:37:13.983] [gas-forecast] [] [] [c.g.f.d.m.M.selectList_mpCount] [http-nio-8080-exec-4] [DEBUG] - ==> Parameters: 
[2026-09-16 17:37:13.983] [gas-forecast] [] [] [c.g.f.d.m.M.selectList_mpCount] [http-nio-8080-exec-4] [DEBUG] - <==      Total: 1
[2026-09-16 17:37:14.253] [gas-forecast] [] [] [c.g.f.d.m.M.selectList_mpCount] [http-nio-8080-exec-6] [DEBUG] - ==>  Preparing: SELECT COUNT(*) AS total FROM model_config_tb
[2026-09-16 17:37:14.254] [gas-forecast] [] [] [c.g.f.d.m.M.selectList_mpCount] [http-nio-8080-exec-6] [DEBUG] - ==> Parameters: 
[2026-09-16 17:37:14.255] [gas-forecast] [] [] [c.g.f.d.m.M.selectList_mpCount] [http-nio-8080-exec-6] [DEBUG] - <==      Total: 1
[2026-09-16 17:37:14.467] [gas-forecast] [] [] [c.g.f.d.m.M.selectList_mpCount] [http-nio-8080-exec-7] [DEBUG] - ==>  Preparing: SELECT COUNT(*) AS total FROM model_config_tb
[2026-09-16 17:37:14.467] [gas-forecast] [] [] [c.g.f.d.m.M.selectList_mpCount] [http-nio-8080-exec-7] [DEBUG] - ==> Parameters: 
[2026-09-16 17:37:14.468] [gas-forecast] [] [] [c.g.f.d.m.M.selectList_mpCount] [http-nio-8080-exec-7] [DEBUG] - <==      Total: 1
[2026-09-16 17:49:41.622] [gas-forecast] [] [] [c.g.f.d.m.S.selectByUsername] [http-nio-8080-exec-2] [DEBUG] - ==>  Preparing: select distinct p.* from sys_permission_tb p where p.status = 1 and ( exists ( select 1 from sys_user_tb u join sys_user_role_ref ur on ur.user_id = u.id join sys_role_permission_ref rp on rp.role_id = ur.role_id where rp.permission_id = p.id and u.username = ? and u.deleted = 0 ) or exists ( select 1 from sys_user_tb u join sys_user_department_ref ud on ud.user_id = u.id join sys_department_permission_ref dp on dp.department_id = ud.department_id where dp.permission_id = p.id and u.username = ? and u.deleted = 0 ) ) order by p.sort_no, p.id
[2026-09-16 17:49:41.622] [gas-forecast] [] [] [c.g.f.d.m.M.selectList_mpCount] [http-nio-8080-exec-5] [DEBUG] - ==>  Preparing: SELECT COUNT(*) AS total FROM model_config_tb
[2026-09-16 17:49:41.634] [gas-forecast] [] [] [c.g.f.d.m.M.selectList_mpCount] [http-nio-8080-exec-5] [DEBUG] - ==> Parameters: 
[2026-09-16 17:49:41.635] [gas-forecast] [] [] [c.g.f.d.m.S.selectByUsername] [http-nio-8080-exec-2] [DEBUG] - ==> Parameters: admin(String), admin(String)
[2026-09-16 17:49:41.639] [gas-forecast] [] [] [c.g.f.d.m.S.selectByUsername] [http-nio-8080-exec-4] [DEBUG] - ==>  Preparing: select distinct p.* from sys_permission_tb p where p.status = 1 and ( exists ( select 1 from sys_user_tb u join sys_user_role_ref ur on ur.user_id = u.id join sys_role_permission_ref rp on rp.role_id = ur.role_id where rp.permission_id = p.id and u.username = ? and u.deleted = 0 ) or exists ( select 1 from sys_user_tb u join sys_user_department_ref ud on ud.user_id = u.id join sys_department_permission_ref dp on dp.department_id = ud.department_id where dp.permission_id = p.id and u.username = ? and u.deleted = 0 ) ) order by p.sort_no, p.id
[2026-09-16 17:49:41.639] [gas-forecast] [] [] [c.g.f.d.m.S.selectByUsername] [http-nio-8080-exec-4] [DEBUG] - ==> Parameters: admin(String), admin(String)
[2026-09-16 17:49:41.648] [gas-forecast] [] [] [c.g.f.d.m.M.selectList_mpCount] [http-nio-8080-exec-5] [DEBUG] - <==      Total: 1
[2026-09-16 17:49:41.651] [gas-forecast] [] [] [c.g.f.d.m.SysUserTbMapper.selectList] [http-nio-8080-exec-1] [DEBUG] - ==>  Preparing: SELECT id,username,real_name,password_hash,password_salt,avatar,email,phone,org_code,status,deleted,created_at,updated_at FROM sys_user_tb WHERE (username = ? AND deleted = ?)
[2026-09-16 17:49:41.652] [gas-forecast] [] [] [c.g.f.d.m.S.selectByUsername] [http-nio-8080-exec-3] [DEBUG] - ==>  Preparing: select distinct p.* from sys_permission_tb p where p.status = 1 and ( exists ( select 1 from sys_user_tb u join sys_user_role_ref ur on ur.user_id = u.id join sys_role_permission_ref rp on rp.role_id = ur.role_id where rp.permission_id = p.id and u.username = ? and u.deleted = 0 ) or exists ( select 1 from sys_user_tb u join sys_user_department_ref ud on ud.user_id = u.id join sys_department_permission_ref dp on dp.department_id = ud.department_id where dp.permission_id = p.id and u.username = ? and u.deleted = 0 ) ) order by p.sort_no, p.id
[2026-09-16 17:49:41.652] [gas-forecast] [] [] [c.g.f.d.m.S.selectByUsername] [http-nio-8080-exec-3] [DEBUG] - ==> Parameters: admin(String), admin(String)
[2026-09-16 17:49:41.652] [gas-forecast] [] [] [c.g.f.d.m.SysUserTbMapper.selectList] [http-nio-8080-exec-1] [DEBUG] - ==> Parameters: admin(String), 0(Integer)
[2026-09-16 17:49:41.654] [gas-forecast] [] [] [c.g.f.d.m.SysUserTbMapper.selectList] [http-nio-8080-exec-1] [DEBUG] - <==      Total: 1
[2026-09-16 17:49:41.655] [gas-forecast] [] [] [c.g.f.d.m.S.selectRoleCodesByUsername] [http-nio-8080-exec-1] [DEBUG] - ==>  Preparing: select r.role_code from sys_user_tb u join sys_user_role_ref ur on ur.user_id = u.id join sys_role_tb r on r.id = ur.role_id where u.username = ? order by r.role_code
[2026-09-16 17:49:41.655] [gas-forecast] [] [] [c.g.f.d.m.S.selectRoleCodesByUsername] [http-nio-8080-exec-1] [DEBUG] - ==> Parameters: admin(String)
[2026-09-16 17:49:41.656] [gas-forecast] [] [] [c.g.f.d.m.S.selectByUsername] [http-nio-8080-exec-4] [DEBUG] - <==      Total: 55
[2026-09-16 17:49:41.656] [gas-forecast] [] [] [c.g.f.d.m.S.selectRoleCodesByUsername] [http-nio-8080-exec-1] [DEBUG] - <==      Total: 1
[2026-09-16 17:49:41.656] [gas-forecast] [] [] [c.g.f.d.m.S.selectByUsername] [http-nio-8080-exec-1] [DEBUG] - ==>  Preparing: select distinct p.* from sys_permission_tb p where p.status = 1 and ( exists ( select 1 from sys_user_tb u join sys_user_role_ref ur on ur.user_id = u.id join sys_role_permission_ref rp on rp.role_id = ur.role_id where rp.permission_id = p.id and u.username = ? and u.deleted = 0 ) or exists ( select 1 from sys_user_tb u join sys_user_department_ref ud on ud.user_id = u.id join sys_department_permission_ref dp on dp.department_id = ud.department_id where dp.permission_id = p.id and u.username = ? and u.deleted = 0 ) ) order by p.sort_no, p.id
[2026-09-16 17:49:41.656] [gas-forecast] [] [] [c.g.f.d.m.S.selectByUsername] [http-nio-8080-exec-2] [DEBUG] - <==      Total: 55
[2026-09-16 17:49:41.656] [gas-forecast] [] [] [c.g.f.d.m.S.selectByUsername] [http-nio-8080-exec-1] [DEBUG] - ==> Parameters: admin(String), admin(String)
[2026-09-16 17:49:41.658] [gas-forecast] [] [] [c.g.f.d.m.S.selectByUsername] [http-nio-8080-exec-3] [DEBUG] - <==      Total: 55
[2026-09-16 17:49:41.661] [gas-forecast] [] [] [c.g.f.d.m.S.selectByUsername] [http-nio-8080-exec-1] [DEBUG] - <==      Total: 55
[2026-09-16 17:49:41.664] [gas-forecast] [] [] [c.g.f.d.m.B.selectList_mpCount] [http-nio-8080-exec-2] [DEBUG] - ==>  Preparing: SELECT COUNT(*) AS total FROM base_region_tb
[2026-09-16 17:49:41.664] [gas-forecast] [] [] [c.g.f.d.m.B.selectList_mpCount] [http-nio-8080-exec-4] [DEBUG] - ==>  Preparing: SELECT COUNT(*) AS total FROM base_customer_tb
[2026-09-16 17:49:41.664] [gas-forecast] [] [] [c.g.f.d.m.B.selectList_mpCount] [http-nio-8080-exec-2] [DEBUG] - ==> Parameters: 
[2026-09-16 17:49:41.664] [gas-forecast] [] [] [c.g.f.d.m.B.selectList_mpCount] [http-nio-8080-exec-4] [DEBUG] - ==> Parameters: 
[2026-09-16 17:49:41.665] [gas-forecast] [] [] [c.g.f.d.m.B.selectList_mpCount] [http-nio-8080-exec-3] [DEBUG] - ==>  Preparing: SELECT COUNT(*) AS total FROM base_industry_tb
[2026-09-16 17:49:41.665] [gas-forecast] [] [] [c.g.f.d.m.B.selectList_mpCount] [http-nio-8080-exec-3] [DEBUG] - ==> Parameters: 
[2026-09-16 17:49:41.667] [gas-forecast] [] [] [c.g.f.d.m.B.selectList_mpCount] [http-nio-8080-exec-4] [DEBUG] - <==      Total: 1
[2026-09-16 17:49:41.667] [gas-forecast] [] [] [c.g.f.d.m.B.selectList_mpCount] [http-nio-8080-exec-2] [DEBUG] - <==      Total: 1
[2026-09-16 17:49:41.668] [gas-forecast] [] [] [c.g.f.d.m.B.selectList_mpCount] [http-nio-8080-exec-3] [DEBUG] - <==      Total: 1
[2026-09-16 17:49:41.669] [gas-forecast] [] [] [c.g.f.d.m.B.selectList] [http-nio-8080-exec-4] [DEBUG] - ==>  Preparing: SELECT id,customer_code,customer_name,industry_code,industry_name,region_code,region_name,created_at,updated_at,created_by,created_by_name,updated_by,updated_by_name,raw_region_name,raw_industry_name FROM base_customer_tb ORDER BY updated_at DESC,id DESC LIMIT ?
[2026-09-16 17:49:41.670] [gas-forecast] [] [] [c.g.f.d.m.B.selectList] [http-nio-8080-exec-2] [DEBUG] - ==>  Preparing: SELECT id,region_code,region_name,remark,created_by,created_at,updated_by,updated_at,updated_by_name,created_by_name FROM base_region_tb ORDER BY updated_at DESC,id DESC LIMIT ?
[2026-09-16 17:49:41.669] [gas-forecast] [] [] [c.g.f.d.m.B.selectList] [http-nio-8080-exec-3] [DEBUG] - ==>  Preparing: SELECT id,industry_code,industry_name,created_at,updated_at,created_by,created_by_name,updated_by,updated_by_name FROM base_industry_tb ORDER BY updated_at DESC,id DESC LIMIT ?
[2026-09-16 17:49:41.670] [gas-forecast] [] [] [c.g.f.d.m.B.selectList] [http-nio-8080-exec-3] [DEBUG] - ==> Parameters: 200(Long)
[2026-09-16 17:49:41.670] [gas-forecast] [] [] [c.g.f.d.m.B.selectList] [http-nio-8080-exec-4] [DEBUG] - ==> Parameters: 200(Long)
[2026-09-16 17:49:41.670] [gas-forecast] [] [] [c.g.f.d.m.B.selectList] [http-nio-8080-exec-2] [DEBUG] - ==> Parameters: 200(Long)
[2026-09-16 17:49:41.672] [gas-forecast] [] [] [c.g.f.d.m.B.selectList] [http-nio-8080-exec-2] [DEBUG] - <==      Total: 11
[2026-09-16 17:49:41.672] [gas-forecast] [] [] [c.g.f.d.m.B.selectList] [http-nio-8080-exec-3] [DEBUG] - <==      Total: 3
[2026-09-16 17:49:41.673] [gas-forecast] [] [] [c.g.f.d.m.B.selectList] [http-nio-8080-exec-4] [DEBUG] - <==      Total: 21
[2026-09-16 17:49:42.204] [gas-forecast] [] [] [c.g.f.d.m.SysUserTbMapper.selectList] [http-nio-8080-exec-6] [DEBUG] - ==>  Preparing: SELECT id,username,real_name,password_hash,password_salt,avatar,email,phone,org_code,status,deleted,created_at,updated_at FROM sys_user_tb WHERE (username = ? AND deleted = ?)
[2026-09-16 17:49:42.204] [gas-forecast] [] [] [c.g.f.d.m.SysUserTbMapper.selectList] [http-nio-8080-exec-6] [DEBUG] - ==> Parameters: admin(String), 0(Integer)
[2026-09-16 17:49:42.206] [gas-forecast] [] [] [c.g.f.d.m.SysUserTbMapper.selectList] [http-nio-8080-exec-6] [DEBUG] - <==      Total: 1
[2026-09-16 17:49:42.206] [gas-forecast] [] [] [c.g.f.d.m.S.selectRoleCodesByUsername] [http-nio-8080-exec-6] [DEBUG] - ==>  Preparing: select r.role_code from sys_user_tb u join sys_user_role_ref ur on ur.user_id = u.id join sys_role_tb r on r.id = ur.role_id where u.username = ? order by r.role_code
[2026-09-16 17:49:42.206] [gas-forecast] [] [] [c.g.f.d.m.S.selectRoleCodesByUsername] [http-nio-8080-exec-6] [DEBUG] - ==> Parameters: admin(String)
[2026-09-16 17:49:42.208] [gas-forecast] [] [] [c.g.f.d.m.S.selectRoleCodesByUsername] [http-nio-8080-exec-6] [DEBUG] - <==      Total: 1
[2026-09-16 17:49:42.208] [gas-forecast] [] [] [c.g.f.d.m.S.selectByUsername] [http-nio-8080-exec-6] [DEBUG] - ==>  Preparing: select distinct p.* from sys_permission_tb p where p.status = 1 and ( exists ( select 1 from sys_user_tb u join sys_user_role_ref ur on ur.user_id = u.id join sys_role_permission_ref rp on rp.role_id = ur.role_id where rp.permission_id = p.id and u.username = ? and u.deleted = 0 ) or exists ( select 1 from sys_user_tb u join sys_user_department_ref ud on ud.user_id = u.id join sys_department_permission_ref dp on dp.department_id = ud.department_id where dp.permission_id = p.id and u.username = ? and u.deleted = 0 ) ) order by p.sort_no, p.id
[2026-09-16 17:49:42.209] [gas-forecast] [] [] [c.g.f.d.m.S.selectByUsername] [http-nio-8080-exec-6] [DEBUG] - ==> Parameters: admin(String), admin(String)
[2026-09-16 17:49:42.217] [gas-forecast] [] [] [c.g.f.d.m.S.selectByUsername] [http-nio-8080-exec-6] [DEBUG] - <==      Total: 55
[2026-09-16 17:49:42.253] [gas-forecast] [] [] [c.g.f.d.m.S.selectByUsername] [http-nio-8080-exec-7] [DEBUG] - ==>  Preparing: select distinct p.* from sys_permission_tb p where p.status = 1 and ( exists ( select 1 from sys_user_tb u join sys_user_role_ref ur on ur.user_id = u.id join sys_role_permission_ref rp on rp.role_id = ur.role_id where rp.permission_id = p.id and u.username = ? and u.deleted = 0 ) or exists ( select 1 from sys_user_tb u join sys_user_department_ref ud on ud.user_id = u.id join sys_department_permission_ref dp on dp.department_id = ud.department_id where dp.permission_id = p.id and u.username = ? and u.deleted = 0 ) ) order by p.sort_no, p.id
[2026-09-16 17:49:42.253] [gas-forecast] [] [] [c.g.f.d.m.S.selectByUsername] [http-nio-8080-exec-9] [DEBUG] - ==>  Preparing: select distinct p.* from sys_permission_tb p where p.status = 1 and ( exists ( select 1 from sys_user_tb u join sys_user_role_ref ur on ur.user_id = u.id join sys_role_permission_ref rp on rp.role_id = ur.role_id where rp.permission_id = p.id and u.username = ? and u.deleted = 0 ) or exists ( select 1 from sys_user_tb u join sys_user_department_ref ud on ud.user_id = u.id join sys_department_permission_ref dp on dp.department_id = ud.department_id where dp.permission_id = p.id and u.username = ? and u.deleted = 0 ) ) order by p.sort_no, p.id
[2026-09-16 17:49:42.253] [gas-forecast] [] [] [c.g.f.d.m.S.selectByUsername] [http-nio-8080-exec-8] [DEBUG] - ==>  Preparing: select distinct p.* from sys_permission_tb p where p.status = 1 and ( exists ( select 1 from sys_user_tb u join sys_user_role_ref ur on ur.user_id = u.id join sys_role_permission_ref rp on rp.role_id = ur.role_id where rp.permission_id = p.id and u.username = ? and u.deleted = 0 ) or exists ( select 1 from sys_user_tb u join sys_user_department_ref ud on ud.user_id = u.id join sys_department_permission_ref dp on dp.department_id = ud.department_id where dp.permission_id = p.id and u.username = ? and u.deleted = 0 ) ) order by p.sort_no, p.id
[2026-09-16 17:49:42.253] [gas-forecast] [] [] [c.g.f.d.m.S.selectByUsername] [http-nio-8080-exec-7] [DEBUG] - ==> Parameters: admin(String), admin(String)
[2026-09-16 17:49:42.253] [gas-forecast] [] [] [c.g.f.d.m.S.selectByUsername] [http-nio-8080-exec-8] [DEBUG] - ==> Parameters: admin(String), admin(String)
[2026-09-16 17:49:42.253] [gas-forecast] [] [] [c.g.f.d.m.S.selectByUsername] [http-nio-8080-exec-9] [DEBUG] - ==> Parameters: admin(String), admin(String)
[2026-09-16 17:49:42.256] [gas-forecast] [] [] [c.g.f.d.m.S.selectByUsername] [http-nio-8080-exec-8] [DEBUG] - <==      Total: 55
[2026-09-16 17:49:42.256] [gas-forecast] [] [] [c.g.f.d.m.S.selectByUsername] [http-nio-8080-exec-9] [DEBUG] - <==      Total: 55
[2026-09-16 17:49:42.256] [gas-forecast] [] [] [c.g.f.d.m.S.selectByUsername] [http-nio-8080-exec-7] [DEBUG] - <==      Total: 55
[2026-09-16 17:49:42.256] [gas-forecast] [] [] [c.g.f.d.m.M.selectList_mpCount] [http-nio-8080-exec-10] [DEBUG] - ==>  Preparing: SELECT COUNT(*) AS total FROM model_config_tb
[2026-09-16 17:49:42.257] [gas-forecast] [] [] [c.g.f.d.m.M.selectList_mpCount] [http-nio-8080-exec-10] [DEBUG] - ==> Parameters: 
[2026-09-16 17:49:42.258] [gas-forecast] [] [] [c.g.f.d.m.M.selectList_mpCount] [http-nio-8080-exec-10] [DEBUG] - <==      Total: 1
[2026-09-16 17:49:42.260] [gas-forecast] [] [] [c.g.f.d.m.B.selectList_mpCount] [http-nio-8080-exec-7] [DEBUG] - ==>  Preparing: SELECT COUNT(*) AS total FROM base_region_tb
[2026-09-16 17:49:42.260] [gas-forecast] [] [] [c.g.f.d.m.B.selectList_mpCount] [http-nio-8080-exec-7] [DEBUG] - ==> Parameters: 
[2026-09-16 17:49:42.261] [gas-forecast] [] [] [c.g.f.d.m.B.selectList_mpCount] [http-nio-8080-exec-8] [DEBUG] - ==>  Preparing: SELECT COUNT(*) AS total FROM base_industry_tb
[2026-09-16 17:49:42.261] [gas-forecast] [] [] [c.g.f.d.m.B.selectList_mpCount] [http-nio-8080-exec-8] [DEBUG] - ==> Parameters: 
[2026-09-16 17:49:42.261] [gas-forecast] [] [] [c.g.f.d.m.B.selectList_mpCount] [http-nio-8080-exec-9] [DEBUG] - ==>  Preparing: SELECT COUNT(*) AS total FROM base_customer_tb
[2026-09-16 17:49:42.261] [gas-forecast] [] [] [c.g.f.d.m.B.selectList_mpCount] [http-nio-8080-exec-9] [DEBUG] - ==> Parameters: 
[2026-09-16 17:49:42.262] [gas-forecast] [] [] [c.g.f.d.m.B.selectList_mpCount] [http-nio-8080-exec-7] [DEBUG] - <==      Total: 1
[2026-09-16 17:49:42.262] [gas-forecast] [] [] [c.g.f.d.m.B.selectList_mpCount] [http-nio-8080-exec-8] [DEBUG] - <==      Total: 1
[2026-09-16 17:49:42.263] [gas-forecast] [] [] [c.g.f.d.m.B.selectList] [http-nio-8080-exec-8] [DEBUG] - ==>  Preparing: SELECT id,industry_code,industry_name,created_at,updated_at,created_by,created_by_name,updated_by,updated_by_name FROM base_industry_tb ORDER BY updated_at DESC,id DESC LIMIT ?
[2026-09-16 17:49:42.263] [gas-forecast] [] [] [c.g.f.d.m.B.selectList_mpCount] [http-nio-8080-exec-9] [DEBUG] - <==      Total: 1
[2026-09-16 17:49:42.263] [gas-forecast] [] [] [c.g.f.d.m.B.selectList] [http-nio-8080-exec-7] [DEBUG] - ==>  Preparing: SELECT id,region_code,region_name,remark,created_by,created_at,updated_by,updated_at,updated_by_name,created_by_name FROM base_region_tb ORDER BY updated_at DESC,id DESC LIMIT ?
[2026-09-16 17:49:42.263] [gas-forecast] [] [] [c.g.f.d.m.B.selectList] [http-nio-8080-exec-8] [DEBUG] - ==> Parameters: 200(Long)
[2026-09-16 17:49:42.263] [gas-forecast] [] [] [c.g.f.d.m.B.selectList] [http-nio-8080-exec-9] [DEBUG] - ==>  Preparing: SELECT id,customer_code,customer_name,industry_code,industry_name,region_code,region_name,created_at,updated_at,created_by,created_by_name,updated_by,updated_by_name,raw_region_name,raw_industry_name FROM base_customer_tb ORDER BY updated_at DESC,id DESC LIMIT ?
[2026-09-16 17:49:42.263] [gas-forecast] [] [] [c.g.f.d.m.B.selectList] [http-nio-8080-exec-7] [DEBUG] - ==> Parameters: 200(Long)
[2026-09-16 17:49:42.263] [gas-forecast] [] [] [c.g.f.d.m.B.selectList] [http-nio-8080-exec-9] [DEBUG] - ==> Parameters: 200(Long)
[2026-09-16 17:49:42.264] [gas-forecast] [] [] [c.g.f.d.m.B.selectList] [http-nio-8080-exec-8] [DEBUG] - <==      Total: 3
[2026-09-16 17:49:42.264] [gas-forecast] [] [] [c.g.f.d.m.B.selectList] [http-nio-8080-exec-7] [DEBUG] - <==      Total: 11
[2026-09-16 17:49:42.264] [gas-forecast] [] [] [c.g.f.d.m.B.selectList] [http-nio-8080-exec-9] [DEBUG] - <==      Total: 21
[2026-09-16 17:57:16.643] [gas-forecast] [] [] [c.g.f.d.m.M.selectList_mpCount] [http-nio-8080-exec-2] [DEBUG] - ==>  Preparing: SELECT COUNT(*) AS total FROM model_config_tb
[2026-09-16 17:57:16.643] [gas-forecast] [] [] [c.g.f.d.m.S.selectByUsername] [http-nio-8080-exec-5] [DEBUG] - ==>  Preparing: select distinct p.* from sys_permission_tb p where p.status = 1 and ( exists ( select 1 from sys_user_tb u join sys_user_role_ref ur on ur.user_id = u.id join sys_role_permission_ref rp on rp.role_id = ur.role_id where rp.permission_id = p.id and u.username = ? and u.deleted = 0 ) or exists ( select 1 from sys_user_tb u join sys_user_department_ref ud on ud.user_id = u.id join sys_department_permission_ref dp on dp.department_id = ud.department_id where dp.permission_id = p.id and u.username = ? and u.deleted = 0 ) ) order by p.sort_no, p.id
[2026-09-16 17:57:16.643] [gas-forecast] [] [] [c.g.f.d.m.S.selectByUsername] [http-nio-8080-exec-1] [DEBUG] - ==>  Preparing: select distinct p.* from sys_permission_tb p where p.status = 1 and ( exists ( select 1 from sys_user_tb u join sys_user_role_ref ur on ur.user_id = u.id join sys_role_permission_ref rp on rp.role_id = ur.role_id where rp.permission_id = p.id and u.username = ? and u.deleted = 0 ) or exists ( select 1 from sys_user_tb u join sys_user_department_ref ud on ud.user_id = u.id join sys_department_permission_ref dp on dp.department_id = ud.department_id where dp.permission_id = p.id and u.username = ? and u.deleted = 0 ) ) order by p.sort_no, p.id
[2026-09-16 17:57:16.643] [gas-forecast] [] [] [c.g.f.d.m.S.selectByUsername] [http-nio-8080-exec-3] [DEBUG] - ==>  Preparing: select distinct p.* from sys_permission_tb p where p.status = 1 and ( exists ( select 1 from sys_user_tb u join sys_user_role_ref ur on ur.user_id = u.id join sys_role_permission_ref rp on rp.role_id = ur.role_id where rp.permission_id = p.id and u.username = ? and u.deleted = 0 ) or exists ( select 1 from sys_user_tb u join sys_user_department_ref ud on ud.user_id = u.id join sys_department_permission_ref dp on dp.department_id = ud.department_id where dp.permission_id = p.id and u.username = ? and u.deleted = 0 ) ) order by p.sort_no, p.id
[2026-09-16 17:57:16.643] [gas-forecast] [] [] [c.g.f.d.m.M.selectList_mpCount] [http-nio-8080-exec-2] [DEBUG] - ==> Parameters: 
[2026-09-16 17:57:16.643] [gas-forecast] [] [] [c.g.f.d.m.S.selectByUsername] [http-nio-8080-exec-5] [DEBUG] - ==> Parameters: admin(String), admin(String)
[2026-09-16 17:57:16.643] [gas-forecast] [] [] [c.g.f.d.m.S.selectByUsername] [http-nio-8080-exec-3] [DEBUG] - ==> Parameters: admin(String), admin(String)
[2026-09-16 17:57:16.643] [gas-forecast] [] [] [c.g.f.d.m.S.selectByUsername] [http-nio-8080-exec-1] [DEBUG] - ==> Parameters: admin(String), admin(String)
[2026-09-16 17:57:16.648] [gas-forecast] [] [] [c.g.f.d.m.M.selectList_mpCount] [http-nio-8080-exec-2] [DEBUG] - <==      Total: 1
[2026-09-16 17:57:16.649] [gas-forecast] [] [] [c.g.f.d.m.S.selectByUsername] [http-nio-8080-exec-1] [DEBUG] - <==      Total: 55
[2026-09-16 17:57:16.650] [gas-forecast] [] [] [c.g.f.d.m.S.selectByUsername] [http-nio-8080-exec-3] [DEBUG] - <==      Total: 55
[2026-09-16 17:57:16.650] [gas-forecast] [] [] [c.g.f.d.m.S.selectByUsername] [http-nio-8080-exec-5] [DEBUG] - <==      Total: 55
[2026-09-16 17:57:16.653] [gas-forecast] [] [] [c.g.f.d.m.B.selectList_mpCount] [http-nio-8080-exec-1] [DEBUG] - ==>  Preparing: SELECT COUNT(*) AS total FROM base_industry_tb
[2026-09-16 17:57:16.653] [gas-forecast] [] [] [c.g.f.d.m.B.selectList_mpCount] [http-nio-8080-exec-1] [DEBUG] - ==> Parameters: 
[2026-09-16 17:57:16.653] [gas-forecast] [] [] [c.g.f.d.m.B.selectList_mpCount] [http-nio-8080-exec-5] [DEBUG] - ==>  Preparing: SELECT COUNT(*) AS total FROM base_region_tb
[2026-09-16 17:57:16.653] [gas-forecast] [] [] [c.g.f.d.m.B.selectList_mpCount] [http-nio-8080-exec-5] [DEBUG] - ==> Parameters: 
[2026-09-16 17:57:16.653] [gas-forecast] [] [] [c.g.f.d.m.B.selectList_mpCount] [http-nio-8080-exec-3] [DEBUG] - ==>  Preparing: SELECT COUNT(*) AS total FROM base_customer_tb
[2026-09-16 17:57:16.653] [gas-forecast] [] [] [c.g.f.d.m.B.selectList_mpCount] [http-nio-8080-exec-3] [DEBUG] - ==> Parameters: 
[2026-09-16 17:57:16.655] [gas-forecast] [] [] [c.g.f.d.m.B.selectList_mpCount] [http-nio-8080-exec-1] [DEBUG] - <==      Total: 1
[2026-09-16 17:57:16.655] [gas-forecast] [] [] [c.g.f.d.m.B.selectList_mpCount] [http-nio-8080-exec-5] [DEBUG] - <==      Total: 1
[2026-09-16 17:57:16.655] [gas-forecast] [] [] [c.g.f.d.m.B.selectList] [http-nio-8080-exec-1] [DEBUG] - ==>  Preparing: SELECT id,industry_code,industry_name,created_at,updated_at,created_by,created_by_name,updated_by,updated_by_name FROM base_industry_tb ORDER BY updated_at DESC,id DESC LIMIT ?
[2026-09-16 17:57:16.655] [gas-forecast] [] [] [c.g.f.d.m.B.selectList] [http-nio-8080-exec-5] [DEBUG] - ==>  Preparing: SELECT id,region_code,region_name,remark,created_by,created_at,updated_by,updated_at,updated_by_name,created_by_name FROM base_region_tb ORDER BY updated_at DESC,id DESC LIMIT ?
[2026-09-16 17:57:16.655] [gas-forecast] [] [] [c.g.f.d.m.B.selectList] [http-nio-8080-exec-1] [DEBUG] - ==> Parameters: 200(Long)
[2026-09-16 17:57:16.655] [gas-forecast] [] [] [c.g.f.d.m.B.selectList] [http-nio-8080-exec-5] [DEBUG] - ==> Parameters: 200(Long)
[2026-09-16 17:57:16.655] [gas-forecast] [] [] [c.g.f.d.m.B.selectList_mpCount] [http-nio-8080-exec-3] [DEBUG] - <==      Total: 1
[2026-09-16 17:57:16.655] [gas-forecast] [] [] [c.g.f.d.m.B.selectList] [http-nio-8080-exec-3] [DEBUG] - ==>  Preparing: SELECT id,customer_code,customer_name,industry_code,industry_name,region_code,region_name,created_at,updated_at,created_by,created_by_name,updated_by,updated_by_name,raw_region_name,raw_industry_name FROM base_customer_tb ORDER BY updated_at DESC,id DESC LIMIT ?
[2026-09-16 17:57:16.655] [gas-forecast] [] [] [c.g.f.d.m.B.selectList] [http-nio-8080-exec-3] [DEBUG] - ==> Parameters: 200(Long)
[2026-09-16 17:57:16.656] [gas-forecast] [] [] [c.g.f.d.m.B.selectList] [http-nio-8080-exec-1] [DEBUG] - <==      Total: 3
[2026-09-16 17:57:16.656] [gas-forecast] [] [] [c.g.f.d.m.B.selectList] [http-nio-8080-exec-5] [DEBUG] - <==      Total: 11
[2026-09-16 17:57:16.657] [gas-forecast] [] [] [c.g.f.d.m.B.selectList] [http-nio-8080-exec-3] [DEBUG] - <==      Total: 21
[2026-09-16 17:57:48.928] [gas-forecast] [] [] [c.g.f.d.m.S.selectByUsername] [http-nio-8080-exec-10] [DEBUG] - ==>  Preparing: select distinct p.* from sys_permission_tb p where p.status = 1 and ( exists ( select 1 from sys_user_tb u join sys_user_role_ref ur on ur.user_id = u.id join sys_role_permission_ref rp on rp.role_id = ur.role_id where rp.permission_id = p.id and u.username = ? and u.deleted = 0 ) or exists ( select 1 from sys_user_tb u join sys_user_department_ref ud on ud.user_id = u.id join sys_department_permission_ref dp on dp.department_id = ud.department_id where dp.permission_id = p.id and u.username = ? and u.deleted = 0 ) ) order by p.sort_no, p.id
[2026-09-16 17:57:48.928] [gas-forecast] [] [] [c.g.f.d.m.S.selectByUsername] [http-nio-8080-exec-6] [DEBUG] - ==>  Preparing: select distinct p.* from sys_permission_tb p where p.status = 1 and ( exists ( select 1 from sys_user_tb u join sys_user_role_ref ur on ur.user_id = u.id join sys_role_permission_ref rp on rp.role_id = ur.role_id where rp.permission_id = p.id and u.username = ? and u.deleted = 0 ) or exists ( select 1 from sys_user_tb u join sys_user_department_ref ud on ud.user_id = u.id join sys_department_permission_ref dp on dp.department_id = ud.department_id where dp.permission_id = p.id and u.username = ? and u.deleted = 0 ) ) order by p.sort_no, p.id
[2026-09-16 17:57:48.928] [gas-forecast] [] [] [c.g.f.d.m.S.selectByUsername] [http-nio-8080-exec-4] [DEBUG] - ==>  Preparing: select distinct p.* from sys_permission_tb p where p.status = 1 and ( exists ( select 1 from sys_user_tb u join sys_user_role_ref ur on ur.user_id = u.id join sys_role_permission_ref rp on rp.role_id = ur.role_id where rp.permission_id = p.id and u.username = ? and u.deleted = 0 ) or exists ( select 1 from sys_user_tb u join sys_user_department_ref ud on ud.user_id = u.id join sys_department_permission_ref dp on dp.department_id = ud.department_id where dp.permission_id = p.id and u.username = ? and u.deleted = 0 ) ) order by p.sort_no, p.id
[2026-09-16 17:57:48.928] [gas-forecast] [] [] [c.g.f.d.m.S.selectByUsername] [http-nio-8080-exec-10] [DEBUG] - ==> Parameters: admin(String), admin(String)
[2026-09-16 17:57:48.928] [gas-forecast] [] [] [c.g.f.d.m.S.selectByUsername] [http-nio-8080-exec-6] [DEBUG] - ==> Parameters: admin(String), admin(String)
[2026-09-16 17:57:48.928] [gas-forecast] [] [] [c.g.f.d.m.S.selectByUsername] [http-nio-8080-exec-4] [DEBUG] - ==> Parameters: admin(String), admin(String)
[2026-09-16 17:57:48.929] [gas-forecast] [] [] [c.g.f.d.m.M.selectList_mpCount] [http-nio-8080-exec-7] [DEBUG] - ==>  Preparing: SELECT COUNT(*) AS total FROM model_config_tb
[2026-09-16 17:57:48.930] [gas-forecast] [] [] [c.g.f.d.m.M.selectList_mpCount] [http-nio-8080-exec-7] [DEBUG] - ==> Parameters: 
[2026-09-16 17:57:48.930] [gas-forecast] [] [] [c.g.f.d.m.S.selectByUsername] [http-nio-8080-exec-6] [DEBUG] - <==      Total: 55
[2026-09-16 17:57:48.930] [gas-forecast] [] [] [c.g.f.d.m.M.selectList_mpCount] [http-nio-8080-exec-7] [DEBUG] - <==      Total: 1
[2026-09-16 17:57:48.931] [gas-forecast] [] [] [c.g.f.d.m.S.selectByUsername] [http-nio-8080-exec-10] [DEBUG] - <==      Total: 55
[2026-09-16 17:57:48.931] [gas-forecast] [] [] [c.g.f.d.m.S.selectByUsername] [http-nio-8080-exec-4] [DEBUG] - <==      Total: 55
[2026-09-16 17:57:48.935] [gas-forecast] [] [] [c.g.f.d.m.B.selectList_mpCount] [http-nio-8080-exec-6] [DEBUG] - ==>  Preparing: SELECT COUNT(*) AS total FROM base_industry_tb
[2026-09-16 17:57:48.935] [gas-forecast] [] [] [c.g.f.d.m.B.selectList_mpCount] [http-nio-8080-exec-4] [DEBUG] - ==>  Preparing: SELECT COUNT(*) AS total FROM base_region_tb
[2026-09-16 17:57:48.935] [gas-forecast] [] [] [c.g.f.d.m.B.selectList_mpCount] [http-nio-8080-exec-6] [DEBUG] - ==> Parameters: 
[2026-09-16 17:57:48.935] [gas-forecast] [] [] [c.g.f.d.m.B.selectList_mpCount] [http-nio-8080-exec-4] [DEBUG] - ==> Parameters: 
[2026-09-16 17:57:48.935] [gas-forecast] [] [] [c.g.f.d.m.B.selectList_mpCount] [http-nio-8080-exec-10] [DEBUG] - ==>  Preparing: SELECT COUNT(*) AS total FROM base_customer_tb
[2026-09-16 17:57:48.935] [gas-forecast] [] [] [c.g.f.d.m.B.selectList_mpCount] [http-nio-8080-exec-10] [DEBUG] - ==> Parameters: 
[2026-09-16 17:57:48.936] [gas-forecast] [] [] [c.g.f.d.m.B.selectList_mpCount] [http-nio-8080-exec-4] [DEBUG] - <==      Total: 1
[2026-09-16 17:57:48.936] [gas-forecast] [] [] [c.g.f.d.m.B.selectList_mpCount] [http-nio-8080-exec-10] [DEBUG] - <==      Total: 1
[2026-09-16 17:57:48.936] [gas-forecast] [] [] [c.g.f.d.m.B.selectList] [http-nio-8080-exec-4] [DEBUG] - ==>  Preparing: SELECT id,region_code,region_name,remark,created_by,created_at,updated_by,updated_at,updated_by_name,created_by_name FROM base_region_tb ORDER BY updated_at DESC,id DESC LIMIT ?
[2026-09-16 17:57:48.936] [gas-forecast] [] [] [c.g.f.d.m.B.selectList] [http-nio-8080-exec-10] [DEBUG] - ==>  Preparing: SELECT id,customer_code,customer_name,industry_code,industry_name,region_code,region_name,created_at,updated_at,created_by,created_by_name,updated_by,updated_by_name,raw_region_name,raw_industry_name FROM base_customer_tb ORDER BY updated_at DESC,id DESC LIMIT ?
[2026-09-16 17:57:48.936] [gas-forecast] [] [] [c.g.f.d.m.B.selectList] [http-nio-8080-exec-4] [DEBUG] - ==> Parameters: 200(Long)
[2026-09-16 17:57:48.936] [gas-forecast] [] [] [c.g.f.d.m.B.selectList] [http-nio-8080-exec-10] [DEBUG] - ==> Parameters: 200(Long)
[2026-09-16 17:57:48.938] [gas-forecast] [] [] [c.g.f.d.m.B.selectList] [http-nio-8080-exec-10] [DEBUG] - <==      Total: 21
[2026-09-16 17:57:48.940] [gas-forecast] [] [] [c.g.f.d.m.B.selectList_mpCount] [http-nio-8080-exec-6] [DEBUG] - <==      Total: 1
[2026-09-16 17:57:48.940] [gas-forecast] [] [] [c.g.f.d.m.B.selectList] [http-nio-8080-exec-4] [DEBUG] - <==      Total: 11
[2026-09-16 17:57:48.940] [gas-forecast] [] [] [c.g.f.d.m.B.selectList] [http-nio-8080-exec-6] [DEBUG] - ==>  Preparing: SELECT id,industry_code,industry_name,created_at,updated_at,created_by,created_by_name,updated_by,updated_by_name FROM base_industry_tb ORDER BY updated_at DESC,id DESC LIMIT ?
[2026-09-16 17:57:48.940] [gas-forecast] [] [] [c.g.f.d.m.B.selectList] [http-nio-8080-exec-6] [DEBUG] - ==> Parameters: 200(Long)
[2026-09-16 17:57:48.940] [gas-forecast] [] [] [c.g.f.d.m.B.selectList] [http-nio-8080-exec-6] [DEBUG] - <==      Total: 3
[2026-09-16 17:58:05.329] [gas-forecast] [] [] [c.g.f.d.m.S.selectByUsername] [http-nio-8080-exec-8] [DEBUG] - ==>  Preparing: select distinct p.* from sys_permission_tb p where p.status = 1 and ( exists ( select 1 from sys_user_tb u join sys_user_role_ref ur on ur.user_id = u.id join sys_role_permission_ref rp on rp.role_id = ur.role_id where rp.permission_id = p.id and u.username = ? and u.deleted = 0 ) or exists ( select 1 from sys_user_tb u join sys_user_department_ref ud on ud.user_id = u.id join sys_department_permission_ref dp on dp.department_id = ud.department_id where dp.permission_id = p.id and u.username = ? and u.deleted = 0 ) ) order by p.sort_no, p.id
[2026-09-16 17:58:05.329] [gas-forecast] [] [] [c.g.f.d.m.S.selectByUsername] [http-nio-8080-exec-2] [DEBUG] - ==>  Preparing: select distinct p.* from sys_permission_tb p where p.status = 1 and ( exists ( select 1 from sys_user_tb u join sys_user_role_ref ur on ur.user_id = u.id join sys_role_permission_ref rp on rp.role_id = ur.role_id where rp.permission_id = p.id and u.username = ? and u.deleted = 0 ) or exists ( select 1 from sys_user_tb u join sys_user_department_ref ud on ud.user_id = u.id join sys_department_permission_ref dp on dp.department_id = ud.department_id where dp.permission_id = p.id and u.username = ? and u.deleted = 0 ) ) order by p.sort_no, p.id
[2026-09-16 17:58:05.329] [gas-forecast] [] [] [c.g.f.d.m.S.selectByUsername] [http-nio-8080-exec-9] [DEBUG] - ==>  Preparing: select distinct p.* from sys_permission_tb p where p.status = 1 and ( exists ( select 1 from sys_user_tb u join sys_user_role_ref ur on ur.user_id = u.id join sys_role_permission_ref rp on rp.role_id = ur.role_id where rp.permission_id = p.id and u.username = ? and u.deleted = 0 ) or exists ( select 1 from sys_user_tb u join sys_user_department_ref ud on ud.user_id = u.id join sys_department_permission_ref dp on dp.department_id = ud.department_id where dp.permission_id = p.id and u.username = ? and u.deleted = 0 ) ) order by p.sort_no, p.id
[2026-09-16 17:58:05.329] [gas-forecast] [] [] [c.g.f.d.m.S.selectByUsername] [http-nio-8080-exec-8] [DEBUG] - ==> Parameters: admin(String), admin(String)
[2026-09-16 17:58:05.330] [gas-forecast] [] [] [c.g.f.d.m.S.selectByUsername] [http-nio-8080-exec-9] [DEBUG] - ==> Parameters: admin(String), admin(String)
[2026-09-16 17:58:05.330] [gas-forecast] [] [] [c.g.f.d.m.S.selectByUsername] [http-nio-8080-exec-2] [DEBUG] - ==> Parameters: admin(String), admin(String)
[2026-09-16 17:58:05.331] [gas-forecast] [] [] [c.g.f.d.m.M.selectList_mpCount] [http-nio-8080-exec-1] [DEBUG] - ==>  Preparing: SELECT COUNT(*) AS total FROM model_config_tb
[2026-09-16 17:58:05.331] [gas-forecast] [] [] [c.g.f.d.m.M.selectList_mpCount] [http-nio-8080-exec-1] [DEBUG] - ==> Parameters: 
[2026-09-16 17:58:05.331] [gas-forecast] [] [] [c.g.f.d.m.S.selectByUsername] [http-nio-8080-exec-9] [DEBUG] - <==      Total: 55
[2026-09-16 17:58:05.331] [gas-forecast] [] [] [c.g.f.d.m.M.selectList_mpCount] [http-nio-8080-exec-1] [DEBUG] - <==      Total: 1
[2026-09-16 17:58:05.331] [gas-forecast] [] [] [c.g.f.d.m.S.selectByUsername] [http-nio-8080-exec-2] [DEBUG] - <==      Total: 55
[2026-09-16 17:58:05.332] [gas-forecast] [] [] [c.g.f.d.m.S.selectByUsername] [http-nio-8080-exec-8] [DEBUG] - <==      Total: 55
[2026-09-16 17:58:05.335] [gas-forecast] [] [] [c.g.f.d.m.B.selectList_mpCount] [http-nio-8080-exec-9] [DEBUG] - ==>  Preparing: SELECT COUNT(*) AS total FROM base_industry_tb
[2026-09-16 17:58:05.335] [gas-forecast] [] [] [c.g.f.d.m.B.selectList_mpCount] [http-nio-8080-exec-9] [DEBUG] - ==> Parameters: 
[2026-09-16 17:58:05.335] [gas-forecast] [] [] [c.g.f.d.m.B.selectList_mpCount] [http-nio-8080-exec-8] [DEBUG] - ==>  Preparing: SELECT COUNT(*) AS total FROM base_region_tb
[2026-09-16 17:58:05.335] [gas-forecast] [] [] [c.g.f.d.m.B.selectList_mpCount] [http-nio-8080-exec-8] [DEBUG] - ==> Parameters: 
[2026-09-16 17:58:05.336] [gas-forecast] [] [] [c.g.f.d.m.B.selectList_mpCount] [http-nio-8080-exec-2] [DEBUG] - ==>  Preparing: SELECT COUNT(*) AS total FROM base_customer_tb
[2026-09-16 17:58:05.336] [gas-forecast] [] [] [c.g.f.d.m.B.selectList_mpCount] [http-nio-8080-exec-2] [DEBUG] - ==> Parameters: 
[2026-09-16 17:58:05.337] [gas-forecast] [] [] [c.g.f.d.m.B.selectList_mpCount] [http-nio-8080-exec-8] [DEBUG] - <==      Total: 1
[2026-09-16 17:58:05.337] [gas-forecast] [] [] [c.g.f.d.m.B.selectList_mpCount] [http-nio-8080-exec-9] [DEBUG] - <==      Total: 1
[2026-09-16 17:58:05.337] [gas-forecast] [] [] [c.g.f.d.m.B.selectList_mpCount] [http-nio-8080-exec-2] [DEBUG] - <==      Total: 1
[2026-09-16 17:58:05.337] [gas-forecast] [] [] [c.g.f.d.m.B.selectList] [http-nio-8080-exec-8] [DEBUG] - ==>  Preparing: SELECT id,region_code,region_name,remark,created_by,created_at,updated_by,updated_at,updated_by_name,created_by_name FROM base_region_tb ORDER BY updated_at DESC,id DESC LIMIT ?
[2026-09-16 17:58:05.337] [gas-forecast] [] [] [c.g.f.d.m.B.selectList] [http-nio-8080-exec-2] [DEBUG] - ==>  Preparing: SELECT id,customer_code,customer_name,industry_code,industry_name,region_code,region_name,created_at,updated_at,created_by,created_by_name,updated_by,updated_by_name,raw_region_name,raw_industry_name FROM base_customer_tb ORDER BY updated_at DESC,id DESC LIMIT ?
[2026-09-16 17:58:05.337] [gas-forecast] [] [] [c.g.f.d.m.B.selectList] [http-nio-8080-exec-9] [DEBUG] - ==>  Preparing: SELECT id,industry_code,industry_name,created_at,updated_at,created_by,created_by_name,updated_by,updated_by_name FROM base_industry_tb ORDER BY updated_at DESC,id DESC LIMIT ?
[2026-09-16 17:58:05.337] [gas-forecast] [] [] [c.g.f.d.m.B.selectList] [http-nio-8080-exec-2] [DEBUG] - ==> Parameters: 200(Long)
[2026-09-16 17:58:05.337] [gas-forecast] [] [] [c.g.f.d.m.B.selectList] [http-nio-8080-exec-8] [DEBUG] - ==> Parameters: 200(Long)
[2026-09-16 17:58:05.337] [gas-forecast] [] [] [c.g.f.d.m.B.selectList] [http-nio-8080-exec-9] [DEBUG] - ==> Parameters: 200(Long)
[2026-09-16 17:58:05.338] [gas-forecast] [] [] [c.g.f.d.m.B.selectList] [http-nio-8080-exec-9] [DEBUG] - <==      Total: 3
[2026-09-16 17:58:05.338] [gas-forecast] [] [] [c.g.f.d.m.B.selectList] [http-nio-8080-exec-8] [DEBUG] - <==      Total: 11
[2026-09-16 17:58:05.338] [gas-forecast] [] [] [c.g.f.d.m.B.selectList] [http-nio-8080-exec-2] [DEBUG] - <==      Total: 21
[2026-09-16 17:58:48.759] [gas-forecast] [] [] [c.g.f.d.m.M.selectList_mpCount] [http-nio-8080-exec-5] [DEBUG] - ==>  Preparing: SELECT COUNT(*) AS total FROM model_config_tb
[2026-09-16 17:58:48.759] [gas-forecast] [] [] [c.g.f.d.m.SysUserTbMapper.selectList] [http-nio-8080-exec-1] [DEBUG] - ==>  Preparing: SELECT id,username,real_name,password_hash,password_salt,avatar,email,phone,org_code,status,deleted,created_at,updated_at FROM sys_user_tb WHERE (username = ? AND deleted = ?)
[2026-09-16 17:58:48.770] [gas-forecast] [] [] [c.g.f.d.m.M.selectList_mpCount] [http-nio-8080-exec-5] [DEBUG] - ==> Parameters: 
[2026-09-16 17:58:48.771] [gas-forecast] [] [] [c.g.f.d.m.SysUserTbMapper.selectList] [http-nio-8080-exec-1] [DEBUG] - ==> Parameters: admin(String), 0(Integer)
[2026-09-16 17:58:48.773] [gas-forecast] [] [] [c.g.f.d.m.S.selectByUsername] [http-nio-8080-exec-3] [DEBUG] - ==>  Preparing: select distinct p.* from sys_permission_tb p where p.status = 1 and ( exists ( select 1 from sys_user_tb u join sys_user_role_ref ur on ur.user_id = u.id join sys_role_permission_ref rp on rp.role_id = ur.role_id where rp.permission_id = p.id and u.username = ? and u.deleted = 0 ) or exists ( select 1 from sys_user_tb u join sys_user_department_ref ud on ud.user_id = u.id join sys_department_permission_ref dp on dp.department_id = ud.department_id where dp.permission_id = p.id and u.username = ? and u.deleted = 0 ) ) order by p.sort_no, p.id
[2026-09-16 17:58:48.774] [gas-forecast] [] [] [c.g.f.d.m.S.selectByUsername] [http-nio-8080-exec-3] [DEBUG] - ==> Parameters: admin(String), admin(String)
[2026-09-16 17:58:48.783] [gas-forecast] [] [] [c.g.f.d.m.M.selectList_mpCount] [http-nio-8080-exec-5] [DEBUG] - <==      Total: 1
[2026-09-16 17:58:48.783] [gas-forecast] [] [] [c.g.f.d.m.SysUserTbMapper.selectList] [http-nio-8080-exec-1] [DEBUG] - <==      Total: 1
[2026-09-16 17:58:48.785] [gas-forecast] [] [] [c.g.f.d.m.S.selectByUsername] [http-nio-8080-exec-2] [DEBUG] - ==>  Preparing: select distinct p.* from sys_permission_tb p where p.status = 1 and ( exists ( select 1 from sys_user_tb u join sys_user_role_ref ur on ur.user_id = u.id join sys_role_permission_ref rp on rp.role_id = ur.role_id where rp.permission_id = p.id and u.username = ? and u.deleted = 0 ) or exists ( select 1 from sys_user_tb u join sys_user_department_ref ud on ud.user_id = u.id join sys_department_permission_ref dp on dp.department_id = ud.department_id where dp.permission_id = p.id and u.username = ? and u.deleted = 0 ) ) order by p.sort_no, p.id
[2026-09-16 17:58:48.785] [gas-forecast] [] [] [c.g.f.d.m.S.selectByUsername] [http-nio-8080-exec-4] [DEBUG] - ==>  Preparing: select distinct p.* from sys_permission_tb p where p.status = 1 and ( exists ( select 1 from sys_user_tb u join sys_user_role_ref ur on ur.user_id = u.id join sys_role_permission_ref rp on rp.role_id = ur.role_id where rp.permission_id = p.id and u.username = ? and u.deleted = 0 ) or exists ( select 1 from sys_user_tb u join sys_user_department_ref ud on ud.user_id = u.id join sys_department_permission_ref dp on dp.department_id = ud.department_id where dp.permission_id = p.id and u.username = ? and u.deleted = 0 ) ) order by p.sort_no, p.id
[2026-09-16 17:58:48.786] [gas-forecast] [] [] [c.g.f.d.m.S.selectByUsername] [http-nio-8080-exec-2] [DEBUG] - ==> Parameters: admin(String), admin(String)
[2026-09-16 17:58:48.786] [gas-forecast] [] [] [c.g.f.d.m.S.selectByUsername] [http-nio-8080-exec-4] [DEBUG] - ==> Parameters: admin(String), admin(String)
[2026-09-16 17:58:48.787] [gas-forecast] [] [] [c.g.f.d.m.S.selectRoleCodesByUsername] [http-nio-8080-exec-1] [DEBUG] - ==>  Preparing: select r.role_code from sys_user_tb u join sys_user_role_ref ur on ur.user_id = u.id join sys_role_tb r on r.id = ur.role_id where u.username = ? order by r.role_code
[2026-09-16 17:58:48.787] [gas-forecast] [] [] [c.g.f.d.m.S.selectRoleCodesByUsername] [http-nio-8080-exec-1] [DEBUG] - ==> Parameters: admin(String)
[2026-09-16 17:58:48.788] [gas-forecast] [] [] [c.g.f.d.m.S.selectRoleCodesByUsername] [http-nio-8080-exec-1] [DEBUG] - <==      Total: 1
[2026-09-16 17:58:48.789] [gas-forecast] [] [] [c.g.f.d.m.S.selectByUsername] [http-nio-8080-exec-1] [DEBUG] - ==>  Preparing: select distinct p.* from sys_permission_tb p where p.status = 1 and ( exists ( select 1 from sys_user_tb u join sys_user_role_ref ur on ur.user_id = u.id join sys_role_permission_ref rp on rp.role_id = ur.role_id where rp.permission_id = p.id and u.username = ? and u.deleted = 0 ) or exists ( select 1 from sys_user_tb u join sys_user_department_ref ud on ud.user_id = u.id join sys_department_permission_ref dp on dp.department_id = ud.department_id where dp.permission_id = p.id and u.username = ? and u.deleted = 0 ) ) order by p.sort_no, p.id
[2026-09-16 17:58:48.789] [gas-forecast] [] [] [c.g.f.d.m.S.selectByUsername] [http-nio-8080-exec-1] [DEBUG] - ==> Parameters: admin(String), admin(String)
[2026-09-16 17:58:48.790] [gas-forecast] [] [] [c.g.f.d.m.S.selectByUsername] [http-nio-8080-exec-3] [DEBUG] - <==      Total: 55
[2026-09-16 17:58:48.792] [gas-forecast] [] [] [c.g.f.d.m.S.selectByUsername] [http-nio-8080-exec-2] [DEBUG] - <==      Total: 55
[2026-09-16 17:58:48.793] [gas-forecast] [] [] [c.g.f.d.m.S.selectByUsername] [http-nio-8080-exec-4] [DEBUG] - <==      Total: 55
[2026-09-16 17:58:48.794] [gas-forecast] [] [] [c.g.f.d.m.S.selectByUsername] [http-nio-8080-exec-1] [DEBUG] - <==      Total: 55
[2026-09-16 17:58:48.796] [gas-forecast] [] [] [c.g.f.d.m.B.selectList_mpCount] [http-nio-8080-exec-3] [DEBUG] - ==>  Preparing: SELECT COUNT(*) AS total FROM base_industry_tb
[2026-09-16 17:58:48.797] [gas-forecast] [] [] [c.g.f.d.m.B.selectList_mpCount] [http-nio-8080-exec-3] [DEBUG] - ==> Parameters: 
[2026-09-16 17:58:48.798] [gas-forecast] [] [] [c.g.f.d.m.B.selectList_mpCount] [http-nio-8080-exec-3] [DEBUG] - <==      Total: 1
[2026-09-16 17:58:48.800] [gas-forecast] [] [] [c.g.f.d.m.B.selectList_mpCount] [http-nio-8080-exec-2] [DEBUG] - ==>  Preparing: SELECT COUNT(*) AS total FROM base_region_tb
[2026-09-16 17:58:48.800] [gas-forecast] [] [] [c.g.f.d.m.B.selectList_mpCount] [http-nio-8080-exec-2] [DEBUG] - ==> Parameters: 
[2026-09-16 17:58:48.800] [gas-forecast] [] [] [c.g.f.d.m.B.selectList] [http-nio-8080-exec-3] [DEBUG] - ==>  Preparing: SELECT id,industry_code,industry_name,created_at,updated_at,created_by,created_by_name,updated_by,updated_by_name FROM base_industry_tb ORDER BY updated_at DESC,id DESC LIMIT ?
[2026-09-16 17:58:48.801] [gas-forecast] [] [] [c.g.f.d.m.B.selectList_mpCount] [http-nio-8080-exec-4] [DEBUG] - ==>  Preparing: SELECT COUNT(*) AS total FROM base_customer_tb
[2026-09-16 17:58:48.801] [gas-forecast] [] [] [c.g.f.d.m.B.selectList_mpCount] [http-nio-8080-exec-4] [DEBUG] - ==> Parameters: 
[2026-09-16 17:58:48.801] [gas-forecast] [] [] [c.g.f.d.m.B.selectList] [http-nio-8080-exec-3] [DEBUG] - ==> Parameters: 200(Long)
[2026-09-16 17:58:48.801] [gas-forecast] [] [] [c.g.f.d.m.B.selectList_mpCount] [http-nio-8080-exec-2] [DEBUG] - <==      Total: 1
[2026-09-16 17:58:48.802] [gas-forecast] [] [] [c.g.f.d.m.B.selectList] [http-nio-8080-exec-2] [DEBUG] - ==>  Preparing: SELECT id,region_code,region_name,remark,created_by,created_at,updated_by,updated_at,updated_by_name,created_by_name FROM base_region_tb ORDER BY updated_at DESC,id DESC LIMIT ?
[2026-09-16 17:58:48.802] [gas-forecast] [] [] [c.g.f.d.m.B.selectList_mpCount] [http-nio-8080-exec-4] [DEBUG] - <==      Total: 1
[2026-09-16 17:58:48.802] [gas-forecast] [] [] [c.g.f.d.m.B.selectList] [http-nio-8080-exec-2] [DEBUG] - ==> Parameters: 200(Long)
[2026-09-16 17:58:48.802] [gas-forecast] [] [] [c.g.f.d.m.B.selectList] [http-nio-8080-exec-4] [DEBUG] - ==>  Preparing: SELECT id,customer_code,customer_name,industry_code,industry_name,region_code,region_name,created_at,updated_at,created_by,created_by_name,updated_by,updated_by_name,raw_region_name,raw_industry_name FROM base_customer_tb ORDER BY updated_at DESC,id DESC LIMIT ?
[2026-09-16 17:58:48.802] [gas-forecast] [] [] [c.g.f.d.m.B.selectList] [http-nio-8080-exec-4] [DEBUG] - ==> Parameters: 200(Long)
[2026-09-16 17:58:48.802] [gas-forecast] [] [] [c.g.f.d.m.B.selectList] [http-nio-8080-exec-3] [DEBUG] - <==      Total: 3
[2026-09-16 17:58:48.803] [gas-forecast] [] [] [c.g.f.d.m.B.selectList] [http-nio-8080-exec-2] [DEBUG] - <==      Total: 11
[2026-09-16 17:58:48.804] [gas-forecast] [] [] [c.g.f.d.m.B.selectList] [http-nio-8080-exec-4] [DEBUG] - <==      Total: 21
[2026-09-16 17:58:49.368] [gas-forecast] [] [] [c.g.f.d.m.SysUserTbMapper.selectList] [http-nio-8080-exec-6] [DEBUG] - ==>  Preparing: SELECT id,username,real_name,password_hash,password_salt,avatar,email,phone,org_code,status,deleted,created_at,updated_at FROM sys_user_tb WHERE (username = ? AND deleted = ?)
[2026-09-16 17:58:49.368] [gas-forecast] [] [] [c.g.f.d.m.SysUserTbMapper.selectList] [http-nio-8080-exec-6] [DEBUG] - ==> Parameters: admin(String), 0(Integer)
[2026-09-16 17:58:49.369] [gas-forecast] [] [] [c.g.f.d.m.SysUserTbMapper.selectList] [http-nio-8080-exec-6] [DEBUG] - <==      Total: 1
[2026-09-16 17:58:49.370] [gas-forecast] [] [] [c.g.f.d.m.S.selectRoleCodesByUsername] [http-nio-8080-exec-6] [DEBUG] - ==>  Preparing: select r.role_code from sys_user_tb u join sys_user_role_ref ur on ur.user_id = u.id join sys_role_tb r on r.id = ur.role_id where u.username = ? order by r.role_code
[2026-09-16 17:58:49.370] [gas-forecast] [] [] [c.g.f.d.m.S.selectRoleCodesByUsername] [http-nio-8080-exec-6] [DEBUG] - ==> Parameters: admin(String)
[2026-09-16 17:58:49.371] [gas-forecast] [] [] [c.g.f.d.m.S.selectRoleCodesByUsername] [http-nio-8080-exec-6] [DEBUG] - <==      Total: 1
[2026-09-16 17:58:49.371] [gas-forecast] [] [] [c.g.f.d.m.S.selectByUsername] [http-nio-8080-exec-6] [DEBUG] - ==>  Preparing: select distinct p.* from sys_permission_tb p where p.status = 1 and ( exists ( select 1 from sys_user_tb u join sys_user_role_ref ur on ur.user_id = u.id join sys_role_permission_ref rp on rp.role_id = ur.role_id where rp.permission_id = p.id and u.username = ? and u.deleted = 0 ) or exists ( select 1 from sys_user_tb u join sys_user_department_ref ud on ud.user_id = u.id join sys_department_permission_ref dp on dp.department_id = ud.department_id where dp.permission_id = p.id and u.username = ? and u.deleted = 0 ) ) order by p.sort_no, p.id
[2026-09-16 17:58:49.371] [gas-forecast] [] [] [c.g.f.d.m.S.selectByUsername] [http-nio-8080-exec-6] [DEBUG] - ==> Parameters: admin(String), admin(String)
[2026-09-16 17:58:49.374] [gas-forecast] [] [] [c.g.f.d.m.S.selectByUsername] [http-nio-8080-exec-6] [DEBUG] - <==      Total: 55
[2026-09-16 17:58:49.405] [gas-forecast] [] [] [c.g.f.d.m.S.selectByUsername] [http-nio-8080-exec-7] [DEBUG] - ==>  Preparing: select distinct p.* from sys_permission_tb p where p.status = 1 and ( exists ( select 1 from sys_user_tb u join sys_user_role_ref ur on ur.user_id = u.id join sys_role_permission_ref rp on rp.role_id = ur.role_id where rp.permission_id = p.id and u.username = ? and u.deleted = 0 ) or exists ( select 1 from sys_user_tb u join sys_user_department_ref ud on ud.user_id = u.id join sys_department_permission_ref dp on dp.department_id = ud.department_id where dp.permission_id = p.id and u.username = ? and u.deleted = 0 ) ) order by p.sort_no, p.id
[2026-09-16 17:58:49.405] [gas-forecast] [] [] [c.g.f.d.m.S.selectByUsername] [http-nio-8080-exec-8] [DEBUG] - ==>  Preparing: select distinct p.* from sys_permission_tb p where p.status = 1 and ( exists ( select 1 from sys_user_tb u join sys_user_role_ref ur on ur.user_id = u.id join sys_role_permission_ref rp on rp.role_id = ur.role_id where rp.permission_id = p.id and u.username = ? and u.deleted = 0 ) or exists ( select 1 from sys_user_tb u join sys_user_department_ref ud on ud.user_id = u.id join sys_department_permission_ref dp on dp.department_id = ud.department_id where dp.permission_id = p.id and u.username = ? and u.deleted = 0 ) ) order by p.sort_no, p.id
[2026-09-16 17:58:49.405] [gas-forecast] [] [] [c.g.f.d.m.S.selectByUsername] [http-nio-8080-exec-7] [DEBUG] - ==> Parameters: admin(String), admin(String)
[2026-09-16 17:58:49.405] [gas-forecast] [] [] [c.g.f.d.m.S.selectByUsername] [http-nio-8080-exec-9] [DEBUG] - ==>  Preparing: select distinct p.* from sys_permission_tb p where p.status = 1 and ( exists ( select 1 from sys_user_tb u join sys_user_role_ref ur on ur.user_id = u.id join sys_role_permission_ref rp on rp.role_id = ur.role_id where rp.permission_id = p.id and u.username = ? and u.deleted = 0 ) or exists ( select 1 from sys_user_tb u join sys_user_department_ref ud on ud.user_id = u.id join sys_department_permission_ref dp on dp.department_id = ud.department_id where dp.permission_id = p.id and u.username = ? and u.deleted = 0 ) ) order by p.sort_no, p.id
[2026-09-16 17:58:49.405] [gas-forecast] [] [] [c.g.f.d.m.S.selectByUsername] [http-nio-8080-exec-8] [DEBUG] - ==> Parameters: admin(String), admin(String)
[2026-09-16 17:58:49.405] [gas-forecast] [] [] [c.g.f.d.m.S.selectByUsername] [http-nio-8080-exec-9] [DEBUG] - ==> Parameters: admin(String), admin(String)
[2026-09-16 17:58:49.408] [gas-forecast] [] [] [c.g.f.d.m.S.selectByUsername] [http-nio-8080-exec-8] [DEBUG] - <==      Total: 55
[2026-09-16 17:58:49.408] [gas-forecast] [] [] [c.g.f.d.m.M.selectList_mpCount] [http-nio-8080-exec-10] [DEBUG] - ==>  Preparing: SELECT COUNT(*) AS total FROM model_config_tb
[2026-09-16 17:58:49.408] [gas-forecast] [] [] [c.g.f.d.m.S.selectByUsername] [http-nio-8080-exec-7] [DEBUG] - <==      Total: 55
[2026-09-16 17:58:49.408] [gas-forecast] [] [] [c.g.f.d.m.S.selectByUsername] [http-nio-8080-exec-9] [DEBUG] - <==      Total: 55
[2026-09-16 17:58:49.408] [gas-forecast] [] [] [c.g.f.d.m.M.selectList_mpCount] [http-nio-8080-exec-10] [DEBUG] - ==> Parameters: 
[2026-09-16 17:58:49.409] [gas-forecast] [] [] [c.g.f.d.m.M.selectList_mpCount] [http-nio-8080-exec-10] [DEBUG] - <==      Total: 1
[2026-09-16 17:58:49.413] [gas-forecast] [] [] [c.g.f.d.m.B.selectList_mpCount] [http-nio-8080-exec-7] [DEBUG] - ==>  Preparing: SELECT COUNT(*) AS total FROM base_region_tb
[2026-09-16 17:58:49.413] [gas-forecast] [] [] [c.g.f.d.m.B.selectList_mpCount] [http-nio-8080-exec-7] [DEBUG] - ==> Parameters: 
[2026-09-16 17:58:49.413] [gas-forecast] [] [] [c.g.f.d.m.B.selectList_mpCount] [http-nio-8080-exec-8] [DEBUG] - ==>  Preparing: SELECT COUNT(*) AS total FROM base_industry_tb
[2026-09-16 17:58:49.413] [gas-forecast] [] [] [c.g.f.d.m.B.selectList_mpCount] [http-nio-8080-exec-8] [DEBUG] - ==> Parameters: 
[2026-09-16 17:58:49.413] [gas-forecast] [] [] [c.g.f.d.m.B.selectList_mpCount] [http-nio-8080-exec-9] [DEBUG] - ==>  Preparing: SELECT COUNT(*) AS total FROM base_customer_tb
[2026-09-16 17:58:49.414] [gas-forecast] [] [] [c.g.f.d.m.B.selectList_mpCount] [http-nio-8080-exec-9] [DEBUG] - ==> Parameters: 
[2026-09-16 17:58:49.414] [gas-forecast] [] [] [c.g.f.d.m.B.selectList_mpCount] [http-nio-8080-exec-9] [DEBUG] - <==      Total: 1
[2026-09-16 17:58:49.414] [gas-forecast] [] [] [c.g.f.d.m.B.selectList_mpCount] [http-nio-8080-exec-7] [DEBUG] - <==      Total: 1
[2026-09-16 17:58:49.414] [gas-forecast] [] [] [c.g.f.d.m.B.selectList_mpCount] [http-nio-8080-exec-8] [DEBUG] - <==      Total: 1
[2026-09-16 17:58:49.415] [gas-forecast] [] [] [c.g.f.d.m.B.selectList] [http-nio-8080-exec-9] [DEBUG] - ==>  Preparing: SELECT id,customer_code,customer_name,industry_code,industry_name,region_code,region_name,created_at,updated_at,created_by,created_by_name,updated_by,updated_by_name,raw_region_name,raw_industry_name FROM base_customer_tb ORDER BY updated_at DESC,id DESC LIMIT ?
[2026-09-16 17:58:49.415] [gas-forecast] [] [] [c.g.f.d.m.B.selectList] [http-nio-8080-exec-7] [DEBUG] - ==>  Preparing: SELECT id,region_code,region_name,remark,created_by,created_at,updated_by,updated_at,updated_by_name,created_by_name FROM base_region_tb ORDER BY updated_at DESC,id DESC LIMIT ?
[2026-09-16 17:58:49.415] [gas-forecast] [] [] [c.g.f.d.m.B.selectList] [http-nio-8080-exec-8] [DEBUG] - ==>  Preparing: SELECT id,industry_code,industry_name,created_at,updated_at,created_by,created_by_name,updated_by,updated_by_name FROM base_industry_tb ORDER BY updated_at DESC,id DESC LIMIT ?
[2026-09-16 17:58:49.415] [gas-forecast] [] [] [c.g.f.d.m.B.selectList] [http-nio-8080-exec-9] [DEBUG] - ==> Parameters: 200(Long)
[2026-09-16 17:58:49.415] [gas-forecast] [] [] [c.g.f.d.m.B.selectList] [http-nio-8080-exec-8] [DEBUG] - ==> Parameters: 200(Long)
[2026-09-16 17:58:49.415] [gas-forecast] [] [] [c.g.f.d.m.B.selectList] [http-nio-8080-exec-7] [DEBUG] - ==> Parameters: 200(Long)
[2026-09-16 17:58:49.417] [gas-forecast] [] [] [c.g.f.d.m.B.selectList] [http-nio-8080-exec-8] [DEBUG] - <==      Total: 3
[2026-09-16 17:58:49.418] [gas-forecast] [] [] [c.g.f.d.m.B.selectList] [http-nio-8080-exec-7] [DEBUG] - <==      Total: 11
[2026-09-16 17:58:49.419] [gas-forecast] [] [] [c.g.f.d.m.B.selectList] [http-nio-8080-exec-9] [DEBUG] - <==      Total: 21
[2026-09-16 17:59:48.070] [gas-forecast] [] [] [c.g.f.d.m.S.selectForUpdate] [http-nio-8080-exec-3] [DEBUG] - ==>  Preparing: select code_type, current_value, updated_at from sys_code_sequence_tb where code_type = ? for update
[2026-09-16 17:59:48.071] [gas-forecast] [] [] [c.g.f.d.m.S.selectForUpdate] [http-nio-8080-exec-3] [DEBUG] - ==> Parameters: MCF(String)
[2026-09-16 17:59:48.073] [gas-forecast] [] [] [c.g.f.d.m.S.selectForUpdate] [http-nio-8080-exec-3] [DEBUG] - <==      Total: 0
[2026-09-16 17:59:48.075] [gas-forecast] [] [] [c.g.f.d.m.S.insert] [http-nio-8080-exec-3] [DEBUG] - ==>  Preparing: INSERT INTO sys_code_sequence_tb ( code_type, current_value, updated_at ) VALUES ( ?, ?, ? )
[2026-09-16 17:59:48.075] [gas-forecast] [] [] [c.g.f.d.m.S.insert] [http-nio-8080-exec-3] [DEBUG] - ==> Parameters: MCF(String), 0(Long), 2026-09-16 17:59:48.073(Timestamp)
[2026-09-16 17:59:48.078] [gas-forecast] [] [] [c.g.f.d.m.S.insert] [http-nio-8080-exec-3] [DEBUG] - <==    Updates: 1
[2026-09-16 17:59:48.078] [gas-forecast] [] [] [c.g.f.d.m.S.selectForUpdate] [http-nio-8080-exec-3] [DEBUG] - ==>  Preparing: select code_type, current_value, updated_at from sys_code_sequence_tb where code_type = ? for update
[2026-09-16 17:59:48.078] [gas-forecast] [] [] [c.g.f.d.m.S.selectForUpdate] [http-nio-8080-exec-3] [DEBUG] - ==> Parameters: MCF(String)
[2026-09-16 17:59:48.079] [gas-forecast] [] [] [c.g.f.d.m.S.selectForUpdate] [http-nio-8080-exec-3] [DEBUG] - <==      Total: 1
[2026-09-16 17:59:48.080] [gas-forecast] [] [] [c.g.f.d.m.S.updateById] [http-nio-8080-exec-3] [DEBUG] - ==>  Preparing: UPDATE sys_code_sequence_tb SET current_value=?, updated_at=? WHERE code_type=?
[2026-09-16 17:59:48.080] [gas-forecast] [] [] [c.g.f.d.m.S.updateById] [http-nio-8080-exec-3] [DEBUG] - ==> Parameters: 1(Long), 2026-09-16 17:59:48.079(Timestamp), MCF(String)
[2026-09-16 17:59:48.081] [gas-forecast] [] [] [c.g.f.d.m.S.updateById] [http-nio-8080-exec-3] [DEBUG] - <==    Updates: 1
[2026-09-16 17:59:48.082] [gas-forecast] [] [] [c.g.f.d.m.ModelConfigTbMapper.insert] [http-nio-8080-exec-3] [DEBUG] - ==>  Preparing: INSERT INTO model_config_tb ( config_code, config_name, agent_code, scene_code, enabled, description, create_time, update_time ) VALUES ( ?, ?, ?, ?, ?, ?, ?, ? )
[2026-09-16 17:59:48.082] [gas-forecast] [] [] [c.g.f.d.m.ModelConfigTbMapper.insert] [http-nio-8080-exec-3] [DEBUG] - ==> Parameters: MCF000001(String), 冬季保供模型(String), winter-supply(String), WINTER_SUPPLY(String), 1(Integer), 该模型支持所有省份，是多个模型的组合，会自动选择最佳模型进行预测(String), 2026-09-16 17:59:48.07(Timestamp), 2026-09-16 17:59:48.07(Timestamp)
[2026-09-16 17:59:48.083] [gas-forecast] [] [] [c.g.f.d.m.ModelConfigTbMapper.insert] [http-nio-8080-exec-3] [DEBUG] - <==    Updates: 1
[2026-09-16 17:59:48.084] [gas-forecast] [] [] [c.g.f.d.m.M.delete] [http-nio-8080-exec-3] [DEBUG] - ==>  Preparing: DELETE FROM model_config_scope_tb WHERE (model_config_id = ?)
[2026-09-16 17:59:48.084] [gas-forecast] [] [] [c.g.f.d.m.M.delete] [http-nio-8080-exec-3] [DEBUG] - ==> Parameters: 1(Long)
[2026-09-16 17:59:48.085] [gas-forecast] [] [] [c.g.f.d.m.M.delete] [http-nio-8080-exec-3] [DEBUG] - <==    Updates: 0
[2026-09-16 17:59:48.086] [gas-forecast] [] [] [c.g.f.d.m.M.selectList] [http-nio-8080-exec-3] [DEBUG] - ==>  Preparing: SELECT id,model_config_id,region_code,industry_code,customer_code,enabled,create_time FROM model_config_scope_tb WHERE (model_config_id IN (?)) ORDER BY id DESC
[2026-09-16 17:59:48.086] [gas-forecast] [] [] [c.g.f.d.m.M.selectList] [http-nio-8080-exec-3] [DEBUG] - ==> Parameters: 1(Long)
[2026-09-16 17:59:48.086] [gas-forecast] [] [] [c.g.f.d.m.M.selectList] [http-nio-8080-exec-3] [DEBUG] - <==      Total: 0
[2026-09-16 17:59:48.100] [gas-forecast] [] [] [c.g.f.d.m.M.selectList_mpCount] [http-nio-8080-exec-5] [DEBUG] - ==>  Preparing: SELECT COUNT(*) AS total FROM model_config_tb
[2026-09-16 17:59:48.100] [gas-forecast] [] [] [c.g.f.d.m.M.selectList_mpCount] [http-nio-8080-exec-5] [DEBUG] - ==> Parameters: 
[2026-09-16 17:59:48.101] [gas-forecast] [] [] [c.g.f.d.m.M.selectList_mpCount] [http-nio-8080-exec-5] [DEBUG] - <==      Total: 1
[2026-09-16 17:59:48.101] [gas-forecast] [] [] [c.g.f.d.m.M.selectList] [http-nio-8080-exec-5] [DEBUG] - ==>  Preparing: SELECT id,config_code,config_name,agent_code,scene_code,enabled,description,create_time,update_time FROM model_config_tb ORDER BY update_time DESC,id DESC LIMIT ?
[2026-09-16 17:59:48.102] [gas-forecast] [] [] [c.g.f.d.m.M.selectList] [http-nio-8080-exec-5] [DEBUG] - ==> Parameters: 10(Long)
[2026-09-16 17:59:48.102] [gas-forecast] [] [] [c.g.f.d.m.M.selectList] [http-nio-8080-exec-5] [DEBUG] - <==      Total: 1
[2026-09-16 17:59:48.103] [gas-forecast] [] [] [c.g.f.d.m.M.selectList] [http-nio-8080-exec-5] [DEBUG] - ==>  Preparing: SELECT id,model_config_id,region_code,industry_code,customer_code,enabled,create_time FROM model_config_scope_tb WHERE (model_config_id IN (?)) ORDER BY id DESC
[2026-09-16 17:59:48.103] [gas-forecast] [] [] [c.g.f.d.m.M.selectList] [http-nio-8080-exec-5] [DEBUG] - ==> Parameters: 1(Long)
[2026-09-16 17:59:48.104] [gas-forecast] [] [] [c.g.f.d.m.M.selectList] [http-nio-8080-exec-5] [DEBUG] - <==      Total: 0
[2026-09-16 18:03:14.637] [gas-forecast] [] [] [c.g.f.d.m.M.selectById] [http-nio-8080-exec-2] [DEBUG] - ==>  Preparing: SELECT id,config_code,config_name,agent_code,scene_code,enabled,description,create_time,update_time FROM model_config_tb WHERE id=?
[2026-09-16 18:03:14.637] [gas-forecast] [] [] [c.g.f.d.m.M.selectById] [http-nio-8080-exec-2] [DEBUG] - ==> Parameters: 1(Long)
[2026-09-16 18:03:14.640] [gas-forecast] [] [] [c.g.f.d.m.M.selectById] [http-nio-8080-exec-2] [DEBUG] - <==      Total: 1
[2026-09-16 18:03:14.641] [gas-forecast] [] [] [c.g.f.d.m.M.updateById] [http-nio-8080-exec-2] [DEBUG] - ==>  Preparing: UPDATE model_config_tb SET config_code=?, config_name=?, agent_code=?, scene_code=?, enabled=?, description=?, update_time=? WHERE id=?
[2026-09-16 18:03:14.642] [gas-forecast] [] [] [c.g.f.d.m.M.updateById] [http-nio-8080-exec-2] [DEBUG] - ==> Parameters: MCF000001(String), 月度消费智能体测试(String), monthly-sales(String), MONTHLY_SALES(String), 1(Integer), 该模型支持所有省份，是多个模型的组合，会自动选择最佳模型进行预测(String), 2026-09-16 18:03:14.64(Timestamp), 1(Long)
[2026-09-16 18:03:14.644] [gas-forecast] [] [] [c.g.f.d.m.M.updateById] [http-nio-8080-exec-2] [DEBUG] - <==    Updates: 1
[2026-09-16 18:03:14.644] [gas-forecast] [] [] [c.g.f.d.m.M.delete] [http-nio-8080-exec-2] [DEBUG] - ==>  Preparing: DELETE FROM model_config_scope_tb WHERE (model_config_id = ?)
[2026-09-16 18:03:14.644] [gas-forecast] [] [] [c.g.f.d.m.M.delete] [http-nio-8080-exec-2] [DEBUG] - ==> Parameters: 1(Long)
[2026-09-16 18:03:14.645] [gas-forecast] [] [] [c.g.f.d.m.M.delete] [http-nio-8080-exec-2] [DEBUG] - <==    Updates: 0
[2026-09-16 18:03:14.645] [gas-forecast] [] [] [c.g.f.d.m.M.selectById] [http-nio-8080-exec-2] [DEBUG] - ==>  Preparing: SELECT id,config_code,config_name,agent_code,scene_code,enabled,description,create_time,update_time FROM model_config_tb WHERE id=?
[2026-09-16 18:03:14.645] [gas-forecast] [] [] [c.g.f.d.m.M.selectById] [http-nio-8080-exec-2] [DEBUG] - ==> Parameters: 1(Long)
[2026-09-16 18:03:14.646] [gas-forecast] [] [] [c.g.f.d.m.M.selectById] [http-nio-8080-exec-2] [DEBUG] - <==      Total: 1
[2026-09-16 18:03:14.646] [gas-forecast] [] [] [c.g.f.d.m.M.selectList] [http-nio-8080-exec-2] [DEBUG] - ==>  Preparing: SELECT id,model_config_id,region_code,industry_code,customer_code,enabled,create_time FROM model_config_scope_tb WHERE (model_config_id IN (?)) ORDER BY id DESC
[2026-09-16 18:03:14.647] [gas-forecast] [] [] [c.g.f.d.m.M.selectList] [http-nio-8080-exec-2] [DEBUG] - ==> Parameters: 1(Long)
[2026-09-16 18:03:14.647] [gas-forecast] [] [] [c.g.f.d.m.M.selectList] [http-nio-8080-exec-2] [DEBUG] - <==      Total: 0
[2026-09-16 18:03:14.656] [gas-forecast] [] [] [c.g.f.d.m.M.selectList_mpCount] [http-nio-8080-exec-4] [DEBUG] - ==>  Preparing: SELECT COUNT(*) AS total FROM model_config_tb
[2026-09-16 18:03:14.657] [gas-forecast] [] [] [c.g.f.d.m.M.selectList_mpCount] [http-nio-8080-exec-4] [DEBUG] - ==> Parameters: 
[2026-09-16 18:03:14.658] [gas-forecast] [] [] [c.g.f.d.m.M.selectList_mpCount] [http-nio-8080-exec-4] [DEBUG] - <==      Total: 1
[2026-09-16 18:03:14.658] [gas-forecast] [] [] [c.g.f.d.m.M.selectList] [http-nio-8080-exec-4] [DEBUG] - ==>  Preparing: SELECT id,config_code,config_name,agent_code,scene_code,enabled,description,create_time,update_time FROM model_config_tb ORDER BY update_time DESC,id DESC LIMIT ?
[2026-09-16 18:03:14.658] [gas-forecast] [] [] [c.g.f.d.m.M.selectList] [http-nio-8080-exec-4] [DEBUG] - ==> Parameters: 10(Long)
[2026-09-16 18:03:14.659] [gas-forecast] [] [] [c.g.f.d.m.M.selectList] [http-nio-8080-exec-4] [DEBUG] - <==      Total: 1
[2026-09-16 18:03:14.660] [gas-forecast] [] [] [c.g.f.d.m.M.selectList] [http-nio-8080-exec-4] [DEBUG] - ==>  Preparing: SELECT id,model_config_id,region_code,industry_code,customer_code,enabled,create_time FROM model_config_scope_tb WHERE (model_config_id IN (?)) ORDER BY id DESC
[2026-09-16 18:03:14.660] [gas-forecast] [] [] [c.g.f.d.m.M.selectList] [http-nio-8080-exec-4] [DEBUG] - ==> Parameters: 1(Long)
[2026-09-16 18:03:14.661] [gas-forecast] [] [] [c.g.f.d.m.M.selectList] [http-nio-8080-exec-4] [DEBUG] - <==      Total: 0
[2026-09-16 18:03:18.318] [gas-forecast] [] [] [c.g.f.d.m.SysUserTbMapper.selectList] [http-nio-8080-exec-1] [DEBUG] - ==>  Preparing: SELECT id,username,real_name,password_hash,password_salt,avatar,email,phone,org_code,status,deleted,created_at,updated_at FROM sys_user_tb WHERE (username = ? AND deleted = ?)
[2026-09-16 18:03:18.318] [gas-forecast] [] [] [c.g.f.d.m.SysUserTbMapper.selectList] [http-nio-8080-exec-1] [DEBUG] - ==> Parameters: admin(String), 0(Integer)
[2026-09-16 18:03:18.319] [gas-forecast] [] [] [c.g.f.d.m.SysUserTbMapper.selectList] [http-nio-8080-exec-1] [DEBUG] - <==      Total: 1
[2026-09-16 18:03:18.319] [gas-forecast] [] [] [c.g.f.d.m.S.selectRoleCodesByUsername] [http-nio-8080-exec-1] [DEBUG] - ==>  Preparing: select r.role_code from sys_user_tb u join sys_user_role_ref ur on ur.user_id = u.id join sys_role_tb r on r.id = ur.role_id where u.username = ? order by r.role_code
[2026-09-16 18:03:18.319] [gas-forecast] [] [] [c.g.f.d.m.S.selectRoleCodesByUsername] [http-nio-8080-exec-1] [DEBUG] - ==> Parameters: admin(String)
[2026-09-16 18:03:18.320] [gas-forecast] [] [] [c.g.f.d.m.S.selectRoleCodesByUsername] [http-nio-8080-exec-1] [DEBUG] - <==      Total: 1
[2026-09-16 18:03:18.320] [gas-forecast] [] [] [c.g.f.d.m.S.selectByUsername] [http-nio-8080-exec-1] [DEBUG] - ==>  Preparing: select distinct p.* from sys_permission_tb p where p.status = 1 and ( exists ( select 1 from sys_user_tb u join sys_user_role_ref ur on ur.user_id = u.id join sys_role_permission_ref rp on rp.role_id = ur.role_id where rp.permission_id = p.id and u.username = ? and u.deleted = 0 ) or exists ( select 1 from sys_user_tb u join sys_user_department_ref ud on ud.user_id = u.id join sys_department_permission_ref dp on dp.department_id = ud.department_id where dp.permission_id = p.id and u.username = ? and u.deleted = 0 ) ) order by p.sort_no, p.id
[2026-09-16 18:03:18.321] [gas-forecast] [] [] [c.g.f.d.m.S.selectByUsername] [http-nio-8080-exec-1] [DEBUG] - ==> Parameters: admin(String), admin(String)
[2026-09-16 18:03:18.324] [gas-forecast] [] [] [c.g.f.d.m.S.selectByUsername] [http-nio-8080-exec-1] [DEBUG] - <==      Total: 55
[2026-09-16 18:03:18.352] [gas-forecast] [] [] [c.g.f.d.m.S.selectByUsername] [http-nio-8080-exec-10] [DEBUG] - ==>  Preparing: select distinct p.* from sys_permission_tb p where p.status = 1 and ( exists ( select 1 from sys_user_tb u join sys_user_role_ref ur on ur.user_id = u.id join sys_role_permission_ref rp on rp.role_id = ur.role_id where rp.permission_id = p.id and u.username = ? and u.deleted = 0 ) or exists ( select 1 from sys_user_tb u join sys_user_department_ref ud on ud.user_id = u.id join sys_department_permission_ref dp on dp.department_id = ud.department_id where dp.permission_id = p.id and u.username = ? and u.deleted = 0 ) ) order by p.sort_no, p.id
[2026-09-16 18:03:18.352] [gas-forecast] [] [] [c.g.f.d.m.S.selectByUsername] [http-nio-8080-exec-6] [DEBUG] - ==>  Preparing: select distinct p.* from sys_permission_tb p where p.status = 1 and ( exists ( select 1 from sys_user_tb u join sys_user_role_ref ur on ur.user_id = u.id join sys_role_permission_ref rp on rp.role_id = ur.role_id where rp.permission_id = p.id and u.username = ? and u.deleted = 0 ) or exists ( select 1 from sys_user_tb u join sys_user_department_ref ud on ud.user_id = u.id join sys_department_permission_ref dp on dp.department_id = ud.department_id where dp.permission_id = p.id and u.username = ? and u.deleted = 0 ) ) order by p.sort_no, p.id
[2026-09-16 18:03:18.352] [gas-forecast] [] [] [c.g.f.d.m.S.selectByUsername] [http-nio-8080-exec-8] [DEBUG] - ==>  Preparing: select distinct p.* from sys_permission_tb p where p.status = 1 and ( exists ( select 1 from sys_user_tb u join sys_user_role_ref ur on ur.user_id = u.id join sys_role_permission_ref rp on rp.role_id = ur.role_id where rp.permission_id = p.id and u.username = ? and u.deleted = 0 ) or exists ( select 1 from sys_user_tb u join sys_user_department_ref ud on ud.user_id = u.id join sys_department_permission_ref dp on dp.department_id = ud.department_id where dp.permission_id = p.id and u.username = ? and u.deleted = 0 ) ) order by p.sort_no, p.id
[2026-09-16 18:03:18.352] [gas-forecast] [] [] [c.g.f.d.m.S.selectByUsername] [http-nio-8080-exec-10] [DEBUG] - ==> Parameters: admin(String), admin(String)
[2026-09-16 18:03:18.352] [gas-forecast] [] [] [c.g.f.d.m.S.selectByUsername] [http-nio-8080-exec-6] [DEBUG] - ==> Parameters: admin(String), admin(String)
[2026-09-16 18:03:18.352] [gas-forecast] [] [] [c.g.f.d.m.S.selectByUsername] [http-nio-8080-exec-8] [DEBUG] - ==> Parameters: admin(String), admin(String)
[2026-09-16 18:03:18.354] [gas-forecast] [] [] [c.g.f.d.m.M.selectList_mpCount] [http-nio-8080-exec-7] [DEBUG] - ==>  Preparing: SELECT COUNT(*) AS total FROM model_config_tb
[2026-09-16 18:03:18.354] [gas-forecast] [] [] [c.g.f.d.m.M.selectList_mpCount] [http-nio-8080-exec-7] [DEBUG] - ==> Parameters: 
[2026-09-16 18:03:18.354] [gas-forecast] [] [] [c.g.f.d.m.S.selectByUsername] [http-nio-8080-exec-6] [DEBUG] - <==      Total: 55
[2026-09-16 18:03:18.355] [gas-forecast] [] [] [c.g.f.d.m.S.selectByUsername] [http-nio-8080-exec-10] [DEBUG] - <==      Total: 55
[2026-09-16 18:03:18.355] [gas-forecast] [] [] [c.g.f.d.m.S.selectByUsername] [http-nio-8080-exec-8] [DEBUG] - <==      Total: 55
[2026-09-16 18:03:18.355] [gas-forecast] [] [] [c.g.f.d.m.M.selectList_mpCount] [http-nio-8080-exec-7] [DEBUG] - <==      Total: 1
[2026-09-16 18:03:18.355] [gas-forecast] [] [] [c.g.f.d.m.M.selectList] [http-nio-8080-exec-7] [DEBUG] - ==>  Preparing: SELECT id,config_code,config_name,agent_code,scene_code,enabled,description,create_time,update_time FROM model_config_tb ORDER BY update_time DESC,id DESC LIMIT ?
[2026-09-16 18:03:18.355] [gas-forecast] [] [] [c.g.f.d.m.M.selectList] [http-nio-8080-exec-7] [DEBUG] - ==> Parameters: 10(Long)
[2026-09-16 18:03:18.356] [gas-forecast] [] [] [c.g.f.d.m.M.selectList] [http-nio-8080-exec-7] [DEBUG] - <==      Total: 1
[2026-09-16 18:03:18.357] [gas-forecast] [] [] [c.g.f.d.m.M.selectList] [http-nio-8080-exec-7] [DEBUG] - ==>  Preparing: SELECT id,model_config_id,region_code,industry_code,customer_code,enabled,create_time FROM model_config_scope_tb WHERE (model_config_id IN (?)) ORDER BY id DESC
[2026-09-16 18:03:18.357] [gas-forecast] [] [] [c.g.f.d.m.M.selectList] [http-nio-8080-exec-7] [DEBUG] - ==> Parameters: 1(Long)
[2026-09-16 18:03:18.357] [gas-forecast] [] [] [c.g.f.d.m.M.selectList] [http-nio-8080-exec-7] [DEBUG] - <==      Total: 0
[2026-09-16 18:03:18.358] [gas-forecast] [] [] [c.g.f.d.m.B.selectList_mpCount] [http-nio-8080-exec-6] [DEBUG] - ==>  Preparing: SELECT COUNT(*) AS total FROM base_region_tb
[2026-09-16 18:03:18.358] [gas-forecast] [] [] [c.g.f.d.m.B.selectList_mpCount] [http-nio-8080-exec-10] [DEBUG] - ==>  Preparing: SELECT COUNT(*) AS total FROM base_industry_tb
[2026-09-16 18:03:18.358] [gas-forecast] [] [] [c.g.f.d.m.B.selectList_mpCount] [http-nio-8080-exec-6] [DEBUG] - ==> Parameters: 
[2026-09-16 18:03:18.358] [gas-forecast] [] [] [c.g.f.d.m.B.selectList_mpCount] [http-nio-8080-exec-10] [DEBUG] - ==> Parameters: 
[2026-09-16 18:03:18.359] [gas-forecast] [] [] [c.g.f.d.m.B.selectList_mpCount] [http-nio-8080-exec-8] [DEBUG] - ==>  Preparing: SELECT COUNT(*) AS total FROM base_customer_tb
[2026-09-16 18:03:18.359] [gas-forecast] [] [] [c.g.f.d.m.B.selectList_mpCount] [http-nio-8080-exec-8] [DEBUG] - ==> Parameters: 
[2026-09-16 18:03:18.359] [gas-forecast] [] [] [c.g.f.d.m.B.selectList_mpCount] [http-nio-8080-exec-10] [DEBUG] - <==      Total: 1
[2026-09-16 18:03:18.359] [gas-forecast] [] [] [c.g.f.d.m.B.selectList] [http-nio-8080-exec-10] [DEBUG] - ==>  Preparing: SELECT id,industry_code,industry_name,created_at,updated_at,created_by,created_by_name,updated_by,updated_by_name FROM base_industry_tb ORDER BY updated_at DESC,id DESC LIMIT ?
[2026-09-16 18:03:18.359] [gas-forecast] [] [] [c.g.f.d.m.B.selectList] [http-nio-8080-exec-10] [DEBUG] - ==> Parameters: 200(Long)
[2026-09-16 18:03:18.360] [gas-forecast] [] [] [c.g.f.d.m.B.selectList_mpCount] [http-nio-8080-exec-6] [DEBUG] - <==      Total: 1
[2026-09-16 18:03:18.360] [gas-forecast] [] [] [c.g.f.d.m.B.selectList_mpCount] [http-nio-8080-exec-8] [DEBUG] - <==      Total: 1
[2026-09-16 18:03:18.360] [gas-forecast] [] [] [c.g.f.d.m.B.selectList] [http-nio-8080-exec-10] [DEBUG] - <==      Total: 3
[2026-09-16 18:03:18.360] [gas-forecast] [] [] [c.g.f.d.m.B.selectList] [http-nio-8080-exec-6] [DEBUG] - ==>  Preparing: SELECT id,region_code,region_name,remark,created_by,created_at,updated_by,updated_at,updated_by_name,created_by_name FROM base_region_tb ORDER BY updated_at DESC,id DESC LIMIT ?
[2026-09-16 18:03:18.360] [gas-forecast] [] [] [c.g.f.d.m.B.selectList] [http-nio-8080-exec-8] [DEBUG] - ==>  Preparing: SELECT id,customer_code,customer_name,industry_code,industry_name,region_code,region_name,created_at,updated_at,created_by,created_by_name,updated_by,updated_by_name,raw_region_name,raw_industry_name FROM base_customer_tb ORDER BY updated_at DESC,id DESC LIMIT ?
[2026-09-16 18:03:18.360] [gas-forecast] [] [] [c.g.f.d.m.B.selectList] [http-nio-8080-exec-6] [DEBUG] - ==> Parameters: 200(Long)
[2026-09-16 18:03:18.361] [gas-forecast] [] [] [c.g.f.d.m.B.selectList] [http-nio-8080-exec-8] [DEBUG] - ==> Parameters: 200(Long)
[2026-09-16 18:03:18.361] [gas-forecast] [] [] [c.g.f.d.m.B.selectList] [http-nio-8080-exec-6] [DEBUG] - <==      Total: 11
[2026-09-16 18:03:18.362] [gas-forecast] [] [] [c.g.f.d.m.B.selectList] [http-nio-8080-exec-8] [DEBUG] - <==      Total: 21
[2026-09-16 18:03:34.800] [gas-forecast] [] [] [c.g.f.d.m.M.selectById] [http-nio-8080-exec-9] [DEBUG] - ==>  Preparing: SELECT id,config_code,config_name,agent_code,scene_code,enabled,description,create_time,update_time FROM model_config_tb WHERE id=?
[2026-09-16 18:03:34.800] [gas-forecast] [] [] [c.g.f.d.m.M.selectById] [http-nio-8080-exec-9] [DEBUG] - ==> Parameters: 1(Long)
[2026-09-16 18:03:34.802] [gas-forecast] [] [] [c.g.f.d.m.M.selectById] [http-nio-8080-exec-9] [DEBUG] - <==      Total: 1
[2026-09-16 18:03:34.803] [gas-forecast] [] [] [c.g.f.d.m.M.updateById] [http-nio-8080-exec-9] [DEBUG] - ==>  Preparing: UPDATE model_config_tb SET config_code=?, config_name=?, agent_code=?, scene_code=?, enabled=?, description=?, update_time=? WHERE id=?
[2026-09-16 18:03:34.803] [gas-forecast] [] [] [c.g.f.d.m.M.updateById] [http-nio-8080-exec-9] [DEBUG] - ==> Parameters: MCF000001(String), 冬季保供模型(String), winter-supply(String), WINTER_SUPPLY(String), 1(Integer), 该模型支持所有省份，是多个模型的组合，会自动选择最佳模型进行预测(String), 2026-09-16 18:03:34.802(Timestamp), 1(Long)
[2026-09-16 18:03:34.804] [gas-forecast] [] [] [c.g.f.d.m.M.updateById] [http-nio-8080-exec-9] [DEBUG] - <==    Updates: 1
[2026-09-16 18:03:34.804] [gas-forecast] [] [] [c.g.f.d.m.M.delete] [http-nio-8080-exec-9] [DEBUG] - ==>  Preparing: DELETE FROM model_config_scope_tb WHERE (model_config_id = ?)
[2026-09-16 18:03:34.804] [gas-forecast] [] [] [c.g.f.d.m.M.delete] [http-nio-8080-exec-9] [DEBUG] - ==> Parameters: 1(Long)
[2026-09-16 18:03:34.805] [gas-forecast] [] [] [c.g.f.d.m.M.delete] [http-nio-8080-exec-9] [DEBUG] - <==    Updates: 0
[2026-09-16 18:03:34.805] [gas-forecast] [] [] [c.g.f.d.m.M.selectById] [http-nio-8080-exec-9] [DEBUG] - ==>  Preparing: SELECT id,config_code,config_name,agent_code,scene_code,enabled,description,create_time,update_time FROM model_config_tb WHERE id=?
[2026-09-16 18:03:34.805] [gas-forecast] [] [] [c.g.f.d.m.M.selectById] [http-nio-8080-exec-9] [DEBUG] - ==> Parameters: 1(Long)
[2026-09-16 18:03:34.805] [gas-forecast] [] [] [c.g.f.d.m.M.selectById] [http-nio-8080-exec-9] [DEBUG] - <==      Total: 1
[2026-09-16 18:03:34.806] [gas-forecast] [] [] [c.g.f.d.m.M.selectList] [http-nio-8080-exec-9] [DEBUG] - ==>  Preparing: SELECT id,model_config_id,region_code,industry_code,customer_code,enabled,create_time FROM model_config_scope_tb WHERE (model_config_id IN (?)) ORDER BY id DESC
[2026-09-16 18:03:34.806] [gas-forecast] [] [] [c.g.f.d.m.M.selectList] [http-nio-8080-exec-9] [DEBUG] - ==> Parameters: 1(Long)
[2026-09-16 18:03:34.806] [gas-forecast] [] [] [c.g.f.d.m.M.selectList] [http-nio-8080-exec-9] [DEBUG] - <==      Total: 0
[2026-09-16 18:03:34.814] [gas-forecast] [] [] [c.g.f.d.m.M.selectList_mpCount] [http-nio-8080-exec-3] [DEBUG] - ==>  Preparing: SELECT COUNT(*) AS total FROM model_config_tb
[2026-09-16 18:03:34.814] [gas-forecast] [] [] [c.g.f.d.m.M.selectList_mpCount] [http-nio-8080-exec-3] [DEBUG] - ==> Parameters: 
[2026-09-16 18:03:34.815] [gas-forecast] [] [] [c.g.f.d.m.M.selectList_mpCount] [http-nio-8080-exec-3] [DEBUG] - <==      Total: 1
[2026-09-16 18:03:34.815] [gas-forecast] [] [] [c.g.f.d.m.M.selectList] [http-nio-8080-exec-3] [DEBUG] - ==>  Preparing: SELECT id,config_code,config_name,agent_code,scene_code,enabled,description,create_time,update_time FROM model_config_tb ORDER BY update_time DESC,id DESC LIMIT ?
[2026-09-16 18:03:34.815] [gas-forecast] [] [] [c.g.f.d.m.M.selectList] [http-nio-8080-exec-3] [DEBUG] - ==> Parameters: 10(Long)
[2026-09-16 18:03:34.816] [gas-forecast] [] [] [c.g.f.d.m.M.selectList] [http-nio-8080-exec-3] [DEBUG] - <==      Total: 1
[2026-09-16 18:03:34.817] [gas-forecast] [] [] [c.g.f.d.m.M.selectList] [http-nio-8080-exec-3] [DEBUG] - ==>  Preparing: SELECT id,model_config_id,region_code,industry_code,customer_code,enabled,create_time FROM model_config_scope_tb WHERE (model_config_id IN (?)) ORDER BY id DESC
[2026-09-16 18:03:34.817] [gas-forecast] [] [] [c.g.f.d.m.M.selectList] [http-nio-8080-exec-3] [DEBUG] - ==> Parameters: 1(Long)
[2026-09-16 18:03:34.817] [gas-forecast] [] [] [c.g.f.d.m.M.selectList] [http-nio-8080-exec-3] [DEBUG] - <==      Total: 0
[2026-09-16 18:03:57.300] [gas-forecast] [] [] [c.g.f.d.m.S.selectForUpdate] [http-nio-8080-exec-5] [DEBUG] - ==>  Preparing: select code_type, current_value, updated_at from sys_code_sequence_tb where code_type = ? for update
[2026-09-16 18:03:57.300] [gas-forecast] [] [] [c.g.f.d.m.S.selectForUpdate] [http-nio-8080-exec-5] [DEBUG] - ==> Parameters: MCF(String)
[2026-09-16 18:03:57.301] [gas-forecast] [] [] [c.g.f.d.m.S.selectForUpdate] [http-nio-8080-exec-5] [DEBUG] - <==      Total: 1
[2026-09-16 18:03:57.301] [gas-forecast] [] [] [c.g.f.d.m.S.updateById] [http-nio-8080-exec-5] [DEBUG] - ==>  Preparing: UPDATE sys_code_sequence_tb SET current_value=?, updated_at=? WHERE code_type=?
[2026-09-16 18:03:57.301] [gas-forecast] [] [] [c.g.f.d.m.S.updateById] [http-nio-8080-exec-5] [DEBUG] - ==> Parameters: 2(Long), 2026-09-16 18:03:57.301(Timestamp), MCF(String)
[2026-09-16 18:03:57.302] [gas-forecast] [] [] [c.g.f.d.m.S.updateById] [http-nio-8080-exec-5] [DEBUG] - <==    Updates: 1
[2026-09-16 18:03:57.302] [gas-forecast] [] [] [c.g.f.d.m.ModelConfigTbMapper.insert] [http-nio-8080-exec-5] [DEBUG] - ==>  Preparing: INSERT INTO model_config_tb ( config_code, config_name, agent_code, scene_code, enabled, description, create_time, update_time ) VALUES ( ?, ?, ?, ?, ?, ?, ?, ? )
[2026-09-16 18:03:57.302] [gas-forecast] [] [] [c.g.f.d.m.ModelConfigTbMapper.insert] [http-nio-8080-exec-5] [DEBUG] - ==> Parameters: MCF000002(String), 测试(String), monthly-sales(String), MONTHLY_SALES(String), 1(Integer), (String), 2026-09-16 18:03:57.3(Timestamp), 2026-09-16 18:03:57.3(Timestamp)
[2026-09-16 18:03:57.304] [gas-forecast] [] [] [c.g.f.d.m.ModelConfigTbMapper.insert] [http-nio-8080-exec-5] [DEBUG] - <==    Updates: 1
[2026-09-16 18:03:57.304] [gas-forecast] [] [] [c.g.f.d.m.M.delete] [http-nio-8080-exec-5] [DEBUG] - ==>  Preparing: DELETE FROM model_config_scope_tb WHERE (model_config_id = ?)
[2026-09-16 18:03:57.304] [gas-forecast] [] [] [c.g.f.d.m.M.delete] [http-nio-8080-exec-5] [DEBUG] - ==> Parameters: 2(Long)
[2026-09-16 18:03:57.305] [gas-forecast] [] [] [c.g.f.d.m.M.delete] [http-nio-8080-exec-5] [DEBUG] - <==    Updates: 0
[2026-09-16 18:03:57.305] [gas-forecast] [] [] [c.g.f.d.m.M.selectList] [http-nio-8080-exec-5] [DEBUG] - ==>  Preparing: SELECT id,model_config_id,region_code,industry_code,customer_code,enabled,create_time FROM model_config_scope_tb WHERE (model_config_id IN (?)) ORDER BY id DESC
[2026-09-16 18:03:57.305] [gas-forecast] [] [] [c.g.f.d.m.M.selectList] [http-nio-8080-exec-5] [DEBUG] - ==> Parameters: 2(Long)
[2026-09-16 18:03:57.305] [gas-forecast] [] [] [c.g.f.d.m.M.selectList] [http-nio-8080-exec-5] [DEBUG] - <==      Total: 0
[2026-09-16 18:03:57.314] [gas-forecast] [] [] [c.g.f.d.m.M.selectList_mpCount] [http-nio-8080-exec-2] [DEBUG] - ==>  Preparing: SELECT COUNT(*) AS total FROM model_config_tb
[2026-09-16 18:03:57.314] [gas-forecast] [] [] [c.g.f.d.m.M.selectList_mpCount] [http-nio-8080-exec-2] [DEBUG] - ==> Parameters: 
[2026-09-16 18:03:57.315] [gas-forecast] [] [] [c.g.f.d.m.M.selectList_mpCount] [http-nio-8080-exec-2] [DEBUG] - <==      Total: 1
[2026-09-16 18:03:57.315] [gas-forecast] [] [] [c.g.f.d.m.M.selectList] [http-nio-8080-exec-2] [DEBUG] - ==>  Preparing: SELECT id,config_code,config_name,agent_code,scene_code,enabled,description,create_time,update_time FROM model_config_tb ORDER BY update_time DESC,id DESC LIMIT ?
[2026-09-16 18:03:57.315] [gas-forecast] [] [] [c.g.f.d.m.M.selectList] [http-nio-8080-exec-2] [DEBUG] - ==> Parameters: 10(Long)
[2026-09-16 18:03:57.315] [gas-forecast] [] [] [c.g.f.d.m.M.selectList] [http-nio-8080-exec-2] [DEBUG] - <==      Total: 2
[2026-09-16 18:03:57.316] [gas-forecast] [] [] [c.g.f.d.m.M.selectList] [http-nio-8080-exec-2] [DEBUG] - ==>  Preparing: SELECT id,model_config_id,region_code,industry_code,customer_code,enabled,create_time FROM model_config_scope_tb WHERE (model_config_id IN (?,?)) ORDER BY id DESC
[2026-09-16 18:03:57.316] [gas-forecast] [] [] [c.g.f.d.m.M.selectList] [http-nio-8080-exec-2] [DEBUG] - ==> Parameters: 2(Long), 1(Long)
[2026-09-16 18:03:57.316] [gas-forecast] [] [] [c.g.f.d.m.M.selectList] [http-nio-8080-exec-2] [DEBUG] - <==      Total: 0
[2026-09-16 18:08:32.519] [gas-forecast] [] [] [c.g.f.d.m.M.selectList_mpCount] [http-nio-8080-exec-10] [DEBUG] - ==>  Preparing: SELECT COUNT(*) AS total FROM model_config_tb
[2026-09-16 18:08:32.519] [gas-forecast] [] [] [c.g.f.d.m.S.selectByUsername] [http-nio-8080-exec-1] [DEBUG] - ==>  Preparing: select distinct p.* from sys_permission_tb p where p.status = 1 and ( exists ( select 1 from sys_user_tb u join sys_user_role_ref ur on ur.user_id = u.id join sys_role_permission_ref rp on rp.role_id = ur.role_id where rp.permission_id = p.id and u.username = ? and u.deleted = 0 ) or exists ( select 1 from sys_user_tb u join sys_user_department_ref ud on ud.user_id = u.id join sys_department_permission_ref dp on dp.department_id = ud.department_id where dp.permission_id = p.id and u.username = ? and u.deleted = 0 ) ) order by p.sort_no, p.id
[2026-09-16 18:08:32.519] [gas-forecast] [] [] [c.g.f.d.m.S.selectByUsername] [http-nio-8080-exec-4] [DEBUG] - ==>  Preparing: select distinct p.* from sys_permission_tb p where p.status = 1 and ( exists ( select 1 from sys_user_tb u join sys_user_role_ref ur on ur.user_id = u.id join sys_role_permission_ref rp on rp.role_id = ur.role_id where rp.permission_id = p.id and u.username = ? and u.deleted = 0 ) or exists ( select 1 from sys_user_tb u join sys_user_department_ref ud on ud.user_id = u.id join sys_department_permission_ref dp on dp.department_id = ud.department_id where dp.permission_id = p.id and u.username = ? and u.deleted = 0 ) ) order by p.sort_no, p.id
[2026-09-16 18:08:32.520] [gas-forecast] [] [] [c.g.f.d.m.M.selectList_mpCount] [http-nio-8080-exec-10] [DEBUG] - ==> Parameters: 
[2026-09-16 18:08:32.520] [gas-forecast] [] [] [c.g.f.d.m.S.selectByUsername] [http-nio-8080-exec-7] [DEBUG] - ==>  Preparing: select distinct p.* from sys_permission_tb p where p.status = 1 and ( exists ( select 1 from sys_user_tb u join sys_user_role_ref ur on ur.user_id = u.id join sys_role_permission_ref rp on rp.role_id = ur.role_id where rp.permission_id = p.id and u.username = ? and u.deleted = 0 ) or exists ( select 1 from sys_user_tb u join sys_user_department_ref ud on ud.user_id = u.id join sys_department_permission_ref dp on dp.department_id = ud.department_id where dp.permission_id = p.id and u.username = ? and u.deleted = 0 ) ) order by p.sort_no, p.id
[2026-09-16 18:08:32.520] [gas-forecast] [] [] [c.g.f.d.m.S.selectByUsername] [http-nio-8080-exec-1] [DEBUG] - ==> Parameters: admin(String), admin(String)
[2026-09-16 18:08:32.520] [gas-forecast] [] [] [c.g.f.d.m.S.selectByUsername] [http-nio-8080-exec-4] [DEBUG] - ==> Parameters: admin(String), admin(String)
[2026-09-16 18:08:32.520] [gas-forecast] [] [] [c.g.f.d.m.S.selectByUsername] [http-nio-8080-exec-7] [DEBUG] - ==> Parameters: admin(String), admin(String)
[2026-09-16 18:08:32.523] [gas-forecast] [] [] [c.g.f.d.m.M.selectList_mpCount] [http-nio-8080-exec-10] [DEBUG] - <==      Total: 1
[2026-09-16 18:08:32.523] [gas-forecast] [] [] [c.g.f.d.m.M.selectList] [http-nio-8080-exec-10] [DEBUG] - ==>  Preparing: SELECT id,config_code,config_name,agent_code,scene_code,enabled,description,create_time,update_time FROM model_config_tb ORDER BY update_time DESC,id DESC LIMIT ?
[2026-09-16 18:08:32.524] [gas-forecast] [] [] [c.g.f.d.m.M.selectList] [http-nio-8080-exec-10] [DEBUG] - ==> Parameters: 10(Long)
[2026-09-16 18:08:32.524] [gas-forecast] [] [] [c.g.f.d.m.S.selectByUsername] [http-nio-8080-exec-4] [DEBUG] - <==      Total: 55
[2026-09-16 18:08:32.524] [gas-forecast] [] [] [c.g.f.d.m.S.selectByUsername] [http-nio-8080-exec-1] [DEBUG] - <==      Total: 55
[2026-09-16 18:08:32.524] [gas-forecast] [] [] [c.g.f.d.m.M.selectList] [http-nio-8080-exec-10] [DEBUG] - <==      Total: 2
[2026-09-16 18:08:32.524] [gas-forecast] [] [] [c.g.f.d.m.S.selectByUsername] [http-nio-8080-exec-7] [DEBUG] - <==      Total: 55
[2026-09-16 18:08:32.524] [gas-forecast] [] [] [c.g.f.d.m.M.selectList] [http-nio-8080-exec-10] [DEBUG] - ==>  Preparing: SELECT id,model_config_id,region_code,industry_code,customer_code,enabled,create_time FROM model_config_scope_tb WHERE (model_config_id IN (?,?)) ORDER BY id DESC
[2026-09-16 18:08:32.524] [gas-forecast] [] [] [c.g.f.d.m.M.selectList] [http-nio-8080-exec-10] [DEBUG] - ==> Parameters: 2(Long), 1(Long)
[2026-09-16 18:08:32.525] [gas-forecast] [] [] [c.g.f.d.m.M.selectList] [http-nio-8080-exec-10] [DEBUG] - <==      Total: 0
[2026-09-16 18:08:32.527] [gas-forecast] [] [] [c.g.f.d.m.B.selectList_mpCount] [http-nio-8080-exec-1] [DEBUG] - ==>  Preparing: SELECT COUNT(*) AS total FROM base_industry_tb
[2026-09-16 18:08:32.528] [gas-forecast] [] [] [c.g.f.d.m.B.selectList_mpCount] [http-nio-8080-exec-1] [DEBUG] - ==> Parameters: 
[2026-09-16 18:08:32.528] [gas-forecast] [] [] [c.g.f.d.m.B.selectList_mpCount] [http-nio-8080-exec-4] [DEBUG] - ==>  Preparing: SELECT COUNT(*) AS total FROM base_region_tb
[2026-09-16 18:08:32.528] [gas-forecast] [] [] [c.g.f.d.m.B.selectList_mpCount] [http-nio-8080-exec-4] [DEBUG] - ==> Parameters: 
[2026-09-16 18:08:32.528] [gas-forecast] [] [] [c.g.f.d.m.B.selectList_mpCount] [http-nio-8080-exec-7] [DEBUG] - ==>  Preparing: SELECT COUNT(*) AS total FROM base_customer_tb
[2026-09-16 18:08:32.528] [gas-forecast] [] [] [c.g.f.d.m.B.selectList_mpCount] [http-nio-8080-exec-7] [DEBUG] - ==> Parameters: 
[2026-09-16 18:08:32.529] [gas-forecast] [] [] [c.g.f.d.m.B.selectList_mpCount] [http-nio-8080-exec-1] [DEBUG] - <==      Total: 1
[2026-09-16 18:08:32.529] [gas-forecast] [] [] [c.g.f.d.m.B.selectList] [http-nio-8080-exec-1] [DEBUG] - ==>  Preparing: SELECT id,industry_code,industry_name,created_at,updated_at,created_by,created_by_name,updated_by,updated_by_name FROM base_industry_tb ORDER BY updated_at DESC,id DESC LIMIT ?
[2026-09-16 18:08:32.529] [gas-forecast] [] [] [c.g.f.d.m.B.selectList] [http-nio-8080-exec-1] [DEBUG] - ==> Parameters: 200(Long)
[2026-09-16 18:08:32.529] [gas-forecast] [] [] [c.g.f.d.m.B.selectList_mpCount] [http-nio-8080-exec-4] [DEBUG] - <==      Total: 1
[2026-09-16 18:08:32.529] [gas-forecast] [] [] [c.g.f.d.m.B.selectList_mpCount] [http-nio-8080-exec-7] [DEBUG] - <==      Total: 1
[2026-09-16 18:08:32.529] [gas-forecast] [] [] [c.g.f.d.m.B.selectList] [http-nio-8080-exec-4] [DEBUG] - ==>  Preparing: SELECT id,region_code,region_name,remark,created_by,created_at,updated_by,updated_at,updated_by_name,created_by_name FROM base_region_tb ORDER BY updated_at DESC,id DESC LIMIT ?
[2026-09-16 18:08:32.529] [gas-forecast] [] [] [c.g.f.d.m.B.selectList] [http-nio-8080-exec-7] [DEBUG] - ==>  Preparing: SELECT id,customer_code,customer_name,industry_code,industry_name,region_code,region_name,created_at,updated_at,created_by,created_by_name,updated_by,updated_by_name,raw_region_name,raw_industry_name FROM base_customer_tb ORDER BY updated_at DESC,id DESC LIMIT ?
[2026-09-16 18:08:32.529] [gas-forecast] [] [] [c.g.f.d.m.B.selectList] [http-nio-8080-exec-4] [DEBUG] - ==> Parameters: 200(Long)
[2026-09-16 18:08:32.529] [gas-forecast] [] [] [c.g.f.d.m.B.selectList] [http-nio-8080-exec-7] [DEBUG] - ==> Parameters: 200(Long)
[2026-09-16 18:08:32.530] [gas-forecast] [] [] [c.g.f.d.m.B.selectList] [http-nio-8080-exec-1] [DEBUG] - <==      Total: 3
[2026-09-16 18:08:32.530] [gas-forecast] [] [] [c.g.f.d.m.B.selectList] [http-nio-8080-exec-4] [DEBUG] - <==      Total: 11
[2026-09-16 18:08:32.530] [gas-forecast] [] [] [c.g.f.d.m.B.selectList] [http-nio-8080-exec-7] [DEBUG] - <==      Total: 21
