[2026-09-21 11:29:57.593] [gas-forecast] [] [] [c.g.f.d.m.SysUserTbMapper.selectList] [http-nio-8080-exec-1] [DEBUG] - ==>  Preparing: SELECT id,username,real_name,password_hash,password_salt,avatar,email,phone,org_code,status,deleted,created_at,updated_at FROM sys_user_tb WHERE (username = ? AND deleted = ?)
[2026-09-21 11:29:57.606] [gas-forecast] [] [] [c.g.f.d.m.SysUserTbMapper.selectList] [http-nio-8080-exec-1] [DEBUG] - ==> Parameters: admin(String), 0(Integer)
[2026-09-21 11:29:57.616] [gas-forecast] [] [] [c.g.f.d.m.SysUserTbMapper.selectList] [http-nio-8080-exec-1] [DEBUG] - <==      Total: 1
[2026-09-21 11:29:57.618] [gas-forecast] [] [] [c.g.f.d.m.S.selectRoleCodesByUsername] [http-nio-8080-exec-1] [DEBUG] - ==>  Preparing: select r.role_code from sys_user_tb u join sys_user_role_ref ur on ur.user_id = u.id join sys_role_tb r on r.id = ur.role_id where u.username = ? order by r.role_code
[2026-09-21 11:29:57.618] [gas-forecast] [] [] [c.g.f.d.m.S.selectRoleCodesByUsername] [http-nio-8080-exec-1] [DEBUG] - ==> Parameters: admin(String)
[2026-09-21 11:29:57.620] [gas-forecast] [] [] [c.g.f.d.m.S.selectRoleCodesByUsername] [http-nio-8080-exec-1] [DEBUG] - <==      Total: 1
[2026-09-21 11:29:57.620] [gas-forecast] [] [] [c.g.f.d.m.S.selectByUsername] [http-nio-8080-exec-1] [DEBUG] - ==>  Preparing: select distinct p.* from sys_permission_tb p where p.status = 1 and ( exists ( select 1 from sys_user_tb u join sys_user_role_ref ur on ur.user_id = u.id join sys_role_permission_ref rp on rp.role_id = ur.role_id where rp.permission_id = p.id and u.username = ? and u.deleted = 0 ) or exists ( select 1 from sys_user_tb u join sys_user_department_ref ud on ud.user_id = u.id join sys_department_permission_ref dp on dp.department_id = ud.department_id where dp.permission_id = p.id and u.username = ? and u.deleted = 0 ) ) order by p.sort_no, p.id
[2026-09-21 11:29:57.620] [gas-forecast] [] [] [c.g.f.d.m.S.selectByUsername] [http-nio-8080-exec-1] [DEBUG] - ==> Parameters: admin(String), admin(String)
[2026-09-21 11:29:57.626] [gas-forecast] [] [] [c.g.f.d.m.S.selectByUsername] [http-nio-8080-exec-1] [DEBUG] - <==      Total: 65
[2026-09-21 11:29:57.791] [gas-forecast] [] [] [c.g.f.d.m.SysUserTbMapper.selectList] [http-nio-8080-exec-4] [DEBUG] - ==>  Preparing: SELECT id,username,real_name,password_hash,password_salt,avatar,email,phone,org_code,status,deleted,created_at,updated_at FROM sys_user_tb WHERE (username = ? AND deleted = ?)
[2026-09-21 11:29:57.791] [gas-forecast] [] [] [c.g.f.d.m.SysUserTbMapper.selectList] [http-nio-8080-exec-4] [DEBUG] - ==> Parameters: admin(String), 0(Integer)
[2026-09-21 11:29:57.792] [gas-forecast] [] [] [c.g.f.d.m.SysUserTbMapper.selectList] [http-nio-8080-exec-4] [DEBUG] - <==      Total: 1
[2026-09-21 11:29:57.792] [gas-forecast] [] [] [c.g.f.d.m.S.selectRoleCodesByUsername] [http-nio-8080-exec-4] [DEBUG] - ==>  Preparing: select r.role_code from sys_user_tb u join sys_user_role_ref ur on ur.user_id = u.id join sys_role_tb r on r.id = ur.role_id where u.username = ? order by r.role_code
[2026-09-21 11:29:57.793] [gas-forecast] [] [] [c.g.f.d.m.S.selectRoleCodesByUsername] [http-nio-8080-exec-4] [DEBUG] - ==> Parameters: admin(String)
[2026-09-21 11:29:57.793] [gas-forecast] [] [] [c.g.f.d.m.S.selectRoleCodesByUsername] [http-nio-8080-exec-4] [DEBUG] - <==      Total: 1
[2026-09-21 11:29:57.793] [gas-forecast] [] [] [c.g.f.d.m.S.selectByUsername] [http-nio-8080-exec-4] [DEBUG] - ==>  Preparing: select distinct p.* from sys_permission_tb p where p.status = 1 and ( exists ( select 1 from sys_user_tb u join sys_user_role_ref ur on ur.user_id = u.id join sys_role_permission_ref rp on rp.role_id = ur.role_id where rp.permission_id = p.id and u.username = ? and u.deleted = 0 ) or exists ( select 1 from sys_user_tb u join sys_user_department_ref ud on ud.user_id = u.id join sys_department_permission_ref dp on dp.department_id = ud.department_id where dp.permission_id = p.id and u.username = ? and u.deleted = 0 ) ) order by p.sort_no, p.id
[2026-09-21 11:29:57.793] [gas-forecast] [] [] [c.g.f.d.m.S.selectByUsername] [http-nio-8080-exec-4] [DEBUG] - ==> Parameters: admin(String), admin(String)
[2026-09-21 11:29:57.800] [gas-forecast] [] [] [c.g.f.d.m.S.selectByUsername] [http-nio-8080-exec-4] [DEBUG] - <==      Total: 65
[2026-09-21 11:30:01.064] [gas-forecast] [] [] [c.g.f.d.m.M.selectList_mpCount] [http-nio-8080-exec-5] [DEBUG] - ==>  Preparing: SELECT COUNT(*) AS total FROM model_config_tb
[2026-09-21 11:30:01.064] [gas-forecast] [] [] [c.g.f.d.m.M.selectList_mpCount] [http-nio-8080-exec-5] [DEBUG] - ==> Parameters: 
[2026-09-21 11:30:01.066] [gas-forecast] [] [] [c.g.f.d.m.M.selectList_mpCount] [http-nio-8080-exec-5] [DEBUG] - <==      Total: 1
[2026-09-21 11:30:01.067] [gas-forecast] [] [] [c.g.f.d.m.M.selectList] [http-nio-8080-exec-5] [DEBUG] - ==>  Preparing: SELECT id,model_code,model_name,model_version,agent_code,description,created_by,created_at,updated_at,created_by_name FROM model_config_tb ORDER BY updated_at DESC,id DESC LIMIT ?
[2026-09-21 11:30:01.068] [gas-forecast] [] [] [c.g.f.d.m.M.selectList] [http-nio-8080-exec-5] [DEBUG] - ==> Parameters: 10(Long)
[2026-09-21 11:30:01.069] [gas-forecast] [] [] [c.g.f.d.m.M.selectList] [http-nio-8080-exec-5] [DEBUG] - <==      Total: 2
[2026-09-21 11:30:01.070] [gas-forecast] [] [] [c.g.f.d.m.M.selectList] [http-nio-8080-exec-5] [DEBUG] - ==>  Preparing: SELECT id,model_id,model_code,region_code,industry_code,customer_code,created_by,created_at,updated_at,created_by_name FROM model_config_scope_tb WHERE (model_id IN (?,?)) ORDER BY id DESC
[2026-09-21 11:30:01.070] [gas-forecast] [] [] [c.g.f.d.m.M.selectList] [http-nio-8080-exec-5] [DEBUG] - ==> Parameters: 2(Long), 1(Long)
[2026-09-21 11:30:01.071] [gas-forecast] [] [] [c.g.f.d.m.M.selectList] [http-nio-8080-exec-5] [DEBUG] - <==      Total: 8
[2026-09-21 11:30:01.071] [gas-forecast] [] [] [c.g.f.d.m.M.selectList] [http-nio-8080-exec-5] [DEBUG] - ==>  Preparing: SELECT id,model_id,feature_id,required_flag,feature_order,created_at,created_by FROM model_feature_ref WHERE (model_id IN (?,?)) ORDER BY feature_order ASC,id ASC
[2026-09-21 11:30:01.072] [gas-forecast] [] [] [c.g.f.d.m.M.selectList] [http-nio-8080-exec-5] [DEBUG] - ==> Parameters: 2(Long), 1(Long)
[2026-09-21 11:30:01.073] [gas-forecast] [] [] [c.g.f.d.m.M.selectList] [http-nio-8080-exec-5] [DEBUG] - <==      Total: 25
[2026-09-21 11:30:01.074] [gas-forecast] [] [] [c.g.f.d.m.M.selectBatchIds] [http-nio-8080-exec-5] [DEBUG] - ==>  Preparing: SELECT id,feature_code,feature_name,feature_column,time_granularity,enabled,description,created_at,created_by,updated_by_name FROM model_feature_definition_tb WHERE id IN ( ? , ? , ? , ? , ? , ? , ? , ? , ? , ? , ? , ? , ? , ? , ? , ? , ? , ? , ? , ? , ? , ? , ? , ? , ? )
[2026-09-21 11:30:01.074] [gas-forecast] [] [] [c.g.f.d.m.M.selectBatchIds] [http-nio-8080-exec-5] [DEBUG] - ==> Parameters: 5(Long), 6(Long), 4(Long), 7(Long), 3(Long), 8(Long), 2(Long), 9(Long), 1(Long), 10(Long), 11(Long), 12(Long), 13(Long), 14(Long), 15(Long), 16(Long), 17(Long), 18(Long), 19(Long), 20(Long), 21(Long), 22(Long), 23(Long), 24(Long), 25(Long)
[2026-09-21 11:30:01.077] [gas-forecast] [] [] [c.g.f.d.m.M.selectBatchIds] [http-nio-8080-exec-5] [DEBUG] - <==      Total: 25
[2026-09-21 11:30:01.078] [gas-forecast] [] [] [c.g.f.d.m.B.selectList] [http-nio-8080-exec-5] [DEBUG] - ==>  Preparing: SELECT id,region_code,region_name,remark,created_by,created_at,updated_by,updated_at,updated_by_name,created_by_name FROM base_region_tb WHERE (region_code IN (?,?,?,?,?,?,?,?))
[2026-09-21 11:30:01.078] [gas-forecast] [] [] [c.g.f.d.m.B.selectList] [http-nio-8080-exec-5] [DEBUG] - ==> Parameters: REG000012(String), REG000005(String), REG000006(String), REG000007(String), REG000008(String), REG000009(String), REG000010(String), REG000011(String)
[2026-09-21 11:30:01.079] [gas-forecast] [] [] [c.g.f.d.m.B.selectList] [http-nio-8080-exec-5] [DEBUG] - <==      Total: 8
[2026-09-21 11:30:03.278] [gas-forecast] [] [] [c.g.f.d.m.M.selectList_mpCount] [http-nio-8080-exec-6] [DEBUG] - ==>  Preparing: SELECT COUNT(*) AS total FROM model_forecast_config_tb
[2026-09-21 11:30:03.279] [gas-forecast] [] [] [c.g.f.d.m.M.selectList_mpCount] [http-nio-8080-exec-6] [DEBUG] - ==> Parameters: 
[2026-09-21 11:44:48.633] [gas-forecast] [] [] [c.g.f.d.m.SysUserTbMapper.selectList] [http-nio-8080-exec-7] [DEBUG] - ==>  Preparing: SELECT id,username,real_name,password_hash,password_salt,avatar,email,phone,org_code,status,deleted,created_at,updated_at FROM sys_user_tb WHERE (username = ? AND deleted = ?)
[2026-09-21 11:44:48.634] [gas-forecast] [] [] [c.g.f.d.m.SysUserTbMapper.selectList] [http-nio-8080-exec-7] [DEBUG] - ==> Parameters: admin(String), 0(Integer)
[2026-09-21 11:44:48.639] [gas-forecast] [] [] [c.g.f.d.m.SysUserTbMapper.selectList] [http-nio-8080-exec-7] [DEBUG] - <==      Total: 1
[2026-09-21 11:44:48.640] [gas-forecast] [] [] [c.g.f.d.m.S.selectRoleCodesByUsername] [http-nio-8080-exec-7] [DEBUG] - ==>  Preparing: select r.role_code from sys_user_tb u join sys_user_role_ref ur on ur.user_id = u.id join sys_role_tb r on r.id = ur.role_id where u.username = ? order by r.role_code
[2026-09-21 11:44:48.640] [gas-forecast] [] [] [c.g.f.d.m.S.selectRoleCodesByUsername] [http-nio-8080-exec-7] [DEBUG] - ==> Parameters: admin(String)
[2026-09-21 11:44:48.641] [gas-forecast] [] [] [c.g.f.d.m.S.selectRoleCodesByUsername] [http-nio-8080-exec-7] [DEBUG] - <==      Total: 1
[2026-09-21 11:44:48.641] [gas-forecast] [] [] [c.g.f.d.m.S.selectByUsername] [http-nio-8080-exec-7] [DEBUG] - ==>  Preparing: select distinct p.* from sys_permission_tb p where p.status = 1 and ( exists ( select 1 from sys_user_tb u join sys_user_role_ref ur on ur.user_id = u.id join sys_role_permission_ref rp on rp.role_id = ur.role_id where rp.permission_id = p.id and u.username = ? and u.deleted = 0 ) or exists ( select 1 from sys_user_tb u join sys_user_department_ref ud on ud.user_id = u.id join sys_department_permission_ref dp on dp.department_id = ud.department_id where dp.permission_id = p.id and u.username = ? and u.deleted = 0 ) ) order by p.sort_no, p.id
[2026-09-21 11:44:48.641] [gas-forecast] [] [] [c.g.f.d.m.S.selectByUsername] [http-nio-8080-exec-7] [DEBUG] - ==> Parameters: admin(String), admin(String)
[2026-09-21 11:44:48.644] [gas-forecast] [] [] [c.g.f.d.m.S.selectByUsername] [http-nio-8080-exec-7] [DEBUG] - <==      Total: 65
[2026-09-21 11:44:48.645] [gas-forecast] [] [] [c.g.f.d.m.M.selectList_mpCount] [http-nio-8080-exec-8] [DEBUG] - ==>  Preparing: SELECT COUNT(*) AS total FROM model_forecast_config_tb
[2026-09-21 11:44:48.645] [gas-forecast] [] [] [c.g.f.d.m.M.selectList_mpCount] [http-nio-8080-exec-8] [DEBUG] - ==> Parameters: 
[2026-09-21 11:44:48.668] [gas-forecast] [] [] [c.g.f.d.m.SysUserTbMapper.selectList] [http-nio-8080-exec-9] [DEBUG] - ==>  Preparing: SELECT id,username,real_name,password_hash,password_salt,avatar,email,phone,org_code,status,deleted,created_at,updated_at FROM sys_user_tb WHERE (username = ? AND deleted = ?)
[2026-09-21 11:44:48.668] [gas-forecast] [] [] [c.g.f.d.m.SysUserTbMapper.selectList] [http-nio-8080-exec-9] [DEBUG] - ==> Parameters: admin(String), 0(Integer)
[2026-09-21 11:44:48.669] [gas-forecast] [] [] [c.g.f.d.m.SysUserTbMapper.selectList] [http-nio-8080-exec-9] [DEBUG] - <==      Total: 1
[2026-09-21 11:44:48.669] [gas-forecast] [] [] [c.g.f.d.m.S.selectRoleCodesByUsername] [http-nio-8080-exec-9] [DEBUG] - ==>  Preparing: select r.role_code from sys_user_tb u join sys_user_role_ref ur on ur.user_id = u.id join sys_role_tb r on r.id = ur.role_id where u.username = ? order by r.role_code
[2026-09-21 11:44:48.669] [gas-forecast] [] [] [c.g.f.d.m.S.selectRoleCodesByUsername] [http-nio-8080-exec-9] [DEBUG] - ==> Parameters: admin(String)
[2026-09-21 11:44:48.670] [gas-forecast] [] [] [c.g.f.d.m.S.selectRoleCodesByUsername] [http-nio-8080-exec-9] [DEBUG] - <==      Total: 1
[2026-09-21 11:44:48.670] [gas-forecast] [] [] [c.g.f.d.m.S.selectByUsername] [http-nio-8080-exec-9] [DEBUG] - ==>  Preparing: select distinct p.* from sys_permission_tb p where p.status = 1 and ( exists ( select 1 from sys_user_tb u join sys_user_role_ref ur on ur.user_id = u.id join sys_role_permission_ref rp on rp.role_id = ur.role_id where rp.permission_id = p.id and u.username = ? and u.deleted = 0 ) or exists ( select 1 from sys_user_tb u join sys_user_department_ref ud on ud.user_id = u.id join sys_department_permission_ref dp on dp.department_id = ud.department_id where dp.permission_id = p.id and u.username = ? and u.deleted = 0 ) ) order by p.sort_no, p.id
[2026-09-21 11:44:48.670] [gas-forecast] [] [] [c.g.f.d.m.S.selectByUsername] [http-nio-8080-exec-9] [DEBUG] - ==> Parameters: admin(String), admin(String)
[2026-09-21 11:44:48.673] [gas-forecast] [] [] [c.g.f.d.m.S.selectByUsername] [http-nio-8080-exec-9] [DEBUG] - <==      Total: 65
[2026-09-21 12:00:02.043] [gas-forecast] [] [] [c.g.f.d.m.SysUserTbMapper.selectList] [http-nio-8080-exec-2] [DEBUG] - ==>  Preparing: SELECT id,username,real_name,password_hash,password_salt,avatar,email,phone,org_code,status,deleted,created_at,updated_at FROM sys_user_tb WHERE (username = ? AND deleted = ?)
[2026-09-21 12:00:02.044] [gas-forecast] [] [] [c.g.f.d.m.SysUserTbMapper.selectList] [http-nio-8080-exec-2] [DEBUG] - ==> Parameters: admin(String), 0(Integer)
[2026-09-21 12:00:02.050] [gas-forecast] [] [] [c.g.f.d.m.SysUserTbMapper.selectList] [http-nio-8080-exec-2] [DEBUG] - <==      Total: 1
[2026-09-21 12:00:02.050] [gas-forecast] [] [] [c.g.f.d.m.S.selectRoleCodesByUsername] [http-nio-8080-exec-2] [DEBUG] - ==>  Preparing: select r.role_code from sys_user_tb u join sys_user_role_ref ur on ur.user_id = u.id join sys_role_tb r on r.id = ur.role_id where u.username = ? order by r.role_code
[2026-09-21 12:00:02.050] [gas-forecast] [] [] [c.g.f.d.m.S.selectRoleCodesByUsername] [http-nio-8080-exec-2] [DEBUG] - ==> Parameters: admin(String)
[2026-09-21 12:00:02.052] [gas-forecast] [] [] [c.g.f.d.m.S.selectRoleCodesByUsername] [http-nio-8080-exec-2] [DEBUG] - <==      Total: 1
[2026-09-21 12:00:02.053] [gas-forecast] [] [] [c.g.f.d.m.S.selectByUsername] [http-nio-8080-exec-2] [DEBUG] - ==>  Preparing: select distinct p.* from sys_permission_tb p where p.status = 1 and ( exists ( select 1 from sys_user_tb u join sys_user_role_ref ur on ur.user_id = u.id join sys_role_permission_ref rp on rp.role_id = ur.role_id where rp.permission_id = p.id and u.username = ? and u.deleted = 0 ) or exists ( select 1 from sys_user_tb u join sys_user_department_ref ud on ud.user_id = u.id join sys_department_permission_ref dp on dp.department_id = ud.department_id where dp.permission_id = p.id and u.username = ? and u.deleted = 0 ) ) order by p.sort_no, p.id
[2026-09-21 12:00:02.053] [gas-forecast] [] [] [c.g.f.d.m.S.selectByUsername] [http-nio-8080-exec-2] [DEBUG] - ==> Parameters: admin(String), admin(String)
[2026-09-21 12:00:02.056] [gas-forecast] [] [] [c.g.f.d.m.S.selectByUsername] [http-nio-8080-exec-2] [DEBUG] - <==      Total: 65
[2026-09-21 12:00:02.061] [gas-forecast] [] [] [c.g.f.d.m.SysUserTbMapper.selectList] [http-nio-8080-exec-1] [DEBUG] - ==>  Preparing: SELECT id,username,real_name,password_hash,password_salt,avatar,email,phone,org_code,status,deleted,created_at,updated_at FROM sys_user_tb WHERE (username = ? AND deleted = ?)
[2026-09-21 12:00:02.061] [gas-forecast] [] [] [c.g.f.d.m.SysUserTbMapper.selectList] [http-nio-8080-exec-1] [DEBUG] - ==> Parameters: admin(String), 0(Integer)
[2026-09-21 12:00:02.062] [gas-forecast] [] [] [c.g.f.d.m.SysUserTbMapper.selectList] [http-nio-8080-exec-1] [DEBUG] - <==      Total: 1
[2026-09-21 12:00:02.062] [gas-forecast] [] [] [c.g.f.d.m.S.selectRoleCodesByUsername] [http-nio-8080-exec-1] [DEBUG] - ==>  Preparing: select r.role_code from sys_user_tb u join sys_user_role_ref ur on ur.user_id = u.id join sys_role_tb r on r.id = ur.role_id where u.username = ? order by r.role_code
[2026-09-21 12:00:02.062] [gas-forecast] [] [] [c.g.f.d.m.S.selectRoleCodesByUsername] [http-nio-8080-exec-1] [DEBUG] - ==> Parameters: admin(String)
[2026-09-21 12:00:02.063] [gas-forecast] [] [] [c.g.f.d.m.S.selectRoleCodesByUsername] [http-nio-8080-exec-1] [DEBUG] - <==      Total: 1
[2026-09-21 12:00:02.063] [gas-forecast] [] [] [c.g.f.d.m.S.selectByUsername] [http-nio-8080-exec-1] [DEBUG] - ==>  Preparing: select distinct p.* from sys_permission_tb p where p.status = 1 and ( exists ( select 1 from sys_user_tb u join sys_user_role_ref ur on ur.user_id = u.id join sys_role_permission_ref rp on rp.role_id = ur.role_id where rp.permission_id = p.id and u.username = ? and u.deleted = 0 ) or exists ( select 1 from sys_user_tb u join sys_user_department_ref ud on ud.user_id = u.id join sys_department_permission_ref dp on dp.department_id = ud.department_id where dp.permission_id = p.id and u.username = ? and u.deleted = 0 ) ) order by p.sort_no, p.id
[2026-09-21 12:00:02.064] [gas-forecast] [] [] [c.g.f.d.m.S.selectByUsername] [http-nio-8080-exec-1] [DEBUG] - ==> Parameters: admin(String), admin(String)
[2026-09-21 12:00:02.068] [gas-forecast] [] [] [c.g.f.d.m.S.selectByUsername] [http-nio-8080-exec-1] [DEBUG] - <==      Total: 65
[2026-09-21 12:00:02.079] [gas-forecast] [] [] [c.g.f.d.m.M.selectList_mpCount] [http-nio-8080-exec-4] [DEBUG] - ==>  Preparing: SELECT COUNT(*) AS total FROM model_forecast_config_tb
[2026-09-21 12:00:02.079] [gas-forecast] [] [] [c.g.f.d.m.M.selectList_mpCount] [http-nio-8080-exec-4] [DEBUG] - ==> Parameters: 
[2026-09-21 12:04:56.645] [gas-forecast] [] [] [c.g.f.d.m.SysUserTbMapper.selectList] [http-nio-8080-exec-7] [DEBUG] - ==>  Preparing: SELECT id,username,real_name,password_hash,password_salt,avatar,email,phone,org_code,status,deleted,created_at,updated_at FROM sys_user_tb WHERE (username = ? AND deleted = ?)
[2026-09-21 12:04:56.646] [gas-forecast] [] [] [c.g.f.d.m.SysUserTbMapper.selectList] [http-nio-8080-exec-7] [DEBUG] - ==> Parameters: admin(String), 0(Integer)
[2026-09-21 12:04:56.650] [gas-forecast] [] [] [c.g.f.d.m.SysUserTbMapper.selectList] [http-nio-8080-exec-7] [DEBUG] - <==      Total: 1
[2026-09-21 12:04:56.650] [gas-forecast] [] [] [c.g.f.d.m.S.selectRoleCodesByUsername] [http-nio-8080-exec-7] [DEBUG] - ==>  Preparing: select r.role_code from sys_user_tb u join sys_user_role_ref ur on ur.user_id = u.id join sys_role_tb r on r.id = ur.role_id where u.username = ? order by r.role_code
[2026-09-21 12:04:56.650] [gas-forecast] [] [] [c.g.f.d.m.S.selectRoleCodesByUsername] [http-nio-8080-exec-7] [DEBUG] - ==> Parameters: admin(String)
[2026-09-21 12:04:56.651] [gas-forecast] [] [] [c.g.f.d.m.S.selectRoleCodesByUsername] [http-nio-8080-exec-7] [DEBUG] - <==      Total: 1
[2026-09-21 12:04:56.651] [gas-forecast] [] [] [c.g.f.d.m.S.selectByUsername] [http-nio-8080-exec-7] [DEBUG] - ==>  Preparing: select distinct p.* from sys_permission_tb p where p.status = 1 and ( exists ( select 1 from sys_user_tb u join sys_user_role_ref ur on ur.user_id = u.id join sys_role_permission_ref rp on rp.role_id = ur.role_id where rp.permission_id = p.id and u.username = ? and u.deleted = 0 ) or exists ( select 1 from sys_user_tb u join sys_user_department_ref ud on ud.user_id = u.id join sys_department_permission_ref dp on dp.department_id = ud.department_id where dp.permission_id = p.id and u.username = ? and u.deleted = 0 ) ) order by p.sort_no, p.id
[2026-09-21 12:04:56.652] [gas-forecast] [] [] [c.g.f.d.m.S.selectByUsername] [http-nio-8080-exec-7] [DEBUG] - ==> Parameters: admin(String), admin(String)
[2026-09-21 12:04:56.654] [gas-forecast] [] [] [c.g.f.d.m.S.selectByUsername] [http-nio-8080-exec-7] [DEBUG] - <==      Total: 65
[2026-09-21 12:04:56.659] [gas-forecast] [] [] [c.g.f.d.m.SysUserTbMapper.selectList] [http-nio-8080-exec-8] [DEBUG] - ==>  Preparing: SELECT id,username,real_name,password_hash,password_salt,avatar,email,phone,org_code,status,deleted,created_at,updated_at FROM sys_user_tb WHERE (username = ? AND deleted = ?)
[2026-09-21 12:04:56.659] [gas-forecast] [] [] [c.g.f.d.m.SysUserTbMapper.selectList] [http-nio-8080-exec-8] [DEBUG] - ==> Parameters: admin(String), 0(Integer)
[2026-09-21 12:04:56.660] [gas-forecast] [] [] [c.g.f.d.m.SysUserTbMapper.selectList] [http-nio-8080-exec-8] [DEBUG] - <==      Total: 1
[2026-09-21 12:04:56.660] [gas-forecast] [] [] [c.g.f.d.m.S.selectRoleCodesByUsername] [http-nio-8080-exec-8] [DEBUG] - ==>  Preparing: select r.role_code from sys_user_tb u join sys_user_role_ref ur on ur.user_id = u.id join sys_role_tb r on r.id = ur.role_id where u.username = ? order by r.role_code
[2026-09-21 12:04:56.661] [gas-forecast] [] [] [c.g.f.d.m.S.selectRoleCodesByUsername] [http-nio-8080-exec-8] [DEBUG] - ==> Parameters: admin(String)
[2026-09-21 12:04:56.661] [gas-forecast] [] [] [c.g.f.d.m.S.selectRoleCodesByUsername] [http-nio-8080-exec-8] [DEBUG] - <==      Total: 1
[2026-09-21 12:04:56.661] [gas-forecast] [] [] [c.g.f.d.m.S.selectByUsername] [http-nio-8080-exec-8] [DEBUG] - ==>  Preparing: select distinct p.* from sys_permission_tb p where p.status = 1 and ( exists ( select 1 from sys_user_tb u join sys_user_role_ref ur on ur.user_id = u.id join sys_role_permission_ref rp on rp.role_id = ur.role_id where rp.permission_id = p.id and u.username = ? and u.deleted = 0 ) or exists ( select 1 from sys_user_tb u join sys_user_department_ref ud on ud.user_id = u.id join sys_department_permission_ref dp on dp.department_id = ud.department_id where dp.permission_id = p.id and u.username = ? and u.deleted = 0 ) ) order by p.sort_no, p.id
[2026-09-21 12:04:56.661] [gas-forecast] [] [] [c.g.f.d.m.S.selectByUsername] [http-nio-8080-exec-8] [DEBUG] - ==> Parameters: admin(String), admin(String)
[2026-09-21 12:04:56.663] [gas-forecast] [] [] [c.g.f.d.m.S.selectByUsername] [http-nio-8080-exec-8] [DEBUG] - <==      Total: 65
[2026-09-21 12:04:56.672] [gas-forecast] [] [] [c.g.f.d.m.M.selectList_mpCount] [http-nio-8080-exec-9] [DEBUG] - ==>  Preparing: SELECT COUNT(*) AS total FROM model_forecast_config_tb
[2026-09-21 12:04:56.672] [gas-forecast] [] [] [c.g.f.d.m.M.selectList_mpCount] [http-nio-8080-exec-9] [DEBUG] - ==> Parameters: 
[2026-09-21 12:09:06.512] [gas-forecast] [] [] [c.g.f.d.m.SysUserTbMapper.selectList] [http-nio-8080-exec-2] [DEBUG] - ==>  Preparing: SELECT id,username,real_name,password_hash,password_salt,avatar,email,phone,org_code,status,deleted,created_at,updated_at FROM sys_user_tb WHERE (username = ? AND deleted = ?)
[2026-09-21 12:09:06.512] [gas-forecast] [] [] [c.g.f.d.m.SysUserTbMapper.selectList] [http-nio-8080-exec-2] [DEBUG] - ==> Parameters: admin(String), 0(Integer)
[2026-09-21 12:09:06.517] [gas-forecast] [] [] [c.g.f.d.m.SysUserTbMapper.selectList] [http-nio-8080-exec-2] [DEBUG] - <==      Total: 1
[2026-09-21 12:09:06.517] [gas-forecast] [] [] [c.g.f.d.m.S.selectRoleCodesByUsername] [http-nio-8080-exec-2] [DEBUG] - ==>  Preparing: select r.role_code from sys_user_tb u join sys_user_role_ref ur on ur.user_id = u.id join sys_role_tb r on r.id = ur.role_id where u.username = ? order by r.role_code
[2026-09-21 12:09:06.517] [gas-forecast] [] [] [c.g.f.d.m.S.selectRoleCodesByUsername] [http-nio-8080-exec-2] [DEBUG] - ==> Parameters: admin(String)
[2026-09-21 12:09:06.518] [gas-forecast] [] [] [c.g.f.d.m.S.selectRoleCodesByUsername] [http-nio-8080-exec-2] [DEBUG] - <==      Total: 1
[2026-09-21 12:09:06.518] [gas-forecast] [] [] [c.g.f.d.m.S.selectByUsername] [http-nio-8080-exec-2] [DEBUG] - ==>  Preparing: select distinct p.* from sys_permission_tb p where p.status = 1 and ( exists ( select 1 from sys_user_tb u join sys_user_role_ref ur on ur.user_id = u.id join sys_role_permission_ref rp on rp.role_id = ur.role_id where rp.permission_id = p.id and u.username = ? and u.deleted = 0 ) or exists ( select 1 from sys_user_tb u join sys_user_department_ref ud on ud.user_id = u.id join sys_department_permission_ref dp on dp.department_id = ud.department_id where dp.permission_id = p.id and u.username = ? and u.deleted = 0 ) ) order by p.sort_no, p.id
[2026-09-21 12:09:06.518] [gas-forecast] [] [] [c.g.f.d.m.S.selectByUsername] [http-nio-8080-exec-2] [DEBUG] - ==> Parameters: admin(String), admin(String)
[2026-09-21 12:09:06.520] [gas-forecast] [] [] [c.g.f.d.m.S.selectByUsername] [http-nio-8080-exec-2] [DEBUG] - <==      Total: 65
[2026-09-21 12:09:06.526] [gas-forecast] [] [] [c.g.f.d.m.SysUserTbMapper.selectList] [http-nio-8080-exec-1] [DEBUG] - ==>  Preparing: SELECT id,username,real_name,password_hash,password_salt,avatar,email,phone,org_code,status,deleted,created_at,updated_at FROM sys_user_tb WHERE (username = ? AND deleted = ?)
[2026-09-21 12:09:06.527] [gas-forecast] [] [] [c.g.f.d.m.SysUserTbMapper.selectList] [http-nio-8080-exec-1] [DEBUG] - ==> Parameters: admin(String), 0(Integer)
[2026-09-21 12:09:06.528] [gas-forecast] [] [] [c.g.f.d.m.SysUserTbMapper.selectList] [http-nio-8080-exec-1] [DEBUG] - <==      Total: 1
[2026-09-21 12:09:06.529] [gas-forecast] [] [] [c.g.f.d.m.S.selectRoleCodesByUsername] [http-nio-8080-exec-1] [DEBUG] - ==>  Preparing: select r.role_code from sys_user_tb u join sys_user_role_ref ur on ur.user_id = u.id join sys_role_tb r on r.id = ur.role_id where u.username = ? order by r.role_code
[2026-09-21 12:09:06.529] [gas-forecast] [] [] [c.g.f.d.m.S.selectRoleCodesByUsername] [http-nio-8080-exec-1] [DEBUG] - ==> Parameters: admin(String)
[2026-09-21 12:09:06.530] [gas-forecast] [] [] [c.g.f.d.m.S.selectRoleCodesByUsername] [http-nio-8080-exec-1] [DEBUG] - <==      Total: 1
[2026-09-21 12:09:06.530] [gas-forecast] [] [] [c.g.f.d.m.S.selectByUsername] [http-nio-8080-exec-1] [DEBUG] - ==>  Preparing: select distinct p.* from sys_permission_tb p where p.status = 1 and ( exists ( select 1 from sys_user_tb u join sys_user_role_ref ur on ur.user_id = u.id join sys_role_permission_ref rp on rp.role_id = ur.role_id where rp.permission_id = p.id and u.username = ? and u.deleted = 0 ) or exists ( select 1 from sys_user_tb u join sys_user_department_ref ud on ud.user_id = u.id join sys_department_permission_ref dp on dp.department_id = ud.department_id where dp.permission_id = p.id and u.username = ? and u.deleted = 0 ) ) order by p.sort_no, p.id
[2026-09-21 12:09:06.530] [gas-forecast] [] [] [c.g.f.d.m.S.selectByUsername] [http-nio-8080-exec-1] [DEBUG] - ==> Parameters: admin(String), admin(String)
[2026-09-21 12:09:06.537] [gas-forecast] [] [] [c.g.f.d.m.S.selectByUsername] [http-nio-8080-exec-1] [DEBUG] - <==      Total: 65
[2026-09-21 12:09:06.561] [gas-forecast] [] [] [c.g.f.d.m.M.selectList_mpCount] [http-nio-8080-exec-4] [DEBUG] - ==>  Preparing: SELECT COUNT(*) AS total FROM model_forecast_config_tb
[2026-09-21 12:09:06.561] [gas-forecast] [] [] [c.g.f.d.m.M.selectList_mpCount] [http-nio-8080-exec-4] [DEBUG] - ==> Parameters: 
[2026-09-21 12:53:58.313] [gas-forecast] [] [] [c.g.f.d.m.M.selectList_mpCount] [http-nio-8080-exec-7] [DEBUG] - ==>  Preparing: SELECT COUNT(*) AS total FROM model_forecast_config_tb
[2026-09-21 12:53:58.313] [gas-forecast] [] [] [c.g.f.d.m.M.selectList_mpCount] [http-nio-8080-exec-7] [DEBUG] - ==> Parameters: 
[2026-09-21 12:55:30.818] [gas-forecast] [] [] [c.g.f.d.m.M.selectList_mpCount] [http-nio-8080-exec-8] [DEBUG] - ==>  Preparing: SELECT COUNT(*) AS total FROM model_config_tb
[2026-09-21 12:55:30.818] [gas-forecast] [] [] [c.g.f.d.m.M.selectList_mpCount] [http-nio-8080-exec-8] [DEBUG] - ==> Parameters: 
[2026-09-21 12:55:30.818] [gas-forecast] [] [] [c.g.f.d.m.S.selectByUsername] [http-nio-8080-exec-9] [DEBUG] - ==>  Preparing: select distinct p.* from sys_permission_tb p where p.status = 1 and ( exists ( select 1 from sys_user_tb u join sys_user_role_ref ur on ur.user_id = u.id join sys_role_permission_ref rp on rp.role_id = ur.role_id where rp.permission_id = p.id and u.username = ? and u.deleted = 0 ) or exists ( select 1 from sys_user_tb u join sys_user_department_ref ud on ud.user_id = u.id join sys_department_permission_ref dp on dp.department_id = ud.department_id where dp.permission_id = p.id and u.username = ? and u.deleted = 0 ) ) order by p.sort_no, p.id
[2026-09-21 12:55:30.818] [gas-forecast] [] [] [c.g.f.d.m.S.selectByUsername] [http-nio-8080-exec-10] [DEBUG] - ==>  Preparing: select distinct p.* from sys_permission_tb p where p.status = 1 and ( exists ( select 1 from sys_user_tb u join sys_user_role_ref ur on ur.user_id = u.id join sys_role_permission_ref rp on rp.role_id = ur.role_id where rp.permission_id = p.id and u.username = ? and u.deleted = 0 ) or exists ( select 1 from sys_user_tb u join sys_user_department_ref ud on ud.user_id = u.id join sys_department_permission_ref dp on dp.department_id = ud.department_id where dp.permission_id = p.id and u.username = ? and u.deleted = 0 ) ) order by p.sort_no, p.id
[2026-09-21 12:55:30.818] [gas-forecast] [] [] [c.g.f.d.m.S.selectByUsername] [http-nio-8080-exec-3] [DEBUG] - ==>  Preparing: select distinct p.* from sys_permission_tb p where p.status = 1 and ( exists ( select 1 from sys_user_tb u join sys_user_role_ref ur on ur.user_id = u.id join sys_role_permission_ref rp on rp.role_id = ur.role_id where rp.permission_id = p.id and u.username = ? and u.deleted = 0 ) or exists ( select 1 from sys_user_tb u join sys_user_department_ref ud on ud.user_id = u.id join sys_department_permission_ref dp on dp.department_id = ud.department_id where dp.permission_id = p.id and u.username = ? and u.deleted = 0 ) ) order by p.sort_no, p.id
[2026-09-21 12:55:30.819] [gas-forecast] [] [] [c.g.f.d.m.S.selectByUsername] [http-nio-8080-exec-10] [DEBUG] - ==> Parameters: admin(String), admin(String)
[2026-09-21 12:55:30.819] [gas-forecast] [] [] [c.g.f.d.m.S.selectByUsername] [http-nio-8080-exec-9] [DEBUG] - ==> Parameters: admin(String), admin(String)
[2026-09-21 12:55:30.819] [gas-forecast] [] [] [c.g.f.d.m.S.selectByUsername] [http-nio-8080-exec-3] [DEBUG] - ==> Parameters: admin(String), admin(String)
[2026-09-21 12:55:30.825] [gas-forecast] [] [] [c.g.f.d.m.S.selectByUsername] [http-nio-8080-exec-3] [DEBUG] - <==      Total: 65
[2026-09-21 12:55:30.825] [gas-forecast] [] [] [c.g.f.d.m.M.selectList_mpCount] [http-nio-8080-exec-8] [DEBUG] - <==      Total: 1
[2026-09-21 12:55:30.825] [gas-forecast] [] [] [c.g.f.d.m.S.selectByUsername] [http-nio-8080-exec-9] [DEBUG] - <==      Total: 65
[2026-09-21 12:55:30.825] [gas-forecast] [] [] [c.g.f.d.m.S.selectByUsername] [http-nio-8080-exec-10] [DEBUG] - <==      Total: 65
[2026-09-21 12:55:30.825] [gas-forecast] [] [] [c.g.f.d.m.M.selectList] [http-nio-8080-exec-8] [DEBUG] - ==>  Preparing: SELECT id,model_code,model_name,model_version,agent_code,description,created_by,created_at,updated_at,created_by_name FROM model_config_tb ORDER BY updated_at DESC,id DESC LIMIT ?
[2026-09-21 12:55:30.825] [gas-forecast] [] [] [c.g.f.d.m.M.selectList] [http-nio-8080-exec-8] [DEBUG] - ==> Parameters: 1000(Long)
[2026-09-21 12:55:30.826] [gas-forecast] [] [] [c.g.f.d.m.M.selectList] [http-nio-8080-exec-8] [DEBUG] - <==      Total: 2
[2026-09-21 12:55:30.826] [gas-forecast] [] [] [c.g.f.d.m.M.selectList] [http-nio-8080-exec-8] [DEBUG] - ==>  Preparing: SELECT id,model_id,model_code,region_code,industry_code,customer_code,created_by,created_at,updated_at,created_by_name FROM model_config_scope_tb WHERE (model_id IN (?,?)) ORDER BY id DESC
[2026-09-21 12:55:30.826] [gas-forecast] [] [] [c.g.f.d.m.M.selectList] [http-nio-8080-exec-8] [DEBUG] - ==> Parameters: 2(Long), 1(Long)
[2026-09-21 12:55:30.827] [gas-forecast] [] [] [c.g.f.d.m.M.selectList] [http-nio-8080-exec-8] [DEBUG] - <==      Total: 8
[2026-09-21 12:55:30.827] [gas-forecast] [] [] [c.g.f.d.m.M.selectList] [http-nio-8080-exec-8] [DEBUG] - ==>  Preparing: SELECT id,model_id,feature_id,required_flag,feature_order,created_at,created_by FROM model_feature_ref WHERE (model_id IN (?,?)) ORDER BY feature_order ASC,id ASC
[2026-09-21 12:55:30.827] [gas-forecast] [] [] [c.g.f.d.m.M.selectList_mpCount] [http-nio-8080-exec-2] [DEBUG] - ==>  Preparing: SELECT COUNT(*) AS total FROM model_train_config_tb
[2026-09-21 12:55:30.827] [gas-forecast] [] [] [c.g.f.d.m.M.selectList] [http-nio-8080-exec-8] [DEBUG] - ==> Parameters: 2(Long), 1(Long)
[2026-09-21 12:55:30.827] [gas-forecast] [] [] [c.g.f.d.m.M.selectList_mpCount] [http-nio-8080-exec-2] [DEBUG] - ==> Parameters: 
[2026-09-21 12:55:30.828] [gas-forecast] [] [] [c.g.f.d.m.M.selectList] [http-nio-8080-exec-8] [DEBUG] - <==      Total: 25
[2026-09-21 12:55:30.828] [gas-forecast] [] [] [c.g.f.d.m.M.selectList_mpCount] [http-nio-8080-exec-2] [DEBUG] - <==      Total: 1
[2026-09-21 12:55:30.829] [gas-forecast] [] [] [c.g.f.d.m.M.selectList] [http-nio-8080-exec-2] [DEBUG] - ==>  Preparing: SELECT id,train_code,train_name,agent_code,model_id,model_code,model_name,scope_type,region_code,region_name,industry_code,industry_name,customer_code,customer_name,train_start_date,train_end_date,train_mode,time_granularity,recent_periods,enabled,remark,created_by,created_by_name,created_at,updated_at FROM model_train_config_tb ORDER BY updated_at DESC,id DESC LIMIT ?
[2026-09-21 12:55:30.833] [gas-forecast] [] [] [c.g.f.d.m.M.selectBatchIds] [http-nio-8080-exec-8] [DEBUG] - ==>  Preparing: SELECT id,feature_code,feature_name,feature_column,time_granularity,enabled,description,created_at,created_by,updated_by_name FROM model_feature_definition_tb WHERE id IN ( ? , ? , ? , ? , ? , ? , ? , ? , ? , ? , ? , ? , ? , ? , ? , ? , ? , ? , ? , ? , ? , ? , ? , ? , ? )
[2026-09-21 12:55:30.833] [gas-forecast] [] [] [c.g.f.d.m.M.selectList] [http-nio-8080-exec-2] [DEBUG] - ==> Parameters: 10(Long)
[2026-09-21 12:55:30.834] [gas-forecast] [] [] [c.g.f.d.m.M.selectBatchIds] [http-nio-8080-exec-8] [DEBUG] - ==> Parameters: 5(Long), 6(Long), 4(Long), 7(Long), 3(Long), 8(Long), 2(Long), 9(Long), 1(Long), 10(Long), 11(Long), 12(Long), 13(Long), 14(Long), 15(Long), 16(Long), 17(Long), 18(Long), 19(Long), 20(Long), 21(Long), 22(Long), 23(Long), 24(Long), 25(Long)
[2026-09-21 12:55:30.835] [gas-forecast] [] [] [c.g.f.d.m.M.selectBatchIds] [http-nio-8080-exec-8] [DEBUG] - <==      Total: 25
[2026-09-21 12:55:30.835] [gas-forecast] [] [] [c.g.f.d.m.M.selectList] [http-nio-8080-exec-2] [DEBUG] - <==      Total: 2
[2026-09-21 12:55:30.835] [gas-forecast] [] [] [c.g.f.d.m.B.selectList] [http-nio-8080-exec-8] [DEBUG] - ==>  Preparing: SELECT id,region_code,region_name,remark,created_by,created_at,updated_by,updated_at,updated_by_name,created_by_name FROM base_region_tb WHERE (region_code IN (?,?,?,?,?,?,?,?))
[2026-09-21 12:55:30.835] [gas-forecast] [] [] [c.g.f.d.m.B.selectList] [http-nio-8080-exec-8] [DEBUG] - ==> Parameters: REG000012(String), REG000005(String), REG000006(String), REG000007(String), REG000008(String), REG000009(String), REG000010(String), REG000011(String)
[2026-09-21 12:55:30.837] [gas-forecast] [] [] [c.g.f.d.m.B.selectList] [http-nio-8080-exec-8] [DEBUG] - <==      Total: 8
[2026-09-21 12:55:30.839] [gas-forecast] [] [] [c.g.f.d.m.B.selectList_mpCount] [http-nio-8080-exec-9] [DEBUG] - ==>  Preparing: SELECT COUNT(*) AS total FROM base_region_tb
[2026-09-21 12:55:30.839] [gas-forecast] [] [] [c.g.f.d.m.B.selectList_mpCount] [http-nio-8080-exec-10] [DEBUG] - ==>  Preparing: SELECT COUNT(*) AS total FROM base_industry_tb
[2026-09-21 12:55:30.839] [gas-forecast] [] [] [c.g.f.d.m.B.selectList_mpCount] [http-nio-8080-exec-9] [DEBUG] - ==> Parameters: 
[2026-09-21 12:55:30.839] [gas-forecast] [] [] [c.g.f.d.m.B.selectList_mpCount] [http-nio-8080-exec-10] [DEBUG] - ==> Parameters: 
[2026-09-21 12:55:30.839] [gas-forecast] [] [] [c.g.f.d.m.B.selectList_mpCount] [http-nio-8080-exec-3] [DEBUG] - ==>  Preparing: SELECT COUNT(*) AS total FROM base_customer_tb
[2026-09-21 12:55:30.839] [gas-forecast] [] [] [c.g.f.d.m.B.selectList_mpCount] [http-nio-8080-exec-3] [DEBUG] - ==> Parameters: 
[2026-09-21 12:55:30.840] [gas-forecast] [] [] [c.g.f.d.m.B.selectList_mpCount] [http-nio-8080-exec-10] [DEBUG] - <==      Total: 1
[2026-09-21 12:55:30.840] [gas-forecast] [] [] [c.g.f.d.m.B.selectList] [http-nio-8080-exec-10] [DEBUG] - ==>  Preparing: SELECT id,industry_code,industry_name,created_at,updated_at,created_by,created_by_name,updated_by,updated_by_name FROM base_industry_tb ORDER BY updated_at DESC,id DESC LIMIT ?
[2026-09-21 12:55:30.840] [gas-forecast] [] [] [c.g.f.d.m.B.selectList_mpCount] [http-nio-8080-exec-9] [DEBUG] - <==      Total: 1
[2026-09-21 12:55:30.840] [gas-forecast] [] [] [c.g.f.d.m.B.selectList] [http-nio-8080-exec-9] [DEBUG] - ==>  Preparing: SELECT id,region_code,region_name,remark,created_by,created_at,updated_by,updated_at,updated_by_name,created_by_name FROM base_region_tb ORDER BY updated_at DESC,id DESC LIMIT ?
[2026-09-21 12:55:30.840] [gas-forecast] [] [] [c.g.f.d.m.B.selectList] [http-nio-8080-exec-10] [DEBUG] - ==> Parameters: 1000(Long)
[2026-09-21 12:55:30.840] [gas-forecast] [] [] [c.g.f.d.m.B.selectList] [http-nio-8080-exec-9] [DEBUG] - ==> Parameters: 1000(Long)
[2026-09-21 12:55:30.840] [gas-forecast] [] [] [c.g.f.d.m.B.selectList_mpCount] [http-nio-8080-exec-3] [DEBUG] - <==      Total: 1
[2026-09-21 12:55:30.840] [gas-forecast] [] [] [c.g.f.d.m.B.selectList] [http-nio-8080-exec-3] [DEBUG] - ==>  Preparing: SELECT id,customer_code,customer_name,industry_code,industry_name,region_code,region_name,created_at,updated_at,created_by,created_by_name,updated_by,updated_by_name,raw_region_name,raw_industry_name FROM base_customer_tb ORDER BY updated_at DESC,id DESC LIMIT ?
[2026-09-21 12:55:30.841] [gas-forecast] [] [] [c.g.f.d.m.B.selectList] [http-nio-8080-exec-3] [DEBUG] - ==> Parameters: 1000(Long)
[2026-09-21 12:55:30.841] [gas-forecast] [] [] [c.g.f.d.m.B.selectList] [http-nio-8080-exec-9] [DEBUG] - <==      Total: 8
[2026-09-21 12:55:30.841] [gas-forecast] [] [] [c.g.f.d.m.B.selectList] [http-nio-8080-exec-10] [DEBUG] - <==      Total: 4
[2026-09-21 12:55:30.842] [gas-forecast] [] [] [c.g.f.d.m.B.selectList] [http-nio-8080-exec-3] [DEBUG] - <==      Total: 21
[2026-09-21 12:55:35.121] [gas-forecast] [] [] [c.g.f.d.m.S.selectByUsername] [http-nio-8080-exec-1] [DEBUG] - ==>  Preparing: select distinct p.* from sys_permission_tb p where p.status = 1 and ( exists ( select 1 from sys_user_tb u join sys_user_role_ref ur on ur.user_id = u.id join sys_role_permission_ref rp on rp.role_id = ur.role_id where rp.permission_id = p.id and u.username = ? and u.deleted = 0 ) or exists ( select 1 from sys_user_tb u join sys_user_department_ref ud on ud.user_id = u.id join sys_department_permission_ref dp on dp.department_id = ud.department_id where dp.permission_id = p.id and u.username = ? and u.deleted = 0 ) ) order by p.sort_no, p.id
[2026-09-21 12:55:35.122] [gas-forecast] [] [] [c.g.f.d.m.S.selectByUsername] [http-nio-8080-exec-1] [DEBUG] - ==> Parameters: admin(String), admin(String)
[2026-09-21 12:55:35.124] [gas-forecast] [] [] [c.g.f.d.m.S.selectByUsername] [http-nio-8080-exec-1] [DEBUG] - <==      Total: 65
[2026-09-21 12:55:35.125] [gas-forecast] [] [] [c.g.f.d.m.SysRoleTbMapper.selectList] [http-nio-8080-exec-1] [DEBUG] - ==>  Preparing: SELECT id,role_code,role_name,description,created_at,updated_at FROM sys_role_tb ORDER BY id ASC
[2026-09-21 12:55:35.125] [gas-forecast] [] [] [c.g.f.d.m.SysRoleTbMapper.selectList] [http-nio-8080-exec-1] [DEBUG] - ==> Parameters: 
[2026-09-21 12:55:35.126] [gas-forecast] [] [] [c.g.f.d.m.SysRoleTbMapper.selectList] [http-nio-8080-exec-1] [DEBUG] - <==      Total: 1
[2026-09-21 12:55:35.127] [gas-forecast] [] [] [c.g.f.d.m.S.selectList] [http-nio-8080-exec-1] [DEBUG] - ==>  Preparing: SELECT id,parent_id,department_name,org_code,sort_no,status,created_at,updated_at FROM sys_department_tb ORDER BY sort_no ASC,id ASC
[2026-09-21 12:55:35.127] [gas-forecast] [] [] [c.g.f.d.m.S.selectList] [http-nio-8080-exec-1] [DEBUG] - ==> Parameters: 
[2026-09-21 12:55:35.128] [gas-forecast] [] [] [c.g.f.d.m.S.selectList] [http-nio-8080-exec-1] [DEBUG] - <==      Total: 7
[2026-09-21 12:55:35.128] [gas-forecast] [] [] [c.g.f.d.m.S.selectList] [http-nio-8080-exec-1] [DEBUG] - ==>  Preparing: SELECT id,parent_id,permission_name,path,component,permission_type,perms,button_code,icon,sort_no,hidden,status,created_at,updated_at FROM sys_permission_tb ORDER BY sort_no ASC,id ASC
[2026-09-21 12:55:35.128] [gas-forecast] [] [] [c.g.f.d.m.S.selectList] [http-nio-8080-exec-1] [DEBUG] - ==> Parameters: 
[2026-09-21 12:55:35.129] [gas-forecast] [] [] [c.g.f.d.m.S.selectList] [http-nio-8080-exec-1] [DEBUG] - <==      Total: 65
[2026-09-21 12:55:35.135] [gas-forecast] [] [] [c.g.f.d.m.S.selectByUsername] [http-nio-8080-exec-4] [DEBUG] - ==>  Preparing: select distinct p.* from sys_permission_tb p where p.status = 1 and ( exists ( select 1 from sys_user_tb u join sys_user_role_ref ur on ur.user_id = u.id join sys_role_permission_ref rp on rp.role_id = ur.role_id where rp.permission_id = p.id and u.username = ? and u.deleted = 0 ) or exists ( select 1 from sys_user_tb u join sys_user_department_ref ud on ud.user_id = u.id join sys_department_permission_ref dp on dp.department_id = ud.department_id where dp.permission_id = p.id and u.username = ? and u.deleted = 0 ) ) order by p.sort_no, p.id
[2026-09-21 12:55:35.136] [gas-forecast] [] [] [c.g.f.d.m.S.selectByUsername] [http-nio-8080-exec-4] [DEBUG] - ==> Parameters: admin(String), admin(String)
[2026-09-21 12:55:35.137] [gas-forecast] [] [] [c.g.f.d.m.S.selectByUsername] [http-nio-8080-exec-4] [DEBUG] - <==      Total: 65
[2026-09-21 12:55:35.139] [gas-forecast] [] [] [c.g.f.d.m.SysUserTbMapper.selectList] [http-nio-8080-exec-4] [DEBUG] - ==>  Preparing: SELECT id,username,real_name,password_hash,password_salt,avatar,email,phone,org_code,status,deleted,created_at,updated_at FROM sys_user_tb WHERE (deleted = ?) ORDER BY id ASC
[2026-09-21 12:55:35.139] [gas-forecast] [] [] [c.g.f.d.m.SysUserTbMapper.selectList] [http-nio-8080-exec-4] [DEBUG] - ==> Parameters: 0(Integer)
[2026-09-21 12:55:35.140] [gas-forecast] [] [] [c.g.f.d.m.SysUserTbMapper.selectList] [http-nio-8080-exec-4] [DEBUG] - <==      Total: 1
[2026-09-21 12:55:35.140] [gas-forecast] [] [] [c.g.f.d.m.SysRoleTbMapper.selectList] [http-nio-8080-exec-4] [DEBUG] - ==>  Preparing: SELECT id,role_code,role_name,description,created_at,updated_at FROM sys_role_tb ORDER BY id ASC
[2026-09-21 12:55:35.140] [gas-forecast] [] [] [c.g.f.d.m.SysRoleTbMapper.selectList] [http-nio-8080-exec-4] [DEBUG] - ==> Parameters: 
[2026-09-21 12:55:35.141] [gas-forecast] [] [] [c.g.f.d.m.SysRoleTbMapper.selectList] [http-nio-8080-exec-4] [DEBUG] - <==      Total: 1
[2026-09-21 12:55:35.141] [gas-forecast] [] [] [c.g.f.d.m.S.selectList] [http-nio-8080-exec-4] [DEBUG] - ==>  Preparing: SELECT id,parent_id,department_name,org_code,sort_no,status,created_at,updated_at FROM sys_department_tb ORDER BY id ASC
[2026-09-21 12:55:35.141] [gas-forecast] [] [] [c.g.f.d.m.S.selectList] [http-nio-8080-exec-4] [DEBUG] - ==> Parameters: 
[2026-09-21 12:55:35.141] [gas-forecast] [] [] [c.g.f.d.m.S.selectList] [http-nio-8080-exec-4] [DEBUG] - <==      Total: 7
[2026-09-21 12:55:35.142] [gas-forecast] [] [] [c.g.f.d.m.S.selectList] [http-nio-8080-exec-4] [DEBUG] - ==>  Preparing: SELECT id,user_id,role_id FROM sys_user_role_ref
[2026-09-21 12:55:35.142] [gas-forecast] [] [] [c.g.f.d.m.S.selectList] [http-nio-8080-exec-4] [DEBUG] - ==> Parameters: 
[2026-09-21 12:55:35.142] [gas-forecast] [] [] [c.g.f.d.m.S.selectList] [http-nio-8080-exec-4] [DEBUG] - <==      Total: 1
[2026-09-21 12:55:35.143] [gas-forecast] [] [] [c.g.f.d.m.S.selectList] [http-nio-8080-exec-4] [DEBUG] - ==>  Preparing: SELECT id,user_id,department_id FROM sys_user_department_ref
[2026-09-21 12:55:35.143] [gas-forecast] [] [] [c.g.f.d.m.S.selectList] [http-nio-8080-exec-4] [DEBUG] - ==> Parameters: 
[2026-09-21 12:55:35.143] [gas-forecast] [] [] [c.g.f.d.m.S.selectList] [http-nio-8080-exec-4] [DEBUG] - <==      Total: 1
[2026-09-21 12:55:36.956] [gas-forecast] [] [] [c.g.f.d.m.S.selectByUsername] [http-nio-8080-exec-6] [DEBUG] - ==>  Preparing: select distinct p.* from sys_permission_tb p where p.status = 1 and ( exists ( select 1 from sys_user_tb u join sys_user_role_ref ur on ur.user_id = u.id join sys_role_permission_ref rp on rp.role_id = ur.role_id where rp.permission_id = p.id and u.username = ? and u.deleted = 0 ) or exists ( select 1 from sys_user_tb u join sys_user_department_ref ud on ud.user_id = u.id join sys_department_permission_ref dp on dp.department_id = ud.department_id where dp.permission_id = p.id and u.username = ? and u.deleted = 0 ) ) order by p.sort_no, p.id
[2026-09-21 12:55:36.956] [gas-forecast] [] [] [c.g.f.d.m.S.selectByUsername] [http-nio-8080-exec-6] [DEBUG] - ==> Parameters: admin(String), admin(String)
[2026-09-21 12:55:36.958] [gas-forecast] [] [] [c.g.f.d.m.S.selectByUsername] [http-nio-8080-exec-6] [DEBUG] - <==      Total: 65
[2026-09-21 12:55:36.958] [gas-forecast] [] [] [c.g.f.d.m.SysRoleTbMapper.selectList] [http-nio-8080-exec-6] [DEBUG] - ==>  Preparing: SELECT id,role_code,role_name,description,created_at,updated_at FROM sys_role_tb ORDER BY id ASC
[2026-09-21 12:55:36.959] [gas-forecast] [] [] [c.g.f.d.m.SysRoleTbMapper.selectList] [http-nio-8080-exec-6] [DEBUG] - ==> Parameters: 
[2026-09-21 12:55:36.959] [gas-forecast] [] [] [c.g.f.d.m.SysRoleTbMapper.selectList] [http-nio-8080-exec-6] [DEBUG] - <==      Total: 1
[2026-09-21 12:55:36.959] [gas-forecast] [] [] [c.g.f.d.m.S.selectList] [http-nio-8080-exec-6] [DEBUG] - ==>  Preparing: SELECT id,parent_id,department_name,org_code,sort_no,status,created_at,updated_at FROM sys_department_tb ORDER BY sort_no ASC,id ASC
[2026-09-21 12:55:36.959] [gas-forecast] [] [] [c.g.f.d.m.S.selectList] [http-nio-8080-exec-6] [DEBUG] - ==> Parameters: 
[2026-09-21 12:55:36.960] [gas-forecast] [] [] [c.g.f.d.m.S.selectList] [http-nio-8080-exec-6] [DEBUG] - <==      Total: 7
[2026-09-21 12:55:36.961] [gas-forecast] [] [] [c.g.f.d.m.S.selectList] [http-nio-8080-exec-6] [DEBUG] - ==>  Preparing: SELECT id,parent_id,permission_name,path,component,permission_type,perms,button_code,icon,sort_no,hidden,status,created_at,updated_at FROM sys_permission_tb ORDER BY sort_no ASC,id ASC
[2026-09-21 12:55:36.961] [gas-forecast] [] [] [c.g.f.d.m.S.selectList] [http-nio-8080-exec-6] [DEBUG] - ==> Parameters: 
[2026-09-21 12:55:36.962] [gas-forecast] [] [] [c.g.f.d.m.S.selectList] [http-nio-8080-exec-6] [DEBUG] - <==      Total: 65
[2026-09-21 12:55:36.969] [gas-forecast] [] [] [c.g.f.d.m.S.selectByUsername] [http-nio-8080-exec-5] [DEBUG] - ==>  Preparing: select distinct p.* from sys_permission_tb p where p.status = 1 and ( exists ( select 1 from sys_user_tb u join sys_user_role_ref ur on ur.user_id = u.id join sys_role_permission_ref rp on rp.role_id = ur.role_id where rp.permission_id = p.id and u.username = ? and u.deleted = 0 ) or exists ( select 1 from sys_user_tb u join sys_user_department_ref ud on ud.user_id = u.id join sys_department_permission_ref dp on dp.department_id = ud.department_id where dp.permission_id = p.id and u.username = ? and u.deleted = 0 ) ) order by p.sort_no, p.id
[2026-09-21 12:55:36.969] [gas-forecast] [] [] [c.g.f.d.m.S.selectByUsername] [http-nio-8080-exec-5] [DEBUG] - ==> Parameters: admin(String), admin(String)
[2026-09-21 12:55:36.971] [gas-forecast] [] [] [c.g.f.d.m.S.selectByUsername] [http-nio-8080-exec-5] [DEBUG] - <==      Total: 65
[2026-09-21 12:55:36.972] [gas-forecast] [] [] [c.g.f.d.m.S.selectList] [http-nio-8080-exec-5] [DEBUG] - ==>  Preparing: SELECT id,parent_id,permission_name,path,component,permission_type,perms,button_code,icon,sort_no,hidden,status,created_at,updated_at FROM sys_permission_tb ORDER BY sort_no ASC,id ASC
[2026-09-21 12:55:36.972] [gas-forecast] [] [] [c.g.f.d.m.S.selectList] [http-nio-8080-exec-5] [DEBUG] - ==> Parameters: 
[2026-09-21 12:55:36.973] [gas-forecast] [] [] [c.g.f.d.m.S.selectList] [http-nio-8080-exec-5] [DEBUG] - <==      Total: 65
[2026-09-21 12:57:50.141] [gas-forecast] [] [] [c.g.f.d.m.S.selectByUsername] [http-nio-8080-exec-7] [DEBUG] - ==>  Preparing: select distinct p.* from sys_permission_tb p where p.status = 1 and ( exists ( select 1 from sys_user_tb u join sys_user_role_ref ur on ur.user_id = u.id join sys_role_permission_ref rp on rp.role_id = ur.role_id where rp.permission_id = p.id and u.username = ? and u.deleted = 0 ) or exists ( select 1 from sys_user_tb u join sys_user_department_ref ud on ud.user_id = u.id join sys_department_permission_ref dp on dp.department_id = ud.department_id where dp.permission_id = p.id and u.username = ? and u.deleted = 0 ) ) order by p.sort_no, p.id
[2026-09-21 12:57:50.142] [gas-forecast] [] [] [c.g.f.d.m.S.selectByUsername] [http-nio-8080-exec-7] [DEBUG] - ==> Parameters: admin(String), admin(String)
[2026-09-21 12:57:50.149] [gas-forecast] [] [] [c.g.f.d.m.S.selectByUsername] [http-nio-8080-exec-7] [DEBUG] - <==      Total: 65
[2026-09-21 12:57:50.150] [gas-forecast] [] [] [c.g.f.d.m.SysRoleTbMapper.selectList] [http-nio-8080-exec-7] [DEBUG] - ==>  Preparing: SELECT id,role_code,role_name,description,created_at,updated_at FROM sys_role_tb ORDER BY id ASC
[2026-09-21 12:57:50.150] [gas-forecast] [] [] [c.g.f.d.m.SysRoleTbMapper.selectList] [http-nio-8080-exec-7] [DEBUG] - ==> Parameters: 
[2026-09-21 12:57:50.150] [gas-forecast] [] [] [c.g.f.d.m.SysRoleTbMapper.selectList] [http-nio-8080-exec-7] [DEBUG] - <==      Total: 1
[2026-09-21 12:57:50.150] [gas-forecast] [] [] [c.g.f.d.m.S.selectList] [http-nio-8080-exec-7] [DEBUG] - ==>  Preparing: SELECT id,parent_id,department_name,org_code,sort_no,status,created_at,updated_at FROM sys_department_tb ORDER BY sort_no ASC,id ASC
[2026-09-21 12:57:50.150] [gas-forecast] [] [] [c.g.f.d.m.S.selectList] [http-nio-8080-exec-7] [DEBUG] - ==> Parameters: 
[2026-09-21 12:57:50.151] [gas-forecast] [] [] [c.g.f.d.m.S.selectList] [http-nio-8080-exec-7] [DEBUG] - <==      Total: 7
[2026-09-21 12:57:50.151] [gas-forecast] [] [] [c.g.f.d.m.S.selectList] [http-nio-8080-exec-7] [DEBUG] - ==>  Preparing: SELECT id,parent_id,permission_name,path,component,permission_type,perms,button_code,icon,sort_no,hidden,status,created_at,updated_at FROM sys_permission_tb ORDER BY sort_no ASC,id ASC
[2026-09-21 12:57:50.151] [gas-forecast] [] [] [c.g.f.d.m.S.selectList] [http-nio-8080-exec-7] [DEBUG] - ==> Parameters: 
[2026-09-21 12:57:50.152] [gas-forecast] [] [] [c.g.f.d.m.S.selectList] [http-nio-8080-exec-7] [DEBUG] - <==      Total: 65
[2026-09-21 12:57:50.157] [gas-forecast] [] [] [c.g.f.d.m.S.selectByUsername] [http-nio-8080-exec-2] [DEBUG] - ==>  Preparing: select distinct p.* from sys_permission_tb p where p.status = 1 and ( exists ( select 1 from sys_user_tb u join sys_user_role_ref ur on ur.user_id = u.id join sys_role_permission_ref rp on rp.role_id = ur.role_id where rp.permission_id = p.id and u.username = ? and u.deleted = 0 ) or exists ( select 1 from sys_user_tb u join sys_user_department_ref ud on ud.user_id = u.id join sys_department_permission_ref dp on dp.department_id = ud.department_id where dp.permission_id = p.id and u.username = ? and u.deleted = 0 ) ) order by p.sort_no, p.id
[2026-09-21 12:57:50.157] [gas-forecast] [] [] [c.g.f.d.m.S.selectByUsername] [http-nio-8080-exec-2] [DEBUG] - ==> Parameters: admin(String), admin(String)
[2026-09-21 12:57:50.159] [gas-forecast] [] [] [c.g.f.d.m.S.selectByUsername] [http-nio-8080-exec-2] [DEBUG] - <==      Total: 65
[2026-09-21 12:57:50.159] [gas-forecast] [] [] [c.g.f.d.m.S.selectList] [http-nio-8080-exec-2] [DEBUG] - ==>  Preparing: SELECT id,parent_id,permission_name,path,component,permission_type,perms,button_code,icon,sort_no,hidden,status,created_at,updated_at FROM sys_permission_tb ORDER BY sort_no ASC,id ASC
[2026-09-21 12:57:50.159] [gas-forecast] [] [] [c.g.f.d.m.S.selectList] [http-nio-8080-exec-2] [DEBUG] - ==> Parameters: 
[2026-09-21 12:57:50.161] [gas-forecast] [] [] [c.g.f.d.m.S.selectList] [http-nio-8080-exec-2] [DEBUG] - <==      Total: 65
[2026-09-21 12:58:00.393] [gas-forecast] [] [] [c.g.f.d.m.S.selectByUsername] [http-nio-8080-exec-8] [DEBUG] - ==>  Preparing: select distinct p.* from sys_permission_tb p where p.status = 1 and ( exists ( select 1 from sys_user_tb u join sys_user_role_ref ur on ur.user_id = u.id join sys_role_permission_ref rp on rp.role_id = ur.role_id where rp.permission_id = p.id and u.username = ? and u.deleted = 0 ) or exists ( select 1 from sys_user_tb u join sys_user_department_ref ud on ud.user_id = u.id join sys_department_permission_ref dp on dp.department_id = ud.department_id where dp.permission_id = p.id and u.username = ? and u.deleted = 0 ) ) order by p.sort_no, p.id
[2026-09-21 12:58:00.394] [gas-forecast] [] [] [c.g.f.d.m.S.selectByUsername] [http-nio-8080-exec-8] [DEBUG] - ==> Parameters: admin(String), admin(String)
[2026-09-21 12:58:00.396] [gas-forecast] [] [] [c.g.f.d.m.S.selectByUsername] [http-nio-8080-exec-8] [DEBUG] - <==      Total: 65
[2026-09-21 12:58:00.403] [gas-forecast] [] [] [c.g.f.d.m.S.selectById] [http-nio-8080-exec-8] [DEBUG] - ==>  Preparing: SELECT id,parent_id,permission_name,path,component,permission_type,perms,button_code,icon,sort_no,hidden,status,created_at,updated_at FROM sys_permission_tb WHERE id=?
[2026-09-21 12:58:00.403] [gas-forecast] [] [] [c.g.f.d.m.S.selectById] [http-nio-8080-exec-8] [DEBUG] - ==> Parameters: 60(Long)
[2026-09-21 12:58:00.403] [gas-forecast] [] [] [c.g.f.d.m.S.selectById] [http-nio-8080-exec-8] [DEBUG] - <==      Total: 1
[2026-09-21 12:58:00.405] [gas-forecast] [] [] [c.g.f.d.m.S.updateById] [http-nio-8080-exec-8] [DEBUG] - ==>  Preparing: UPDATE sys_permission_tb SET permission_name=?, path=?, component=?, permission_type=?, perms=?, button_code=?, icon=?, sort_no=?, hidden=?, status=?, created_at=?, updated_at=? WHERE id=?
[2026-09-21 12:58:00.406] [gas-forecast] [] [] [c.g.f.d.m.S.updateById] [http-nio-8080-exec-8] [DEBUG] - ==> Parameters: 模型中心(String), null, null, DIRECTORY(String), null, null, DataAnalysis(String), 60(Integer), 0(Integer), 1(Integer), 2026-09-16 09:27:34.0(Timestamp), 2026-09-17 05:32:37.0(Timestamp), 60(Long)
[2026-09-21 12:58:00.408] [gas-forecast] [] [] [c.g.f.d.m.S.updateById] [http-nio-8080-exec-8] [DEBUG] - <==    Updates: 1
[2026-09-21 12:58:00.417] [gas-forecast] [] [] [c.g.f.d.m.S.selectByUsername] [http-nio-8080-exec-10] [DEBUG] - ==>  Preparing: select distinct p.* from sys_permission_tb p where p.status = 1 and ( exists ( select 1 from sys_user_tb u join sys_user_role_ref ur on ur.user_id = u.id join sys_role_permission_ref rp on rp.role_id = ur.role_id where rp.permission_id = p.id and u.username = ? and u.deleted = 0 ) or exists ( select 1 from sys_user_tb u join sys_user_department_ref ud on ud.user_id = u.id join sys_department_permission_ref dp on dp.department_id = ud.department_id where dp.permission_id = p.id and u.username = ? and u.deleted = 0 ) ) order by p.sort_no, p.id
[2026-09-21 12:58:00.417] [gas-forecast] [] [] [c.g.f.d.m.S.selectByUsername] [http-nio-8080-exec-10] [DEBUG] - ==> Parameters: admin(String), admin(String)
[2026-09-21 12:58:00.419] [gas-forecast] [] [] [c.g.f.d.m.S.selectByUsername] [http-nio-8080-exec-10] [DEBUG] - <==      Total: 65
[2026-09-21 12:58:00.419] [gas-forecast] [] [] [c.g.f.d.m.SysRoleTbMapper.selectList] [http-nio-8080-exec-10] [DEBUG] - ==>  Preparing: SELECT id,role_code,role_name,description,created_at,updated_at FROM sys_role_tb ORDER BY id ASC
[2026-09-21 12:58:00.420] [gas-forecast] [] [] [c.g.f.d.m.SysRoleTbMapper.selectList] [http-nio-8080-exec-10] [DEBUG] - ==> Parameters: 
[2026-09-21 12:58:00.420] [gas-forecast] [] [] [c.g.f.d.m.SysRoleTbMapper.selectList] [http-nio-8080-exec-10] [DEBUG] - <==      Total: 1
[2026-09-21 12:58:00.420] [gas-forecast] [] [] [c.g.f.d.m.S.selectList] [http-nio-8080-exec-10] [DEBUG] - ==>  Preparing: SELECT id,parent_id,department_name,org_code,sort_no,status,created_at,updated_at FROM sys_department_tb ORDER BY sort_no ASC,id ASC
[2026-09-21 12:58:00.420] [gas-forecast] [] [] [c.g.f.d.m.S.selectList] [http-nio-8080-exec-10] [DEBUG] - ==> Parameters: 
[2026-09-21 12:58:00.421] [gas-forecast] [] [] [c.g.f.d.m.S.selectList] [http-nio-8080-exec-10] [DEBUG] - <==      Total: 7
[2026-09-21 12:58:00.421] [gas-forecast] [] [] [c.g.f.d.m.S.selectList] [http-nio-8080-exec-10] [DEBUG] - ==>  Preparing: SELECT id,parent_id,permission_name,path,component,permission_type,perms,button_code,icon,sort_no,hidden,status,created_at,updated_at FROM sys_permission_tb ORDER BY sort_no ASC,id ASC
[2026-09-21 12:58:00.421] [gas-forecast] [] [] [c.g.f.d.m.S.selectList] [http-nio-8080-exec-10] [DEBUG] - ==> Parameters: 
[2026-09-21 12:58:00.422] [gas-forecast] [] [] [c.g.f.d.m.S.selectList] [http-nio-8080-exec-10] [DEBUG] - <==      Total: 65
[2026-09-21 12:58:00.432] [gas-forecast] [] [] [c.g.f.d.m.S.selectByUsername] [http-nio-8080-exec-9] [DEBUG] - ==>  Preparing: select distinct p.* from sys_permission_tb p where p.status = 1 and ( exists ( select 1 from sys_user_tb u join sys_user_role_ref ur on ur.user_id = u.id join sys_role_permission_ref rp on rp.role_id = ur.role_id where rp.permission_id = p.id and u.username = ? and u.deleted = 0 ) or exists ( select 1 from sys_user_tb u join sys_user_department_ref ud on ud.user_id = u.id join sys_department_permission_ref dp on dp.department_id = ud.department_id where dp.permission_id = p.id and u.username = ? and u.deleted = 0 ) ) order by p.sort_no, p.id
[2026-09-21 12:58:00.433] [gas-forecast] [] [] [c.g.f.d.m.S.selectByUsername] [http-nio-8080-exec-9] [DEBUG] - ==> Parameters: admin(String), admin(String)
[2026-09-21 12:58:00.434] [gas-forecast] [] [] [c.g.f.d.m.S.selectByUsername] [http-nio-8080-exec-9] [DEBUG] - <==      Total: 65
[2026-09-21 12:58:00.435] [gas-forecast] [] [] [c.g.f.d.m.S.selectList] [http-nio-8080-exec-9] [DEBUG] - ==>  Preparing: SELECT id,parent_id,permission_name,path,component,permission_type,perms,button_code,icon,sort_no,hidden,status,created_at,updated_at FROM sys_permission_tb ORDER BY sort_no ASC,id ASC
[2026-09-21 12:58:00.435] [gas-forecast] [] [] [c.g.f.d.m.S.selectList] [http-nio-8080-exec-9] [DEBUG] - ==> Parameters: 
[2026-09-21 12:58:00.436] [gas-forecast] [] [] [c.g.f.d.m.S.selectList] [http-nio-8080-exec-9] [DEBUG] - <==      Total: 65
[2026-09-21 12:58:40.863] [gas-forecast] [] [] [c.g.f.d.m.S.selectByUsername] [http-nio-8080-exec-3] [DEBUG] - ==>  Preparing: select distinct p.* from sys_permission_tb p where p.status = 1 and ( exists ( select 1 from sys_user_tb u join sys_user_role_ref ur on ur.user_id = u.id join sys_role_permission_ref rp on rp.role_id = ur.role_id where rp.permission_id = p.id and u.username = ? and u.deleted = 0 ) or exists ( select 1 from sys_user_tb u join sys_user_department_ref ud on ud.user_id = u.id join sys_department_permission_ref dp on dp.department_id = ud.department_id where dp.permission_id = p.id and u.username = ? and u.deleted = 0 ) ) order by p.sort_no, p.id
[2026-09-21 12:58:40.863] [gas-forecast] [] [] [c.g.f.d.m.S.selectByUsername] [http-nio-8080-exec-3] [DEBUG] - ==> Parameters: admin(String), admin(String)
[2026-09-21 12:58:40.875] [gas-forecast] [] [] [c.g.f.d.m.S.selectByUsername] [http-nio-8080-exec-3] [DEBUG] - <==      Total: 65
[2026-09-21 12:58:40.876] [gas-forecast] [] [] [c.g.f.d.m.S.selectById] [http-nio-8080-exec-3] [DEBUG] - ==>  Preparing: SELECT id,parent_id,permission_name,path,component,permission_type,perms,button_code,icon,sort_no,hidden,status,created_at,updated_at FROM sys_permission_tb WHERE id=?
[2026-09-21 12:58:40.876] [gas-forecast] [] [] [c.g.f.d.m.S.selectById] [http-nio-8080-exec-3] [DEBUG] - ==> Parameters: 61(Long)
[2026-09-21 12:58:40.876] [gas-forecast] [] [] [c.g.f.d.m.S.selectById] [http-nio-8080-exec-3] [DEBUG] - <==      Total: 1
[2026-09-21 12:58:40.876] [gas-forecast] [] [] [c.g.f.d.m.S.updateById] [http-nio-8080-exec-3] [DEBUG] - ==>  Preparing: UPDATE sys_permission_tb SET parent_id=?, permission_name=?, path=?, component=?, permission_type=?, perms=?, button_code=?, icon=?, sort_no=?, hidden=?, status=?, created_at=?, updated_at=? WHERE id=?
[2026-09-21 12:58:40.877] [gas-forecast] [] [] [c.g.f.d.m.S.updateById] [http-nio-8080-exec-3] [DEBUG] - ==> Parameters: 60(Long), 模型配置(String), /model/list(String), views/model/ModelConfigManagement.vue(String), MENU(String), model:config:list(String), null, null, 61(Integer), 0(Integer), 1(Integer), 2026-09-16 09:27:34.0(Timestamp), 2026-09-16 09:27:34.0(Timestamp), 61(Long)
[2026-09-21 12:58:40.878] [gas-forecast] [] [] [c.g.f.d.m.S.updateById] [http-nio-8080-exec-3] [DEBUG] - <==    Updates: 1
[2026-09-21 12:58:40.885] [gas-forecast] [] [] [c.g.f.d.m.S.selectByUsername] [http-nio-8080-exec-1] [DEBUG] - ==>  Preparing: select distinct p.* from sys_permission_tb p where p.status = 1 and ( exists ( select 1 from sys_user_tb u join sys_user_role_ref ur on ur.user_id = u.id join sys_role_permission_ref rp on rp.role_id = ur.role_id where rp.permission_id = p.id and u.username = ? and u.deleted = 0 ) or exists ( select 1 from sys_user_tb u join sys_user_department_ref ud on ud.user_id = u.id join sys_department_permission_ref dp on dp.department_id = ud.department_id where dp.permission_id = p.id and u.username = ? and u.deleted = 0 ) ) order by p.sort_no, p.id
[2026-09-21 12:58:40.885] [gas-forecast] [] [] [c.g.f.d.m.S.selectByUsername] [http-nio-8080-exec-1] [DEBUG] - ==> Parameters: admin(String), admin(String)
[2026-09-21 12:58:40.887] [gas-forecast] [] [] [c.g.f.d.m.S.selectByUsername] [http-nio-8080-exec-1] [DEBUG] - <==      Total: 65
[2026-09-21 12:58:40.887] [gas-forecast] [] [] [c.g.f.d.m.SysRoleTbMapper.selectList] [http-nio-8080-exec-1] [DEBUG] - ==>  Preparing: SELECT id,role_code,role_name,description,created_at,updated_at FROM sys_role_tb ORDER BY id ASC
[2026-09-21 12:58:40.887] [gas-forecast] [] [] [c.g.f.d.m.SysRoleTbMapper.selectList] [http-nio-8080-exec-1] [DEBUG] - ==> Parameters: 
[2026-09-21 12:58:40.888] [gas-forecast] [] [] [c.g.f.d.m.SysRoleTbMapper.selectList] [http-nio-8080-exec-1] [DEBUG] - <==      Total: 1
[2026-09-21 12:58:40.888] [gas-forecast] [] [] [c.g.f.d.m.S.selectList] [http-nio-8080-exec-1] [DEBUG] - ==>  Preparing: SELECT id,parent_id,department_name,org_code,sort_no,status,created_at,updated_at FROM sys_department_tb ORDER BY sort_no ASC,id ASC
[2026-09-21 12:58:40.888] [gas-forecast] [] [] [c.g.f.d.m.S.selectList] [http-nio-8080-exec-1] [DEBUG] - ==> Parameters: 
[2026-09-21 12:58:40.889] [gas-forecast] [] [] [c.g.f.d.m.S.selectList] [http-nio-8080-exec-1] [DEBUG] - <==      Total: 7
[2026-09-21 12:58:40.889] [gas-forecast] [] [] [c.g.f.d.m.S.selectList] [http-nio-8080-exec-1] [DEBUG] - ==>  Preparing: SELECT id,parent_id,permission_name,path,component,permission_type,perms,button_code,icon,sort_no,hidden,status,created_at,updated_at FROM sys_permission_tb ORDER BY sort_no ASC,id ASC
[2026-09-21 12:58:40.889] [gas-forecast] [] [] [c.g.f.d.m.S.selectList] [http-nio-8080-exec-1] [DEBUG] - ==> Parameters: 
[2026-09-21 12:58:40.890] [gas-forecast] [] [] [c.g.f.d.m.S.selectList] [http-nio-8080-exec-1] [DEBUG] - <==      Total: 65
[2026-09-21 12:58:40.901] [gas-forecast] [] [] [c.g.f.d.m.S.selectByUsername] [http-nio-8080-exec-4] [DEBUG] - ==>  Preparing: select distinct p.* from sys_permission_tb p where p.status = 1 and ( exists ( select 1 from sys_user_tb u join sys_user_role_ref ur on ur.user_id = u.id join sys_role_permission_ref rp on rp.role_id = ur.role_id where rp.permission_id = p.id and u.username = ? and u.deleted = 0 ) or exists ( select 1 from sys_user_tb u join sys_user_department_ref ud on ud.user_id = u.id join sys_department_permission_ref dp on dp.department_id = ud.department_id where dp.permission_id = p.id and u.username = ? and u.deleted = 0 ) ) order by p.sort_no, p.id
[2026-09-21 12:58:40.901] [gas-forecast] [] [] [c.g.f.d.m.S.selectByUsername] [http-nio-8080-exec-4] [DEBUG] - ==> Parameters: admin(String), admin(String)
[2026-09-21 12:58:40.903] [gas-forecast] [] [] [c.g.f.d.m.S.selectByUsername] [http-nio-8080-exec-4] [DEBUG] - <==      Total: 65
[2026-09-21 12:58:40.904] [gas-forecast] [] [] [c.g.f.d.m.S.selectList] [http-nio-8080-exec-4] [DEBUG] - ==>  Preparing: SELECT id,parent_id,permission_name,path,component,permission_type,perms,button_code,icon,sort_no,hidden,status,created_at,updated_at FROM sys_permission_tb ORDER BY sort_no ASC,id ASC
[2026-09-21 12:58:40.904] [gas-forecast] [] [] [c.g.f.d.m.S.selectList] [http-nio-8080-exec-4] [DEBUG] - ==> Parameters: 
[2026-09-21 12:58:40.905] [gas-forecast] [] [] [c.g.f.d.m.S.selectList] [http-nio-8080-exec-4] [DEBUG] - <==      Total: 65
[2026-09-21 12:58:58.588] [gas-forecast] [] [] [c.g.f.d.m.S.selectByUsername] [http-nio-8080-exec-6] [DEBUG] - ==>  Preparing: select distinct p.* from sys_permission_tb p where p.status = 1 and ( exists ( select 1 from sys_user_tb u join sys_user_role_ref ur on ur.user_id = u.id join sys_role_permission_ref rp on rp.role_id = ur.role_id where rp.permission_id = p.id and u.username = ? and u.deleted = 0 ) or exists ( select 1 from sys_user_tb u join sys_user_department_ref ud on ud.user_id = u.id join sys_department_permission_ref dp on dp.department_id = ud.department_id where dp.permission_id = p.id and u.username = ? and u.deleted = 0 ) ) order by p.sort_no, p.id
[2026-09-21 12:58:58.588] [gas-forecast] [] [] [c.g.f.d.m.S.selectByUsername] [http-nio-8080-exec-6] [DEBUG] - ==> Parameters: admin(String), admin(String)
[2026-09-21 12:58:58.590] [gas-forecast] [] [] [c.g.f.d.m.S.selectByUsername] [http-nio-8080-exec-6] [DEBUG] - <==      Total: 65
[2026-09-21 12:58:58.591] [gas-forecast] [] [] [c.g.f.d.m.S.selectById] [http-nio-8080-exec-6] [DEBUG] - ==>  Preparing: SELECT id,parent_id,permission_name,path,component,permission_type,perms,button_code,icon,sort_no,hidden,status,created_at,updated_at FROM sys_permission_tb WHERE id=?
[2026-09-21 12:58:58.591] [gas-forecast] [] [] [c.g.f.d.m.S.selectById] [http-nio-8080-exec-6] [DEBUG] - ==> Parameters: 63(Long)
[2026-09-21 12:58:58.591] [gas-forecast] [] [] [c.g.f.d.m.S.selectById] [http-nio-8080-exec-6] [DEBUG] - <==      Total: 1
[2026-09-21 12:58:58.592] [gas-forecast] [] [] [c.g.f.d.m.S.updateById] [http-nio-8080-exec-6] [DEBUG] - ==>  Preparing: UPDATE sys_permission_tb SET parent_id=?, permission_name=?, path=?, component=?, permission_type=?, perms=?, button_code=?, icon=?, sort_no=?, hidden=?, status=?, created_at=?, updated_at=? WHERE id=?
[2026-09-21 12:58:58.592] [gas-forecast] [] [] [c.g.f.d.m.S.updateById] [http-nio-8080-exec-6] [DEBUG] - ==> Parameters: 60(Long), 特征管理(String), /model/feature-definitions(String), views/model/ModelFeatureDefinitionManagement.vue(String), MENU(String), model:feature-definition:list(String), null, null, 63(Integer), 0(Integer), 1(Integer), 2026-09-17 02:53:27.0(Timestamp), 2026-09-17 02:53:27.0(Timestamp), 63(Long)
[2026-09-21 12:58:58.593] [gas-forecast] [] [] [c.g.f.d.m.S.updateById] [http-nio-8080-exec-6] [DEBUG] - <==    Updates: 1
[2026-09-21 12:58:58.604] [gas-forecast] [] [] [c.g.f.d.m.S.selectByUsername] [http-nio-8080-exec-5] [DEBUG] - ==>  Preparing: select distinct p.* from sys_permission_tb p where p.status = 1 and ( exists ( select 1 from sys_user_tb u join sys_user_role_ref ur on ur.user_id = u.id join sys_role_permission_ref rp on rp.role_id = ur.role_id where rp.permission_id = p.id and u.username = ? and u.deleted = 0 ) or exists ( select 1 from sys_user_tb u join sys_user_department_ref ud on ud.user_id = u.id join sys_department_permission_ref dp on dp.department_id = ud.department_id where dp.permission_id = p.id and u.username = ? and u.deleted = 0 ) ) order by p.sort_no, p.id
[2026-09-21 12:58:58.604] [gas-forecast] [] [] [c.g.f.d.m.S.selectByUsername] [http-nio-8080-exec-5] [DEBUG] - ==> Parameters: admin(String), admin(String)
[2026-09-21 12:58:58.606] [gas-forecast] [] [] [c.g.f.d.m.S.selectByUsername] [http-nio-8080-exec-5] [DEBUG] - <==      Total: 65
[2026-09-21 12:58:58.606] [gas-forecast] [] [] [c.g.f.d.m.SysRoleTbMapper.selectList] [http-nio-8080-exec-5] [DEBUG] - ==>  Preparing: SELECT id,role_code,role_name,description,created_at,updated_at FROM sys_role_tb ORDER BY id ASC
[2026-09-21 12:58:58.606] [gas-forecast] [] [] [c.g.f.d.m.SysRoleTbMapper.selectList] [http-nio-8080-exec-5] [DEBUG] - ==> Parameters: 
[2026-09-21 12:58:58.607] [gas-forecast] [] [] [c.g.f.d.m.SysRoleTbMapper.selectList] [http-nio-8080-exec-5] [DEBUG] - <==      Total: 1
[2026-09-21 12:58:58.607] [gas-forecast] [] [] [c.g.f.d.m.S.selectList] [http-nio-8080-exec-5] [DEBUG] - ==>  Preparing: SELECT id,parent_id,department_name,org_code,sort_no,status,created_at,updated_at FROM sys_department_tb ORDER BY sort_no ASC,id ASC
[2026-09-21 12:58:58.607] [gas-forecast] [] [] [c.g.f.d.m.S.selectList] [http-nio-8080-exec-5] [DEBUG] - ==> Parameters: 
[2026-09-21 12:58:58.607] [gas-forecast] [] [] [c.g.f.d.m.S.selectList] [http-nio-8080-exec-5] [DEBUG] - <==      Total: 7
[2026-09-21 12:58:58.607] [gas-forecast] [] [] [c.g.f.d.m.S.selectList] [http-nio-8080-exec-5] [DEBUG] - ==>  Preparing: SELECT id,parent_id,permission_name,path,component,permission_type,perms,button_code,icon,sort_no,hidden,status,created_at,updated_at FROM sys_permission_tb ORDER BY sort_no ASC,id ASC
[2026-09-21 12:58:58.607] [gas-forecast] [] [] [c.g.f.d.m.S.selectList] [http-nio-8080-exec-5] [DEBUG] - ==> Parameters: 
[2026-09-21 12:58:58.608] [gas-forecast] [] [] [c.g.f.d.m.S.selectList] [http-nio-8080-exec-5] [DEBUG] - <==      Total: 65
[2026-09-21 12:58:58.618] [gas-forecast] [] [] [c.g.f.d.m.S.selectByUsername] [http-nio-8080-exec-7] [DEBUG] - ==>  Preparing: select distinct p.* from sys_permission_tb p where p.status = 1 and ( exists ( select 1 from sys_user_tb u join sys_user_role_ref ur on ur.user_id = u.id join sys_role_permission_ref rp on rp.role_id = ur.role_id where rp.permission_id = p.id and u.username = ? and u.deleted = 0 ) or exists ( select 1 from sys_user_tb u join sys_user_department_ref ud on ud.user_id = u.id join sys_department_permission_ref dp on dp.department_id = ud.department_id where dp.permission_id = p.id and u.username = ? and u.deleted = 0 ) ) order by p.sort_no, p.id
[2026-09-21 12:58:58.618] [gas-forecast] [] [] [c.g.f.d.m.S.selectByUsername] [http-nio-8080-exec-7] [DEBUG] - ==> Parameters: admin(String), admin(String)
[2026-09-21 12:58:58.622] [gas-forecast] [] [] [c.g.f.d.m.S.selectByUsername] [http-nio-8080-exec-7] [DEBUG] - <==      Total: 65
[2026-09-21 12:58:58.623] [gas-forecast] [] [] [c.g.f.d.m.S.selectList] [http-nio-8080-exec-7] [DEBUG] - ==>  Preparing: SELECT id,parent_id,permission_name,path,component,permission_type,perms,button_code,icon,sort_no,hidden,status,created_at,updated_at FROM sys_permission_tb ORDER BY sort_no ASC,id ASC
[2026-09-21 12:58:58.623] [gas-forecast] [] [] [c.g.f.d.m.S.selectList] [http-nio-8080-exec-7] [DEBUG] - ==> Parameters: 
[2026-09-21 12:58:58.625] [gas-forecast] [] [] [c.g.f.d.m.S.selectList] [http-nio-8080-exec-7] [DEBUG] - <==      Total: 65
[2026-09-21 13:00:28.385] [gas-forecast] [] [] [c.g.f.d.m.SysUserTbMapper.selectList] [http-nio-8080-exec-1] [DEBUG] - ==>  Preparing: SELECT id,username,real_name,password_hash,password_salt,avatar,email,phone,org_code,status,deleted,created_at,updated_at FROM sys_user_tb WHERE (username = ? AND deleted = ?)
[2026-09-21 13:00:28.385] [gas-forecast] [] [] [c.g.f.d.m.SysUserTbMapper.selectList] [http-nio-8080-exec-1] [DEBUG] - ==> Parameters: admin(String), 0(Integer)
[2026-09-21 13:00:28.389] [gas-forecast] [] [] [c.g.f.d.m.SysUserTbMapper.selectList] [http-nio-8080-exec-1] [DEBUG] - <==      Total: 1
[2026-09-21 13:00:28.392] [gas-forecast] [] [] [c.g.f.d.m.S.selectRoleCodesByUsername] [http-nio-8080-exec-1] [DEBUG] - ==>  Preparing: select r.role_code from sys_user_tb u join sys_user_role_ref ur on ur.user_id = u.id join sys_role_tb r on r.id = ur.role_id where u.username = ? order by r.role_code
[2026-09-21 13:00:28.392] [gas-forecast] [] [] [c.g.f.d.m.S.selectRoleCodesByUsername] [http-nio-8080-exec-1] [DEBUG] - ==> Parameters: admin(String)
[2026-09-21 13:00:28.393] [gas-forecast] [] [] [c.g.f.d.m.S.selectRoleCodesByUsername] [http-nio-8080-exec-1] [DEBUG] - <==      Total: 1
[2026-09-21 13:00:28.393] [gas-forecast] [] [] [c.g.f.d.m.S.selectByUsername] [http-nio-8080-exec-1] [DEBUG] - ==>  Preparing: select distinct p.* from sys_permission_tb p where p.status = 1 and ( exists ( select 1 from sys_user_tb u join sys_user_role_ref ur on ur.user_id = u.id join sys_role_permission_ref rp on rp.role_id = ur.role_id where rp.permission_id = p.id and u.username = ? and u.deleted = 0 ) or exists ( select 1 from sys_user_tb u join sys_user_department_ref ud on ud.user_id = u.id join sys_department_permission_ref dp on dp.department_id = ud.department_id where dp.permission_id = p.id and u.username = ? and u.deleted = 0 ) ) order by p.sort_no, p.id
[2026-09-21 13:00:28.393] [gas-forecast] [] [] [c.g.f.d.m.S.selectByUsername] [http-nio-8080-exec-1] [DEBUG] - ==> Parameters: admin(String), admin(String)
[2026-09-21 13:00:28.394] [gas-forecast] [] [] [c.g.f.d.m.S.selectByUsername] [http-nio-8080-exec-1] [DEBUG] - <==      Total: 65
[2026-09-21 13:02:13.694] [gas-forecast] [] [] [c.g.f.d.m.SysUserTbMapper.selectList] [http-nio-8080-exec-4] [DEBUG] - ==>  Preparing: SELECT id,username,real_name,password_hash,password_salt,avatar,email,phone,org_code,status,deleted,created_at,updated_at FROM sys_user_tb WHERE (username = ? AND deleted = ?)
[2026-09-21 13:02:13.694] [gas-forecast] [] [] [c.g.f.d.m.SysUserTbMapper.selectList] [http-nio-8080-exec-4] [DEBUG] - ==> Parameters: admin(String), 0(Integer)
[2026-09-21 13:02:13.698] [gas-forecast] [] [] [c.g.f.d.m.SysUserTbMapper.selectList] [http-nio-8080-exec-4] [DEBUG] - <==      Total: 1
[2026-09-21 13:02:13.698] [gas-forecast] [] [] [c.g.f.d.m.S.selectRoleCodesByUsername] [http-nio-8080-exec-4] [DEBUG] - ==>  Preparing: select r.role_code from sys_user_tb u join sys_user_role_ref ur on ur.user_id = u.id join sys_role_tb r on r.id = ur.role_id where u.username = ? order by r.role_code
[2026-09-21 13:02:13.698] [gas-forecast] [] [] [c.g.f.d.m.S.selectRoleCodesByUsername] [http-nio-8080-exec-4] [DEBUG] - ==> Parameters: admin(String)
[2026-09-21 13:02:13.699] [gas-forecast] [] [] [c.g.f.d.m.S.selectRoleCodesByUsername] [http-nio-8080-exec-4] [DEBUG] - <==      Total: 1
[2026-09-21 13:02:13.699] [gas-forecast] [] [] [c.g.f.d.m.S.selectByUsername] [http-nio-8080-exec-4] [DEBUG] - ==>  Preparing: select distinct p.* from sys_permission_tb p where p.status = 1 and ( exists ( select 1 from sys_user_tb u join sys_user_role_ref ur on ur.user_id = u.id join sys_role_permission_ref rp on rp.role_id = ur.role_id where rp.permission_id = p.id and u.username = ? and u.deleted = 0 ) or exists ( select 1 from sys_user_tb u join sys_user_department_ref ud on ud.user_id = u.id join sys_department_permission_ref dp on dp.department_id = ud.department_id where dp.permission_id = p.id and u.username = ? and u.deleted = 0 ) ) order by p.sort_no, p.id
[2026-09-21 13:02:13.700] [gas-forecast] [] [] [c.g.f.d.m.S.selectByUsername] [http-nio-8080-exec-4] [DEBUG] - ==> Parameters: admin(String), admin(String)
[2026-09-21 13:02:13.702] [gas-forecast] [] [] [c.g.f.d.m.S.selectByUsername] [http-nio-8080-exec-4] [DEBUG] - <==      Total: 65
[2026-09-21 13:02:13.739] [gas-forecast] [] [] [c.g.f.d.m.SysUserTbMapper.selectList] [http-nio-8080-exec-6] [DEBUG] - ==>  Preparing: SELECT id,username,real_name,password_hash,password_salt,avatar,email,phone,org_code,status,deleted,created_at,updated_at FROM sys_user_tb WHERE (username = ? AND deleted = ?)
[2026-09-21 13:02:13.739] [gas-forecast] [] [] [c.g.f.d.m.SysUserTbMapper.selectList] [http-nio-8080-exec-6] [DEBUG] - ==> Parameters: admin(String), 0(Integer)
[2026-09-21 13:02:13.740] [gas-forecast] [] [] [c.g.f.d.m.SysUserTbMapper.selectList] [http-nio-8080-exec-6] [DEBUG] - <==      Total: 1
[2026-09-21 13:02:13.740] [gas-forecast] [] [] [c.g.f.d.m.S.selectRoleCodesByUsername] [http-nio-8080-exec-6] [DEBUG] - ==>  Preparing: select r.role_code from sys_user_tb u join sys_user_role_ref ur on ur.user_id = u.id join sys_role_tb r on r.id = ur.role_id where u.username = ? order by r.role_code
[2026-09-21 13:02:13.740] [gas-forecast] [] [] [c.g.f.d.m.S.selectRoleCodesByUsername] [http-nio-8080-exec-6] [DEBUG] - ==> Parameters: admin(String)
[2026-09-21 13:02:13.741] [gas-forecast] [] [] [c.g.f.d.m.S.selectRoleCodesByUsername] [http-nio-8080-exec-6] [DEBUG] - <==      Total: 1
[2026-09-21 13:02:13.741] [gas-forecast] [] [] [c.g.f.d.m.S.selectByUsername] [http-nio-8080-exec-6] [DEBUG] - ==>  Preparing: select distinct p.* from sys_permission_tb p where p.status = 1 and ( exists ( select 1 from sys_user_tb u join sys_user_role_ref ur on ur.user_id = u.id join sys_role_permission_ref rp on rp.role_id = ur.role_id where rp.permission_id = p.id and u.username = ? and u.deleted = 0 ) or exists ( select 1 from sys_user_tb u join sys_user_department_ref ud on ud.user_id = u.id join sys_department_permission_ref dp on dp.department_id = ud.department_id where dp.permission_id = p.id and u.username = ? and u.deleted = 0 ) ) order by p.sort_no, p.id
[2026-09-21 13:02:13.741] [gas-forecast] [] [] [c.g.f.d.m.S.selectByUsername] [http-nio-8080-exec-6] [DEBUG] - ==> Parameters: admin(String), admin(String)
[2026-09-21 13:02:13.744] [gas-forecast] [] [] [c.g.f.d.m.S.selectByUsername] [http-nio-8080-exec-6] [DEBUG] - <==      Total: 65
[2026-09-21 13:02:14.041] [gas-forecast] [] [] [c.g.f.d.m.SysUserTbMapper.selectList] [http-nio-8080-exec-5] [DEBUG] - ==>  Preparing: SELECT id,username,real_name,password_hash,password_salt,avatar,email,phone,org_code,status,deleted,created_at,updated_at FROM sys_user_tb WHERE (username = ? AND deleted = ?)
[2026-09-21 13:02:14.041] [gas-forecast] [] [] [c.g.f.d.m.SysUserTbMapper.selectList] [http-nio-8080-exec-5] [DEBUG] - ==> Parameters: admin(String), 0(Integer)
[2026-09-21 13:02:14.042] [gas-forecast] [] [] [c.g.f.d.m.SysUserTbMapper.selectList] [http-nio-8080-exec-5] [DEBUG] - <==      Total: 1
[2026-09-21 13:02:14.042] [gas-forecast] [] [] [c.g.f.d.m.S.selectRoleCodesByUsername] [http-nio-8080-exec-5] [DEBUG] - ==>  Preparing: select r.role_code from sys_user_tb u join sys_user_role_ref ur on ur.user_id = u.id join sys_role_tb r on r.id = ur.role_id where u.username = ? order by r.role_code
[2026-09-21 13:02:14.042] [gas-forecast] [] [] [c.g.f.d.m.S.selectRoleCodesByUsername] [http-nio-8080-exec-5] [DEBUG] - ==> Parameters: admin(String)
[2026-09-21 13:02:14.042] [gas-forecast] [] [] [c.g.f.d.m.S.selectRoleCodesByUsername] [http-nio-8080-exec-5] [DEBUG] - <==      Total: 1
[2026-09-21 13:02:14.043] [gas-forecast] [] [] [c.g.f.d.m.S.selectByUsername] [http-nio-8080-exec-5] [DEBUG] - ==>  Preparing: select distinct p.* from sys_permission_tb p where p.status = 1 and ( exists ( select 1 from sys_user_tb u join sys_user_role_ref ur on ur.user_id = u.id join sys_role_permission_ref rp on rp.role_id = ur.role_id where rp.permission_id = p.id and u.username = ? and u.deleted = 0 ) or exists ( select 1 from sys_user_tb u join sys_user_department_ref ud on ud.user_id = u.id join sys_department_permission_ref dp on dp.department_id = ud.department_id where dp.permission_id = p.id and u.username = ? and u.deleted = 0 ) ) order by p.sort_no, p.id
[2026-09-21 13:02:14.043] [gas-forecast] [] [] [c.g.f.d.m.S.selectByUsername] [http-nio-8080-exec-5] [DEBUG] - ==> Parameters: admin(String), admin(String)
[2026-09-21 13:02:14.044] [gas-forecast] [] [] [c.g.f.d.m.S.selectByUsername] [http-nio-8080-exec-5] [DEBUG] - <==      Total: 65
[2026-09-21 13:02:14.095] [gas-forecast] [] [] [c.g.f.d.m.S.selectByUsername] [http-nio-8080-exec-7] [DEBUG] - ==>  Preparing: select distinct p.* from sys_permission_tb p where p.status = 1 and ( exists ( select 1 from sys_user_tb u join sys_user_role_ref ur on ur.user_id = u.id join sys_role_permission_ref rp on rp.role_id = ur.role_id where rp.permission_id = p.id and u.username = ? and u.deleted = 0 ) or exists ( select 1 from sys_user_tb u join sys_user_department_ref ud on ud.user_id = u.id join sys_department_permission_ref dp on dp.department_id = ud.department_id where dp.permission_id = p.id and u.username = ? and u.deleted = 0 ) ) order by p.sort_no, p.id
[2026-09-21 13:02:14.095] [gas-forecast] [] [] [c.g.f.d.m.S.selectByUsername] [http-nio-8080-exec-7] [DEBUG] - ==> Parameters: admin(String), admin(String)
[2026-09-21 13:02:14.097] [gas-forecast] [] [] [c.g.f.d.m.S.selectByUsername] [http-nio-8080-exec-7] [DEBUG] - <==      Total: 65
[2026-09-21 13:02:14.098] [gas-forecast] [] [] [c.g.f.d.m.SysRoleTbMapper.selectList] [http-nio-8080-exec-7] [DEBUG] - ==>  Preparing: SELECT id,role_code,role_name,description,created_at,updated_at FROM sys_role_tb ORDER BY id ASC
[2026-09-21 13:02:14.098] [gas-forecast] [] [] [c.g.f.d.m.SysRoleTbMapper.selectList] [http-nio-8080-exec-7] [DEBUG] - ==> Parameters: 
[2026-09-21 13:02:14.098] [gas-forecast] [] [] [c.g.f.d.m.SysRoleTbMapper.selectList] [http-nio-8080-exec-7] [DEBUG] - <==      Total: 1
[2026-09-21 13:02:14.098] [gas-forecast] [] [] [c.g.f.d.m.S.selectList] [http-nio-8080-exec-7] [DEBUG] - ==>  Preparing: SELECT id,parent_id,department_name,org_code,sort_no,status,created_at,updated_at FROM sys_department_tb ORDER BY sort_no ASC,id ASC
[2026-09-21 13:02:14.098] [gas-forecast] [] [] [c.g.f.d.m.S.selectList] [http-nio-8080-exec-7] [DEBUG] - ==> Parameters: 
[2026-09-21 13:02:14.099] [gas-forecast] [] [] [c.g.f.d.m.S.selectList] [http-nio-8080-exec-7] [DEBUG] - <==      Total: 7
[2026-09-21 13:02:14.099] [gas-forecast] [] [] [c.g.f.d.m.S.selectList] [http-nio-8080-exec-7] [DEBUG] - ==>  Preparing: SELECT id,parent_id,permission_name,path,component,permission_type,perms,button_code,icon,sort_no,hidden,status,created_at,updated_at FROM sys_permission_tb ORDER BY sort_no ASC,id ASC
[2026-09-21 13:02:14.099] [gas-forecast] [] [] [c.g.f.d.m.S.selectList] [http-nio-8080-exec-7] [DEBUG] - ==> Parameters: 
[2026-09-21 13:02:14.101] [gas-forecast] [] [] [c.g.f.d.m.S.selectList] [http-nio-8080-exec-7] [DEBUG] - <==      Total: 65
[2026-09-21 13:02:14.105] [gas-forecast] [] [] [c.g.f.d.m.S.selectByUsername] [http-nio-8080-exec-8] [DEBUG] - ==>  Preparing: select distinct p.* from sys_permission_tb p where p.status = 1 and ( exists ( select 1 from sys_user_tb u join sys_user_role_ref ur on ur.user_id = u.id join sys_role_permission_ref rp on rp.role_id = ur.role_id where rp.permission_id = p.id and u.username = ? and u.deleted = 0 ) or exists ( select 1 from sys_user_tb u join sys_user_department_ref ud on ud.user_id = u.id join sys_department_permission_ref dp on dp.department_id = ud.department_id where dp.permission_id = p.id and u.username = ? and u.deleted = 0 ) ) order by p.sort_no, p.id
[2026-09-21 13:02:14.106] [gas-forecast] [] [] [c.g.f.d.m.S.selectByUsername] [http-nio-8080-exec-8] [DEBUG] - ==> Parameters: admin(String), admin(String)
[2026-09-21 13:02:14.107] [gas-forecast] [] [] [c.g.f.d.m.S.selectByUsername] [http-nio-8080-exec-8] [DEBUG] - <==      Total: 65
[2026-09-21 13:02:14.108] [gas-forecast] [] [] [c.g.f.d.m.S.selectList] [http-nio-8080-exec-8] [DEBUG] - ==>  Preparing: SELECT id,parent_id,permission_name,path,component,permission_type,perms,button_code,icon,sort_no,hidden,status,created_at,updated_at FROM sys_permission_tb ORDER BY sort_no ASC,id ASC
[2026-09-21 13:02:14.108] [gas-forecast] [] [] [c.g.f.d.m.S.selectList] [http-nio-8080-exec-8] [DEBUG] - ==> Parameters: 
[2026-09-21 13:02:14.109] [gas-forecast] [] [] [c.g.f.d.m.S.selectList] [http-nio-8080-exec-8] [DEBUG] - <==      Total: 65
[2026-09-21 13:04:38.728] [gas-forecast] [] [] [c.g.f.d.m.SysUserTbMapper.selectList] [http-nio-8080-exec-2] [DEBUG] - ==>  Preparing: SELECT id,username,real_name,password_hash,password_salt,avatar,email,phone,org_code,status,deleted,created_at,updated_at FROM sys_user_tb WHERE (username = ? AND deleted = ?)
[2026-09-21 13:04:38.738] [gas-forecast] [] [] [c.g.f.d.m.SysUserTbMapper.selectList] [http-nio-8080-exec-2] [DEBUG] - ==> Parameters: admin(String), 0(Integer)
[2026-09-21 13:04:38.748] [gas-forecast] [] [] [c.g.f.d.m.SysUserTbMapper.selectList] [http-nio-8080-exec-2] [DEBUG] - <==      Total: 1
[2026-09-21 13:04:38.752] [gas-forecast] [] [] [c.g.f.d.m.S.selectRoleCodesByUsername] [http-nio-8080-exec-2] [DEBUG] - ==>  Preparing: select r.role_code from sys_user_tb u join sys_user_role_ref ur on ur.user_id = u.id join sys_role_tb r on r.id = ur.role_id where u.username = ? order by r.role_code
[2026-09-21 13:04:38.752] [gas-forecast] [] [] [c.g.f.d.m.S.selectRoleCodesByUsername] [http-nio-8080-exec-2] [DEBUG] - ==> Parameters: admin(String)
[2026-09-21 13:04:38.754] [gas-forecast] [] [] [c.g.f.d.m.S.selectRoleCodesByUsername] [http-nio-8080-exec-2] [DEBUG] - <==      Total: 1
[2026-09-21 13:04:38.754] [gas-forecast] [] [] [c.g.f.d.m.S.selectByUsername] [http-nio-8080-exec-2] [DEBUG] - ==>  Preparing: select distinct p.* from sys_permission_tb p where p.status = 1 and ( exists ( select 1 from sys_user_tb u join sys_user_role_ref ur on ur.user_id = u.id join sys_role_permission_ref rp on rp.role_id = ur.role_id where rp.permission_id = p.id and u.username = ? and u.deleted = 0 ) or exists ( select 1 from sys_user_tb u join sys_user_department_ref ud on ud.user_id = u.id join sys_department_permission_ref dp on dp.department_id = ud.department_id where dp.permission_id = p.id and u.username = ? and u.deleted = 0 ) ) order by p.sort_no, p.id
[2026-09-21 13:04:38.754] [gas-forecast] [] [] [c.g.f.d.m.S.selectByUsername] [http-nio-8080-exec-2] [DEBUG] - ==> Parameters: admin(String), admin(String)
[2026-09-21 13:04:38.759] [gas-forecast] [] [] [c.g.f.d.m.S.selectByUsername] [http-nio-8080-exec-2] [DEBUG] - <==      Total: 57
[2026-09-21 13:04:56.337] [gas-forecast] [] [] [c.g.f.d.m.M.selectList_mpCount] [http-nio-8080-exec-4] [DEBUG] - ==>  Preparing: SELECT COUNT(*) AS total FROM model_config_tb
[2026-09-21 13:04:56.337] [gas-forecast] [] [] [c.g.f.d.m.M.selectList_mpCount] [http-nio-8080-exec-4] [DEBUG] - ==> Parameters: 
[2026-09-21 13:04:56.339] [gas-forecast] [] [] [c.g.f.d.m.M.selectList_mpCount] [http-nio-8080-exec-4] [DEBUG] - <==      Total: 1
[2026-09-21 13:04:56.340] [gas-forecast] [] [] [c.g.f.d.m.M.selectList] [http-nio-8080-exec-4] [DEBUG] - ==>  Preparing: SELECT id,model_code,model_name,model_version,agent_code,description,created_by,created_at,updated_at,created_by_name FROM model_config_tb ORDER BY updated_at DESC,id DESC LIMIT ?
[2026-09-21 13:04:56.341] [gas-forecast] [] [] [c.g.f.d.m.M.selectList] [http-nio-8080-exec-4] [DEBUG] - ==> Parameters: 10(Long)
[2026-09-21 13:04:56.342] [gas-forecast] [] [] [c.g.f.d.m.M.selectList] [http-nio-8080-exec-4] [DEBUG] - <==      Total: 2
[2026-09-21 13:04:56.342] [gas-forecast] [] [] [c.g.f.d.m.M.selectList] [http-nio-8080-exec-4] [DEBUG] - ==>  Preparing: SELECT id,model_id,model_code,region_code,industry_code,customer_code,created_by,created_at,updated_at,created_by_name FROM model_config_scope_tb WHERE (model_id IN (?,?)) ORDER BY id DESC
[2026-09-21 13:04:56.343] [gas-forecast] [] [] [c.g.f.d.m.M.selectList] [http-nio-8080-exec-4] [DEBUG] - ==> Parameters: 2(Long), 1(Long)
[2026-09-21 13:04:56.343] [gas-forecast] [] [] [c.g.f.d.m.M.selectList] [http-nio-8080-exec-4] [DEBUG] - <==      Total: 8
[2026-09-21 13:04:56.344] [gas-forecast] [] [] [c.g.f.d.m.M.selectList] [http-nio-8080-exec-4] [DEBUG] - ==>  Preparing: SELECT id,model_id,feature_id,required_flag,feature_order,created_at,created_by FROM model_feature_ref WHERE (model_id IN (?,?)) ORDER BY feature_order ASC,id ASC
[2026-09-21 13:04:56.344] [gas-forecast] [] [] [c.g.f.d.m.M.selectList] [http-nio-8080-exec-4] [DEBUG] - ==> Parameters: 2(Long), 1(Long)
[2026-09-21 13:04:56.345] [gas-forecast] [] [] [c.g.f.d.m.M.selectList] [http-nio-8080-exec-4] [DEBUG] - <==      Total: 25
[2026-09-21 13:04:56.346] [gas-forecast] [] [] [c.g.f.d.m.M.selectBatchIds] [http-nio-8080-exec-4] [DEBUG] - ==>  Preparing: SELECT id,feature_code,feature_name,feature_column,time_granularity,enabled,description,created_at,created_by,updated_by_name FROM model_feature_definition_tb WHERE id IN ( ? , ? , ? , ? , ? , ? , ? , ? , ? , ? , ? , ? , ? , ? , ? , ? , ? , ? , ? , ? , ? , ? , ? , ? , ? )
[2026-09-21 13:04:56.346] [gas-forecast] [] [] [c.g.f.d.m.M.selectBatchIds] [http-nio-8080-exec-4] [DEBUG] - ==> Parameters: 5(Long), 6(Long), 4(Long), 7(Long), 3(Long), 8(Long), 2(Long), 9(Long), 1(Long), 10(Long), 11(Long), 12(Long), 13(Long), 14(Long), 15(Long), 16(Long), 17(Long), 18(Long), 19(Long), 20(Long), 21(Long), 22(Long), 23(Long), 24(Long), 25(Long)
[2026-09-21 13:04:56.350] [gas-forecast] [] [] [c.g.f.d.m.M.selectBatchIds] [http-nio-8080-exec-4] [DEBUG] - <==      Total: 25
[2026-09-21 13:04:56.350] [gas-forecast] [] [] [c.g.f.d.m.B.selectList] [http-nio-8080-exec-4] [DEBUG] - ==>  Preparing: SELECT id,region_code,region_name,remark,created_by,created_at,updated_by,updated_at,updated_by_name,created_by_name FROM base_region_tb WHERE (region_code IN (?,?,?,?,?,?,?,?))
[2026-09-21 13:04:56.351] [gas-forecast] [] [] [c.g.f.d.m.B.selectList] [http-nio-8080-exec-4] [DEBUG] - ==> Parameters: REG000012(String), REG000005(String), REG000006(String), REG000007(String), REG000008(String), REG000009(String), REG000010(String), REG000011(String)
[2026-09-21 13:04:56.352] [gas-forecast] [] [] [c.g.f.d.m.B.selectList] [http-nio-8080-exec-4] [DEBUG] - <==      Total: 8
[2026-09-21 13:04:59.669] [gas-forecast] [] [] [c.g.f.d.m.M.selectList_mpCount] [http-nio-8080-exec-5] [DEBUG] - ==>  Preparing: SELECT COUNT(*) AS total FROM model_train_feature_data_tb
[2026-09-21 13:04:59.669] [gas-forecast] [] [] [c.g.f.d.m.M.selectList_mpCount] [http-nio-8080-exec-5] [DEBUG] - ==> Parameters: 
[2026-09-21 13:04:59.675] [gas-forecast] [] [] [c.g.f.d.m.M.selectList_mpCount] [http-nio-8080-exec-5] [DEBUG] - <==      Total: 1
[2026-09-21 13:04:59.675] [gas-forecast] [] [] [c.g.f.d.m.M.selectList] [http-nio-8080-exec-5] [DEBUG] - ==>  Preparing: SELECT id,stat_date,time_granularity,region_code,region_name,customer_code,customer_name,industry_code,industry_name,gas_sales,feature_001,feature_002,feature_003,feature_004,feature_005,feature_006,feature_007,feature_008,feature_009,feature_010,feature_011,feature_012,feature_013,feature_014,feature_015,feature_016,feature_017,feature_018,feature_019,feature_020,feature_021,feature_022,feature_023,feature_024,feature_025,feature_026,feature_027,feature_028,feature_029,feature_030,feature_031,feature_032,feature_033,feature_034,feature_035,feature_036,feature_037,feature_038,feature_039,feature_040,feature_041,feature_042,feature_043,feature_044,feature_045,feature_046,feature_047,feature_048,feature_049,feature_050,feature_051,feature_052,feature_053,feature_054,feature_055,feature_056,feature_057,feature_058,feature_059,feature_060,feature_061,feature_062,feature_063,feature_064,feature_065,feature_066,feature_067,feature_068,feature_069,feature_070,feature_071,feature_072,feature_073,feature_074,feature_075,feature_076,feature_077,feature_078,feature_079,feature_080,feature_081,feature_082,feature_083,feature_084,feature_085,feature_086,feature_087,feature_088,feature_089,feature_090,feature_091,feature_092,feature_093,feature_094,feature_095,feature_096,feature_097,feature_098,feature_099,feature_100,feature_101,feature_102,feature_103,feature_104,feature_105,feature_106,feature_107,feature_108,feature_109,feature_110,feature_111,feature_112,feature_113,feature_114,feature_115,feature_116,feature_117,feature_118,feature_119,feature_120,feature_121,feature_122,feature_123,feature_124,feature_125,feature_126,feature_127,feature_128,feature_129,feature_130,feature_131,feature_132,feature_133,feature_134,feature_135,feature_136,feature_137,feature_138,feature_139,feature_140,feature_141,feature_142,feature_143,feature_144,feature_145,feature_146,feature_147,feature_148,feature_149,feature_150,feature_151,feature_152,feature_153,feature_154,feature_155,feature_156,feature_157,feature_158,feature_159,feature_160,feature_161,feature_162,feature_163,feature_164,feature_165,feature_166,feature_167,feature_168,feature_169,feature_170,feature_171,feature_172,feature_173,feature_174,feature_175,feature_176,feature_177,feature_178,feature_179,feature_180,feature_181,feature_182,feature_183,feature_184,feature_185,feature_186,feature_187,feature_188,feature_189,feature_190,feature_191,feature_192,feature_193,feature_194,feature_195,feature_196,feature_197,feature_198,feature_199,feature_200,create_time,update_time FROM model_train_feature_data_tb ORDER BY stat_date DESC,id DESC LIMIT ?
[2026-09-21 13:04:59.676] [gas-forecast] [] [] [c.g.f.d.m.M.selectList] [http-nio-8080-exec-5] [DEBUG] - ==> Parameters: 10(Long)
[2026-09-21 13:04:59.683] [gas-forecast] [] [] [c.g.f.d.m.M.selectList] [http-nio-8080-exec-5] [DEBUG] - <==      Total: 10
[2026-09-21 13:04:59.684] [gas-forecast] [] [] [c.g.f.d.m.M.selectList] [http-nio-8080-exec-5] [DEBUG] - ==>  Preparing: SELECT feature_column,feature_code FROM model_feature_definition_tb WHERE (enabled = ?)
[2026-09-21 13:04:59.684] [gas-forecast] [] [] [c.g.f.d.m.M.selectList] [http-nio-8080-exec-5] [DEBUG] - ==> Parameters: 1(Integer)
[2026-09-21 13:04:59.685] [gas-forecast] [] [] [c.g.f.d.m.M.selectList] [http-nio-8080-exec-5] [DEBUG] - <==      Total: 25
[2026-09-21 13:06:05.013] [gas-forecast] [] [] [c.g.f.d.m.S.selectByUsername] [http-nio-8080-exec-6] [DEBUG] - ==>  Preparing: select distinct p.* from sys_permission_tb p where p.status = 1 and ( exists ( select 1 from sys_user_tb u join sys_user_role_ref ur on ur.user_id = u.id join sys_role_permission_ref rp on rp.role_id = ur.role_id where rp.permission_id = p.id and u.username = ? and u.deleted = 0 ) or exists ( select 1 from sys_user_tb u join sys_user_department_ref ud on ud.user_id = u.id join sys_department_permission_ref dp on dp.department_id = ud.department_id where dp.permission_id = p.id and u.username = ? and u.deleted = 0 ) ) order by p.sort_no, p.id
[2026-09-21 13:06:05.014] [gas-forecast] [] [] [c.g.f.d.m.S.selectByUsername] [http-nio-8080-exec-6] [DEBUG] - ==> Parameters: admin(String), admin(String)
[2026-09-21 13:06:05.020] [gas-forecast] [] [] [c.g.f.d.m.S.selectByUsername] [http-nio-8080-exec-6] [DEBUG] - <==      Total: 57
[2026-09-21 13:06:05.021] [gas-forecast] [] [] [c.g.f.d.m.SysRoleTbMapper.selectList] [http-nio-8080-exec-6] [DEBUG] - ==>  Preparing: SELECT id,role_code,role_name,description,created_at,updated_at FROM sys_role_tb ORDER BY id ASC
[2026-09-21 13:06:05.022] [gas-forecast] [] [] [c.g.f.d.m.SysRoleTbMapper.selectList] [http-nio-8080-exec-6] [DEBUG] - ==> Parameters: 
[2026-09-21 13:06:05.022] [gas-forecast] [] [] [c.g.f.d.m.SysRoleTbMapper.selectList] [http-nio-8080-exec-6] [DEBUG] - <==      Total: 1
[2026-09-21 13:06:05.023] [gas-forecast] [] [] [c.g.f.d.m.S.selectList] [http-nio-8080-exec-6] [DEBUG] - ==>  Preparing: SELECT id,parent_id,department_name,org_code,sort_no,status,created_at,updated_at FROM sys_department_tb ORDER BY sort_no ASC,id ASC
[2026-09-21 13:06:05.023] [gas-forecast] [] [] [c.g.f.d.m.S.selectList] [http-nio-8080-exec-6] [DEBUG] - ==> Parameters: 
[2026-09-21 13:06:05.024] [gas-forecast] [] [] [c.g.f.d.m.S.selectList] [http-nio-8080-exec-6] [DEBUG] - <==      Total: 7
[2026-09-21 13:06:05.024] [gas-forecast] [] [] [c.g.f.d.m.S.selectList] [http-nio-8080-exec-6] [DEBUG] - ==>  Preparing: SELECT id,parent_id,permission_name,path,component,permission_type,perms,button_code,icon,sort_no,hidden,status,created_at,updated_at FROM sys_permission_tb ORDER BY sort_no ASC,id ASC
[2026-09-21 13:06:05.024] [gas-forecast] [] [] [c.g.f.d.m.S.selectList] [http-nio-8080-exec-6] [DEBUG] - ==> Parameters: 
[2026-09-21 13:06:05.026] [gas-forecast] [] [] [c.g.f.d.m.S.selectList] [http-nio-8080-exec-6] [DEBUG] - <==      Total: 57
[2026-09-21 13:06:05.032] [gas-forecast] [] [] [c.g.f.d.m.S.selectByUsername] [http-nio-8080-exec-7] [DEBUG] - ==>  Preparing: select distinct p.* from sys_permission_tb p where p.status = 1 and ( exists ( select 1 from sys_user_tb u join sys_user_role_ref ur on ur.user_id = u.id join sys_role_permission_ref rp on rp.role_id = ur.role_id where rp.permission_id = p.id and u.username = ? and u.deleted = 0 ) or exists ( select 1 from sys_user_tb u join sys_user_department_ref ud on ud.user_id = u.id join sys_department_permission_ref dp on dp.department_id = ud.department_id where dp.permission_id = p.id and u.username = ? and u.deleted = 0 ) ) order by p.sort_no, p.id
[2026-09-21 13:06:05.032] [gas-forecast] [] [] [c.g.f.d.m.S.selectByUsername] [http-nio-8080-exec-7] [DEBUG] - ==> Parameters: admin(String), admin(String)
[2026-09-21 13:06:05.034] [gas-forecast] [] [] [c.g.f.d.m.S.selectByUsername] [http-nio-8080-exec-7] [DEBUG] - <==      Total: 57
[2026-09-21 13:06:05.035] [gas-forecast] [] [] [c.g.f.d.m.S.selectList] [http-nio-8080-exec-7] [DEBUG] - ==>  Preparing: SELECT id,parent_id,permission_name,path,component,permission_type,perms,button_code,icon,sort_no,hidden,status,created_at,updated_at FROM sys_permission_tb ORDER BY sort_no ASC,id ASC
[2026-09-21 13:06:05.035] [gas-forecast] [] [] [c.g.f.d.m.S.selectList] [http-nio-8080-exec-7] [DEBUG] - ==> Parameters: 
[2026-09-21 13:06:05.037] [gas-forecast] [] [] [c.g.f.d.m.S.selectList] [http-nio-8080-exec-7] [DEBUG] - <==      Total: 57
[2026-09-21 13:07:05.270] [gas-forecast] [] [] [c.g.f.d.m.S.selectByUsername] [http-nio-8080-exec-8] [DEBUG] - ==>  Preparing: select distinct p.* from sys_permission_tb p where p.status = 1 and ( exists ( select 1 from sys_user_tb u join sys_user_role_ref ur on ur.user_id = u.id join sys_role_permission_ref rp on rp.role_id = ur.role_id where rp.permission_id = p.id and u.username = ? and u.deleted = 0 ) or exists ( select 1 from sys_user_tb u join sys_user_department_ref ud on ud.user_id = u.id join sys_department_permission_ref dp on dp.department_id = ud.department_id where dp.permission_id = p.id and u.username = ? and u.deleted = 0 ) ) order by p.sort_no, p.id
[2026-09-21 13:07:05.271] [gas-forecast] [] [] [c.g.f.d.m.S.selectByUsername] [http-nio-8080-exec-8] [DEBUG] - ==> Parameters: admin(String), admin(String)
[2026-09-21 13:07:05.282] [gas-forecast] [] [] [c.g.f.d.m.S.selectByUsername] [http-nio-8080-exec-8] [DEBUG] - <==      Total: 57
[2026-09-21 13:07:05.286] [gas-forecast] [] [] [c.g.f.d.m.S.selectById] [http-nio-8080-exec-8] [DEBUG] - ==>  Preparing: SELECT id,parent_id,permission_name,path,component,permission_type,perms,button_code,icon,sort_no,hidden,status,created_at,updated_at FROM sys_permission_tb WHERE id=?
[2026-09-21 13:07:05.287] [gas-forecast] [] [] [c.g.f.d.m.S.selectById] [http-nio-8080-exec-8] [DEBUG] - ==> Parameters: 62(Long)
[2026-09-21 13:07:05.287] [gas-forecast] [] [] [c.g.f.d.m.S.selectById] [http-nio-8080-exec-8] [DEBUG] - <==      Total: 1
[2026-09-21 13:07:05.289] [gas-forecast] [] [] [c.g.f.d.m.S.updateById] [http-nio-8080-exec-8] [DEBUG] - ==>  Preparing: UPDATE sys_permission_tb SET parent_id=?, permission_name=?, path=?, component=?, permission_type=?, perms=?, button_code=?, icon=?, sort_no=?, hidden=?, status=?, created_at=?, updated_at=? WHERE id=?
[2026-09-21 13:07:05.290] [gas-forecast] [] [] [c.g.f.d.m.S.updateById] [http-nio-8080-exec-8] [DEBUG] - ==> Parameters: 40(Long), 训练数据(String), /model/train-feature-data(String), views/model/ModelTrainFeatureDataManagement.vue(String), MENU(String), model:train-feature-data:list(String), null, null, 62(Integer), 0(Integer), 1(Integer), 2026-09-17 02:53:27.0(Timestamp), 2026-09-17 02:53:27.0(Timestamp), 62(Long)
[2026-09-21 13:07:05.293] [gas-forecast] [] [] [c.g.f.d.m.S.updateById] [http-nio-8080-exec-8] [DEBUG] - <==    Updates: 1
[2026-09-21 13:07:05.306] [gas-forecast] [] [] [c.g.f.d.m.S.selectByUsername] [http-nio-8080-exec-9] [DEBUG] - ==>  Preparing: select distinct p.* from sys_permission_tb p where p.status = 1 and ( exists ( select 1 from sys_user_tb u join sys_user_role_ref ur on ur.user_id = u.id join sys_role_permission_ref rp on rp.role_id = ur.role_id where rp.permission_id = p.id and u.username = ? and u.deleted = 0 ) or exists ( select 1 from sys_user_tb u join sys_user_department_ref ud on ud.user_id = u.id join sys_department_permission_ref dp on dp.department_id = ud.department_id where dp.permission_id = p.id and u.username = ? and u.deleted = 0 ) ) order by p.sort_no, p.id
[2026-09-21 13:07:05.306] [gas-forecast] [] [] [c.g.f.d.m.S.selectByUsername] [http-nio-8080-exec-9] [DEBUG] - ==> Parameters: admin(String), admin(String)
[2026-09-21 13:07:05.308] [gas-forecast] [] [] [c.g.f.d.m.S.selectByUsername] [http-nio-8080-exec-9] [DEBUG] - <==      Total: 57
[2026-09-21 13:07:05.309] [gas-forecast] [] [] [c.g.f.d.m.SysRoleTbMapper.selectList] [http-nio-8080-exec-9] [DEBUG] - ==>  Preparing: SELECT id,role_code,role_name,description,created_at,updated_at FROM sys_role_tb ORDER BY id ASC
[2026-09-21 13:07:05.309] [gas-forecast] [] [] [c.g.f.d.m.SysRoleTbMapper.selectList] [http-nio-8080-exec-9] [DEBUG] - ==> Parameters: 
[2026-09-21 13:07:05.310] [gas-forecast] [] [] [c.g.f.d.m.SysRoleTbMapper.selectList] [http-nio-8080-exec-9] [DEBUG] - <==      Total: 1
[2026-09-21 13:07:05.310] [gas-forecast] [] [] [c.g.f.d.m.S.selectList] [http-nio-8080-exec-9] [DEBUG] - ==>  Preparing: SELECT id,parent_id,department_name,org_code,sort_no,status,created_at,updated_at FROM sys_department_tb ORDER BY sort_no ASC,id ASC
[2026-09-21 13:07:05.310] [gas-forecast] [] [] [c.g.f.d.m.S.selectList] [http-nio-8080-exec-9] [DEBUG] - ==> Parameters: 
[2026-09-21 13:07:05.311] [gas-forecast] [] [] [c.g.f.d.m.S.selectList] [http-nio-8080-exec-9] [DEBUG] - <==      Total: 7
[2026-09-21 13:07:05.311] [gas-forecast] [] [] [c.g.f.d.m.S.selectList] [http-nio-8080-exec-9] [DEBUG] - ==>  Preparing: SELECT id,parent_id,permission_name,path,component,permission_type,perms,button_code,icon,sort_no,hidden,status,created_at,updated_at FROM sys_permission_tb ORDER BY sort_no ASC,id ASC
[2026-09-21 13:07:05.311] [gas-forecast] [] [] [c.g.f.d.m.S.selectList] [http-nio-8080-exec-9] [DEBUG] - ==> Parameters: 
[2026-09-21 13:07:05.312] [gas-forecast] [] [] [c.g.f.d.m.S.selectList] [http-nio-8080-exec-9] [DEBUG] - <==      Total: 57
[2026-09-21 13:07:05.323] [gas-forecast] [] [] [c.g.f.d.m.S.selectByUsername] [http-nio-8080-exec-10] [DEBUG] - ==>  Preparing: select distinct p.* from sys_permission_tb p where p.status = 1 and ( exists ( select 1 from sys_user_tb u join sys_user_role_ref ur on ur.user_id = u.id join sys_role_permission_ref rp on rp.role_id = ur.role_id where rp.permission_id = p.id and u.username = ? and u.deleted = 0 ) or exists ( select 1 from sys_user_tb u join sys_user_department_ref ud on ud.user_id = u.id join sys_department_permission_ref dp on dp.department_id = ud.department_id where dp.permission_id = p.id and u.username = ? and u.deleted = 0 ) ) order by p.sort_no, p.id
[2026-09-21 13:07:05.323] [gas-forecast] [] [] [c.g.f.d.m.S.selectByUsername] [http-nio-8080-exec-10] [DEBUG] - ==> Parameters: admin(String), admin(String)
[2026-09-21 13:07:05.325] [gas-forecast] [] [] [c.g.f.d.m.S.selectByUsername] [http-nio-8080-exec-10] [DEBUG] - <==      Total: 57
[2026-09-21 13:07:05.326] [gas-forecast] [] [] [c.g.f.d.m.S.selectList] [http-nio-8080-exec-10] [DEBUG] - ==>  Preparing: SELECT id,parent_id,permission_name,path,component,permission_type,perms,button_code,icon,sort_no,hidden,status,created_at,updated_at FROM sys_permission_tb ORDER BY sort_no ASC,id ASC
[2026-09-21 13:07:05.326] [gas-forecast] [] [] [c.g.f.d.m.S.selectList] [http-nio-8080-exec-10] [DEBUG] - ==> Parameters: 
[2026-09-21 13:07:05.328] [gas-forecast] [] [] [c.g.f.d.m.S.selectList] [http-nio-8080-exec-10] [DEBUG] - <==      Total: 57
[2026-09-21 13:07:18.317] [gas-forecast] [] [] [c.g.f.d.m.S.selectByUsername] [http-nio-8080-exec-1] [DEBUG] - ==>  Preparing: select distinct p.* from sys_permission_tb p where p.status = 1 and ( exists ( select 1 from sys_user_tb u join sys_user_role_ref ur on ur.user_id = u.id join sys_role_permission_ref rp on rp.role_id = ur.role_id where rp.permission_id = p.id and u.username = ? and u.deleted = 0 ) or exists ( select 1 from sys_user_tb u join sys_user_department_ref ud on ud.user_id = u.id join sys_department_permission_ref dp on dp.department_id = ud.department_id where dp.permission_id = p.id and u.username = ? and u.deleted = 0 ) ) order by p.sort_no, p.id
[2026-09-21 13:07:18.318] [gas-forecast] [] [] [c.g.f.d.m.S.selectByUsername] [http-nio-8080-exec-1] [DEBUG] - ==> Parameters: admin(String), admin(String)
[2026-09-21 13:07:18.319] [gas-forecast] [] [] [c.g.f.d.m.S.selectByUsername] [http-nio-8080-exec-1] [DEBUG] - <==      Total: 57
[2026-09-21 13:07:18.321] [gas-forecast] [] [] [c.g.f.d.m.S.selectById] [http-nio-8080-exec-1] [DEBUG] - ==>  Preparing: SELECT id,parent_id,permission_name,path,component,permission_type,perms,button_code,icon,sort_no,hidden,status,created_at,updated_at FROM sys_permission_tb WHERE id=?
[2026-09-21 13:07:18.321] [gas-forecast] [] [] [c.g.f.d.m.S.selectById] [http-nio-8080-exec-1] [DEBUG] - ==> Parameters: 40(Long)
[2026-09-21 13:07:18.322] [gas-forecast] [] [] [c.g.f.d.m.S.selectById] [http-nio-8080-exec-1] [DEBUG] - <==      Total: 1
[2026-09-21 13:07:18.322] [gas-forecast] [] [] [c.g.f.d.m.S.updateById] [http-nio-8080-exec-1] [DEBUG] - ==>  Preparing: UPDATE sys_permission_tb SET permission_name=?, path=?, component=?, permission_type=?, perms=?, button_code=?, icon=?, sort_no=?, hidden=?, status=?, created_at=?, updated_at=? WHERE id=?
[2026-09-21 13:07:18.322] [gas-forecast] [] [] [c.g.f.d.m.S.updateById] [http-nio-8080-exec-1] [DEBUG] - ==> Parameters: 数据中心(String), null, null, DIRECTORY(String), null, null, Grid(String), 40(Integer), 0(Integer), 1(Integer), 2026-09-11 14:48:19.0(Timestamp), 2026-09-11 14:48:19.0(Timestamp), 40(Long)
[2026-09-21 13:07:18.323] [gas-forecast] [] [] [c.g.f.d.m.S.updateById] [http-nio-8080-exec-1] [DEBUG] - <==    Updates: 1
[2026-09-21 13:07:18.331] [gas-forecast] [] [] [c.g.f.d.m.S.selectByUsername] [http-nio-8080-exec-3] [DEBUG] - ==>  Preparing: select distinct p.* from sys_permission_tb p where p.status = 1 and ( exists ( select 1 from sys_user_tb u join sys_user_role_ref ur on ur.user_id = u.id join sys_role_permission_ref rp on rp.role_id = ur.role_id where rp.permission_id = p.id and u.username = ? and u.deleted = 0 ) or exists ( select 1 from sys_user_tb u join sys_user_department_ref ud on ud.user_id = u.id join sys_department_permission_ref dp on dp.department_id = ud.department_id where dp.permission_id = p.id and u.username = ? and u.deleted = 0 ) ) order by p.sort_no, p.id
[2026-09-21 13:07:18.331] [gas-forecast] [] [] [c.g.f.d.m.S.selectByUsername] [http-nio-8080-exec-3] [DEBUG] - ==> Parameters: admin(String), admin(String)
[2026-09-21 13:07:18.333] [gas-forecast] [] [] [c.g.f.d.m.S.selectByUsername] [http-nio-8080-exec-3] [DEBUG] - <==      Total: 57
[2026-09-21 13:07:18.333] [gas-forecast] [] [] [c.g.f.d.m.SysRoleTbMapper.selectList] [http-nio-8080-exec-3] [DEBUG] - ==>  Preparing: SELECT id,role_code,role_name,description,created_at,updated_at FROM sys_role_tb ORDER BY id ASC
[2026-09-21 13:07:18.333] [gas-forecast] [] [] [c.g.f.d.m.SysRoleTbMapper.selectList] [http-nio-8080-exec-3] [DEBUG] - ==> Parameters: 
[2026-09-21 13:07:18.334] [gas-forecast] [] [] [c.g.f.d.m.SysRoleTbMapper.selectList] [http-nio-8080-exec-3] [DEBUG] - <==      Total: 1
[2026-09-21 13:07:18.334] [gas-forecast] [] [] [c.g.f.d.m.S.selectList] [http-nio-8080-exec-3] [DEBUG] - ==>  Preparing: SELECT id,parent_id,department_name,org_code,sort_no,status,created_at,updated_at FROM sys_department_tb ORDER BY sort_no ASC,id ASC
[2026-09-21 13:07:18.334] [gas-forecast] [] [] [c.g.f.d.m.S.selectList] [http-nio-8080-exec-3] [DEBUG] - ==> Parameters: 
[2026-09-21 13:07:18.335] [gas-forecast] [] [] [c.g.f.d.m.S.selectList] [http-nio-8080-exec-3] [DEBUG] - <==      Total: 7
[2026-09-21 13:07:18.335] [gas-forecast] [] [] [c.g.f.d.m.S.selectList] [http-nio-8080-exec-3] [DEBUG] - ==>  Preparing: SELECT id,parent_id,permission_name,path,component,permission_type,perms,button_code,icon,sort_no,hidden,status,created_at,updated_at FROM sys_permission_tb ORDER BY sort_no ASC,id ASC
[2026-09-21 13:07:18.335] [gas-forecast] [] [] [c.g.f.d.m.S.selectList] [http-nio-8080-exec-3] [DEBUG] - ==> Parameters: 
[2026-09-21 13:07:18.336] [gas-forecast] [] [] [c.g.f.d.m.S.selectList] [http-nio-8080-exec-3] [DEBUG] - <==      Total: 57
[2026-09-21 13:07:18.347] [gas-forecast] [] [] [c.g.f.d.m.S.selectByUsername] [http-nio-8080-exec-2] [DEBUG] - ==>  Preparing: select distinct p.* from sys_permission_tb p where p.status = 1 and ( exists ( select 1 from sys_user_tb u join sys_user_role_ref ur on ur.user_id = u.id join sys_role_permission_ref rp on rp.role_id = ur.role_id where rp.permission_id = p.id and u.username = ? and u.deleted = 0 ) or exists ( select 1 from sys_user_tb u join sys_user_department_ref ud on ud.user_id = u.id join sys_department_permission_ref dp on dp.department_id = ud.department_id where dp.permission_id = p.id and u.username = ? and u.deleted = 0 ) ) order by p.sort_no, p.id
[2026-09-21 13:07:18.347] [gas-forecast] [] [] [c.g.f.d.m.S.selectByUsername] [http-nio-8080-exec-2] [DEBUG] - ==> Parameters: admin(String), admin(String)
[2026-09-21 13:07:18.351] [gas-forecast] [] [] [c.g.f.d.m.S.selectByUsername] [http-nio-8080-exec-2] [DEBUG] - <==      Total: 57
[2026-09-21 13:07:18.351] [gas-forecast] [] [] [c.g.f.d.m.S.selectList] [http-nio-8080-exec-2] [DEBUG] - ==>  Preparing: SELECT id,parent_id,permission_name,path,component,permission_type,perms,button_code,icon,sort_no,hidden,status,created_at,updated_at FROM sys_permission_tb ORDER BY sort_no ASC,id ASC
[2026-09-21 13:07:18.351] [gas-forecast] [] [] [c.g.f.d.m.S.selectList] [http-nio-8080-exec-2] [DEBUG] - ==> Parameters: 
[2026-09-21 13:07:18.353] [gas-forecast] [] [] [c.g.f.d.m.S.selectList] [http-nio-8080-exec-2] [DEBUG] - <==      Total: 57
[2026-09-21 13:09:15.614] [gas-forecast] [] [] [c.g.f.d.m.S.selectByUsername] [http-nio-8080-exec-4] [DEBUG] - ==>  Preparing: select distinct p.* from sys_permission_tb p where p.status = 1 and ( exists ( select 1 from sys_user_tb u join sys_user_role_ref ur on ur.user_id = u.id join sys_role_permission_ref rp on rp.role_id = ur.role_id where rp.permission_id = p.id and u.username = ? and u.deleted = 0 ) or exists ( select 1 from sys_user_tb u join sys_user_department_ref ud on ud.user_id = u.id join sys_department_permission_ref dp on dp.department_id = ud.department_id where dp.permission_id = p.id and u.username = ? and u.deleted = 0 ) ) order by p.sort_no, p.id
[2026-09-21 13:09:15.614] [gas-forecast] [] [] [c.g.f.d.m.S.selectByUsername] [http-nio-8080-exec-4] [DEBUG] - ==> Parameters: admin(String), admin(String)
[2026-09-21 13:09:15.620] [gas-forecast] [] [] [c.g.f.d.m.S.selectByUsername] [http-nio-8080-exec-4] [DEBUG] - <==      Total: 57
[2026-09-21 13:09:15.621] [gas-forecast] [] [] [c.g.f.d.m.S.selectById] [http-nio-8080-exec-4] [DEBUG] - ==>  Preparing: SELECT id,parent_id,permission_name,path,component,permission_type,perms,button_code,icon,sort_no,hidden,status,created_at,updated_at FROM sys_permission_tb WHERE id=?
[2026-09-21 13:09:15.621] [gas-forecast] [] [] [c.g.f.d.m.S.selectById] [http-nio-8080-exec-4] [DEBUG] - ==> Parameters: 64(Long)
[2026-09-21 13:09:15.622] [gas-forecast] [] [] [c.g.f.d.m.S.selectById] [http-nio-8080-exec-4] [DEBUG] - <==      Total: 1
[2026-09-21 13:09:15.622] [gas-forecast] [] [] [c.g.f.d.m.S.updateById] [http-nio-8080-exec-4] [DEBUG] - ==>  Preparing: UPDATE sys_permission_tb SET parent_id=?, permission_name=?, path=?, component=?, permission_type=?, perms=?, button_code=?, icon=?, sort_no=?, hidden=?, status=?, created_at=?, updated_at=? WHERE id=?
[2026-09-21 13:09:15.622] [gas-forecast] [] [] [c.g.f.d.m.S.updateById] [http-nio-8080-exec-4] [DEBUG] - ==> Parameters: 60(Long), 训练配置(String), /model/train-config(String), views/model/ModelTrainConfigManagement.vue(String), MENU(String), model:train-config:list(String), null, null, 64(Integer), 0(Integer), 1(Integer), 2026-09-18 07:23:43.0(Timestamp), 2026-09-18 07:23:43.0(Timestamp), 64(Long)
[2026-09-21 13:09:15.624] [gas-forecast] [] [] [c.g.f.d.m.S.updateById] [http-nio-8080-exec-4] [DEBUG] - <==    Updates: 1
[2026-09-21 13:09:15.633] [gas-forecast] [] [] [c.g.f.d.m.S.selectByUsername] [http-nio-8080-exec-5] [DEBUG] - ==>  Preparing: select distinct p.* from sys_permission_tb p where p.status = 1 and ( exists ( select 1 from sys_user_tb u join sys_user_role_ref ur on ur.user_id = u.id join sys_role_permission_ref rp on rp.role_id = ur.role_id where rp.permission_id = p.id and u.username = ? and u.deleted = 0 ) or exists ( select 1 from sys_user_tb u join sys_user_department_ref ud on ud.user_id = u.id join sys_department_permission_ref dp on dp.department_id = ud.department_id where dp.permission_id = p.id and u.username = ? and u.deleted = 0 ) ) order by p.sort_no, p.id
[2026-09-21 13:09:15.633] [gas-forecast] [] [] [c.g.f.d.m.S.selectByUsername] [http-nio-8080-exec-5] [DEBUG] - ==> Parameters: admin(String), admin(String)
[2026-09-21 13:09:15.634] [gas-forecast] [] [] [c.g.f.d.m.S.selectByUsername] [http-nio-8080-exec-5] [DEBUG] - <==      Total: 57
[2026-09-21 13:09:15.635] [gas-forecast] [] [] [c.g.f.d.m.SysRoleTbMapper.selectList] [http-nio-8080-exec-5] [DEBUG] - ==>  Preparing: SELECT id,role_code,role_name,description,created_at,updated_at FROM sys_role_tb ORDER BY id ASC
[2026-09-21 13:09:15.635] [gas-forecast] [] [] [c.g.f.d.m.SysRoleTbMapper.selectList] [http-nio-8080-exec-5] [DEBUG] - ==> Parameters: 
[2026-09-21 13:09:15.635] [gas-forecast] [] [] [c.g.f.d.m.SysRoleTbMapper.selectList] [http-nio-8080-exec-5] [DEBUG] - <==      Total: 1
[2026-09-21 13:09:15.635] [gas-forecast] [] [] [c.g.f.d.m.S.selectList] [http-nio-8080-exec-5] [DEBUG] - ==>  Preparing: SELECT id,parent_id,department_name,org_code,sort_no,status,created_at,updated_at FROM sys_department_tb ORDER BY sort_no ASC,id ASC
[2026-09-21 13:09:15.635] [gas-forecast] [] [] [c.g.f.d.m.S.selectList] [http-nio-8080-exec-5] [DEBUG] - ==> Parameters: 
[2026-09-21 13:09:15.636] [gas-forecast] [] [] [c.g.f.d.m.S.selectList] [http-nio-8080-exec-5] [DEBUG] - <==      Total: 7
[2026-09-21 13:09:15.636] [gas-forecast] [] [] [c.g.f.d.m.S.selectList] [http-nio-8080-exec-5] [DEBUG] - ==>  Preparing: SELECT id,parent_id,permission_name,path,component,permission_type,perms,button_code,icon,sort_no,hidden,status,created_at,updated_at FROM sys_permission_tb ORDER BY sort_no ASC,id ASC
[2026-09-21 13:09:15.636] [gas-forecast] [] [] [c.g.f.d.m.S.selectList] [http-nio-8080-exec-5] [DEBUG] - ==> Parameters: 
[2026-09-21 13:09:15.637] [gas-forecast] [] [] [c.g.f.d.m.S.selectList] [http-nio-8080-exec-5] [DEBUG] - <==      Total: 57
[2026-09-21 13:09:15.647] [gas-forecast] [] [] [c.g.f.d.m.S.selectByUsername] [http-nio-8080-exec-6] [DEBUG] - ==>  Preparing: select distinct p.* from sys_permission_tb p where p.status = 1 and ( exists ( select 1 from sys_user_tb u join sys_user_role_ref ur on ur.user_id = u.id join sys_role_permission_ref rp on rp.role_id = ur.role_id where rp.permission_id = p.id and u.username = ? and u.deleted = 0 ) or exists ( select 1 from sys_user_tb u join sys_user_department_ref ud on ud.user_id = u.id join sys_department_permission_ref dp on dp.department_id = ud.department_id where dp.permission_id = p.id and u.username = ? and u.deleted = 0 ) ) order by p.sort_no, p.id
[2026-09-21 13:09:15.647] [gas-forecast] [] [] [c.g.f.d.m.S.selectByUsername] [http-nio-8080-exec-6] [DEBUG] - ==> Parameters: admin(String), admin(String)
[2026-09-21 13:09:15.651] [gas-forecast] [] [] [c.g.f.d.m.S.selectByUsername] [http-nio-8080-exec-6] [DEBUG] - <==      Total: 57
[2026-09-21 13:09:15.652] [gas-forecast] [] [] [c.g.f.d.m.S.selectList] [http-nio-8080-exec-6] [DEBUG] - ==>  Preparing: SELECT id,parent_id,permission_name,path,component,permission_type,perms,button_code,icon,sort_no,hidden,status,created_at,updated_at FROM sys_permission_tb ORDER BY sort_no ASC,id ASC
[2026-09-21 13:09:15.652] [gas-forecast] [] [] [c.g.f.d.m.S.selectList] [http-nio-8080-exec-6] [DEBUG] - ==> Parameters: 
[2026-09-21 13:09:15.653] [gas-forecast] [] [] [c.g.f.d.m.S.selectList] [http-nio-8080-exec-6] [DEBUG] - <==      Total: 57
[2026-09-21 13:09:24.758] [gas-forecast] [] [] [c.g.f.d.m.S.selectByUsername] [http-nio-8080-exec-7] [DEBUG] - ==>  Preparing: select distinct p.* from sys_permission_tb p where p.status = 1 and ( exists ( select 1 from sys_user_tb u join sys_user_role_ref ur on ur.user_id = u.id join sys_role_permission_ref rp on rp.role_id = ur.role_id where rp.permission_id = p.id and u.username = ? and u.deleted = 0 ) or exists ( select 1 from sys_user_tb u join sys_user_department_ref ud on ud.user_id = u.id join sys_department_permission_ref dp on dp.department_id = ud.department_id where dp.permission_id = p.id and u.username = ? and u.deleted = 0 ) ) order by p.sort_no, p.id
[2026-09-21 13:09:24.758] [gas-forecast] [] [] [c.g.f.d.m.S.selectByUsername] [http-nio-8080-exec-7] [DEBUG] - ==> Parameters: admin(String), admin(String)
[2026-09-21 13:09:24.760] [gas-forecast] [] [] [c.g.f.d.m.S.selectByUsername] [http-nio-8080-exec-7] [DEBUG] - <==      Total: 57
[2026-09-21 13:09:24.761] [gas-forecast] [] [] [c.g.f.d.m.S.selectById] [http-nio-8080-exec-7] [DEBUG] - ==>  Preparing: SELECT id,parent_id,permission_name,path,component,permission_type,perms,button_code,icon,sort_no,hidden,status,created_at,updated_at FROM sys_permission_tb WHERE id=?
[2026-09-21 13:09:24.761] [gas-forecast] [] [] [c.g.f.d.m.S.selectById] [http-nio-8080-exec-7] [DEBUG] - ==> Parameters: 65(Long)
[2026-09-21 13:09:24.761] [gas-forecast] [] [] [c.g.f.d.m.S.selectById] [http-nio-8080-exec-7] [DEBUG] - <==      Total: 1
[2026-09-21 13:09:24.761] [gas-forecast] [] [] [c.g.f.d.m.S.updateById] [http-nio-8080-exec-7] [DEBUG] - ==>  Preparing: UPDATE sys_permission_tb SET parent_id=?, permission_name=?, path=?, component=?, permission_type=?, perms=?, button_code=?, icon=?, sort_no=?, hidden=?, status=?, created_at=?, updated_at=? WHERE id=?
[2026-09-21 13:09:24.762] [gas-forecast] [] [] [c.g.f.d.m.S.updateById] [http-nio-8080-exec-7] [DEBUG] - ==> Parameters: 60(Long), 预测配置(String), /model/forecast-management(String), views/model/ModelForecastManagement.vue(String), MENU(String), model:forecast:list(String), null, null, 65(Integer), 0(Integer), 1(Integer), 2026-09-21 03:14:52.0(Timestamp), 2026-09-21 03:14:52.0(Timestamp), 65(Long)
[2026-09-21 13:09:24.763] [gas-forecast] [] [] [c.g.f.d.m.S.updateById] [http-nio-8080-exec-7] [DEBUG] - <==    Updates: 1
[2026-09-21 13:09:24.771] [gas-forecast] [] [] [c.g.f.d.m.S.selectByUsername] [http-nio-8080-exec-8] [DEBUG] - ==>  Preparing: select distinct p.* from sys_permission_tb p where p.status = 1 and ( exists ( select 1 from sys_user_tb u join sys_user_role_ref ur on ur.user_id = u.id join sys_role_permission_ref rp on rp.role_id = ur.role_id where rp.permission_id = p.id and u.username = ? and u.deleted = 0 ) or exists ( select 1 from sys_user_tb u join sys_user_department_ref ud on ud.user_id = u.id join sys_department_permission_ref dp on dp.department_id = ud.department_id where dp.permission_id = p.id and u.username = ? and u.deleted = 0 ) ) order by p.sort_no, p.id
[2026-09-21 13:09:24.771] [gas-forecast] [] [] [c.g.f.d.m.S.selectByUsername] [http-nio-8080-exec-8] [DEBUG] - ==> Parameters: admin(String), admin(String)
[2026-09-21 13:09:24.773] [gas-forecast] [] [] [c.g.f.d.m.S.selectByUsername] [http-nio-8080-exec-8] [DEBUG] - <==      Total: 57
[2026-09-21 13:09:24.773] [gas-forecast] [] [] [c.g.f.d.m.SysRoleTbMapper.selectList] [http-nio-8080-exec-8] [DEBUG] - ==>  Preparing: SELECT id,role_code,role_name,description,created_at,updated_at FROM sys_role_tb ORDER BY id ASC
[2026-09-21 13:09:24.774] [gas-forecast] [] [] [c.g.f.d.m.SysRoleTbMapper.selectList] [http-nio-8080-exec-8] [DEBUG] - ==> Parameters: 
[2026-09-21 13:09:24.774] [gas-forecast] [] [] [c.g.f.d.m.SysRoleTbMapper.selectList] [http-nio-8080-exec-8] [DEBUG] - <==      Total: 1
[2026-09-21 13:09:24.774] [gas-forecast] [] [] [c.g.f.d.m.S.selectList] [http-nio-8080-exec-8] [DEBUG] - ==>  Preparing: SELECT id,parent_id,department_name,org_code,sort_no,status,created_at,updated_at FROM sys_department_tb ORDER BY sort_no ASC,id ASC
[2026-09-21 13:09:24.774] [gas-forecast] [] [] [c.g.f.d.m.S.selectList] [http-nio-8080-exec-8] [DEBUG] - ==> Parameters: 
[2026-09-21 13:09:24.775] [gas-forecast] [] [] [c.g.f.d.m.S.selectList] [http-nio-8080-exec-8] [DEBUG] - <==      Total: 7
[2026-09-21 13:09:24.775] [gas-forecast] [] [] [c.g.f.d.m.S.selectList] [http-nio-8080-exec-8] [DEBUG] - ==>  Preparing: SELECT id,parent_id,permission_name,path,component,permission_type,perms,button_code,icon,sort_no,hidden,status,created_at,updated_at FROM sys_permission_tb ORDER BY sort_no ASC,id ASC
[2026-09-21 13:09:24.775] [gas-forecast] [] [] [c.g.f.d.m.S.selectList] [http-nio-8080-exec-8] [DEBUG] - ==> Parameters: 
[2026-09-21 13:09:24.776] [gas-forecast] [] [] [c.g.f.d.m.S.selectList] [http-nio-8080-exec-8] [DEBUG] - <==      Total: 57
[2026-09-21 13:09:24.785] [gas-forecast] [] [] [c.g.f.d.m.S.selectByUsername] [http-nio-8080-exec-9] [DEBUG] - ==>  Preparing: select distinct p.* from sys_permission_tb p where p.status = 1 and ( exists ( select 1 from sys_user_tb u join sys_user_role_ref ur on ur.user_id = u.id join sys_role_permission_ref rp on rp.role_id = ur.role_id where rp.permission_id = p.id and u.username = ? and u.deleted = 0 ) or exists ( select 1 from sys_user_tb u join sys_user_department_ref ud on ud.user_id = u.id join sys_department_permission_ref dp on dp.department_id = ud.department_id where dp.permission_id = p.id and u.username = ? and u.deleted = 0 ) ) order by p.sort_no, p.id
[2026-09-21 13:09:24.785] [gas-forecast] [] [] [c.g.f.d.m.S.selectByUsername] [http-nio-8080-exec-9] [DEBUG] - ==> Parameters: admin(String), admin(String)
[2026-09-21 13:09:24.787] [gas-forecast] [] [] [c.g.f.d.m.S.selectByUsername] [http-nio-8080-exec-9] [DEBUG] - <==      Total: 57
[2026-09-21 13:09:24.788] [gas-forecast] [] [] [c.g.f.d.m.S.selectList] [http-nio-8080-exec-9] [DEBUG] - ==>  Preparing: SELECT id,parent_id,permission_name,path,component,permission_type,perms,button_code,icon,sort_no,hidden,status,created_at,updated_at FROM sys_permission_tb ORDER BY sort_no ASC,id ASC
[2026-09-21 13:09:24.788] [gas-forecast] [] [] [c.g.f.d.m.S.selectList] [http-nio-8080-exec-9] [DEBUG] - ==> Parameters: 
[2026-09-21 13:09:24.789] [gas-forecast] [] [] [c.g.f.d.m.S.selectList] [http-nio-8080-exec-9] [DEBUG] - <==      Total: 57
[2026-09-21 13:09:41.154] [gas-forecast] [] [] [c.g.f.d.m.SysUserTbMapper.selectList] [http-nio-8080-exec-2] [DEBUG] - ==>  Preparing: SELECT id,username,real_name,password_hash,password_salt,avatar,email,phone,org_code,status,deleted,created_at,updated_at FROM sys_user_tb WHERE (username = ? AND deleted = ?)
[2026-09-21 13:09:41.154] [gas-forecast] [] [] [c.g.f.d.m.SysUserTbMapper.selectList] [http-nio-8080-exec-2] [DEBUG] - ==> Parameters: admin(String), 0(Integer)
[2026-09-21 13:09:41.155] [gas-forecast] [] [] [c.g.f.d.m.SysUserTbMapper.selectList] [http-nio-8080-exec-2] [DEBUG] - <==      Total: 1
[2026-09-21 13:09:41.155] [gas-forecast] [] [] [c.g.f.d.m.S.selectRoleCodesByUsername] [http-nio-8080-exec-2] [DEBUG] - ==>  Preparing: select r.role_code from sys_user_tb u join sys_user_role_ref ur on ur.user_id = u.id join sys_role_tb r on r.id = ur.role_id where u.username = ? order by r.role_code
[2026-09-21 13:09:41.155] [gas-forecast] [] [] [c.g.f.d.m.S.selectRoleCodesByUsername] [http-nio-8080-exec-2] [DEBUG] - ==> Parameters: admin(String)
[2026-09-21 13:09:41.156] [gas-forecast] [] [] [c.g.f.d.m.S.selectRoleCodesByUsername] [http-nio-8080-exec-2] [DEBUG] - <==      Total: 1
[2026-09-21 13:09:41.156] [gas-forecast] [] [] [c.g.f.d.m.S.selectByUsername] [http-nio-8080-exec-2] [DEBUG] - ==>  Preparing: select distinct p.* from sys_permission_tb p where p.status = 1 and ( exists ( select 1 from sys_user_tb u join sys_user_role_ref ur on ur.user_id = u.id join sys_role_permission_ref rp on rp.role_id = ur.role_id where rp.permission_id = p.id and u.username = ? and u.deleted = 0 ) or exists ( select 1 from sys_user_tb u join sys_user_department_ref ud on ud.user_id = u.id join sys_department_permission_ref dp on dp.department_id = ud.department_id where dp.permission_id = p.id and u.username = ? and u.deleted = 0 ) ) order by p.sort_no, p.id
[2026-09-21 13:09:41.156] [gas-forecast] [] [] [c.g.f.d.m.S.selectByUsername] [http-nio-8080-exec-2] [DEBUG] - ==> Parameters: admin(String), admin(String)
[2026-09-21 13:09:41.158] [gas-forecast] [] [] [c.g.f.d.m.S.selectByUsername] [http-nio-8080-exec-2] [DEBUG] - <==      Total: 57
[2026-09-21 13:09:47.456] [gas-forecast] [] [] [c.g.f.d.m.M.selectList_mpCount] [http-nio-8080-exec-4] [DEBUG] - ==>  Preparing: SELECT COUNT(*) AS total FROM model_config_tb
[2026-09-21 13:09:47.456] [gas-forecast] [] [] [c.g.f.d.m.M.selectList_mpCount] [http-nio-8080-exec-4] [DEBUG] - ==> Parameters: 
[2026-09-21 13:09:47.458] [gas-forecast] [] [] [c.g.f.d.m.M.selectList_mpCount] [http-nio-8080-exec-4] [DEBUG] - <==      Total: 1
[2026-09-21 13:09:47.458] [gas-forecast] [] [] [c.g.f.d.m.M.selectList] [http-nio-8080-exec-4] [DEBUG] - ==>  Preparing: SELECT id,model_code,model_name,model_version,agent_code,description,created_by,created_at,updated_at,created_by_name FROM model_config_tb ORDER BY updated_at DESC,id DESC LIMIT ?
[2026-09-21 13:09:47.458] [gas-forecast] [] [] [c.g.f.d.m.M.selectList] [http-nio-8080-exec-4] [DEBUG] - ==> Parameters: 10(Long)
[2026-09-21 13:09:47.459] [gas-forecast] [] [] [c.g.f.d.m.M.selectList] [http-nio-8080-exec-4] [DEBUG] - <==      Total: 2
[2026-09-21 13:09:47.459] [gas-forecast] [] [] [c.g.f.d.m.M.selectList] [http-nio-8080-exec-4] [DEBUG] - ==>  Preparing: SELECT id,model_id,model_code,region_code,industry_code,customer_code,created_by,created_at,updated_at,created_by_name FROM model_config_scope_tb WHERE (model_id IN (?,?)) ORDER BY id DESC
[2026-09-21 13:09:47.459] [gas-forecast] [] [] [c.g.f.d.m.M.selectList] [http-nio-8080-exec-4] [DEBUG] - ==> Parameters: 2(Long), 1(Long)
[2026-09-21 13:09:47.459] [gas-forecast] [] [] [c.g.f.d.m.M.selectList] [http-nio-8080-exec-4] [DEBUG] - <==      Total: 8
[2026-09-21 13:09:47.460] [gas-forecast] [] [] [c.g.f.d.m.M.selectList] [http-nio-8080-exec-4] [DEBUG] - ==>  Preparing: SELECT id,model_id,feature_id,required_flag,feature_order,created_at,created_by FROM model_feature_ref WHERE (model_id IN (?,?)) ORDER BY feature_order ASC,id ASC
[2026-09-21 13:09:47.460] [gas-forecast] [] [] [c.g.f.d.m.M.selectList] [http-nio-8080-exec-4] [DEBUG] - ==> Parameters: 2(Long), 1(Long)
[2026-09-21 13:09:47.460] [gas-forecast] [] [] [c.g.f.d.m.M.selectList] [http-nio-8080-exec-4] [DEBUG] - <==      Total: 25
[2026-09-21 13:09:47.461] [gas-forecast] [] [] [c.g.f.d.m.M.selectBatchIds] [http-nio-8080-exec-4] [DEBUG] - ==>  Preparing: SELECT id,feature_code,feature_name,feature_column,time_granularity,enabled,description,created_at,created_by,updated_by_name FROM model_feature_definition_tb WHERE id IN ( ? , ? , ? , ? , ? , ? , ? , ? , ? , ? , ? , ? , ? , ? , ? , ? , ? , ? , ? , ? , ? , ? , ? , ? , ? )
[2026-09-21 13:09:47.461] [gas-forecast] [] [] [c.g.f.d.m.M.selectBatchIds] [http-nio-8080-exec-4] [DEBUG] - ==> Parameters: 5(Long), 6(Long), 4(Long), 7(Long), 3(Long), 8(Long), 2(Long), 9(Long), 1(Long), 10(Long), 11(Long), 12(Long), 13(Long), 14(Long), 15(Long), 16(Long), 17(Long), 18(Long), 19(Long), 20(Long), 21(Long), 22(Long), 23(Long), 24(Long), 25(Long)
[2026-09-21 13:09:47.462] [gas-forecast] [] [] [c.g.f.d.m.M.selectBatchIds] [http-nio-8080-exec-4] [DEBUG] - <==      Total: 25
[2026-09-21 13:09:47.462] [gas-forecast] [] [] [c.g.f.d.m.B.selectList] [http-nio-8080-exec-4] [DEBUG] - ==>  Preparing: SELECT id,region_code,region_name,remark,created_by,created_at,updated_by,updated_at,updated_by_name,created_by_name FROM base_region_tb WHERE (region_code IN (?,?,?,?,?,?,?,?))
[2026-09-21 13:09:47.462] [gas-forecast] [] [] [c.g.f.d.m.B.selectList] [http-nio-8080-exec-4] [DEBUG] - ==> Parameters: REG000012(String), REG000005(String), REG000006(String), REG000007(String), REG000008(String), REG000009(String), REG000010(String), REG000011(String)
[2026-09-21 13:09:47.463] [gas-forecast] [] [] [c.g.f.d.m.B.selectList] [http-nio-8080-exec-4] [DEBUG] - <==      Total: 8
[2026-09-21 13:09:50.916] [gas-forecast] [] [] [c.g.f.d.m.M.selectList_mpCount] [http-nio-8080-exec-5] [DEBUG] - ==>  Preparing: SELECT COUNT(*) AS total FROM model_feature_definition_tb
[2026-09-21 13:09:50.916] [gas-forecast] [] [] [c.g.f.d.m.M.selectList_mpCount] [http-nio-8080-exec-5] [DEBUG] - ==> Parameters: 
[2026-09-21 13:09:50.918] [gas-forecast] [] [] [c.g.f.d.m.M.selectList_mpCount] [http-nio-8080-exec-5] [DEBUG] - <==      Total: 1
[2026-09-21 13:09:50.918] [gas-forecast] [] [] [c.g.f.d.m.M.selectList] [http-nio-8080-exec-5] [DEBUG] - ==>  Preparing: SELECT id,feature_code,feature_name,feature_column,time_granularity,enabled,description,created_at,created_by,updated_by_name FROM model_feature_definition_tb ORDER BY created_at DESC,id DESC LIMIT ?
[2026-09-21 13:09:50.918] [gas-forecast] [] [] [c.g.f.d.m.M.selectList] [http-nio-8080-exec-5] [DEBUG] - ==> Parameters: 10(Long)
[2026-09-21 13:09:50.919] [gas-forecast] [] [] [c.g.f.d.m.M.selectList] [http-nio-8080-exec-5] [DEBUG] - <==      Total: 10
[2026-09-21 13:09:54.619] [gas-forecast] [] [] [c.g.f.d.m.S.selectByUsername] [http-nio-8080-exec-8] [DEBUG] - ==>  Preparing: select distinct p.* from sys_permission_tb p where p.status = 1 and ( exists ( select 1 from sys_user_tb u join sys_user_role_ref ur on ur.user_id = u.id join sys_role_permission_ref rp on rp.role_id = ur.role_id where rp.permission_id = p.id and u.username = ? and u.deleted = 0 ) or exists ( select 1 from sys_user_tb u join sys_user_department_ref ud on ud.user_id = u.id join sys_department_permission_ref dp on dp.department_id = ud.department_id where dp.permission_id = p.id and u.username = ? and u.deleted = 0 ) ) order by p.sort_no, p.id
[2026-09-21 13:09:54.619] [gas-forecast] [] [] [c.g.f.d.m.S.selectByUsername] [http-nio-8080-exec-9] [DEBUG] - ==>  Preparing: select distinct p.* from sys_permission_tb p where p.status = 1 and ( exists ( select 1 from sys_user_tb u join sys_user_role_ref ur on ur.user_id = u.id join sys_role_permission_ref rp on rp.role_id = ur.role_id where rp.permission_id = p.id and u.username = ? and u.deleted = 0 ) or exists ( select 1 from sys_user_tb u join sys_user_department_ref ud on ud.user_id = u.id join sys_department_permission_ref dp on dp.department_id = ud.department_id where dp.permission_id = p.id and u.username = ? and u.deleted = 0 ) ) order by p.sort_no, p.id
[2026-09-21 13:09:54.619] [gas-forecast] [] [] [c.g.f.d.m.S.selectByUsername] [http-nio-8080-exec-7] [DEBUG] - ==>  Preparing: select distinct p.* from sys_permission_tb p where p.status = 1 and ( exists ( select 1 from sys_user_tb u join sys_user_role_ref ur on ur.user_id = u.id join sys_role_permission_ref rp on rp.role_id = ur.role_id where rp.permission_id = p.id and u.username = ? and u.deleted = 0 ) or exists ( select 1 from sys_user_tb u join sys_user_department_ref ud on ud.user_id = u.id join sys_department_permission_ref dp on dp.department_id = ud.department_id where dp.permission_id = p.id and u.username = ? and u.deleted = 0 ) ) order by p.sort_no, p.id
[2026-09-21 13:09:54.619] [gas-forecast] [] [] [c.g.f.d.m.S.selectByUsername] [http-nio-8080-exec-8] [DEBUG] - ==> Parameters: admin(String), admin(String)
[2026-09-21 13:09:54.619] [gas-forecast] [] [] [c.g.f.d.m.S.selectByUsername] [http-nio-8080-exec-9] [DEBUG] - ==> Parameters: admin(String), admin(String)
[2026-09-21 13:09:54.619] [gas-forecast] [] [] [c.g.f.d.m.S.selectByUsername] [http-nio-8080-exec-7] [DEBUG] - ==> Parameters: admin(String), admin(String)
[2026-09-21 13:09:54.620] [gas-forecast] [] [] [c.g.f.d.m.M.selectList_mpCount] [http-nio-8080-exec-6] [DEBUG] - ==>  Preparing: SELECT COUNT(*) AS total FROM model_config_tb
[2026-09-21 13:09:54.620] [gas-forecast] [] [] [c.g.f.d.m.M.selectList_mpCount] [http-nio-8080-exec-6] [DEBUG] - ==> Parameters: 
[2026-09-21 13:09:54.624] [gas-forecast] [] [] [c.g.f.d.m.M.selectList_mpCount] [http-nio-8080-exec-6] [DEBUG] - <==      Total: 1
[2026-09-21 13:09:54.624] [gas-forecast] [] [] [c.g.f.d.m.M.selectList] [http-nio-8080-exec-6] [DEBUG] - ==>  Preparing: SELECT id,model_code,model_name,model_version,agent_code,description,created_by,created_at,updated_at,created_by_name FROM model_config_tb ORDER BY updated_at DESC,id DESC LIMIT ?
[2026-09-21 13:09:54.624] [gas-forecast] [] [] [c.g.f.d.m.M.selectList] [http-nio-8080-exec-6] [DEBUG] - ==> Parameters: 1000(Long)
[2026-09-21 13:09:54.624] [gas-forecast] [] [] [c.g.f.d.m.S.selectByUsername] [http-nio-8080-exec-7] [DEBUG] - <==      Total: 57
[2026-09-21 13:09:54.624] [gas-forecast] [] [] [c.g.f.d.m.S.selectByUsername] [http-nio-8080-exec-9] [DEBUG] - <==      Total: 57
[2026-09-21 13:09:54.624] [gas-forecast] [] [] [c.g.f.d.m.S.selectByUsername] [http-nio-8080-exec-8] [DEBUG] - <==      Total: 57
[2026-09-21 13:09:54.625] [gas-forecast] [] [] [c.g.f.d.m.M.selectList] [http-nio-8080-exec-6] [DEBUG] - <==      Total: 2
[2026-09-21 13:09:54.625] [gas-forecast] [] [] [c.g.f.d.m.M.selectList] [http-nio-8080-exec-6] [DEBUG] - ==>  Preparing: SELECT id,model_id,model_code,region_code,industry_code,customer_code,created_by,created_at,updated_at,created_by_name FROM model_config_scope_tb WHERE (model_id IN (?,?)) ORDER BY id DESC
[2026-09-21 13:09:54.626] [gas-forecast] [] [] [c.g.f.d.m.M.selectList] [http-nio-8080-exec-6] [DEBUG] - ==> Parameters: 2(Long), 1(Long)
[2026-09-21 13:09:54.626] [gas-forecast] [] [] [c.g.f.d.m.M.selectList] [http-nio-8080-exec-6] [DEBUG] - <==      Total: 8
[2026-09-21 13:09:54.627] [gas-forecast] [] [] [c.g.f.d.m.M.selectList] [http-nio-8080-exec-6] [DEBUG] - ==>  Preparing: SELECT id,model_id,feature_id,required_flag,feature_order,created_at,created_by FROM model_feature_ref WHERE (model_id IN (?,?)) ORDER BY feature_order ASC,id ASC
[2026-09-21 13:09:54.627] [gas-forecast] [] [] [c.g.f.d.m.M.selectList] [http-nio-8080-exec-6] [DEBUG] - ==> Parameters: 2(Long), 1(Long)
[2026-09-21 13:09:54.628] [gas-forecast] [] [] [c.g.f.d.m.M.selectList_mpCount] [http-nio-8080-exec-10] [DEBUG] - ==>  Preparing: SELECT COUNT(*) AS total FROM model_train_config_tb
[2026-09-21 13:09:54.628] [gas-forecast] [] [] [c.g.f.d.m.M.selectList_mpCount] [http-nio-8080-exec-10] [DEBUG] - ==> Parameters: 
[2026-09-21 13:09:54.628] [gas-forecast] [] [] [c.g.f.d.m.M.selectList] [http-nio-8080-exec-6] [DEBUG] - <==      Total: 25
[2026-09-21 13:09:54.628] [gas-forecast] [] [] [c.g.f.d.m.M.selectBatchIds] [http-nio-8080-exec-6] [DEBUG] - ==>  Preparing: SELECT id,feature_code,feature_name,feature_column,time_granularity,enabled,description,created_at,created_by,updated_by_name FROM model_feature_definition_tb WHERE id IN ( ? , ? , ? , ? , ? , ? , ? , ? , ? , ? , ? , ? , ? , ? , ? , ? , ? , ? , ? , ? , ? , ? , ? , ? , ? )
[2026-09-21 13:09:54.629] [gas-forecast] [] [] [c.g.f.d.m.M.selectBatchIds] [http-nio-8080-exec-6] [DEBUG] - ==> Parameters: 5(Long), 6(Long), 4(Long), 7(Long), 3(Long), 8(Long), 2(Long), 9(Long), 1(Long), 10(Long), 11(Long), 12(Long), 13(Long), 14(Long), 15(Long), 16(Long), 17(Long), 18(Long), 19(Long), 20(Long), 21(Long), 22(Long), 23(Long), 24(Long), 25(Long)
[2026-09-21 13:09:54.629] [gas-forecast] [] [] [c.g.f.d.m.M.selectBatchIds] [http-nio-8080-exec-6] [DEBUG] - <==      Total: 25
[2026-09-21 13:09:54.630] [gas-forecast] [] [] [c.g.f.d.m.B.selectList] [http-nio-8080-exec-6] [DEBUG] - ==>  Preparing: SELECT id,region_code,region_name,remark,created_by,created_at,updated_by,updated_at,updated_by_name,created_by_name FROM base_region_tb WHERE (region_code IN (?,?,?,?,?,?,?,?))
[2026-09-21 13:09:54.630] [gas-forecast] [] [] [c.g.f.d.m.B.selectList] [http-nio-8080-exec-6] [DEBUG] - ==> Parameters: REG000012(String), REG000005(String), REG000006(String), REG000007(String), REG000008(String), REG000009(String), REG000010(String), REG000011(String)
[2026-09-21 13:09:54.630] [gas-forecast] [] [] [c.g.f.d.m.B.selectList] [http-nio-8080-exec-6] [DEBUG] - <==      Total: 8
[2026-09-21 13:09:54.631] [gas-forecast] [] [] [c.g.f.d.m.B.selectList_mpCount] [http-nio-8080-exec-7] [DEBUG] - ==>  Preparing: SELECT COUNT(*) AS total FROM base_industry_tb
[2026-09-21 13:09:54.631] [gas-forecast] [] [] [c.g.f.d.m.B.selectList_mpCount] [http-nio-8080-exec-7] [DEBUG] - ==> Parameters: 
[2026-09-21 13:09:54.631] [gas-forecast] [] [] [c.g.f.d.m.B.selectList_mpCount] [http-nio-8080-exec-8] [DEBUG] - ==>  Preparing: SELECT COUNT(*) AS total FROM base_region_tb
[2026-09-21 13:09:54.631] [gas-forecast] [] [] [c.g.f.d.m.B.selectList_mpCount] [http-nio-8080-exec-8] [DEBUG] - ==> Parameters: 
[2026-09-21 13:09:54.631] [gas-forecast] [] [] [c.g.f.d.m.B.selectList_mpCount] [http-nio-8080-exec-9] [DEBUG] - ==>  Preparing: SELECT COUNT(*) AS total FROM base_customer_tb
[2026-09-21 13:09:54.631] [gas-forecast] [] [] [c.g.f.d.m.B.selectList_mpCount] [http-nio-8080-exec-9] [DEBUG] - ==> Parameters: 
[2026-09-21 13:09:54.632] [gas-forecast] [] [] [c.g.f.d.m.B.selectList_mpCount] [http-nio-8080-exec-7] [DEBUG] - <==      Total: 1
[2026-09-21 13:09:54.632] [gas-forecast] [] [] [c.g.f.d.m.B.selectList] [http-nio-8080-exec-7] [DEBUG] - ==>  Preparing: SELECT id,industry_code,industry_name,created_at,updated_at,created_by,created_by_name,updated_by,updated_by_name FROM base_industry_tb ORDER BY updated_at DESC,id DESC LIMIT ?
[2026-09-21 13:09:54.632] [gas-forecast] [] [] [c.g.f.d.m.B.selectList_mpCount] [http-nio-8080-exec-8] [DEBUG] - <==      Total: 1
[2026-09-21 13:09:54.632] [gas-forecast] [] [] [c.g.f.d.m.B.selectList] [http-nio-8080-exec-7] [DEBUG] - ==> Parameters: 1000(Long)
[2026-09-21 13:09:54.632] [gas-forecast] [] [] [c.g.f.d.m.B.selectList] [http-nio-8080-exec-8] [DEBUG] - ==>  Preparing: SELECT id,region_code,region_name,remark,created_by,created_at,updated_by,updated_at,updated_by_name,created_by_name FROM base_region_tb ORDER BY updated_at DESC,id DESC LIMIT ?
[2026-09-21 13:09:54.632] [gas-forecast] [] [] [c.g.f.d.m.B.selectList] [http-nio-8080-exec-8] [DEBUG] - ==> Parameters: 1000(Long)
[2026-09-21 13:09:54.632] [gas-forecast] [] [] [c.g.f.d.m.M.selectList_mpCount] [http-nio-8080-exec-10] [DEBUG] - <==      Total: 1
[2026-09-21 13:09:54.632] [gas-forecast] [] [] [c.g.f.d.m.M.selectList] [http-nio-8080-exec-10] [DEBUG] - ==>  Preparing: SELECT id,train_code,train_name,agent_code,model_id,model_code,model_name,scope_type,region_code,region_name,industry_code,industry_name,customer_code,customer_name,train_start_date,train_end_date,train_mode,time_granularity,recent_periods,enabled,remark,created_by,created_by_name,created_at,updated_at FROM model_train_config_tb ORDER BY updated_at DESC,id DESC LIMIT ?
[2026-09-21 13:09:54.632] [gas-forecast] [] [] [c.g.f.d.m.B.selectList_mpCount] [http-nio-8080-exec-9] [DEBUG] - <==      Total: 1
[2026-09-21 13:09:54.632] [gas-forecast] [] [] [c.g.f.d.m.M.selectList] [http-nio-8080-exec-10] [DEBUG] - ==> Parameters: 10(Long)
[2026-09-21 13:09:54.632] [gas-forecast] [] [] [c.g.f.d.m.B.selectList] [http-nio-8080-exec-9] [DEBUG] - ==>  Preparing: SELECT id,customer_code,customer_name,industry_code,industry_name,region_code,region_name,created_at,updated_at,created_by,created_by_name,updated_by,updated_by_name,raw_region_name,raw_industry_name FROM base_customer_tb ORDER BY updated_at DESC,id DESC LIMIT ?
[2026-09-21 13:09:54.632] [gas-forecast] [] [] [c.g.f.d.m.B.selectList] [http-nio-8080-exec-9] [DEBUG] - ==> Parameters: 1000(Long)
[2026-09-21 13:09:54.632] [gas-forecast] [] [] [c.g.f.d.m.B.selectList] [http-nio-8080-exec-7] [DEBUG] - <==      Total: 4
[2026-09-21 13:09:54.632] [gas-forecast] [] [] [c.g.f.d.m.B.selectList] [http-nio-8080-exec-8] [DEBUG] - <==      Total: 8
[2026-09-21 13:09:54.633] [gas-forecast] [] [] [c.g.f.d.m.M.selectList] [http-nio-8080-exec-10] [DEBUG] - <==      Total: 2
[2026-09-21 13:09:54.633] [gas-forecast] [] [] [c.g.f.d.m.B.selectList] [http-nio-8080-exec-9] [DEBUG] - <==      Total: 21
[2026-09-21 13:09:55.623] [gas-forecast] [] [] [c.g.f.d.m.M.selectList_mpCount] [http-nio-8080-exec-1] [DEBUG] - ==>  Preparing: SELECT COUNT(*) AS total FROM model_forecast_config_tb
[2026-09-21 13:09:55.623] [gas-forecast] [] [] [c.g.f.d.m.M.selectList_mpCount] [http-nio-8080-exec-1] [DEBUG] - ==> Parameters: 
[2026-09-21 13:09:56.761] [gas-forecast] [] [] [c.g.f.d.m.S.selectByUsername] [http-nio-8080-exec-6] [DEBUG] - ==>  Preparing: select distinct p.* from sys_permission_tb p where p.status = 1 and ( exists ( select 1 from sys_user_tb u join sys_user_role_ref ur on ur.user_id = u.id join sys_role_permission_ref rp on rp.role_id = ur.role_id where rp.permission_id = p.id and u.username = ? and u.deleted = 0 ) or exists ( select 1 from sys_user_tb u join sys_user_department_ref ud on ud.user_id = u.id join sys_department_permission_ref dp on dp.department_id = ud.department_id where dp.permission_id = p.id and u.username = ? and u.deleted = 0 ) ) order by p.sort_no, p.id
[2026-09-21 13:09:56.761] [gas-forecast] [] [] [c.g.f.d.m.S.selectByUsername] [http-nio-8080-exec-3] [DEBUG] - ==>  Preparing: select distinct p.* from sys_permission_tb p where p.status = 1 and ( exists ( select 1 from sys_user_tb u join sys_user_role_ref ur on ur.user_id = u.id join sys_role_permission_ref rp on rp.role_id = ur.role_id where rp.permission_id = p.id and u.username = ? and u.deleted = 0 ) or exists ( select 1 from sys_user_tb u join sys_user_department_ref ud on ud.user_id = u.id join sys_department_permission_ref dp on dp.department_id = ud.department_id where dp.permission_id = p.id and u.username = ? and u.deleted = 0 ) ) order by p.sort_no, p.id
[2026-09-21 13:09:56.761] [gas-forecast] [] [] [c.g.f.d.m.S.selectByUsername] [http-nio-8080-exec-4] [DEBUG] - ==>  Preparing: select distinct p.* from sys_permission_tb p where p.status = 1 and ( exists ( select 1 from sys_user_tb u join sys_user_role_ref ur on ur.user_id = u.id join sys_role_permission_ref rp on rp.role_id = ur.role_id where rp.permission_id = p.id and u.username = ? and u.deleted = 0 ) or exists ( select 1 from sys_user_tb u join sys_user_department_ref ud on ud.user_id = u.id join sys_department_permission_ref dp on dp.department_id = ud.department_id where dp.permission_id = p.id and u.username = ? and u.deleted = 0 ) ) order by p.sort_no, p.id
[2026-09-21 13:09:56.761] [gas-forecast] [] [] [c.g.f.d.m.S.selectByUsername] [http-nio-8080-exec-6] [DEBUG] - ==> Parameters: admin(String), admin(String)
[2026-09-21 13:09:56.761] [gas-forecast] [] [] [c.g.f.d.m.S.selectByUsername] [http-nio-8080-exec-3] [DEBUG] - ==> Parameters: admin(String), admin(String)
[2026-09-21 13:09:56.761] [gas-forecast] [] [] [c.g.f.d.m.S.selectByUsername] [http-nio-8080-exec-4] [DEBUG] - ==> Parameters: admin(String), admin(String)
[2026-09-21 13:09:56.763] [gas-forecast] [] [] [c.g.f.d.m.S.selectByUsername] [http-nio-8080-exec-3] [DEBUG] - <==      Total: 57
[2026-09-21 13:09:56.764] [gas-forecast] [] [] [c.g.f.d.m.S.selectByUsername] [http-nio-8080-exec-6] [DEBUG] - <==      Total: 57
[2026-09-21 13:09:56.764] [gas-forecast] [] [] [c.g.f.d.m.M.selectList_mpCount] [http-nio-8080-exec-2] [DEBUG] - ==>  Preparing: SELECT COUNT(*) AS total FROM model_config_tb
[2026-09-21 13:09:56.764] [gas-forecast] [] [] [c.g.f.d.m.M.selectList_mpCount] [http-nio-8080-exec-5] [DEBUG] - ==>  Preparing: SELECT COUNT(*) AS total FROM model_train_config_tb
[2026-09-21 13:09:56.764] [gas-forecast] [] [] [c.g.f.d.m.M.selectList_mpCount] [http-nio-8080-exec-2] [DEBUG] - ==> Parameters: 
[2026-09-21 13:09:56.764] [gas-forecast] [] [] [c.g.f.d.m.M.selectList_mpCount] [http-nio-8080-exec-5] [DEBUG] - ==> Parameters: 
[2026-09-21 13:09:56.765] [gas-forecast] [] [] [c.g.f.d.m.S.selectByUsername] [http-nio-8080-exec-4] [DEBUG] - <==      Total: 57
[2026-09-21 13:09:56.766] [gas-forecast] [] [] [c.g.f.d.m.M.selectList_mpCount] [http-nio-8080-exec-2] [DEBUG] - <==      Total: 1
[2026-09-21 13:09:56.766] [gas-forecast] [] [] [c.g.f.d.m.B.selectList_mpCount] [http-nio-8080-exec-3] [DEBUG] - ==>  Preparing: SELECT COUNT(*) AS total FROM base_region_tb
[2026-09-21 13:09:56.766] [gas-forecast] [] [] [c.g.f.d.m.M.selectList] [http-nio-8080-exec-2] [DEBUG] - ==>  Preparing: SELECT id,model_code,model_name,model_version,agent_code,description,created_by,created_at,updated_at,created_by_name FROM model_config_tb ORDER BY updated_at DESC,id DESC LIMIT ?
[2026-09-21 13:09:56.766] [gas-forecast] [] [] [c.g.f.d.m.B.selectList_mpCount] [http-nio-8080-exec-3] [DEBUG] - ==> Parameters: 
[2026-09-21 13:09:56.766] [gas-forecast] [] [] [c.g.f.d.m.M.selectList] [http-nio-8080-exec-2] [DEBUG] - ==> Parameters: 1000(Long)
[2026-09-21 13:09:56.768] [gas-forecast] [] [] [c.g.f.d.m.M.selectList_mpCount] [http-nio-8080-exec-5] [DEBUG] - <==      Total: 1
[2026-09-21 13:09:56.768] [gas-forecast] [] [] [c.g.f.d.m.M.selectList] [http-nio-8080-exec-2] [DEBUG] - <==      Total: 2
[2026-09-21 13:09:56.768] [gas-forecast] [] [] [c.g.f.d.m.B.selectList_mpCount] [http-nio-8080-exec-4] [DEBUG] - ==>  Preparing: SELECT COUNT(*) AS total FROM base_industry_tb
[2026-09-21 13:09:56.768] [gas-forecast] [] [] [c.g.f.d.m.B.selectList_mpCount] [http-nio-8080-exec-3] [DEBUG] - <==      Total: 1
[2026-09-21 13:09:56.768] [gas-forecast] [] [] [c.g.f.d.m.B.selectList_mpCount] [http-nio-8080-exec-4] [DEBUG] - ==> Parameters: 
[2026-09-21 13:09:56.768] [gas-forecast] [] [] [c.g.f.d.m.M.selectList] [http-nio-8080-exec-5] [DEBUG] - ==>  Preparing: SELECT id,train_code,train_name,agent_code,model_id,model_code,model_name,scope_type,region_code,region_name,industry_code,industry_name,customer_code,customer_name,train_start_date,train_end_date,train_mode,time_granularity,recent_periods,enabled,remark,created_by,created_by_name,created_at,updated_at FROM model_train_config_tb ORDER BY updated_at DESC,id DESC LIMIT ?
[2026-09-21 13:09:56.768] [gas-forecast] [] [] [c.g.f.d.m.B.selectList] [http-nio-8080-exec-3] [DEBUG] - ==>  Preparing: SELECT id,region_code,region_name,remark,created_by,created_at,updated_by,updated_at,updated_by_name,created_by_name FROM base_region_tb ORDER BY updated_at DESC,id DESC LIMIT ?
[2026-09-21 13:09:56.768] [gas-forecast] [] [] [c.g.f.d.m.B.selectList] [http-nio-8080-exec-3] [DEBUG] - ==> Parameters: 1000(Long)
[2026-09-21 13:09:56.768] [gas-forecast] [] [] [c.g.f.d.m.M.selectList] [http-nio-8080-exec-5] [DEBUG] - ==> Parameters: 10(Long)
[2026-09-21 13:09:56.768] [gas-forecast] [] [] [c.g.f.d.m.B.selectList_mpCount] [http-nio-8080-exec-6] [DEBUG] - ==>  Preparing: SELECT COUNT(*) AS total FROM base_customer_tb
[2026-09-21 13:09:56.768] [gas-forecast] [] [] [c.g.f.d.m.M.selectList] [http-nio-8080-exec-2] [DEBUG] - ==>  Preparing: SELECT id,model_id,model_code,region_code,industry_code,customer_code,created_by,created_at,updated_at,created_by_name FROM model_config_scope_tb WHERE (model_id IN (?,?)) ORDER BY id DESC
[2026-09-21 13:09:56.768] [gas-forecast] [] [] [c.g.f.d.m.M.selectList] [http-nio-8080-exec-2] [DEBUG] - ==> Parameters: 2(Long), 1(Long)
[2026-09-21 13:09:56.768] [gas-forecast] [] [] [c.g.f.d.m.B.selectList_mpCount] [http-nio-8080-exec-6] [DEBUG] - ==> Parameters: 
[2026-09-21 13:09:56.768] [gas-forecast] [] [] [c.g.f.d.m.B.selectList_mpCount] [http-nio-8080-exec-4] [DEBUG] - <==      Total: 1
[2026-09-21 13:09:56.769] [gas-forecast] [] [] [c.g.f.d.m.M.selectList] [http-nio-8080-exec-5] [DEBUG] - <==      Total: 2
[2026-09-21 13:09:56.769] [gas-forecast] [] [] [c.g.f.d.m.B.selectList] [http-nio-8080-exec-3] [DEBUG] - <==      Total: 8
[2026-09-21 13:09:56.769] [gas-forecast] [] [] [c.g.f.d.m.B.selectList] [http-nio-8080-exec-4] [DEBUG] - ==>  Preparing: SELECT id,industry_code,industry_name,created_at,updated_at,created_by,created_by_name,updated_by,updated_by_name FROM base_industry_tb ORDER BY updated_at DESC,id DESC LIMIT ?
[2026-09-21 13:09:56.769] [gas-forecast] [] [] [c.g.f.d.m.M.selectList] [http-nio-8080-exec-2] [DEBUG] - <==      Total: 8
[2026-09-21 13:09:56.769] [gas-forecast] [] [] [c.g.f.d.m.B.selectList] [http-nio-8080-exec-4] [DEBUG] - ==> Parameters: 1000(Long)
[2026-09-21 13:09:56.769] [gas-forecast] [] [] [c.g.f.d.m.B.selectList_mpCount] [http-nio-8080-exec-6] [DEBUG] - <==      Total: 1
[2026-09-21 13:09:56.769] [gas-forecast] [] [] [c.g.f.d.m.M.selectList] [http-nio-8080-exec-2] [DEBUG] - ==>  Preparing: SELECT id,model_id,feature_id,required_flag,feature_order,created_at,created_by FROM model_feature_ref WHERE (model_id IN (?,?)) ORDER BY feature_order ASC,id ASC
[2026-09-21 13:09:56.769] [gas-forecast] [] [] [c.g.f.d.m.M.selectList] [http-nio-8080-exec-2] [DEBUG] - ==> Parameters: 2(Long), 1(Long)
[2026-09-21 13:09:56.769] [gas-forecast] [] [] [c.g.f.d.m.B.selectList] [http-nio-8080-exec-6] [DEBUG] - ==>  Preparing: SELECT id,customer_code,customer_name,industry_code,industry_name,region_code,region_name,created_at,updated_at,created_by,created_by_name,updated_by,updated_by_name,raw_region_name,raw_industry_name FROM base_customer_tb ORDER BY updated_at DESC,id DESC LIMIT ?
[2026-09-21 13:09:56.770] [gas-forecast] [] [] [c.g.f.d.m.B.selectList] [http-nio-8080-exec-6] [DEBUG] - ==> Parameters: 1000(Long)
[2026-09-21 13:09:56.770] [gas-forecast] [] [] [c.g.f.d.m.B.selectList] [http-nio-8080-exec-4] [DEBUG] - <==      Total: 4
[2026-09-21 13:09:56.770] [gas-forecast] [] [] [c.g.f.d.m.M.selectList] [http-nio-8080-exec-2] [DEBUG] - <==      Total: 25
[2026-09-21 13:09:56.771] [gas-forecast] [] [] [c.g.f.d.m.B.selectList] [http-nio-8080-exec-6] [DEBUG] - <==      Total: 21
[2026-09-21 13:09:56.771] [gas-forecast] [] [] [c.g.f.d.m.M.selectBatchIds] [http-nio-8080-exec-2] [DEBUG] - ==>  Preparing: SELECT id,feature_code,feature_name,feature_column,time_granularity,enabled,description,created_at,created_by,updated_by_name FROM model_feature_definition_tb WHERE id IN ( ? , ? , ? , ? , ? , ? , ? , ? , ? , ? , ? , ? , ? , ? , ? , ? , ? , ? , ? , ? , ? , ? , ? , ? , ? )
[2026-09-21 13:09:56.772] [gas-forecast] [] [] [c.g.f.d.m.M.selectBatchIds] [http-nio-8080-exec-2] [DEBUG] - ==> Parameters: 5(Long), 6(Long), 4(Long), 7(Long), 3(Long), 8(Long), 2(Long), 9(Long), 1(Long), 10(Long), 11(Long), 12(Long), 13(Long), 14(Long), 15(Long), 16(Long), 17(Long), 18(Long), 19(Long), 20(Long), 21(Long), 22(Long), 23(Long), 24(Long), 25(Long)
[2026-09-21 13:09:56.773] [gas-forecast] [] [] [c.g.f.d.m.M.selectBatchIds] [http-nio-8080-exec-2] [DEBUG] - <==      Total: 25
[2026-09-21 13:09:56.773] [gas-forecast] [] [] [c.g.f.d.m.B.selectList] [http-nio-8080-exec-2] [DEBUG] - ==>  Preparing: SELECT id,region_code,region_name,remark,created_by,created_at,updated_by,updated_at,updated_by_name,created_by_name FROM base_region_tb WHERE (region_code IN (?,?,?,?,?,?,?,?))
[2026-09-21 13:09:56.774] [gas-forecast] [] [] [c.g.f.d.m.B.selectList] [http-nio-8080-exec-2] [DEBUG] - ==> Parameters: REG000012(String), REG000005(String), REG000006(String), REG000007(String), REG000008(String), REG000009(String), REG000010(String), REG000011(String)
[2026-09-21 13:09:56.774] [gas-forecast] [] [] [c.g.f.d.m.B.selectList] [http-nio-8080-exec-2] [DEBUG] - <==      Total: 8
[2026-09-21 13:10:06.316] [gas-forecast] [] [] [c.g.f.d.m.M.selectList_mpCount] [http-nio-8080-exec-8] [DEBUG] - ==>  Preparing: SELECT COUNT(*) AS total FROM model_forecast_config_tb
[2026-09-21 13:10:06.316] [gas-forecast] [] [] [c.g.f.d.m.M.selectList_mpCount] [http-nio-8080-exec-8] [DEBUG] - ==> Parameters: 
[2026-09-21 13:10:07.499] [gas-forecast] [] [] [c.g.f.d.m.S.selectByUsername] [http-nio-8080-exec-9] [DEBUG] - ==>  Preparing: select distinct p.* from sys_permission_tb p where p.status = 1 and ( exists ( select 1 from sys_user_tb u join sys_user_role_ref ur on ur.user_id = u.id join sys_role_permission_ref rp on rp.role_id = ur.role_id where rp.permission_id = p.id and u.username = ? and u.deleted = 0 ) or exists ( select 1 from sys_user_tb u join sys_user_department_ref ud on ud.user_id = u.id join sys_department_permission_ref dp on dp.department_id = ud.department_id where dp.permission_id = p.id and u.username = ? and u.deleted = 0 ) ) order by p.sort_no, p.id
[2026-09-21 13:10:07.499] [gas-forecast] [] [] [c.g.f.d.m.S.selectByUsername] [http-nio-8080-exec-5] [DEBUG] - ==>  Preparing: select distinct p.* from sys_permission_tb p where p.status = 1 and ( exists ( select 1 from sys_user_tb u join sys_user_role_ref ur on ur.user_id = u.id join sys_role_permission_ref rp on rp.role_id = ur.role_id where rp.permission_id = p.id and u.username = ? and u.deleted = 0 ) or exists ( select 1 from sys_user_tb u join sys_user_department_ref ud on ud.user_id = u.id join sys_department_permission_ref dp on dp.department_id = ud.department_id where dp.permission_id = p.id and u.username = ? and u.deleted = 0 ) ) order by p.sort_no, p.id
[2026-09-21 13:10:07.499] [gas-forecast] [] [] [c.g.f.d.m.S.selectByUsername] [http-nio-8080-exec-7] [DEBUG] - ==>  Preparing: select distinct p.* from sys_permission_tb p where p.status = 1 and ( exists ( select 1 from sys_user_tb u join sys_user_role_ref ur on ur.user_id = u.id join sys_role_permission_ref rp on rp.role_id = ur.role_id where rp.permission_id = p.id and u.username = ? and u.deleted = 0 ) or exists ( select 1 from sys_user_tb u join sys_user_department_ref ud on ud.user_id = u.id join sys_department_permission_ref dp on dp.department_id = ud.department_id where dp.permission_id = p.id and u.username = ? and u.deleted = 0 ) ) order by p.sort_no, p.id
[2026-09-21 13:10:07.499] [gas-forecast] [] [] [c.g.f.d.m.S.selectByUsername] [http-nio-8080-exec-9] [DEBUG] - ==> Parameters: admin(String), admin(String)
[2026-09-21 13:10:07.499] [gas-forecast] [] [] [c.g.f.d.m.S.selectByUsername] [http-nio-8080-exec-5] [DEBUG] - ==> Parameters: admin(String), admin(String)
[2026-09-21 13:10:07.499] [gas-forecast] [] [] [c.g.f.d.m.S.selectByUsername] [http-nio-8080-exec-7] [DEBUG] - ==> Parameters: admin(String), admin(String)
[2026-09-21 13:10:07.501] [gas-forecast] [] [] [c.g.f.d.m.M.selectList_mpCount] [http-nio-8080-exec-10] [DEBUG] - ==>  Preparing: SELECT COUNT(*) AS total FROM model_config_tb
[2026-09-21 13:10:07.501] [gas-forecast] [] [] [c.g.f.d.m.M.selectList_mpCount] [http-nio-8080-exec-10] [DEBUG] - ==> Parameters: 
[2026-09-21 13:10:07.501] [gas-forecast] [] [] [c.g.f.d.m.M.selectList_mpCount] [http-nio-8080-exec-1] [DEBUG] - ==>  Preparing: SELECT COUNT(*) AS total FROM model_train_config_tb
[2026-09-21 13:10:07.501] [gas-forecast] [] [] [c.g.f.d.m.M.selectList_mpCount] [http-nio-8080-exec-1] [DEBUG] - ==> Parameters: 
[2026-09-21 13:10:07.502] [gas-forecast] [] [] [c.g.f.d.m.S.selectByUsername] [http-nio-8080-exec-9] [DEBUG] - <==      Total: 57
[2026-09-21 13:10:07.502] [gas-forecast] [] [] [c.g.f.d.m.S.selectByUsername] [http-nio-8080-exec-5] [DEBUG] - <==      Total: 57
[2026-09-21 13:10:07.503] [gas-forecast] [] [] [c.g.f.d.m.M.selectList_mpCount] [http-nio-8080-exec-1] [DEBUG] - <==      Total: 1
[2026-09-21 13:10:07.503] [gas-forecast] [] [] [c.g.f.d.m.M.selectList] [http-nio-8080-exec-1] [DEBUG] - ==>  Preparing: SELECT id,train_code,train_name,agent_code,model_id,model_code,model_name,scope_type,region_code,region_name,industry_code,industry_name,customer_code,customer_name,train_start_date,train_end_date,train_mode,time_granularity,recent_periods,enabled,remark,created_by,created_by_name,created_at,updated_at FROM model_train_config_tb ORDER BY updated_at DESC,id DESC LIMIT ?
[2026-09-21 13:10:07.503] [gas-forecast] [] [] [c.g.f.d.m.S.selectByUsername] [http-nio-8080-exec-7] [DEBUG] - <==      Total: 57
[2026-09-21 13:10:07.503] [gas-forecast] [] [] [c.g.f.d.m.M.selectList] [http-nio-8080-exec-1] [DEBUG] - ==> Parameters: 10(Long)
[2026-09-21 13:10:07.503] [gas-forecast] [] [] [c.g.f.d.m.M.selectList_mpCount] [http-nio-8080-exec-10] [DEBUG] - <==      Total: 1
[2026-09-21 13:10:07.503] [gas-forecast] [] [] [c.g.f.d.m.M.selectList] [http-nio-8080-exec-10] [DEBUG] - ==>  Preparing: SELECT id,model_code,model_name,model_version,agent_code,description,created_by,created_at,updated_at,created_by_name FROM model_config_tb ORDER BY updated_at DESC,id DESC LIMIT ?
[2026-09-21 13:10:07.503] [gas-forecast] [] [] [c.g.f.d.m.M.selectList] [http-nio-8080-exec-10] [DEBUG] - ==> Parameters: 1000(Long)
[2026-09-21 13:10:07.503] [gas-forecast] [] [] [c.g.f.d.m.M.selectList] [http-nio-8080-exec-1] [DEBUG] - <==      Total: 2
[2026-09-21 13:10:07.504] [gas-forecast] [] [] [c.g.f.d.m.M.selectList] [http-nio-8080-exec-10] [DEBUG] - <==      Total: 2
[2026-09-21 13:10:07.504] [gas-forecast] [] [] [c.g.f.d.m.M.selectList] [http-nio-8080-exec-10] [DEBUG] - ==>  Preparing: SELECT id,model_id,model_code,region_code,industry_code,customer_code,created_by,created_at,updated_at,created_by_name FROM model_config_scope_tb WHERE (model_id IN (?,?)) ORDER BY id DESC
[2026-09-21 13:10:07.504] [gas-forecast] [] [] [c.g.f.d.m.M.selectList] [http-nio-8080-exec-10] [DEBUG] - ==> Parameters: 2(Long), 1(Long)
[2026-09-21 13:10:07.505] [gas-forecast] [] [] [c.g.f.d.m.M.selectList] [http-nio-8080-exec-10] [DEBUG] - <==      Total: 8
[2026-09-21 13:10:07.506] [gas-forecast] [] [] [c.g.f.d.m.M.selectList] [http-nio-8080-exec-10] [DEBUG] - ==>  Preparing: SELECT id,model_id,feature_id,required_flag,feature_order,created_at,created_by FROM model_feature_ref WHERE (model_id IN (?,?)) ORDER BY feature_order ASC,id ASC
[2026-09-21 13:10:07.506] [gas-forecast] [] [] [c.g.f.d.m.M.selectList] [http-nio-8080-exec-10] [DEBUG] - ==> Parameters: 2(Long), 1(Long)
[2026-09-21 13:10:07.506] [gas-forecast] [] [] [c.g.f.d.m.B.selectList_mpCount] [http-nio-8080-exec-7] [DEBUG] - ==>  Preparing: SELECT COUNT(*) AS total FROM base_region_tb
[2026-09-21 13:10:07.507] [gas-forecast] [] [] [c.g.f.d.m.B.selectList_mpCount] [http-nio-8080-exec-7] [DEBUG] - ==> Parameters: 
[2026-09-21 13:10:07.507] [gas-forecast] [] [] [c.g.f.d.m.B.selectList_mpCount] [http-nio-8080-exec-5] [DEBUG] - ==>  Preparing: SELECT COUNT(*) AS total FROM base_industry_tb
[2026-09-21 13:10:07.507] [gas-forecast] [] [] [c.g.f.d.m.B.selectList_mpCount] [http-nio-8080-exec-9] [DEBUG] - ==>  Preparing: SELECT COUNT(*) AS total FROM base_customer_tb
[2026-09-21 13:10:07.507] [gas-forecast] [] [] [c.g.f.d.m.B.selectList_mpCount] [http-nio-8080-exec-5] [DEBUG] - ==> Parameters: 
[2026-09-21 13:10:07.507] [gas-forecast] [] [] [c.g.f.d.m.B.selectList_mpCount] [http-nio-8080-exec-9] [DEBUG] - ==> Parameters: 
[2026-09-21 13:10:07.507] [gas-forecast] [] [] [c.g.f.d.m.M.selectList] [http-nio-8080-exec-10] [DEBUG] - <==      Total: 25
[2026-09-21 13:10:07.508] [gas-forecast] [] [] [c.g.f.d.m.B.selectList_mpCount] [http-nio-8080-exec-7] [DEBUG] - <==      Total: 1
[2026-09-21 13:10:07.508] [gas-forecast] [] [] [c.g.f.d.m.B.selectList_mpCount] [http-nio-8080-exec-5] [DEBUG] - <==      Total: 1
[2026-09-21 13:10:07.508] [gas-forecast] [] [] [c.g.f.d.m.B.selectList_mpCount] [http-nio-8080-exec-9] [DEBUG] - <==      Total: 1
[2026-09-21 13:10:07.508] [gas-forecast] [] [] [c.g.f.d.m.B.selectList] [http-nio-8080-exec-5] [DEBUG] - ==>  Preparing: SELECT id,industry_code,industry_name,created_at,updated_at,created_by,created_by_name,updated_by,updated_by_name FROM base_industry_tb ORDER BY updated_at DESC,id DESC LIMIT ?
[2026-09-21 13:10:07.508] [gas-forecast] [] [] [c.g.f.d.m.M.selectBatchIds] [http-nio-8080-exec-10] [DEBUG] - ==>  Preparing: SELECT id,feature_code,feature_name,feature_column,time_granularity,enabled,description,created_at,created_by,updated_by_name FROM model_feature_definition_tb WHERE id IN ( ? , ? , ? , ? , ? , ? , ? , ? , ? , ? , ? , ? , ? , ? , ? , ? , ? , ? , ? , ? , ? , ? , ? , ? , ? )
[2026-09-21 13:10:07.508] [gas-forecast] [] [] [c.g.f.d.m.B.selectList] [http-nio-8080-exec-7] [DEBUG] - ==>  Preparing: SELECT id,region_code,region_name,remark,created_by,created_at,updated_by,updated_at,updated_by_name,created_by_name FROM base_region_tb ORDER BY updated_at DESC,id DESC LIMIT ?
[2026-09-21 13:10:07.508] [gas-forecast] [] [] [c.g.f.d.m.B.selectList] [http-nio-8080-exec-9] [DEBUG] - ==>  Preparing: SELECT id,customer_code,customer_name,industry_code,industry_name,region_code,region_name,created_at,updated_at,created_by,created_by_name,updated_by,updated_by_name,raw_region_name,raw_industry_name FROM base_customer_tb ORDER BY updated_at DESC,id DESC LIMIT ?
[2026-09-21 13:10:07.508] [gas-forecast] [] [] [c.g.f.d.m.B.selectList] [http-nio-8080-exec-5] [DEBUG] - ==> Parameters: 1000(Long)
[2026-09-21 13:10:07.508] [gas-forecast] [] [] [c.g.f.d.m.B.selectList] [http-nio-8080-exec-7] [DEBUG] - ==> Parameters: 1000(Long)
[2026-09-21 13:10:07.508] [gas-forecast] [] [] [c.g.f.d.m.B.selectList] [http-nio-8080-exec-9] [DEBUG] - ==> Parameters: 1000(Long)
[2026-09-21 13:10:07.508] [gas-forecast] [] [] [c.g.f.d.m.M.selectBatchIds] [http-nio-8080-exec-10] [DEBUG] - ==> Parameters: 5(Long), 6(Long), 4(Long), 7(Long), 3(Long), 8(Long), 2(Long), 9(Long), 1(Long), 10(Long), 11(Long), 12(Long), 13(Long), 14(Long), 15(Long), 16(Long), 17(Long), 18(Long), 19(Long), 20(Long), 21(Long), 22(Long), 23(Long), 24(Long), 25(Long)
[2026-09-21 13:10:07.509] [gas-forecast] [] [] [c.g.f.d.m.B.selectList] [http-nio-8080-exec-7] [DEBUG] - <==      Total: 8
[2026-09-21 13:10:07.509] [gas-forecast] [] [] [c.g.f.d.m.B.selectList] [http-nio-8080-exec-5] [DEBUG] - <==      Total: 4
[2026-09-21 13:10:07.509] [gas-forecast] [] [] [c.g.f.d.m.B.selectList] [http-nio-8080-exec-9] [DEBUG] - <==      Total: 21
[2026-09-21 13:10:07.511] [gas-forecast] [] [] [c.g.f.d.m.M.selectBatchIds] [http-nio-8080-exec-10] [DEBUG] - <==      Total: 25
[2026-09-21 13:10:07.512] [gas-forecast] [] [] [c.g.f.d.m.B.selectList] [http-nio-8080-exec-10] [DEBUG] - ==>  Preparing: SELECT id,region_code,region_name,remark,created_by,created_at,updated_by,updated_at,updated_by_name,created_by_name FROM base_region_tb WHERE (region_code IN (?,?,?,?,?,?,?,?))
[2026-09-21 13:10:07.512] [gas-forecast] [] [] [c.g.f.d.m.B.selectList] [http-nio-8080-exec-10] [DEBUG] - ==> Parameters: REG000012(String), REG000005(String), REG000006(String), REG000007(String), REG000008(String), REG000009(String), REG000010(String), REG000011(String)
[2026-09-21 13:10:07.513] [gas-forecast] [] [] [c.g.f.d.m.B.selectList] [http-nio-8080-exec-10] [DEBUG] - <==      Total: 8
[2026-09-21 13:10:09.289] [gas-forecast] [] [] [c.g.f.d.m.M.selectList] [http-nio-8080-exec-3] [DEBUG] - ==>  Preparing: SELECT id,batch_no,agent_code,region_code,region_name,industry_code,industry_name,customer_code,customer_name,train_start_date,train_end_date,status,best_model,mape,wmape,smape,rmse,mae,r2,train_duration_seconds,model_version,error_message,created_at,updated_at FROM model_train_detail_tb WHERE (agent_code = ? AND region_code = ? AND train_start_date = ? AND train_end_date = ?) ORDER BY updated_at DESC,id DESC limit 20
[2026-09-21 13:10:09.290] [gas-forecast] [] [] [c.g.f.d.m.M.selectList] [http-nio-8080-exec-3] [DEBUG] - ==> Parameters: short-term(String), REG000012(String), 2016-02-01(String), 2026-09-20(String)
[2026-09-21 13:10:09.290] [gas-forecast] [] [] [c.g.f.d.m.M.selectList] [http-nio-8080-exec-3] [DEBUG] - <==      Total: 2
[2026-09-21 13:10:09.297] [gas-forecast] [] [] [c.g.f.d.m.M.selectList] [http-nio-8080-exec-4] [DEBUG] - ==>  Preparing: SELECT id,batch_no,agent_code,region_code,region_name,customer_code,customer_name,industry_code,industry_name,train_start_date,train_end_date,status,best_model,mape,wmape,smape,rmse,mae,r2,train_duration_seconds,result_json,error_message,created_by,created_by_name,created_at,updated_at,model_version,request_param FROM model_train_detail_tb WHERE (batch_no = ?) ORDER BY updated_at DESC,id DESC limit 1
[2026-09-21 13:10:09.297] [gas-forecast] [] [] [c.g.f.d.m.M.selectList] [http-nio-8080-exec-4] [DEBUG] - ==> Parameters: TRBATCH-20260920-00008(String)
[2026-09-21 13:10:09.304] [gas-forecast] [] [] [c.g.f.d.m.M.selectList] [http-nio-8080-exec-4] [DEBUG] - <==      Total: 1
[2026-09-21 13:10:27.023] [gas-forecast] [] [] [c.g.f.d.m.M.selectList_mpCount] [http-nio-8080-exec-6] [DEBUG] - ==>  Preparing: SELECT COUNT(*) AS total FROM model_forecast_config_tb
[2026-09-21 13:10:27.024] [gas-forecast] [] [] [c.g.f.d.m.M.selectList_mpCount] [http-nio-8080-exec-6] [DEBUG] - ==> Parameters: 
[2026-09-21 13:12:51.970] [gas-forecast] [] [] [c.g.f.d.m.M.selectList_mpCount] [http-nio-8080-exec-2] [DEBUG] - ==>  Preparing: SELECT COUNT(*) AS total FROM model_forecast_config_tb
[2026-09-21 13:12:51.970] [gas-forecast] [] [] [c.g.f.d.m.M.selectList_mpCount] [http-nio-8080-exec-2] [DEBUG] - ==> Parameters: 
[2026-09-21 13:17:16.665] [gas-forecast] [] [] [c.g.f.d.m.M.selectList_mpCount] [http-nio-8080-exec-2] [DEBUG] - ==>  Preparing: SELECT COUNT(*) AS total FROM model_forecast_config_tb
[2026-09-21 13:17:16.674] [gas-forecast] [] [] [c.g.f.d.m.M.selectList_mpCount] [http-nio-8080-exec-2] [DEBUG] - ==> Parameters: 
[2026-09-21 13:17:16.694] [gas-forecast] [] [] [c.g.f.d.m.SysUserTbMapper.selectList] [http-nio-8080-exec-1] [DEBUG] - ==>  Preparing: SELECT id,username,real_name,password_hash,password_salt,avatar,email,phone,org_code,status,deleted,created_at,updated_at FROM sys_user_tb WHERE (username = ? AND deleted = ?)
[2026-09-21 13:17:16.695] [gas-forecast] [] [] [c.g.f.d.m.SysUserTbMapper.selectList] [http-nio-8080-exec-1] [DEBUG] - ==> Parameters: admin(String), 0(Integer)
[2026-09-21 13:17:16.706] [gas-forecast] [] [] [c.g.f.d.m.SysUserTbMapper.selectList] [http-nio-8080-exec-1] [DEBUG] - <==      Total: 1
[2026-09-21 13:17:16.707] [gas-forecast] [] [] [c.g.f.d.m.S.selectRoleCodesByUsername] [http-nio-8080-exec-1] [DEBUG] - ==>  Preparing: select r.role_code from sys_user_tb u join sys_user_role_ref ur on ur.user_id = u.id join sys_role_tb r on r.id = ur.role_id where u.username = ? order by r.role_code
[2026-09-21 13:17:16.708] [gas-forecast] [] [] [c.g.f.d.m.S.selectRoleCodesByUsername] [http-nio-8080-exec-1] [DEBUG] - ==> Parameters: admin(String)
[2026-09-21 13:17:16.709] [gas-forecast] [] [] [c.g.f.d.m.S.selectRoleCodesByUsername] [http-nio-8080-exec-1] [DEBUG] - <==      Total: 1
[2026-09-21 13:17:16.709] [gas-forecast] [] [] [c.g.f.d.m.S.selectByUsername] [http-nio-8080-exec-1] [DEBUG] - ==>  Preparing: select distinct p.* from sys_permission_tb p where p.status = 1 and ( exists ( select 1 from sys_user_tb u join sys_user_role_ref ur on ur.user_id = u.id join sys_role_permission_ref rp on rp.role_id = ur.role_id where rp.permission_id = p.id and u.username = ? and u.deleted = 0 ) or exists ( select 1 from sys_user_tb u join sys_user_department_ref ud on ud.user_id = u.id join sys_department_permission_ref dp on dp.department_id = ud.department_id where dp.permission_id = p.id and u.username = ? and u.deleted = 0 ) ) order by p.sort_no, p.id
[2026-09-21 13:17:16.710] [gas-forecast] [] [] [c.g.f.d.m.S.selectByUsername] [http-nio-8080-exec-1] [DEBUG] - ==> Parameters: admin(String), admin(String)
[2026-09-21 13:17:16.715] [gas-forecast] [] [] [c.g.f.d.m.S.selectByUsername] [http-nio-8080-exec-1] [DEBUG] - <==      Total: 57
[2026-09-21 13:17:17.521] [gas-forecast] [] [] [c.g.f.d.m.SysUserTbMapper.selectList] [http-nio-8080-exec-3] [DEBUG] - ==>  Preparing: SELECT id,username,real_name,password_hash,password_salt,avatar,email,phone,org_code,status,deleted,created_at,updated_at FROM sys_user_tb WHERE (username = ? AND deleted = ?)
[2026-09-21 13:17:17.521] [gas-forecast] [] [] [c.g.f.d.m.SysUserTbMapper.selectList] [http-nio-8080-exec-3] [DEBUG] - ==> Parameters: admin(String), 0(Integer)
[2026-09-21 13:17:17.523] [gas-forecast] [] [] [c.g.f.d.m.SysUserTbMapper.selectList] [http-nio-8080-exec-3] [DEBUG] - <==      Total: 1
[2026-09-21 13:17:17.523] [gas-forecast] [] [] [c.g.f.d.m.S.selectRoleCodesByUsername] [http-nio-8080-exec-3] [DEBUG] - ==>  Preparing: select r.role_code from sys_user_tb u join sys_user_role_ref ur on ur.user_id = u.id join sys_role_tb r on r.id = ur.role_id where u.username = ? order by r.role_code
[2026-09-21 13:17:17.524] [gas-forecast] [] [] [c.g.f.d.m.S.selectRoleCodesByUsername] [http-nio-8080-exec-3] [DEBUG] - ==> Parameters: admin(String)
[2026-09-21 13:17:17.525] [gas-forecast] [] [] [c.g.f.d.m.S.selectRoleCodesByUsername] [http-nio-8080-exec-3] [DEBUG] - <==      Total: 1
[2026-09-21 13:17:17.525] [gas-forecast] [] [] [c.g.f.d.m.S.selectByUsername] [http-nio-8080-exec-3] [DEBUG] - ==>  Preparing: select distinct p.* from sys_permission_tb p where p.status = 1 and ( exists ( select 1 from sys_user_tb u join sys_user_role_ref ur on ur.user_id = u.id join sys_role_permission_ref rp on rp.role_id = ur.role_id where rp.permission_id = p.id and u.username = ? and u.deleted = 0 ) or exists ( select 1 from sys_user_tb u join sys_user_department_ref ud on ud.user_id = u.id join sys_department_permission_ref dp on dp.department_id = ud.department_id where dp.permission_id = p.id and u.username = ? and u.deleted = 0 ) ) order by p.sort_no, p.id
[2026-09-21 13:17:17.525] [gas-forecast] [] [] [c.g.f.d.m.S.selectByUsername] [http-nio-8080-exec-3] [DEBUG] - ==> Parameters: admin(String), admin(String)
[2026-09-21 13:17:17.530] [gas-forecast] [] [] [c.g.f.d.m.S.selectByUsername] [http-nio-8080-exec-3] [DEBUG] - <==      Total: 57
[2026-09-21 13:17:17.541] [gas-forecast] [] [] [c.g.f.d.m.M.selectList_mpCount] [http-nio-8080-exec-4] [DEBUG] - ==>  Preparing: SELECT COUNT(*) AS total FROM model_forecast_config_tb
[2026-09-21 13:17:17.542] [gas-forecast] [] [] [c.g.f.d.m.M.selectList_mpCount] [http-nio-8080-exec-4] [DEBUG] - ==> Parameters: 
[2026-09-21 13:17:18.768] [gas-forecast] [] [] [c.g.f.d.m.S.selectByUsername] [http-nio-8080-exec-6] [DEBUG] - ==>  Preparing: select distinct p.* from sys_permission_tb p where p.status = 1 and ( exists ( select 1 from sys_user_tb u join sys_user_role_ref ur on ur.user_id = u.id join sys_role_permission_ref rp on rp.role_id = ur.role_id where rp.permission_id = p.id and u.username = ? and u.deleted = 0 ) or exists ( select 1 from sys_user_tb u join sys_user_department_ref ud on ud.user_id = u.id join sys_department_permission_ref dp on dp.department_id = ud.department_id where dp.permission_id = p.id and u.username = ? and u.deleted = 0 ) ) order by p.sort_no, p.id
[2026-09-21 13:17:18.768] [gas-forecast] [] [] [c.g.f.d.m.S.selectByUsername] [http-nio-8080-exec-5] [DEBUG] - ==>  Preparing: select distinct p.* from sys_permission_tb p where p.status = 1 and ( exists ( select 1 from sys_user_tb u join sys_user_role_ref ur on ur.user_id = u.id join sys_role_permission_ref rp on rp.role_id = ur.role_id where rp.permission_id = p.id and u.username = ? and u.deleted = 0 ) or exists ( select 1 from sys_user_tb u join sys_user_department_ref ud on ud.user_id = u.id join sys_department_permission_ref dp on dp.department_id = ud.department_id where dp.permission_id = p.id and u.username = ? and u.deleted = 0 ) ) order by p.sort_no, p.id
[2026-09-21 13:17:18.768] [gas-forecast] [] [] [c.g.f.d.m.S.selectByUsername] [http-nio-8080-exec-8] [DEBUG] - ==>  Preparing: select distinct p.* from sys_permission_tb p where p.status = 1 and ( exists ( select 1 from sys_user_tb u join sys_user_role_ref ur on ur.user_id = u.id join sys_role_permission_ref rp on rp.role_id = ur.role_id where rp.permission_id = p.id and u.username = ? and u.deleted = 0 ) or exists ( select 1 from sys_user_tb u join sys_user_department_ref ud on ud.user_id = u.id join sys_department_permission_ref dp on dp.department_id = ud.department_id where dp.permission_id = p.id and u.username = ? and u.deleted = 0 ) ) order by p.sort_no, p.id
[2026-09-21 13:17:18.768] [gas-forecast] [] [] [c.g.f.d.m.S.selectByUsername] [http-nio-8080-exec-6] [DEBUG] - ==> Parameters: admin(String), admin(String)
[2026-09-21 13:17:18.768] [gas-forecast] [] [] [c.g.f.d.m.S.selectByUsername] [http-nio-8080-exec-5] [DEBUG] - ==> Parameters: admin(String), admin(String)
[2026-09-21 13:17:18.768] [gas-forecast] [] [] [c.g.f.d.m.S.selectByUsername] [http-nio-8080-exec-8] [DEBUG] - ==> Parameters: admin(String), admin(String)
[2026-09-21 13:17:18.772] [gas-forecast] [] [] [c.g.f.d.m.S.selectByUsername] [http-nio-8080-exec-5] [DEBUG] - <==      Total: 57
[2026-09-21 13:17:18.772] [gas-forecast] [] [] [c.g.f.d.m.S.selectByUsername] [http-nio-8080-exec-8] [DEBUG] - <==      Total: 57
[2026-09-21 13:17:18.772] [gas-forecast] [] [] [c.g.f.d.m.S.selectByUsername] [http-nio-8080-exec-6] [DEBUG] - <==      Total: 57
[2026-09-21 13:17:18.773] [gas-forecast] [] [] [c.g.f.d.m.M.selectList] [http-nio-8080-exec-9] [DEBUG] - ==>  Preparing: SELECT id,batch_no,agent_code,region_code,region_name,industry_code,industry_name,customer_code,customer_name,train_start_date,train_end_date,status,best_model,mape,wmape,smape,rmse,mae,r2,train_duration_seconds,model_version,error_message,created_at,updated_at FROM model_train_detail_tb WHERE (agent_code = ?) ORDER BY updated_at DESC,id DESC limit 20
[2026-09-21 13:17:18.773] [gas-forecast] [] [] [c.g.f.d.m.M.selectList] [http-nio-8080-exec-9] [DEBUG] - ==> Parameters: winter-supply(String)
[2026-09-21 13:17:18.776] [gas-forecast] [] [] [c.g.f.d.m.M.selectList] [http-nio-8080-exec-9] [DEBUG] - <==      Total: 6
[2026-09-21 13:17:18.805] [gas-forecast] [] [] [c.g.f.d.m.B.selectList_mpCount] [http-nio-8080-exec-6] [DEBUG] - ==>  Preparing: SELECT COUNT(*) AS total FROM base_industry_tb
[2026-09-21 13:17:18.806] [gas-forecast] [] [] [c.g.f.d.m.B.selectList_mpCount] [http-nio-8080-exec-6] [DEBUG] - ==> Parameters: 
[2026-09-21 13:17:18.806] [gas-forecast] [] [] [c.g.f.d.m.B.selectList_mpCount] [http-nio-8080-exec-5] [DEBUG] - ==>  Preparing: SELECT COUNT(*) AS total FROM base_region_tb
[2026-09-21 13:17:18.806] [gas-forecast] [] [] [c.g.f.d.m.B.selectList_mpCount] [http-nio-8080-exec-5] [DEBUG] - ==> Parameters: 
[2026-09-21 13:17:18.806] [gas-forecast] [] [] [c.g.f.d.m.B.selectList_mpCount] [http-nio-8080-exec-8] [DEBUG] - ==>  Preparing: SELECT COUNT(*) AS total FROM base_customer_tb
[2026-09-21 13:17:18.806] [gas-forecast] [] [] [c.g.f.d.m.B.selectList_mpCount] [http-nio-8080-exec-8] [DEBUG] - ==> Parameters: 
[2026-09-21 13:17:18.807] [gas-forecast] [] [] [c.g.f.d.m.B.selectList_mpCount] [http-nio-8080-exec-8] [DEBUG] - <==      Total: 1
[2026-09-21 13:17:18.807] [gas-forecast] [] [] [c.g.f.d.m.B.selectList_mpCount] [http-nio-8080-exec-5] [DEBUG] - <==      Total: 1
[2026-09-21 13:17:18.807] [gas-forecast] [] [] [c.g.f.d.m.B.selectList_mpCount] [http-nio-8080-exec-6] [DEBUG] - <==      Total: 1
[2026-09-21 13:17:18.808] [gas-forecast] [] [] [c.g.f.d.m.M.selectList_mpCount] [http-nio-8080-exec-7] [DEBUG] - ==>  Preparing: SELECT COUNT(*) AS total FROM model_train_config_tb WHERE (agent_code = ?)
[2026-09-21 13:17:18.808] [gas-forecast] [] [] [c.g.f.d.m.B.selectList] [http-nio-8080-exec-8] [DEBUG] - ==>  Preparing: SELECT id,customer_code,customer_name,industry_code,industry_name,region_code,region_name,created_at,updated_at,created_by,created_by_name,updated_by,updated_by_name,raw_region_name,raw_industry_name FROM base_customer_tb ORDER BY updated_at DESC,id DESC LIMIT ?
[2026-09-21 13:17:18.808] [gas-forecast] [] [] [c.g.f.d.m.B.selectList] [http-nio-8080-exec-5] [DEBUG] - ==>  Preparing: SELECT id,region_code,region_name,remark,created_by,created_at,updated_by,updated_at,updated_by_name,created_by_name FROM base_region_tb ORDER BY updated_at DESC,id DESC LIMIT ?
[2026-09-21 13:17:18.808] [gas-forecast] [] [] [c.g.f.d.m.B.selectList] [http-nio-8080-exec-6] [DEBUG] - ==>  Preparing: SELECT id,industry_code,industry_name,created_at,updated_at,created_by,created_by_name,updated_by,updated_by_name FROM base_industry_tb ORDER BY updated_at DESC,id DESC LIMIT ?
[2026-09-21 13:17:18.809] [gas-forecast] [] [] [c.g.f.d.m.M.selectList_mpCount] [http-nio-8080-exec-7] [DEBUG] - ==> Parameters: winter-supply(String)
[2026-09-21 13:17:18.809] [gas-forecast] [] [] [c.g.f.d.m.B.selectList] [http-nio-8080-exec-5] [DEBUG] - ==> Parameters: 1000(Long)
[2026-09-21 13:17:18.809] [gas-forecast] [] [] [c.g.f.d.m.B.selectList] [http-nio-8080-exec-8] [DEBUG] - ==> Parameters: 5000(Long)
[2026-09-21 13:17:18.809] [gas-forecast] [] [] [c.g.f.d.m.B.selectList] [http-nio-8080-exec-6] [DEBUG] - ==> Parameters: 1000(Long)
[2026-09-21 13:17:18.809] [gas-forecast] [] [] [c.g.f.d.m.M.selectList_mpCount] [http-nio-8080-exec-7] [DEBUG] - <==      Total: 1
[2026-09-21 13:17:18.809] [gas-forecast] [] [] [c.g.f.d.m.M.selectList] [http-nio-8080-exec-7] [DEBUG] - ==>  Preparing: SELECT id,train_code,train_name,agent_code,model_id,model_code,model_name,scope_type,region_code,region_name,industry_code,industry_name,customer_code,customer_name,train_start_date,train_end_date,train_mode,time_granularity,recent_periods,enabled,remark,created_by,created_by_name,created_at,updated_at FROM model_train_config_tb WHERE (agent_code = ?) ORDER BY updated_at DESC,id DESC LIMIT ?
[2026-09-21 13:17:18.810] [gas-forecast] [] [] [c.g.f.d.m.M.selectList] [http-nio-8080-exec-7] [DEBUG] - ==> Parameters: winter-supply(String), 1000(Long)
[2026-09-21 13:17:18.810] [gas-forecast] [] [] [c.g.f.d.m.B.selectList] [http-nio-8080-exec-6] [DEBUG] - <==      Total: 4
[2026-09-21 13:17:18.810] [gas-forecast] [] [] [c.g.f.d.m.B.selectList] [http-nio-8080-exec-5] [DEBUG] - <==      Total: 8
[2026-09-21 13:17:18.810] [gas-forecast] [] [] [c.g.f.d.m.M.selectList] [http-nio-8080-exec-7] [DEBUG] - <==      Total: 1
[2026-09-21 13:17:18.810] [gas-forecast] [] [] [c.g.f.d.m.B.selectList] [http-nio-8080-exec-8] [DEBUG] - <==      Total: 21
[2026-09-21 13:17:24.003] [gas-forecast] [] [] [c.g.f.d.m.M.selectList] [http-nio-8080-exec-4] [DEBUG] - ==>  Preparing: SELECT id,batch_no,agent_code,region_code,region_name,industry_code,industry_name,customer_code,customer_name,train_start_date,train_end_date,status,best_model,mape,wmape,smape,rmse,mae,r2,train_duration_seconds,model_version,error_message,created_at,updated_at FROM model_train_detail_tb WHERE (agent_code = ?) ORDER BY updated_at DESC,id DESC limit 20
[2026-09-21 13:17:24.003] [gas-forecast] [] [] [c.g.f.d.m.S.selectByUsername] [http-nio-8080-exec-10] [DEBUG] - ==>  Preparing: select distinct p.* from sys_permission_tb p where p.status = 1 and ( exists ( select 1 from sys_user_tb u join sys_user_role_ref ur on ur.user_id = u.id join sys_role_permission_ref rp on rp.role_id = ur.role_id where rp.permission_id = p.id and u.username = ? and u.deleted = 0 ) or exists ( select 1 from sys_user_tb u join sys_user_department_ref ud on ud.user_id = u.id join sys_department_permission_ref dp on dp.department_id = ud.department_id where dp.permission_id = p.id and u.username = ? and u.deleted = 0 ) ) order by p.sort_no, p.id
[2026-09-21 13:17:24.003] [gas-forecast] [] [] [c.g.f.d.m.S.selectByUsername] [http-nio-8080-exec-1] [DEBUG] - ==>  Preparing: select distinct p.* from sys_permission_tb p where p.status = 1 and ( exists ( select 1 from sys_user_tb u join sys_user_role_ref ur on ur.user_id = u.id join sys_role_permission_ref rp on rp.role_id = ur.role_id where rp.permission_id = p.id and u.username = ? and u.deleted = 0 ) or exists ( select 1 from sys_user_tb u join sys_user_department_ref ud on ud.user_id = u.id join sys_department_permission_ref dp on dp.department_id = ud.department_id where dp.permission_id = p.id and u.username = ? and u.deleted = 0 ) ) order by p.sort_no, p.id
[2026-09-21 13:17:24.003] [gas-forecast] [] [] [c.g.f.d.m.M.selectList] [http-nio-8080-exec-4] [DEBUG] - ==> Parameters: winter-supply(String)
[2026-09-21 13:17:24.003] [gas-forecast] [] [] [c.g.f.d.m.S.selectByUsername] [http-nio-8080-exec-10] [DEBUG] - ==> Parameters: admin(String), admin(String)
[2026-09-21 13:17:24.003] [gas-forecast] [] [] [c.g.f.d.m.S.selectByUsername] [http-nio-8080-exec-1] [DEBUG] - ==> Parameters: admin(String), admin(String)
[2026-09-21 13:17:24.003] [gas-forecast] [] [] [c.g.f.d.m.S.selectByUsername] [http-nio-8080-exec-2] [DEBUG] - ==>  Preparing: select distinct p.* from sys_permission_tb p where p.status = 1 and ( exists ( select 1 from sys_user_tb u join sys_user_role_ref ur on ur.user_id = u.id join sys_role_permission_ref rp on rp.role_id = ur.role_id where rp.permission_id = p.id and u.username = ? and u.deleted = 0 ) or exists ( select 1 from sys_user_tb u join sys_user_department_ref ud on ud.user_id = u.id join sys_department_permission_ref dp on dp.department_id = ud.department_id where dp.permission_id = p.id and u.username = ? and u.deleted = 0 ) ) order by p.sort_no, p.id
[2026-09-21 13:17:24.003] [gas-forecast] [] [] [c.g.f.d.m.S.selectByUsername] [http-nio-8080-exec-2] [DEBUG] - ==> Parameters: admin(String), admin(String)
[2026-09-21 13:17:24.005] [gas-forecast] [] [] [c.g.f.d.m.M.selectList] [http-nio-8080-exec-4] [DEBUG] - <==      Total: 6
[2026-09-21 13:17:24.005] [gas-forecast] [] [] [c.g.f.d.m.M.selectList_mpCount] [http-nio-8080-exec-3] [DEBUG] - ==>  Preparing: SELECT COUNT(*) AS total FROM model_train_config_tb WHERE (agent_code = ?)
[2026-09-21 13:17:24.005] [gas-forecast] [] [] [c.g.f.d.m.M.selectList_mpCount] [http-nio-8080-exec-3] [DEBUG] - ==> Parameters: winter-supply(String)
[2026-09-21 13:17:24.005] [gas-forecast] [] [] [c.g.f.d.m.M.selectList_mpCount] [http-nio-8080-exec-3] [DEBUG] - <==      Total: 1
[2026-09-21 13:17:24.005] [gas-forecast] [] [] [c.g.f.d.m.M.selectList] [http-nio-8080-exec-3] [DEBUG] - ==>  Preparing: SELECT id,train_code,train_name,agent_code,model_id,model_code,model_name,scope_type,region_code,region_name,industry_code,industry_name,customer_code,customer_name,train_start_date,train_end_date,train_mode,time_granularity,recent_periods,enabled,remark,created_by,created_by_name,created_at,updated_at FROM model_train_config_tb WHERE (agent_code = ?) ORDER BY updated_at DESC,id DESC LIMIT ?
[2026-09-21 13:17:24.006] [gas-forecast] [] [] [c.g.f.d.m.S.selectByUsername] [http-nio-8080-exec-10] [DEBUG] - <==      Total: 57
[2026-09-21 13:17:24.006] [gas-forecast] [] [] [c.g.f.d.m.M.selectList] [http-nio-8080-exec-3] [DEBUG] - ==> Parameters: winter-supply(String), 1000(Long)
[2026-09-21 13:17:24.006] [gas-forecast] [] [] [c.g.f.d.m.S.selectByUsername] [http-nio-8080-exec-2] [DEBUG] - <==      Total: 57
[2026-09-21 13:17:24.006] [gas-forecast] [] [] [c.g.f.d.m.S.selectByUsername] [http-nio-8080-exec-1] [DEBUG] - <==      Total: 57
[2026-09-21 13:17:24.007] [gas-forecast] [] [] [c.g.f.d.m.M.selectList] [http-nio-8080-exec-3] [DEBUG] - <==      Total: 1
[2026-09-21 13:17:24.008] [gas-forecast] [] [] [c.g.f.d.m.B.selectList_mpCount] [http-nio-8080-exec-10] [DEBUG] - ==>  Preparing: SELECT COUNT(*) AS total FROM base_industry_tb
[2026-09-21 13:17:24.009] [gas-forecast] [] [] [c.g.f.d.m.B.selectList_mpCount] [http-nio-8080-exec-10] [DEBUG] - ==> Parameters: 
[2026-09-21 13:17:24.009] [gas-forecast] [] [] [c.g.f.d.m.B.selectList_mpCount] [http-nio-8080-exec-2] [DEBUG] - ==>  Preparing: SELECT COUNT(*) AS total FROM base_region_tb
[2026-09-21 13:17:24.009] [gas-forecast] [] [] [c.g.f.d.m.B.selectList_mpCount] [http-nio-8080-exec-2] [DEBUG] - ==> Parameters: 
[2026-09-21 13:17:24.010] [gas-forecast] [] [] [c.g.f.d.m.B.selectList_mpCount] [http-nio-8080-exec-1] [DEBUG] - ==>  Preparing: SELECT COUNT(*) AS total FROM base_customer_tb
[2026-09-21 13:17:24.010] [gas-forecast] [] [] [c.g.f.d.m.B.selectList_mpCount] [http-nio-8080-exec-10] [DEBUG] - <==      Total: 1
[2026-09-21 13:17:24.010] [gas-forecast] [] [] [c.g.f.d.m.B.selectList_mpCount] [http-nio-8080-exec-2] [DEBUG] - <==      Total: 1
[2026-09-21 13:17:24.010] [gas-forecast] [] [] [c.g.f.d.m.B.selectList_mpCount] [http-nio-8080-exec-1] [DEBUG] - ==> Parameters: 
[2026-09-21 13:17:24.010] [gas-forecast] [] [] [c.g.f.d.m.B.selectList] [http-nio-8080-exec-10] [DEBUG] - ==>  Preparing: SELECT id,industry_code,industry_name,created_at,updated_at,created_by,created_by_name,updated_by,updated_by_name FROM base_industry_tb ORDER BY updated_at DESC,id DESC LIMIT ?
[2026-09-21 13:17:24.010] [gas-forecast] [] [] [c.g.f.d.m.B.selectList] [http-nio-8080-exec-2] [DEBUG] - ==>  Preparing: SELECT id,region_code,region_name,remark,created_by,created_at,updated_by,updated_at,updated_by_name,created_by_name FROM base_region_tb ORDER BY updated_at DESC,id DESC LIMIT ?
[2026-09-21 13:17:24.010] [gas-forecast] [] [] [c.g.f.d.m.B.selectList] [http-nio-8080-exec-10] [DEBUG] - ==> Parameters: 1000(Long)
[2026-09-21 13:17:24.010] [gas-forecast] [] [] [c.g.f.d.m.B.selectList] [http-nio-8080-exec-2] [DEBUG] - ==> Parameters: 1000(Long)
[2026-09-21 13:17:24.011] [gas-forecast] [] [] [c.g.f.d.m.B.selectList_mpCount] [http-nio-8080-exec-1] [DEBUG] - <==      Total: 1
[2026-09-21 13:17:24.011] [gas-forecast] [] [] [c.g.f.d.m.B.selectList] [http-nio-8080-exec-10] [DEBUG] - <==      Total: 4
[2026-09-21 13:17:24.011] [gas-forecast] [] [] [c.g.f.d.m.B.selectList] [http-nio-8080-exec-2] [DEBUG] - <==      Total: 8
[2026-09-21 13:17:24.011] [gas-forecast] [] [] [c.g.f.d.m.B.selectList] [http-nio-8080-exec-1] [DEBUG] - ==>  Preparing: SELECT id,customer_code,customer_name,industry_code,industry_name,region_code,region_name,created_at,updated_at,created_by,created_by_name,updated_by,updated_by_name,raw_region_name,raw_industry_name FROM base_customer_tb ORDER BY updated_at DESC,id DESC LIMIT ?
[2026-09-21 13:17:24.011] [gas-forecast] [] [] [c.g.f.d.m.B.selectList] [http-nio-8080-exec-1] [DEBUG] - ==> Parameters: 5000(Long)
[2026-09-21 13:17:24.012] [gas-forecast] [] [] [c.g.f.d.m.B.selectList] [http-nio-8080-exec-1] [DEBUG] - <==      Total: 21
[2026-09-21 13:18:18.255] [gas-forecast] [] [] [c.g.f.d.m.M.selectList_mpCount] [http-nio-8080-exec-9] [DEBUG] - ==>  Preparing: SELECT COUNT(*) AS total FROM model_forecast_config_tb
[2026-09-21 13:18:18.255] [gas-forecast] [] [] [c.g.f.d.m.M.selectList_mpCount] [http-nio-8080-exec-9] [DEBUG] - ==> Parameters: 
[2026-09-21 13:20:20.971] [gas-forecast] [] [] [c.g.f.d.m.M.selectList_mpCount] [http-nio-8080-exec-2] [DEBUG] - ==>  Preparing: SELECT COUNT(*) AS total FROM model_forecast_config_tb
[2026-09-21 13:20:20.982] [gas-forecast] [] [] [c.g.f.d.m.M.selectList_mpCount] [http-nio-8080-exec-2] [DEBUG] - ==> Parameters: 
[2026-09-21 13:20:20.999] [gas-forecast] [] [] [c.g.f.d.m.SysUserTbMapper.selectList] [http-nio-8080-exec-1] [DEBUG] - ==>  Preparing: SELECT id,username,real_name,password_hash,password_salt,avatar,email,phone,org_code,status,deleted,created_at,updated_at FROM sys_user_tb WHERE (username = ? AND deleted = ?)
[2026-09-21 13:20:21.000] [gas-forecast] [] [] [c.g.f.d.m.SysUserTbMapper.selectList] [http-nio-8080-exec-1] [DEBUG] - ==> Parameters: admin(String), 0(Integer)
[2026-09-21 13:20:21.014] [gas-forecast] [] [] [c.g.f.d.m.SysUserTbMapper.selectList] [http-nio-8080-exec-1] [DEBUG] - <==      Total: 1
[2026-09-21 13:20:21.017] [gas-forecast] [] [] [c.g.f.d.m.S.selectRoleCodesByUsername] [http-nio-8080-exec-1] [DEBUG] - ==>  Preparing: select r.role_code from sys_user_tb u join sys_user_role_ref ur on ur.user_id = u.id join sys_role_tb r on r.id = ur.role_id where u.username = ? order by r.role_code
[2026-09-21 13:20:21.017] [gas-forecast] [] [] [c.g.f.d.m.S.selectRoleCodesByUsername] [http-nio-8080-exec-1] [DEBUG] - ==> Parameters: admin(String)
[2026-09-21 13:20:21.020] [gas-forecast] [] [] [c.g.f.d.m.S.selectRoleCodesByUsername] [http-nio-8080-exec-1] [DEBUG] - <==      Total: 1
[2026-09-21 13:20:21.020] [gas-forecast] [] [] [c.g.f.d.m.S.selectByUsername] [http-nio-8080-exec-1] [DEBUG] - ==>  Preparing: select distinct p.* from sys_permission_tb p where p.status = 1 and ( exists ( select 1 from sys_user_tb u join sys_user_role_ref ur on ur.user_id = u.id join sys_role_permission_ref rp on rp.role_id = ur.role_id where rp.permission_id = p.id and u.username = ? and u.deleted = 0 ) or exists ( select 1 from sys_user_tb u join sys_user_department_ref ud on ud.user_id = u.id join sys_department_permission_ref dp on dp.department_id = ud.department_id where dp.permission_id = p.id and u.username = ? and u.deleted = 0 ) ) order by p.sort_no, p.id
[2026-09-21 13:20:21.020] [gas-forecast] [] [] [c.g.f.d.m.S.selectByUsername] [http-nio-8080-exec-1] [DEBUG] - ==> Parameters: admin(String), admin(String)
[2026-09-21 13:20:21.029] [gas-forecast] [] [] [c.g.f.d.m.S.selectByUsername] [http-nio-8080-exec-1] [DEBUG] - <==      Total: 57
[2026-09-21 13:20:21.671] [gas-forecast] [] [] [c.g.f.d.m.S.selectByUsername] [http-nio-8080-exec-7] [DEBUG] - ==>  Preparing: select distinct p.* from sys_permission_tb p where p.status = 1 and ( exists ( select 1 from sys_user_tb u join sys_user_role_ref ur on ur.user_id = u.id join sys_role_permission_ref rp on rp.role_id = ur.role_id where rp.permission_id = p.id and u.username = ? and u.deleted = 0 ) or exists ( select 1 from sys_user_tb u join sys_user_department_ref ud on ud.user_id = u.id join sys_department_permission_ref dp on dp.department_id = ud.department_id where dp.permission_id = p.id and u.username = ? and u.deleted = 0 ) ) order by p.sort_no, p.id
[2026-09-21 13:20:21.671] [gas-forecast] [] [] [c.g.f.d.m.S.selectByUsername] [http-nio-8080-exec-3] [DEBUG] - ==>  Preparing: select distinct p.* from sys_permission_tb p where p.status = 1 and ( exists ( select 1 from sys_user_tb u join sys_user_role_ref ur on ur.user_id = u.id join sys_role_permission_ref rp on rp.role_id = ur.role_id where rp.permission_id = p.id and u.username = ? and u.deleted = 0 ) or exists ( select 1 from sys_user_tb u join sys_user_department_ref ud on ud.user_id = u.id join sys_department_permission_ref dp on dp.department_id = ud.department_id where dp.permission_id = p.id and u.username = ? and u.deleted = 0 ) ) order by p.sort_no, p.id
[2026-09-21 13:20:21.672] [gas-forecast] [] [] [c.g.f.d.m.S.selectByUsername] [http-nio-8080-exec-4] [DEBUG] - ==>  Preparing: select distinct p.* from sys_permission_tb p where p.status = 1 and ( exists ( select 1 from sys_user_tb u join sys_user_role_ref ur on ur.user_id = u.id join sys_role_permission_ref rp on rp.role_id = ur.role_id where rp.permission_id = p.id and u.username = ? and u.deleted = 0 ) or exists ( select 1 from sys_user_tb u join sys_user_department_ref ud on ud.user_id = u.id join sys_department_permission_ref dp on dp.department_id = ud.department_id where dp.permission_id = p.id and u.username = ? and u.deleted = 0 ) ) order by p.sort_no, p.id
[2026-09-21 13:20:21.672] [gas-forecast] [] [] [c.g.f.d.m.S.selectByUsername] [http-nio-8080-exec-7] [DEBUG] - ==> Parameters: admin(String), admin(String)
[2026-09-21 13:20:21.672] [gas-forecast] [] [] [c.g.f.d.m.S.selectByUsername] [http-nio-8080-exec-3] [DEBUG] - ==> Parameters: admin(String), admin(String)
[2026-09-21 13:20:21.672] [gas-forecast] [] [] [c.g.f.d.m.S.selectByUsername] [http-nio-8080-exec-4] [DEBUG] - ==> Parameters: admin(String), admin(String)
[2026-09-21 13:20:21.677] [gas-forecast] [] [] [c.g.f.d.m.S.selectByUsername] [http-nio-8080-exec-4] [DEBUG] - <==      Total: 57
[2026-09-21 13:20:21.677] [gas-forecast] [] [] [c.g.f.d.m.S.selectByUsername] [http-nio-8080-exec-3] [DEBUG] - <==      Total: 57
[2026-09-21 13:20:21.677] [gas-forecast] [] [] [c.g.f.d.m.S.selectByUsername] [http-nio-8080-exec-7] [DEBUG] - <==      Total: 57
[2026-09-21 13:20:21.678] [gas-forecast] [] [] [c.g.f.d.m.M.selectList] [http-nio-8080-exec-6] [DEBUG] - ==>  Preparing: SELECT id,batch_no,agent_code,region_code,region_name,industry_code,industry_name,customer_code,customer_name,train_start_date,train_end_date,status,best_model,mape,wmape,smape,rmse,mae,r2,train_duration_seconds,model_version,error_message,created_at,updated_at FROM model_train_detail_tb WHERE (agent_code = ?) ORDER BY updated_at DESC,id DESC limit 20
[2026-09-21 13:20:21.678] [gas-forecast] [] [] [c.g.f.d.m.M.selectList] [http-nio-8080-exec-6] [DEBUG] - ==> Parameters: winter-supply(String)
[2026-09-21 13:20:21.681] [gas-forecast] [] [] [c.g.f.d.m.M.selectList] [http-nio-8080-exec-6] [DEBUG] - <==      Total: 6
[2026-09-21 13:20:21.712] [gas-forecast] [] [] [c.g.f.d.m.B.selectList_mpCount] [http-nio-8080-exec-7] [DEBUG] - ==>  Preparing: SELECT COUNT(*) AS total FROM base_region_tb
[2026-09-21 13:20:21.713] [gas-forecast] [] [] [c.g.f.d.m.B.selectList_mpCount] [http-nio-8080-exec-7] [DEBUG] - ==> Parameters: 
[2026-09-21 13:20:21.713] [gas-forecast] [] [] [c.g.f.d.m.B.selectList_mpCount] [http-nio-8080-exec-3] [DEBUG] - ==>  Preparing: SELECT COUNT(*) AS total FROM base_industry_tb
[2026-09-21 13:20:21.713] [gas-forecast] [] [] [c.g.f.d.m.B.selectList_mpCount] [http-nio-8080-exec-3] [DEBUG] - ==> Parameters: 
[2026-09-21 13:20:21.714] [gas-forecast] [] [] [c.g.f.d.m.B.selectList_mpCount] [http-nio-8080-exec-4] [DEBUG] - ==>  Preparing: SELECT COUNT(*) AS total FROM base_customer_tb
[2026-09-21 13:20:21.714] [gas-forecast] [] [] [c.g.f.d.m.B.selectList_mpCount] [http-nio-8080-exec-4] [DEBUG] - ==> Parameters: 
[2026-09-21 13:20:21.714] [gas-forecast] [] [] [c.g.f.d.m.B.selectList_mpCount] [http-nio-8080-exec-7] [DEBUG] - <==      Total: 1
[2026-09-21 13:20:21.714] [gas-forecast] [] [] [c.g.f.d.m.B.selectList_mpCount] [http-nio-8080-exec-3] [DEBUG] - <==      Total: 1
[2026-09-21 13:20:21.715] [gas-forecast] [] [] [c.g.f.d.m.B.selectList_mpCount] [http-nio-8080-exec-4] [DEBUG] - <==      Total: 1
[2026-09-21 13:20:21.716] [gas-forecast] [] [] [c.g.f.d.m.B.selectList] [http-nio-8080-exec-7] [DEBUG] - ==>  Preparing: SELECT id,region_code,region_name,remark,created_by,created_at,updated_by,updated_at,updated_by_name,created_by_name FROM base_region_tb ORDER BY updated_at DESC,id DESC LIMIT ?
[2026-09-21 13:20:21.716] [gas-forecast] [] [] [c.g.f.d.m.B.selectList] [http-nio-8080-exec-3] [DEBUG] - ==>  Preparing: SELECT id,industry_code,industry_name,created_at,updated_at,created_by,created_by_name,updated_by,updated_by_name FROM base_industry_tb ORDER BY updated_at DESC,id DESC LIMIT ?
[2026-09-21 13:20:21.716] [gas-forecast] [] [] [c.g.f.d.m.B.selectList] [http-nio-8080-exec-4] [DEBUG] - ==>  Preparing: SELECT id,customer_code,customer_name,industry_code,industry_name,region_code,region_name,created_at,updated_at,created_by,created_by_name,updated_by,updated_by_name,raw_region_name,raw_industry_name FROM base_customer_tb ORDER BY updated_at DESC,id DESC LIMIT ?
[2026-09-21 13:20:21.717] [gas-forecast] [] [] [c.g.f.d.m.M.selectList_mpCount] [http-nio-8080-exec-5] [DEBUG] - ==>  Preparing: SELECT COUNT(*) AS total FROM model_train_config_tb WHERE (agent_code = ?)
[2026-09-21 13:20:21.717] [gas-forecast] [] [] [c.g.f.d.m.B.selectList] [http-nio-8080-exec-7] [DEBUG] - ==> Parameters: 1000(Long)
[2026-09-21 13:20:21.717] [gas-forecast] [] [] [c.g.f.d.m.B.selectList] [http-nio-8080-exec-3] [DEBUG] - ==> Parameters: 1000(Long)
[2026-09-21 13:20:21.717] [gas-forecast] [] [] [c.g.f.d.m.B.selectList] [http-nio-8080-exec-4] [DEBUG] - ==> Parameters: 5000(Long)
[2026-09-21 13:20:21.717] [gas-forecast] [] [] [c.g.f.d.m.M.selectList_mpCount] [http-nio-8080-exec-5] [DEBUG] - ==> Parameters: winter-supply(String)
[2026-09-21 13:20:21.718] [gas-forecast] [] [] [c.g.f.d.m.M.selectList_mpCount] [http-nio-8080-exec-5] [DEBUG] - <==      Total: 1
[2026-09-21 13:20:21.718] [gas-forecast] [] [] [c.g.f.d.m.B.selectList] [http-nio-8080-exec-3] [DEBUG] - <==      Total: 4
[2026-09-21 13:20:21.718] [gas-forecast] [] [] [c.g.f.d.m.M.selectList] [http-nio-8080-exec-5] [DEBUG] - ==>  Preparing: SELECT id,train_code,train_name,agent_code,model_id,model_code,model_name,scope_type,region_code,region_name,industry_code,industry_name,customer_code,customer_name,train_start_date,train_end_date,train_mode,time_granularity,recent_periods,enabled,remark,created_by,created_by_name,created_at,updated_at FROM model_train_config_tb WHERE (agent_code = ?) ORDER BY updated_at DESC,id DESC LIMIT ?
[2026-09-21 13:20:21.718] [gas-forecast] [] [] [c.g.f.d.m.B.selectList] [http-nio-8080-exec-7] [DEBUG] - <==      Total: 8
[2026-09-21 13:20:21.718] [gas-forecast] [] [] [c.g.f.d.m.M.selectList] [http-nio-8080-exec-5] [DEBUG] - ==> Parameters: winter-supply(String), 1000(Long)
[2026-09-21 13:20:21.719] [gas-forecast] [] [] [c.g.f.d.m.B.selectList] [http-nio-8080-exec-4] [DEBUG] - <==      Total: 21
[2026-09-21 13:20:21.719] [gas-forecast] [] [] [c.g.f.d.m.M.selectList] [http-nio-8080-exec-5] [DEBUG] - <==      Total: 1
[2026-09-21 13:29:27.260] [gas-forecast] [] [] [c.g.f.d.m.M.selectList_mpCount] [http-nio-8080-exec-8] [DEBUG] - ==>  Preparing: SELECT COUNT(*) AS total FROM model_forecast_config_tb
[2026-09-21 13:29:27.260] [gas-forecast] [] [] [c.g.f.d.m.M.selectList_mpCount] [http-nio-8080-exec-8] [DEBUG] - ==> Parameters: 
[2026-09-21 13:30:55.222] [gas-forecast] [] [] [c.g.f.d.m.SysUserTbMapper.selectList] [http-nio-8080-exec-9] [DEBUG] - ==>  Preparing: SELECT id,username,real_name,password_hash,password_salt,avatar,email,phone,org_code,status,deleted,created_at,updated_at FROM sys_user_tb WHERE (username = ? AND deleted = ?)
[2026-09-21 13:30:55.222] [gas-forecast] [] [] [c.g.f.d.m.SysUserTbMapper.selectList] [http-nio-8080-exec-9] [DEBUG] - ==> Parameters: admin(String), 0(Integer)
[2026-09-21 13:30:55.230] [gas-forecast] [] [] [c.g.f.d.m.SysUserTbMapper.selectList] [http-nio-8080-exec-9] [DEBUG] - <==      Total: 1
[2026-09-21 13:30:55.230] [gas-forecast] [] [] [c.g.f.d.m.S.selectRoleCodesByUsername] [http-nio-8080-exec-9] [DEBUG] - ==>  Preparing: select r.role_code from sys_user_tb u join sys_user_role_ref ur on ur.user_id = u.id join sys_role_tb r on r.id = ur.role_id where u.username = ? order by r.role_code
[2026-09-21 13:30:55.230] [gas-forecast] [] [] [c.g.f.d.m.S.selectRoleCodesByUsername] [http-nio-8080-exec-9] [DEBUG] - ==> Parameters: admin(String)
[2026-09-21 13:30:55.233] [gas-forecast] [] [] [c.g.f.d.m.S.selectRoleCodesByUsername] [http-nio-8080-exec-9] [DEBUG] - <==      Total: 1
[2026-09-21 13:30:55.233] [gas-forecast] [] [] [c.g.f.d.m.S.selectByUsername] [http-nio-8080-exec-9] [DEBUG] - ==>  Preparing: select distinct p.* from sys_permission_tb p where p.status = 1 and ( exists ( select 1 from sys_user_tb u join sys_user_role_ref ur on ur.user_id = u.id join sys_role_permission_ref rp on rp.role_id = ur.role_id where rp.permission_id = p.id and u.username = ? and u.deleted = 0 ) or exists ( select 1 from sys_user_tb u join sys_user_department_ref ud on ud.user_id = u.id join sys_department_permission_ref dp on dp.department_id = ud.department_id where dp.permission_id = p.id and u.username = ? and u.deleted = 0 ) ) order by p.sort_no, p.id
[2026-09-21 13:30:55.233] [gas-forecast] [] [] [c.g.f.d.m.S.selectByUsername] [http-nio-8080-exec-9] [DEBUG] - ==> Parameters: admin(String), admin(String)
[2026-09-21 13:30:55.235] [gas-forecast] [] [] [c.g.f.d.m.M.selectList_mpCount] [http-nio-8080-exec-10] [DEBUG] - ==>  Preparing: SELECT COUNT(*) AS total FROM model_forecast_config_tb
[2026-09-21 13:30:55.235] [gas-forecast] [] [] [c.g.f.d.m.M.selectList_mpCount] [http-nio-8080-exec-10] [DEBUG] - ==> Parameters: 
[2026-09-21 13:30:55.236] [gas-forecast] [] [] [c.g.f.d.m.S.selectByUsername] [http-nio-8080-exec-9] [DEBUG] - <==      Total: 57
[2026-09-21 13:30:56.081] [gas-forecast] [] [] [c.g.f.d.m.M.selectList_mpCount] [http-nio-8080-exec-1] [DEBUG] - ==>  Preparing: SELECT COUNT(*) AS total FROM model_train_config_tb
[2026-09-21 13:30:56.081] [gas-forecast] [] [] [c.g.f.d.m.M.selectList_mpCount] [http-nio-8080-exec-1] [DEBUG] - ==> Parameters: 
[2026-09-21 13:30:56.083] [gas-forecast] [] [] [c.g.f.d.m.M.selectList_mpCount] [http-nio-8080-exec-1] [DEBUG] - <==      Total: 1
[2026-09-21 13:30:56.083] [gas-forecast] [] [] [c.g.f.d.m.M.selectList] [http-nio-8080-exec-1] [DEBUG] - ==>  Preparing: SELECT id,train_code,train_name,agent_code,model_id,model_code,model_name,scope_type,region_code,region_name,industry_code,industry_name,customer_code,customer_name,train_start_date,train_end_date,train_mode,time_granularity,recent_periods,enabled,remark,created_by,created_by_name,created_at,updated_at FROM model_train_config_tb ORDER BY updated_at DESC,id DESC LIMIT ?
[2026-09-21 13:30:56.083] [gas-forecast] [] [] [c.g.f.d.m.M.selectList] [http-nio-8080-exec-1] [DEBUG] - ==> Parameters: 1000(Long)
[2026-09-21 13:30:56.084] [gas-forecast] [] [] [c.g.f.d.m.M.selectList] [http-nio-8080-exec-1] [DEBUG] - <==      Total: 2
[2026-09-21 13:32:33.001] [gas-forecast] [] [] [c.g.f.d.m.M.selectList_mpCount] [http-nio-8080-exec-3] [DEBUG] - ==>  Preparing: SELECT COUNT(*) AS total FROM model_forecast_config_tb
[2026-09-21 13:32:33.001] [gas-forecast] [] [] [c.g.f.d.m.M.selectList_mpCount] [http-nio-8080-exec-3] [DEBUG] - ==> Parameters: 
[2026-09-21 13:33:22.319] [gas-forecast] [] [] [c.g.f.d.m.M.selectList_mpCount] [http-nio-8080-exec-7] [DEBUG] - ==>  Preparing: SELECT COUNT(*) AS total FROM model_train_config_tb
[2026-09-21 13:33:22.319] [gas-forecast] [] [] [c.g.f.d.m.M.selectList_mpCount] [http-nio-8080-exec-7] [DEBUG] - ==> Parameters: 
[2026-09-21 13:33:22.324] [gas-forecast] [] [] [c.g.f.d.m.M.selectList_mpCount] [http-nio-8080-exec-7] [DEBUG] - <==      Total: 1
[2026-09-21 13:33:22.325] [gas-forecast] [] [] [c.g.f.d.m.M.selectList] [http-nio-8080-exec-7] [DEBUG] - ==>  Preparing: SELECT id,train_code,train_name,agent_code,model_id,model_code,model_name,scope_type,region_code,region_name,industry_code,industry_name,customer_code,customer_name,train_start_date,train_end_date,train_mode,time_granularity,recent_periods,enabled,remark,created_by,created_by_name,created_at,updated_at FROM model_train_config_tb ORDER BY updated_at DESC,id DESC LIMIT ?
[2026-09-21 13:33:22.325] [gas-forecast] [] [] [c.g.f.d.m.M.selectList] [http-nio-8080-exec-7] [DEBUG] - ==> Parameters: 1000(Long)
[2026-09-21 13:33:22.326] [gas-forecast] [] [] [c.g.f.d.m.M.selectList] [http-nio-8080-exec-7] [DEBUG] - <==      Total: 2
[2026-09-21 13:33:50.327] [gas-forecast] [] [] [c.g.f.d.m.M.selectList] [http-nio-8080-exec-4] [DEBUG] - ==>  Preparing: SELECT id,train_code,train_name,agent_code,model_id,model_code,model_name,scope_type,region_code,region_name,industry_code,industry_name,customer_code,customer_name,train_start_date,train_end_date,train_mode,time_granularity,recent_periods,enabled,remark,created_by,created_by_name,created_at,updated_at FROM model_train_config_tb WHERE (train_code = ?) limit 1
[2026-09-21 13:33:50.327] [gas-forecast] [] [] [c.g.f.d.m.M.selectList] [http-nio-8080-exec-4] [DEBUG] - ==> Parameters: TRCFG-00002(String)
[2026-09-21 13:33:50.328] [gas-forecast] [] [] [c.g.f.d.m.M.selectList] [http-nio-8080-exec-4] [DEBUG] - <==      Total: 1
[2026-09-21 13:33:50.329] [gas-forecast] [] [] [c.g.f.d.m.S.selectForUpdate] [http-nio-8080-exec-4] [DEBUG] - ==>  Preparing: select code_type, current_value, updated_at from sys_code_sequence_tb where code_type = ? for update
[2026-09-21 13:33:50.329] [gas-forecast] [] [] [c.g.f.d.m.S.selectForUpdate] [http-nio-8080-exec-4] [DEBUG] - ==> Parameters: FCCFG-(String)
[2026-09-21 13:33:50.330] [gas-forecast] [] [] [c.g.f.d.m.S.selectForUpdate] [http-nio-8080-exec-4] [DEBUG] - <==      Total: 1
[2026-09-21 13:33:50.331] [gas-forecast] [] [] [c.g.f.d.m.S.updateById] [http-nio-8080-exec-4] [DEBUG] - ==>  Preparing: UPDATE sys_code_sequence_tb SET current_value=?, updated_at=? WHERE code_type=?
[2026-09-21 13:33:50.331] [gas-forecast] [] [] [c.g.f.d.m.S.updateById] [http-nio-8080-exec-4] [DEBUG] - ==> Parameters: 1(Long), 2026-09-21 13:33:50.33(Timestamp), FCCFG-(String)
[2026-09-21 13:33:50.334] [gas-forecast] [] [] [c.g.f.d.m.S.updateById] [http-nio-8080-exec-4] [DEBUG] - <==    Updates: 1
[2026-09-21 13:33:50.336] [gas-forecast] [] [] [c.g.f.d.m.M.insert] [http-nio-8080-exec-4] [DEBUG] - ==>  Preparing: INSERT INTO model_forecast_config_tb ( config_code, config_name, agent_code, scope_type, region_code, region_name, industry_code, industry_name, customer_code, customer_name, forecast_start_date, forecast_horizon, forecast_frequency, auto_forecast, train_config_code, model_batch_no, weather_source, enabled, remark, created_by, created_by_name, created_at, updated_at ) VALUES ( ?, ?, ?, ?, ?, ?, ?, ?, ?, ?, ?, ?, ?, ?, ?, ?, ?, ?, ?, ?, ?, ?, ? )
[2026-09-21 13:33:50.336] [gas-forecast] [] [] [c.g.f.d.m.M.insert] [http-nio-8080-exec-4] [DEBUG] - ==> Parameters: FCCFG-00001(String), 测序江苏预测(String), short-term(String), REGION(String), REG000012(String), 江苏(String), (String), (String), (String), (String), 2026-09-05(String), 30(Integer), DAILY(String), 0(Integer), TRCFG-00002(String), (String), api(String), 1(Integer), (String), system(String), 系统(String), 2026-09-21 13:33:50.328(Timestamp), 2026-09-21 13:33:50.328(Timestamp)
[2026-09-21 13:39:54.646] [gas-forecast] [] [] [c.g.f.d.m.SysUserTbMapper.selectList] [http-nio-8080-exec-8] [DEBUG] - ==>  Preparing: SELECT id,username,real_name,password_hash,password_salt,avatar,email,phone,org_code,status,deleted,created_at,updated_at FROM sys_user_tb WHERE (username = ? AND deleted = ?)
[2026-09-21 13:39:54.646] [gas-forecast] [] [] [c.g.f.d.m.SysUserTbMapper.selectList] [http-nio-8080-exec-8] [DEBUG] - ==> Parameters: admin(String), 0(Integer)
[2026-09-21 13:39:54.660] [gas-forecast] [] [] [c.g.f.d.m.SysUserTbMapper.selectList] [http-nio-8080-exec-8] [DEBUG] - <==      Total: 1
[2026-09-21 13:39:54.660] [gas-forecast] [] [] [c.g.f.d.m.S.selectRoleCodesByUsername] [http-nio-8080-exec-8] [DEBUG] - ==>  Preparing: select r.role_code from sys_user_tb u join sys_user_role_ref ur on ur.user_id = u.id join sys_role_tb r on r.id = ur.role_id where u.username = ? order by r.role_code
[2026-09-21 13:39:54.660] [gas-forecast] [] [] [c.g.f.d.m.S.selectRoleCodesByUsername] [http-nio-8080-exec-8] [DEBUG] - ==> Parameters: admin(String)
[2026-09-21 13:39:54.661] [gas-forecast] [] [] [c.g.f.d.m.S.selectRoleCodesByUsername] [http-nio-8080-exec-8] [DEBUG] - <==      Total: 1
[2026-09-21 13:39:54.661] [gas-forecast] [] [] [c.g.f.d.m.S.selectByUsername] [http-nio-8080-exec-8] [DEBUG] - ==>  Preparing: select distinct p.* from sys_permission_tb p where p.status = 1 and ( exists ( select 1 from sys_user_tb u join sys_user_role_ref ur on ur.user_id = u.id join sys_role_permission_ref rp on rp.role_id = ur.role_id where rp.permission_id = p.id and u.username = ? and u.deleted = 0 ) or exists ( select 1 from sys_user_tb u join sys_user_department_ref ud on ud.user_id = u.id join sys_department_permission_ref dp on dp.department_id = ud.department_id where dp.permission_id = p.id and u.username = ? and u.deleted = 0 ) ) order by p.sort_no, p.id
[2026-09-21 13:39:54.661] [gas-forecast] [] [] [c.g.f.d.m.S.selectByUsername] [http-nio-8080-exec-8] [DEBUG] - ==> Parameters: admin(String), admin(String)
[2026-09-21 13:39:54.664] [gas-forecast] [] [] [c.g.f.d.m.S.selectByUsername] [http-nio-8080-exec-8] [DEBUG] - <==      Total: 57
[2026-09-21 13:39:54.669] [gas-forecast] [] [] [c.g.f.d.m.M.selectList_mpCount] [http-nio-8080-exec-10] [DEBUG] - ==>  Preparing: SELECT COUNT(*) AS total FROM model_forecast_config_tb
[2026-09-21 13:39:54.669] [gas-forecast] [] [] [c.g.f.d.m.M.selectList_mpCount] [http-nio-8080-exec-10] [DEBUG] - ==> Parameters: 
[2026-09-21 13:39:54.671] [gas-forecast] [] [] [c.g.f.d.m.M.selectList_mpCount] [http-nio-8080-exec-10] [DEBUG] - <==      Total: 1
[2026-09-21 13:39:57.684] [gas-forecast] [] [] [c.g.f.d.m.M.selectList_mpCount] [http-nio-8080-exec-9] [DEBUG] - ==>  Preparing: SELECT COUNT(*) AS total FROM model_train_config_tb
[2026-09-21 13:39:57.684] [gas-forecast] [] [] [c.g.f.d.m.M.selectList_mpCount] [http-nio-8080-exec-9] [DEBUG] - ==> Parameters: 
[2026-09-21 13:39:57.685] [gas-forecast] [] [] [c.g.f.d.m.M.selectList_mpCount] [http-nio-8080-exec-9] [DEBUG] - <==      Total: 1
[2026-09-21 13:39:57.685] [gas-forecast] [] [] [c.g.f.d.m.M.selectList] [http-nio-8080-exec-9] [DEBUG] - ==>  Preparing: SELECT id,train_code,train_name,agent_code,model_id,model_code,model_name,scope_type,region_code,region_name,industry_code,industry_name,customer_code,customer_name,train_start_date,train_end_date,train_mode,time_granularity,recent_periods,enabled,remark,created_by,created_by_name,created_at,updated_at FROM model_train_config_tb ORDER BY updated_at DESC,id DESC LIMIT ?
[2026-09-21 13:39:57.686] [gas-forecast] [] [] [c.g.f.d.m.M.selectList] [http-nio-8080-exec-9] [DEBUG] - ==> Parameters: 1000(Long)
[2026-09-21 13:39:57.686] [gas-forecast] [] [] [c.g.f.d.m.M.selectList] [http-nio-8080-exec-9] [DEBUG] - <==      Total: 2
[2026-09-21 13:40:21.780] [gas-forecast] [] [] [c.g.f.d.m.M.selectList] [http-nio-8080-exec-1] [DEBUG] - ==>  Preparing: SELECT id,train_code,train_name,agent_code,model_id,model_code,model_name,scope_type,region_code,region_name,industry_code,industry_name,customer_code,customer_name,train_start_date,train_end_date,train_mode,time_granularity,recent_periods,enabled,remark,created_by,created_by_name,created_at,updated_at FROM model_train_config_tb WHERE (train_code = ?) limit 1
[2026-09-21 13:40:21.780] [gas-forecast] [] [] [c.g.f.d.m.M.selectList] [http-nio-8080-exec-1] [DEBUG] - ==> Parameters: TRCFG-00002(String)
[2026-09-21 13:40:21.781] [gas-forecast] [] [] [c.g.f.d.m.M.selectList] [http-nio-8080-exec-1] [DEBUG] - <==      Total: 1
[2026-09-21 13:40:21.781] [gas-forecast] [] [] [c.g.f.d.m.S.selectForUpdate] [http-nio-8080-exec-1] [DEBUG] - ==>  Preparing: select code_type, current_value, updated_at from sys_code_sequence_tb where code_type = ? for update
[2026-09-21 13:40:21.781] [gas-forecast] [] [] [c.g.f.d.m.S.selectForUpdate] [http-nio-8080-exec-1] [DEBUG] - ==> Parameters: FCCFG-(String)
[2026-09-21 13:40:21.782] [gas-forecast] [] [] [c.g.f.d.m.S.selectForUpdate] [http-nio-8080-exec-1] [DEBUG] - <==      Total: 1
[2026-09-21 13:40:21.783] [gas-forecast] [] [] [c.g.f.d.m.S.updateById] [http-nio-8080-exec-1] [DEBUG] - ==>  Preparing: UPDATE sys_code_sequence_tb SET current_value=?, updated_at=? WHERE code_type=?
[2026-09-21 13:40:21.783] [gas-forecast] [] [] [c.g.f.d.m.S.updateById] [http-nio-8080-exec-1] [DEBUG] - ==> Parameters: 1(Long), 2026-09-21 13:40:21.783(Timestamp), FCCFG-(String)
[2026-09-21 13:40:21.785] [gas-forecast] [] [] [c.g.f.d.m.S.updateById] [http-nio-8080-exec-1] [DEBUG] - <==    Updates: 1
[2026-09-21 13:40:21.785] [gas-forecast] [] [] [c.g.f.d.m.M.insert] [http-nio-8080-exec-1] [DEBUG] - ==>  Preparing: INSERT INTO model_forecast_config_tb ( config_code, config_name, agent_code, scope_type, region_code, region_name, industry_code, industry_name, customer_code, customer_name, forecast_start_date, forecast_horizon, forecast_frequency, auto_forecast, train_config_code, model_batch_no, weather_source, enabled, remark, created_by, created_by_name, created_at, updated_at ) VALUES ( ?, ?, ?, ?, ?, ?, ?, ?, ?, ?, ?, ?, ?, ?, ?, ?, ?, ?, ?, ?, ?, ?, ? )
[2026-09-21 13:40:21.785] [gas-forecast] [] [] [c.g.f.d.m.M.insert] [http-nio-8080-exec-1] [DEBUG] - ==> Parameters: FCCFG-00001(String), 测试江苏预测(String), short-term(String), REGION(String), REG000012(String), 江苏(String), (String), (String), (String), (String), 2026-09-07(String), 30(Integer), DAILY(String), 0(Integer), TRCFG-00002(String), (String), api(String), 1(Integer), (String), system(String), 系统(String), 2026-09-21 13:40:21.781(Timestamp), 2026-09-21 13:40:21.781(Timestamp)
[2026-09-21 13:40:21.786] [gas-forecast] [] [] [c.g.f.d.m.M.insert] [http-nio-8080-exec-1] [DEBUG] - <==    Updates: 1
[2026-09-21 13:40:21.787] [gas-forecast] [] [] [c.g.f.d.m.M.selectById] [http-nio-8080-exec-1] [DEBUG] - ==>  Preparing: SELECT id,config_code,config_name,agent_code,scope_type,region_code,region_name,industry_code,industry_name,customer_code,customer_name,forecast_start_date,forecast_horizon,forecast_frequency,auto_forecast,train_config_code,model_batch_no,weather_source,biz_config_json,enabled,remark,created_by,created_by_name,created_at,updated_at FROM model_forecast_config_tb WHERE id=?
[2026-09-21 13:40:21.787] [gas-forecast] [] [] [c.g.f.d.m.M.selectById] [http-nio-8080-exec-1] [DEBUG] - ==> Parameters: 1(Long)
[2026-09-21 13:40:21.788] [gas-forecast] [] [] [c.g.f.d.m.M.selectById] [http-nio-8080-exec-1] [DEBUG] - <==      Total: 1
[2026-09-21 13:40:21.799] [gas-forecast] [] [] [c.g.f.d.m.M.selectList_mpCount] [http-nio-8080-exec-2] [DEBUG] - ==>  Preparing: SELECT COUNT(*) AS total FROM model_forecast_config_tb
[2026-09-21 13:40:21.799] [gas-forecast] [] [] [c.g.f.d.m.M.selectList_mpCount] [http-nio-8080-exec-2] [DEBUG] - ==> Parameters: 
[2026-09-21 13:40:21.800] [gas-forecast] [] [] [c.g.f.d.m.M.selectList_mpCount] [http-nio-8080-exec-2] [DEBUG] - <==      Total: 1
[2026-09-21 13:40:21.800] [gas-forecast] [] [] [c.g.f.d.m.M.selectList] [http-nio-8080-exec-2] [DEBUG] - ==>  Preparing: SELECT id,config_code,config_name,agent_code,scope_type,region_code,region_name,industry_code,industry_name,customer_code,customer_name,forecast_start_date,forecast_horizon,forecast_frequency,auto_forecast,train_config_code,model_batch_no,weather_source,biz_config_json,enabled,remark,created_by,created_by_name,created_at,updated_at FROM model_forecast_config_tb ORDER BY updated_at DESC,id DESC LIMIT ?
[2026-09-21 13:40:21.800] [gas-forecast] [] [] [c.g.f.d.m.M.selectList] [http-nio-8080-exec-2] [DEBUG] - ==> Parameters: 10(Long)
[2026-09-21 13:40:21.801] [gas-forecast] [] [] [c.g.f.d.m.M.selectList] [http-nio-8080-exec-2] [DEBUG] - <==      Total: 1
[2026-09-21 14:41:09.362] [gas-forecast] [] [] [c.g.f.d.m.SysUserTbMapper.selectList] [http-nio-8080-exec-6] [DEBUG] - ==>  Preparing: SELECT id,username,real_name,password_hash,password_salt,avatar,email,phone,org_code,status,deleted,created_at,updated_at FROM sys_user_tb WHERE (username = ? AND deleted = ?)
[2026-09-21 14:41:09.362] [gas-forecast] [] [] [c.g.f.d.m.SysUserTbMapper.selectList] [http-nio-8080-exec-6] [DEBUG] - ==> Parameters: admin(String), 0(Integer)
[2026-09-21 14:41:09.368] [gas-forecast] [] [] [c.g.f.d.m.SysUserTbMapper.selectList] [http-nio-8080-exec-6] [DEBUG] - <==      Total: 1
[2026-09-21 14:41:09.369] [gas-forecast] [] [] [c.g.f.d.m.S.selectRoleCodesByUsername] [http-nio-8080-exec-6] [DEBUG] - ==>  Preparing: select r.role_code from sys_user_tb u join sys_user_role_ref ur on ur.user_id = u.id join sys_role_tb r on r.id = ur.role_id where u.username = ? order by r.role_code
[2026-09-21 14:41:09.369] [gas-forecast] [] [] [c.g.f.d.m.S.selectRoleCodesByUsername] [http-nio-8080-exec-6] [DEBUG] - ==> Parameters: admin(String)
[2026-09-21 14:41:09.371] [gas-forecast] [] [] [c.g.f.d.m.S.selectRoleCodesByUsername] [http-nio-8080-exec-6] [DEBUG] - <==      Total: 1
[2026-09-21 14:41:09.372] [gas-forecast] [] [] [c.g.f.d.m.S.selectByUsername] [http-nio-8080-exec-6] [DEBUG] - ==>  Preparing: select distinct p.* from sys_permission_tb p where p.status = 1 and ( exists ( select 1 from sys_user_tb u join sys_user_role_ref ur on ur.user_id = u.id join sys_role_permission_ref rp on rp.role_id = ur.role_id where rp.permission_id = p.id and u.username = ? and u.deleted = 0 ) or exists ( select 1 from sys_user_tb u join sys_user_department_ref ud on ud.user_id = u.id join sys_department_permission_ref dp on dp.department_id = ud.department_id where dp.permission_id = p.id and u.username = ? and u.deleted = 0 ) ) order by p.sort_no, p.id
[2026-09-21 14:41:09.372] [gas-forecast] [] [] [c.g.f.d.m.S.selectByUsername] [http-nio-8080-exec-6] [DEBUG] - ==> Parameters: admin(String), admin(String)
[2026-09-21 14:41:09.375] [gas-forecast] [] [] [c.g.f.d.m.S.selectByUsername] [http-nio-8080-exec-6] [DEBUG] - <==      Total: 57
[2026-09-21 14:41:09.379] [gas-forecast] [] [] [c.g.f.d.m.SysUserTbMapper.selectList] [http-nio-8080-exec-5] [DEBUG] - ==>  Preparing: SELECT id,username,real_name,password_hash,password_salt,avatar,email,phone,org_code,status,deleted,created_at,updated_at FROM sys_user_tb WHERE (username = ? AND deleted = ?)
[2026-09-21 14:41:09.379] [gas-forecast] [] [] [c.g.f.d.m.SysUserTbMapper.selectList] [http-nio-8080-exec-5] [DEBUG] - ==> Parameters: admin(String), 0(Integer)
[2026-09-21 14:41:09.379] [gas-forecast] [] [] [c.g.f.d.m.SysUserTbMapper.selectList] [http-nio-8080-exec-5] [DEBUG] - <==      Total: 1
[2026-09-21 14:41:09.380] [gas-forecast] [] [] [c.g.f.d.m.S.selectRoleCodesByUsername] [http-nio-8080-exec-5] [DEBUG] - ==>  Preparing: select r.role_code from sys_user_tb u join sys_user_role_ref ur on ur.user_id = u.id join sys_role_tb r on r.id = ur.role_id where u.username = ? order by r.role_code
[2026-09-21 14:41:09.380] [gas-forecast] [] [] [c.g.f.d.m.S.selectRoleCodesByUsername] [http-nio-8080-exec-5] [DEBUG] - ==> Parameters: admin(String)
[2026-09-21 14:41:09.380] [gas-forecast] [] [] [c.g.f.d.m.S.selectRoleCodesByUsername] [http-nio-8080-exec-5] [DEBUG] - <==      Total: 1
[2026-09-21 14:41:09.380] [gas-forecast] [] [] [c.g.f.d.m.S.selectByUsername] [http-nio-8080-exec-5] [DEBUG] - ==>  Preparing: select distinct p.* from sys_permission_tb p where p.status = 1 and ( exists ( select 1 from sys_user_tb u join sys_user_role_ref ur on ur.user_id = u.id join sys_role_permission_ref rp on rp.role_id = ur.role_id where rp.permission_id = p.id and u.username = ? and u.deleted = 0 ) or exists ( select 1 from sys_user_tb u join sys_user_department_ref ud on ud.user_id = u.id join sys_department_permission_ref dp on dp.department_id = ud.department_id where dp.permission_id = p.id and u.username = ? and u.deleted = 0 ) ) order by p.sort_no, p.id
[2026-09-21 14:41:09.380] [gas-forecast] [] [] [c.g.f.d.m.S.selectByUsername] [http-nio-8080-exec-5] [DEBUG] - ==> Parameters: admin(String), admin(String)
[2026-09-21 14:41:09.381] [gas-forecast] [] [] [c.g.f.d.m.S.selectByUsername] [http-nio-8080-exec-5] [DEBUG] - <==      Total: 57
[2026-09-21 14:41:09.402] [gas-forecast] [] [] [c.g.f.d.m.M.selectList_mpCount] [http-nio-8080-exec-3] [DEBUG] - ==>  Preparing: SELECT COUNT(*) AS total FROM model_forecast_config_tb
[2026-09-21 14:41:09.402] [gas-forecast] [] [] [c.g.f.d.m.M.selectList_mpCount] [http-nio-8080-exec-3] [DEBUG] - ==> Parameters: 
[2026-09-21 14:41:09.404] [gas-forecast] [] [] [c.g.f.d.m.M.selectList_mpCount] [http-nio-8080-exec-3] [DEBUG] - <==      Total: 1
[2026-09-21 14:41:09.405] [gas-forecast] [] [] [c.g.f.d.m.S.selectByUsername] [http-nio-8080-exec-7] [DEBUG] - ==>  Preparing: select distinct p.* from sys_permission_tb p where p.status = 1 and ( exists ( select 1 from sys_user_tb u join sys_user_role_ref ur on ur.user_id = u.id join sys_role_permission_ref rp on rp.role_id = ur.role_id where rp.permission_id = p.id and u.username = ? and u.deleted = 0 ) or exists ( select 1 from sys_user_tb u join sys_user_department_ref ud on ud.user_id = u.id join sys_department_permission_ref dp on dp.department_id = ud.department_id where dp.permission_id = p.id and u.username = ? and u.deleted = 0 ) ) order by p.sort_no, p.id
[2026-09-21 14:41:09.405] [gas-forecast] [] [] [c.g.f.d.m.M.selectList] [http-nio-8080-exec-3] [DEBUG] - ==>  Preparing: SELECT id,config_code,config_name,agent_code,scope_type,region_code,region_name,industry_code,industry_name,customer_code,customer_name,forecast_start_date,forecast_horizon,forecast_frequency,auto_forecast,train_config_code,model_batch_no,weather_source,biz_config_json,enabled,remark,created_by,created_by_name,created_at,updated_at FROM model_forecast_config_tb ORDER BY updated_at DESC,id DESC LIMIT ?
[2026-09-21 14:41:09.405] [gas-forecast] [] [] [c.g.f.d.m.S.selectByUsername] [http-nio-8080-exec-7] [DEBUG] - ==> Parameters: admin(String), admin(String)
[2026-09-21 14:41:09.405] [gas-forecast] [] [] [c.g.f.d.m.M.selectList] [http-nio-8080-exec-3] [DEBUG] - ==> Parameters: 10(Long)
[2026-09-21 14:41:09.406] [gas-forecast] [] [] [c.g.f.d.m.M.selectList] [http-nio-8080-exec-3] [DEBUG] - <==      Total: 1
[2026-09-21 14:41:09.407] [gas-forecast] [] [] [c.g.f.d.m.S.selectByUsername] [http-nio-8080-exec-7] [DEBUG] - <==      Total: 57
[2026-09-21 14:41:09.408] [gas-forecast] [] [] [c.g.f.d.m.SysRoleTbMapper.selectList] [http-nio-8080-exec-7] [DEBUG] - ==>  Preparing: SELECT id,role_code,role_name,description,created_at,updated_at FROM sys_role_tb ORDER BY id ASC
[2026-09-21 14:41:09.408] [gas-forecast] [] [] [c.g.f.d.m.SysRoleTbMapper.selectList] [http-nio-8080-exec-7] [DEBUG] - ==> Parameters: 
[2026-09-21 14:41:09.408] [gas-forecast] [] [] [c.g.f.d.m.SysRoleTbMapper.selectList] [http-nio-8080-exec-7] [DEBUG] - <==      Total: 1
[2026-09-21 14:41:09.409] [gas-forecast] [] [] [c.g.f.d.m.S.selectList] [http-nio-8080-exec-7] [DEBUG] - ==>  Preparing: SELECT id,parent_id,department_name,org_code,sort_no,status,created_at,updated_at FROM sys_department_tb ORDER BY sort_no ASC,id ASC
[2026-09-21 14:41:09.409] [gas-forecast] [] [] [c.g.f.d.m.S.selectList] [http-nio-8080-exec-7] [DEBUG] - ==> Parameters: 
[2026-09-21 14:41:09.410] [gas-forecast] [] [] [c.g.f.d.m.S.selectList] [http-nio-8080-exec-7] [DEBUG] - <==      Total: 7
[2026-09-21 14:41:09.411] [gas-forecast] [] [] [c.g.f.d.m.S.selectList] [http-nio-8080-exec-7] [DEBUG] - ==>  Preparing: SELECT id,parent_id,permission_name,path,component,permission_type,perms,button_code,icon,sort_no,hidden,status,created_at,updated_at FROM sys_permission_tb ORDER BY sort_no ASC,id ASC
[2026-09-21 14:41:09.411] [gas-forecast] [] [] [c.g.f.d.m.S.selectList] [http-nio-8080-exec-7] [DEBUG] - ==> Parameters: 
[2026-09-21 14:41:09.412] [gas-forecast] [] [] [c.g.f.d.m.S.selectList] [http-nio-8080-exec-7] [DEBUG] - <==      Total: 57
[2026-09-21 14:41:09.423] [gas-forecast] [] [] [c.g.f.d.m.S.selectByUsername] [http-nio-8080-exec-4] [DEBUG] - ==>  Preparing: select distinct p.* from sys_permission_tb p where p.status = 1 and ( exists ( select 1 from sys_user_tb u join sys_user_role_ref ur on ur.user_id = u.id join sys_role_permission_ref rp on rp.role_id = ur.role_id where rp.permission_id = p.id and u.username = ? and u.deleted = 0 ) or exists ( select 1 from sys_user_tb u join sys_user_department_ref ud on ud.user_id = u.id join sys_department_permission_ref dp on dp.department_id = ud.department_id where dp.permission_id = p.id and u.username = ? and u.deleted = 0 ) ) order by p.sort_no, p.id
[2026-09-21 14:41:09.424] [gas-forecast] [] [] [c.g.f.d.m.S.selectByUsername] [http-nio-8080-exec-4] [DEBUG] - ==> Parameters: admin(String), admin(String)
[2026-09-21 14:41:09.427] [gas-forecast] [] [] [c.g.f.d.m.S.selectByUsername] [http-nio-8080-exec-4] [DEBUG] - <==      Total: 57
[2026-09-21 14:41:09.428] [gas-forecast] [] [] [c.g.f.d.m.S.selectList] [http-nio-8080-exec-4] [DEBUG] - ==>  Preparing: SELECT id,parent_id,permission_name,path,component,permission_type,perms,button_code,icon,sort_no,hidden,status,created_at,updated_at FROM sys_permission_tb ORDER BY sort_no ASC,id ASC
[2026-09-21 14:41:09.429] [gas-forecast] [] [] [c.g.f.d.m.S.selectList] [http-nio-8080-exec-4] [DEBUG] - ==> Parameters: 
[2026-09-21 14:41:09.430] [gas-forecast] [] [] [c.g.f.d.m.S.selectList] [http-nio-8080-exec-4] [DEBUG] - <==      Total: 57
[2026-09-21 15:13:08.181] [gas-forecast] [] [] [c.g.f.d.m.SysUserTbMapper.selectList] [http-nio-8080-exec-8] [DEBUG] - ==>  Preparing: SELECT id,username,real_name,password_hash,password_salt,avatar,email,phone,org_code,status,deleted,created_at,updated_at FROM sys_user_tb WHERE (username = ? AND deleted = ?)
[2026-09-21 15:13:08.181] [gas-forecast] [] [] [c.g.f.d.m.SysUserTbMapper.selectList] [http-nio-8080-exec-8] [DEBUG] - ==> Parameters: admin(String), 0(Integer)
[2026-09-21 15:13:08.187] [gas-forecast] [] [] [c.g.f.d.m.SysUserTbMapper.selectList] [http-nio-8080-exec-8] [DEBUG] - <==      Total: 1
[2026-09-21 15:13:08.187] [gas-forecast] [] [] [c.g.f.d.m.S.selectRoleCodesByUsername] [http-nio-8080-exec-8] [DEBUG] - ==>  Preparing: select r.role_code from sys_user_tb u join sys_user_role_ref ur on ur.user_id = u.id join sys_role_tb r on r.id = ur.role_id where u.username = ? order by r.role_code
[2026-09-21 15:13:08.187] [gas-forecast] [] [] [c.g.f.d.m.S.selectRoleCodesByUsername] [http-nio-8080-exec-8] [DEBUG] - ==> Parameters: admin(String)
[2026-09-21 15:13:08.188] [gas-forecast] [] [] [c.g.f.d.m.S.selectRoleCodesByUsername] [http-nio-8080-exec-8] [DEBUG] - <==      Total: 1
[2026-09-21 15:13:08.188] [gas-forecast] [] [] [c.g.f.d.m.S.selectByUsername] [http-nio-8080-exec-8] [DEBUG] - ==>  Preparing: select distinct p.* from sys_permission_tb p where p.status = 1 and ( exists ( select 1 from sys_user_tb u join sys_user_role_ref ur on ur.user_id = u.id join sys_role_permission_ref rp on rp.role_id = ur.role_id where rp.permission_id = p.id and u.username = ? and u.deleted = 0 ) or exists ( select 1 from sys_user_tb u join sys_user_department_ref ud on ud.user_id = u.id join sys_department_permission_ref dp on dp.department_id = ud.department_id where dp.permission_id = p.id and u.username = ? and u.deleted = 0 ) ) order by p.sort_no, p.id
[2026-09-21 15:13:08.188] [gas-forecast] [] [] [c.g.f.d.m.S.selectByUsername] [http-nio-8080-exec-8] [DEBUG] - ==> Parameters: admin(String), admin(String)
[2026-09-21 15:13:08.190] [gas-forecast] [] [] [c.g.f.d.m.S.selectByUsername] [http-nio-8080-exec-8] [DEBUG] - <==      Total: 57
[2026-09-21 15:13:08.212] [gas-forecast] [] [] [c.g.f.d.m.M.selectList_mpCount] [http-nio-8080-exec-10] [DEBUG] - ==>  Preparing: SELECT COUNT(*) AS total FROM model_forecast_config_tb
[2026-09-21 15:13:08.212] [gas-forecast] [] [] [c.g.f.d.m.M.selectList_mpCount] [http-nio-8080-exec-10] [DEBUG] - ==> Parameters: 
[2026-09-21 15:13:08.214] [gas-forecast] [] [] [c.g.f.d.m.M.selectList_mpCount] [http-nio-8080-exec-10] [DEBUG] - <==      Total: 1
[2026-09-21 15:13:08.214] [gas-forecast] [] [] [c.g.f.d.m.M.selectList] [http-nio-8080-exec-10] [DEBUG] - ==>  Preparing: SELECT id,config_code,config_name,agent_code,scope_type,region_code,region_name,industry_code,industry_name,customer_code,customer_name,forecast_start_date,forecast_horizon,forecast_frequency,auto_forecast,train_config_code,model_batch_no,weather_source,biz_config_json,enabled,remark,created_by,created_by_name,created_at,updated_at FROM model_forecast_config_tb ORDER BY updated_at DESC,id DESC LIMIT ?
[2026-09-21 15:13:08.214] [gas-forecast] [] [] [c.g.f.d.m.M.selectList] [http-nio-8080-exec-10] [DEBUG] - ==> Parameters: 10(Long)
[2026-09-21 15:13:08.215] [gas-forecast] [] [] [c.g.f.d.m.M.selectList] [http-nio-8080-exec-10] [DEBUG] - <==      Total: 1
[2026-09-21 16:04:31.035] [gas-forecast] [] [] [c.g.f.d.m.M.selectList_mpCount] [http-nio-8080-exec-9] [DEBUG] - ==>  Preparing: SELECT COUNT(*) AS total FROM model_forecast_config_tb
[2026-09-21 16:04:31.035] [gas-forecast] [] [] [c.g.f.d.m.M.selectList_mpCount] [http-nio-8080-exec-9] [DEBUG] - ==> Parameters: 
[2026-09-21 16:04:31.189] [gas-forecast] [] [] [c.g.f.d.m.SysUserTbMapper.selectList] [http-nio-8080-exec-1] [DEBUG] - ==>  Preparing: SELECT id,username,real_name,password_hash,password_salt,avatar,email,phone,org_code,status,deleted,created_at,updated_at FROM sys_user_tb WHERE (username = ? AND deleted = ?)
[2026-09-21 16:04:31.190] [gas-forecast] [] [] [c.g.f.d.m.SysUserTbMapper.selectList] [http-nio-8080-exec-1] [DEBUG] - ==> Parameters: admin(String), 0(Integer)
[2026-09-21 16:04:31.191] [gas-forecast] [] [] [c.g.f.d.m.SysUserTbMapper.selectList] [http-nio-8080-exec-1] [DEBUG] - <==      Total: 1
[2026-09-21 16:04:31.191] [gas-forecast] [] [] [c.g.f.d.m.S.selectRoleCodesByUsername] [http-nio-8080-exec-1] [DEBUG] - ==>  Preparing: select r.role_code from sys_user_tb u join sys_user_role_ref ur on ur.user_id = u.id join sys_role_tb r on r.id = ur.role_id where u.username = ? order by r.role_code
[2026-09-21 16:04:31.191] [gas-forecast] [] [] [c.g.f.d.m.S.selectRoleCodesByUsername] [http-nio-8080-exec-1] [DEBUG] - ==> Parameters: admin(String)
[2026-09-21 16:04:31.193] [gas-forecast] [] [] [c.g.f.d.m.S.selectRoleCodesByUsername] [http-nio-8080-exec-1] [DEBUG] - <==      Total: 1
[2026-09-21 16:04:31.193] [gas-forecast] [] [] [c.g.f.d.m.S.selectByUsername] [http-nio-8080-exec-1] [DEBUG] - ==>  Preparing: select distinct p.* from sys_permission_tb p where p.status = 1 and ( exists ( select 1 from sys_user_tb u join sys_user_role_ref ur on ur.user_id = u.id join sys_role_permission_ref rp on rp.role_id = ur.role_id where rp.permission_id = p.id and u.username = ? and u.deleted = 0 ) or exists ( select 1 from sys_user_tb u join sys_user_department_ref ud on ud.user_id = u.id join sys_department_permission_ref dp on dp.department_id = ud.department_id where dp.permission_id = p.id and u.username = ? and u.deleted = 0 ) ) order by p.sort_no, p.id
[2026-09-21 16:04:31.193] [gas-forecast] [] [] [c.g.f.d.m.S.selectByUsername] [http-nio-8080-exec-1] [DEBUG] - ==> Parameters: admin(String), admin(String)
[2026-09-21 16:04:31.195] [gas-forecast] [] [] [c.g.f.d.m.S.selectByUsername] [http-nio-8080-exec-1] [DEBUG] - <==      Total: 57
[2026-09-21 16:04:31.246] [gas-forecast] [] [] [c.g.f.d.m.M.selectList_mpCount] [http-nio-8080-exec-2] [DEBUG] - ==>  Preparing: SELECT COUNT(*) AS total FROM model_forecast_config_tb
[2026-09-21 16:04:31.246] [gas-forecast] [] [] [c.g.f.d.m.M.selectList_mpCount] [http-nio-8080-exec-2] [DEBUG] - ==> Parameters: 
[2026-09-21 16:10:07.876] [gas-forecast] [] [] [c.g.f.d.m.SysUserTbMapper.selectList] [http-nio-8080-exec-3] [DEBUG] - ==>  Preparing: SELECT id,username,real_name,password_hash,password_salt,avatar,email,phone,org_code,status,deleted,created_at,updated_at FROM sys_user_tb WHERE (username = ? AND deleted = ?)
[2026-09-21 16:10:07.886] [gas-forecast] [] [] [c.g.f.d.m.SysUserTbMapper.selectList] [http-nio-8080-exec-3] [DEBUG] - ==> Parameters: admin(String), 0(Integer)
[2026-09-21 16:10:07.896] [gas-forecast] [] [] [c.g.f.d.m.SysUserTbMapper.selectList] [http-nio-8080-exec-3] [DEBUG] - <==      Total: 1
[2026-09-21 16:10:07.899] [gas-forecast] [] [] [c.g.f.d.m.S.selectRoleCodesByUsername] [http-nio-8080-exec-3] [DEBUG] - ==>  Preparing: select r.role_code from sys_user_tb u join sys_user_role_ref ur on ur.user_id = u.id join sys_role_tb r on r.id = ur.role_id where u.username = ? order by r.role_code
[2026-09-21 16:10:07.900] [gas-forecast] [] [] [c.g.f.d.m.S.selectRoleCodesByUsername] [http-nio-8080-exec-3] [DEBUG] - ==> Parameters: admin(String)
[2026-09-21 16:10:07.901] [gas-forecast] [] [] [c.g.f.d.m.S.selectRoleCodesByUsername] [http-nio-8080-exec-3] [DEBUG] - <==      Total: 1
[2026-09-21 16:10:07.901] [gas-forecast] [] [] [c.g.f.d.m.S.selectByUsername] [http-nio-8080-exec-3] [DEBUG] - ==>  Preparing: select distinct p.* from sys_permission_tb p where p.status = 1 and ( exists ( select 1 from sys_user_tb u join sys_user_role_ref ur on ur.user_id = u.id join sys_role_permission_ref rp on rp.role_id = ur.role_id where rp.permission_id = p.id and u.username = ? and u.deleted = 0 ) or exists ( select 1 from sys_user_tb u join sys_user_department_ref ud on ud.user_id = u.id join sys_department_permission_ref dp on dp.department_id = ud.department_id where dp.permission_id = p.id and u.username = ? and u.deleted = 0 ) ) order by p.sort_no, p.id
[2026-09-21 16:10:07.901] [gas-forecast] [] [] [c.g.f.d.m.S.selectByUsername] [http-nio-8080-exec-3] [DEBUG] - ==> Parameters: admin(String), admin(String)
[2026-09-21 16:10:07.907] [gas-forecast] [] [] [c.g.f.d.m.S.selectByUsername] [http-nio-8080-exec-3] [DEBUG] - <==      Total: 56
[2026-09-21 16:10:11.088] [gas-forecast] [] [] [c.g.f.d.m.M.selectList_mpCount] [http-nio-8080-exec-4] [DEBUG] - ==>  Preparing: SELECT COUNT(*) AS total FROM model_forecast_record_tb
[2026-09-21 16:10:11.089] [gas-forecast] [] [] [c.g.f.d.m.M.selectList_mpCount] [http-nio-8080-exec-4] [DEBUG] - ==> Parameters: 
[2026-09-21 16:10:11.090] [gas-forecast] [] [] [c.g.f.d.m.M.selectList_mpCount] [http-nio-8080-exec-4] [DEBUG] - <==      Total: 1
[2026-09-21 16:10:11.092] [gas-forecast] [] [] [c.g.f.d.m.M.selectList] [http-nio-8080-exec-4] [DEBUG] - ==>  Preparing: SELECT id,config_code,config_name,agent_code,scope_type,region_code,region_name,industry_code,industry_name,customer_code,customer_name,forecast_start_date,forecast_horizon,forecast_frequency,auto_forecast,train_config_code,model_batch_no,weather_source,biz_config_json,enabled,remark,created_by,created_by_name,created_at,updated_at FROM model_forecast_record_tb ORDER BY updated_at DESC,id DESC LIMIT ?
[2026-09-21 16:10:11.093] [gas-forecast] [] [] [c.g.f.d.m.M.selectList] [http-nio-8080-exec-4] [DEBUG] - ==> Parameters: 10(Long)
[2026-09-21 16:10:11.095] [gas-forecast] [] [] [c.g.f.d.m.M.selectList] [http-nio-8080-exec-4] [DEBUG] - <==      Total: 1
[2026-09-21 16:10:14.658] [gas-forecast] [] [] [c.g.f.d.m.M.selectList_mpCount] [http-nio-8080-exec-5] [DEBUG] - ==>  Preparing: SELECT COUNT(*) AS total FROM model_train_config_tb
[2026-09-21 16:10:14.658] [gas-forecast] [] [] [c.g.f.d.m.M.selectList_mpCount] [http-nio-8080-exec-5] [DEBUG] - ==> Parameters: 
[2026-09-21 16:10:14.661] [gas-forecast] [] [] [c.g.f.d.m.M.selectList_mpCount] [http-nio-8080-exec-5] [DEBUG] - <==      Total: 1
[2026-09-21 16:10:14.661] [gas-forecast] [] [] [c.g.f.d.m.M.selectList] [http-nio-8080-exec-5] [DEBUG] - ==>  Preparing: SELECT id,train_code,train_name,agent_code,model_id,model_code,model_name,scope_type,region_code,region_name,industry_code,industry_name,customer_code,customer_name,train_start_date,train_end_date,train_mode,time_granularity,recent_periods,enabled,remark,created_by,created_by_name,created_at,updated_at FROM model_train_config_tb ORDER BY updated_at DESC,id DESC LIMIT ?
[2026-09-21 16:10:14.661] [gas-forecast] [] [] [c.g.f.d.m.M.selectList] [http-nio-8080-exec-5] [DEBUG] - ==> Parameters: 1000(Long)
[2026-09-21 16:10:14.663] [gas-forecast] [] [] [c.g.f.d.m.M.selectList] [http-nio-8080-exec-5] [DEBUG] - <==      Total: 2
[2026-09-21 16:19:43.317] [gas-forecast] [] [] [c.g.f.d.m.M.selectList_mpCount] [http-nio-8080-exec-6] [DEBUG] - ==>  Preparing: SELECT COUNT(*) AS total FROM model_train_config_tb
[2026-09-21 16:19:43.318] [gas-forecast] [] [] [c.g.f.d.m.M.selectList_mpCount] [http-nio-8080-exec-6] [DEBUG] - ==> Parameters: 
[2026-09-21 16:19:43.324] [gas-forecast] [] [] [c.g.f.d.m.M.selectList_mpCount] [http-nio-8080-exec-6] [DEBUG] - <==      Total: 1
[2026-09-21 16:19:43.324] [gas-forecast] [] [] [c.g.f.d.m.M.selectList] [http-nio-8080-exec-6] [DEBUG] - ==>  Preparing: SELECT id,train_code,train_name,agent_code,model_id,model_code,model_name,scope_type,region_code,region_name,industry_code,industry_name,customer_code,customer_name,train_start_date,train_end_date,train_mode,time_granularity,recent_periods,enabled,remark,created_by,created_by_name,created_at,updated_at FROM model_train_config_tb ORDER BY updated_at DESC,id DESC LIMIT ?
[2026-09-21 16:19:43.324] [gas-forecast] [] [] [c.g.f.d.m.M.selectList] [http-nio-8080-exec-6] [DEBUG] - ==> Parameters: 1000(Long)
[2026-09-21 16:19:43.325] [gas-forecast] [] [] [c.g.f.d.m.M.selectList] [http-nio-8080-exec-6] [DEBUG] - <==      Total: 2
[2026-09-21 16:20:31.719] [gas-forecast] [] [] [c.g.f.d.m.M.selectList] [http-nio-8080-exec-7] [DEBUG] - ==>  Preparing: SELECT id,config_code,config_name,agent_code,scope_type,region_code,region_name,industry_code,industry_name,customer_code,customer_name,forecast_start_date,forecast_horizon,forecast_frequency,auto_forecast,train_config_code,model_batch_no,weather_source,biz_config_json,enabled,remark,created_by,created_by_name,created_at,updated_at FROM model_forecast_record_tb WHERE (config_code = ?) limit 1
[2026-09-21 16:20:31.719] [gas-forecast] [] [] [c.g.f.d.m.M.selectList] [http-nio-8080-exec-7] [DEBUG] - ==> Parameters: FCCFG-00001(String)
[2026-09-21 16:20:33.337] [gas-forecast] [] [] [c.g.f.d.m.M.selectList_mpCount] [http-nio-8080-exec-8] [DEBUG] - ==>  Preparing: SELECT COUNT(*) AS total FROM model_train_config_tb
[2026-09-21 16:20:33.337] [gas-forecast] [] [] [c.g.f.d.m.M.selectList_mpCount] [http-nio-8080-exec-8] [DEBUG] - ==> Parameters: 
[2026-09-21 16:20:33.339] [gas-forecast] [] [] [c.g.f.d.m.M.selectList_mpCount] [http-nio-8080-exec-8] [DEBUG] - <==      Total: 1
[2026-09-21 16:20:33.339] [gas-forecast] [] [] [c.g.f.d.m.M.selectList] [http-nio-8080-exec-8] [DEBUG] - ==>  Preparing: SELECT id,train_code,train_name,agent_code,model_id,model_code,model_name,scope_type,region_code,region_name,industry_code,industry_name,customer_code,customer_name,train_start_date,train_end_date,train_mode,time_granularity,recent_periods,enabled,remark,created_by,created_by_name,created_at,updated_at FROM model_train_config_tb ORDER BY updated_at DESC,id DESC LIMIT ?
[2026-09-21 16:20:33.339] [gas-forecast] [] [] [c.g.f.d.m.M.selectList] [http-nio-8080-exec-8] [DEBUG] - ==> Parameters: 1000(Long)
[2026-09-21 16:20:33.340] [gas-forecast] [] [] [c.g.f.d.m.M.selectList] [http-nio-8080-exec-8] [DEBUG] - <==      Total: 2
[2026-09-21 16:53:28.810] [gas-forecast] [] [] [c.g.f.d.m.SysUserTbMapper.selectList] [http-nio-8080-exec-9] [DEBUG] - ==>  Preparing: SELECT id,username,real_name,password_hash,password_salt,avatar,email,phone,org_code,status,deleted,created_at,updated_at FROM sys_user_tb WHERE (username = ? AND deleted = ?)
[2026-09-21 16:53:28.810] [gas-forecast] [] [] [c.g.f.d.m.SysUserTbMapper.selectList] [http-nio-8080-exec-9] [DEBUG] - ==> Parameters: admin(String), 0(Integer)
[2026-09-21 16:53:28.815] [gas-forecast] [] [] [c.g.f.d.m.SysUserTbMapper.selectList] [http-nio-8080-exec-9] [DEBUG] - <==      Total: 1
[2026-09-21 16:53:28.816] [gas-forecast] [] [] [c.g.f.d.m.S.selectRoleCodesByUsername] [http-nio-8080-exec-9] [DEBUG] - ==>  Preparing: select r.role_code from sys_user_tb u join sys_user_role_ref ur on ur.user_id = u.id join sys_role_tb r on r.id = ur.role_id where u.username = ? order by r.role_code
[2026-09-21 16:53:28.816] [gas-forecast] [] [] [c.g.f.d.m.S.selectRoleCodesByUsername] [http-nio-8080-exec-9] [DEBUG] - ==> Parameters: admin(String)
[2026-09-21 16:53:28.818] [gas-forecast] [] [] [c.g.f.d.m.S.selectRoleCodesByUsername] [http-nio-8080-exec-9] [DEBUG] - <==      Total: 1
[2026-09-21 16:53:28.818] [gas-forecast] [] [] [c.g.f.d.m.S.selectByUsername] [http-nio-8080-exec-9] [DEBUG] - ==>  Preparing: select distinct p.* from sys_permission_tb p where p.status = 1 and ( exists ( select 1 from sys_user_tb u join sys_user_role_ref ur on ur.user_id = u.id join sys_role_permission_ref rp on rp.role_id = ur.role_id where rp.permission_id = p.id and u.username = ? and u.deleted = 0 ) or exists ( select 1 from sys_user_tb u join sys_user_department_ref ud on ud.user_id = u.id join sys_department_permission_ref dp on dp.department_id = ud.department_id where dp.permission_id = p.id and u.username = ? and u.deleted = 0 ) ) order by p.sort_no, p.id
[2026-09-21 16:53:28.818] [gas-forecast] [] [] [c.g.f.d.m.S.selectByUsername] [http-nio-8080-exec-9] [DEBUG] - ==> Parameters: admin(String), admin(String)
[2026-09-21 16:53:28.824] [gas-forecast] [] [] [c.g.f.d.m.S.selectByUsername] [http-nio-8080-exec-9] [DEBUG] - <==      Total: 56
[2026-09-21 16:53:28.854] [gas-forecast] [] [] [c.g.f.d.m.M.selectList_mpCount] [http-nio-8080-exec-10] [DEBUG] - ==>  Preparing: SELECT COUNT(*) AS total FROM model_forecast_record_tb
[2026-09-21 16:53:28.855] [gas-forecast] [] [] [c.g.f.d.m.M.selectList_mpCount] [http-nio-8080-exec-10] [DEBUG] - ==> Parameters: 
[2026-09-21 16:53:28.857] [gas-forecast] [] [] [c.g.f.d.m.M.selectList_mpCount] [http-nio-8080-exec-10] [DEBUG] - <==      Total: 1
[2026-09-21 16:53:28.857] [gas-forecast] [] [] [c.g.f.d.m.M.selectList] [http-nio-8080-exec-10] [DEBUG] - ==>  Preparing: SELECT id,config_code,config_name,agent_code,scope_type,region_code,region_name,industry_code,industry_name,customer_code,customer_name,forecast_start_date,forecast_horizon,forecast_frequency,auto_forecast,train_config_code,model_batch_no,weather_source,biz_config_json,enabled,remark,created_by,created_by_name,created_at,updated_at FROM model_forecast_record_tb ORDER BY updated_at DESC,id DESC LIMIT ?
[2026-09-21 16:53:28.858] [gas-forecast] [] [] [c.g.f.d.m.M.selectList] [http-nio-8080-exec-10] [DEBUG] - ==> Parameters: 10(Long)
[2026-09-21 16:54:09.538] [gas-forecast] [] [] [c.g.f.d.m.M.selectList_mpCount] [http-nio-8080-exec-2] [DEBUG] - ==>  Preparing: SELECT COUNT(*) AS total FROM model_forecast_record_tb
[2026-09-21 16:54:09.538] [gas-forecast] [] [] [c.g.f.d.m.M.selectList_mpCount] [http-nio-8080-exec-2] [DEBUG] - ==> Parameters: 
[2026-09-21 16:54:09.539] [gas-forecast] [] [] [c.g.f.d.m.M.selectList_mpCount] [http-nio-8080-exec-2] [DEBUG] - <==      Total: 1
[2026-09-21 16:54:09.539] [gas-forecast] [] [] [c.g.f.d.m.M.selectList] [http-nio-8080-exec-2] [DEBUG] - ==>  Preparing: SELECT id,config_code,config_name,agent_code,scope_type,region_code,region_name,industry_code,industry_name,customer_code,customer_name,forecast_start_date,forecast_horizon,forecast_frequency,auto_forecast,train_config_code,model_batch_no,weather_source,biz_config_json,enabled,remark,created_by,created_by_name,created_at,updated_at FROM model_forecast_record_tb ORDER BY updated_at DESC,id DESC LIMIT ?
[2026-09-21 16:54:09.539] [gas-forecast] [] [] [c.g.f.d.m.M.selectList] [http-nio-8080-exec-2] [DEBUG] - ==> Parameters: 10(Long)
[2026-09-21 16:55:28.104] [gas-forecast] [] [] [c.g.f.d.m.M.selectList_mpCount] [http-nio-8080-exec-2] [DEBUG] - ==>  Preparing: SELECT COUNT(*) AS total FROM model_forecast_config_tb
[2026-09-21 16:55:28.114] [gas-forecast] [] [] [c.g.f.d.m.M.selectList_mpCount] [http-nio-8080-exec-2] [DEBUG] - ==> Parameters: 
[2026-09-21 16:55:28.124] [gas-forecast] [] [] [c.g.f.d.m.M.selectList_mpCount] [http-nio-8080-exec-2] [DEBUG] - <==      Total: 1
[2026-09-21 16:55:28.125] [gas-forecast] [] [] [c.g.f.d.m.SysUserTbMapper.selectList] [http-nio-8080-exec-1] [DEBUG] - ==>  Preparing: SELECT id,username,real_name,password_hash,password_salt,avatar,email,phone,org_code,status,deleted,created_at,updated_at FROM sys_user_tb WHERE (username = ? AND deleted = ?)
[2026-09-21 16:55:28.125] [gas-forecast] [] [] [c.g.f.d.m.SysUserTbMapper.selectList] [http-nio-8080-exec-1] [DEBUG] - ==> Parameters: admin(String), 0(Integer)
[2026-09-21 16:55:28.127] [gas-forecast] [] [] [c.g.f.d.m.SysUserTbMapper.selectList] [http-nio-8080-exec-1] [DEBUG] - <==      Total: 1
[2026-09-21 16:55:28.128] [gas-forecast] [] [] [c.g.f.d.m.S.selectRoleCodesByUsername] [http-nio-8080-exec-1] [DEBUG] - ==>  Preparing: select r.role_code from sys_user_tb u join sys_user_role_ref ur on ur.user_id = u.id join sys_role_tb r on r.id = ur.role_id where u.username = ? order by r.role_code
[2026-09-21 16:55:28.128] [gas-forecast] [] [] [c.g.f.d.m.S.selectRoleCodesByUsername] [http-nio-8080-exec-1] [DEBUG] - ==> Parameters: admin(String)
[2026-09-21 16:55:28.129] [gas-forecast] [] [] [c.g.f.d.m.S.selectRoleCodesByUsername] [http-nio-8080-exec-1] [DEBUG] - <==      Total: 1
[2026-09-21 16:55:28.129] [gas-forecast] [] [] [c.g.f.d.m.S.selectByUsername] [http-nio-8080-exec-1] [DEBUG] - ==>  Preparing: select distinct p.* from sys_permission_tb p where p.status = 1 and ( exists ( select 1 from sys_user_tb u join sys_user_role_ref ur on ur.user_id = u.id join sys_role_permission_ref rp on rp.role_id = ur.role_id where rp.permission_id = p.id and u.username = ? and u.deleted = 0 ) or exists ( select 1 from sys_user_tb u join sys_user_department_ref ud on ud.user_id = u.id join sys_department_permission_ref dp on dp.department_id = ud.department_id where dp.permission_id = p.id and u.username = ? and u.deleted = 0 ) ) order by p.sort_no, p.id
[2026-09-21 16:55:28.129] [gas-forecast] [] [] [c.g.f.d.m.S.selectByUsername] [http-nio-8080-exec-1] [DEBUG] - ==> Parameters: admin(String), admin(String)
[2026-09-21 16:55:28.134] [gas-forecast] [] [] [c.g.f.d.m.S.selectByUsername] [http-nio-8080-exec-1] [DEBUG] - <==      Total: 56
[2026-09-21 16:55:30.524] [gas-forecast] [] [] [c.g.f.d.m.M.selectList_mpCount] [http-nio-8080-exec-3] [DEBUG] - ==>  Preparing: SELECT COUNT(*) AS total FROM model_train_config_tb
[2026-09-21 16:55:30.524] [gas-forecast] [] [] [c.g.f.d.m.M.selectList_mpCount] [http-nio-8080-exec-3] [DEBUG] - ==> Parameters: 
[2026-09-21 16:55:30.530] [gas-forecast] [] [] [c.g.f.d.m.M.selectList_mpCount] [http-nio-8080-exec-3] [DEBUG] - <==      Total: 1
[2026-09-21 16:55:30.531] [gas-forecast] [] [] [c.g.f.d.m.M.selectList] [http-nio-8080-exec-3] [DEBUG] - ==>  Preparing: SELECT id,train_code,train_name,agent_code,model_id,model_code,model_name,scope_type,region_code,region_name,industry_code,industry_name,customer_code,customer_name,train_start_date,train_end_date,train_mode,time_granularity,recent_periods,enabled,remark,created_by,created_by_name,created_at,updated_at FROM model_train_config_tb ORDER BY updated_at DESC,id DESC LIMIT ?
[2026-09-21 16:55:30.532] [gas-forecast] [] [] [c.g.f.d.m.M.selectList] [http-nio-8080-exec-3] [DEBUG] - ==> Parameters: 1000(Long)
[2026-09-21 16:55:30.534] [gas-forecast] [] [] [c.g.f.d.m.M.selectList] [http-nio-8080-exec-3] [DEBUG] - <==      Total: 2
[2026-09-21 16:55:45.494] [gas-forecast] [] [] [c.g.f.d.m.M.selectList] [http-nio-8080-exec-4] [DEBUG] - ==>  Preparing: SELECT id,train_code,train_name,agent_code,model_id,model_code,model_name,scope_type,region_code,region_name,industry_code,industry_name,customer_code,customer_name,train_start_date,train_end_date,train_mode,time_granularity,recent_periods,enabled,remark,created_by,created_by_name,created_at,updated_at FROM model_train_config_tb WHERE (train_code = ?) limit 1
[2026-09-21 16:55:45.494] [gas-forecast] [] [] [c.g.f.d.m.M.selectList] [http-nio-8080-exec-4] [DEBUG] - ==> Parameters: TRCFG-00002(String)
[2026-09-21 16:55:45.495] [gas-forecast] [] [] [c.g.f.d.m.M.selectList] [http-nio-8080-exec-4] [DEBUG] - <==      Total: 1
[2026-09-21 16:55:45.497] [gas-forecast] [] [] [c.g.f.d.m.M.insert] [http-nio-8080-exec-4] [DEBUG] - ==>  Preparing: INSERT INTO model_forecast_config_tb ( forecast_name, agent_code, scope_type, region_code, region_name, industry_code, industry_name, customer_code, customer_name, forecast_start_date, forecast_horizon, forecast_frequency, auto_forecast, train_config_code, enabled, remark, created_by, created_by_name, created_at, updated_at ) VALUES ( ?, ?, ?, ?, ?, ?, ?, ?, ?, ?, ?, ?, ?, ?, ?, ?, ?, ?, ?, ? )
[2026-09-21 16:55:45.498] [gas-forecast] [] [] [c.g.f.d.m.M.insert] [http-nio-8080-exec-4] [DEBUG] - ==> Parameters: 测试(String), short-term(String), REGION(String), REG000012(String), 江苏(String), (String), (String), (String), (String), 2026-09-02(String), 30(Integer), DAILY(String), 0(Integer), TRCFG-00002(String), 1(Integer), (String), system(String), 系统(String), 2026-09-21 16:55:45.495(Timestamp), 2026-09-21 16:55:45.495(Timestamp)
[2026-09-21 16:55:45.502] [gas-forecast] [] [] [c.g.f.d.m.M.insert] [http-nio-8080-exec-4] [DEBUG] - <==    Updates: 1
[2026-09-21 16:55:45.503] [gas-forecast] [] [] [c.g.f.d.m.M.selectById] [http-nio-8080-exec-4] [DEBUG] - ==>  Preparing: SELECT id,forecast_name,agent_code,scope_type,region_code,region_name,industry_code,industry_name,customer_code,customer_name,forecast_start_date,forecast_horizon,forecast_frequency,auto_forecast,train_config_code,weather_source,enabled,remark,created_by,created_by_name,created_at,updated_at FROM model_forecast_config_tb WHERE id=?
[2026-09-21 16:55:45.503] [gas-forecast] [] [] [c.g.f.d.m.M.selectById] [http-nio-8080-exec-4] [DEBUG] - ==> Parameters: 2(Long)
[2026-09-21 16:55:45.504] [gas-forecast] [] [] [c.g.f.d.m.M.selectById] [http-nio-8080-exec-4] [DEBUG] - <==      Total: 1
[2026-09-21 16:55:45.517] [gas-forecast] [] [] [c.g.f.d.m.M.selectList_mpCount] [http-nio-8080-exec-5] [DEBUG] - ==>  Preparing: SELECT COUNT(*) AS total FROM model_forecast_config_tb
[2026-09-21 16:55:45.517] [gas-forecast] [] [] [c.g.f.d.m.M.selectList_mpCount] [http-nio-8080-exec-5] [DEBUG] - ==> Parameters: 
[2026-09-21 16:55:45.519] [gas-forecast] [] [] [c.g.f.d.m.M.selectList_mpCount] [http-nio-8080-exec-5] [DEBUG] - <==      Total: 1
[2026-09-21 16:55:45.519] [gas-forecast] [] [] [c.g.f.d.m.M.selectList] [http-nio-8080-exec-5] [DEBUG] - ==>  Preparing: SELECT id,forecast_name,agent_code,scope_type,region_code,region_name,industry_code,industry_name,customer_code,customer_name,forecast_start_date,forecast_horizon,forecast_frequency,auto_forecast,train_config_code,weather_source,enabled,remark,created_by,created_by_name,created_at,updated_at FROM model_forecast_config_tb ORDER BY updated_at DESC,id DESC LIMIT ?
[2026-09-21 16:55:45.519] [gas-forecast] [] [] [c.g.f.d.m.M.selectList] [http-nio-8080-exec-5] [DEBUG] - ==> Parameters: 10(Long)
[2026-09-21 16:55:45.520] [gas-forecast] [] [] [c.g.f.d.m.M.selectList] [http-nio-8080-exec-5] [DEBUG] - <==      Total: 1
[2026-09-21 16:57:11.860] [gas-forecast] [] [] [c.g.f.d.m.M.selectList_mpCount] [http-nio-8080-exec-6] [DEBUG] - ==>  Preparing: SELECT COUNT(*) AS total FROM model_forecast_config_tb
[2026-09-21 16:57:11.860] [gas-forecast] [] [] [c.g.f.d.m.M.selectList_mpCount] [http-nio-8080-exec-6] [DEBUG] - ==> Parameters: 
[2026-09-21 16:57:11.865] [gas-forecast] [] [] [c.g.f.d.m.M.selectList_mpCount] [http-nio-8080-exec-6] [DEBUG] - <==      Total: 1
[2026-09-21 16:57:11.865] [gas-forecast] [] [] [c.g.f.d.m.M.selectList] [http-nio-8080-exec-6] [DEBUG] - ==>  Preparing: SELECT id,forecast_name,agent_code,scope_type,region_code,region_name,industry_code,industry_name,customer_code,customer_name,forecast_start_date,forecast_horizon,forecast_frequency,auto_forecast,train_config_code,weather_source,enabled,remark,created_by,created_by_name,created_at,updated_at FROM model_forecast_config_tb ORDER BY updated_at DESC,id DESC LIMIT ?
[2026-09-21 16:57:11.865] [gas-forecast] [] [] [c.g.f.d.m.M.selectList] [http-nio-8080-exec-6] [DEBUG] - ==> Parameters: 10(Long)
[2026-09-21 16:57:11.866] [gas-forecast] [] [] [c.g.f.d.m.M.selectList] [http-nio-8080-exec-6] [DEBUG] - <==      Total: 1
[2026-09-21 16:57:56.301] [gas-forecast] [] [] [c.g.f.d.m.SysUserTbMapper.selectList] [http-nio-8080-exec-7] [DEBUG] - ==>  Preparing: SELECT id,username,real_name,password_hash,password_salt,avatar,email,phone,org_code,status,deleted,created_at,updated_at FROM sys_user_tb WHERE (username = ? AND deleted = ?)
[2026-09-21 16:57:56.302] [gas-forecast] [] [] [c.g.f.d.m.SysUserTbMapper.selectList] [http-nio-8080-exec-7] [DEBUG] - ==> Parameters: admin(String), 0(Integer)
[2026-09-21 16:57:56.305] [gas-forecast] [] [] [c.g.f.d.m.SysUserTbMapper.selectList] [http-nio-8080-exec-7] [DEBUG] - <==      Total: 1
[2026-09-21 16:57:56.306] [gas-forecast] [] [] [c.g.f.d.m.S.selectRoleCodesByUsername] [http-nio-8080-exec-7] [DEBUG] - ==>  Preparing: select r.role_code from sys_user_tb u join sys_user_role_ref ur on ur.user_id = u.id join sys_role_tb r on r.id = ur.role_id where u.username = ? order by r.role_code
[2026-09-21 16:57:56.306] [gas-forecast] [] [] [c.g.f.d.m.S.selectRoleCodesByUsername] [http-nio-8080-exec-7] [DEBUG] - ==> Parameters: admin(String)
[2026-09-21 16:57:56.307] [gas-forecast] [] [] [c.g.f.d.m.S.selectRoleCodesByUsername] [http-nio-8080-exec-7] [DEBUG] - <==      Total: 1
[2026-09-21 16:57:56.307] [gas-forecast] [] [] [c.g.f.d.m.S.selectByUsername] [http-nio-8080-exec-7] [DEBUG] - ==>  Preparing: select distinct p.* from sys_permission_tb p where p.status = 1 and ( exists ( select 1 from sys_user_tb u join sys_user_role_ref ur on ur.user_id = u.id join sys_role_permission_ref rp on rp.role_id = ur.role_id where rp.permission_id = p.id and u.username = ? and u.deleted = 0 ) or exists ( select 1 from sys_user_tb u join sys_user_department_ref ud on ud.user_id = u.id join sys_department_permission_ref dp on dp.department_id = ud.department_id where dp.permission_id = p.id and u.username = ? and u.deleted = 0 ) ) order by p.sort_no, p.id
[2026-09-21 16:57:56.307] [gas-forecast] [] [] [c.g.f.d.m.S.selectByUsername] [http-nio-8080-exec-7] [DEBUG] - ==> Parameters: admin(String), admin(String)
[2026-09-21 16:57:56.311] [gas-forecast] [] [] [c.g.f.d.m.S.selectByUsername] [http-nio-8080-exec-7] [DEBUG] - <==      Total: 56
[2026-09-21 16:57:56.322] [gas-forecast] [] [] [c.g.f.d.m.M.selectList_mpCount] [http-nio-8080-exec-8] [DEBUG] - ==>  Preparing: SELECT COUNT(*) AS total FROM model_forecast_config_tb
[2026-09-21 16:57:56.322] [gas-forecast] [] [] [c.g.f.d.m.M.selectList_mpCount] [http-nio-8080-exec-8] [DEBUG] - ==> Parameters: 
[2026-09-21 16:57:56.323] [gas-forecast] [] [] [c.g.f.d.m.M.selectList_mpCount] [http-nio-8080-exec-8] [DEBUG] - <==      Total: 1
[2026-09-21 16:57:56.323] [gas-forecast] [] [] [c.g.f.d.m.M.selectList] [http-nio-8080-exec-8] [DEBUG] - ==>  Preparing: SELECT id,forecast_name,agent_code,scope_type,region_code,region_name,industry_code,industry_name,customer_code,customer_name,forecast_start_date,forecast_horizon,forecast_frequency,auto_forecast,train_config_code,weather_source,enabled,remark,created_by,created_by_name,created_at,updated_at FROM model_forecast_config_tb ORDER BY updated_at DESC,id DESC LIMIT ?
[2026-09-21 16:57:56.324] [gas-forecast] [] [] [c.g.f.d.m.M.selectList] [http-nio-8080-exec-8] [DEBUG] - ==> Parameters: 10(Long)
[2026-09-21 16:57:56.324] [gas-forecast] [] [] [c.g.f.d.m.M.selectList] [http-nio-8080-exec-8] [DEBUG] - <==      Total: 1
[2026-09-21 17:00:23.648] [gas-forecast] [] [] [c.g.f.d.m.M.selectList_mpCount] [http-nio-8080-exec-9] [DEBUG] - ==>  Preparing: SELECT COUNT(*) AS total FROM model_forecast_config_tb
[2026-09-21 17:00:23.648] [gas-forecast] [] [] [c.g.f.d.m.M.selectList_mpCount] [http-nio-8080-exec-9] [DEBUG] - ==> Parameters: 
[2026-09-21 17:00:23.654] [gas-forecast] [] [] [c.g.f.d.m.M.selectList_mpCount] [http-nio-8080-exec-9] [DEBUG] - <==      Total: 1
[2026-09-21 17:00:23.654] [gas-forecast] [] [] [c.g.f.d.m.M.selectList] [http-nio-8080-exec-9] [DEBUG] - ==>  Preparing: SELECT id,forecast_name,agent_code,scope_type,region_code,region_name,industry_code,industry_name,customer_code,customer_name,forecast_start_date,forecast_horizon,forecast_frequency,auto_forecast,train_config_code,weather_source,enabled,remark,created_by,created_by_name,created_at,updated_at FROM model_forecast_config_tb ORDER BY updated_at DESC,id DESC LIMIT ?
[2026-09-21 17:00:23.655] [gas-forecast] [] [] [c.g.f.d.m.M.selectList] [http-nio-8080-exec-9] [DEBUG] - ==> Parameters: 10(Long)
[2026-09-21 17:00:23.656] [gas-forecast] [] [] [c.g.f.d.m.M.selectList] [http-nio-8080-exec-9] [DEBUG] - <==      Total: 1
[2026-09-21 17:01:35.667] [gas-forecast] [] [] [c.g.f.d.m.M.selectList_mpCount] [http-nio-8080-exec-2] [DEBUG] - ==>  Preparing: SELECT COUNT(*) AS total FROM model_forecast_config_tb
[2026-09-21 17:01:35.676] [gas-forecast] [] [] [c.g.f.d.m.M.selectList_mpCount] [http-nio-8080-exec-2] [DEBUG] - ==> Parameters: 
[2026-09-21 17:01:35.687] [gas-forecast] [] [] [c.g.f.d.m.M.selectList_mpCount] [http-nio-8080-exec-2] [DEBUG] - <==      Total: 1
[2026-09-21 17:01:35.689] [gas-forecast] [] [] [c.g.f.d.m.SysUserTbMapper.selectList] [http-nio-8080-exec-1] [DEBUG] - ==>  Preparing: SELECT id,username,real_name,password_hash,password_salt,avatar,email,phone,org_code,status,deleted,created_at,updated_at FROM sys_user_tb WHERE (username = ? AND deleted = ?)
[2026-09-21 17:01:35.690] [gas-forecast] [] [] [c.g.f.d.m.SysUserTbMapper.selectList] [http-nio-8080-exec-1] [DEBUG] - ==> Parameters: admin(String), 0(Integer)
[2026-09-21 17:01:35.690] [gas-forecast] [] [] [c.g.f.d.m.M.selectList] [http-nio-8080-exec-2] [DEBUG] - ==>  Preparing: SELECT id,forecast_name,agent_code,scope_type,region_code,region_name,industry_code,industry_name,customer_code,customer_name,forecast_start_date,forecast_horizon,forecast_frequency,auto_forecast,train_config_code,weather_source,feature_snapshot,request_param,response_param,enabled,remark,created_by,created_by_name,created_at,updated_at FROM model_forecast_config_tb ORDER BY updated_at DESC,id DESC LIMIT ?
[2026-09-21 17:01:35.690] [gas-forecast] [] [] [c.g.f.d.m.M.selectList] [http-nio-8080-exec-2] [DEBUG] - ==> Parameters: 10(Long)
[2026-09-21 17:01:35.691] [gas-forecast] [] [] [c.g.f.d.m.SysUserTbMapper.selectList] [http-nio-8080-exec-1] [DEBUG] - <==      Total: 1
[2026-09-21 17:01:35.692] [gas-forecast] [] [] [c.g.f.d.m.M.selectList] [http-nio-8080-exec-2] [DEBUG] - <==      Total: 1
[2026-09-21 17:01:35.692] [gas-forecast] [] [] [c.g.f.d.m.S.selectRoleCodesByUsername] [http-nio-8080-exec-1] [DEBUG] - ==>  Preparing: select r.role_code from sys_user_tb u join sys_user_role_ref ur on ur.user_id = u.id join sys_role_tb r on r.id = ur.role_id where u.username = ? order by r.role_code
[2026-09-21 17:01:35.692] [gas-forecast] [] [] [c.g.f.d.m.S.selectRoleCodesByUsername] [http-nio-8080-exec-1] [DEBUG] - ==> Parameters: admin(String)
[2026-09-21 17:01:35.693] [gas-forecast] [] [] [c.g.f.d.m.S.selectRoleCodesByUsername] [http-nio-8080-exec-1] [DEBUG] - <==      Total: 1
[2026-09-21 17:01:35.694] [gas-forecast] [] [] [c.g.f.d.m.S.selectByUsername] [http-nio-8080-exec-1] [DEBUG] - ==>  Preparing: select distinct p.* from sys_permission_tb p where p.status = 1 and ( exists ( select 1 from sys_user_tb u join sys_user_role_ref ur on ur.user_id = u.id join sys_role_permission_ref rp on rp.role_id = ur.role_id where rp.permission_id = p.id and u.username = ? and u.deleted = 0 ) or exists ( select 1 from sys_user_tb u join sys_user_department_ref ud on ud.user_id = u.id join sys_department_permission_ref dp on dp.department_id = ud.department_id where dp.permission_id = p.id and u.username = ? and u.deleted = 0 ) ) order by p.sort_no, p.id
[2026-09-21 17:01:35.694] [gas-forecast] [] [] [c.g.f.d.m.S.selectByUsername] [http-nio-8080-exec-1] [DEBUG] - ==> Parameters: admin(String), admin(String)
[2026-09-21 17:01:35.699] [gas-forecast] [] [] [c.g.f.d.m.S.selectByUsername] [http-nio-8080-exec-1] [DEBUG] - <==      Total: 56
[2026-09-21 17:06:49.493] [gas-forecast] [] [] [c.g.f.d.m.M.selectList_mpCount] [http-nio-8080-exec-3] [DEBUG] - ==>  Preparing: SELECT COUNT(*) AS total FROM model_forecast_config_tb
[2026-09-21 17:06:49.493] [gas-forecast] [] [] [c.g.f.d.m.M.selectList_mpCount] [http-nio-8080-exec-3] [DEBUG] - ==> Parameters: 
[2026-09-21 17:06:49.500] [gas-forecast] [] [] [c.g.f.d.m.M.selectList_mpCount] [http-nio-8080-exec-3] [DEBUG] - <==      Total: 1
[2026-09-21 17:06:49.500] [gas-forecast] [] [] [c.g.f.d.m.M.selectList] [http-nio-8080-exec-3] [DEBUG] - ==>  Preparing: SELECT id,forecast_name,agent_code,scope_type,region_code,region_name,industry_code,industry_name,customer_code,customer_name,forecast_start_date,forecast_horizon,forecast_frequency,auto_forecast,train_config_code,weather_source,feature_snapshot,request_param,response_param,enabled,remark,created_by,created_by_name,created_at,updated_at FROM model_forecast_config_tb ORDER BY updated_at DESC,id DESC LIMIT ?
[2026-09-21 17:06:49.500] [gas-forecast] [] [] [c.g.f.d.m.M.selectList] [http-nio-8080-exec-3] [DEBUG] - ==> Parameters: 10(Long)
[2026-09-21 17:07:39.620] [gas-forecast] [] [] [c.g.f.d.m.M.selectList_mpCount] [http-nio-8080-exec-2] [DEBUG] - ==>  Preparing: SELECT COUNT(*) AS total FROM model_forecast_config_tb
[2026-09-21 17:07:39.632] [gas-forecast] [] [] [c.g.f.d.m.M.selectList_mpCount] [http-nio-8080-exec-2] [DEBUG] - ==> Parameters: 
[2026-09-21 17:07:39.643] [gas-forecast] [] [] [c.g.f.d.m.M.selectList_mpCount] [http-nio-8080-exec-2] [DEBUG] - <==      Total: 1
[2026-09-21 17:07:39.645] [gas-forecast] [] [] [c.g.f.d.m.M.selectList] [http-nio-8080-exec-2] [DEBUG] - ==>  Preparing: SELECT id,forecast_name,agent_code,scope_type,region_code,region_name,industry_code,industry_name,customer_code,customer_name,forecast_start_date,forecast_horizon,forecast_frequency,auto_forecast,train_config_code,enabled,remark,created_by,created_by_name,created_at,updated_at FROM model_forecast_config_tb ORDER BY updated_at DESC,id DESC LIMIT ?
[2026-09-21 17:07:39.646] [gas-forecast] [] [] [c.g.f.d.m.M.selectList] [http-nio-8080-exec-2] [DEBUG] - ==> Parameters: 10(Long)
[2026-09-21 17:07:39.647] [gas-forecast] [] [] [c.g.f.d.m.SysUserTbMapper.selectList] [http-nio-8080-exec-1] [DEBUG] - ==>  Preparing: SELECT id,username,real_name,password_hash,password_salt,avatar,email,phone,org_code,status,deleted,created_at,updated_at FROM sys_user_tb WHERE (username = ? AND deleted = ?)
[2026-09-21 17:07:39.648] [gas-forecast] [] [] [c.g.f.d.m.M.selectList] [http-nio-8080-exec-2] [DEBUG] - <==      Total: 1
[2026-09-21 17:07:39.648] [gas-forecast] [] [] [c.g.f.d.m.SysUserTbMapper.selectList] [http-nio-8080-exec-1] [DEBUG] - ==> Parameters: admin(String), 0(Integer)
[2026-09-21 17:07:39.649] [gas-forecast] [] [] [c.g.f.d.m.SysUserTbMapper.selectList] [http-nio-8080-exec-1] [DEBUG] - <==      Total: 1
[2026-09-21 17:07:39.650] [gas-forecast] [] [] [c.g.f.d.m.S.selectRoleCodesByUsername] [http-nio-8080-exec-1] [DEBUG] - ==>  Preparing: select r.role_code from sys_user_tb u join sys_user_role_ref ur on ur.user_id = u.id join sys_role_tb r on r.id = ur.role_id where u.username = ? order by r.role_code
[2026-09-21 17:07:39.650] [gas-forecast] [] [] [c.g.f.d.m.S.selectRoleCodesByUsername] [http-nio-8080-exec-1] [DEBUG] - ==> Parameters: admin(String)
[2026-09-21 17:07:39.651] [gas-forecast] [] [] [c.g.f.d.m.S.selectRoleCodesByUsername] [http-nio-8080-exec-1] [DEBUG] - <==      Total: 1
[2026-09-21 17:07:39.651] [gas-forecast] [] [] [c.g.f.d.m.S.selectByUsername] [http-nio-8080-exec-1] [DEBUG] - ==>  Preparing: select distinct p.* from sys_permission_tb p where p.status = 1 and ( exists ( select 1 from sys_user_tb u join sys_user_role_ref ur on ur.user_id = u.id join sys_role_permission_ref rp on rp.role_id = ur.role_id where rp.permission_id = p.id and u.username = ? and u.deleted = 0 ) or exists ( select 1 from sys_user_tb u join sys_user_department_ref ud on ud.user_id = u.id join sys_department_permission_ref dp on dp.department_id = ud.department_id where dp.permission_id = p.id and u.username = ? and u.deleted = 0 ) ) order by p.sort_no, p.id
[2026-09-21 17:07:39.651] [gas-forecast] [] [] [c.g.f.d.m.S.selectByUsername] [http-nio-8080-exec-1] [DEBUG] - ==> Parameters: admin(String), admin(String)
[2026-09-21 17:07:39.656] [gas-forecast] [] [] [c.g.f.d.m.S.selectByUsername] [http-nio-8080-exec-1] [DEBUG] - <==      Total: 56
[2026-09-21 17:08:21.347] [gas-forecast] [] [] [c.g.f.d.m.SysUserTbMapper.selectList] [http-nio-8080-exec-3] [DEBUG] - ==>  Preparing: SELECT id,username,real_name,password_hash,password_salt,avatar,email,phone,org_code,status,deleted,created_at,updated_at FROM sys_user_tb WHERE (username = ? AND deleted = ?)
[2026-09-21 17:08:21.348] [gas-forecast] [] [] [c.g.f.d.m.SysUserTbMapper.selectList] [http-nio-8080-exec-3] [DEBUG] - ==> Parameters: admin(String), 0(Integer)
[2026-09-21 17:08:21.351] [gas-forecast] [] [] [c.g.f.d.m.SysUserTbMapper.selectList] [http-nio-8080-exec-3] [DEBUG] - <==      Total: 1
[2026-09-21 17:08:21.352] [gas-forecast] [] [] [c.g.f.d.m.S.selectRoleCodesByUsername] [http-nio-8080-exec-3] [DEBUG] - ==>  Preparing: select r.role_code from sys_user_tb u join sys_user_role_ref ur on ur.user_id = u.id join sys_role_tb r on r.id = ur.role_id where u.username = ? order by r.role_code
[2026-09-21 17:08:21.352] [gas-forecast] [] [] [c.g.f.d.m.S.selectRoleCodesByUsername] [http-nio-8080-exec-3] [DEBUG] - ==> Parameters: admin(String)
[2026-09-21 17:08:21.354] [gas-forecast] [] [] [c.g.f.d.m.S.selectRoleCodesByUsername] [http-nio-8080-exec-3] [DEBUG] - <==      Total: 1
[2026-09-21 17:08:21.355] [gas-forecast] [] [] [c.g.f.d.m.S.selectByUsername] [http-nio-8080-exec-3] [DEBUG] - ==>  Preparing: select distinct p.* from sys_permission_tb p where p.status = 1 and ( exists ( select 1 from sys_user_tb u join sys_user_role_ref ur on ur.user_id = u.id join sys_role_permission_ref rp on rp.role_id = ur.role_id where rp.permission_id = p.id and u.username = ? and u.deleted = 0 ) or exists ( select 1 from sys_user_tb u join sys_user_department_ref ud on ud.user_id = u.id join sys_department_permission_ref dp on dp.department_id = ud.department_id where dp.permission_id = p.id and u.username = ? and u.deleted = 0 ) ) order by p.sort_no, p.id
[2026-09-21 17:08:21.355] [gas-forecast] [] [] [c.g.f.d.m.S.selectByUsername] [http-nio-8080-exec-3] [DEBUG] - ==> Parameters: admin(String), admin(String)
[2026-09-21 17:08:21.360] [gas-forecast] [] [] [c.g.f.d.m.S.selectByUsername] [http-nio-8080-exec-3] [DEBUG] - <==      Total: 56
[2026-09-21 17:08:21.367] [gas-forecast] [] [] [c.g.f.d.m.M.selectList_mpCount] [http-nio-8080-exec-4] [DEBUG] - ==>  Preparing: SELECT COUNT(*) AS total FROM model_forecast_config_tb
[2026-09-21 17:08:21.367] [gas-forecast] [] [] [c.g.f.d.m.M.selectList_mpCount] [http-nio-8080-exec-4] [DEBUG] - ==> Parameters: 
[2026-09-21 17:08:21.370] [gas-forecast] [] [] [c.g.f.d.m.M.selectList_mpCount] [http-nio-8080-exec-4] [DEBUG] - <==      Total: 1
[2026-09-21 17:08:21.370] [gas-forecast] [] [] [c.g.f.d.m.M.selectList] [http-nio-8080-exec-4] [DEBUG] - ==>  Preparing: SELECT id,forecast_name,agent_code,scope_type,region_code,region_name,industry_code,industry_name,customer_code,customer_name,forecast_start_date,forecast_horizon,forecast_frequency,auto_forecast,train_config_code,enabled,remark,created_by,created_by_name,created_at,updated_at FROM model_forecast_config_tb ORDER BY updated_at DESC,id DESC LIMIT ?
[2026-09-21 17:08:21.370] [gas-forecast] [] [] [c.g.f.d.m.M.selectList] [http-nio-8080-exec-4] [DEBUG] - ==> Parameters: 10(Long)
[2026-09-21 17:08:21.372] [gas-forecast] [] [] [c.g.f.d.m.M.selectList] [http-nio-8080-exec-4] [DEBUG] - <==      Total: 1
[2026-09-21 17:08:32.536] [gas-forecast] [] [] [c.g.f.d.m.M.selectList_mpCount] [http-nio-8080-exec-5] [DEBUG] - ==>  Preparing: SELECT COUNT(*) AS total FROM model_forecast_record_tb WHERE (forecast_id = ?)
[2026-09-21 17:08:32.537] [gas-forecast] [] [] [c.g.f.d.m.M.selectList_mpCount] [http-nio-8080-exec-5] [DEBUG] - ==> Parameters: 2(Long)
[2026-09-21 17:08:32.538] [gas-forecast] [] [] [c.g.f.d.m.M.selectList_mpCount] [http-nio-8080-exec-5] [DEBUG] - <==      Total: 1
[2026-09-21 17:08:35.197] [gas-forecast] [] [] [c.g.f.d.m.M.selectList_mpCount] [http-nio-8080-exec-6] [DEBUG] - ==>  Preparing: SELECT COUNT(*) AS total FROM model_train_config_tb
[2026-09-21 17:08:35.197] [gas-forecast] [] [] [c.g.f.d.m.M.selectList_mpCount] [http-nio-8080-exec-6] [DEBUG] - ==> Parameters: 
[2026-09-21 17:08:35.199] [gas-forecast] [] [] [c.g.f.d.m.M.selectList_mpCount] [http-nio-8080-exec-6] [DEBUG] - <==      Total: 1
[2026-09-21 17:08:35.199] [gas-forecast] [] [] [c.g.f.d.m.M.selectList] [http-nio-8080-exec-6] [DEBUG] - ==>  Preparing: SELECT id,train_code,train_name,agent_code,model_id,model_code,model_name,scope_type,region_code,region_name,industry_code,industry_name,customer_code,customer_name,train_start_date,train_end_date,train_mode,time_granularity,recent_periods,enabled,remark,created_by,created_by_name,created_at,updated_at FROM model_train_config_tb ORDER BY updated_at DESC,id DESC LIMIT ?
[2026-09-21 17:08:35.199] [gas-forecast] [] [] [c.g.f.d.m.M.selectList] [http-nio-8080-exec-6] [DEBUG] - ==> Parameters: 1000(Long)
[2026-09-21 17:08:35.201] [gas-forecast] [] [] [c.g.f.d.m.M.selectList] [http-nio-8080-exec-6] [DEBUG] - <==      Total: 2
[2026-09-21 17:08:40.491] [gas-forecast] [] [] [c.g.f.d.m.M.selectList_mpCount] [http-nio-8080-exec-7] [DEBUG] - ==>  Preparing: SELECT COUNT(*) AS total FROM model_forecast_record_tb WHERE (forecast_id = ?)
[2026-09-21 17:08:40.492] [gas-forecast] [] [] [c.g.f.d.m.M.selectList_mpCount] [http-nio-8080-exec-7] [DEBUG] - ==> Parameters: 2(Long)
[2026-09-21 17:08:40.493] [gas-forecast] [] [] [c.g.f.d.m.M.selectList_mpCount] [http-nio-8080-exec-7] [DEBUG] - <==      Total: 1
[2026-09-21 17:08:47.434] [gas-forecast] [] [] [c.g.f.d.m.M.selectById] [http-nio-8080-exec-8] [DEBUG] - ==>  Preparing: SELECT id,forecast_name,agent_code,scope_type,region_code,region_name,industry_code,industry_name,customer_code,customer_name,forecast_start_date,forecast_horizon,forecast_frequency,auto_forecast,train_config_code,enabled,remark,created_by,created_by_name,created_at,updated_at FROM model_forecast_config_tb WHERE id=?
[2026-09-21 17:08:47.434] [gas-forecast] [] [] [c.g.f.d.m.M.selectById] [http-nio-8080-exec-8] [DEBUG] - ==> Parameters: 2(Long)
[2026-09-21 17:08:47.435] [gas-forecast] [] [] [c.g.f.d.m.M.selectById] [http-nio-8080-exec-8] [DEBUG] - <==      Total: 1
[2026-09-21 17:08:47.436] [gas-forecast] [] [] [c.g.f.d.m.M.selectList] [http-nio-8080-exec-8] [DEBUG] - ==>  Preparing: SELECT id,train_code,train_name,agent_code,model_id,model_code,model_name,scope_type,region_code,region_name,industry_code,industry_name,customer_code,customer_name,train_start_date,train_end_date,train_mode,time_granularity,recent_periods,enabled,remark,created_by,created_by_name,created_at,updated_at FROM model_train_config_tb WHERE (train_code = ?) limit 1
[2026-09-21 17:08:47.436] [gas-forecast] [] [] [c.g.f.d.m.M.selectList] [http-nio-8080-exec-8] [DEBUG] - ==> Parameters: TRCFG-00002(String)
[2026-09-21 17:08:47.436] [gas-forecast] [] [] [c.g.f.d.m.M.selectList] [http-nio-8080-exec-8] [DEBUG] - <==      Total: 1
[2026-09-21 17:08:47.437] [gas-forecast] [] [] [c.g.f.d.m.M.selectList] [http-nio-8080-exec-8] [DEBUG] - ==>  Preparing: SELECT id,batch_no,agent_code,region_code,region_name,customer_code,customer_name,industry_code,industry_name,train_start_date,train_end_date,status,best_model,mape,wmape,smape,rmse,mae,r2,train_duration_seconds,result_json,error_message,created_by,created_by_name,created_at,updated_at,model_version,request_param FROM model_train_record_tb WHERE (agent_code = ? AND status = ? AND region_code = ?) ORDER BY updated_at DESC,id DESC limit 1
[2026-09-21 17:08:47.437] [gas-forecast] [] [] [c.g.f.d.m.M.selectList] [http-nio-8080-exec-8] [DEBUG] - ==> Parameters: short-term(String), SUCCESS(String), REG000012(String)
[2026-09-21 17:08:47.459] [gas-forecast] [] [] [c.g.f.d.m.M.selectList] [http-nio-8080-exec-8] [DEBUG] - <==      Total: 1
[2026-09-21 17:08:47.462] [gas-forecast] [] [] [c.g.f.d.m.M.insert] [http-nio-8080-exec-8] [DEBUG] - ==>  Preparing: INSERT INTO model_forecast_record_tb ( forecast_id, agent_code, scope_type, region_code, region_name, industry_code, industry_name, customer_code, customer_name, forecast_start_date, forecast_horizon, forecast_frequency, auto_forecast, status, remark, created_by, created_by_name, created_at, updated_at ) VALUES ( ?, ?, ?, ?, ?, ?, ?, ?, ?, ?, ?, ?, ?, ?, ?, ?, ?, ?, ? )
[2026-09-21 17:08:47.462] [gas-forecast] [] [] [c.g.f.d.m.M.insert] [http-nio-8080-exec-8] [DEBUG] - ==> Parameters: 2(Long), short-term(String), REGION(String), REG000012(String), 江苏(String), (String), (String), (String), (String), 2026-09-02(String), 30(Integer), DAILY(String), 0(Integer), 1(Integer), (String), system(String), 系统(String), 2026-09-21 17:08:47.46(Timestamp), 2026-09-21 17:08:47.46(Timestamp)
[2026-09-21 17:08:47.467] [gas-forecast] [] [] [c.g.f.d.m.M.insert] [http-nio-8080-exec-8] [DEBUG] - <==    Updates: 1
[2026-09-21 17:08:47.470] [gas-forecast] [] [] [c.g.f.d.m.M.updateById] [http-nio-8080-exec-8] [DEBUG] - ==>  Preparing: UPDATE model_forecast_record_tb SET forecast_id=?, forecast_batch_no=?, agent_code=?, scope_type=?, region_code=?, region_name=?, industry_code=?, industry_name=?, customer_code=?, customer_name=?, forecast_start_date=?, forecast_horizon=?, forecast_frequency=?, auto_forecast=?, status=?, remark=?, created_by=?, created_by_name=?, created_at=?, updated_at=? WHERE id=?
[2026-09-21 17:08:47.470] [gas-forecast] [] [] [c.g.f.d.m.M.updateById] [http-nio-8080-exec-8] [DEBUG] - ==> Parameters: 2(Long), 2(Integer), short-term(String), REGION(String), REG000012(String), 江苏(String), (String), (String), (String), (String), 2026-09-02(String), 30(Integer), DAILY(String), 0(Integer), 1(Integer), (String), system(String), 系统(String), 2026-09-21 17:08:47.46(Timestamp), 2026-09-21 17:08:47.46(Timestamp), 2(Long)
[2026-09-21 17:08:47.472] [gas-forecast] [] [] [c.g.f.d.m.M.updateById] [http-nio-8080-exec-8] [DEBUG] - <==    Updates: 1
[2026-09-21 17:08:47.473] [gas-forecast] [] [] [c.g.f.d.m.M.selectList] [http-nio-8080-exec-8] [DEBUG] - ==>  Preparing: SELECT id,stat_date,time_granularity,region_code,region_name,customer_code,customer_name,industry_code,industry_name,gas_sales,feature_001,feature_002,feature_003,feature_004,feature_005,feature_006,feature_007,feature_008,feature_009,feature_010,feature_011,feature_012,feature_013,feature_014,feature_015,feature_016,feature_017,feature_018,feature_019,feature_020,feature_021,feature_022,feature_023,feature_024,feature_025,feature_026,feature_027,feature_028,feature_029,feature_030,feature_031,feature_032,feature_033,feature_034,feature_035,feature_036,feature_037,feature_038,feature_039,feature_040,feature_041,feature_042,feature_043,feature_044,feature_045,feature_046,feature_047,feature_048,feature_049,feature_050,feature_051,feature_052,feature_053,feature_054,feature_055,feature_056,feature_057,feature_058,feature_059,feature_060,feature_061,feature_062,feature_063,feature_064,feature_065,feature_066,feature_067,feature_068,feature_069,feature_070,feature_071,feature_072,feature_073,feature_074,feature_075,feature_076,feature_077,feature_078,feature_079,feature_080,feature_081,feature_082,feature_083,feature_084,feature_085,feature_086,feature_087,feature_088,feature_089,feature_090,feature_091,feature_092,feature_093,feature_094,feature_095,feature_096,feature_097,feature_098,feature_099,feature_100,feature_101,feature_102,feature_103,feature_104,feature_105,feature_106,feature_107,feature_108,feature_109,feature_110,feature_111,feature_112,feature_113,feature_114,feature_115,feature_116,feature_117,feature_118,feature_119,feature_120,feature_121,feature_122,feature_123,feature_124,feature_125,feature_126,feature_127,feature_128,feature_129,feature_130,feature_131,feature_132,feature_133,feature_134,feature_135,feature_136,feature_137,feature_138,feature_139,feature_140,feature_141,feature_142,feature_143,feature_144,feature_145,feature_146,feature_147,feature_148,feature_149,feature_150,feature_151,feature_152,feature_153,feature_154,feature_155,feature_156,feature_157,feature_158,feature_159,feature_160,feature_161,feature_162,feature_163,feature_164,feature_165,feature_166,feature_167,feature_168,feature_169,feature_170,feature_171,feature_172,feature_173,feature_174,feature_175,feature_176,feature_177,feature_178,feature_179,feature_180,feature_181,feature_182,feature_183,feature_184,feature_185,feature_186,feature_187,feature_188,feature_189,feature_190,feature_191,feature_192,feature_193,feature_194,feature_195,feature_196,feature_197,feature_198,feature_199,feature_200,create_time,update_time FROM model_train_feature_data_tb WHERE (time_granularity = ? AND stat_date >= ? AND region_code = ?) ORDER BY stat_date ASC,id ASC limit 30
[2026-09-21 17:08:47.473] [gas-forecast] [] [] [c.g.f.d.m.M.selectList] [http-nio-8080-exec-8] [DEBUG] - ==> Parameters: DAY(String), 2026-09-02(String), REG000012(String)
[2026-09-21 17:08:47.475] [gas-forecast] [] [] [c.g.f.d.m.M.selectList] [http-nio-8080-exec-8] [DEBUG] - <==      Total: 0
[2026-09-21 17:08:47.475] [gas-forecast] [] [] [c.g.f.d.m.M.updateById] [http-nio-8080-exec-8] [DEBUG] - ==>  Preparing: UPDATE model_forecast_record_tb SET forecast_id=?, forecast_batch_no=?, agent_code=?, scope_type=?, region_code=?, region_name=?, industry_code=?, industry_name=?, customer_code=?, customer_name=?, forecast_start_date=?, forecast_horizon=?, forecast_frequency=?, auto_forecast=?, response_param=?, status=?, remark=?, created_by=?, created_by_name=?, created_at=?, updated_at=?, forecast_end_time=? WHERE id=?
[2026-09-21 17:08:47.476] [gas-forecast] [] [] [c.g.f.d.m.M.updateById] [http-nio-8080-exec-8] [DEBUG] - ==> Parameters: 2(Long), 2(Integer), short-term(String), REGION(String), REG000012(String), 江苏(String), (String), (String), (String), (String), 2026-09-02(String), 30(Integer), DAILY(String), 0(Integer), [B@3a5c5841(byte[]), 3(Integer), (String), system(String), 系统(String), 2026-09-21 17:08:47.46(Timestamp), 2026-09-21 17:08:47.475(Timestamp), 2026-09-21 17:08:47(String), 2(Long)
[2026-09-21 17:08:47.478] [gas-forecast] [] [] [c.g.f.d.m.M.updateById] [http-nio-8080-exec-8] [DEBUG] - <==    Updates: 1
[2026-09-21 17:13:27.449] [gas-forecast] [] [] [c.g.f.d.m.M.selectList_mpCount] [http-nio-8080-exec-9] [DEBUG] - ==>  Preparing: SELECT COUNT(*) AS total FROM model_forecast_config_tb
[2026-09-21 17:13:27.450] [gas-forecast] [] [] [c.g.f.d.m.M.selectList_mpCount] [http-nio-8080-exec-9] [DEBUG] - ==> Parameters: 
[2026-09-21 17:13:27.458] [gas-forecast] [] [] [c.g.f.d.m.M.selectList_mpCount] [http-nio-8080-exec-9] [DEBUG] - <==      Total: 1
[2026-09-21 17:13:27.458] [gas-forecast] [] [] [c.g.f.d.m.M.selectList] [http-nio-8080-exec-9] [DEBUG] - ==>  Preparing: SELECT id,forecast_name,agent_code,scope_type,region_code,region_name,industry_code,industry_name,customer_code,customer_name,forecast_start_date,forecast_horizon,forecast_frequency,auto_forecast,train_config_code,enabled,remark,created_by,created_by_name,created_at,updated_at FROM model_forecast_config_tb ORDER BY updated_at DESC,id DESC LIMIT ?
[2026-09-21 17:13:27.458] [gas-forecast] [] [] [c.g.f.d.m.M.selectList] [http-nio-8080-exec-9] [DEBUG] - ==> Parameters: 10(Long)
[2026-09-21 17:13:27.459] [gas-forecast] [] [] [c.g.f.d.m.M.selectList] [http-nio-8080-exec-9] [DEBUG] - <==      Total: 1
[2026-09-21 17:13:39.213] [gas-forecast] [] [] [c.g.f.d.m.M.selectList_mpCount] [http-nio-8080-exec-10] [DEBUG] - ==>  Preparing: SELECT COUNT(*) AS total FROM model_forecast_config_tb
[2026-09-21 17:13:39.213] [gas-forecast] [] [] [c.g.f.d.m.M.selectList_mpCount] [http-nio-8080-exec-10] [DEBUG] - ==> Parameters: 
[2026-09-21 17:13:39.214] [gas-forecast] [] [] [c.g.f.d.m.M.selectList_mpCount] [http-nio-8080-exec-10] [DEBUG] - <==      Total: 1
[2026-09-21 17:13:39.214] [gas-forecast] [] [] [c.g.f.d.m.M.selectList] [http-nio-8080-exec-10] [DEBUG] - ==>  Preparing: SELECT id,forecast_name,agent_code,scope_type,region_code,region_name,industry_code,industry_name,customer_code,customer_name,forecast_start_date,forecast_horizon,forecast_frequency,auto_forecast,train_config_code,enabled,remark,created_by,created_by_name,created_at,updated_at FROM model_forecast_config_tb ORDER BY updated_at DESC,id DESC LIMIT ?
[2026-09-21 17:13:39.214] [gas-forecast] [] [] [c.g.f.d.m.M.selectList] [http-nio-8080-exec-10] [DEBUG] - ==> Parameters: 10(Long)
[2026-09-21 17:13:39.215] [gas-forecast] [] [] [c.g.f.d.m.M.selectList] [http-nio-8080-exec-10] [DEBUG] - <==      Total: 1
[2026-09-21 17:15:42.338] [gas-forecast] [] [] [c.g.f.d.m.M.selectList_mpCount] [http-nio-8080-exec-1] [DEBUG] - ==>  Preparing: SELECT COUNT(*) AS total FROM model_train_config_tb
[2026-09-21 17:15:42.348] [gas-forecast] [] [] [c.g.f.d.m.M.selectList_mpCount] [http-nio-8080-exec-1] [DEBUG] - ==> Parameters: 
[2026-09-21 17:15:42.360] [gas-forecast] [] [] [c.g.f.d.m.M.selectList_mpCount] [http-nio-8080-exec-1] [DEBUG] - <==      Total: 1
[2026-09-21 17:15:42.362] [gas-forecast] [] [] [c.g.f.d.m.M.selectList] [http-nio-8080-exec-1] [DEBUG] - ==>  Preparing: SELECT id,train_code,train_name,agent_code,model_id,model_code,model_name,scope_type,region_code,region_name,industry_code,industry_name,customer_code,customer_name,train_start_date,train_end_date,train_mode,time_granularity,recent_periods,enabled,remark,created_by,created_by_name,created_at,updated_at FROM model_train_config_tb ORDER BY updated_at DESC,id DESC LIMIT ?
[2026-09-21 17:15:42.363] [gas-forecast] [] [] [c.g.f.d.m.M.selectList] [http-nio-8080-exec-1] [DEBUG] - ==> Parameters: 1000(Long)
[2026-09-21 17:15:42.366] [gas-forecast] [] [] [c.g.f.d.m.M.selectList] [http-nio-8080-exec-1] [DEBUG] - <==      Total: 2
[2026-09-21 17:16:03.015] [gas-forecast] [] [] [c.g.f.d.m.M.selectById] [http-nio-8080-exec-2] [DEBUG] - ==>  Preparing: SELECT id,forecast_name,agent_code,scope_type,region_code,region_name,industry_code,industry_name,customer_code,customer_name,forecast_start_date,forecast_horizon,forecast_frequency,auto_forecast,train_config_code,enabled,remark,created_by,created_by_name,created_at,updated_at FROM model_forecast_config_tb WHERE id=?
[2026-09-21 17:16:03.015] [gas-forecast] [] [] [c.g.f.d.m.M.selectById] [http-nio-8080-exec-2] [DEBUG] - ==> Parameters: 2(Long)
[2026-09-21 17:16:03.021] [gas-forecast] [] [] [c.g.f.d.m.M.selectById] [http-nio-8080-exec-2] [DEBUG] - <==      Total: 1
[2026-09-21 17:16:03.023] [gas-forecast] [] [] [c.g.f.d.m.M.selectList] [http-nio-8080-exec-2] [DEBUG] - ==>  Preparing: SELECT id,train_code,train_name,agent_code,model_id,model_code,model_name,scope_type,region_code,region_name,industry_code,industry_name,customer_code,customer_name,train_start_date,train_end_date,train_mode,time_granularity,recent_periods,enabled,remark,created_by,created_by_name,created_at,updated_at FROM model_train_config_tb WHERE (train_code = ?) limit 1
[2026-09-21 17:16:03.023] [gas-forecast] [] [] [c.g.f.d.m.M.selectList] [http-nio-8080-exec-2] [DEBUG] - ==> Parameters: TRCFG-00002(String)
[2026-09-21 17:16:03.025] [gas-forecast] [] [] [c.g.f.d.m.M.selectList] [http-nio-8080-exec-2] [DEBUG] - <==      Total: 1
[2026-09-21 17:16:03.027] [gas-forecast] [] [] [c.g.f.d.m.M.updateById] [http-nio-8080-exec-2] [DEBUG] - ==>  Preparing: UPDATE model_forecast_config_tb SET forecast_name=?, agent_code=?, scope_type=?, region_code=?, region_name=?, industry_code=?, industry_name=?, customer_code=?, customer_name=?, forecast_start_date=?, forecast_horizon=?, forecast_frequency=?, auto_forecast=?, train_config_code=?, enabled=?, remark=?, created_by=?, created_by_name=?, created_at=?, updated_at=? WHERE id=?
[2026-09-21 17:16:03.028] [gas-forecast] [] [] [c.g.f.d.m.M.updateById] [http-nio-8080-exec-2] [DEBUG] - ==> Parameters: 测试(String), short-term(String), REGION(String), REG000012(String), 江苏(String), (String), (String), (String), (String), 2026-05-26(String), 30(Integer), DAILY(String), 0(Integer), TRCFG-00002(String), 1(Integer), (String), system(String), 系统(String), 2026-09-21 16:55:45.0(Timestamp), 2026-09-21 17:16:03.025(Timestamp), 2(Long)
[2026-09-21 17:16:03.032] [gas-forecast] [] [] [c.g.f.d.m.M.updateById] [http-nio-8080-exec-2] [DEBUG] - <==    Updates: 1
[2026-09-21 17:16:03.032] [gas-forecast] [] [] [c.g.f.d.m.M.selectById] [http-nio-8080-exec-2] [DEBUG] - ==>  Preparing: SELECT id,forecast_name,agent_code,scope_type,region_code,region_name,industry_code,industry_name,customer_code,customer_name,forecast_start_date,forecast_horizon,forecast_frequency,auto_forecast,train_config_code,enabled,remark,created_by,created_by_name,created_at,updated_at FROM model_forecast_config_tb WHERE id=?
[2026-09-21 17:16:03.032] [gas-forecast] [] [] [c.g.f.d.m.M.selectById] [http-nio-8080-exec-2] [DEBUG] - ==> Parameters: 2(Long)
[2026-09-21 17:16:03.033] [gas-forecast] [] [] [c.g.f.d.m.M.selectById] [http-nio-8080-exec-2] [DEBUG] - <==      Total: 1
[2026-09-21 17:16:03.045] [gas-forecast] [] [] [c.g.f.d.m.M.selectList_mpCount] [http-nio-8080-exec-3] [DEBUG] - ==>  Preparing: SELECT COUNT(*) AS total FROM model_forecast_config_tb
[2026-09-21 17:16:03.045] [gas-forecast] [] [] [c.g.f.d.m.M.selectList_mpCount] [http-nio-8080-exec-3] [DEBUG] - ==> Parameters: 
[2026-09-21 17:16:03.047] [gas-forecast] [] [] [c.g.f.d.m.M.selectList_mpCount] [http-nio-8080-exec-3] [DEBUG] - <==      Total: 1
[2026-09-21 17:16:03.047] [gas-forecast] [] [] [c.g.f.d.m.M.selectList] [http-nio-8080-exec-3] [DEBUG] - ==>  Preparing: SELECT id,forecast_name,agent_code,scope_type,region_code,region_name,industry_code,industry_name,customer_code,customer_name,forecast_start_date,forecast_horizon,forecast_frequency,auto_forecast,train_config_code,enabled,remark,created_by,created_by_name,created_at,updated_at FROM model_forecast_config_tb ORDER BY updated_at DESC,id DESC LIMIT ?
[2026-09-21 17:16:03.047] [gas-forecast] [] [] [c.g.f.d.m.M.selectList] [http-nio-8080-exec-3] [DEBUG] - ==> Parameters: 10(Long)
[2026-09-21 17:16:03.048] [gas-forecast] [] [] [c.g.f.d.m.M.selectList] [http-nio-8080-exec-3] [DEBUG] - <==      Total: 1
[2026-09-21 17:16:09.038] [gas-forecast] [] [] [c.g.f.d.m.M.selectById] [http-nio-8080-exec-4] [DEBUG] - ==>  Preparing: SELECT id,forecast_name,agent_code,scope_type,region_code,region_name,industry_code,industry_name,customer_code,customer_name,forecast_start_date,forecast_horizon,forecast_frequency,auto_forecast,train_config_code,enabled,remark,created_by,created_by_name,created_at,updated_at FROM model_forecast_config_tb WHERE id=?
[2026-09-21 17:16:09.038] [gas-forecast] [] [] [c.g.f.d.m.M.selectById] [http-nio-8080-exec-4] [DEBUG] - ==> Parameters: 2(Long)
[2026-09-21 17:16:09.039] [gas-forecast] [] [] [c.g.f.d.m.M.selectById] [http-nio-8080-exec-4] [DEBUG] - <==      Total: 1
[2026-09-21 17:16:09.040] [gas-forecast] [] [] [c.g.f.d.m.M.selectList] [http-nio-8080-exec-4] [DEBUG] - ==>  Preparing: SELECT id,train_code,train_name,agent_code,model_id,model_code,model_name,scope_type,region_code,region_name,industry_code,industry_name,customer_code,customer_name,train_start_date,train_end_date,train_mode,time_granularity,recent_periods,enabled,remark,created_by,created_by_name,created_at,updated_at FROM model_train_config_tb WHERE (train_code = ?) limit 1
[2026-09-21 17:16:09.040] [gas-forecast] [] [] [c.g.f.d.m.M.selectList] [http-nio-8080-exec-4] [DEBUG] - ==> Parameters: TRCFG-00002(String)
[2026-09-21 17:16:09.041] [gas-forecast] [] [] [c.g.f.d.m.M.selectList] [http-nio-8080-exec-4] [DEBUG] - <==      Total: 1
[2026-09-21 17:16:09.042] [gas-forecast] [] [] [c.g.f.d.m.M.selectList] [http-nio-8080-exec-4] [DEBUG] - ==>  Preparing: SELECT id,batch_no,agent_code,region_code,region_name,customer_code,customer_name,industry_code,industry_name,train_start_date,train_end_date,status,best_model,mape,wmape,smape,rmse,mae,r2,train_duration_seconds,result_json,error_message,created_by,created_by_name,created_at,updated_at,model_version,request_param FROM model_train_record_tb WHERE (agent_code = ? AND status = ? AND region_code = ?) ORDER BY updated_at DESC,id DESC limit 1
[2026-09-21 17:16:09.042] [gas-forecast] [] [] [c.g.f.d.m.M.selectList] [http-nio-8080-exec-4] [DEBUG] - ==> Parameters: short-term(String), SUCCESS(String), REG000012(String)
[2026-09-21 17:16:09.050] [gas-forecast] [] [] [c.g.f.d.m.M.selectList] [http-nio-8080-exec-4] [DEBUG] - <==      Total: 1
[2026-09-21 17:16:09.051] [gas-forecast] [] [] [c.g.f.d.m.M.insert] [http-nio-8080-exec-4] [DEBUG] - ==>  Preparing: INSERT INTO model_forecast_record_tb ( forecast_id, agent_code, scope_type, region_code, region_name, industry_code, industry_name, customer_code, customer_name, forecast_start_date, forecast_horizon, forecast_frequency, auto_forecast, status, remark, created_by, created_by_name, created_at, updated_at ) VALUES ( ?, ?, ?, ?, ?, ?, ?, ?, ?, ?, ?, ?, ?, ?, ?, ?, ?, ?, ? )
[2026-09-21 17:16:09.052] [gas-forecast] [] [] [c.g.f.d.m.M.insert] [http-nio-8080-exec-4] [DEBUG] - ==> Parameters: 2(Long), short-term(String), REGION(String), REG000012(String), 江苏(String), (String), (String), (String), (String), 2026-05-26(String), 30(Integer), DAILY(String), 0(Integer), 1(Integer), (String), system(String), 系统(String), 2026-09-21 17:16:09.05(Timestamp), 2026-09-21 17:16:09.05(Timestamp)
[2026-09-21 17:16:09.056] [gas-forecast] [] [] [c.g.f.d.m.M.insert] [http-nio-8080-exec-4] [DEBUG] - <==    Updates: 1
[2026-09-21 17:16:09.058] [gas-forecast] [] [] [c.g.f.d.m.M.updateById] [http-nio-8080-exec-4] [DEBUG] - ==>  Preparing: UPDATE model_forecast_record_tb SET forecast_id=?, forecast_batch_no=?, agent_code=?, scope_type=?, region_code=?, region_name=?, industry_code=?, industry_name=?, customer_code=?, customer_name=?, forecast_start_date=?, forecast_horizon=?, forecast_frequency=?, auto_forecast=?, status=?, remark=?, created_by=?, created_by_name=?, created_at=?, updated_at=? WHERE id=?
[2026-09-21 17:16:09.058] [gas-forecast] [] [] [c.g.f.d.m.M.updateById] [http-nio-8080-exec-4] [DEBUG] - ==> Parameters: 2(Long), 3(Integer), short-term(String), REGION(String), REG000012(String), 江苏(String), (String), (String), (String), (String), 2026-05-26(String), 30(Integer), DAILY(String), 0(Integer), 1(Integer), (String), system(String), 系统(String), 2026-09-21 17:16:09.05(Timestamp), 2026-09-21 17:16:09.05(Timestamp), 3(Long)
[2026-09-21 17:16:09.060] [gas-forecast] [] [] [c.g.f.d.m.M.updateById] [http-nio-8080-exec-4] [DEBUG] - <==    Updates: 1
[2026-09-21 17:16:09.063] [gas-forecast] [] [] [c.g.f.d.m.M.updateById] [http-nio-8080-exec-4] [DEBUG] - ==>  Preparing: UPDATE model_forecast_record_tb SET forecast_id=?, forecast_batch_no=?, agent_code=?, scope_type=?, region_code=?, region_name=?, industry_code=?, industry_name=?, customer_code=?, customer_name=?, forecast_start_date=?, forecast_horizon=?, forecast_frequency=?, auto_forecast=?, feature_snapshot=?, request_param=?, status=?, remark=?, created_by=?, created_by_name=?, created_at=?, updated_at=? WHERE id=?
[2026-09-21 17:16:09.064] [gas-forecast] [] [] [c.g.f.d.m.M.updateById] [http-nio-8080-exec-4] [DEBUG] - ==> Parameters: 2(Long), 3(Integer), short-term(String), REGION(String), REG000012(String), 江苏(String), (String), (String), (String), (String), 2026-05-26(String), 30(Integer), DAILY(String), 0(Integer), [B@61669afc(byte[]), [B@31df5676(byte[]), 1(Integer), (String), system(String), 系统(String), 2026-09-21 17:16:09.05(Timestamp), 2026-09-21 17:16:09.063(Timestamp), 3(Long)
[2026-09-21 17:16:09.069] [gas-forecast] [] [] [c.g.f.d.m.M.updateById] [http-nio-8080-exec-4] [DEBUG] - <==    Updates: 1
[2026-09-21 17:16:09.612] [gas-forecast] [] [] [c.g.f.d.m.M.updateById] [http-nio-8080-exec-4] [DEBUG] - ==>  Preparing: UPDATE model_forecast_record_tb SET forecast_id=?, forecast_batch_no=?, agent_code=?, scope_type=?, region_code=?, region_name=?, industry_code=?, industry_name=?, customer_code=?, customer_name=?, forecast_start_date=?, forecast_horizon=?, forecast_frequency=?, auto_forecast=?, feature_snapshot=?, request_param=?, response_param=?, status=?, remark=?, created_by=?, created_by_name=?, created_at=?, updated_at=?, forecast_end_time=? WHERE id=?
[2026-09-21 17:16:09.612] [gas-forecast] [] [] [c.g.f.d.m.M.updateById] [http-nio-8080-exec-4] [DEBUG] - ==> Parameters: 2(Long), 3(Integer), short-term(String), REGION(String), REG000012(String), 江苏(String), (String), (String), (String), (String), 2026-05-26(String), 30(Integer), DAILY(String), 0(Integer), [B@61669afc(byte[]), [B@31df5676(byte[]), [B@59b1e59d(byte[]), 3(Integer), (String), system(String), 系统(String), 2026-09-21 17:16:09.05(Timestamp), 2026-09-21 17:16:09.611(Timestamp), 2026-09-21 17:16:09(String), 3(Long)
[2026-09-21 17:16:09.617] [gas-forecast] [] [] [c.g.f.d.m.M.updateById] [http-nio-8080-exec-4] [DEBUG] - <==    Updates: 1
[2026-09-21 17:19:11.260] [gas-forecast] [] [] [c.g.f.d.m.M.selectList_mpCount] [http-nio-8080-exec-5] [DEBUG] - ==>  Preparing: SELECT COUNT(*) AS total FROM model_forecast_record_tb WHERE (forecast_id = ?)
[2026-09-21 17:19:11.260] [gas-forecast] [] [] [c.g.f.d.m.M.selectList_mpCount] [http-nio-8080-exec-5] [DEBUG] - ==> Parameters: 2(Long)
[2026-09-21 17:19:11.265] [gas-forecast] [] [] [c.g.f.d.m.M.selectList_mpCount] [http-nio-8080-exec-5] [DEBUG] - <==      Total: 1
[2026-09-21 17:19:11.265] [gas-forecast] [] [] [c.g.f.d.m.M.selectList] [http-nio-8080-exec-5] [DEBUG] - ==>  Preparing: SELECT id,forecast_id,forecast_batch_no,agent_code,scope_type,region_code,region_name,industry_code,industry_name,customer_code,customer_name,forecast_start_date,forecast_horizon,forecast_frequency,auto_forecast,status,remark,created_by,created_by_name,created_at,updated_at,forecast_end_time FROM model_forecast_record_tb WHERE (forecast_id = ?) ORDER BY created_at DESC,id DESC LIMIT ?
[2026-09-21 17:19:11.266] [gas-forecast] [] [] [c.g.f.d.m.M.selectList] [http-nio-8080-exec-5] [DEBUG] - ==> Parameters: 2(Long), 10(Long)
[2026-09-21 17:19:11.268] [gas-forecast] [] [] [c.g.f.d.m.M.selectList] [http-nio-8080-exec-5] [DEBUG] - <==      Total: 2
[2026-09-21 17:22:53.780] [gas-forecast] [] [] [c.g.f.d.m.M.selectList_mpCount] [http-nio-8080-exec-6] [DEBUG] - ==>  Preparing: SELECT COUNT(*) AS total FROM model_forecast_record_tb WHERE (forecast_id = ?)
[2026-09-21 17:22:53.780] [gas-forecast] [] [] [c.g.f.d.m.M.selectList_mpCount] [http-nio-8080-exec-6] [DEBUG] - ==> Parameters: 2(Long)
[2026-09-21 17:22:53.790] [gas-forecast] [] [] [c.g.f.d.m.M.selectList_mpCount] [http-nio-8080-exec-6] [DEBUG] - <==      Total: 1
[2026-09-21 17:22:53.791] [gas-forecast] [] [] [c.g.f.d.m.M.selectList] [http-nio-8080-exec-6] [DEBUG] - ==>  Preparing: SELECT id,forecast_id,forecast_batch_no,agent_code,scope_type,region_code,region_name,industry_code,industry_name,customer_code,customer_name,forecast_start_date,forecast_horizon,forecast_frequency,auto_forecast,status,remark,created_by,created_by_name,created_at,updated_at,forecast_end_time FROM model_forecast_record_tb WHERE (forecast_id = ?) ORDER BY created_at DESC,id DESC LIMIT ?
[2026-09-21 17:22:53.791] [gas-forecast] [] [] [c.g.f.d.m.M.selectList] [http-nio-8080-exec-6] [DEBUG] - ==> Parameters: 2(Long), 10(Long)
[2026-09-21 17:22:53.792] [gas-forecast] [] [] [c.g.f.d.m.M.selectList] [http-nio-8080-exec-6] [DEBUG] - <==      Total: 2
[2026-09-21 17:23:14.459] [gas-forecast] [] [] [c.g.f.d.m.M.selectById] [http-nio-8080-exec-7] [DEBUG] - ==>  Preparing: SELECT id,forecast_name,agent_code,scope_type,region_code,region_name,industry_code,industry_name,customer_code,customer_name,forecast_start_date,forecast_horizon,forecast_frequency,auto_forecast,train_config_code,enabled,remark,created_by,created_by_name,created_at,updated_at FROM model_forecast_config_tb WHERE id=?
[2026-09-21 17:23:14.460] [gas-forecast] [] [] [c.g.f.d.m.M.selectById] [http-nio-8080-exec-7] [DEBUG] - ==> Parameters: 2(Long)
[2026-09-21 17:23:14.464] [gas-forecast] [] [] [c.g.f.d.m.M.selectById] [http-nio-8080-exec-7] [DEBUG] - <==      Total: 1
[2026-09-21 17:23:14.465] [gas-forecast] [] [] [c.g.f.d.m.M.selectList] [http-nio-8080-exec-7] [DEBUG] - ==>  Preparing: SELECT id,train_code,train_name,agent_code,model_id,model_code,model_name,scope_type,region_code,region_name,industry_code,industry_name,customer_code,customer_name,train_start_date,train_end_date,train_mode,time_granularity,recent_periods,enabled,remark,created_by,created_by_name,created_at,updated_at FROM model_train_config_tb WHERE (train_code = ?) limit 1
[2026-09-21 17:23:14.465] [gas-forecast] [] [] [c.g.f.d.m.M.selectList] [http-nio-8080-exec-7] [DEBUG] - ==> Parameters: TRCFG-00002(String)
[2026-09-21 17:23:14.467] [gas-forecast] [] [] [c.g.f.d.m.M.selectList] [http-nio-8080-exec-7] [DEBUG] - <==      Total: 1
[2026-09-21 17:23:14.468] [gas-forecast] [] [] [c.g.f.d.m.M.selectList] [http-nio-8080-exec-7] [DEBUG] - ==>  Preparing: SELECT id,batch_no,agent_code,region_code,region_name,customer_code,customer_name,industry_code,industry_name,train_start_date,train_end_date,status,best_model,mape,wmape,smape,rmse,mae,r2,train_duration_seconds,result_json,error_message,created_by,created_by_name,created_at,updated_at,model_version,request_param FROM model_train_record_tb WHERE (agent_code = ? AND status = ? AND region_code = ?) ORDER BY updated_at DESC,id DESC limit 1
[2026-09-21 17:23:14.468] [gas-forecast] [] [] [c.g.f.d.m.M.selectList] [http-nio-8080-exec-7] [DEBUG] - ==> Parameters: short-term(String), SUCCESS(String), REG000012(String)
[2026-09-21 17:23:14.474] [gas-forecast] [] [] [c.g.f.d.m.M.selectList] [http-nio-8080-exec-7] [DEBUG] - <==      Total: 1
[2026-09-21 17:23:14.475] [gas-forecast] [] [] [c.g.f.d.m.M.insert] [http-nio-8080-exec-7] [DEBUG] - ==>  Preparing: INSERT INTO model_forecast_record_tb ( forecast_id, agent_code, scope_type, region_code, region_name, industry_code, industry_name, customer_code, customer_name, forecast_start_date, forecast_horizon, forecast_frequency, auto_forecast, status, remark, created_by, created_by_name, created_at, updated_at ) VALUES ( ?, ?, ?, ?, ?, ?, ?, ?, ?, ?, ?, ?, ?, ?, ?, ?, ?, ?, ? )
[2026-09-21 17:23:14.475] [gas-forecast] [] [] [c.g.f.d.m.M.insert] [http-nio-8080-exec-7] [DEBUG] - ==> Parameters: 2(Long), short-term(String), REGION(String), REG000012(String), 江苏(String), (String), (String), (String), (String), 2026-05-26(String), 30(Integer), DAILY(String), 0(Integer), 1(Integer), (String), system(String), 系统(String), 2026-09-21 17:23:14.475(Timestamp), 2026-09-21 17:23:14.475(Timestamp)
[2026-09-21 17:23:14.481] [gas-forecast] [] [] [c.g.f.d.m.M.insert] [http-nio-8080-exec-7] [DEBUG] - <==    Updates: 1
[2026-09-21 17:23:14.482] [gas-forecast] [] [] [c.g.f.d.m.M.updateById] [http-nio-8080-exec-7] [DEBUG] - ==>  Preparing: UPDATE model_forecast_record_tb SET forecast_id=?, forecast_batch_no=?, agent_code=?, scope_type=?, region_code=?, region_name=?, industry_code=?, industry_name=?, customer_code=?, customer_name=?, forecast_start_date=?, forecast_horizon=?, forecast_frequency=?, auto_forecast=?, status=?, remark=?, created_by=?, created_by_name=?, created_at=?, updated_at=? WHERE id=?
[2026-09-21 17:23:14.482] [gas-forecast] [] [] [c.g.f.d.m.M.updateById] [http-nio-8080-exec-7] [DEBUG] - ==> Parameters: 2(Long), 4(Integer), short-term(String), REGION(String), REG000012(String), 江苏(String), (String), (String), (String), (String), 2026-05-26(String), 30(Integer), DAILY(String), 0(Integer), 1(Integer), (String), system(String), 系统(String), 2026-09-21 17:23:14.475(Timestamp), 2026-09-21 17:23:14.475(Timestamp), 4(Long)
[2026-09-21 17:23:14.484] [gas-forecast] [] [] [c.g.f.d.m.M.updateById] [http-nio-8080-exec-7] [DEBUG] - <==    Updates: 1
[2026-09-21 17:23:14.485] [gas-forecast] [] [] [c.g.f.d.m.M.updateById] [http-nio-8080-exec-7] [DEBUG] - ==>  Preparing: UPDATE model_forecast_record_tb SET forecast_id=?, forecast_batch_no=?, agent_code=?, scope_type=?, region_code=?, region_name=?, industry_code=?, industry_name=?, customer_code=?, customer_name=?, forecast_start_date=?, forecast_horizon=?, forecast_frequency=?, auto_forecast=?, feature_snapshot=?, request_param=?, status=?, remark=?, created_by=?, created_by_name=?, created_at=?, updated_at=? WHERE id=?
[2026-09-21 17:23:14.486] [gas-forecast] [] [] [c.g.f.d.m.M.updateById] [http-nio-8080-exec-7] [DEBUG] - ==> Parameters: 2(Long), 4(Integer), short-term(String), REGION(String), REG000012(String), 江苏(String), (String), (String), (String), (String), 2026-05-26(String), 30(Integer), DAILY(String), 0(Integer), [B@6339903c(byte[]), [B@561f9b21(byte[]), 1(Integer), (String), system(String), 系统(String), 2026-09-21 17:23:14.475(Timestamp), 2026-09-21 17:23:14.485(Timestamp), 4(Long)
[2026-09-21 17:23:14.491] [gas-forecast] [] [] [c.g.f.d.m.M.updateById] [http-nio-8080-exec-7] [DEBUG] - <==    Updates: 1
[2026-09-21 17:23:15.638] [gas-forecast] [] [] [c.g.f.d.m.M.delete] [http-nio-8080-exec-7] [DEBUG] - ==>  Preparing: DELETE FROM model_forecast_result_tb WHERE (forecast_batch_no = ?)
[2026-09-21 17:23:15.638] [gas-forecast] [] [] [c.g.f.d.m.M.delete] [http-nio-8080-exec-7] [DEBUG] - ==> Parameters: F00004(String)
[2026-09-21 17:23:15.639] [gas-forecast] [] [] [c.g.f.d.m.M.delete] [http-nio-8080-exec-7] [DEBUG] - <==    Updates: 0
[2026-09-21 17:23:15.640] [gas-forecast] [] [] [c.g.f.d.m.M.insert] [http-nio-8080-exec-7] [DEBUG] - ==>  Preparing: INSERT INTO model_forecast_result_tb ( forecast_batch_no, forecast_date, forecast_value, created_at ) VALUES ( ?, ?, ?, ? )
[2026-09-21 17:23:15.640] [gas-forecast] [] [] [c.g.f.d.m.M.insert] [http-nio-8080-exec-7] [DEBUG] - ==> Parameters: F00004(String), 2026-05-26(String), 1847.8156697914865(BigDecimal), 2026-09-21 17:23:15.64(Timestamp)
[2026-09-21 17:23:15.644] [gas-forecast] [] [] [c.g.f.d.m.M.insert] [http-nio-8080-exec-7] [DEBUG] - <==    Updates: 1
[2026-09-21 17:23:15.644] [gas-forecast] [] [] [c.g.f.d.m.M.insert] [http-nio-8080-exec-7] [DEBUG] - ==>  Preparing: INSERT INTO model_forecast_result_tb ( forecast_batch_no, forecast_date, forecast_value, created_at ) VALUES ( ?, ?, ?, ? )
[2026-09-21 17:23:15.644] [gas-forecast] [] [] [c.g.f.d.m.M.insert] [http-nio-8080-exec-7] [DEBUG] - ==> Parameters: F00004(String), 2026-05-27(String), 2160.9833705473075(BigDecimal), 2026-09-21 17:23:15.64(Timestamp)
[2026-09-21 17:23:15.646] [gas-forecast] [] [] [c.g.f.d.m.M.insert] [http-nio-8080-exec-7] [DEBUG] - <==    Updates: 1
[2026-09-21 17:23:15.647] [gas-forecast] [] [] [c.g.f.d.m.M.insert] [http-nio-8080-exec-7] [DEBUG] - ==>  Preparing: INSERT INTO model_forecast_result_tb ( forecast_batch_no, forecast_date, forecast_value, created_at ) VALUES ( ?, ?, ?, ? )
[2026-09-21 17:23:15.647] [gas-forecast] [] [] [c.g.f.d.m.M.insert] [http-nio-8080-exec-7] [DEBUG] - ==> Parameters: F00004(String), 2026-05-28(String), 2247.4884931516153(BigDecimal), 2026-09-21 17:23:15.64(Timestamp)
[2026-09-21 17:23:15.648] [gas-forecast] [] [] [c.g.f.d.m.M.insert] [http-nio-8080-exec-7] [DEBUG] - <==    Updates: 1
[2026-09-21 17:23:15.649] [gas-forecast] [] [] [c.g.f.d.m.M.insert] [http-nio-8080-exec-7] [DEBUG] - ==>  Preparing: INSERT INTO model_forecast_result_tb ( forecast_batch_no, forecast_date, forecast_value, created_at ) VALUES ( ?, ?, ?, ? )
[2026-09-21 17:23:15.649] [gas-forecast] [] [] [c.g.f.d.m.M.insert] [http-nio-8080-exec-7] [DEBUG] - ==> Parameters: F00004(String), 2026-05-29(String), 2384.657282530178(BigDecimal), 2026-09-21 17:23:15.64(Timestamp)
[2026-09-21 17:23:15.650] [gas-forecast] [] [] [c.g.f.d.m.M.insert] [http-nio-8080-exec-7] [DEBUG] - <==    Updates: 1
[2026-09-21 17:23:15.650] [gas-forecast] [] [] [c.g.f.d.m.M.insert] [http-nio-8080-exec-7] [DEBUG] - ==>  Preparing: INSERT INTO model_forecast_result_tb ( forecast_batch_no, forecast_date, forecast_value, created_at ) VALUES ( ?, ?, ?, ? )
[2026-09-21 17:23:15.650] [gas-forecast] [] [] [c.g.f.d.m.M.insert] [http-nio-8080-exec-7] [DEBUG] - ==> Parameters: F00004(String), 2026-05-30(String), 2487.117821550799(BigDecimal), 2026-09-21 17:23:15.64(Timestamp)
[2026-09-21 17:23:15.652] [gas-forecast] [] [] [c.g.f.d.m.M.insert] [http-nio-8080-exec-7] [DEBUG] - <==    Updates: 1
[2026-09-21 17:23:15.652] [gas-forecast] [] [] [c.g.f.d.m.M.insert] [http-nio-8080-exec-7] [DEBUG] - ==>  Preparing: INSERT INTO model_forecast_result_tb ( forecast_batch_no, forecast_date, forecast_value, created_at ) VALUES ( ?, ?, ?, ? )
[2026-09-21 17:23:15.652] [gas-forecast] [] [] [c.g.f.d.m.M.insert] [http-nio-8080-exec-7] [DEBUG] - ==> Parameters: F00004(String), 2026-05-31(String), 2408.083745741738(BigDecimal), 2026-09-21 17:23:15.64(Timestamp)
[2026-09-21 17:23:15.653] [gas-forecast] [] [] [c.g.f.d.m.M.insert] [http-nio-8080-exec-7] [DEBUG] - <==    Updates: 1
[2026-09-21 17:23:15.654] [gas-forecast] [] [] [c.g.f.d.m.M.insert] [http-nio-8080-exec-7] [DEBUG] - ==>  Preparing: INSERT INTO model_forecast_result_tb ( forecast_batch_no, forecast_date, forecast_value, created_at ) VALUES ( ?, ?, ?, ? )
[2026-09-21 17:23:15.654] [gas-forecast] [] [] [c.g.f.d.m.M.insert] [http-nio-8080-exec-7] [DEBUG] - ==> Parameters: F00004(String), 2026-06-01(String), 2376.141191211304(BigDecimal), 2026-09-21 17:23:15.64(Timestamp)
[2026-09-21 17:23:15.655] [gas-forecast] [] [] [c.g.f.d.m.M.insert] [http-nio-8080-exec-7] [DEBUG] - <==    Updates: 1
[2026-09-21 17:23:15.655] [gas-forecast] [] [] [c.g.f.d.m.M.insert] [http-nio-8080-exec-7] [DEBUG] - ==>  Preparing: INSERT INTO model_forecast_result_tb ( forecast_batch_no, forecast_date, forecast_value, created_at ) VALUES ( ?, ?, ?, ? )
[2026-09-21 17:23:15.655] [gas-forecast] [] [] [c.g.f.d.m.M.insert] [http-nio-8080-exec-7] [DEBUG] - ==> Parameters: F00004(String), 2026-06-02(String), 2473.4594530377403(BigDecimal), 2026-09-21 17:23:15.64(Timestamp)
[2026-09-21 17:23:15.657] [gas-forecast] [] [] [c.g.f.d.m.M.insert] [http-nio-8080-exec-7] [DEBUG] - <==    Updates: 1
[2026-09-21 17:23:15.657] [gas-forecast] [] [] [c.g.f.d.m.M.insert] [http-nio-8080-exec-7] [DEBUG] - ==>  Preparing: INSERT INTO model_forecast_result_tb ( forecast_batch_no, forecast_date, forecast_value, created_at ) VALUES ( ?, ?, ?, ? )
[2026-09-21 17:23:15.657] [gas-forecast] [] [] [c.g.f.d.m.M.insert] [http-nio-8080-exec-7] [DEBUG] - ==> Parameters: F00004(String), 2026-06-03(String), 2406.2961040477085(BigDecimal), 2026-09-21 17:23:15.64(Timestamp)
[2026-09-21 17:23:15.658] [gas-forecast] [] [] [c.g.f.d.m.M.insert] [http-nio-8080-exec-7] [DEBUG] - <==    Updates: 1
[2026-09-21 17:23:15.658] [gas-forecast] [] [] [c.g.f.d.m.M.insert] [http-nio-8080-exec-7] [DEBUG] - ==>  Preparing: INSERT INTO model_forecast_result_tb ( forecast_batch_no, forecast_date, forecast_value, created_at ) VALUES ( ?, ?, ?, ? )
[2026-09-21 17:23:15.658] [gas-forecast] [] [] [c.g.f.d.m.M.insert] [http-nio-8080-exec-7] [DEBUG] - ==> Parameters: F00004(String), 2026-06-04(String), 2422.6093483226223(BigDecimal), 2026-09-21 17:23:15.64(Timestamp)
[2026-09-21 17:23:15.660] [gas-forecast] [] [] [c.g.f.d.m.M.insert] [http-nio-8080-exec-7] [DEBUG] - <==    Updates: 1
[2026-09-21 17:23:15.660] [gas-forecast] [] [] [c.g.f.d.m.M.insert] [http-nio-8080-exec-7] [DEBUG] - ==>  Preparing: INSERT INTO model_forecast_result_tb ( forecast_batch_no, forecast_date, forecast_value, created_at ) VALUES ( ?, ?, ?, ? )
[2026-09-21 17:23:15.660] [gas-forecast] [] [] [c.g.f.d.m.M.insert] [http-nio-8080-exec-7] [DEBUG] - ==> Parameters: F00004(String), 2026-06-05(String), 2506.3668929261617(BigDecimal), 2026-09-21 17:23:15.64(Timestamp)
[2026-09-21 17:23:15.661] [gas-forecast] [] [] [c.g.f.d.m.M.insert] [http-nio-8080-exec-7] [DEBUG] - <==    Updates: 1
[2026-09-21 17:23:15.661] [gas-forecast] [] [] [c.g.f.d.m.M.insert] [http-nio-8080-exec-7] [DEBUG] - ==>  Preparing: INSERT INTO model_forecast_result_tb ( forecast_batch_no, forecast_date, forecast_value, created_at ) VALUES ( ?, ?, ?, ? )
[2026-09-21 17:23:15.661] [gas-forecast] [] [] [c.g.f.d.m.M.insert] [http-nio-8080-exec-7] [DEBUG] - ==> Parameters: F00004(String), 2026-06-06(String), 2525.6952872240263(BigDecimal), 2026-09-21 17:23:15.64(Timestamp)
[2026-09-21 17:23:15.662] [gas-forecast] [] [] [c.g.f.d.m.M.insert] [http-nio-8080-exec-7] [DEBUG] - <==    Updates: 1
[2026-09-21 17:23:15.663] [gas-forecast] [] [] [c.g.f.d.m.M.insert] [http-nio-8080-exec-7] [DEBUG] - ==>  Preparing: INSERT INTO model_forecast_result_tb ( forecast_batch_no, forecast_date, forecast_value, created_at ) VALUES ( ?, ?, ?, ? )
[2026-09-21 17:23:15.663] [gas-forecast] [] [] [c.g.f.d.m.M.insert] [http-nio-8080-exec-7] [DEBUG] - ==> Parameters: F00004(String), 2026-06-07(String), 2536.1934695755563(BigDecimal), 2026-09-21 17:23:15.64(Timestamp)
[2026-09-21 17:23:15.664] [gas-forecast] [] [] [c.g.f.d.m.M.insert] [http-nio-8080-exec-7] [DEBUG] - <==    Updates: 1
[2026-09-21 17:23:15.664] [gas-forecast] [] [] [c.g.f.d.m.M.insert] [http-nio-8080-exec-7] [DEBUG] - ==>  Preparing: INSERT INTO model_forecast_result_tb ( forecast_batch_no, forecast_date, forecast_value, created_at ) VALUES ( ?, ?, ?, ? )
[2026-09-21 17:23:15.664] [gas-forecast] [] [] [c.g.f.d.m.M.insert] [http-nio-8080-exec-7] [DEBUG] - ==> Parameters: F00004(String), 2026-06-08(String), 2493.6106053252947(BigDecimal), 2026-09-21 17:23:15.64(Timestamp)
[2026-09-21 17:23:15.665] [gas-forecast] [] [] [c.g.f.d.m.M.insert] [http-nio-8080-exec-7] [DEBUG] - <==    Updates: 1
[2026-09-21 17:23:15.665] [gas-forecast] [] [] [c.g.f.d.m.M.insert] [http-nio-8080-exec-7] [DEBUG] - ==>  Preparing: INSERT INTO model_forecast_result_tb ( forecast_batch_no, forecast_date, forecast_value, created_at ) VALUES ( ?, ?, ?, ? )
[2026-09-21 17:23:15.666] [gas-forecast] [] [] [c.g.f.d.m.M.insert] [http-nio-8080-exec-7] [DEBUG] - ==> Parameters: F00004(String), 2026-06-09(String), 2568.115430355393(BigDecimal), 2026-09-21 17:23:15.64(Timestamp)
[2026-09-21 17:23:15.667] [gas-forecast] [] [] [c.g.f.d.m.M.insert] [http-nio-8080-exec-7] [DEBUG] - <==    Updates: 1
[2026-09-21 17:23:15.667] [gas-forecast] [] [] [c.g.f.d.m.M.insert] [http-nio-8080-exec-7] [DEBUG] - ==>  Preparing: INSERT INTO model_forecast_result_tb ( forecast_batch_no, forecast_date, forecast_value, created_at ) VALUES ( ?, ?, ?, ? )
[2026-09-21 17:23:15.667] [gas-forecast] [] [] [c.g.f.d.m.M.insert] [http-nio-8080-exec-7] [DEBUG] - ==> Parameters: F00004(String), 2026-06-10(String), 2645.510075597035(BigDecimal), 2026-09-21 17:23:15.64(Timestamp)
[2026-09-21 17:23:15.669] [gas-forecast] [] [] [c.g.f.d.m.M.insert] [http-nio-8080-exec-7] [DEBUG] - <==    Updates: 1
[2026-09-21 17:23:15.669] [gas-forecast] [] [] [c.g.f.d.m.M.insert] [http-nio-8080-exec-7] [DEBUG] - ==>  Preparing: INSERT INTO model_forecast_result_tb ( forecast_batch_no, forecast_date, forecast_value, created_at ) VALUES ( ?, ?, ?, ? )
[2026-09-21 17:23:15.670] [gas-forecast] [] [] [c.g.f.d.m.M.insert] [http-nio-8080-exec-7] [DEBUG] - ==> Parameters: F00004(String), 2026-06-11(String), 2739.218979904566(BigDecimal), 2026-09-21 17:23:15.64(Timestamp)
[2026-09-21 17:23:15.671] [gas-forecast] [] [] [c.g.f.d.m.M.insert] [http-nio-8080-exec-7] [DEBUG] - <==    Updates: 1
[2026-09-21 17:23:15.671] [gas-forecast] [] [] [c.g.f.d.m.M.insert] [http-nio-8080-exec-7] [DEBUG] - ==>  Preparing: INSERT INTO model_forecast_result_tb ( forecast_batch_no, forecast_date, forecast_value, created_at ) VALUES ( ?, ?, ?, ? )
[2026-09-21 17:23:15.671] [gas-forecast] [] [] [c.g.f.d.m.M.insert] [http-nio-8080-exec-7] [DEBUG] - ==> Parameters: F00004(String), 2026-06-12(String), 2780.9624761795562(BigDecimal), 2026-09-21 17:23:15.64(Timestamp)
[2026-09-21 17:23:15.672] [gas-forecast] [] [] [c.g.f.d.m.M.insert] [http-nio-8080-exec-7] [DEBUG] - <==    Updates: 1
[2026-09-21 17:23:15.672] [gas-forecast] [] [] [c.g.f.d.m.M.insert] [http-nio-8080-exec-7] [DEBUG] - ==>  Preparing: INSERT INTO model_forecast_result_tb ( forecast_batch_no, forecast_date, forecast_value, created_at ) VALUES ( ?, ?, ?, ? )
[2026-09-21 17:23:15.672] [gas-forecast] [] [] [c.g.f.d.m.M.insert] [http-nio-8080-exec-7] [DEBUG] - ==> Parameters: F00004(String), 2026-06-13(String), 2753.7936827411704(BigDecimal), 2026-09-21 17:23:15.64(Timestamp)
[2026-09-21 17:23:15.674] [gas-forecast] [] [] [c.g.f.d.m.M.insert] [http-nio-8080-exec-7] [DEBUG] - <==    Updates: 1
[2026-09-21 17:23:15.674] [gas-forecast] [] [] [c.g.f.d.m.M.insert] [http-nio-8080-exec-7] [DEBUG] - ==>  Preparing: INSERT INTO model_forecast_result_tb ( forecast_batch_no, forecast_date, forecast_value, created_at ) VALUES ( ?, ?, ?, ? )
[2026-09-21 17:23:15.674] [gas-forecast] [] [] [c.g.f.d.m.M.insert] [http-nio-8080-exec-7] [DEBUG] - ==> Parameters: F00004(String), 2026-06-14(String), 2709.6830638070483(BigDecimal), 2026-09-21 17:23:15.64(Timestamp)
[2026-09-21 17:23:15.675] [gas-forecast] [] [] [c.g.f.d.m.M.insert] [http-nio-8080-exec-7] [DEBUG] - <==    Updates: 1
[2026-09-21 17:23:15.675] [gas-forecast] [] [] [c.g.f.d.m.M.insert] [http-nio-8080-exec-7] [DEBUG] - ==>  Preparing: INSERT INTO model_forecast_result_tb ( forecast_batch_no, forecast_date, forecast_value, created_at ) VALUES ( ?, ?, ?, ? )
[2026-09-21 17:23:15.676] [gas-forecast] [] [] [c.g.f.d.m.M.insert] [http-nio-8080-exec-7] [DEBUG] - ==> Parameters: F00004(String), 2026-06-15(String), 2586.17220353336(BigDecimal), 2026-09-21 17:23:15.64(Timestamp)
[2026-09-21 17:23:15.677] [gas-forecast] [] [] [c.g.f.d.m.M.insert] [http-nio-8080-exec-7] [DEBUG] - <==    Updates: 1
[2026-09-21 17:23:15.678] [gas-forecast] [] [] [c.g.f.d.m.M.insert] [http-nio-8080-exec-7] [DEBUG] - ==>  Preparing: INSERT INTO model_forecast_result_tb ( forecast_batch_no, forecast_date, forecast_value, created_at ) VALUES ( ?, ?, ?, ? )
[2026-09-21 17:23:15.678] [gas-forecast] [] [] [c.g.f.d.m.M.insert] [http-nio-8080-exec-7] [DEBUG] - ==> Parameters: F00004(String), 2026-06-16(String), 2878.92889219548(BigDecimal), 2026-09-21 17:23:15.64(Timestamp)
[2026-09-21 17:23:15.679] [gas-forecast] [] [] [c.g.f.d.m.M.insert] [http-nio-8080-exec-7] [DEBUG] - <==    Updates: 1
[2026-09-21 17:23:15.679] [gas-forecast] [] [] [c.g.f.d.m.M.insert] [http-nio-8080-exec-7] [DEBUG] - ==>  Preparing: INSERT INTO model_forecast_result_tb ( forecast_batch_no, forecast_date, forecast_value, created_at ) VALUES ( ?, ?, ?, ? )
[2026-09-21 17:23:15.679] [gas-forecast] [] [] [c.g.f.d.m.M.insert] [http-nio-8080-exec-7] [DEBUG] - ==> Parameters: F00004(String), 2026-06-17(String), 2788.356537980104(BigDecimal), 2026-09-21 17:23:15.64(Timestamp)
[2026-09-21 17:23:15.680] [gas-forecast] [] [] [c.g.f.d.m.M.insert] [http-nio-8080-exec-7] [DEBUG] - <==    Updates: 1
[2026-09-21 17:23:15.680] [gas-forecast] [] [] [c.g.f.d.m.M.insert] [http-nio-8080-exec-7] [DEBUG] - ==>  Preparing: INSERT INTO model_forecast_result_tb ( forecast_batch_no, forecast_date, forecast_value, created_at ) VALUES ( ?, ?, ?, ? )
[2026-09-21 17:23:15.680] [gas-forecast] [] [] [c.g.f.d.m.M.insert] [http-nio-8080-exec-7] [DEBUG] - ==> Parameters: F00004(String), 2026-06-18(String), 2770.826683341094(BigDecimal), 2026-09-21 17:23:15.64(Timestamp)
[2026-09-21 17:23:15.681] [gas-forecast] [] [] [c.g.f.d.m.M.insert] [http-nio-8080-exec-7] [DEBUG] - <==    Updates: 1
[2026-09-21 17:23:15.681] [gas-forecast] [] [] [c.g.f.d.m.M.insert] [http-nio-8080-exec-7] [DEBUG] - ==>  Preparing: INSERT INTO model_forecast_result_tb ( forecast_batch_no, forecast_date, forecast_value, created_at ) VALUES ( ?, ?, ?, ? )
[2026-09-21 17:23:15.681] [gas-forecast] [] [] [c.g.f.d.m.M.insert] [http-nio-8080-exec-7] [DEBUG] - ==> Parameters: F00004(String), 2026-06-19(String), 2767.93936264688(BigDecimal), 2026-09-21 17:23:15.64(Timestamp)
[2026-09-21 17:23:15.682] [gas-forecast] [] [] [c.g.f.d.m.M.insert] [http-nio-8080-exec-7] [DEBUG] - <==    Updates: 1
[2026-09-21 17:23:15.683] [gas-forecast] [] [] [c.g.f.d.m.M.insert] [http-nio-8080-exec-7] [DEBUG] - ==>  Preparing: INSERT INTO model_forecast_result_tb ( forecast_batch_no, forecast_date, forecast_value, created_at ) VALUES ( ?, ?, ?, ? )
[2026-09-21 17:23:15.683] [gas-forecast] [] [] [c.g.f.d.m.M.insert] [http-nio-8080-exec-7] [DEBUG] - ==> Parameters: F00004(String), 2026-06-20(String), 2809.324216731375(BigDecimal), 2026-09-21 17:23:15.64(Timestamp)
[2026-09-21 17:23:15.684] [gas-forecast] [] [] [c.g.f.d.m.M.insert] [http-nio-8080-exec-7] [DEBUG] - <==    Updates: 1
[2026-09-21 17:23:15.684] [gas-forecast] [] [] [c.g.f.d.m.M.insert] [http-nio-8080-exec-7] [DEBUG] - ==>  Preparing: INSERT INTO model_forecast_result_tb ( forecast_batch_no, forecast_date, forecast_value, created_at ) VALUES ( ?, ?, ?, ? )
[2026-09-21 17:23:15.684] [gas-forecast] [] [] [c.g.f.d.m.M.insert] [http-nio-8080-exec-7] [DEBUG] - ==> Parameters: F00004(String), 2026-06-21(String), 2692.6046548753793(BigDecimal), 2026-09-21 17:23:15.64(Timestamp)
[2026-09-21 17:23:15.685] [gas-forecast] [] [] [c.g.f.d.m.M.insert] [http-nio-8080-exec-7] [DEBUG] - <==    Updates: 1
[2026-09-21 17:23:15.685] [gas-forecast] [] [] [c.g.f.d.m.M.insert] [http-nio-8080-exec-7] [DEBUG] - ==>  Preparing: INSERT INTO model_forecast_result_tb ( forecast_batch_no, forecast_date, forecast_value, created_at ) VALUES ( ?, ?, ?, ? )
[2026-09-21 17:23:15.685] [gas-forecast] [] [] [c.g.f.d.m.M.insert] [http-nio-8080-exec-7] [DEBUG] - ==> Parameters: F00004(String), 2026-06-22(String), 2592.121542478414(BigDecimal), 2026-09-21 17:23:15.64(Timestamp)
[2026-09-21 17:23:15.686] [gas-forecast] [] [] [c.g.f.d.m.M.insert] [http-nio-8080-exec-7] [DEBUG] - <==    Updates: 1
[2026-09-21 17:23:15.686] [gas-forecast] [] [] [c.g.f.d.m.M.insert] [http-nio-8080-exec-7] [DEBUG] - ==>  Preparing: INSERT INTO model_forecast_result_tb ( forecast_batch_no, forecast_date, forecast_value, created_at ) VALUES ( ?, ?, ?, ? )
[2026-09-21 17:23:15.686] [gas-forecast] [] [] [c.g.f.d.m.M.insert] [http-nio-8080-exec-7] [DEBUG] - ==> Parameters: F00004(String), 2026-06-23(String), 2923.824405737012(BigDecimal), 2026-09-21 17:23:15.64(Timestamp)
[2026-09-21 17:23:15.688] [gas-forecast] [] [] [c.g.f.d.m.M.insert] [http-nio-8080-exec-7] [DEBUG] - <==    Updates: 1
[2026-09-21 17:23:15.688] [gas-forecast] [] [] [c.g.f.d.m.M.insert] [http-nio-8080-exec-7] [DEBUG] - ==>  Preparing: INSERT INTO model_forecast_result_tb ( forecast_batch_no, forecast_date, forecast_value, created_at ) VALUES ( ?, ?, ?, ? )
[2026-09-21 17:23:15.688] [gas-forecast] [] [] [c.g.f.d.m.M.insert] [http-nio-8080-exec-7] [DEBUG] - ==> Parameters: F00004(String), 2026-06-24(String), 2855.738183267883(BigDecimal), 2026-09-21 17:23:15.64(Timestamp)
[2026-09-21 17:23:15.690] [gas-forecast] [] [] [c.g.f.d.m.M.insert] [http-nio-8080-exec-7] [DEBUG] - <==    Updates: 1
[2026-09-21 17:23:15.690] [gas-forecast] [] [] [c.g.f.d.m.M.updateById] [http-nio-8080-exec-7] [DEBUG] - ==>  Preparing: UPDATE model_forecast_record_tb SET forecast_id=?, forecast_batch_no=?, agent_code=?, scope_type=?, region_code=?, region_name=?, industry_code=?, industry_name=?, customer_code=?, customer_name=?, forecast_start_date=?, forecast_horizon=?, forecast_frequency=?, auto_forecast=?, feature_snapshot=?, request_param=?, response_param=?, status=?, remark=?, created_by=?, created_by_name=?, created_at=?, updated_at=?, forecast_end_time=? WHERE id=?
[2026-09-21 17:23:15.690] [gas-forecast] [] [] [c.g.f.d.m.M.updateById] [http-nio-8080-exec-7] [DEBUG] - ==> Parameters: 2(Long), 4(Integer), short-term(String), REGION(String), REG000012(String), 江苏(String), (String), (String), (String), (String), 2026-05-26(String), 30(Integer), DAILY(String), 0(Integer), [B@6339903c(byte[]), [B@561f9b21(byte[]), [B@1525484c(byte[]), 2(Integer), (String), system(String), 系统(String), 2026-09-21 17:23:14.475(Timestamp), 2026-09-21 17:23:15.69(Timestamp), 2026-09-21 17:23:15(String), 4(Long)
[2026-09-21 17:23:15.694] [gas-forecast] [] [] [c.g.f.d.m.M.updateById] [http-nio-8080-exec-7] [DEBUG] - <==    Updates: 1
[2026-09-21 17:23:15.703] [gas-forecast] [] [] [c.g.f.d.m.M.selectList_mpCount] [http-nio-8080-exec-8] [DEBUG] - ==>  Preparing: SELECT COUNT(*) AS total FROM model_forecast_record_tb WHERE (forecast_id = ?)
[2026-09-21 17:23:15.703] [gas-forecast] [] [] [c.g.f.d.m.M.selectList_mpCount] [http-nio-8080-exec-8] [DEBUG] - ==> Parameters: 2(Long)
[2026-09-21 17:23:15.704] [gas-forecast] [] [] [c.g.f.d.m.M.selectList_mpCount] [http-nio-8080-exec-8] [DEBUG] - <==      Total: 1
[2026-09-21 17:23:15.704] [gas-forecast] [] [] [c.g.f.d.m.M.selectList] [http-nio-8080-exec-8] [DEBUG] - ==>  Preparing: SELECT id,forecast_id,forecast_batch_no,agent_code,scope_type,region_code,region_name,industry_code,industry_name,customer_code,customer_name,forecast_start_date,forecast_horizon,forecast_frequency,auto_forecast,status,remark,created_by,created_by_name,created_at,updated_at,forecast_end_time FROM model_forecast_record_tb WHERE (forecast_id = ?) ORDER BY created_at DESC,id DESC LIMIT ?
[2026-09-21 17:23:15.705] [gas-forecast] [] [] [c.g.f.d.m.M.selectList] [http-nio-8080-exec-8] [DEBUG] - ==> Parameters: 2(Long), 10(Long)
[2026-09-21 17:23:15.706] [gas-forecast] [] [] [c.g.f.d.m.M.selectList] [http-nio-8080-exec-8] [DEBUG] - <==      Total: 3
[2026-09-21 17:31:13.945] [gas-forecast] [] [] [c.g.f.d.m.M.selectList_mpCount] [http-nio-8080-exec-1] [DEBUG] - ==>  Preparing: SELECT COUNT(*) AS total FROM model_forecast_record_tb WHERE (forecast_id = ?)
[2026-09-21 17:31:13.955] [gas-forecast] [] [] [c.g.f.d.m.M.selectList_mpCount] [http-nio-8080-exec-1] [DEBUG] - ==> Parameters: 2(Long)
[2026-09-21 17:31:13.964] [gas-forecast] [] [] [c.g.f.d.m.M.selectList_mpCount] [http-nio-8080-exec-1] [DEBUG] - <==      Total: 1
[2026-09-21 17:31:13.967] [gas-forecast] [] [] [c.g.f.d.m.M.selectList] [http-nio-8080-exec-1] [DEBUG] - ==>  Preparing: SELECT id,forecast_id,forecast_batch_no,agent_code,scope_type,region_code,region_name,industry_code,industry_name,customer_code,customer_name,forecast_start_date,forecast_horizon,forecast_frequency,auto_forecast,status,remark,created_by,created_by_name,created_at,updated_at,forecast_end_time FROM model_forecast_record_tb WHERE (forecast_id = ?) ORDER BY created_at DESC,id DESC LIMIT ?
[2026-09-21 17:31:13.967] [gas-forecast] [] [] [c.g.f.d.m.M.selectList] [http-nio-8080-exec-1] [DEBUG] - ==> Parameters: 2(Long), 10(Long)
[2026-09-21 17:31:13.969] [gas-forecast] [] [] [c.g.f.d.m.M.selectList] [http-nio-8080-exec-1] [DEBUG] - <==      Total: 3
[2026-09-21 17:32:58.781] [gas-forecast] [] [] [c.g.f.d.m.M.selectList_mpCount] [http-nio-8080-exec-2] [DEBUG] - ==>  Preparing: SELECT COUNT(*) AS total FROM model_forecast_config_tb
[2026-09-21 17:32:58.781] [gas-forecast] [] [] [c.g.f.d.m.M.selectList_mpCount] [http-nio-8080-exec-2] [DEBUG] - ==> Parameters: 
[2026-09-21 17:32:58.789] [gas-forecast] [] [] [c.g.f.d.m.M.selectList_mpCount] [http-nio-8080-exec-2] [DEBUG] - <==      Total: 1
[2026-09-21 17:32:58.789] [gas-forecast] [] [] [c.g.f.d.m.M.selectList] [http-nio-8080-exec-2] [DEBUG] - ==>  Preparing: SELECT id,forecast_name,agent_code,scope_type,region_code,region_name,industry_code,industry_name,customer_code,customer_name,forecast_start_date,forecast_horizon,forecast_frequency,auto_forecast,train_config_code,enabled,remark,created_by,created_by_name,created_at,updated_at FROM model_forecast_config_tb ORDER BY updated_at DESC,id DESC LIMIT ?
[2026-09-21 17:32:58.790] [gas-forecast] [] [] [c.g.f.d.m.M.selectList] [http-nio-8080-exec-2] [DEBUG] - ==> Parameters: 10(Long)
[2026-09-21 17:32:58.791] [gas-forecast] [] [] [c.g.f.d.m.M.selectList] [http-nio-8080-exec-2] [DEBUG] - <==      Total: 1
[2026-09-21 17:33:32.292] [gas-forecast] [] [] [c.g.f.d.m.M.selectList_mpCount] [http-nio-8080-exec-3] [DEBUG] - ==>  Preparing: SELECT COUNT(*) AS total FROM model_forecast_record_tb WHERE (forecast_id = ?)
[2026-09-21 17:33:32.293] [gas-forecast] [] [] [c.g.f.d.m.M.selectList_mpCount] [http-nio-8080-exec-3] [DEBUG] - ==> Parameters: 2(Long)
[2026-09-21 17:33:32.295] [gas-forecast] [] [] [c.g.f.d.m.M.selectList_mpCount] [http-nio-8080-exec-3] [DEBUG] - <==      Total: 1
[2026-09-21 17:33:32.296] [gas-forecast] [] [] [c.g.f.d.m.M.selectList] [http-nio-8080-exec-3] [DEBUG] - ==>  Preparing: SELECT id,forecast_id,forecast_batch_no,agent_code,scope_type,region_code,region_name,industry_code,industry_name,customer_code,customer_name,forecast_start_date,forecast_horizon,forecast_frequency,auto_forecast,status,remark,created_by,created_by_name,created_at,updated_at,forecast_end_time FROM model_forecast_record_tb WHERE (forecast_id = ?) ORDER BY created_at DESC,id DESC LIMIT ?
[2026-09-21 17:33:32.296] [gas-forecast] [] [] [c.g.f.d.m.M.selectList] [http-nio-8080-exec-3] [DEBUG] - ==> Parameters: 2(Long), 10(Long)
[2026-09-21 17:33:32.297] [gas-forecast] [] [] [c.g.f.d.m.M.selectList] [http-nio-8080-exec-3] [DEBUG] - <==      Total: 3
[2026-09-21 17:33:33.942] [gas-forecast] [] [] [c.g.f.d.m.M.selectList_mpCount] [http-nio-8080-exec-4] [DEBUG] - ==>  Preparing: SELECT COUNT(*) AS total FROM model_forecast_result_tb WHERE (forecast_batch_no = ?)
[2026-09-21 17:33:33.943] [gas-forecast] [] [] [c.g.f.d.m.M.selectList_mpCount] [http-nio-8080-exec-4] [DEBUG] - ==> Parameters: forecast-20260921-000004(String)
[2026-09-21 17:33:33.946] [gas-forecast] [] [] [c.g.f.d.m.M.selectList_mpCount] [http-nio-8080-exec-4] [DEBUG] - <==      Total: 1
[2026-09-21 17:33:33.946] [gas-forecast] [] [] [c.g.f.d.m.M.selectList] [http-nio-8080-exec-4] [DEBUG] - ==>  Preparing: SELECT id,forecast_batch_no,forecast_date,forecast_value,created_at FROM model_forecast_result_tb WHERE (forecast_batch_no = ?) ORDER BY forecast_date DESC,id DESC LIMIT ?
[2026-09-21 17:33:33.946] [gas-forecast] [] [] [c.g.f.d.m.M.selectList] [http-nio-8080-exec-4] [DEBUG] - ==> Parameters: forecast-20260921-000004(String), 20(Long)
[2026-09-21 17:33:33.948] [gas-forecast] [] [] [c.g.f.d.m.M.selectList] [http-nio-8080-exec-4] [DEBUG] - <==      Total: 20
[2026-09-21 17:33:50.103] [gas-forecast] [] [] [c.g.f.d.m.M.selectList_mpCount] [http-nio-8080-exec-5] [DEBUG] - ==>  Preparing: SELECT COUNT(*) AS total FROM model_forecast_record_tb WHERE (forecast_id = ?)
[2026-09-21 17:33:50.103] [gas-forecast] [] [] [c.g.f.d.m.M.selectList_mpCount] [http-nio-8080-exec-5] [DEBUG] - ==> Parameters: 2(Long)
[2026-09-21 17:33:50.106] [gas-forecast] [] [] [c.g.f.d.m.M.selectList_mpCount] [http-nio-8080-exec-5] [DEBUG] - <==      Total: 1
[2026-09-21 17:33:50.107] [gas-forecast] [] [] [c.g.f.d.m.M.selectList] [http-nio-8080-exec-5] [DEBUG] - ==>  Preparing: SELECT id,forecast_id,forecast_batch_no,agent_code,scope_type,region_code,region_name,industry_code,industry_name,customer_code,customer_name,forecast_start_date,forecast_horizon,forecast_frequency,auto_forecast,status,remark,created_by,created_by_name,created_at,updated_at,forecast_end_time FROM model_forecast_record_tb WHERE (forecast_id = ?) ORDER BY created_at DESC,id DESC LIMIT ?
[2026-09-21 17:33:50.107] [gas-forecast] [] [] [c.g.f.d.m.M.selectList] [http-nio-8080-exec-5] [DEBUG] - ==> Parameters: 2(Long), 10(Long)
[2026-09-21 17:33:50.108] [gas-forecast] [] [] [c.g.f.d.m.M.selectList] [http-nio-8080-exec-5] [DEBUG] - <==      Total: 3
[2026-09-21 17:35:11.864] [gas-forecast] [] [] [c.g.f.d.m.M.selectList_mpCount] [http-nio-8080-exec-1] [DEBUG] - ==>  Preparing: SELECT COUNT(*) AS total FROM model_forecast_result_tb WHERE (forecast_batch_no = ?)
[2026-09-21 17:35:11.874] [gas-forecast] [] [] [c.g.f.d.m.M.selectList_mpCount] [http-nio-8080-exec-1] [DEBUG] - ==> Parameters: forecast-20260921-000004(String)
[2026-09-21 17:35:11.886] [gas-forecast] [] [] [c.g.f.d.m.M.selectList_mpCount] [http-nio-8080-exec-1] [DEBUG] - <==      Total: 1
[2026-09-21 17:35:11.888] [gas-forecast] [] [] [c.g.f.d.m.M.selectList] [http-nio-8080-exec-1] [DEBUG] - ==>  Preparing: SELECT id,forecast_batch_no,forecast_date,forecast_value,created_at FROM model_forecast_result_tb WHERE (forecast_batch_no = ?) ORDER BY forecast_date DESC,id DESC LIMIT ?
[2026-09-21 17:35:11.889] [gas-forecast] [] [] [c.g.f.d.m.M.selectList] [http-nio-8080-exec-1] [DEBUG] - ==> Parameters: forecast-20260921-000004(String), 20(Long)
[2026-09-21 17:35:11.891] [gas-forecast] [] [] [c.g.f.d.m.M.selectList] [http-nio-8080-exec-1] [DEBUG] - <==      Total: 20
[2026-09-21 17:35:26.309] [gas-forecast] [] [] [c.g.f.d.m.M.selectList_mpCount] [http-nio-8080-exec-2] [DEBUG] - ==>  Preparing: SELECT COUNT(*) AS total FROM model_config_tb
[2026-09-21 17:35:26.310] [gas-forecast] [] [] [c.g.f.d.m.M.selectList_mpCount] [http-nio-8080-exec-2] [DEBUG] - ==> Parameters: 
[2026-09-21 17:35:26.311] [gas-forecast] [] [] [c.g.f.d.m.M.selectList_mpCount] [http-nio-8080-exec-6] [DEBUG] - ==>  Preparing: SELECT COUNT(*) AS total FROM model_train_config_tb
[2026-09-21 17:35:26.311] [gas-forecast] [] [] [c.g.f.d.m.M.selectList_mpCount] [http-nio-8080-exec-6] [DEBUG] - ==> Parameters: 
[2026-09-21 17:35:26.313] [gas-forecast] [] [] [c.g.f.d.m.M.selectList_mpCount] [http-nio-8080-exec-6] [DEBUG] - <==      Total: 1
[2026-09-21 17:35:26.313] [gas-forecast] [] [] [c.g.f.d.m.M.selectList_mpCount] [http-nio-8080-exec-2] [DEBUG] - <==      Total: 1
[2026-09-21 17:35:26.313] [gas-forecast] [] [] [c.g.f.d.m.M.selectList] [http-nio-8080-exec-6] [DEBUG] - ==>  Preparing: SELECT id,train_code,train_name,agent_code,model_id,model_code,model_name,scope_type,region_code,region_name,industry_code,industry_name,customer_code,customer_name,train_start_date,train_end_date,train_mode,time_granularity,recent_periods,enabled,remark,created_by,created_by_name,created_at,updated_at FROM model_train_config_tb ORDER BY updated_at DESC,id DESC LIMIT ?
[2026-09-21 17:35:26.313] [gas-forecast] [] [] [c.g.f.d.m.M.selectList] [http-nio-8080-exec-2] [DEBUG] - ==>  Preparing: SELECT id,model_code,model_name,model_version,agent_code,description,created_by,created_at,updated_at,created_by_name FROM model_config_tb ORDER BY updated_at DESC,id DESC LIMIT ?
[2026-09-21 17:35:26.314] [gas-forecast] [] [] [c.g.f.d.m.M.selectList] [http-nio-8080-exec-2] [DEBUG] - ==> Parameters: 1000(Long)
[2026-09-21 17:35:26.314] [gas-forecast] [] [] [c.g.f.d.m.M.selectList] [http-nio-8080-exec-6] [DEBUG] - ==> Parameters: 10(Long)
[2026-09-21 17:35:26.315] [gas-forecast] [] [] [c.g.f.d.m.M.selectList] [http-nio-8080-exec-2] [DEBUG] - <==      Total: 2
[2026-09-21 17:35:26.315] [gas-forecast] [] [] [c.g.f.d.m.M.selectList] [http-nio-8080-exec-6] [DEBUG] - <==      Total: 2
[2026-09-21 17:35:26.316] [gas-forecast] [] [] [c.g.f.d.m.M.selectList] [http-nio-8080-exec-2] [DEBUG] - ==>  Preparing: SELECT id,model_id,model_code,region_code,industry_code,customer_code,created_by,created_at,updated_at,created_by_name FROM model_config_scope_tb WHERE (model_id IN (?,?)) ORDER BY id DESC
[2026-09-21 17:35:26.316] [gas-forecast] [] [] [c.g.f.d.m.M.selectList] [http-nio-8080-exec-2] [DEBUG] - ==> Parameters: 2(Long), 1(Long)
[2026-09-21 17:35:26.318] [gas-forecast] [] [] [c.g.f.d.m.M.selectList] [http-nio-8080-exec-2] [DEBUG] - <==      Total: 8
[2026-09-21 17:35:26.319] [gas-forecast] [] [] [c.g.f.d.m.M.selectList] [http-nio-8080-exec-2] [DEBUG] - ==>  Preparing: SELECT id,model_id,feature_id,required_flag,feature_order,created_at,created_by FROM model_feature_ref WHERE (model_id IN (?,?)) ORDER BY feature_order ASC,id ASC
[2026-09-21 17:35:26.319] [gas-forecast] [] [] [c.g.f.d.m.M.selectList] [http-nio-8080-exec-2] [DEBUG] - ==> Parameters: 2(Long), 1(Long)
[2026-09-21 17:35:26.322] [gas-forecast] [] [] [c.g.f.d.m.M.selectList] [http-nio-8080-exec-2] [DEBUG] - <==      Total: 25
[2026-09-21 17:35:26.323] [gas-forecast] [] [] [c.g.f.d.m.M.selectBatchIds] [http-nio-8080-exec-2] [DEBUG] - ==>  Preparing: SELECT id,feature_code,feature_name,feature_column,time_granularity,enabled,description,created_at,created_by,updated_by_name FROM model_feature_definition_tb WHERE id IN ( ? , ? , ? , ? , ? , ? , ? , ? , ? , ? , ? , ? , ? , ? , ? , ? , ? , ? , ? , ? , ? , ? , ? , ? , ? )
[2026-09-21 17:35:26.323] [gas-forecast] [] [] [c.g.f.d.m.M.selectBatchIds] [http-nio-8080-exec-2] [DEBUG] - ==> Parameters: 5(Long), 6(Long), 4(Long), 7(Long), 3(Long), 8(Long), 2(Long), 9(Long), 1(Long), 10(Long), 11(Long), 12(Long), 13(Long), 14(Long), 15(Long), 16(Long), 17(Long), 18(Long), 19(Long), 20(Long), 21(Long), 22(Long), 23(Long), 24(Long), 25(Long)
[2026-09-21 17:35:26.326] [gas-forecast] [] [] [c.g.f.d.m.M.selectBatchIds] [http-nio-8080-exec-2] [DEBUG] - <==      Total: 25
[2026-09-21 17:35:26.327] [gas-forecast] [] [] [c.g.f.d.m.B.selectList] [http-nio-8080-exec-2] [DEBUG] - ==>  Preparing: SELECT id,region_code,region_name,remark,created_by,created_at,updated_by,updated_at,updated_by_name,created_by_name FROM base_region_tb WHERE (region_code IN (?,?,?,?,?,?,?,?))
[2026-09-21 17:35:26.327] [gas-forecast] [] [] [c.g.f.d.m.B.selectList] [http-nio-8080-exec-2] [DEBUG] - ==> Parameters: REG000012(String), REG000005(String), REG000006(String), REG000007(String), REG000008(String), REG000009(String), REG000010(String), REG000011(String)
[2026-09-21 17:35:26.329] [gas-forecast] [] [] [c.g.f.d.m.B.selectList] [http-nio-8080-exec-2] [DEBUG] - <==      Total: 8
[2026-09-21 17:35:26.423] [gas-forecast] [] [] [c.g.f.d.m.S.selectByUsername] [http-nio-8080-exec-3] [DEBUG] - ==>  Preparing: select distinct p.* from sys_permission_tb p where p.status = 1 and ( exists ( select 1 from sys_user_tb u join sys_user_role_ref ur on ur.user_id = u.id join sys_role_permission_ref rp on rp.role_id = ur.role_id where rp.permission_id = p.id and u.username = ? and u.deleted = 0 ) or exists ( select 1 from sys_user_tb u join sys_user_department_ref ud on ud.user_id = u.id join sys_department_permission_ref dp on dp.department_id = ud.department_id where dp.permission_id = p.id and u.username = ? and u.deleted = 0 ) ) order by p.sort_no, p.id
[2026-09-21 17:35:26.423] [gas-forecast] [] [] [c.g.f.d.m.S.selectByUsername] [http-nio-8080-exec-5] [DEBUG] - ==>  Preparing: select distinct p.* from sys_permission_tb p where p.status = 1 and ( exists ( select 1 from sys_user_tb u join sys_user_role_ref ur on ur.user_id = u.id join sys_role_permission_ref rp on rp.role_id = ur.role_id where rp.permission_id = p.id and u.username = ? and u.deleted = 0 ) or exists ( select 1 from sys_user_tb u join sys_user_department_ref ud on ud.user_id = u.id join sys_department_permission_ref dp on dp.department_id = ud.department_id where dp.permission_id = p.id and u.username = ? and u.deleted = 0 ) ) order by p.sort_no, p.id
[2026-09-21 17:35:26.423] [gas-forecast] [] [] [c.g.f.d.m.S.selectByUsername] [http-nio-8080-exec-3] [DEBUG] - ==> Parameters: admin(String), admin(String)
[2026-09-21 17:35:26.423] [gas-forecast] [] [] [c.g.f.d.m.S.selectByUsername] [http-nio-8080-exec-5] [DEBUG] - ==> Parameters: admin(String), admin(String)
[2026-09-21 17:35:26.423] [gas-forecast] [] [] [c.g.f.d.m.S.selectByUsername] [http-nio-8080-exec-4] [DEBUG] - ==>  Preparing: select distinct p.* from sys_permission_tb p where p.status = 1 and ( exists ( select 1 from sys_user_tb u join sys_user_role_ref ur on ur.user_id = u.id join sys_role_permission_ref rp on rp.role_id = ur.role_id where rp.permission_id = p.id and u.username = ? and u.deleted = 0 ) or exists ( select 1 from sys_user_tb u join sys_user_department_ref ud on ud.user_id = u.id join sys_department_permission_ref dp on dp.department_id = ud.department_id where dp.permission_id = p.id and u.username = ? and u.deleted = 0 ) ) order by p.sort_no, p.id
[2026-09-21 17:35:26.423] [gas-forecast] [] [] [c.g.f.d.m.S.selectByUsername] [http-nio-8080-exec-4] [DEBUG] - ==> Parameters: admin(String), admin(String)
[2026-09-21 17:35:26.427] [gas-forecast] [] [] [c.g.f.d.m.S.selectByUsername] [http-nio-8080-exec-4] [DEBUG] - <==      Total: 56
[2026-09-21 17:35:26.427] [gas-forecast] [] [] [c.g.f.d.m.S.selectByUsername] [http-nio-8080-exec-5] [DEBUG] - <==      Total: 56
[2026-09-21 17:35:26.427] [gas-forecast] [] [] [c.g.f.d.m.S.selectByUsername] [http-nio-8080-exec-3] [DEBUG] - <==      Total: 56
[2026-09-21 17:35:26.434] [gas-forecast] [] [] [c.g.f.d.m.B.selectList_mpCount] [http-nio-8080-exec-4] [DEBUG] - ==>  Preparing: SELECT COUNT(*) AS total FROM base_industry_tb
[2026-09-21 17:35:26.434] [gas-forecast] [] [] [c.g.f.d.m.B.selectList_mpCount] [http-nio-8080-exec-4] [DEBUG] - ==> Parameters: 
[2026-09-21 17:35:26.435] [gas-forecast] [] [] [c.g.f.d.m.B.selectList_mpCount] [http-nio-8080-exec-5] [DEBUG] - ==>  Preparing: SELECT COUNT(*) AS total FROM base_region_tb
[2026-09-21 17:35:26.435] [gas-forecast] [] [] [c.g.f.d.m.B.selectList_mpCount] [http-nio-8080-exec-5] [DEBUG] - ==> Parameters: 
[2026-09-21 17:35:26.435] [gas-forecast] [] [] [c.g.f.d.m.B.selectList_mpCount] [http-nio-8080-exec-3] [DEBUG] - ==>  Preparing: SELECT COUNT(*) AS total FROM base_customer_tb
[2026-09-21 17:35:26.435] [gas-forecast] [] [] [c.g.f.d.m.B.selectList_mpCount] [http-nio-8080-exec-3] [DEBUG] - ==> Parameters: 
[2026-09-21 17:35:26.436] [gas-forecast] [] [] [c.g.f.d.m.B.selectList_mpCount] [http-nio-8080-exec-5] [DEBUG] - <==      Total: 1
[2026-09-21 17:35:26.436] [gas-forecast] [] [] [c.g.f.d.m.B.selectList_mpCount] [http-nio-8080-exec-4] [DEBUG] - <==      Total: 1
[2026-09-21 17:35:26.436] [gas-forecast] [] [] [c.g.f.d.m.B.selectList] [http-nio-8080-exec-4] [DEBUG] - ==>  Preparing: SELECT id,industry_code,industry_name,created_at,updated_at,created_by,created_by_name,updated_by,updated_by_name FROM base_industry_tb ORDER BY updated_at DESC,id DESC LIMIT ?
[2026-09-21 17:35:26.436] [gas-forecast] [] [] [c.g.f.d.m.B.selectList] [http-nio-8080-exec-5] [DEBUG] - ==>  Preparing: SELECT id,region_code,region_name,remark,created_by,created_at,updated_by,updated_at,updated_by_name,created_by_name FROM base_region_tb ORDER BY updated_at DESC,id DESC LIMIT ?
[2026-09-21 17:35:26.436] [gas-forecast] [] [] [c.g.f.d.m.B.selectList] [http-nio-8080-exec-4] [DEBUG] - ==> Parameters: 1000(Long)
[2026-09-21 17:35:26.436] [gas-forecast] [] [] [c.g.f.d.m.B.selectList] [http-nio-8080-exec-5] [DEBUG] - ==> Parameters: 1000(Long)
[2026-09-21 17:35:26.437] [gas-forecast] [] [] [c.g.f.d.m.B.selectList_mpCount] [http-nio-8080-exec-3] [DEBUG] - <==      Total: 1
[2026-09-21 17:35:26.437] [gas-forecast] [] [] [c.g.f.d.m.B.selectList] [http-nio-8080-exec-3] [DEBUG] - ==>  Preparing: SELECT id,customer_code,customer_name,industry_code,industry_name,region_code,region_name,created_at,updated_at,created_by,created_by_name,updated_by,updated_by_name,raw_region_name,raw_industry_name FROM base_customer_tb ORDER BY updated_at DESC,id DESC LIMIT ?
[2026-09-21 17:35:26.437] [gas-forecast] [] [] [c.g.f.d.m.B.selectList] [http-nio-8080-exec-3] [DEBUG] - ==> Parameters: 1000(Long)
[2026-09-21 17:35:26.437] [gas-forecast] [] [] [c.g.f.d.m.B.selectList] [http-nio-8080-exec-5] [DEBUG] - <==      Total: 8
[2026-09-21 17:35:26.437] [gas-forecast] [] [] [c.g.f.d.m.B.selectList] [http-nio-8080-exec-4] [DEBUG] - <==      Total: 4
[2026-09-21 17:35:26.438] [gas-forecast] [] [] [c.g.f.d.m.B.selectList] [http-nio-8080-exec-3] [DEBUG] - <==      Total: 21
[2026-09-21 17:35:27.838] [gas-forecast] [] [] [c.g.f.d.m.M.selectList] [http-nio-8080-exec-7] [DEBUG] - ==>  Preparing: SELECT id,batch_no,agent_code,region_code,region_name,industry_code,industry_name,customer_code,customer_name,train_start_date,train_end_date,status,best_model,mape,wmape,smape,rmse,mae,r2,train_duration_seconds,model_version,error_message,created_at,updated_at FROM model_train_record_tb WHERE (agent_code = ? AND region_code = ? AND train_start_date = ? AND train_end_date = ?) ORDER BY updated_at DESC,id DESC limit 20
[2026-09-21 17:35:27.839] [gas-forecast] [] [] [c.g.f.d.m.M.selectList] [http-nio-8080-exec-7] [DEBUG] - ==> Parameters: short-term(String), REG000012(String), 2016-02-01(String), 2026-09-20(String)
[2026-09-21 17:35:27.840] [gas-forecast] [] [] [c.g.f.d.m.M.selectList] [http-nio-8080-exec-7] [DEBUG] - <==      Total: 2
[2026-09-21 17:35:27.846] [gas-forecast] [] [] [c.g.f.d.m.M.selectList] [http-nio-8080-exec-8] [DEBUG] - ==>  Preparing: SELECT id,batch_no,agent_code,region_code,region_name,customer_code,customer_name,industry_code,industry_name,train_start_date,train_end_date,status,best_model,mape,wmape,smape,rmse,mae,r2,train_duration_seconds,result_json,error_message,created_by,created_by_name,created_at,updated_at,model_version,request_param FROM model_train_record_tb WHERE (batch_no = ?) ORDER BY updated_at DESC,id DESC limit 1
[2026-09-21 17:35:27.846] [gas-forecast] [] [] [c.g.f.d.m.M.selectList] [http-nio-8080-exec-8] [DEBUG] - ==> Parameters: TRBATCH-20260920-00008(String)
[2026-09-21 17:35:27.852] [gas-forecast] [] [] [c.g.f.d.m.M.selectList] [http-nio-8080-exec-8] [DEBUG] - <==      Total: 1
[2026-09-21 17:43:08.323] [gas-forecast] [] [] [c.g.f.d.m.M.selectList_mpCount] [http-nio-8080-exec-6] [DEBUG] - ==>  Preparing: SELECT COUNT(*) AS total FROM model_train_config_tb
[2026-09-21 17:43:08.323] [gas-forecast] [] [] [c.g.f.d.m.SysUserTbMapper.selectList] [http-nio-8080-exec-1] [DEBUG] - ==>  Preparing: SELECT id,username,real_name,password_hash,password_salt,avatar,email,phone,org_code,status,deleted,created_at,updated_at FROM sys_user_tb WHERE (username = ? AND deleted = ?)
[2026-09-21 17:43:08.334] [gas-forecast] [] [] [c.g.f.d.m.M.selectList_mpCount] [http-nio-8080-exec-6] [DEBUG] - ==> Parameters: 
[2026-09-21 17:43:08.334] [gas-forecast] [] [] [c.g.f.d.m.SysUserTbMapper.selectList] [http-nio-8080-exec-1] [DEBUG] - ==> Parameters: admin(String), 0(Integer)
[2026-09-21 17:43:08.335] [gas-forecast] [] [] [c.g.f.d.m.S.selectByUsername] [http-nio-8080-exec-4] [DEBUG] - ==>  Preparing: select distinct p.* from sys_permission_tb p where p.status = 1 and ( exists ( select 1 from sys_user_tb u join sys_user_role_ref ur on ur.user_id = u.id join sys_role_permission_ref rp on rp.role_id = ur.role_id where rp.permission_id = p.id and u.username = ? and u.deleted = 0 ) or exists ( select 1 from sys_user_tb u join sys_user_department_ref ud on ud.user_id = u.id join sys_department_permission_ref dp on dp.department_id = ud.department_id where dp.permission_id = p.id and u.username = ? and u.deleted = 0 ) ) order by p.sort_no, p.id
[2026-09-21 17:43:08.336] [gas-forecast] [] [] [c.g.f.d.m.S.selectByUsername] [http-nio-8080-exec-4] [DEBUG] - ==> Parameters: admin(String), admin(String)
[2026-09-21 17:43:08.346] [gas-forecast] [] [] [c.g.f.d.m.M.selectList_mpCount] [http-nio-8080-exec-6] [DEBUG] - <==      Total: 1
[2026-09-21 17:43:08.347] [gas-forecast] [] [] [c.g.f.d.m.SysUserTbMapper.selectList] [http-nio-8080-exec-1] [DEBUG] - <==      Total: 1
[2026-09-21 17:43:08.348] [gas-forecast] [] [] [c.g.f.d.m.S.selectByUsername] [http-nio-8080-exec-3] [DEBUG] - ==>  Preparing: select distinct p.* from sys_permission_tb p where p.status = 1 and ( exists ( select 1 from sys_user_tb u join sys_user_role_ref ur on ur.user_id = u.id join sys_role_permission_ref rp on rp.role_id = ur.role_id where rp.permission_id = p.id and u.username = ? and u.deleted = 0 ) or exists ( select 1 from sys_user_tb u join sys_user_department_ref ud on ud.user_id = u.id join sys_department_permission_ref dp on dp.department_id = ud.department_id where dp.permission_id = p.id and u.username = ? and u.deleted = 0 ) ) order by p.sort_no, p.id
[2026-09-21 17:43:08.349] [gas-forecast] [] [] [c.g.f.d.m.S.selectByUsername] [http-nio-8080-exec-3] [DEBUG] - ==> Parameters: admin(String), admin(String)
[2026-09-21 17:43:08.349] [gas-forecast] [] [] [c.g.f.d.m.M.selectList] [http-nio-8080-exec-6] [DEBUG] - ==>  Preparing: SELECT id,train_code,train_name,agent_code,model_id,model_code,model_name,scope_type,region_code,region_name,industry_code,industry_name,customer_code,customer_name,train_start_date,train_end_date,train_mode,time_granularity,recent_periods,enabled,remark,created_by,created_by_name,created_at,updated_at FROM model_train_config_tb ORDER BY updated_at DESC,id DESC LIMIT ?
[2026-09-21 17:43:08.349] [gas-forecast] [] [] [c.g.f.d.m.S.selectByUsername] [http-nio-8080-exec-5] [DEBUG] - ==>  Preparing: select distinct p.* from sys_permission_tb p where p.status = 1 and ( exists ( select 1 from sys_user_tb u join sys_user_role_ref ur on ur.user_id = u.id join sys_role_permission_ref rp on rp.role_id = ur.role_id where rp.permission_id = p.id and u.username = ? and u.deleted = 0 ) or exists ( select 1 from sys_user_tb u join sys_user_department_ref ud on ud.user_id = u.id join sys_department_permission_ref dp on dp.department_id = ud.department_id where dp.permission_id = p.id and u.username = ? and u.deleted = 0 ) ) order by p.sort_no, p.id
[2026-09-21 17:43:08.349] [gas-forecast] [] [] [c.g.f.d.m.S.selectByUsername] [http-nio-8080-exec-5] [DEBUG] - ==> Parameters: admin(String), admin(String)
[2026-09-21 17:43:08.350] [gas-forecast] [] [] [c.g.f.d.m.M.selectList] [http-nio-8080-exec-6] [DEBUG] - ==> Parameters: 10(Long)
[2026-09-21 17:43:08.351] [gas-forecast] [] [] [c.g.f.d.m.S.selectByUsername] [http-nio-8080-exec-4] [DEBUG] - <==      Total: 56
[2026-09-21 17:43:08.352] [gas-forecast] [] [] [c.g.f.d.m.M.selectList_mpCount] [http-nio-8080-exec-2] [DEBUG] - ==>  Preparing: SELECT COUNT(*) AS total FROM model_config_tb
[2026-09-21 17:43:08.352] [gas-forecast] [] [] [c.g.f.d.m.M.selectList] [http-nio-8080-exec-6] [DEBUG] - <==      Total: 2
[2026-09-21 17:43:08.352] [gas-forecast] [] [] [c.g.f.d.m.M.selectList_mpCount] [http-nio-8080-exec-2] [DEBUG] - ==> Parameters: 
[2026-09-21 17:43:08.352] [gas-forecast] [] [] [c.g.f.d.m.S.selectRoleCodesByUsername] [http-nio-8080-exec-1] [DEBUG] - ==>  Preparing: select r.role_code from sys_user_tb u join sys_user_role_ref ur on ur.user_id = u.id join sys_role_tb r on r.id = ur.role_id where u.username = ? order by r.role_code
[2026-09-21 17:43:08.352] [gas-forecast] [] [] [c.g.f.d.m.S.selectRoleCodesByUsername] [http-nio-8080-exec-1] [DEBUG] - ==> Parameters: admin(String)
[2026-09-21 17:43:08.353] [gas-forecast] [] [] [c.g.f.d.m.M.selectList_mpCount] [http-nio-8080-exec-2] [DEBUG] - <==      Total: 1
[2026-09-21 17:43:08.353] [gas-forecast] [] [] [c.g.f.d.m.S.selectRoleCodesByUsername] [http-nio-8080-exec-1] [DEBUG] - <==      Total: 1
[2026-09-21 17:43:08.353] [gas-forecast] [] [] [c.g.f.d.m.S.selectByUsername] [http-nio-8080-exec-1] [DEBUG] - ==>  Preparing: select distinct p.* from sys_permission_tb p where p.status = 1 and ( exists ( select 1 from sys_user_tb u join sys_user_role_ref ur on ur.user_id = u.id join sys_role_permission_ref rp on rp.role_id = ur.role_id where rp.permission_id = p.id and u.username = ? and u.deleted = 0 ) or exists ( select 1 from sys_user_tb u join sys_user_department_ref ud on ud.user_id = u.id join sys_department_permission_ref dp on dp.department_id = ud.department_id where dp.permission_id = p.id and u.username = ? and u.deleted = 0 ) ) order by p.sort_no, p.id
[2026-09-21 17:43:08.353] [gas-forecast] [] [] [c.g.f.d.m.S.selectByUsername] [http-nio-8080-exec-1] [DEBUG] - ==> Parameters: admin(String), admin(String)
[2026-09-21 17:43:08.354] [gas-forecast] [] [] [c.g.f.d.m.M.selectList] [http-nio-8080-exec-2] [DEBUG] - ==>  Preparing: SELECT id,model_code,model_name,model_version,agent_code,description,created_by,created_at,updated_at,created_by_name FROM model_config_tb ORDER BY updated_at DESC,id DESC LIMIT ?
[2026-09-21 17:43:08.354] [gas-forecast] [] [] [c.g.f.d.m.M.selectList] [http-nio-8080-exec-2] [DEBUG] - ==> Parameters: 1000(Long)
[2026-09-21 17:43:08.355] [gas-forecast] [] [] [c.g.f.d.m.M.selectList] [http-nio-8080-exec-2] [DEBUG] - <==      Total: 2
[2026-09-21 17:43:08.356] [gas-forecast] [] [] [c.g.f.d.m.S.selectByUsername] [http-nio-8080-exec-3] [DEBUG] - <==      Total: 56
[2026-09-21 17:43:08.356] [gas-forecast] [] [] [c.g.f.d.m.S.selectByUsername] [http-nio-8080-exec-5] [DEBUG] - <==      Total: 56
[2026-09-21 17:43:08.357] [gas-forecast] [] [] [c.g.f.d.m.M.selectList] [http-nio-8080-exec-2] [DEBUG] - ==>  Preparing: SELECT id,model_id,model_code,region_code,industry_code,customer_code,created_by,created_at,updated_at,created_by_name FROM model_config_scope_tb WHERE (model_id IN (?,?)) ORDER BY id DESC
[2026-09-21 17:43:08.357] [gas-forecast] [] [] [c.g.f.d.m.M.selectList] [http-nio-8080-exec-2] [DEBUG] - ==> Parameters: 2(Long), 1(Long)
[2026-09-21 17:43:08.357] [gas-forecast] [] [] [c.g.f.d.m.S.selectByUsername] [http-nio-8080-exec-1] [DEBUG] - <==      Total: 56
[2026-09-21 17:43:08.358] [gas-forecast] [] [] [c.g.f.d.m.M.selectList] [http-nio-8080-exec-2] [DEBUG] - <==      Total: 8
[2026-09-21 17:43:08.359] [gas-forecast] [] [] [c.g.f.d.m.M.selectList] [http-nio-8080-exec-2] [DEBUG] - ==>  Preparing: SELECT id,model_id,feature_id,required_flag,feature_order,created_at,created_by FROM model_feature_ref WHERE (model_id IN (?,?)) ORDER BY feature_order ASC,id ASC
[2026-09-21 17:43:08.360] [gas-forecast] [] [] [c.g.f.d.m.M.selectList] [http-nio-8080-exec-2] [DEBUG] - ==> Parameters: 2(Long), 1(Long)
[2026-09-21 17:43:08.361] [gas-forecast] [] [] [c.g.f.d.m.B.selectList_mpCount] [http-nio-8080-exec-4] [DEBUG] - ==>  Preparing: SELECT COUNT(*) AS total FROM base_region_tb
[2026-09-21 17:43:08.361] [gas-forecast] [] [] [c.g.f.d.m.B.selectList_mpCount] [http-nio-8080-exec-4] [DEBUG] - ==> Parameters: 
[2026-09-21 17:43:08.361] [gas-forecast] [] [] [c.g.f.d.m.M.selectList] [http-nio-8080-exec-2] [DEBUG] - <==      Total: 25
[2026-09-21 17:43:08.362] [gas-forecast] [] [] [c.g.f.d.m.B.selectList_mpCount] [http-nio-8080-exec-3] [DEBUG] - ==>  Preparing: SELECT COUNT(*) AS total FROM base_industry_tb
[2026-09-21 17:43:08.362] [gas-forecast] [] [] [c.g.f.d.m.B.selectList_mpCount] [http-nio-8080-exec-3] [DEBUG] - ==> Parameters: 
[2026-09-21 17:43:08.362] [gas-forecast] [] [] [c.g.f.d.m.B.selectList_mpCount] [http-nio-8080-exec-4] [DEBUG] - <==      Total: 1
[2026-09-21 17:43:08.362] [gas-forecast] [] [] [c.g.f.d.m.B.selectList] [http-nio-8080-exec-4] [DEBUG] - ==>  Preparing: SELECT id,region_code,region_name,remark,created_by,created_at,updated_by,updated_at,updated_by_name,created_by_name FROM base_region_tb ORDER BY updated_at DESC,id DESC LIMIT ?
[2026-09-21 17:43:08.362] [gas-forecast] [] [] [c.g.f.d.m.B.selectList] [http-nio-8080-exec-4] [DEBUG] - ==> Parameters: 1000(Long)
[2026-09-21 17:43:08.363] [gas-forecast] [] [] [c.g.f.d.m.M.selectBatchIds] [http-nio-8080-exec-2] [DEBUG] - ==>  Preparing: SELECT id,feature_code,feature_name,feature_column,time_granularity,enabled,description,created_at,created_by,updated_by_name FROM model_feature_definition_tb WHERE id IN ( ? , ? , ? , ? , ? , ? , ? , ? , ? , ? , ? , ? , ? , ? , ? , ? , ? , ? , ? , ? , ? , ? , ? , ? , ? )
[2026-09-21 17:43:08.363] [gas-forecast] [] [] [c.g.f.d.m.M.selectBatchIds] [http-nio-8080-exec-2] [DEBUG] - ==> Parameters: 5(Long), 6(Long), 4(Long), 7(Long), 3(Long), 8(Long), 2(Long), 9(Long), 1(Long), 10(Long), 11(Long), 12(Long), 13(Long), 14(Long), 15(Long), 16(Long), 17(Long), 18(Long), 19(Long), 20(Long), 21(Long), 22(Long), 23(Long), 24(Long), 25(Long)
[2026-09-21 17:43:08.363] [gas-forecast] [] [] [c.g.f.d.m.B.selectList_mpCount] [http-nio-8080-exec-3] [DEBUG] - <==      Total: 1
[2026-09-21 17:43:08.363] [gas-forecast] [] [] [c.g.f.d.m.B.selectList] [http-nio-8080-exec-3] [DEBUG] - ==>  Preparing: SELECT id,industry_code,industry_name,created_at,updated_at,created_by,created_by_name,updated_by,updated_by_name FROM base_industry_tb ORDER BY updated_at DESC,id DESC LIMIT ?
[2026-09-21 17:43:08.363] [gas-forecast] [] [] [c.g.f.d.m.B.selectList] [http-nio-8080-exec-4] [DEBUG] - <==      Total: 8
[2026-09-21 17:43:08.363] [gas-forecast] [] [] [c.g.f.d.m.B.selectList] [http-nio-8080-exec-3] [DEBUG] - ==> Parameters: 1000(Long)
[2026-09-21 17:43:08.363] [gas-forecast] [] [] [c.g.f.d.m.B.selectList_mpCount] [http-nio-8080-exec-5] [DEBUG] - ==>  Preparing: SELECT COUNT(*) AS total FROM base_customer_tb
[2026-09-21 17:43:08.363] [gas-forecast] [] [] [c.g.f.d.m.B.selectList_mpCount] [http-nio-8080-exec-5] [DEBUG] - ==> Parameters: 
[2026-09-21 17:43:08.364] [gas-forecast] [] [] [c.g.f.d.m.B.selectList_mpCount] [http-nio-8080-exec-5] [DEBUG] - <==      Total: 1
[2026-09-21 17:43:08.365] [gas-forecast] [] [] [c.g.f.d.m.B.selectList] [http-nio-8080-exec-5] [DEBUG] - ==>  Preparing: SELECT id,customer_code,customer_name,industry_code,industry_name,region_code,region_name,created_at,updated_at,created_by,created_by_name,updated_by,updated_by_name,raw_region_name,raw_industry_name FROM base_customer_tb ORDER BY updated_at DESC,id DESC LIMIT ?
[2026-09-21 17:43:08.365] [gas-forecast] [] [] [c.g.f.d.m.B.selectList] [http-nio-8080-exec-3] [DEBUG] - <==      Total: 4
[2026-09-21 17:43:08.365] [gas-forecast] [] [] [c.g.f.d.m.B.selectList] [http-nio-8080-exec-5] [DEBUG] - ==> Parameters: 1000(Long)
[2026-09-21 17:43:08.367] [gas-forecast] [] [] [c.g.f.d.m.B.selectList] [http-nio-8080-exec-5] [DEBUG] - <==      Total: 21
[2026-09-21 17:43:08.367] [gas-forecast] [] [] [c.g.f.d.m.M.selectBatchIds] [http-nio-8080-exec-2] [DEBUG] - <==      Total: 25
[2026-09-21 17:43:08.368] [gas-forecast] [] [] [c.g.f.d.m.B.selectList] [http-nio-8080-exec-2] [DEBUG] - ==>  Preparing: SELECT id,region_code,region_name,remark,created_by,created_at,updated_by,updated_at,updated_by_name,created_by_name FROM base_region_tb WHERE (region_code IN (?,?,?,?,?,?,?,?))
[2026-09-21 17:43:08.368] [gas-forecast] [] [] [c.g.f.d.m.B.selectList] [http-nio-8080-exec-2] [DEBUG] - ==> Parameters: REG000012(String), REG000005(String), REG000006(String), REG000007(String), REG000008(String), REG000009(String), REG000010(String), REG000011(String)
[2026-09-21 17:43:08.369] [gas-forecast] [] [] [c.g.f.d.m.B.selectList] [http-nio-8080-exec-2] [DEBUG] - <==      Total: 8
[2026-09-21 17:43:11.445] [gas-forecast] [] [] [c.g.f.d.m.M.selectList_mpCount] [http-nio-8080-exec-7] [DEBUG] - ==>  Preparing: SELECT COUNT(*) AS total FROM model_forecast_config_tb
[2026-09-21 17:43:11.445] [gas-forecast] [] [] [c.g.f.d.m.M.selectList_mpCount] [http-nio-8080-exec-7] [DEBUG] - ==> Parameters: 
[2026-09-21 17:43:11.446] [gas-forecast] [] [] [c.g.f.d.m.M.selectList_mpCount] [http-nio-8080-exec-7] [DEBUG] - <==      Total: 1
[2026-09-21 17:43:11.447] [gas-forecast] [] [] [c.g.f.d.m.M.selectList] [http-nio-8080-exec-7] [DEBUG] - ==>  Preparing: SELECT id,forecast_name,agent_code,scope_type,region_code,region_name,industry_code,industry_name,customer_code,customer_name,forecast_start_date,forecast_horizon,forecast_frequency,auto_forecast,train_config_code,enabled,remark,created_by,created_by_name,created_at,updated_at FROM model_forecast_config_tb ORDER BY updated_at DESC,id DESC LIMIT ?
[2026-09-21 17:43:11.447] [gas-forecast] [] [] [c.g.f.d.m.M.selectList] [http-nio-8080-exec-7] [DEBUG] - ==> Parameters: 10(Long)
[2026-09-21 17:43:11.447] [gas-forecast] [] [] [c.g.f.d.m.M.selectList] [http-nio-8080-exec-7] [DEBUG] - <==      Total: 1
[2026-09-21 17:43:11.458] [gas-forecast] [] [] [c.g.f.d.m.M.selectList_mpCount] [http-nio-8080-exec-8] [DEBUG] - ==>  Preparing: SELECT COUNT(*) AS total FROM model_forecast_record_tb WHERE (forecast_id = ?)
[2026-09-21 17:43:11.458] [gas-forecast] [] [] [c.g.f.d.m.M.selectList_mpCount] [http-nio-8080-exec-8] [DEBUG] - ==> Parameters: 2(Long)
[2026-09-21 17:43:11.459] [gas-forecast] [] [] [c.g.f.d.m.M.selectList_mpCount] [http-nio-8080-exec-8] [DEBUG] - <==      Total: 1
[2026-09-21 17:43:11.459] [gas-forecast] [] [] [c.g.f.d.m.M.selectList] [http-nio-8080-exec-8] [DEBUG] - ==>  Preparing: SELECT id,forecast_id,forecast_batch_no,agent_code,scope_type,region_code,region_name,industry_code,industry_name,customer_code,customer_name,forecast_start_date,forecast_horizon,forecast_frequency,auto_forecast,status,remark,created_by,created_by_name,created_at,updated_at,forecast_end_time FROM model_forecast_record_tb WHERE (forecast_id = ?) ORDER BY created_at DESC,id DESC LIMIT ?
[2026-09-21 17:43:11.460] [gas-forecast] [] [] [c.g.f.d.m.M.selectList] [http-nio-8080-exec-8] [DEBUG] - ==> Parameters: 2(Long), 10(Long)
[2026-09-21 17:43:11.460] [gas-forecast] [] [] [c.g.f.d.m.M.selectList] [http-nio-8080-exec-8] [DEBUG] - <==      Total: 3
[2026-09-21 17:43:11.470] [gas-forecast] [] [] [c.g.f.d.m.M.selectList_mpCount] [http-nio-8080-exec-9] [DEBUG] - ==>  Preparing: SELECT COUNT(*) AS total FROM model_forecast_result_tb WHERE (forecast_batch_no = ?)
[2026-09-21 17:43:11.470] [gas-forecast] [] [] [c.g.f.d.m.M.selectList_mpCount] [http-nio-8080-exec-9] [DEBUG] - ==> Parameters: forecast-20260921-000004(String)
[2026-09-21 17:43:11.471] [gas-forecast] [] [] [c.g.f.d.m.M.selectList_mpCount] [http-nio-8080-exec-9] [DEBUG] - <==      Total: 1
[2026-09-21 17:43:11.471] [gas-forecast] [] [] [c.g.f.d.m.M.selectList] [http-nio-8080-exec-9] [DEBUG] - ==>  Preparing: SELECT id,forecast_batch_no,forecast_date,forecast_value,created_at FROM model_forecast_result_tb WHERE (forecast_batch_no = ?) ORDER BY forecast_date DESC,id DESC LIMIT ?
[2026-09-21 17:43:11.471] [gas-forecast] [] [] [c.g.f.d.m.M.selectList] [http-nio-8080-exec-9] [DEBUG] - ==> Parameters: forecast-20260921-000004(String), 20(Long)
[2026-09-21 17:43:11.472] [gas-forecast] [] [] [c.g.f.d.m.M.selectList] [http-nio-8080-exec-9] [DEBUG] - <==      Total: 20
[2026-09-21 17:43:16.762] [gas-forecast] [] [] [c.g.f.d.m.S.selectByUsername] [http-nio-8080-exec-6] [DEBUG] - ==>  Preparing: select distinct p.* from sys_permission_tb p where p.status = 1 and ( exists ( select 1 from sys_user_tb u join sys_user_role_ref ur on ur.user_id = u.id join sys_role_permission_ref rp on rp.role_id = ur.role_id where rp.permission_id = p.id and u.username = ? and u.deleted = 0 ) or exists ( select 1 from sys_user_tb u join sys_user_department_ref ud on ud.user_id = u.id join sys_department_permission_ref dp on dp.department_id = ud.department_id where dp.permission_id = p.id and u.username = ? and u.deleted = 0 ) ) order by p.sort_no, p.id
[2026-09-21 17:43:16.762] [gas-forecast] [] [] [c.g.f.d.m.S.selectByUsername] [http-nio-8080-exec-1] [DEBUG] - ==>  Preparing: select distinct p.* from sys_permission_tb p where p.status = 1 and ( exists ( select 1 from sys_user_tb u join sys_user_role_ref ur on ur.user_id = u.id join sys_role_permission_ref rp on rp.role_id = ur.role_id where rp.permission_id = p.id and u.username = ? and u.deleted = 0 ) or exists ( select 1 from sys_user_tb u join sys_user_department_ref ud on ud.user_id = u.id join sys_department_permission_ref dp on dp.department_id = ud.department_id where dp.permission_id = p.id and u.username = ? and u.deleted = 0 ) ) order by p.sort_no, p.id
[2026-09-21 17:43:16.762] [gas-forecast] [] [] [c.g.f.d.m.S.selectByUsername] [http-nio-8080-exec-4] [DEBUG] - ==>  Preparing: select distinct p.* from sys_permission_tb p where p.status = 1 and ( exists ( select 1 from sys_user_tb u join sys_user_role_ref ur on ur.user_id = u.id join sys_role_permission_ref rp on rp.role_id = ur.role_id where rp.permission_id = p.id and u.username = ? and u.deleted = 0 ) or exists ( select 1 from sys_user_tb u join sys_user_department_ref ud on ud.user_id = u.id join sys_department_permission_ref dp on dp.department_id = ud.department_id where dp.permission_id = p.id and u.username = ? and u.deleted = 0 ) ) order by p.sort_no, p.id
[2026-09-21 17:43:16.762] [gas-forecast] [] [] [c.g.f.d.m.S.selectByUsername] [http-nio-8080-exec-6] [DEBUG] - ==> Parameters: admin(String), admin(String)
[2026-09-21 17:43:16.762] [gas-forecast] [] [] [c.g.f.d.m.S.selectByUsername] [http-nio-8080-exec-1] [DEBUG] - ==> Parameters: admin(String), admin(String)
[2026-09-21 17:43:16.762] [gas-forecast] [] [] [c.g.f.d.m.S.selectByUsername] [http-nio-8080-exec-4] [DEBUG] - ==> Parameters: admin(String), admin(String)
[2026-09-21 17:43:16.764] [gas-forecast] [] [] [c.g.f.d.m.M.selectList_mpCount] [http-nio-8080-exec-10] [DEBUG] - ==>  Preparing: SELECT COUNT(*) AS total FROM model_config_tb
[2026-09-21 17:43:16.764] [gas-forecast] [] [] [c.g.f.d.m.M.selectList_mpCount] [http-nio-8080-exec-10] [DEBUG] - ==> Parameters: 
[2026-09-21 17:43:16.764] [gas-forecast] [] [] [c.g.f.d.m.M.selectList_mpCount] [http-nio-8080-exec-3] [DEBUG] - ==>  Preparing: SELECT COUNT(*) AS total FROM model_train_config_tb
[2026-09-21 17:43:16.764] [gas-forecast] [] [] [c.g.f.d.m.M.selectList_mpCount] [http-nio-8080-exec-3] [DEBUG] - ==> Parameters: 
[2026-09-21 17:43:16.765] [gas-forecast] [] [] [c.g.f.d.m.S.selectByUsername] [http-nio-8080-exec-4] [DEBUG] - <==      Total: 56
[2026-09-21 17:43:16.765] [gas-forecast] [] [] [c.g.f.d.m.M.selectList_mpCount] [http-nio-8080-exec-3] [DEBUG] - <==      Total: 1
[2026-09-21 17:43:16.765] [gas-forecast] [] [] [c.g.f.d.m.M.selectList_mpCount] [http-nio-8080-exec-10] [DEBUG] - <==      Total: 1
[2026-09-21 17:43:16.765] [gas-forecast] [] [] [c.g.f.d.m.S.selectByUsername] [http-nio-8080-exec-6] [DEBUG] - <==      Total: 56
[2026-09-21 17:43:16.765] [gas-forecast] [] [] [c.g.f.d.m.M.selectList] [http-nio-8080-exec-10] [DEBUG] - ==>  Preparing: SELECT id,model_code,model_name,model_version,agent_code,description,created_by,created_at,updated_at,created_by_name FROM model_config_tb ORDER BY updated_at DESC,id DESC LIMIT ?
[2026-09-21 17:43:16.765] [gas-forecast] [] [] [c.g.f.d.m.M.selectList] [http-nio-8080-exec-3] [DEBUG] - ==>  Preparing: SELECT id,train_code,train_name,agent_code,model_id,model_code,model_name,scope_type,region_code,region_name,industry_code,industry_name,customer_code,customer_name,train_start_date,train_end_date,train_mode,time_granularity,recent_periods,enabled,remark,created_by,created_by_name,created_at,updated_at FROM model_train_config_tb ORDER BY updated_at DESC,id DESC LIMIT ?
[2026-09-21 17:43:16.765] [gas-forecast] [] [] [c.g.f.d.m.S.selectByUsername] [http-nio-8080-exec-1] [DEBUG] - <==      Total: 56
[2026-09-21 17:43:16.765] [gas-forecast] [] [] [c.g.f.d.m.M.selectList] [http-nio-8080-exec-10] [DEBUG] - ==> Parameters: 1000(Long)
[2026-09-21 17:43:16.765] [gas-forecast] [] [] [c.g.f.d.m.M.selectList] [http-nio-8080-exec-3] [DEBUG] - ==> Parameters: 10(Long)
[2026-09-21 17:43:16.766] [gas-forecast] [] [] [c.g.f.d.m.M.selectList] [http-nio-8080-exec-3] [DEBUG] - <==      Total: 2
[2026-09-21 17:43:16.766] [gas-forecast] [] [] [c.g.f.d.m.M.selectList] [http-nio-8080-exec-10] [DEBUG] - <==      Total: 2
[2026-09-21 17:43:16.767] [gas-forecast] [] [] [c.g.f.d.m.M.selectList] [http-nio-8080-exec-10] [DEBUG] - ==>  Preparing: SELECT id,model_id,model_code,region_code,industry_code,customer_code,created_by,created_at,updated_at,created_by_name FROM model_config_scope_tb WHERE (model_id IN (?,?)) ORDER BY id DESC
[2026-09-21 17:43:16.767] [gas-forecast] [] [] [c.g.f.d.m.M.selectList] [http-nio-8080-exec-10] [DEBUG] - ==> Parameters: 2(Long), 1(Long)
[2026-09-21 17:43:16.767] [gas-forecast] [] [] [c.g.f.d.m.M.selectList] [http-nio-8080-exec-10] [DEBUG] - <==      Total: 8
[2026-09-21 17:43:16.768] [gas-forecast] [] [] [c.g.f.d.m.M.selectList] [http-nio-8080-exec-10] [DEBUG] - ==>  Preparing: SELECT id,model_id,feature_id,required_flag,feature_order,created_at,created_by FROM model_feature_ref WHERE (model_id IN (?,?)) ORDER BY feature_order ASC,id ASC
[2026-09-21 17:43:16.768] [gas-forecast] [] [] [c.g.f.d.m.B.selectList_mpCount] [http-nio-8080-exec-4] [DEBUG] - ==>  Preparing: SELECT COUNT(*) AS total FROM base_industry_tb
[2026-09-21 17:43:16.768] [gas-forecast] [] [] [c.g.f.d.m.M.selectList] [http-nio-8080-exec-10] [DEBUG] - ==> Parameters: 2(Long), 1(Long)
[2026-09-21 17:43:16.768] [gas-forecast] [] [] [c.g.f.d.m.B.selectList_mpCount] [http-nio-8080-exec-4] [DEBUG] - ==> Parameters: 
[2026-09-21 17:43:16.768] [gas-forecast] [] [] [c.g.f.d.m.B.selectList_mpCount] [http-nio-8080-exec-6] [DEBUG] - ==>  Preparing: SELECT COUNT(*) AS total FROM base_region_tb
[2026-09-21 17:43:16.768] [gas-forecast] [] [] [c.g.f.d.m.B.selectList_mpCount] [http-nio-8080-exec-6] [DEBUG] - ==> Parameters: 
[2026-09-21 17:43:16.769] [gas-forecast] [] [] [c.g.f.d.m.B.selectList_mpCount] [http-nio-8080-exec-1] [DEBUG] - ==>  Preparing: SELECT COUNT(*) AS total FROM base_customer_tb
[2026-09-21 17:43:16.769] [gas-forecast] [] [] [c.g.f.d.m.B.selectList_mpCount] [http-nio-8080-exec-1] [DEBUG] - ==> Parameters: 
[2026-09-21 17:43:16.769] [gas-forecast] [] [] [c.g.f.d.m.B.selectList_mpCount] [http-nio-8080-exec-4] [DEBUG] - <==      Total: 1
[2026-09-21 17:43:16.769] [gas-forecast] [] [] [c.g.f.d.m.B.selectList_mpCount] [http-nio-8080-exec-6] [DEBUG] - <==      Total: 1
[2026-09-21 17:43:16.769] [gas-forecast] [] [] [c.g.f.d.m.B.selectList] [http-nio-8080-exec-4] [DEBUG] - ==>  Preparing: SELECT id,industry_code,industry_name,created_at,updated_at,created_by,created_by_name,updated_by,updated_by_name FROM base_industry_tb ORDER BY updated_at DESC,id DESC LIMIT ?
[2026-09-21 17:43:16.769] [gas-forecast] [] [] [c.g.f.d.m.B.selectList] [http-nio-8080-exec-6] [DEBUG] - ==>  Preparing: SELECT id,region_code,region_name,remark,created_by,created_at,updated_by,updated_at,updated_by_name,created_by_name FROM base_region_tb ORDER BY updated_at DESC,id DESC LIMIT ?
[2026-09-21 17:43:16.769] [gas-forecast] [] [] [c.g.f.d.m.M.selectList] [http-nio-8080-exec-10] [DEBUG] - <==      Total: 25
[2026-09-21 17:43:16.769] [gas-forecast] [] [] [c.g.f.d.m.B.selectList] [http-nio-8080-exec-4] [DEBUG] - ==> Parameters: 1000(Long)
[2026-09-21 17:43:16.769] [gas-forecast] [] [] [c.g.f.d.m.B.selectList] [http-nio-8080-exec-6] [DEBUG] - ==> Parameters: 1000(Long)
[2026-09-21 17:43:16.769] [gas-forecast] [] [] [c.g.f.d.m.B.selectList_mpCount] [http-nio-8080-exec-1] [DEBUG] - <==      Total: 1
[2026-09-21 17:43:16.769] [gas-forecast] [] [] [c.g.f.d.m.B.selectList] [http-nio-8080-exec-1] [DEBUG] - ==>  Preparing: SELECT id,customer_code,customer_name,industry_code,industry_name,region_code,region_name,created_at,updated_at,created_by,created_by_name,updated_by,updated_by_name,raw_region_name,raw_industry_name FROM base_customer_tb ORDER BY updated_at DESC,id DESC LIMIT ?
[2026-09-21 17:43:16.769] [gas-forecast] [] [] [c.g.f.d.m.B.selectList] [http-nio-8080-exec-1] [DEBUG] - ==> Parameters: 1000(Long)
[2026-09-21 17:43:16.769] [gas-forecast] [] [] [c.g.f.d.m.B.selectList] [http-nio-8080-exec-4] [DEBUG] - <==      Total: 4
[2026-09-21 17:43:16.770] [gas-forecast] [] [] [c.g.f.d.m.M.selectBatchIds] [http-nio-8080-exec-10] [DEBUG] - ==>  Preparing: SELECT id,feature_code,feature_name,feature_column,time_granularity,enabled,description,created_at,created_by,updated_by_name FROM model_feature_definition_tb WHERE id IN ( ? , ? , ? , ? , ? , ? , ? , ? , ? , ? , ? , ? , ? , ? , ? , ? , ? , ? , ? , ? , ? , ? , ? , ? , ? )
[2026-09-21 17:43:16.770] [gas-forecast] [] [] [c.g.f.d.m.B.selectList] [http-nio-8080-exec-6] [DEBUG] - <==      Total: 8
[2026-09-21 17:43:16.770] [gas-forecast] [] [] [c.g.f.d.m.M.selectBatchIds] [http-nio-8080-exec-10] [DEBUG] - ==> Parameters: 5(Long), 6(Long), 4(Long), 7(Long), 3(Long), 8(Long), 2(Long), 9(Long), 1(Long), 10(Long), 11(Long), 12(Long), 13(Long), 14(Long), 15(Long), 16(Long), 17(Long), 18(Long), 19(Long), 20(Long), 21(Long), 22(Long), 23(Long), 24(Long), 25(Long)
[2026-09-21 17:43:16.770] [gas-forecast] [] [] [c.g.f.d.m.B.selectList] [http-nio-8080-exec-1] [DEBUG] - <==      Total: 21
[2026-09-21 17:43:16.771] [gas-forecast] [] [] [c.g.f.d.m.M.selectBatchIds] [http-nio-8080-exec-10] [DEBUG] - <==      Total: 25
[2026-09-21 17:43:16.771] [gas-forecast] [] [] [c.g.f.d.m.B.selectList] [http-nio-8080-exec-10] [DEBUG] - ==>  Preparing: SELECT id,region_code,region_name,remark,created_by,created_at,updated_by,updated_at,updated_by_name,created_by_name FROM base_region_tb WHERE (region_code IN (?,?,?,?,?,?,?,?))
[2026-09-21 17:43:16.771] [gas-forecast] [] [] [c.g.f.d.m.B.selectList] [http-nio-8080-exec-10] [DEBUG] - ==> Parameters: REG000012(String), REG000005(String), REG000006(String), REG000007(String), REG000008(String), REG000009(String), REG000010(String), REG000011(String)
[2026-09-21 17:43:16.772] [gas-forecast] [] [] [c.g.f.d.m.B.selectList] [http-nio-8080-exec-10] [DEBUG] - <==      Total: 8
[2026-09-21 17:43:17.479] [gas-forecast] [] [] [c.g.f.d.m.M.selectList_mpCount] [http-nio-8080-exec-2] [DEBUG] - ==>  Preparing: SELECT COUNT(*) AS total FROM model_forecast_config_tb
[2026-09-21 17:43:17.479] [gas-forecast] [] [] [c.g.f.d.m.M.selectList_mpCount] [http-nio-8080-exec-2] [DEBUG] - ==> Parameters: 
[2026-09-21 17:43:17.480] [gas-forecast] [] [] [c.g.f.d.m.M.selectList_mpCount] [http-nio-8080-exec-2] [DEBUG] - <==      Total: 1
[2026-09-21 17:43:17.480] [gas-forecast] [] [] [c.g.f.d.m.M.selectList] [http-nio-8080-exec-2] [DEBUG] - ==>  Preparing: SELECT id,forecast_name,agent_code,scope_type,region_code,region_name,industry_code,industry_name,customer_code,customer_name,forecast_start_date,forecast_horizon,forecast_frequency,auto_forecast,train_config_code,enabled,remark,created_by,created_by_name,created_at,updated_at FROM model_forecast_config_tb ORDER BY updated_at DESC,id DESC LIMIT ?
[2026-09-21 17:43:17.480] [gas-forecast] [] [] [c.g.f.d.m.M.selectList] [http-nio-8080-exec-2] [DEBUG] - ==> Parameters: 10(Long)
[2026-09-21 17:43:17.481] [gas-forecast] [] [] [c.g.f.d.m.M.selectList] [http-nio-8080-exec-2] [DEBUG] - <==      Total: 1
[2026-09-21 17:43:17.487] [gas-forecast] [] [] [c.g.f.d.m.M.selectList_mpCount] [http-nio-8080-exec-5] [DEBUG] - ==>  Preparing: SELECT COUNT(*) AS total FROM model_forecast_record_tb WHERE (forecast_id = ?)
[2026-09-21 17:43:17.487] [gas-forecast] [] [] [c.g.f.d.m.M.selectList_mpCount] [http-nio-8080-exec-5] [DEBUG] - ==> Parameters: 2(Long)
[2026-09-21 17:43:17.488] [gas-forecast] [] [] [c.g.f.d.m.M.selectList_mpCount] [http-nio-8080-exec-5] [DEBUG] - <==      Total: 1
[2026-09-21 17:43:17.488] [gas-forecast] [] [] [c.g.f.d.m.M.selectList] [http-nio-8080-exec-5] [DEBUG] - ==>  Preparing: SELECT id,forecast_id,forecast_batch_no,agent_code,scope_type,region_code,region_name,industry_code,industry_name,customer_code,customer_name,forecast_start_date,forecast_horizon,forecast_frequency,auto_forecast,status,remark,created_by,created_by_name,created_at,updated_at,forecast_end_time FROM model_forecast_record_tb WHERE (forecast_id = ?) ORDER BY created_at DESC,id DESC LIMIT ?
[2026-09-21 17:43:17.488] [gas-forecast] [] [] [c.g.f.d.m.M.selectList] [http-nio-8080-exec-5] [DEBUG] - ==> Parameters: 2(Long), 10(Long)
[2026-09-21 17:43:17.489] [gas-forecast] [] [] [c.g.f.d.m.M.selectList] [http-nio-8080-exec-5] [DEBUG] - <==      Total: 3
[2026-09-21 17:43:17.494] [gas-forecast] [] [] [c.g.f.d.m.M.selectList_mpCount] [http-nio-8080-exec-7] [DEBUG] - ==>  Preparing: SELECT COUNT(*) AS total FROM model_forecast_result_tb WHERE (forecast_batch_no = ?)
[2026-09-21 17:43:17.494] [gas-forecast] [] [] [c.g.f.d.m.M.selectList_mpCount] [http-nio-8080-exec-7] [DEBUG] - ==> Parameters: forecast-20260921-000004(String)
[2026-09-21 17:43:17.495] [gas-forecast] [] [] [c.g.f.d.m.M.selectList_mpCount] [http-nio-8080-exec-7] [DEBUG] - <==      Total: 1
[2026-09-21 17:43:17.495] [gas-forecast] [] [] [c.g.f.d.m.M.selectList] [http-nio-8080-exec-7] [DEBUG] - ==>  Preparing: SELECT id,forecast_batch_no,forecast_date,forecast_value,created_at FROM model_forecast_result_tb WHERE (forecast_batch_no = ?) ORDER BY forecast_date DESC,id DESC LIMIT ?
[2026-09-21 17:43:17.495] [gas-forecast] [] [] [c.g.f.d.m.M.selectList] [http-nio-8080-exec-7] [DEBUG] - ==> Parameters: forecast-20260921-000004(String), 20(Long)
[2026-09-21 17:43:17.496] [gas-forecast] [] [] [c.g.f.d.m.M.selectList] [http-nio-8080-exec-7] [DEBUG] - <==      Total: 20
[2026-09-21 17:44:45.056] [gas-forecast] [] [] [c.g.f.d.m.M.selectList_mpCount] [http-nio-8080-exec-6] [DEBUG] - ==>  Preparing: SELECT COUNT(*) AS total FROM model_train_config_tb
[2026-09-21 17:44:45.056] [gas-forecast] [] [] [c.g.f.d.m.S.selectByUsername] [http-nio-8080-exec-3] [DEBUG] - ==>  Preparing: select distinct p.* from sys_permission_tb p where p.status = 1 and ( exists ( select 1 from sys_user_tb u join sys_user_role_ref ur on ur.user_id = u.id join sys_role_permission_ref rp on rp.role_id = ur.role_id where rp.permission_id = p.id and u.username = ? and u.deleted = 0 ) or exists ( select 1 from sys_user_tb u join sys_user_department_ref ud on ud.user_id = u.id join sys_department_permission_ref dp on dp.department_id = ud.department_id where dp.permission_id = p.id and u.username = ? and u.deleted = 0 ) ) order by p.sort_no, p.id
[2026-09-21 17:44:45.056] [gas-forecast] [] [] [c.g.f.d.m.M.selectList_mpCount] [http-nio-8080-exec-8] [DEBUG] - ==>  Preparing: SELECT COUNT(*) AS total FROM model_config_tb
[2026-09-21 17:44:45.056] [gas-forecast] [] [] [c.g.f.d.m.S.selectByUsername] [http-nio-8080-exec-9] [DEBUG] - ==>  Preparing: select distinct p.* from sys_permission_tb p where p.status = 1 and ( exists ( select 1 from sys_user_tb u join sys_user_role_ref ur on ur.user_id = u.id join sys_role_permission_ref rp on rp.role_id = ur.role_id where rp.permission_id = p.id and u.username = ? and u.deleted = 0 ) or exists ( select 1 from sys_user_tb u join sys_user_department_ref ud on ud.user_id = u.id join sys_department_permission_ref dp on dp.department_id = ud.department_id where dp.permission_id = p.id and u.username = ? and u.deleted = 0 ) ) order by p.sort_no, p.id
[2026-09-21 17:44:45.057] [gas-forecast] [] [] [c.g.f.d.m.M.selectList_mpCount] [http-nio-8080-exec-6] [DEBUG] - ==> Parameters: 
[2026-09-21 17:44:45.057] [gas-forecast] [] [] [c.g.f.d.m.M.selectList_mpCount] [http-nio-8080-exec-8] [DEBUG] - ==> Parameters: 
[2026-09-21 17:44:45.057] [gas-forecast] [] [] [c.g.f.d.m.S.selectByUsername] [http-nio-8080-exec-3] [DEBUG] - ==> Parameters: admin(String), admin(String)
[2026-09-21 17:44:45.057] [gas-forecast] [] [] [c.g.f.d.m.S.selectByUsername] [http-nio-8080-exec-9] [DEBUG] - ==> Parameters: admin(String), admin(String)
[2026-09-21 17:44:45.057] [gas-forecast] [] [] [c.g.f.d.m.S.selectByUsername] [http-nio-8080-exec-4] [DEBUG] - ==>  Preparing: select distinct p.* from sys_permission_tb p where p.status = 1 and ( exists ( select 1 from sys_user_tb u join sys_user_role_ref ur on ur.user_id = u.id join sys_role_permission_ref rp on rp.role_id = ur.role_id where rp.permission_id = p.id and u.username = ? and u.deleted = 0 ) or exists ( select 1 from sys_user_tb u join sys_user_department_ref ud on ud.user_id = u.id join sys_department_permission_ref dp on dp.department_id = ud.department_id where dp.permission_id = p.id and u.username = ? and u.deleted = 0 ) ) order by p.sort_no, p.id
[2026-09-21 17:44:45.057] [gas-forecast] [] [] [c.g.f.d.m.S.selectByUsername] [http-nio-8080-exec-4] [DEBUG] - ==> Parameters: admin(String), admin(String)
[2026-09-21 17:44:45.062] [gas-forecast] [] [] [c.g.f.d.m.M.selectList_mpCount] [http-nio-8080-exec-8] [DEBUG] - <==      Total: 1
[2026-09-21 17:44:45.062] [gas-forecast] [] [] [c.g.f.d.m.M.selectList_mpCount] [http-nio-8080-exec-6] [DEBUG] - <==      Total: 1
[2026-09-21 17:44:45.062] [gas-forecast] [] [] [c.g.f.d.m.M.selectList] [http-nio-8080-exec-8] [DEBUG] - ==>  Preparing: SELECT id,model_code,model_name,model_version,agent_code,description,created_by,created_at,updated_at,created_by_name FROM model_config_tb ORDER BY updated_at DESC,id DESC LIMIT ?
[2026-09-21 17:44:45.063] [gas-forecast] [] [] [c.g.f.d.m.M.selectList] [http-nio-8080-exec-6] [DEBUG] - ==>  Preparing: SELECT id,train_code,train_name,agent_code,model_id,model_code,model_name,scope_type,region_code,region_name,industry_code,industry_name,customer_code,customer_name,train_start_date,train_end_date,train_mode,time_granularity,recent_periods,enabled,remark,created_by,created_by_name,created_at,updated_at FROM model_train_config_tb ORDER BY updated_at DESC,id DESC LIMIT ?
[2026-09-21 17:44:45.063] [gas-forecast] [] [] [c.g.f.d.m.S.selectByUsername] [http-nio-8080-exec-4] [DEBUG] - <==      Total: 56
[2026-09-21 17:44:45.063] [gas-forecast] [] [] [c.g.f.d.m.M.selectList] [http-nio-8080-exec-8] [DEBUG] - ==> Parameters: 1000(Long)
[2026-09-21 17:44:45.063] [gas-forecast] [] [] [c.g.f.d.m.M.selectList] [http-nio-8080-exec-6] [DEBUG] - ==> Parameters: 10(Long)
[2026-09-21 17:44:45.063] [gas-forecast] [] [] [c.g.f.d.m.S.selectByUsername] [http-nio-8080-exec-3] [DEBUG] - <==      Total: 56
[2026-09-21 17:44:45.063] [gas-forecast] [] [] [c.g.f.d.m.S.selectByUsername] [http-nio-8080-exec-9] [DEBUG] - <==      Total: 56
[2026-09-21 17:44:45.064] [gas-forecast] [] [] [c.g.f.d.m.M.selectList] [http-nio-8080-exec-8] [DEBUG] - <==      Total: 2
[2026-09-21 17:44:45.064] [gas-forecast] [] [] [c.g.f.d.m.M.selectList] [http-nio-8080-exec-6] [DEBUG] - <==      Total: 2
[2026-09-21 17:44:45.064] [gas-forecast] [] [] [c.g.f.d.m.M.selectList] [http-nio-8080-exec-8] [DEBUG] - ==>  Preparing: SELECT id,model_id,model_code,region_code,industry_code,customer_code,created_by,created_at,updated_at,created_by_name FROM model_config_scope_tb WHERE (model_id IN (?,?)) ORDER BY id DESC
[2026-09-21 17:44:45.064] [gas-forecast] [] [] [c.g.f.d.m.M.selectList] [http-nio-8080-exec-8] [DEBUG] - ==> Parameters: 2(Long), 1(Long)
[2026-09-21 17:44:45.065] [gas-forecast] [] [] [c.g.f.d.m.M.selectList] [http-nio-8080-exec-8] [DEBUG] - <==      Total: 8
[2026-09-21 17:44:45.066] [gas-forecast] [] [] [c.g.f.d.m.M.selectList] [http-nio-8080-exec-8] [DEBUG] - ==>  Preparing: SELECT id,model_id,feature_id,required_flag,feature_order,created_at,created_by FROM model_feature_ref WHERE (model_id IN (?,?)) ORDER BY feature_order ASC,id ASC
[2026-09-21 17:44:45.066] [gas-forecast] [] [] [c.g.f.d.m.M.selectList] [http-nio-8080-exec-8] [DEBUG] - ==> Parameters: 2(Long), 1(Long)
[2026-09-21 17:44:45.067] [gas-forecast] [] [] [c.g.f.d.m.B.selectList_mpCount] [http-nio-8080-exec-9] [DEBUG] - ==>  Preparing: SELECT COUNT(*) AS total FROM base_region_tb
[2026-09-21 17:44:45.067] [gas-forecast] [] [] [c.g.f.d.m.B.selectList_mpCount] [http-nio-8080-exec-9] [DEBUG] - ==> Parameters: 
[2026-09-21 17:44:45.067] [gas-forecast] [] [] [c.g.f.d.m.B.selectList_mpCount] [http-nio-8080-exec-3] [DEBUG] - ==>  Preparing: SELECT COUNT(*) AS total FROM base_industry_tb
[2026-09-21 17:44:45.067] [gas-forecast] [] [] [c.g.f.d.m.B.selectList_mpCount] [http-nio-8080-exec-3] [DEBUG] - ==> Parameters: 
[2026-09-21 17:44:45.067] [gas-forecast] [] [] [c.g.f.d.m.B.selectList_mpCount] [http-nio-8080-exec-4] [DEBUG] - ==>  Preparing: SELECT COUNT(*) AS total FROM base_customer_tb
[2026-09-21 17:44:45.067] [gas-forecast] [] [] [c.g.f.d.m.B.selectList_mpCount] [http-nio-8080-exec-4] [DEBUG] - ==> Parameters: 
[2026-09-21 17:44:45.067] [gas-forecast] [] [] [c.g.f.d.m.M.selectList] [http-nio-8080-exec-8] [DEBUG] - <==      Total: 25
[2026-09-21 17:44:45.067] [gas-forecast] [] [] [c.g.f.d.m.B.selectList_mpCount] [http-nio-8080-exec-9] [DEBUG] - <==      Total: 1
[2026-09-21 17:44:45.068] [gas-forecast] [] [] [c.g.f.d.m.B.selectList_mpCount] [http-nio-8080-exec-3] [DEBUG] - <==      Total: 1
[2026-09-21 17:44:45.068] [gas-forecast] [] [] [c.g.f.d.m.B.selectList_mpCount] [http-nio-8080-exec-4] [DEBUG] - <==      Total: 1
[2026-09-21 17:44:45.068] [gas-forecast] [] [] [c.g.f.d.m.M.selectBatchIds] [http-nio-8080-exec-8] [DEBUG] - ==>  Preparing: SELECT id,feature_code,feature_name,feature_column,time_granularity,enabled,description,created_at,created_by,updated_by_name FROM model_feature_definition_tb WHERE id IN ( ? , ? , ? , ? , ? , ? , ? , ? , ? , ? , ? , ? , ? , ? , ? , ? , ? , ? , ? , ? , ? , ? , ? , ? , ? )
[2026-09-21 17:44:45.068] [gas-forecast] [] [] [c.g.f.d.m.B.selectList] [http-nio-8080-exec-9] [DEBUG] - ==>  Preparing: SELECT id,region_code,region_name,remark,created_by,created_at,updated_by,updated_at,updated_by_name,created_by_name FROM base_region_tb ORDER BY updated_at DESC,id DESC LIMIT ?
[2026-09-21 17:44:45.068] [gas-forecast] [] [] [c.g.f.d.m.B.selectList] [http-nio-8080-exec-3] [DEBUG] - ==>  Preparing: SELECT id,industry_code,industry_name,created_at,updated_at,created_by,created_by_name,updated_by,updated_by_name FROM base_industry_tb ORDER BY updated_at DESC,id DESC LIMIT ?
[2026-09-21 17:44:45.068] [gas-forecast] [] [] [c.g.f.d.m.B.selectList] [http-nio-8080-exec-4] [DEBUG] - ==>  Preparing: SELECT id,customer_code,customer_name,industry_code,industry_name,region_code,region_name,created_at,updated_at,created_by,created_by_name,updated_by,updated_by_name,raw_region_name,raw_industry_name FROM base_customer_tb ORDER BY updated_at DESC,id DESC LIMIT ?
[2026-09-21 17:44:45.068] [gas-forecast] [] [] [c.g.f.d.m.B.selectList] [http-nio-8080-exec-3] [DEBUG] - ==> Parameters: 1000(Long)
[2026-09-21 17:44:45.068] [gas-forecast] [] [] [c.g.f.d.m.B.selectList] [http-nio-8080-exec-9] [DEBUG] - ==> Parameters: 1000(Long)
[2026-09-21 17:44:45.068] [gas-forecast] [] [] [c.g.f.d.m.B.selectList] [http-nio-8080-exec-4] [DEBUG] - ==> Parameters: 1000(Long)
[2026-09-21 17:44:45.068] [gas-forecast] [] [] [c.g.f.d.m.M.selectBatchIds] [http-nio-8080-exec-8] [DEBUG] - ==> Parameters: 5(Long), 6(Long), 4(Long), 7(Long), 3(Long), 8(Long), 2(Long), 9(Long), 1(Long), 10(Long), 11(Long), 12(Long), 13(Long), 14(Long), 15(Long), 16(Long), 17(Long), 18(Long), 19(Long), 20(Long), 21(Long), 22(Long), 23(Long), 24(Long), 25(Long)
[2026-09-21 17:44:45.068] [gas-forecast] [] [] [c.g.f.d.m.B.selectList] [http-nio-8080-exec-3] [DEBUG] - <==      Total: 4
[2026-09-21 17:44:45.068] [gas-forecast] [] [] [c.g.f.d.m.B.selectList] [http-nio-8080-exec-9] [DEBUG] - <==      Total: 8
[2026-09-21 17:44:45.069] [gas-forecast] [] [] [c.g.f.d.m.B.selectList] [http-nio-8080-exec-4] [DEBUG] - <==      Total: 21
[2026-09-21 17:44:45.069] [gas-forecast] [] [] [c.g.f.d.m.M.selectBatchIds] [http-nio-8080-exec-8] [DEBUG] - <==      Total: 25
[2026-09-21 17:44:45.069] [gas-forecast] [] [] [c.g.f.d.m.B.selectList] [http-nio-8080-exec-8] [DEBUG] - ==>  Preparing: SELECT id,region_code,region_name,remark,created_by,created_at,updated_by,updated_at,updated_by_name,created_by_name FROM base_region_tb WHERE (region_code IN (?,?,?,?,?,?,?,?))
[2026-09-21 17:44:45.070] [gas-forecast] [] [] [c.g.f.d.m.B.selectList] [http-nio-8080-exec-8] [DEBUG] - ==> Parameters: REG000012(String), REG000005(String), REG000006(String), REG000007(String), REG000008(String), REG000009(String), REG000010(String), REG000011(String)
[2026-09-21 17:44:45.070] [gas-forecast] [] [] [c.g.f.d.m.B.selectList] [http-nio-8080-exec-8] [DEBUG] - <==      Total: 8
[2026-09-21 17:44:46.841] [gas-forecast] [] [] [c.g.f.d.m.M.selectList_mpCount] [http-nio-8080-exec-1] [DEBUG] - ==>  Preparing: SELECT COUNT(*) AS total FROM model_forecast_config_tb
[2026-09-21 17:44:46.841] [gas-forecast] [] [] [c.g.f.d.m.M.selectList_mpCount] [http-nio-8080-exec-1] [DEBUG] - ==> Parameters: 
[2026-09-21 17:44:46.842] [gas-forecast] [] [] [c.g.f.d.m.M.selectList_mpCount] [http-nio-8080-exec-1] [DEBUG] - <==      Total: 1
[2026-09-21 17:44:46.842] [gas-forecast] [] [] [c.g.f.d.m.M.selectList] [http-nio-8080-exec-1] [DEBUG] - ==>  Preparing: SELECT id,forecast_name,agent_code,scope_type,region_code,region_name,industry_code,industry_name,customer_code,customer_name,forecast_start_date,forecast_horizon,forecast_frequency,auto_forecast,train_config_code,enabled,remark,created_by,created_by_name,created_at,updated_at FROM model_forecast_config_tb ORDER BY updated_at DESC,id DESC LIMIT ?
[2026-09-21 17:44:46.843] [gas-forecast] [] [] [c.g.f.d.m.M.selectList] [http-nio-8080-exec-1] [DEBUG] - ==> Parameters: 10(Long)
[2026-09-21 17:44:46.843] [gas-forecast] [] [] [c.g.f.d.m.M.selectList] [http-nio-8080-exec-1] [DEBUG] - <==      Total: 1
[2026-09-21 17:44:46.850] [gas-forecast] [] [] [c.g.f.d.m.M.selectList_mpCount] [http-nio-8080-exec-10] [DEBUG] - ==>  Preparing: SELECT COUNT(*) AS total FROM model_forecast_record_tb WHERE (forecast_id = ?)
[2026-09-21 17:44:46.851] [gas-forecast] [] [] [c.g.f.d.m.M.selectList_mpCount] [http-nio-8080-exec-10] [DEBUG] - ==> Parameters: 2(Long)
[2026-09-21 17:44:46.852] [gas-forecast] [] [] [c.g.f.d.m.M.selectList_mpCount] [http-nio-8080-exec-10] [DEBUG] - <==      Total: 1
[2026-09-21 17:44:46.852] [gas-forecast] [] [] [c.g.f.d.m.M.selectList] [http-nio-8080-exec-10] [DEBUG] - ==>  Preparing: SELECT id,forecast_id,forecast_batch_no,agent_code,scope_type,region_code,region_name,industry_code,industry_name,customer_code,customer_name,forecast_start_date,forecast_horizon,forecast_frequency,auto_forecast,status,remark,created_by,created_by_name,created_at,updated_at,forecast_end_time FROM model_forecast_record_tb WHERE (forecast_id = ?) ORDER BY created_at DESC,id DESC LIMIT ?
[2026-09-21 17:44:46.852] [gas-forecast] [] [] [c.g.f.d.m.M.selectList] [http-nio-8080-exec-10] [DEBUG] - ==> Parameters: 2(Long), 10(Long)
[2026-09-21 17:44:46.853] [gas-forecast] [] [] [c.g.f.d.m.M.selectList] [http-nio-8080-exec-10] [DEBUG] - <==      Total: 3
[2026-09-21 17:44:46.858] [gas-forecast] [] [] [c.g.f.d.m.M.selectList_mpCount] [http-nio-8080-exec-2] [DEBUG] - ==>  Preparing: SELECT COUNT(*) AS total FROM model_forecast_result_tb WHERE (forecast_batch_no = ?)
[2026-09-21 17:44:46.859] [gas-forecast] [] [] [c.g.f.d.m.M.selectList_mpCount] [http-nio-8080-exec-2] [DEBUG] - ==> Parameters: forecast-20260921-000004(String)
[2026-09-21 17:44:46.860] [gas-forecast] [] [] [c.g.f.d.m.M.selectList_mpCount] [http-nio-8080-exec-2] [DEBUG] - <==      Total: 1
[2026-09-21 17:44:46.860] [gas-forecast] [] [] [c.g.f.d.m.M.selectList] [http-nio-8080-exec-2] [DEBUG] - ==>  Preparing: SELECT id,forecast_batch_no,forecast_date,forecast_value,created_at FROM model_forecast_result_tb WHERE (forecast_batch_no = ?) ORDER BY forecast_date DESC,id DESC LIMIT ?
[2026-09-21 17:44:46.861] [gas-forecast] [] [] [c.g.f.d.m.M.selectList] [http-nio-8080-exec-2] [DEBUG] - ==> Parameters: forecast-20260921-000004(String), 20(Long)
[2026-09-21 17:44:46.861] [gas-forecast] [] [] [c.g.f.d.m.M.selectList] [http-nio-8080-exec-2] [DEBUG] - <==      Total: 20
[2026-09-21 17:45:55.485] [gas-forecast] [] [] [c.g.f.d.m.M.selectList_mpCount] [http-nio-8080-exec-5] [DEBUG] - ==>  Preparing: SELECT COUNT(*) AS total FROM model_forecast_config_tb
[2026-09-21 17:45:55.485] [gas-forecast] [] [] [c.g.f.d.m.M.selectList_mpCount] [http-nio-8080-exec-5] [DEBUG] - ==> Parameters: 
[2026-09-21 17:45:55.490] [gas-forecast] [] [] [c.g.f.d.m.M.selectList_mpCount] [http-nio-8080-exec-5] [DEBUG] - <==      Total: 1
[2026-09-21 17:45:55.491] [gas-forecast] [] [] [c.g.f.d.m.M.selectList] [http-nio-8080-exec-5] [DEBUG] - ==>  Preparing: SELECT id,forecast_name,agent_code,scope_type,region_code,region_name,industry_code,industry_name,customer_code,customer_name,forecast_start_date,forecast_horizon,forecast_frequency,auto_forecast,train_config_code,enabled,remark,created_by,created_by_name,created_at,updated_at FROM model_forecast_config_tb ORDER BY updated_at DESC,id DESC LIMIT ?
[2026-09-21 17:45:55.491] [gas-forecast] [] [] [c.g.f.d.m.M.selectList] [http-nio-8080-exec-5] [DEBUG] - ==> Parameters: 10(Long)
[2026-09-21 17:45:55.492] [gas-forecast] [] [] [c.g.f.d.m.M.selectList] [http-nio-8080-exec-5] [DEBUG] - <==      Total: 1
[2026-09-21 17:46:51.486] [gas-forecast] [] [] [c.g.f.d.m.SysUserTbMapper.selectList] [http-nio-8080-exec-7] [DEBUG] - ==>  Preparing: SELECT id,username,real_name,password_hash,password_salt,avatar,email,phone,org_code,status,deleted,created_at,updated_at FROM sys_user_tb WHERE (username = ? AND deleted = ?)
[2026-09-21 17:46:51.486] [gas-forecast] [] [] [c.g.f.d.m.SysUserTbMapper.selectList] [http-nio-8080-exec-7] [DEBUG] - ==> Parameters: admin(String), 0(Integer)
[2026-09-21 17:46:51.487] [gas-forecast] [] [] [c.g.f.d.m.SysUserTbMapper.selectList] [http-nio-8080-exec-7] [DEBUG] - <==      Total: 1
[2026-09-21 17:46:51.487] [gas-forecast] [] [] [c.g.f.d.m.S.selectRoleCodesByUsername] [http-nio-8080-exec-7] [DEBUG] - ==>  Preparing: select r.role_code from sys_user_tb u join sys_user_role_ref ur on ur.user_id = u.id join sys_role_tb r on r.id = ur.role_id where u.username = ? order by r.role_code
[2026-09-21 17:46:51.487] [gas-forecast] [] [] [c.g.f.d.m.S.selectRoleCodesByUsername] [http-nio-8080-exec-7] [DEBUG] - ==> Parameters: admin(String)
[2026-09-21 17:46:51.488] [gas-forecast] [] [] [c.g.f.d.m.S.selectRoleCodesByUsername] [http-nio-8080-exec-7] [DEBUG] - <==      Total: 1
[2026-09-21 17:46:51.488] [gas-forecast] [] [] [c.g.f.d.m.S.selectByUsername] [http-nio-8080-exec-7] [DEBUG] - ==>  Preparing: select distinct p.* from sys_permission_tb p where p.status = 1 and ( exists ( select 1 from sys_user_tb u join sys_user_role_ref ur on ur.user_id = u.id join sys_role_permission_ref rp on rp.role_id = ur.role_id where rp.permission_id = p.id and u.username = ? and u.deleted = 0 ) or exists ( select 1 from sys_user_tb u join sys_user_department_ref ud on ud.user_id = u.id join sys_department_permission_ref dp on dp.department_id = ud.department_id where dp.permission_id = p.id and u.username = ? and u.deleted = 0 ) ) order by p.sort_no, p.id
[2026-09-21 17:46:51.488] [gas-forecast] [] [] [c.g.f.d.m.S.selectByUsername] [http-nio-8080-exec-7] [DEBUG] - ==> Parameters: admin(String), admin(String)
[2026-09-21 17:46:51.491] [gas-forecast] [] [] [c.g.f.d.m.S.selectByUsername] [http-nio-8080-exec-7] [DEBUG] - <==      Total: 56
[2026-09-21 17:46:51.519] [gas-forecast] [] [] [c.g.f.d.m.M.selectList_mpCount] [http-nio-8080-exec-6] [DEBUG] - ==>  Preparing: SELECT COUNT(*) AS total FROM model_forecast_config_tb
[2026-09-21 17:46:51.519] [gas-forecast] [] [] [c.g.f.d.m.M.selectList_mpCount] [http-nio-8080-exec-6] [DEBUG] - ==> Parameters: 
[2026-09-21 17:46:51.521] [gas-forecast] [] [] [c.g.f.d.m.M.selectList_mpCount] [http-nio-8080-exec-6] [DEBUG] - <==      Total: 1
[2026-09-21 17:46:51.522] [gas-forecast] [] [] [c.g.f.d.m.M.selectList] [http-nio-8080-exec-6] [DEBUG] - ==>  Preparing: SELECT id,forecast_name,agent_code,scope_type,region_code,region_name,industry_code,industry_name,customer_code,customer_name,forecast_start_date,forecast_horizon,forecast_frequency,auto_forecast,train_config_code,enabled,remark,created_by,created_by_name,created_at,updated_at FROM model_forecast_config_tb ORDER BY updated_at DESC,id DESC LIMIT ?
[2026-09-21 17:46:51.522] [gas-forecast] [] [] [c.g.f.d.m.M.selectList] [http-nio-8080-exec-6] [DEBUG] - ==> Parameters: 10(Long)
[2026-09-21 17:46:51.522] [gas-forecast] [] [] [c.g.f.d.m.M.selectList] [http-nio-8080-exec-6] [DEBUG] - <==      Total: 1
[2026-09-21 17:48:15.140] [gas-forecast] [] [] [c.g.f.d.m.M.selectList_mpCount] [http-nio-8080-exec-3] [DEBUG] - ==>  Preparing: SELECT COUNT(*) AS total FROM model_forecast_record_tb WHERE (forecast_id = ?)
[2026-09-21 17:48:15.140] [gas-forecast] [] [] [c.g.f.d.m.M.selectList_mpCount] [http-nio-8080-exec-3] [DEBUG] - ==> Parameters: 2(Long)
[2026-09-21 17:48:15.146] [gas-forecast] [] [] [c.g.f.d.m.M.selectList_mpCount] [http-nio-8080-exec-3] [DEBUG] - <==      Total: 1
[2026-09-21 17:48:15.146] [gas-forecast] [] [] [c.g.f.d.m.M.selectList] [http-nio-8080-exec-3] [DEBUG] - ==>  Preparing: SELECT id,forecast_id,forecast_batch_no,agent_code,scope_type,region_code,region_name,industry_code,industry_name,customer_code,customer_name,forecast_start_date,forecast_horizon,forecast_frequency,auto_forecast,status,remark,created_by,created_by_name,created_at,updated_at,forecast_end_time FROM model_forecast_record_tb WHERE (forecast_id = ?) ORDER BY created_at DESC,id DESC LIMIT ?
[2026-09-21 17:48:15.146] [gas-forecast] [] [] [c.g.f.d.m.M.selectList] [http-nio-8080-exec-3] [DEBUG] - ==> Parameters: 2(Long), 10(Long)
[2026-09-21 17:48:15.147] [gas-forecast] [] [] [c.g.f.d.m.M.selectList] [http-nio-8080-exec-3] [DEBUG] - <==      Total: 3
[2026-09-21 17:48:15.152] [gas-forecast] [] [] [c.g.f.d.m.M.selectList_mpCount] [http-nio-8080-exec-9] [DEBUG] - ==>  Preparing: SELECT COUNT(*) AS total FROM model_forecast_result_tb WHERE (forecast_batch_no = ?)
[2026-09-21 17:48:15.152] [gas-forecast] [] [] [c.g.f.d.m.M.selectList_mpCount] [http-nio-8080-exec-9] [DEBUG] - ==> Parameters: forecast-20260921-000004(String)
[2026-09-21 17:48:15.153] [gas-forecast] [] [] [c.g.f.d.m.M.selectList_mpCount] [http-nio-8080-exec-9] [DEBUG] - <==      Total: 1
[2026-09-21 17:48:15.153] [gas-forecast] [] [] [c.g.f.d.m.M.selectList] [http-nio-8080-exec-9] [DEBUG] - ==>  Preparing: SELECT id,forecast_batch_no,forecast_date,forecast_value,created_at FROM model_forecast_result_tb WHERE (forecast_batch_no = ?) ORDER BY forecast_date DESC,id DESC LIMIT ?
[2026-09-21 17:48:15.153] [gas-forecast] [] [] [c.g.f.d.m.M.selectList] [http-nio-8080-exec-9] [DEBUG] - ==> Parameters: forecast-20260921-000004(String), 20(Long)
[2026-09-21 17:48:15.155] [gas-forecast] [] [] [c.g.f.d.m.M.selectList] [http-nio-8080-exec-9] [DEBUG] - <==      Total: 20
[2026-09-21 17:48:20.397] [gas-forecast] [] [] [c.g.f.d.m.M.selectList_mpCount] [http-nio-8080-exec-4] [DEBUG] - ==>  Preparing: SELECT COUNT(*) AS total FROM model_forecast_result_tb WHERE (forecast_batch_no = ?)
[2026-09-21 17:48:20.398] [gas-forecast] [] [] [c.g.f.d.m.M.selectList_mpCount] [http-nio-8080-exec-4] [DEBUG] - ==> Parameters: forecast-20260921-000004(String)
[2026-09-21 17:48:20.398] [gas-forecast] [] [] [c.g.f.d.m.M.selectList_mpCount] [http-nio-8080-exec-4] [DEBUG] - <==      Total: 1
[2026-09-21 17:48:20.398] [gas-forecast] [] [] [c.g.f.d.m.M.selectList] [http-nio-8080-exec-4] [DEBUG] - ==>  Preparing: SELECT id,forecast_batch_no,forecast_date,forecast_value,created_at FROM model_forecast_result_tb WHERE (forecast_batch_no = ?) ORDER BY forecast_date DESC,id DESC LIMIT ?
[2026-09-21 17:48:20.398] [gas-forecast] [] [] [c.g.f.d.m.M.selectList] [http-nio-8080-exec-4] [DEBUG] - ==> Parameters: forecast-20260921-000004(String), 20(Long)
[2026-09-21 17:48:20.399] [gas-forecast] [] [] [c.g.f.d.m.M.selectList] [http-nio-8080-exec-4] [DEBUG] - <==      Total: 20
[2026-09-21 17:48:20.884] [gas-forecast] [] [] [c.g.f.d.m.M.selectList_mpCount] [http-nio-8080-exec-8] [DEBUG] - ==>  Preparing: SELECT COUNT(*) AS total FROM model_forecast_result_tb WHERE (forecast_batch_no = ?)
[2026-09-21 17:48:20.884] [gas-forecast] [] [] [c.g.f.d.m.M.selectList_mpCount] [http-nio-8080-exec-8] [DEBUG] - ==> Parameters: forecast-20260921-000003(String)
[2026-09-21 17:48:20.885] [gas-forecast] [] [] [c.g.f.d.m.M.selectList_mpCount] [http-nio-8080-exec-8] [DEBUG] - <==      Total: 1
[2026-09-21 17:48:21.311] [gas-forecast] [] [] [c.g.f.d.m.M.selectList_mpCount] [http-nio-8080-exec-1] [DEBUG] - ==>  Preparing: SELECT COUNT(*) AS total FROM model_forecast_result_tb WHERE (forecast_batch_no = ?)
[2026-09-21 17:48:21.311] [gas-forecast] [] [] [c.g.f.d.m.M.selectList_mpCount] [http-nio-8080-exec-1] [DEBUG] - ==> Parameters: forecast-20260921-000002(String)
[2026-09-21 17:48:21.312] [gas-forecast] [] [] [c.g.f.d.m.M.selectList_mpCount] [http-nio-8080-exec-1] [DEBUG] - <==      Total: 1
[2026-09-21 17:48:21.802] [gas-forecast] [] [] [c.g.f.d.m.M.selectList_mpCount] [http-nio-8080-exec-10] [DEBUG] - ==>  Preparing: SELECT COUNT(*) AS total FROM model_forecast_result_tb WHERE (forecast_batch_no = ?)
[2026-09-21 17:48:21.802] [gas-forecast] [] [] [c.g.f.d.m.M.selectList_mpCount] [http-nio-8080-exec-10] [DEBUG] - ==> Parameters: forecast-20260921-000004(String)
[2026-09-21 17:48:21.803] [gas-forecast] [] [] [c.g.f.d.m.M.selectList_mpCount] [http-nio-8080-exec-10] [DEBUG] - <==      Total: 1
[2026-09-21 17:48:21.803] [gas-forecast] [] [] [c.g.f.d.m.M.selectList] [http-nio-8080-exec-10] [DEBUG] - ==>  Preparing: SELECT id,forecast_batch_no,forecast_date,forecast_value,created_at FROM model_forecast_result_tb WHERE (forecast_batch_no = ?) ORDER BY forecast_date DESC,id DESC LIMIT ?
[2026-09-21 17:48:21.803] [gas-forecast] [] [] [c.g.f.d.m.M.selectList] [http-nio-8080-exec-10] [DEBUG] - ==> Parameters: forecast-20260921-000004(String), 20(Long)
[2026-09-21 17:48:21.803] [gas-forecast] [] [] [c.g.f.d.m.M.selectList] [http-nio-8080-exec-10] [DEBUG] - <==      Total: 20
[2026-09-21 17:51:24.320] [gas-forecast] [] [] [c.g.f.d.m.M.selectList_mpCount] [http-nio-8080-exec-2] [DEBUG] - ==>  Preparing: SELECT COUNT(*) AS total FROM model_forecast_config_tb
[2026-09-21 17:51:24.321] [gas-forecast] [] [] [c.g.f.d.m.M.selectList_mpCount] [http-nio-8080-exec-2] [DEBUG] - ==> Parameters: 
[2026-09-21 17:51:24.326] [gas-forecast] [] [] [c.g.f.d.m.M.selectList_mpCount] [http-nio-8080-exec-2] [DEBUG] - <==      Total: 1
[2026-09-21 17:51:24.327] [gas-forecast] [] [] [c.g.f.d.m.M.selectList] [http-nio-8080-exec-2] [DEBUG] - ==>  Preparing: SELECT id,forecast_name,agent_code,scope_type,region_code,region_name,industry_code,industry_name,customer_code,customer_name,forecast_start_date,forecast_horizon,forecast_frequency,auto_forecast,train_config_code,enabled,remark,created_by,created_by_name,created_at,updated_at FROM model_forecast_config_tb ORDER BY updated_at DESC,id DESC LIMIT ?
[2026-09-21 17:51:24.327] [gas-forecast] [] [] [c.g.f.d.m.M.selectList] [http-nio-8080-exec-2] [DEBUG] - ==> Parameters: 10(Long)
[2026-09-21 17:51:24.328] [gas-forecast] [] [] [c.g.f.d.m.M.selectList] [http-nio-8080-exec-2] [DEBUG] - <==      Total: 1
[2026-09-21 17:53:17.589] [gas-forecast] [] [] [c.g.f.d.m.M.selectList_mpCount] [http-nio-8080-exec-5] [DEBUG] - ==>  Preparing: SELECT COUNT(*) AS total FROM model_forecast_record_tb WHERE (forecast_id = ?)
[2026-09-21 17:53:17.589] [gas-forecast] [] [] [c.g.f.d.m.M.selectList_mpCount] [http-nio-8080-exec-5] [DEBUG] - ==> Parameters: 2(Long)
[2026-09-21 17:53:17.595] [gas-forecast] [] [] [c.g.f.d.m.M.selectList_mpCount] [http-nio-8080-exec-5] [DEBUG] - <==      Total: 1
[2026-09-21 17:53:17.595] [gas-forecast] [] [] [c.g.f.d.m.M.selectList] [http-nio-8080-exec-5] [DEBUG] - ==>  Preparing: SELECT id,forecast_id,forecast_batch_no,agent_code,scope_type,region_code,region_name,industry_code,industry_name,customer_code,customer_name,forecast_start_date,forecast_horizon,forecast_frequency,auto_forecast,status,remark,created_by,created_by_name,created_at,updated_at,forecast_end_time FROM model_forecast_record_tb WHERE (forecast_id = ?) ORDER BY created_at DESC,id DESC LIMIT ?
[2026-09-21 17:53:17.595] [gas-forecast] [] [] [c.g.f.d.m.M.selectList] [http-nio-8080-exec-5] [DEBUG] - ==> Parameters: 2(Long), 10(Long)
[2026-09-21 17:53:17.597] [gas-forecast] [] [] [c.g.f.d.m.M.selectList] [http-nio-8080-exec-5] [DEBUG] - <==      Total: 3
[2026-09-21 17:53:17.602] [gas-forecast] [] [] [c.g.f.d.m.M.selectList_mpCount] [http-nio-8080-exec-7] [DEBUG] - ==>  Preparing: SELECT COUNT(*) AS total FROM model_forecast_result_tb WHERE (forecast_batch_no = ?)
[2026-09-21 17:53:17.602] [gas-forecast] [] [] [c.g.f.d.m.M.selectList_mpCount] [http-nio-8080-exec-7] [DEBUG] - ==> Parameters: forecast-20260921-000004(String)
[2026-09-21 17:53:17.604] [gas-forecast] [] [] [c.g.f.d.m.M.selectList_mpCount] [http-nio-8080-exec-7] [DEBUG] - <==      Total: 1
[2026-09-21 17:53:17.604] [gas-forecast] [] [] [c.g.f.d.m.M.selectList] [http-nio-8080-exec-7] [DEBUG] - ==>  Preparing: SELECT id,forecast_batch_no,forecast_date,forecast_value,created_at FROM model_forecast_result_tb WHERE (forecast_batch_no = ?) ORDER BY forecast_date DESC,id DESC LIMIT ?
[2026-09-21 17:53:17.604] [gas-forecast] [] [] [c.g.f.d.m.M.selectList] [http-nio-8080-exec-7] [DEBUG] - ==> Parameters: forecast-20260921-000004(String), 1000(Long)
[2026-09-21 17:53:17.606] [gas-forecast] [] [] [c.g.f.d.m.M.selectList] [http-nio-8080-exec-7] [DEBUG] - <==      Total: 30
[2026-09-21 17:54:53.428] [gas-forecast] [] [] [c.g.f.d.m.M.selectList_mpCount] [http-nio-8080-exec-6] [DEBUG] - ==>  Preparing: SELECT COUNT(*) AS total FROM model_forecast_result_tb WHERE (forecast_batch_no = ?)
[2026-09-21 17:54:53.429] [gas-forecast] [] [] [c.g.f.d.m.M.selectList_mpCount] [http-nio-8080-exec-6] [DEBUG] - ==> Parameters: forecast-20260921-000004(String)
[2026-09-21 17:54:53.432] [gas-forecast] [] [] [c.g.f.d.m.M.selectList_mpCount] [http-nio-8080-exec-6] [DEBUG] - <==      Total: 1
[2026-09-21 17:54:53.433] [gas-forecast] [] [] [c.g.f.d.m.M.selectList] [http-nio-8080-exec-6] [DEBUG] - ==>  Preparing: SELECT id,forecast_batch_no,forecast_date,forecast_value,created_at FROM model_forecast_result_tb WHERE (forecast_batch_no = ?) ORDER BY forecast_date DESC,id DESC LIMIT ?
[2026-09-21 17:54:53.433] [gas-forecast] [] [] [c.g.f.d.m.M.selectList] [http-nio-8080-exec-6] [DEBUG] - ==> Parameters: forecast-20260921-000004(String), 20(Long)
[2026-09-21 17:54:53.435] [gas-forecast] [] [] [c.g.f.d.m.M.selectList] [http-nio-8080-exec-6] [DEBUG] - <==      Total: 20
[2026-09-21 17:54:54.207] [gas-forecast] [] [] [c.g.f.d.m.M.selectList_mpCount] [http-nio-8080-exec-3] [DEBUG] - ==>  Preparing: SELECT COUNT(*) AS total FROM model_forecast_result_tb WHERE (forecast_batch_no = ?)
[2026-09-21 17:54:54.207] [gas-forecast] [] [] [c.g.f.d.m.M.selectList_mpCount] [http-nio-8080-exec-3] [DEBUG] - ==> Parameters: forecast-20260921-000004(String)
[2026-09-21 17:54:54.208] [gas-forecast] [] [] [c.g.f.d.m.M.selectList_mpCount] [http-nio-8080-exec-3] [DEBUG] - <==      Total: 1
[2026-09-21 17:54:54.208] [gas-forecast] [] [] [c.g.f.d.m.M.selectList] [http-nio-8080-exec-3] [DEBUG] - ==>  Preparing: SELECT id,forecast_batch_no,forecast_date,forecast_value,created_at FROM model_forecast_result_tb WHERE (forecast_batch_no = ?) ORDER BY forecast_date DESC,id DESC LIMIT ?
[2026-09-21 17:54:54.208] [gas-forecast] [] [] [c.g.f.d.m.M.selectList] [http-nio-8080-exec-3] [DEBUG] - ==> Parameters: forecast-20260921-000004(String), 1000(Long)
[2026-09-21 17:54:54.209] [gas-forecast] [] [] [c.g.f.d.m.M.selectList] [http-nio-8080-exec-3] [DEBUG] - <==      Total: 30
[2026-09-21 17:54:56.162] [gas-forecast] [] [] [c.g.f.d.m.M.selectList_mpCount] [http-nio-8080-exec-9] [DEBUG] - ==>  Preparing: SELECT COUNT(*) AS total FROM model_forecast_result_tb WHERE (forecast_batch_no = ?)
[2026-09-21 17:54:56.162] [gas-forecast] [] [] [c.g.f.d.m.M.selectList_mpCount] [http-nio-8080-exec-9] [DEBUG] - ==> Parameters: forecast-20260921-000003(String)
[2026-09-21 17:54:56.163] [gas-forecast] [] [] [c.g.f.d.m.M.selectList_mpCount] [http-nio-8080-exec-9] [DEBUG] - <==      Total: 1
[2026-09-21 17:54:56.621] [gas-forecast] [] [] [c.g.f.d.m.M.selectList_mpCount] [http-nio-8080-exec-4] [DEBUG] - ==>  Preparing: SELECT COUNT(*) AS total FROM model_forecast_result_tb WHERE (forecast_batch_no = ?)
[2026-09-21 17:54:56.621] [gas-forecast] [] [] [c.g.f.d.m.M.selectList_mpCount] [http-nio-8080-exec-4] [DEBUG] - ==> Parameters: forecast-20260921-000002(String)
[2026-09-21 17:54:56.622] [gas-forecast] [] [] [c.g.f.d.m.M.selectList_mpCount] [http-nio-8080-exec-4] [DEBUG] - <==      Total: 1
[2026-09-21 17:54:56.957] [gas-forecast] [] [] [c.g.f.d.m.M.selectList_mpCount] [http-nio-8080-exec-8] [DEBUG] - ==>  Preparing: SELECT COUNT(*) AS total FROM model_forecast_result_tb WHERE (forecast_batch_no = ?)
[2026-09-21 17:54:56.957] [gas-forecast] [] [] [c.g.f.d.m.M.selectList_mpCount] [http-nio-8080-exec-8] [DEBUG] - ==> Parameters: forecast-20260921-000003(String)
[2026-09-21 17:54:56.958] [gas-forecast] [] [] [c.g.f.d.m.M.selectList_mpCount] [http-nio-8080-exec-8] [DEBUG] - <==      Total: 1
[2026-09-21 17:54:57.618] [gas-forecast] [] [] [c.g.f.d.m.M.selectList_mpCount] [http-nio-8080-exec-1] [DEBUG] - ==>  Preparing: SELECT COUNT(*) AS total FROM model_forecast_result_tb WHERE (forecast_batch_no = ?)
[2026-09-21 17:54:57.618] [gas-forecast] [] [] [c.g.f.d.m.M.selectList_mpCount] [http-nio-8080-exec-1] [DEBUG] - ==> Parameters: forecast-20260921-000004(String)
[2026-09-21 17:54:57.619] [gas-forecast] [] [] [c.g.f.d.m.M.selectList_mpCount] [http-nio-8080-exec-1] [DEBUG] - <==      Total: 1
[2026-09-21 17:54:57.619] [gas-forecast] [] [] [c.g.f.d.m.M.selectList] [http-nio-8080-exec-1] [DEBUG] - ==>  Preparing: SELECT id,forecast_batch_no,forecast_date,forecast_value,created_at FROM model_forecast_result_tb WHERE (forecast_batch_no = ?) ORDER BY forecast_date DESC,id DESC LIMIT ?
[2026-09-21 17:54:57.619] [gas-forecast] [] [] [c.g.f.d.m.M.selectList] [http-nio-8080-exec-1] [DEBUG] - ==> Parameters: forecast-20260921-000004(String), 1000(Long)
[2026-09-21 17:54:57.620] [gas-forecast] [] [] [c.g.f.d.m.M.selectList] [http-nio-8080-exec-1] [DEBUG] - <==      Total: 30
