[2026-09-19 07:53:32.339] [gas-forecast] [] [] [c.g.f.d.m.SysUserTbMapper.selectList] [http-nio-8080-exec-1] [DEBUG] - ==>  Preparing: SELECT id,username,real_name,password_hash,password_salt,avatar,email,phone,org_code,status,deleted,created_at,updated_at FROM sys_user_tb WHERE (username = ? AND deleted = ?)
[2026-09-19 07:53:32.349] [gas-forecast] [] [] [c.g.f.d.m.SysUserTbMapper.selectList] [http-nio-8080-exec-1] [DEBUG] - ==> Parameters: admin(String), 0(Integer)
[2026-09-19 07:53:32.359] [gas-forecast] [] [] [c.g.f.d.m.SysUserTbMapper.selectList] [http-nio-8080-exec-1] [DEBUG] - <==      Total: 1
[2026-09-19 07:53:32.361] [gas-forecast] [] [] [c.g.f.d.m.S.selectRoleCodesByUsername] [http-nio-8080-exec-1] [DEBUG] - ==>  Preparing: select r.role_code from sys_user_tb u join sys_user_role_ref ur on ur.user_id = u.id join sys_role_tb r on r.id = ur.role_id where u.username = ? order by r.role_code
[2026-09-19 07:53:32.361] [gas-forecast] [] [] [c.g.f.d.m.S.selectRoleCodesByUsername] [http-nio-8080-exec-1] [DEBUG] - ==> Parameters: admin(String)
[2026-09-19 07:53:32.363] [gas-forecast] [] [] [c.g.f.d.m.S.selectRoleCodesByUsername] [http-nio-8080-exec-1] [DEBUG] - <==      Total: 1
[2026-09-19 07:53:32.363] [gas-forecast] [] [] [c.g.f.d.m.S.selectByUsername] [http-nio-8080-exec-1] [DEBUG] - ==>  Preparing: select distinct p.* from sys_permission_tb p where p.status = 1 and ( exists ( select 1 from sys_user_tb u join sys_user_role_ref ur on ur.user_id = u.id join sys_role_permission_ref rp on rp.role_id = ur.role_id where rp.permission_id = p.id and u.username = ? and u.deleted = 0 ) or exists ( select 1 from sys_user_tb u join sys_user_department_ref ud on ud.user_id = u.id join sys_department_permission_ref dp on dp.department_id = ud.department_id where dp.permission_id = p.id and u.username = ? and u.deleted = 0 ) ) order by p.sort_no, p.id
[2026-09-19 07:53:32.363] [gas-forecast] [] [] [c.g.f.d.m.S.selectByUsername] [http-nio-8080-exec-1] [DEBUG] - ==> Parameters: admin(String), admin(String)
[2026-09-19 07:53:32.369] [gas-forecast] [] [] [c.g.f.d.m.S.selectByUsername] [http-nio-8080-exec-1] [DEBUG] - <==      Total: 64
[2026-09-19 07:53:40.881] [gas-forecast] [] [] [c.g.f.d.m.M.selectList_mpCount] [http-nio-8080-exec-2] [DEBUG] - ==>  Preparing: SELECT COUNT(*) AS total FROM model_config_tb
[2026-09-19 07:53:40.881] [gas-forecast] [] [] [c.g.f.d.m.M.selectList_mpCount] [http-nio-8080-exec-2] [DEBUG] - ==> Parameters: 
[2026-09-19 07:53:40.883] [gas-forecast] [] [] [c.g.f.d.m.M.selectList_mpCount] [http-nio-8080-exec-2] [DEBUG] - <==      Total: 1
[2026-09-19 07:53:40.884] [gas-forecast] [] [] [c.g.f.d.m.M.selectList] [http-nio-8080-exec-2] [DEBUG] - ==>  Preparing: SELECT id,model_code,model_name,model_version,agent_code,description,created_by,created_at,updated_at,created_by_name FROM model_config_tb ORDER BY updated_at DESC,id DESC LIMIT ?
[2026-09-19 07:53:40.885] [gas-forecast] [] [] [c.g.f.d.m.M.selectList] [http-nio-8080-exec-2] [DEBUG] - ==> Parameters: 10(Long)
[2026-09-19 07:53:40.885] [gas-forecast] [] [] [c.g.f.d.m.M.selectList] [http-nio-8080-exec-2] [DEBUG] - <==      Total: 2
[2026-09-19 07:53:40.887] [gas-forecast] [] [] [c.g.f.d.m.M.selectList] [http-nio-8080-exec-2] [DEBUG] - ==>  Preparing: SELECT id,model_code,region_code,industry_code,customer_code,created_by,created_at,updated_at,created_by_name FROM model_config_scope_tb WHERE (model_code IN (?,?)) ORDER BY id DESC
[2026-09-19 07:53:40.887] [gas-forecast] [] [] [c.g.f.d.m.M.selectList] [http-nio-8080-exec-2] [DEBUG] - ==> Parameters: MODEL000002(String), MODEL000001(String)
[2026-09-19 07:53:40.888] [gas-forecast] [] [] [c.g.f.d.m.M.selectList] [http-nio-8080-exec-2] [DEBUG] - <==      Total: 8
[2026-09-19 07:53:40.889] [gas-forecast] [] [] [c.g.f.d.m.M.selectList] [http-nio-8080-exec-2] [DEBUG] - ==>  Preparing: SELECT id,model_id,feature_id,required_flag,feature_order,created_at,created_by FROM model_feature_ref WHERE (model_id IN (?,?)) ORDER BY feature_order ASC,id ASC
[2026-09-19 07:53:40.889] [gas-forecast] [] [] [c.g.f.d.m.M.selectList] [http-nio-8080-exec-2] [DEBUG] - ==> Parameters: 2(Long), 1(Long)
[2026-09-19 07:53:40.889] [gas-forecast] [] [] [c.g.f.d.m.M.selectList] [http-nio-8080-exec-2] [DEBUG] - <==      Total: 5
[2026-09-19 07:53:40.890] [gas-forecast] [] [] [c.g.f.d.m.M.selectBatchIds] [http-nio-8080-exec-2] [DEBUG] - ==>  Preparing: SELECT id,feature_code,feature_name,feature_column,time_granularity,enabled,description,created_at,created_by,updated_by_name FROM model_feature_definition_tb WHERE id IN ( ? , ? , ? , ? , ? )
[2026-09-19 07:53:40.890] [gas-forecast] [] [] [c.g.f.d.m.M.selectBatchIds] [http-nio-8080-exec-2] [DEBUG] - ==> Parameters: 5(Long), 4(Long), 3(Long), 2(Long), 1(Long)
[2026-09-19 07:53:40.892] [gas-forecast] [] [] [c.g.f.d.m.M.selectBatchIds] [http-nio-8080-exec-2] [DEBUG] - <==      Total: 5
[2026-09-19 07:53:40.893] [gas-forecast] [] [] [c.g.f.d.m.B.selectList] [http-nio-8080-exec-2] [DEBUG] - ==>  Preparing: SELECT id,region_code,region_name,remark,created_by,created_at,updated_by,updated_at,updated_by_name,created_by_name FROM base_region_tb WHERE (region_code IN (?,?,?,?,?,?,?))
[2026-09-19 07:53:40.893] [gas-forecast] [] [] [c.g.f.d.m.B.selectList] [http-nio-8080-exec-2] [DEBUG] - ==> Parameters: REG000005(String), REG000006(String), REG000007(String), REG000008(String), REG000009(String), REG000010(String), REG000011(String)
[2026-09-19 07:53:40.894] [gas-forecast] [] [] [c.g.f.d.m.B.selectList] [http-nio-8080-exec-2] [DEBUG] - <==      Total: 7
[2026-09-19 07:53:40.895] [gas-forecast] [] [] [c.g.f.d.m.B.selectList] [http-nio-8080-exec-2] [DEBUG] - ==>  Preparing: SELECT id,industry_code,industry_name,created_at,updated_at,created_by,created_by_name,updated_by,updated_by_name FROM base_industry_tb WHERE (industry_code IN (?))
[2026-09-19 07:53:40.895] [gas-forecast] [] [] [c.g.f.d.m.B.selectList] [http-nio-8080-exec-2] [DEBUG] - ==> Parameters: IND000003(String)
[2026-09-19 07:53:40.896] [gas-forecast] [] [] [c.g.f.d.m.B.selectList] [http-nio-8080-exec-2] [DEBUG] - <==      Total: 1
[2026-09-19 07:53:40.897] [gas-forecast] [] [] [c.g.f.d.m.B.selectList] [http-nio-8080-exec-2] [DEBUG] - ==>  Preparing: SELECT id,customer_code,customer_name,industry_code,industry_name,region_code,region_name,created_at,updated_at,created_by,created_by_name,updated_by,updated_by_name,raw_region_name,raw_industry_name FROM base_customer_tb WHERE (customer_code IN (?))
[2026-09-19 07:53:40.897] [gas-forecast] [] [] [c.g.f.d.m.B.selectList] [http-nio-8080-exec-2] [DEBUG] - ==> Parameters: CUS000021(String)
[2026-09-19 07:53:40.897] [gas-forecast] [] [] [c.g.f.d.m.B.selectList] [http-nio-8080-exec-2] [DEBUG] - <==      Total: 1
[2026-09-19 07:53:42.648] [gas-forecast] [] [] [c.g.f.d.m.M.selectList_mpCount] [http-nio-8080-exec-3] [DEBUG] - ==>  Preparing: SELECT COUNT(*) AS total FROM model_train_feature_data_tb
[2026-09-19 07:53:42.648] [gas-forecast] [] [] [c.g.f.d.m.M.selectList_mpCount] [http-nio-8080-exec-3] [DEBUG] - ==> Parameters: 
[2026-09-19 07:53:42.651] [gas-forecast] [] [] [c.g.f.d.m.M.selectList_mpCount] [http-nio-8080-exec-3] [DEBUG] - <==      Total: 1
[2026-09-19 07:53:42.651] [gas-forecast] [] [] [c.g.f.d.m.M.selectList] [http-nio-8080-exec-3] [DEBUG] - ==>  Preparing: SELECT id,stat_date,time_granularity,region_code,region_name,customer_code,customer_name,industry_code,industry_name,gas_sales,feature_001,feature_002,feature_003,feature_004,feature_005,feature_006,feature_007,feature_008,feature_009,feature_010,feature_011,feature_012,feature_013,feature_014,feature_015,feature_016,feature_017,feature_018,feature_019,feature_020,feature_021,feature_022,feature_023,feature_024,feature_025,feature_026,feature_027,feature_028,feature_029,feature_030,feature_031,feature_032,feature_033,feature_034,feature_035,feature_036,feature_037,feature_038,feature_039,feature_040,feature_041,feature_042,feature_043,feature_044,feature_045,feature_046,feature_047,feature_048,feature_049,feature_050,feature_051,feature_052,feature_053,feature_054,feature_055,feature_056,feature_057,feature_058,feature_059,feature_060,feature_061,feature_062,feature_063,feature_064,feature_065,feature_066,feature_067,feature_068,feature_069,feature_070,feature_071,feature_072,feature_073,feature_074,feature_075,feature_076,feature_077,feature_078,feature_079,feature_080,feature_081,feature_082,feature_083,feature_084,feature_085,feature_086,feature_087,feature_088,feature_089,feature_090,feature_091,feature_092,feature_093,feature_094,feature_095,feature_096,feature_097,feature_098,feature_099,feature_100,feature_101,feature_102,feature_103,feature_104,feature_105,feature_106,feature_107,feature_108,feature_109,feature_110,feature_111,feature_112,feature_113,feature_114,feature_115,feature_116,feature_117,feature_118,feature_119,feature_120,feature_121,feature_122,feature_123,feature_124,feature_125,feature_126,feature_127,feature_128,feature_129,feature_130,feature_131,feature_132,feature_133,feature_134,feature_135,feature_136,feature_137,feature_138,feature_139,feature_140,feature_141,feature_142,feature_143,feature_144,feature_145,feature_146,feature_147,feature_148,feature_149,feature_150,feature_151,feature_152,feature_153,feature_154,feature_155,feature_156,feature_157,feature_158,feature_159,feature_160,feature_161,feature_162,feature_163,feature_164,feature_165,feature_166,feature_167,feature_168,feature_169,feature_170,feature_171,feature_172,feature_173,feature_174,feature_175,feature_176,feature_177,feature_178,feature_179,feature_180,feature_181,feature_182,feature_183,feature_184,feature_185,feature_186,feature_187,feature_188,feature_189,feature_190,feature_191,feature_192,feature_193,feature_194,feature_195,feature_196,feature_197,feature_198,feature_199,feature_200,create_time,update_time FROM model_train_feature_data_tb ORDER BY stat_date DESC,id DESC LIMIT ?
[2026-09-19 07:53:42.651] [gas-forecast] [] [] [c.g.f.d.m.M.selectList] [http-nio-8080-exec-3] [DEBUG] - ==> Parameters: 10(Long)
[2026-09-19 07:53:42.657] [gas-forecast] [] [] [c.g.f.d.m.M.selectList] [http-nio-8080-exec-3] [DEBUG] - <==      Total: 10
[2026-09-19 07:53:42.658] [gas-forecast] [] [] [c.g.f.d.m.M.selectList] [http-nio-8080-exec-3] [DEBUG] - ==>  Preparing: SELECT feature_column,feature_code FROM model_feature_definition_tb WHERE (enabled = ?)
[2026-09-19 07:53:42.658] [gas-forecast] [] [] [c.g.f.d.m.M.selectList] [http-nio-8080-exec-3] [DEBUG] - ==> Parameters: 1(Integer)
[2026-09-19 07:53:42.659] [gas-forecast] [] [] [c.g.f.d.m.M.selectList] [http-nio-8080-exec-3] [DEBUG] - <==      Total: 25
[2026-09-19 07:53:44.671] [gas-forecast] [] [] [c.g.f.d.m.M.selectList_mpCount] [http-nio-8080-exec-4] [DEBUG] - ==>  Preparing: SELECT COUNT(*) AS total FROM model_feature_definition_tb
[2026-09-19 07:53:44.672] [gas-forecast] [] [] [c.g.f.d.m.M.selectList_mpCount] [http-nio-8080-exec-4] [DEBUG] - ==> Parameters: 
[2026-09-19 07:53:44.672] [gas-forecast] [] [] [c.g.f.d.m.M.selectList_mpCount] [http-nio-8080-exec-4] [DEBUG] - <==      Total: 1
[2026-09-19 07:53:44.673] [gas-forecast] [] [] [c.g.f.d.m.M.selectList] [http-nio-8080-exec-4] [DEBUG] - ==>  Preparing: SELECT id,feature_code,feature_name,feature_column,time_granularity,enabled,description,created_at,created_by,updated_by_name FROM model_feature_definition_tb ORDER BY created_at DESC,id DESC LIMIT ?
[2026-09-19 07:53:44.673] [gas-forecast] [] [] [c.g.f.d.m.M.selectList] [http-nio-8080-exec-4] [DEBUG] - ==> Parameters: 10(Long)
[2026-09-19 07:53:44.674] [gas-forecast] [] [] [c.g.f.d.m.M.selectList] [http-nio-8080-exec-4] [DEBUG] - <==      Total: 10
[2026-09-19 07:53:45.853] [gas-forecast] [] [] [c.g.f.d.m.S.selectByUsername] [http-nio-8080-exec-7] [DEBUG] - ==>  Preparing: select distinct p.* from sys_permission_tb p where p.status = 1 and ( exists ( select 1 from sys_user_tb u join sys_user_role_ref ur on ur.user_id = u.id join sys_role_permission_ref rp on rp.role_id = ur.role_id where rp.permission_id = p.id and u.username = ? and u.deleted = 0 ) or exists ( select 1 from sys_user_tb u join sys_user_department_ref ud on ud.user_id = u.id join sys_department_permission_ref dp on dp.department_id = ud.department_id where dp.permission_id = p.id and u.username = ? and u.deleted = 0 ) ) order by p.sort_no, p.id
[2026-09-19 07:53:45.853] [gas-forecast] [] [] [c.g.f.d.m.S.selectByUsername] [http-nio-8080-exec-8] [DEBUG] - ==>  Preparing: select distinct p.* from sys_permission_tb p where p.status = 1 and ( exists ( select 1 from sys_user_tb u join sys_user_role_ref ur on ur.user_id = u.id join sys_role_permission_ref rp on rp.role_id = ur.role_id where rp.permission_id = p.id and u.username = ? and u.deleted = 0 ) or exists ( select 1 from sys_user_tb u join sys_user_department_ref ud on ud.user_id = u.id join sys_department_permission_ref dp on dp.department_id = ud.department_id where dp.permission_id = p.id and u.username = ? and u.deleted = 0 ) ) order by p.sort_no, p.id
[2026-09-19 07:53:45.853] [gas-forecast] [] [] [c.g.f.d.m.S.selectByUsername] [http-nio-8080-exec-6] [DEBUG] - ==>  Preparing: select distinct p.* from sys_permission_tb p where p.status = 1 and ( exists ( select 1 from sys_user_tb u join sys_user_role_ref ur on ur.user_id = u.id join sys_role_permission_ref rp on rp.role_id = ur.role_id where rp.permission_id = p.id and u.username = ? and u.deleted = 0 ) or exists ( select 1 from sys_user_tb u join sys_user_department_ref ud on ud.user_id = u.id join sys_department_permission_ref dp on dp.department_id = ud.department_id where dp.permission_id = p.id and u.username = ? and u.deleted = 0 ) ) order by p.sort_no, p.id
[2026-09-19 07:53:45.853] [gas-forecast] [] [] [c.g.f.d.m.S.selectByUsername] [http-nio-8080-exec-7] [DEBUG] - ==> Parameters: admin(String), admin(String)
[2026-09-19 07:53:45.853] [gas-forecast] [] [] [c.g.f.d.m.S.selectByUsername] [http-nio-8080-exec-6] [DEBUG] - ==> Parameters: admin(String), admin(String)
[2026-09-19 07:53:45.853] [gas-forecast] [] [] [c.g.f.d.m.S.selectByUsername] [http-nio-8080-exec-8] [DEBUG] - ==> Parameters: admin(String), admin(String)
[2026-09-19 07:53:45.855] [gas-forecast] [] [] [c.g.f.d.m.M.selectList_mpCount] [http-nio-8080-exec-5] [DEBUG] - ==>  Preparing: SELECT COUNT(*) AS total FROM model_config_tb
[2026-09-19 07:53:45.855] [gas-forecast] [] [] [c.g.f.d.m.M.selectList_mpCount] [http-nio-8080-exec-5] [DEBUG] - ==> Parameters: 
[2026-09-19 07:53:45.856] [gas-forecast] [] [] [c.g.f.d.m.M.selectList_mpCount] [http-nio-8080-exec-5] [DEBUG] - <==      Total: 1
[2026-09-19 07:53:45.856] [gas-forecast] [] [] [c.g.f.d.m.M.selectList] [http-nio-8080-exec-5] [DEBUG] - ==>  Preparing: SELECT id,model_code,model_name,model_version,agent_code,description,created_by,created_at,updated_at,created_by_name FROM model_config_tb ORDER BY updated_at DESC,id DESC LIMIT ?
[2026-09-19 07:53:45.856] [gas-forecast] [] [] [c.g.f.d.m.M.selectList] [http-nio-8080-exec-5] [DEBUG] - ==> Parameters: 1000(Long)
[2026-09-19 07:53:45.856] [gas-forecast] [] [] [c.g.f.d.m.M.selectList] [http-nio-8080-exec-5] [DEBUG] - <==      Total: 2
[2026-09-19 07:53:45.857] [gas-forecast] [] [] [c.g.f.d.m.M.selectList] [http-nio-8080-exec-5] [DEBUG] - ==>  Preparing: SELECT id,model_code,region_code,industry_code,customer_code,created_by,created_at,updated_at,created_by_name FROM model_config_scope_tb WHERE (model_code IN (?,?)) ORDER BY id DESC
[2026-09-19 07:53:45.857] [gas-forecast] [] [] [c.g.f.d.m.M.selectList] [http-nio-8080-exec-5] [DEBUG] - ==> Parameters: MODEL000002(String), MODEL000001(String)
[2026-09-19 07:53:45.857] [gas-forecast] [] [] [c.g.f.d.m.S.selectByUsername] [http-nio-8080-exec-6] [DEBUG] - <==      Total: 64
[2026-09-19 07:53:45.857] [gas-forecast] [] [] [c.g.f.d.m.S.selectByUsername] [http-nio-8080-exec-8] [DEBUG] - <==      Total: 64
[2026-09-19 07:53:45.858] [gas-forecast] [] [] [c.g.f.d.m.S.selectByUsername] [http-nio-8080-exec-7] [DEBUG] - <==      Total: 64
[2026-09-19 07:53:45.858] [gas-forecast] [] [] [c.g.f.d.m.M.selectList] [http-nio-8080-exec-5] [DEBUG] - <==      Total: 8
[2026-09-19 07:53:45.858] [gas-forecast] [] [] [c.g.f.d.m.M.selectList] [http-nio-8080-exec-5] [DEBUG] - ==>  Preparing: SELECT id,model_id,feature_id,required_flag,feature_order,created_at,created_by FROM model_feature_ref WHERE (model_id IN (?,?)) ORDER BY feature_order ASC,id ASC
[2026-09-19 07:53:45.859] [gas-forecast] [] [] [c.g.f.d.m.M.selectList] [http-nio-8080-exec-5] [DEBUG] - ==> Parameters: 2(Long), 1(Long)
[2026-09-19 07:53:45.860] [gas-forecast] [] [] [c.g.f.d.m.M.selectList] [http-nio-8080-exec-5] [DEBUG] - <==      Total: 5
[2026-09-19 07:53:45.860] [gas-forecast] [] [] [c.g.f.d.m.M.selectBatchIds] [http-nio-8080-exec-5] [DEBUG] - ==>  Preparing: SELECT id,feature_code,feature_name,feature_column,time_granularity,enabled,description,created_at,created_by,updated_by_name FROM model_feature_definition_tb WHERE id IN ( ? , ? , ? , ? , ? )
[2026-09-19 07:53:45.860] [gas-forecast] [] [] [c.g.f.d.m.M.selectList_mpCount] [http-nio-8080-exec-9] [DEBUG] - ==>  Preparing: SELECT COUNT(*) AS total FROM model_train_config_tb
[2026-09-19 07:53:45.860] [gas-forecast] [] [] [c.g.f.d.m.M.selectBatchIds] [http-nio-8080-exec-5] [DEBUG] - ==> Parameters: 5(Long), 4(Long), 3(Long), 2(Long), 1(Long)
[2026-09-19 07:53:45.860] [gas-forecast] [] [] [c.g.f.d.m.M.selectList_mpCount] [http-nio-8080-exec-9] [DEBUG] - ==> Parameters: 
[2026-09-19 07:53:45.862] [gas-forecast] [] [] [c.g.f.d.m.M.selectBatchIds] [http-nio-8080-exec-5] [DEBUG] - <==      Total: 5
[2026-09-19 07:53:45.862] [gas-forecast] [] [] [c.g.f.d.m.B.selectList] [http-nio-8080-exec-5] [DEBUG] - ==>  Preparing: SELECT id,region_code,region_name,remark,created_by,created_at,updated_by,updated_at,updated_by_name,created_by_name FROM base_region_tb WHERE (region_code IN (?,?,?,?,?,?,?))
[2026-09-19 07:53:45.862] [gas-forecast] [] [] [c.g.f.d.m.B.selectList] [http-nio-8080-exec-5] [DEBUG] - ==> Parameters: REG000005(String), REG000006(String), REG000007(String), REG000008(String), REG000009(String), REG000010(String), REG000011(String)
[2026-09-19 07:53:45.863] [gas-forecast] [] [] [c.g.f.d.m.B.selectList] [http-nio-8080-exec-5] [DEBUG] - <==      Total: 7
[2026-09-19 07:53:45.863] [gas-forecast] [] [] [c.g.f.d.m.B.selectList] [http-nio-8080-exec-5] [DEBUG] - ==>  Preparing: SELECT id,industry_code,industry_name,created_at,updated_at,created_by,created_by_name,updated_by,updated_by_name FROM base_industry_tb WHERE (industry_code IN (?))
[2026-09-19 07:53:45.863] [gas-forecast] [] [] [c.g.f.d.m.B.selectList] [http-nio-8080-exec-5] [DEBUG] - ==> Parameters: IND000003(String)
[2026-09-19 07:53:45.863] [gas-forecast] [] [] [c.g.f.d.m.B.selectList_mpCount] [http-nio-8080-exec-7] [DEBUG] - ==>  Preparing: SELECT COUNT(*) AS total FROM base_industry_tb
[2026-09-19 07:53:45.863] [gas-forecast] [] [] [c.g.f.d.m.B.selectList_mpCount] [http-nio-8080-exec-7] [DEBUG] - ==> Parameters: 
[2026-09-19 07:53:45.863] [gas-forecast] [] [] [c.g.f.d.m.B.selectList_mpCount] [http-nio-8080-exec-6] [DEBUG] - ==>  Preparing: SELECT COUNT(*) AS total FROM base_region_tb
[2026-09-19 07:53:45.863] [gas-forecast] [] [] [c.g.f.d.m.B.selectList_mpCount] [http-nio-8080-exec-6] [DEBUG] - ==> Parameters: 
[2026-09-19 07:53:45.863] [gas-forecast] [] [] [c.g.f.d.m.B.selectList] [http-nio-8080-exec-5] [DEBUG] - <==      Total: 1
[2026-09-19 07:53:45.864] [gas-forecast] [] [] [c.g.f.d.m.B.selectList] [http-nio-8080-exec-5] [DEBUG] - ==>  Preparing: SELECT id,customer_code,customer_name,industry_code,industry_name,region_code,region_name,created_at,updated_at,created_by,created_by_name,updated_by,updated_by_name,raw_region_name,raw_industry_name FROM base_customer_tb WHERE (customer_code IN (?))
[2026-09-19 07:53:45.864] [gas-forecast] [] [] [c.g.f.d.m.B.selectList] [http-nio-8080-exec-5] [DEBUG] - ==> Parameters: CUS000021(String)
[2026-09-19 07:53:45.864] [gas-forecast] [] [] [c.g.f.d.m.B.selectList_mpCount] [http-nio-8080-exec-8] [DEBUG] - ==>  Preparing: SELECT COUNT(*) AS total FROM base_customer_tb
[2026-09-19 07:53:45.864] [gas-forecast] [] [] [c.g.f.d.m.B.selectList_mpCount] [http-nio-8080-exec-7] [DEBUG] - <==      Total: 1
[2026-09-19 07:53:45.864] [gas-forecast] [] [] [c.g.f.d.m.B.selectList_mpCount] [http-nio-8080-exec-8] [DEBUG] - ==> Parameters: 
[2026-09-19 07:53:45.864] [gas-forecast] [] [] [c.g.f.d.m.B.selectList] [http-nio-8080-exec-7] [DEBUG] - ==>  Preparing: SELECT id,industry_code,industry_name,created_at,updated_at,created_by,created_by_name,updated_by,updated_by_name FROM base_industry_tb ORDER BY updated_at DESC,id DESC LIMIT ?
[2026-09-19 07:53:45.864] [gas-forecast] [] [] [c.g.f.d.m.B.selectList] [http-nio-8080-exec-7] [DEBUG] - ==> Parameters: 1000(Long)
[2026-09-19 07:53:45.864] [gas-forecast] [] [] [c.g.f.d.m.B.selectList] [http-nio-8080-exec-5] [DEBUG] - <==      Total: 1
[2026-09-19 07:53:45.864] [gas-forecast] [] [] [c.g.f.d.m.B.selectList] [http-nio-8080-exec-7] [DEBUG] - <==      Total: 4
[2026-09-19 07:53:45.865] [gas-forecast] [] [] [c.g.f.d.m.M.selectList_mpCount] [http-nio-8080-exec-9] [DEBUG] - <==      Total: 1
[2026-09-19 07:53:45.865] [gas-forecast] [] [] [c.g.f.d.m.M.selectList] [http-nio-8080-exec-9] [DEBUG] - ==>  Preparing: SELECT id,train_code,train_name,agent_code,model_code,model_name,scope_type,region_code,region_name,industry_code,industry_name,customer_code,customer_name,train_start_date,train_end_date,train_mode,time_granularity,recent_periods,enabled,remark,created_by,created_by_name,created_at,updated_at FROM model_train_config_tb ORDER BY updated_at DESC,id DESC LIMIT ?
[2026-09-19 07:53:45.865] [gas-forecast] [] [] [c.g.f.d.m.M.selectList] [http-nio-8080-exec-9] [DEBUG] - ==> Parameters: 10(Long)
[2026-09-19 07:53:45.866] [gas-forecast] [] [] [c.g.f.d.m.M.selectList] [http-nio-8080-exec-9] [DEBUG] - <==      Total: 1
[2026-09-19 07:53:45.867] [gas-forecast] [] [] [c.g.f.d.m.B.selectList_mpCount] [http-nio-8080-exec-6] [DEBUG] - <==      Total: 1
[2026-09-19 07:53:45.867] [gas-forecast] [] [] [c.g.f.d.m.B.selectList] [http-nio-8080-exec-6] [DEBUG] - ==>  Preparing: SELECT id,region_code,region_name,remark,created_by,created_at,updated_by,updated_at,updated_by_name,created_by_name FROM base_region_tb ORDER BY updated_at DESC,id DESC LIMIT ?
[2026-09-19 07:53:45.867] [gas-forecast] [] [] [c.g.f.d.m.B.selectList] [http-nio-8080-exec-6] [DEBUG] - ==> Parameters: 1000(Long)
[2026-09-19 07:53:45.868] [gas-forecast] [] [] [c.g.f.d.m.B.selectList] [http-nio-8080-exec-6] [DEBUG] - <==      Total: 8
[2026-09-19 07:53:45.868] [gas-forecast] [] [] [c.g.f.d.m.B.selectList_mpCount] [http-nio-8080-exec-8] [DEBUG] - <==      Total: 1
[2026-09-19 07:53:45.868] [gas-forecast] [] [] [c.g.f.d.m.B.selectList] [http-nio-8080-exec-8] [DEBUG] - ==>  Preparing: SELECT id,customer_code,customer_name,industry_code,industry_name,region_code,region_name,created_at,updated_at,created_by,created_by_name,updated_by,updated_by_name,raw_region_name,raw_industry_name FROM base_customer_tb ORDER BY updated_at DESC,id DESC LIMIT ?
[2026-09-19 07:53:45.868] [gas-forecast] [] [] [c.g.f.d.m.B.selectList] [http-nio-8080-exec-8] [DEBUG] - ==> Parameters: 1000(Long)
[2026-09-19 07:53:45.869] [gas-forecast] [] [] [c.g.f.d.m.B.selectList] [http-nio-8080-exec-8] [DEBUG] - <==      Total: 21
[2026-09-19 07:53:52.986] [gas-forecast] [] [] [c.g.f.d.m.M.selectList_mpCount] [http-nio-8080-exec-10] [DEBUG] - ==>  Preparing: SELECT COUNT(*) AS total FROM model_feature_definition_tb
[2026-09-19 07:53:52.986] [gas-forecast] [] [] [c.g.f.d.m.M.selectList_mpCount] [http-nio-8080-exec-10] [DEBUG] - ==> Parameters: 
[2026-09-19 07:53:52.987] [gas-forecast] [] [] [c.g.f.d.m.M.selectList_mpCount] [http-nio-8080-exec-10] [DEBUG] - <==      Total: 1
[2026-09-19 07:53:52.988] [gas-forecast] [] [] [c.g.f.d.m.M.selectList] [http-nio-8080-exec-10] [DEBUG] - ==>  Preparing: SELECT id,feature_code,feature_name,feature_column,time_granularity,enabled,description,created_at,created_by,updated_by_name FROM model_feature_definition_tb ORDER BY created_at DESC,id DESC LIMIT ?
[2026-09-19 07:53:52.988] [gas-forecast] [] [] [c.g.f.d.m.M.selectList] [http-nio-8080-exec-10] [DEBUG] - ==> Parameters: 10(Long)
[2026-09-19 07:53:52.989] [gas-forecast] [] [] [c.g.f.d.m.M.selectList] [http-nio-8080-exec-10] [DEBUG] - <==      Total: 10
[2026-09-19 07:53:53.885] [gas-forecast] [] [] [c.g.f.d.m.M.selectList_mpCount] [http-nio-8080-exec-1] [DEBUG] - ==>  Preparing: SELECT COUNT(*) AS total FROM model_train_feature_data_tb
[2026-09-19 07:53:53.885] [gas-forecast] [] [] [c.g.f.d.m.M.selectList_mpCount] [http-nio-8080-exec-1] [DEBUG] - ==> Parameters: 
[2026-09-19 07:53:53.888] [gas-forecast] [] [] [c.g.f.d.m.M.selectList_mpCount] [http-nio-8080-exec-1] [DEBUG] - <==      Total: 1
[2026-09-19 07:53:53.888] [gas-forecast] [] [] [c.g.f.d.m.M.selectList] [http-nio-8080-exec-1] [DEBUG] - ==>  Preparing: SELECT id,stat_date,time_granularity,region_code,region_name,customer_code,customer_name,industry_code,industry_name,gas_sales,feature_001,feature_002,feature_003,feature_004,feature_005,feature_006,feature_007,feature_008,feature_009,feature_010,feature_011,feature_012,feature_013,feature_014,feature_015,feature_016,feature_017,feature_018,feature_019,feature_020,feature_021,feature_022,feature_023,feature_024,feature_025,feature_026,feature_027,feature_028,feature_029,feature_030,feature_031,feature_032,feature_033,feature_034,feature_035,feature_036,feature_037,feature_038,feature_039,feature_040,feature_041,feature_042,feature_043,feature_044,feature_045,feature_046,feature_047,feature_048,feature_049,feature_050,feature_051,feature_052,feature_053,feature_054,feature_055,feature_056,feature_057,feature_058,feature_059,feature_060,feature_061,feature_062,feature_063,feature_064,feature_065,feature_066,feature_067,feature_068,feature_069,feature_070,feature_071,feature_072,feature_073,feature_074,feature_075,feature_076,feature_077,feature_078,feature_079,feature_080,feature_081,feature_082,feature_083,feature_084,feature_085,feature_086,feature_087,feature_088,feature_089,feature_090,feature_091,feature_092,feature_093,feature_094,feature_095,feature_096,feature_097,feature_098,feature_099,feature_100,feature_101,feature_102,feature_103,feature_104,feature_105,feature_106,feature_107,feature_108,feature_109,feature_110,feature_111,feature_112,feature_113,feature_114,feature_115,feature_116,feature_117,feature_118,feature_119,feature_120,feature_121,feature_122,feature_123,feature_124,feature_125,feature_126,feature_127,feature_128,feature_129,feature_130,feature_131,feature_132,feature_133,feature_134,feature_135,feature_136,feature_137,feature_138,feature_139,feature_140,feature_141,feature_142,feature_143,feature_144,feature_145,feature_146,feature_147,feature_148,feature_149,feature_150,feature_151,feature_152,feature_153,feature_154,feature_155,feature_156,feature_157,feature_158,feature_159,feature_160,feature_161,feature_162,feature_163,feature_164,feature_165,feature_166,feature_167,feature_168,feature_169,feature_170,feature_171,feature_172,feature_173,feature_174,feature_175,feature_176,feature_177,feature_178,feature_179,feature_180,feature_181,feature_182,feature_183,feature_184,feature_185,feature_186,feature_187,feature_188,feature_189,feature_190,feature_191,feature_192,feature_193,feature_194,feature_195,feature_196,feature_197,feature_198,feature_199,feature_200,create_time,update_time FROM model_train_feature_data_tb ORDER BY stat_date DESC,id DESC LIMIT ?
[2026-09-19 07:53:53.888] [gas-forecast] [] [] [c.g.f.d.m.M.selectList] [http-nio-8080-exec-1] [DEBUG] - ==> Parameters: 10(Long)
[2026-09-19 07:53:53.891] [gas-forecast] [] [] [c.g.f.d.m.M.selectList] [http-nio-8080-exec-1] [DEBUG] - <==      Total: 10
[2026-09-19 07:53:53.892] [gas-forecast] [] [] [c.g.f.d.m.M.selectList] [http-nio-8080-exec-1] [DEBUG] - ==>  Preparing: SELECT feature_column,feature_code FROM model_feature_definition_tb WHERE (enabled = ?)
[2026-09-19 07:53:53.892] [gas-forecast] [] [] [c.g.f.d.m.M.selectList] [http-nio-8080-exec-1] [DEBUG] - ==> Parameters: 1(Integer)
[2026-09-19 07:53:53.892] [gas-forecast] [] [] [c.g.f.d.m.M.selectList] [http-nio-8080-exec-1] [DEBUG] - <==      Total: 25
[2026-09-19 07:53:58.596] [gas-forecast] [] [] [c.g.f.d.m.S.selectByUsername] [http-nio-8080-exec-2] [DEBUG] - ==>  Preparing: select distinct p.* from sys_permission_tb p where p.status = 1 and ( exists ( select 1 from sys_user_tb u join sys_user_role_ref ur on ur.user_id = u.id join sys_role_permission_ref rp on rp.role_id = ur.role_id where rp.permission_id = p.id and u.username = ? and u.deleted = 0 ) or exists ( select 1 from sys_user_tb u join sys_user_department_ref ud on ud.user_id = u.id join sys_department_permission_ref dp on dp.department_id = ud.department_id where dp.permission_id = p.id and u.username = ? and u.deleted = 0 ) ) order by p.sort_no, p.id
[2026-09-19 07:53:58.596] [gas-forecast] [] [] [c.g.f.d.m.S.selectByUsername] [http-nio-8080-exec-5] [DEBUG] - ==>  Preparing: select distinct p.* from sys_permission_tb p where p.status = 1 and ( exists ( select 1 from sys_user_tb u join sys_user_role_ref ur on ur.user_id = u.id join sys_role_permission_ref rp on rp.role_id = ur.role_id where rp.permission_id = p.id and u.username = ? and u.deleted = 0 ) or exists ( select 1 from sys_user_tb u join sys_user_department_ref ud on ud.user_id = u.id join sys_department_permission_ref dp on dp.department_id = ud.department_id where dp.permission_id = p.id and u.username = ? and u.deleted = 0 ) ) order by p.sort_no, p.id
[2026-09-19 07:53:58.596] [gas-forecast] [] [] [c.g.f.d.m.S.selectByUsername] [http-nio-8080-exec-4] [DEBUG] - ==>  Preparing: select distinct p.* from sys_permission_tb p where p.status = 1 and ( exists ( select 1 from sys_user_tb u join sys_user_role_ref ur on ur.user_id = u.id join sys_role_permission_ref rp on rp.role_id = ur.role_id where rp.permission_id = p.id and u.username = ? and u.deleted = 0 ) or exists ( select 1 from sys_user_tb u join sys_user_department_ref ud on ud.user_id = u.id join sys_department_permission_ref dp on dp.department_id = ud.department_id where dp.permission_id = p.id and u.username = ? and u.deleted = 0 ) ) order by p.sort_no, p.id
[2026-09-19 07:53:58.596] [gas-forecast] [] [] [c.g.f.d.m.S.selectByUsername] [http-nio-8080-exec-2] [DEBUG] - ==> Parameters: admin(String), admin(String)
[2026-09-19 07:53:58.596] [gas-forecast] [] [] [c.g.f.d.m.S.selectByUsername] [http-nio-8080-exec-5] [DEBUG] - ==> Parameters: admin(String), admin(String)
[2026-09-19 07:53:58.596] [gas-forecast] [] [] [c.g.f.d.m.S.selectByUsername] [http-nio-8080-exec-4] [DEBUG] - ==> Parameters: admin(String), admin(String)
[2026-09-19 07:53:58.597] [gas-forecast] [] [] [c.g.f.d.m.M.selectList_mpCount] [http-nio-8080-exec-3] [DEBUG] - ==>  Preparing: SELECT COUNT(*) AS total FROM model_config_tb
[2026-09-19 07:53:58.597] [gas-forecast] [] [] [c.g.f.d.m.M.selectList_mpCount] [http-nio-8080-exec-3] [DEBUG] - ==> Parameters: 
[2026-09-19 07:53:58.598] [gas-forecast] [] [] [c.g.f.d.m.S.selectByUsername] [http-nio-8080-exec-5] [DEBUG] - <==      Total: 64
[2026-09-19 07:53:58.598] [gas-forecast] [] [] [c.g.f.d.m.S.selectByUsername] [http-nio-8080-exec-4] [DEBUG] - <==      Total: 64
[2026-09-19 07:53:58.598] [gas-forecast] [] [] [c.g.f.d.m.S.selectByUsername] [http-nio-8080-exec-2] [DEBUG] - <==      Total: 64
[2026-09-19 07:53:58.598] [gas-forecast] [] [] [c.g.f.d.m.M.selectList_mpCount] [http-nio-8080-exec-7] [DEBUG] - ==>  Preparing: SELECT COUNT(*) AS total FROM model_train_config_tb
[2026-09-19 07:53:58.598] [gas-forecast] [] [] [c.g.f.d.m.M.selectList_mpCount] [http-nio-8080-exec-3] [DEBUG] - <==      Total: 1
[2026-09-19 07:53:58.598] [gas-forecast] [] [] [c.g.f.d.m.M.selectList_mpCount] [http-nio-8080-exec-7] [DEBUG] - ==> Parameters: 
[2026-09-19 07:53:58.598] [gas-forecast] [] [] [c.g.f.d.m.M.selectList] [http-nio-8080-exec-3] [DEBUG] - ==>  Preparing: SELECT id,model_code,model_name,model_version,agent_code,description,created_by,created_at,updated_at,created_by_name FROM model_config_tb ORDER BY updated_at DESC,id DESC LIMIT ?
[2026-09-19 07:53:58.598] [gas-forecast] [] [] [c.g.f.d.m.M.selectList] [http-nio-8080-exec-3] [DEBUG] - ==> Parameters: 1000(Long)
[2026-09-19 07:53:58.599] [gas-forecast] [] [] [c.g.f.d.m.M.selectList] [http-nio-8080-exec-3] [DEBUG] - <==      Total: 2
[2026-09-19 07:53:58.599] [gas-forecast] [] [] [c.g.f.d.m.M.selectList_mpCount] [http-nio-8080-exec-7] [DEBUG] - <==      Total: 1
[2026-09-19 07:53:58.599] [gas-forecast] [] [] [c.g.f.d.m.M.selectList] [http-nio-8080-exec-7] [DEBUG] - ==>  Preparing: SELECT id,train_code,train_name,agent_code,model_code,model_name,scope_type,region_code,region_name,industry_code,industry_name,customer_code,customer_name,train_start_date,train_end_date,train_mode,time_granularity,recent_periods,enabled,remark,created_by,created_by_name,created_at,updated_at FROM model_train_config_tb ORDER BY updated_at DESC,id DESC LIMIT ?
[2026-09-19 07:53:58.599] [gas-forecast] [] [] [c.g.f.d.m.M.selectList] [http-nio-8080-exec-7] [DEBUG] - ==> Parameters: 10(Long)
[2026-09-19 07:53:58.599] [gas-forecast] [] [] [c.g.f.d.m.M.selectList] [http-nio-8080-exec-3] [DEBUG] - ==>  Preparing: SELECT id,model_code,region_code,industry_code,customer_code,created_by,created_at,updated_at,created_by_name FROM model_config_scope_tb WHERE (model_code IN (?,?)) ORDER BY id DESC
[2026-09-19 07:53:58.600] [gas-forecast] [] [] [c.g.f.d.m.M.selectList] [http-nio-8080-exec-3] [DEBUG] - ==> Parameters: MODEL000002(String), MODEL000001(String)
[2026-09-19 07:53:58.600] [gas-forecast] [] [] [c.g.f.d.m.M.selectList] [http-nio-8080-exec-7] [DEBUG] - <==      Total: 1
[2026-09-19 07:53:58.600] [gas-forecast] [] [] [c.g.f.d.m.M.selectList] [http-nio-8080-exec-3] [DEBUG] - <==      Total: 8
[2026-09-19 07:53:58.601] [gas-forecast] [] [] [c.g.f.d.m.M.selectList] [http-nio-8080-exec-3] [DEBUG] - ==>  Preparing: SELECT id,model_id,feature_id,required_flag,feature_order,created_at,created_by FROM model_feature_ref WHERE (model_id IN (?,?)) ORDER BY feature_order ASC,id ASC
[2026-09-19 07:53:58.601] [gas-forecast] [] [] [c.g.f.d.m.B.selectList_mpCount] [http-nio-8080-exec-4] [DEBUG] - ==>  Preparing: SELECT COUNT(*) AS total FROM base_industry_tb
[2026-09-19 07:53:58.601] [gas-forecast] [] [] [c.g.f.d.m.B.selectList_mpCount] [http-nio-8080-exec-2] [DEBUG] - ==>  Preparing: SELECT COUNT(*) AS total FROM base_region_tb
[2026-09-19 07:53:58.601] [gas-forecast] [] [] [c.g.f.d.m.B.selectList_mpCount] [http-nio-8080-exec-2] [DEBUG] - ==> Parameters: 
[2026-09-19 07:53:58.601] [gas-forecast] [] [] [c.g.f.d.m.M.selectList] [http-nio-8080-exec-3] [DEBUG] - ==> Parameters: 2(Long), 1(Long)
[2026-09-19 07:53:58.601] [gas-forecast] [] [] [c.g.f.d.m.B.selectList_mpCount] [http-nio-8080-exec-4] [DEBUG] - ==> Parameters: 
[2026-09-19 07:53:58.602] [gas-forecast] [] [] [c.g.f.d.m.B.selectList_mpCount] [http-nio-8080-exec-5] [DEBUG] - ==>  Preparing: SELECT COUNT(*) AS total FROM base_customer_tb
[2026-09-19 07:53:58.602] [gas-forecast] [] [] [c.g.f.d.m.B.selectList_mpCount] [http-nio-8080-exec-5] [DEBUG] - ==> Parameters: 
[2026-09-19 07:53:58.602] [gas-forecast] [] [] [c.g.f.d.m.M.selectList] [http-nio-8080-exec-3] [DEBUG] - <==      Total: 5
[2026-09-19 07:53:58.602] [gas-forecast] [] [] [c.g.f.d.m.B.selectList_mpCount] [http-nio-8080-exec-2] [DEBUG] - <==      Total: 1
[2026-09-19 07:53:58.603] [gas-forecast] [] [] [c.g.f.d.m.B.selectList] [http-nio-8080-exec-2] [DEBUG] - ==>  Preparing: SELECT id,region_code,region_name,remark,created_by,created_at,updated_by,updated_at,updated_by_name,created_by_name FROM base_region_tb ORDER BY updated_at DESC,id DESC LIMIT ?
[2026-09-19 07:53:58.603] [gas-forecast] [] [] [c.g.f.d.m.B.selectList_mpCount] [http-nio-8080-exec-4] [DEBUG] - <==      Total: 1
[2026-09-19 07:53:58.603] [gas-forecast] [] [] [c.g.f.d.m.B.selectList] [http-nio-8080-exec-2] [DEBUG] - ==> Parameters: 1000(Long)
[2026-09-19 07:53:58.603] [gas-forecast] [] [] [c.g.f.d.m.M.selectBatchIds] [http-nio-8080-exec-3] [DEBUG] - ==>  Preparing: SELECT id,feature_code,feature_name,feature_column,time_granularity,enabled,description,created_at,created_by,updated_by_name FROM model_feature_definition_tb WHERE id IN ( ? , ? , ? , ? , ? )
[2026-09-19 07:53:58.603] [gas-forecast] [] [] [c.g.f.d.m.B.selectList] [http-nio-8080-exec-4] [DEBUG] - ==>  Preparing: SELECT id,industry_code,industry_name,created_at,updated_at,created_by,created_by_name,updated_by,updated_by_name FROM base_industry_tb ORDER BY updated_at DESC,id DESC LIMIT ?
[2026-09-19 07:53:58.603] [gas-forecast] [] [] [c.g.f.d.m.M.selectBatchIds] [http-nio-8080-exec-3] [DEBUG] - ==> Parameters: 5(Long), 4(Long), 3(Long), 2(Long), 1(Long)
[2026-09-19 07:53:58.603] [gas-forecast] [] [] [c.g.f.d.m.B.selectList] [http-nio-8080-exec-4] [DEBUG] - ==> Parameters: 1000(Long)
[2026-09-19 07:53:58.603] [gas-forecast] [] [] [c.g.f.d.m.B.selectList] [http-nio-8080-exec-2] [DEBUG] - <==      Total: 8
[2026-09-19 07:53:58.603] [gas-forecast] [] [] [c.g.f.d.m.B.selectList] [http-nio-8080-exec-4] [DEBUG] - <==      Total: 4
[2026-09-19 07:53:58.603] [gas-forecast] [] [] [c.g.f.d.m.M.selectBatchIds] [http-nio-8080-exec-3] [DEBUG] - <==      Total: 5
[2026-09-19 07:53:58.604] [gas-forecast] [] [] [c.g.f.d.m.B.selectList] [http-nio-8080-exec-3] [DEBUG] - ==>  Preparing: SELECT id,region_code,region_name,remark,created_by,created_at,updated_by,updated_at,updated_by_name,created_by_name FROM base_region_tb WHERE (region_code IN (?,?,?,?,?,?,?))
[2026-09-19 07:53:58.604] [gas-forecast] [] [] [c.g.f.d.m.B.selectList] [http-nio-8080-exec-3] [DEBUG] - ==> Parameters: REG000005(String), REG000006(String), REG000007(String), REG000008(String), REG000009(String), REG000010(String), REG000011(String)
[2026-09-19 07:53:58.604] [gas-forecast] [] [] [c.g.f.d.m.B.selectList] [http-nio-8080-exec-3] [DEBUG] - <==      Total: 7
[2026-09-19 07:53:58.605] [gas-forecast] [] [] [c.g.f.d.m.B.selectList] [http-nio-8080-exec-3] [DEBUG] - ==>  Preparing: SELECT id,industry_code,industry_name,created_at,updated_at,created_by,created_by_name,updated_by,updated_by_name FROM base_industry_tb WHERE (industry_code IN (?))
[2026-09-19 07:53:58.605] [gas-forecast] [] [] [c.g.f.d.m.B.selectList] [http-nio-8080-exec-3] [DEBUG] - ==> Parameters: IND000003(String)
[2026-09-19 07:53:58.605] [gas-forecast] [] [] [c.g.f.d.m.B.selectList_mpCount] [http-nio-8080-exec-5] [DEBUG] - <==      Total: 1
[2026-09-19 07:53:58.605] [gas-forecast] [] [] [c.g.f.d.m.B.selectList] [http-nio-8080-exec-3] [DEBUG] - <==      Total: 1
[2026-09-19 07:53:58.605] [gas-forecast] [] [] [c.g.f.d.m.B.selectList] [http-nio-8080-exec-5] [DEBUG] - ==>  Preparing: SELECT id,customer_code,customer_name,industry_code,industry_name,region_code,region_name,created_at,updated_at,created_by,created_by_name,updated_by,updated_by_name,raw_region_name,raw_industry_name FROM base_customer_tb ORDER BY updated_at DESC,id DESC LIMIT ?
[2026-09-19 07:53:58.606] [gas-forecast] [] [] [c.g.f.d.m.B.selectList] [http-nio-8080-exec-5] [DEBUG] - ==> Parameters: 1000(Long)
[2026-09-19 07:53:58.606] [gas-forecast] [] [] [c.g.f.d.m.B.selectList] [http-nio-8080-exec-3] [DEBUG] - ==>  Preparing: SELECT id,customer_code,customer_name,industry_code,industry_name,region_code,region_name,created_at,updated_at,created_by,created_by_name,updated_by,updated_by_name,raw_region_name,raw_industry_name FROM base_customer_tb WHERE (customer_code IN (?))
[2026-09-19 07:53:58.606] [gas-forecast] [] [] [c.g.f.d.m.B.selectList] [http-nio-8080-exec-3] [DEBUG] - ==> Parameters: CUS000021(String)
[2026-09-19 07:53:58.606] [gas-forecast] [] [] [c.g.f.d.m.B.selectList] [http-nio-8080-exec-3] [DEBUG] - <==      Total: 1
[2026-09-19 07:53:58.606] [gas-forecast] [] [] [c.g.f.d.m.B.selectList] [http-nio-8080-exec-5] [DEBUG] - <==      Total: 21
[2026-09-19 07:54:00.106] [gas-forecast] [] [] [c.g.f.d.m.S.selectByUsername] [http-nio-8080-exec-10] [DEBUG] - ==>  Preparing: select distinct p.* from sys_permission_tb p where p.status = 1 and ( exists ( select 1 from sys_user_tb u join sys_user_role_ref ur on ur.user_id = u.id join sys_role_permission_ref rp on rp.role_id = ur.role_id where rp.permission_id = p.id and u.username = ? and u.deleted = 0 ) or exists ( select 1 from sys_user_tb u join sys_user_department_ref ud on ud.user_id = u.id join sys_department_permission_ref dp on dp.department_id = ud.department_id where dp.permission_id = p.id and u.username = ? and u.deleted = 0 ) ) order by p.sort_no, p.id
[2026-09-19 07:54:00.106] [gas-forecast] [] [] [c.g.f.d.m.S.selectByUsername] [http-nio-8080-exec-9] [DEBUG] - ==>  Preparing: select distinct p.* from sys_permission_tb p where p.status = 1 and ( exists ( select 1 from sys_user_tb u join sys_user_role_ref ur on ur.user_id = u.id join sys_role_permission_ref rp on rp.role_id = ur.role_id where rp.permission_id = p.id and u.username = ? and u.deleted = 0 ) or exists ( select 1 from sys_user_tb u join sys_user_department_ref ud on ud.user_id = u.id join sys_department_permission_ref dp on dp.department_id = ud.department_id where dp.permission_id = p.id and u.username = ? and u.deleted = 0 ) ) order by p.sort_no, p.id
[2026-09-19 07:54:00.106] [gas-forecast] [] [] [c.g.f.d.m.S.selectByUsername] [http-nio-8080-exec-8] [DEBUG] - ==>  Preparing: select distinct p.* from sys_permission_tb p where p.status = 1 and ( exists ( select 1 from sys_user_tb u join sys_user_role_ref ur on ur.user_id = u.id join sys_role_permission_ref rp on rp.role_id = ur.role_id where rp.permission_id = p.id and u.username = ? and u.deleted = 0 ) or exists ( select 1 from sys_user_tb u join sys_user_department_ref ud on ud.user_id = u.id join sys_department_permission_ref dp on dp.department_id = ud.department_id where dp.permission_id = p.id and u.username = ? and u.deleted = 0 ) ) order by p.sort_no, p.id
[2026-09-19 07:54:00.106] [gas-forecast] [] [] [c.g.f.d.m.M.selectList_mpCount] [http-nio-8080-exec-6] [DEBUG] - ==>  Preparing: SELECT COUNT(*) AS total FROM model_config_tb
[2026-09-19 07:54:00.106] [gas-forecast] [] [] [c.g.f.d.m.M.selectList_mpCount] [http-nio-8080-exec-6] [DEBUG] - ==> Parameters: 
[2026-09-19 07:54:00.106] [gas-forecast] [] [] [c.g.f.d.m.S.selectByUsername] [http-nio-8080-exec-10] [DEBUG] - ==> Parameters: admin(String), admin(String)
[2026-09-19 07:54:00.106] [gas-forecast] [] [] [c.g.f.d.m.S.selectByUsername] [http-nio-8080-exec-8] [DEBUG] - ==> Parameters: admin(String), admin(String)
[2026-09-19 07:54:00.106] [gas-forecast] [] [] [c.g.f.d.m.S.selectByUsername] [http-nio-8080-exec-9] [DEBUG] - ==> Parameters: admin(String), admin(String)
[2026-09-19 07:54:00.108] [gas-forecast] [] [] [c.g.f.d.m.S.selectByUsername] [http-nio-8080-exec-10] [DEBUG] - <==      Total: 64
[2026-09-19 07:54:00.109] [gas-forecast] [] [] [c.g.f.d.m.M.selectList_mpCount] [http-nio-8080-exec-6] [DEBUG] - <==      Total: 1
[2026-09-19 07:54:00.109] [gas-forecast] [] [] [c.g.f.d.m.M.selectList] [http-nio-8080-exec-6] [DEBUG] - ==>  Preparing: SELECT id,model_code,model_name,model_version,agent_code,description,created_by,created_at,updated_at,created_by_name FROM model_config_tb ORDER BY updated_at DESC,id DESC LIMIT ?
[2026-09-19 07:54:00.109] [gas-forecast] [] [] [c.g.f.d.m.S.selectByUsername] [http-nio-8080-exec-8] [DEBUG] - <==      Total: 64
[2026-09-19 07:54:00.109] [gas-forecast] [] [] [c.g.f.d.m.M.selectList] [http-nio-8080-exec-6] [DEBUG] - ==> Parameters: 1000(Long)
[2026-09-19 07:54:00.109] [gas-forecast] [] [] [c.g.f.d.m.S.selectByUsername] [http-nio-8080-exec-9] [DEBUG] - <==      Total: 64
[2026-09-19 07:54:00.109] [gas-forecast] [] [] [c.g.f.d.m.M.selectList] [http-nio-8080-exec-6] [DEBUG] - <==      Total: 2
[2026-09-19 07:54:00.110] [gas-forecast] [] [] [c.g.f.d.m.M.selectList] [http-nio-8080-exec-6] [DEBUG] - ==>  Preparing: SELECT id,model_code,region_code,industry_code,customer_code,created_by,created_at,updated_at,created_by_name FROM model_config_scope_tb WHERE (model_code IN (?,?)) ORDER BY id DESC
[2026-09-19 07:54:00.110] [gas-forecast] [] [] [c.g.f.d.m.M.selectList] [http-nio-8080-exec-6] [DEBUG] - ==> Parameters: MODEL000002(String), MODEL000001(String)
[2026-09-19 07:54:00.110] [gas-forecast] [] [] [c.g.f.d.m.B.selectList_mpCount] [http-nio-8080-exec-10] [DEBUG] - ==>  Preparing: SELECT COUNT(*) AS total FROM base_industry_tb
[2026-09-19 07:54:00.110] [gas-forecast] [] [] [c.g.f.d.m.B.selectList_mpCount] [http-nio-8080-exec-10] [DEBUG] - ==> Parameters: 
[2026-09-19 07:54:00.111] [gas-forecast] [] [] [c.g.f.d.m.M.selectList] [http-nio-8080-exec-6] [DEBUG] - <==      Total: 8
[2026-09-19 07:54:00.111] [gas-forecast] [] [] [c.g.f.d.m.M.selectList] [http-nio-8080-exec-6] [DEBUG] - ==>  Preparing: SELECT id,model_id,feature_id,required_flag,feature_order,created_at,created_by FROM model_feature_ref WHERE (model_id IN (?,?)) ORDER BY feature_order ASC,id ASC
[2026-09-19 07:54:00.111] [gas-forecast] [] [] [c.g.f.d.m.M.selectList] [http-nio-8080-exec-6] [DEBUG] - ==> Parameters: 2(Long), 1(Long)
[2026-09-19 07:54:00.111] [gas-forecast] [] [] [c.g.f.d.m.B.selectList_mpCount] [http-nio-8080-exec-10] [DEBUG] - <==      Total: 1
[2026-09-19 07:54:00.111] [gas-forecast] [] [] [c.g.f.d.m.B.selectList] [http-nio-8080-exec-10] [DEBUG] - ==>  Preparing: SELECT id,industry_code,industry_name,created_at,updated_at,created_by,created_by_name,updated_by,updated_by_name FROM base_industry_tb ORDER BY updated_at DESC,id DESC LIMIT ?
[2026-09-19 07:54:00.111] [gas-forecast] [] [] [c.g.f.d.m.B.selectList] [http-nio-8080-exec-10] [DEBUG] - ==> Parameters: 1000(Long)
[2026-09-19 07:54:00.111] [gas-forecast] [] [] [c.g.f.d.m.M.selectList] [http-nio-8080-exec-6] [DEBUG] - <==      Total: 5
[2026-09-19 07:54:00.111] [gas-forecast] [] [] [c.g.f.d.m.B.selectList_mpCount] [http-nio-8080-exec-9] [DEBUG] - ==>  Preparing: SELECT COUNT(*) AS total FROM base_region_tb
[2026-09-19 07:54:00.112] [gas-forecast] [] [] [c.g.f.d.m.B.selectList_mpCount] [http-nio-8080-exec-8] [DEBUG] - ==>  Preparing: SELECT COUNT(*) AS total FROM base_customer_tb
[2026-09-19 07:54:00.112] [gas-forecast] [] [] [c.g.f.d.m.B.selectList_mpCount] [http-nio-8080-exec-9] [DEBUG] - ==> Parameters: 
[2026-09-19 07:54:00.111] [gas-forecast] [] [] [c.g.f.d.m.B.selectList] [http-nio-8080-exec-10] [DEBUG] - <==      Total: 4
[2026-09-19 07:54:00.112] [gas-forecast] [] [] [c.g.f.d.m.B.selectList_mpCount] [http-nio-8080-exec-8] [DEBUG] - ==> Parameters: 
[2026-09-19 07:54:00.112] [gas-forecast] [] [] [c.g.f.d.m.M.selectBatchIds] [http-nio-8080-exec-6] [DEBUG] - ==>  Preparing: SELECT id,feature_code,feature_name,feature_column,time_granularity,enabled,description,created_at,created_by,updated_by_name FROM model_feature_definition_tb WHERE id IN ( ? , ? , ? , ? , ? )
[2026-09-19 07:54:00.112] [gas-forecast] [] [] [c.g.f.d.m.M.selectBatchIds] [http-nio-8080-exec-6] [DEBUG] - ==> Parameters: 5(Long), 4(Long), 3(Long), 2(Long), 1(Long)
[2026-09-19 07:54:00.112] [gas-forecast] [] [] [c.g.f.d.m.B.selectList_mpCount] [http-nio-8080-exec-9] [DEBUG] - <==      Total: 1
[2026-09-19 07:54:00.112] [gas-forecast] [] [] [c.g.f.d.m.M.selectBatchIds] [http-nio-8080-exec-6] [DEBUG] - <==      Total: 5
[2026-09-19 07:54:00.112] [gas-forecast] [] [] [c.g.f.d.m.B.selectList] [http-nio-8080-exec-9] [DEBUG] - ==>  Preparing: SELECT id,region_code,region_name,remark,created_by,created_at,updated_by,updated_at,updated_by_name,created_by_name FROM base_region_tb ORDER BY updated_at DESC,id DESC LIMIT ?
[2026-09-19 07:54:00.112] [gas-forecast] [] [] [c.g.f.d.m.B.selectList_mpCount] [http-nio-8080-exec-8] [DEBUG] - <==      Total: 1
[2026-09-19 07:54:00.112] [gas-forecast] [] [] [c.g.f.d.m.B.selectList] [http-nio-8080-exec-9] [DEBUG] - ==> Parameters: 1000(Long)
[2026-09-19 07:54:00.112] [gas-forecast] [] [] [c.g.f.d.m.B.selectList] [http-nio-8080-exec-8] [DEBUG] - ==>  Preparing: SELECT id,customer_code,customer_name,industry_code,industry_name,region_code,region_name,created_at,updated_at,created_by,created_by_name,updated_by,updated_by_name,raw_region_name,raw_industry_name FROM base_customer_tb ORDER BY updated_at DESC,id DESC LIMIT ?
[2026-09-19 07:54:00.112] [gas-forecast] [] [] [c.g.f.d.m.B.selectList] [http-nio-8080-exec-6] [DEBUG] - ==>  Preparing: SELECT id,region_code,region_name,remark,created_by,created_at,updated_by,updated_at,updated_by_name,created_by_name FROM base_region_tb WHERE (region_code IN (?,?,?,?,?,?,?))
[2026-09-19 07:54:00.113] [gas-forecast] [] [] [c.g.f.d.m.B.selectList] [http-nio-8080-exec-8] [DEBUG] - ==> Parameters: 1000(Long)
[2026-09-19 07:54:00.113] [gas-forecast] [] [] [c.g.f.d.m.B.selectList] [http-nio-8080-exec-6] [DEBUG] - ==> Parameters: REG000005(String), REG000006(String), REG000007(String), REG000008(String), REG000009(String), REG000010(String), REG000011(String)
[2026-09-19 07:54:00.113] [gas-forecast] [] [] [c.g.f.d.m.B.selectList] [http-nio-8080-exec-9] [DEBUG] - <==      Total: 8
[2026-09-19 07:54:00.113] [gas-forecast] [] [] [c.g.f.d.m.B.selectList] [http-nio-8080-exec-6] [DEBUG] - <==      Total: 7
[2026-09-19 07:54:00.113] [gas-forecast] [] [] [c.g.f.d.m.B.selectList] [http-nio-8080-exec-8] [DEBUG] - <==      Total: 21
[2026-09-19 07:54:00.113] [gas-forecast] [] [] [c.g.f.d.m.B.selectList] [http-nio-8080-exec-6] [DEBUG] - ==>  Preparing: SELECT id,industry_code,industry_name,created_at,updated_at,created_by,created_by_name,updated_by,updated_by_name FROM base_industry_tb WHERE (industry_code IN (?))
[2026-09-19 07:54:00.113] [gas-forecast] [] [] [c.g.f.d.m.B.selectList] [http-nio-8080-exec-6] [DEBUG] - ==> Parameters: IND000003(String)
[2026-09-19 07:54:00.114] [gas-forecast] [] [] [c.g.f.d.m.B.selectList] [http-nio-8080-exec-6] [DEBUG] - <==      Total: 1
[2026-09-19 07:54:00.114] [gas-forecast] [] [] [c.g.f.d.m.B.selectList] [http-nio-8080-exec-6] [DEBUG] - ==>  Preparing: SELECT id,customer_code,customer_name,industry_code,industry_name,region_code,region_name,created_at,updated_at,created_by,created_by_name,updated_by,updated_by_name,raw_region_name,raw_industry_name FROM base_customer_tb WHERE (customer_code IN (?))
[2026-09-19 07:54:00.114] [gas-forecast] [] [] [c.g.f.d.m.B.selectList] [http-nio-8080-exec-6] [DEBUG] - ==> Parameters: CUS000021(String)
[2026-09-19 07:54:00.115] [gas-forecast] [] [] [c.g.f.d.m.B.selectList] [http-nio-8080-exec-6] [DEBUG] - <==      Total: 1
[2026-09-19 07:54:17.471] [gas-forecast] [] [] [c.g.f.d.m.M.selectById] [http-nio-8080-exec-1] [DEBUG] - ==>  Preparing: SELECT id,train_code,train_name,agent_code,model_code,model_name,scope_type,region_code,region_name,industry_code,industry_name,customer_code,customer_name,train_start_date,train_end_date,train_mode,time_granularity,recent_periods,enabled,remark,created_by,created_by_name,created_at,updated_at FROM model_train_config_tb WHERE id=?
[2026-09-19 07:54:17.471] [gas-forecast] [] [] [c.g.f.d.m.M.selectById] [http-nio-8080-exec-1] [DEBUG] - ==> Parameters: 1(Long)
[2026-09-19 07:54:17.472] [gas-forecast] [] [] [c.g.f.d.m.M.selectById] [http-nio-8080-exec-1] [DEBUG] - <==      Total: 1
[2026-09-19 07:54:17.472] [gas-forecast] [] [] [c.g.f.d.m.M.selectCount] [http-nio-8080-exec-1] [DEBUG] - ==>  Preparing: SELECT COUNT( * ) AS total FROM model_train_config_tb WHERE (train_code = ? AND id <> ?)
[2026-09-19 07:54:17.472] [gas-forecast] [] [] [c.g.f.d.m.M.selectCount] [http-nio-8080-exec-1] [DEBUG] - ==> Parameters: TRAIN-20260918165056-9486(String), 1(Long)
[2026-09-19 07:54:17.473] [gas-forecast] [] [] [c.g.f.d.m.M.selectCount] [http-nio-8080-exec-1] [DEBUG] - <==      Total: 1
[2026-09-19 07:54:17.475] [gas-forecast] [] [] [c.g.f.d.m.M.updateById] [http-nio-8080-exec-1] [DEBUG] - ==>  Preparing: UPDATE model_train_config_tb SET train_code=?, train_name=?, agent_code=?, model_code=?, model_name=?, scope_type=?, region_code=?, region_name=?, industry_code=?, industry_name=?, customer_code=?, customer_name=?, train_mode=?, time_granularity=?, recent_periods=?, enabled=?, remark=?, created_by=?, created_by_name=?, created_at=?, updated_at=? WHERE id=?
[2026-09-19 07:54:17.476] [gas-forecast] [] [] [c.g.f.d.m.M.updateById] [http-nio-8080-exec-1] [DEBUG] - ==> Parameters: TRAIN-20260918165056-9486(String), 测试北京训练(String), winter-supply(String), MODEL000001(String), 冬季保供模型(String), ALL(String), REG000005(String), 北京(String), (String), (String), (String), (String), RECENT(String), TENDAY(String), 36(Integer), 1(Integer), (String), system(String), 系统(String), 2026-09-18 16:50:57.0(Timestamp), 2026-09-19 07:54:17.473(Timestamp), 1(Long)
[2026-09-19 07:54:17.478] [gas-forecast] [] [] [c.g.f.d.m.M.updateById] [http-nio-8080-exec-1] [DEBUG] - <==    Updates: 1
[2026-09-19 07:54:17.478] [gas-forecast] [] [] [c.g.f.d.m.M.selectById] [http-nio-8080-exec-1] [DEBUG] - ==>  Preparing: SELECT id,train_code,train_name,agent_code,model_code,model_name,scope_type,region_code,region_name,industry_code,industry_name,customer_code,customer_name,train_start_date,train_end_date,train_mode,time_granularity,recent_periods,enabled,remark,created_by,created_by_name,created_at,updated_at FROM model_train_config_tb WHERE id=?
[2026-09-19 07:54:17.478] [gas-forecast] [] [] [c.g.f.d.m.M.selectById] [http-nio-8080-exec-1] [DEBUG] - ==> Parameters: 1(Long)
[2026-09-19 07:54:17.478] [gas-forecast] [] [] [c.g.f.d.m.M.selectById] [http-nio-8080-exec-1] [DEBUG] - <==      Total: 1
[2026-09-19 07:54:17.501] [gas-forecast] [] [] [c.g.f.d.m.M.selectList_mpCount] [http-nio-8080-exec-7] [DEBUG] - ==>  Preparing: SELECT COUNT(*) AS total FROM model_train_feature_data_tb WHERE (time_granularity = ? AND region_code = ?)
[2026-09-19 07:54:17.501] [gas-forecast] [] [] [c.g.f.d.m.M.selectList_mpCount] [http-nio-8080-exec-7] [DEBUG] - ==> Parameters: TENDAY(String), REG000005(String)
[2026-09-19 07:54:17.502] [gas-forecast] [] [] [c.g.f.d.m.M.selectList_mpCount] [http-nio-8080-exec-7] [DEBUG] - <==      Total: 1
[2026-09-19 07:54:17.502] [gas-forecast] [] [] [c.g.f.d.m.M.selectList] [http-nio-8080-exec-7] [DEBUG] - ==>  Preparing: SELECT id,stat_date,time_granularity,region_code,region_name,customer_code,customer_name,industry_code,industry_name,gas_sales,feature_001,feature_002,feature_003,feature_004,feature_005,feature_006,feature_007,feature_008,feature_009,feature_010,feature_011,feature_012,feature_013,feature_014,feature_015,feature_016,feature_017,feature_018,feature_019,feature_020,feature_021,feature_022,feature_023,feature_024,feature_025,feature_026,feature_027,feature_028,feature_029,feature_030,feature_031,feature_032,feature_033,feature_034,feature_035,feature_036,feature_037,feature_038,feature_039,feature_040,feature_041,feature_042,feature_043,feature_044,feature_045,feature_046,feature_047,feature_048,feature_049,feature_050,feature_051,feature_052,feature_053,feature_054,feature_055,feature_056,feature_057,feature_058,feature_059,feature_060,feature_061,feature_062,feature_063,feature_064,feature_065,feature_066,feature_067,feature_068,feature_069,feature_070,feature_071,feature_072,feature_073,feature_074,feature_075,feature_076,feature_077,feature_078,feature_079,feature_080,feature_081,feature_082,feature_083,feature_084,feature_085,feature_086,feature_087,feature_088,feature_089,feature_090,feature_091,feature_092,feature_093,feature_094,feature_095,feature_096,feature_097,feature_098,feature_099,feature_100,feature_101,feature_102,feature_103,feature_104,feature_105,feature_106,feature_107,feature_108,feature_109,feature_110,feature_111,feature_112,feature_113,feature_114,feature_115,feature_116,feature_117,feature_118,feature_119,feature_120,feature_121,feature_122,feature_123,feature_124,feature_125,feature_126,feature_127,feature_128,feature_129,feature_130,feature_131,feature_132,feature_133,feature_134,feature_135,feature_136,feature_137,feature_138,feature_139,feature_140,feature_141,feature_142,feature_143,feature_144,feature_145,feature_146,feature_147,feature_148,feature_149,feature_150,feature_151,feature_152,feature_153,feature_154,feature_155,feature_156,feature_157,feature_158,feature_159,feature_160,feature_161,feature_162,feature_163,feature_164,feature_165,feature_166,feature_167,feature_168,feature_169,feature_170,feature_171,feature_172,feature_173,feature_174,feature_175,feature_176,feature_177,feature_178,feature_179,feature_180,feature_181,feature_182,feature_183,feature_184,feature_185,feature_186,feature_187,feature_188,feature_189,feature_190,feature_191,feature_192,feature_193,feature_194,feature_195,feature_196,feature_197,feature_198,feature_199,feature_200,create_time,update_time FROM model_train_feature_data_tb WHERE (time_granularity = ? AND region_code = ?) ORDER BY stat_date DESC,id DESC LIMIT ?
[2026-09-19 07:54:17.503] [gas-forecast] [] [] [c.g.f.d.m.M.selectList] [http-nio-8080-exec-7] [DEBUG] - ==> Parameters: TENDAY(String), REG000005(String), 36(Long)
[2026-09-19 07:54:17.512] [gas-forecast] [] [] [c.g.f.d.m.M.selectList] [http-nio-8080-exec-7] [DEBUG] - <==      Total: 36
[2026-09-19 07:54:17.513] [gas-forecast] [] [] [c.g.f.d.m.M.selectList] [http-nio-8080-exec-7] [DEBUG] - ==>  Preparing: SELECT feature_column,feature_code FROM model_feature_definition_tb WHERE (enabled = ?)
[2026-09-19 07:54:17.513] [gas-forecast] [] [] [c.g.f.d.m.M.selectList] [http-nio-8080-exec-7] [DEBUG] - ==> Parameters: 1(Integer)
[2026-09-19 07:54:17.514] [gas-forecast] [] [] [c.g.f.d.m.M.selectList] [http-nio-8080-exec-7] [DEBUG] - <==      Total: 25
[2026-09-19 07:54:17.546] [gas-forecast] [] [] [c.g.f.d.m.M.selectList_mpCount] [http-nio-8080-exec-4] [DEBUG] - ==>  Preparing: SELECT COUNT(*) AS total FROM model_train_config_tb
[2026-09-19 07:54:17.546] [gas-forecast] [] [] [c.g.f.d.m.M.selectList_mpCount] [http-nio-8080-exec-4] [DEBUG] - ==> Parameters: 
[2026-09-19 07:54:17.547] [gas-forecast] [] [] [c.g.f.d.m.M.selectList_mpCount] [http-nio-8080-exec-4] [DEBUG] - <==      Total: 1
[2026-09-19 07:54:17.547] [gas-forecast] [] [] [c.g.f.d.m.M.selectList] [http-nio-8080-exec-4] [DEBUG] - ==>  Preparing: SELECT id,train_code,train_name,agent_code,model_code,model_name,scope_type,region_code,region_name,industry_code,industry_name,customer_code,customer_name,train_start_date,train_end_date,train_mode,time_granularity,recent_periods,enabled,remark,created_by,created_by_name,created_at,updated_at FROM model_train_config_tb ORDER BY updated_at DESC,id DESC LIMIT ?
[2026-09-19 07:54:17.548] [gas-forecast] [] [] [c.g.f.d.m.M.selectList] [http-nio-8080-exec-4] [DEBUG] - ==> Parameters: 10(Long)
[2026-09-19 07:54:17.548] [gas-forecast] [] [] [c.g.f.d.m.M.selectList] [http-nio-8080-exec-4] [DEBUG] - <==      Total: 1
[2026-09-19 08:17:20.830] [gas-forecast] [] [] [c.g.f.d.m.M.selectList_mpCount] [http-nio-8080-exec-2] [DEBUG] - ==>  Preparing: SELECT COUNT(*) AS total FROM model_train_feature_data_tb WHERE (time_granularity = ? AND region_code = ?)
[2026-09-19 08:17:20.830] [gas-forecast] [] [] [c.g.f.d.m.M.selectList_mpCount] [http-nio-8080-exec-2] [DEBUG] - ==> Parameters: TENDAY(String), REG000005(String)
[2026-09-19 08:17:20.835] [gas-forecast] [] [] [c.g.f.d.m.M.selectList_mpCount] [http-nio-8080-exec-2] [DEBUG] - <==      Total: 1
[2026-09-19 08:17:20.835] [gas-forecast] [] [] [c.g.f.d.m.M.selectList] [http-nio-8080-exec-2] [DEBUG] - ==>  Preparing: SELECT id,stat_date,time_granularity,region_code,region_name,customer_code,customer_name,industry_code,industry_name,gas_sales,feature_001,feature_002,feature_003,feature_004,feature_005,feature_006,feature_007,feature_008,feature_009,feature_010,feature_011,feature_012,feature_013,feature_014,feature_015,feature_016,feature_017,feature_018,feature_019,feature_020,feature_021,feature_022,feature_023,feature_024,feature_025,feature_026,feature_027,feature_028,feature_029,feature_030,feature_031,feature_032,feature_033,feature_034,feature_035,feature_036,feature_037,feature_038,feature_039,feature_040,feature_041,feature_042,feature_043,feature_044,feature_045,feature_046,feature_047,feature_048,feature_049,feature_050,feature_051,feature_052,feature_053,feature_054,feature_055,feature_056,feature_057,feature_058,feature_059,feature_060,feature_061,feature_062,feature_063,feature_064,feature_065,feature_066,feature_067,feature_068,feature_069,feature_070,feature_071,feature_072,feature_073,feature_074,feature_075,feature_076,feature_077,feature_078,feature_079,feature_080,feature_081,feature_082,feature_083,feature_084,feature_085,feature_086,feature_087,feature_088,feature_089,feature_090,feature_091,feature_092,feature_093,feature_094,feature_095,feature_096,feature_097,feature_098,feature_099,feature_100,feature_101,feature_102,feature_103,feature_104,feature_105,feature_106,feature_107,feature_108,feature_109,feature_110,feature_111,feature_112,feature_113,feature_114,feature_115,feature_116,feature_117,feature_118,feature_119,feature_120,feature_121,feature_122,feature_123,feature_124,feature_125,feature_126,feature_127,feature_128,feature_129,feature_130,feature_131,feature_132,feature_133,feature_134,feature_135,feature_136,feature_137,feature_138,feature_139,feature_140,feature_141,feature_142,feature_143,feature_144,feature_145,feature_146,feature_147,feature_148,feature_149,feature_150,feature_151,feature_152,feature_153,feature_154,feature_155,feature_156,feature_157,feature_158,feature_159,feature_160,feature_161,feature_162,feature_163,feature_164,feature_165,feature_166,feature_167,feature_168,feature_169,feature_170,feature_171,feature_172,feature_173,feature_174,feature_175,feature_176,feature_177,feature_178,feature_179,feature_180,feature_181,feature_182,feature_183,feature_184,feature_185,feature_186,feature_187,feature_188,feature_189,feature_190,feature_191,feature_192,feature_193,feature_194,feature_195,feature_196,feature_197,feature_198,feature_199,feature_200,create_time,update_time FROM model_train_feature_data_tb WHERE (time_granularity = ? AND region_code = ?) ORDER BY stat_date DESC,id DESC LIMIT ?
[2026-09-19 08:17:20.835] [gas-forecast] [] [] [c.g.f.d.m.M.selectList] [http-nio-8080-exec-2] [DEBUG] - ==> Parameters: TENDAY(String), REG000005(String), 36(Long)
[2026-09-19 08:17:20.846] [gas-forecast] [] [] [c.g.f.d.m.M.selectList] [http-nio-8080-exec-2] [DEBUG] - <==      Total: 36
[2026-09-19 08:17:20.847] [gas-forecast] [] [] [c.g.f.d.m.M.selectList] [http-nio-8080-exec-2] [DEBUG] - ==>  Preparing: SELECT feature_column,feature_code FROM model_feature_definition_tb WHERE (enabled = ?)
[2026-09-19 08:17:20.847] [gas-forecast] [] [] [c.g.f.d.m.M.selectList] [http-nio-8080-exec-2] [DEBUG] - ==> Parameters: 1(Integer)
[2026-09-19 08:17:20.848] [gas-forecast] [] [] [c.g.f.d.m.M.selectList] [http-nio-8080-exec-2] [DEBUG] - <==      Total: 25
[2026-09-19 08:17:30.032] [gas-forecast] [] [] [c.g.f.d.m.M.selectList_mpCount] [http-nio-8080-exec-3] [DEBUG] - ==>  Preparing: SELECT COUNT(*) AS total FROM model_train_feature_data_tb WHERE (time_granularity = ? AND region_code = ?)
[2026-09-19 08:17:30.033] [gas-forecast] [] [] [c.g.f.d.m.M.selectList_mpCount] [http-nio-8080-exec-3] [DEBUG] - ==> Parameters: TENDAY(String), REG000005(String)
[2026-09-19 08:17:30.034] [gas-forecast] [] [] [c.g.f.d.m.M.selectList_mpCount] [http-nio-8080-exec-3] [DEBUG] - <==      Total: 1
[2026-09-19 08:17:30.034] [gas-forecast] [] [] [c.g.f.d.m.M.selectList] [http-nio-8080-exec-3] [DEBUG] - ==>  Preparing: SELECT id,stat_date,time_granularity,region_code,region_name,customer_code,customer_name,industry_code,industry_name,gas_sales,feature_001,feature_002,feature_003,feature_004,feature_005,feature_006,feature_007,feature_008,feature_009,feature_010,feature_011,feature_012,feature_013,feature_014,feature_015,feature_016,feature_017,feature_018,feature_019,feature_020,feature_021,feature_022,feature_023,feature_024,feature_025,feature_026,feature_027,feature_028,feature_029,feature_030,feature_031,feature_032,feature_033,feature_034,feature_035,feature_036,feature_037,feature_038,feature_039,feature_040,feature_041,feature_042,feature_043,feature_044,feature_045,feature_046,feature_047,feature_048,feature_049,feature_050,feature_051,feature_052,feature_053,feature_054,feature_055,feature_056,feature_057,feature_058,feature_059,feature_060,feature_061,feature_062,feature_063,feature_064,feature_065,feature_066,feature_067,feature_068,feature_069,feature_070,feature_071,feature_072,feature_073,feature_074,feature_075,feature_076,feature_077,feature_078,feature_079,feature_080,feature_081,feature_082,feature_083,feature_084,feature_085,feature_086,feature_087,feature_088,feature_089,feature_090,feature_091,feature_092,feature_093,feature_094,feature_095,feature_096,feature_097,feature_098,feature_099,feature_100,feature_101,feature_102,feature_103,feature_104,feature_105,feature_106,feature_107,feature_108,feature_109,feature_110,feature_111,feature_112,feature_113,feature_114,feature_115,feature_116,feature_117,feature_118,feature_119,feature_120,feature_121,feature_122,feature_123,feature_124,feature_125,feature_126,feature_127,feature_128,feature_129,feature_130,feature_131,feature_132,feature_133,feature_134,feature_135,feature_136,feature_137,feature_138,feature_139,feature_140,feature_141,feature_142,feature_143,feature_144,feature_145,feature_146,feature_147,feature_148,feature_149,feature_150,feature_151,feature_152,feature_153,feature_154,feature_155,feature_156,feature_157,feature_158,feature_159,feature_160,feature_161,feature_162,feature_163,feature_164,feature_165,feature_166,feature_167,feature_168,feature_169,feature_170,feature_171,feature_172,feature_173,feature_174,feature_175,feature_176,feature_177,feature_178,feature_179,feature_180,feature_181,feature_182,feature_183,feature_184,feature_185,feature_186,feature_187,feature_188,feature_189,feature_190,feature_191,feature_192,feature_193,feature_194,feature_195,feature_196,feature_197,feature_198,feature_199,feature_200,create_time,update_time FROM model_train_feature_data_tb WHERE (time_granularity = ? AND region_code = ?) ORDER BY stat_date DESC,id DESC LIMIT ?
[2026-09-19 08:17:30.034] [gas-forecast] [] [] [c.g.f.d.m.M.selectList] [http-nio-8080-exec-3] [DEBUG] - ==> Parameters: TENDAY(String), REG000005(String), 36(Long)
[2026-09-19 08:17:30.044] [gas-forecast] [] [] [c.g.f.d.m.M.selectList] [http-nio-8080-exec-3] [DEBUG] - <==      Total: 36
[2026-09-19 08:17:30.044] [gas-forecast] [] [] [c.g.f.d.m.M.selectList] [http-nio-8080-exec-3] [DEBUG] - ==>  Preparing: SELECT feature_column,feature_code FROM model_feature_definition_tb WHERE (enabled = ?)
[2026-09-19 08:17:30.044] [gas-forecast] [] [] [c.g.f.d.m.M.selectList] [http-nio-8080-exec-3] [DEBUG] - ==> Parameters: 1(Integer)
[2026-09-19 08:17:30.045] [gas-forecast] [] [] [c.g.f.d.m.M.selectList] [http-nio-8080-exec-3] [DEBUG] - <==      Total: 25
[2026-09-19 08:17:32.461] [gas-forecast] [] [] [c.g.f.d.m.M.selectList_mpCount] [http-nio-8080-exec-5] [DEBUG] - ==>  Preparing: SELECT COUNT(*) AS total FROM model_train_feature_data_tb WHERE (time_granularity = ? AND region_code = ?)
[2026-09-19 08:17:32.462] [gas-forecast] [] [] [c.g.f.d.m.M.selectList_mpCount] [http-nio-8080-exec-5] [DEBUG] - ==> Parameters: TENDAY(String), REG000005(String)
[2026-09-19 08:17:32.463] [gas-forecast] [] [] [c.g.f.d.m.M.selectList_mpCount] [http-nio-8080-exec-5] [DEBUG] - <==      Total: 1
[2026-09-19 08:17:32.463] [gas-forecast] [] [] [c.g.f.d.m.M.selectList] [http-nio-8080-exec-5] [DEBUG] - ==>  Preparing: SELECT id,stat_date,time_granularity,region_code,region_name,customer_code,customer_name,industry_code,industry_name,gas_sales,feature_001,feature_002,feature_003,feature_004,feature_005,feature_006,feature_007,feature_008,feature_009,feature_010,feature_011,feature_012,feature_013,feature_014,feature_015,feature_016,feature_017,feature_018,feature_019,feature_020,feature_021,feature_022,feature_023,feature_024,feature_025,feature_026,feature_027,feature_028,feature_029,feature_030,feature_031,feature_032,feature_033,feature_034,feature_035,feature_036,feature_037,feature_038,feature_039,feature_040,feature_041,feature_042,feature_043,feature_044,feature_045,feature_046,feature_047,feature_048,feature_049,feature_050,feature_051,feature_052,feature_053,feature_054,feature_055,feature_056,feature_057,feature_058,feature_059,feature_060,feature_061,feature_062,feature_063,feature_064,feature_065,feature_066,feature_067,feature_068,feature_069,feature_070,feature_071,feature_072,feature_073,feature_074,feature_075,feature_076,feature_077,feature_078,feature_079,feature_080,feature_081,feature_082,feature_083,feature_084,feature_085,feature_086,feature_087,feature_088,feature_089,feature_090,feature_091,feature_092,feature_093,feature_094,feature_095,feature_096,feature_097,feature_098,feature_099,feature_100,feature_101,feature_102,feature_103,feature_104,feature_105,feature_106,feature_107,feature_108,feature_109,feature_110,feature_111,feature_112,feature_113,feature_114,feature_115,feature_116,feature_117,feature_118,feature_119,feature_120,feature_121,feature_122,feature_123,feature_124,feature_125,feature_126,feature_127,feature_128,feature_129,feature_130,feature_131,feature_132,feature_133,feature_134,feature_135,feature_136,feature_137,feature_138,feature_139,feature_140,feature_141,feature_142,feature_143,feature_144,feature_145,feature_146,feature_147,feature_148,feature_149,feature_150,feature_151,feature_152,feature_153,feature_154,feature_155,feature_156,feature_157,feature_158,feature_159,feature_160,feature_161,feature_162,feature_163,feature_164,feature_165,feature_166,feature_167,feature_168,feature_169,feature_170,feature_171,feature_172,feature_173,feature_174,feature_175,feature_176,feature_177,feature_178,feature_179,feature_180,feature_181,feature_182,feature_183,feature_184,feature_185,feature_186,feature_187,feature_188,feature_189,feature_190,feature_191,feature_192,feature_193,feature_194,feature_195,feature_196,feature_197,feature_198,feature_199,feature_200,create_time,update_time FROM model_train_feature_data_tb WHERE (time_granularity = ? AND region_code = ?) ORDER BY stat_date DESC,id DESC LIMIT ?
[2026-09-19 08:17:32.463] [gas-forecast] [] [] [c.g.f.d.m.M.selectList] [http-nio-8080-exec-5] [DEBUG] - ==> Parameters: TENDAY(String), REG000005(String), 36(Long)
[2026-09-19 08:17:32.474] [gas-forecast] [] [] [c.g.f.d.m.M.selectList] [http-nio-8080-exec-5] [DEBUG] - <==      Total: 36
[2026-09-19 08:17:32.475] [gas-forecast] [] [] [c.g.f.d.m.M.selectList] [http-nio-8080-exec-5] [DEBUG] - ==>  Preparing: SELECT feature_column,feature_code FROM model_feature_definition_tb WHERE (enabled = ?)
[2026-09-19 08:17:32.475] [gas-forecast] [] [] [c.g.f.d.m.M.selectList] [http-nio-8080-exec-5] [DEBUG] - ==> Parameters: 1(Integer)
[2026-09-19 08:17:32.475] [gas-forecast] [] [] [c.g.f.d.m.M.selectList] [http-nio-8080-exec-5] [DEBUG] - <==      Total: 25
[2026-09-19 08:18:08.955] [gas-forecast] [] [] [c.g.f.d.m.M.selectList_mpCount] [http-nio-8080-exec-9] [DEBUG] - ==>  Preparing: SELECT COUNT(*) AS total FROM model_config_tb
[2026-09-19 08:18:08.955] [gas-forecast] [] [] [c.g.f.d.m.M.selectList_mpCount] [http-nio-8080-exec-9] [DEBUG] - ==> Parameters: 
[2026-09-19 08:18:08.956] [gas-forecast] [] [] [c.g.f.d.m.S.selectByUsername] [http-nio-8080-exec-10] [DEBUG] - ==>  Preparing: select distinct p.* from sys_permission_tb p where p.status = 1 and ( exists ( select 1 from sys_user_tb u join sys_user_role_ref ur on ur.user_id = u.id join sys_role_permission_ref rp on rp.role_id = ur.role_id where rp.permission_id = p.id and u.username = ? and u.deleted = 0 ) or exists ( select 1 from sys_user_tb u join sys_user_department_ref ud on ud.user_id = u.id join sys_department_permission_ref dp on dp.department_id = ud.department_id where dp.permission_id = p.id and u.username = ? and u.deleted = 0 ) ) order by p.sort_no, p.id
[2026-09-19 08:18:08.956] [gas-forecast] [] [] [c.g.f.d.m.S.selectByUsername] [http-nio-8080-exec-6] [DEBUG] - ==>  Preparing: select distinct p.* from sys_permission_tb p where p.status = 1 and ( exists ( select 1 from sys_user_tb u join sys_user_role_ref ur on ur.user_id = u.id join sys_role_permission_ref rp on rp.role_id = ur.role_id where rp.permission_id = p.id and u.username = ? and u.deleted = 0 ) or exists ( select 1 from sys_user_tb u join sys_user_department_ref ud on ud.user_id = u.id join sys_department_permission_ref dp on dp.department_id = ud.department_id where dp.permission_id = p.id and u.username = ? and u.deleted = 0 ) ) order by p.sort_no, p.id
[2026-09-19 08:18:08.956] [gas-forecast] [] [] [c.g.f.d.m.S.selectByUsername] [http-nio-8080-exec-8] [DEBUG] - ==>  Preparing: select distinct p.* from sys_permission_tb p where p.status = 1 and ( exists ( select 1 from sys_user_tb u join sys_user_role_ref ur on ur.user_id = u.id join sys_role_permission_ref rp on rp.role_id = ur.role_id where rp.permission_id = p.id and u.username = ? and u.deleted = 0 ) or exists ( select 1 from sys_user_tb u join sys_user_department_ref ud on ud.user_id = u.id join sys_department_permission_ref dp on dp.department_id = ud.department_id where dp.permission_id = p.id and u.username = ? and u.deleted = 0 ) ) order by p.sort_no, p.id
[2026-09-19 08:18:08.956] [gas-forecast] [] [] [c.g.f.d.m.S.selectByUsername] [http-nio-8080-exec-10] [DEBUG] - ==> Parameters: admin(String), admin(String)
[2026-09-19 08:18:08.956] [gas-forecast] [] [] [c.g.f.d.m.S.selectByUsername] [http-nio-8080-exec-6] [DEBUG] - ==> Parameters: admin(String), admin(String)
[2026-09-19 08:18:08.956] [gas-forecast] [] [] [c.g.f.d.m.S.selectByUsername] [http-nio-8080-exec-8] [DEBUG] - ==> Parameters: admin(String), admin(String)
[2026-09-19 08:18:08.958] [gas-forecast] [] [] [c.g.f.d.m.M.selectList_mpCount] [http-nio-8080-exec-9] [DEBUG] - <==      Total: 1
[2026-09-19 08:18:08.958] [gas-forecast] [] [] [c.g.f.d.m.M.selectList] [http-nio-8080-exec-9] [DEBUG] - ==>  Preparing: SELECT id,model_code,model_name,model_version,agent_code,description,created_by,created_at,updated_at,created_by_name FROM model_config_tb ORDER BY updated_at DESC,id DESC LIMIT ?
[2026-09-19 08:18:08.958] [gas-forecast] [] [] [c.g.f.d.m.M.selectList] [http-nio-8080-exec-9] [DEBUG] - ==> Parameters: 1000(Long)
[2026-09-19 08:18:08.958] [gas-forecast] [] [] [c.g.f.d.m.S.selectByUsername] [http-nio-8080-exec-6] [DEBUG] - <==      Total: 64
[2026-09-19 08:18:08.959] [gas-forecast] [] [] [c.g.f.d.m.M.selectList] [http-nio-8080-exec-9] [DEBUG] - <==      Total: 2
[2026-09-19 08:18:08.959] [gas-forecast] [] [] [c.g.f.d.m.S.selectByUsername] [http-nio-8080-exec-8] [DEBUG] - <==      Total: 64
[2026-09-19 08:18:08.959] [gas-forecast] [] [] [c.g.f.d.m.S.selectByUsername] [http-nio-8080-exec-10] [DEBUG] - <==      Total: 64
[2026-09-19 08:18:08.959] [gas-forecast] [] [] [c.g.f.d.m.M.selectList] [http-nio-8080-exec-9] [DEBUG] - ==>  Preparing: SELECT id,model_code,region_code,industry_code,customer_code,created_by,created_at,updated_at,created_by_name FROM model_config_scope_tb WHERE (model_code IN (?,?)) ORDER BY id DESC
[2026-09-19 08:18:08.959] [gas-forecast] [] [] [c.g.f.d.m.M.selectList] [http-nio-8080-exec-9] [DEBUG] - ==> Parameters: MODEL000002(String), MODEL000001(String)
[2026-09-19 08:18:08.960] [gas-forecast] [] [] [c.g.f.d.m.M.selectList] [http-nio-8080-exec-9] [DEBUG] - <==      Total: 8
[2026-09-19 08:18:08.960] [gas-forecast] [] [] [c.g.f.d.m.M.selectList] [http-nio-8080-exec-9] [DEBUG] - ==>  Preparing: SELECT id,model_id,feature_id,required_flag,feature_order,created_at,created_by FROM model_feature_ref WHERE (model_id IN (?,?)) ORDER BY feature_order ASC,id ASC
[2026-09-19 08:18:08.960] [gas-forecast] [] [] [c.g.f.d.m.B.selectList_mpCount] [http-nio-8080-exec-6] [DEBUG] - ==>  Preparing: SELECT COUNT(*) AS total FROM base_customer_tb
[2026-09-19 08:18:08.960] [gas-forecast] [] [] [c.g.f.d.m.B.selectList_mpCount] [http-nio-8080-exec-6] [DEBUG] - ==> Parameters: 
[2026-09-19 08:18:08.960] [gas-forecast] [] [] [c.g.f.d.m.M.selectList] [http-nio-8080-exec-9] [DEBUG] - ==> Parameters: 2(Long), 1(Long)
[2026-09-19 08:18:08.960] [gas-forecast] [] [] [c.g.f.d.m.B.selectList_mpCount] [http-nio-8080-exec-8] [DEBUG] - ==>  Preparing: SELECT COUNT(*) AS total FROM base_industry_tb
[2026-09-19 08:18:08.960] [gas-forecast] [] [] [c.g.f.d.m.B.selectList_mpCount] [http-nio-8080-exec-10] [DEBUG] - ==>  Preparing: SELECT COUNT(*) AS total FROM base_region_tb
[2026-09-19 08:18:08.960] [gas-forecast] [] [] [c.g.f.d.m.B.selectList_mpCount] [http-nio-8080-exec-8] [DEBUG] - ==> Parameters: 
[2026-09-19 08:18:08.960] [gas-forecast] [] [] [c.g.f.d.m.B.selectList_mpCount] [http-nio-8080-exec-10] [DEBUG] - ==> Parameters: 
[2026-09-19 08:18:08.961] [gas-forecast] [] [] [c.g.f.d.m.M.selectList] [http-nio-8080-exec-9] [DEBUG] - <==      Total: 5
[2026-09-19 08:18:08.961] [gas-forecast] [] [] [c.g.f.d.m.M.selectBatchIds] [http-nio-8080-exec-9] [DEBUG] - ==>  Preparing: SELECT id,feature_code,feature_name,feature_column,time_granularity,enabled,description,created_at,created_by,updated_by_name FROM model_feature_definition_tb WHERE id IN ( ? , ? , ? , ? , ? )
[2026-09-19 08:18:08.961] [gas-forecast] [] [] [c.g.f.d.m.M.selectBatchIds] [http-nio-8080-exec-9] [DEBUG] - ==> Parameters: 5(Long), 4(Long), 3(Long), 2(Long), 1(Long)
[2026-09-19 08:18:08.961] [gas-forecast] [] [] [c.g.f.d.m.M.selectBatchIds] [http-nio-8080-exec-9] [DEBUG] - <==      Total: 5
[2026-09-19 08:18:08.961] [gas-forecast] [] [] [c.g.f.d.m.B.selectList_mpCount] [http-nio-8080-exec-8] [DEBUG] - <==      Total: 1
[2026-09-19 08:18:08.961] [gas-forecast] [] [] [c.g.f.d.m.B.selectList] [http-nio-8080-exec-9] [DEBUG] - ==>  Preparing: SELECT id,region_code,region_name,remark,created_by,created_at,updated_by,updated_at,updated_by_name,created_by_name FROM base_region_tb WHERE (region_code IN (?,?,?,?,?,?,?))
[2026-09-19 08:18:08.962] [gas-forecast] [] [] [c.g.f.d.m.B.selectList] [http-nio-8080-exec-8] [DEBUG] - ==>  Preparing: SELECT id,industry_code,industry_name,created_at,updated_at,created_by,created_by_name,updated_by,updated_by_name FROM base_industry_tb ORDER BY updated_at DESC,id DESC LIMIT ?
[2026-09-19 08:18:08.962] [gas-forecast] [] [] [c.g.f.d.m.B.selectList] [http-nio-8080-exec-9] [DEBUG] - ==> Parameters: REG000005(String), REG000006(String), REG000007(String), REG000008(String), REG000009(String), REG000010(String), REG000011(String)
[2026-09-19 08:18:08.962] [gas-forecast] [] [] [c.g.f.d.m.B.selectList] [http-nio-8080-exec-8] [DEBUG] - ==> Parameters: 1000(Long)
[2026-09-19 08:18:08.962] [gas-forecast] [] [] [c.g.f.d.m.B.selectList] [http-nio-8080-exec-9] [DEBUG] - <==      Total: 7
[2026-09-19 08:18:08.962] [gas-forecast] [] [] [c.g.f.d.m.B.selectList] [http-nio-8080-exec-8] [DEBUG] - <==      Total: 4
[2026-09-19 08:18:08.962] [gas-forecast] [] [] [c.g.f.d.m.B.selectList] [http-nio-8080-exec-9] [DEBUG] - ==>  Preparing: SELECT id,industry_code,industry_name,created_at,updated_at,created_by,created_by_name,updated_by,updated_by_name FROM base_industry_tb WHERE (industry_code IN (?))
[2026-09-19 08:18:08.962] [gas-forecast] [] [] [c.g.f.d.m.B.selectList] [http-nio-8080-exec-9] [DEBUG] - ==> Parameters: IND000003(String)
[2026-09-19 08:18:08.962] [gas-forecast] [] [] [c.g.f.d.m.B.selectList] [http-nio-8080-exec-9] [DEBUG] - <==      Total: 1
[2026-09-19 08:18:08.963] [gas-forecast] [] [] [c.g.f.d.m.B.selectList] [http-nio-8080-exec-9] [DEBUG] - ==>  Preparing: SELECT id,customer_code,customer_name,industry_code,industry_name,region_code,region_name,created_at,updated_at,created_by,created_by_name,updated_by,updated_by_name,raw_region_name,raw_industry_name FROM base_customer_tb WHERE (customer_code IN (?))
[2026-09-19 08:18:08.963] [gas-forecast] [] [] [c.g.f.d.m.B.selectList] [http-nio-8080-exec-9] [DEBUG] - ==> Parameters: CUS000021(String)
[2026-09-19 08:18:08.963] [gas-forecast] [] [] [c.g.f.d.m.B.selectList] [http-nio-8080-exec-9] [DEBUG] - <==      Total: 1
[2026-09-19 08:18:08.964] [gas-forecast] [] [] [c.g.f.d.m.B.selectList_mpCount] [http-nio-8080-exec-10] [DEBUG] - <==      Total: 1
[2026-09-19 08:18:08.964] [gas-forecast] [] [] [c.g.f.d.m.B.selectList_mpCount] [http-nio-8080-exec-6] [DEBUG] - <==      Total: 1
[2026-09-19 08:18:08.965] [gas-forecast] [] [] [c.g.f.d.m.B.selectList] [http-nio-8080-exec-10] [DEBUG] - ==>  Preparing: SELECT id,region_code,region_name,remark,created_by,created_at,updated_by,updated_at,updated_by_name,created_by_name FROM base_region_tb ORDER BY updated_at DESC,id DESC LIMIT ?
[2026-09-19 08:18:08.965] [gas-forecast] [] [] [c.g.f.d.m.B.selectList] [http-nio-8080-exec-6] [DEBUG] - ==>  Preparing: SELECT id,customer_code,customer_name,industry_code,industry_name,region_code,region_name,created_at,updated_at,created_by,created_by_name,updated_by,updated_by_name,raw_region_name,raw_industry_name FROM base_customer_tb ORDER BY updated_at DESC,id DESC LIMIT ?
[2026-09-19 08:18:08.965] [gas-forecast] [] [] [c.g.f.d.m.B.selectList] [http-nio-8080-exec-10] [DEBUG] - ==> Parameters: 1000(Long)
[2026-09-19 08:18:08.965] [gas-forecast] [] [] [c.g.f.d.m.B.selectList] [http-nio-8080-exec-6] [DEBUG] - ==> Parameters: 1000(Long)
[2026-09-19 08:18:08.965] [gas-forecast] [] [] [c.g.f.d.m.B.selectList] [http-nio-8080-exec-10] [DEBUG] - <==      Total: 8
[2026-09-19 08:18:08.965] [gas-forecast] [] [] [c.g.f.d.m.B.selectList] [http-nio-8080-exec-6] [DEBUG] - <==      Total: 21
[2026-09-19 08:23:14.999] [gas-forecast] [] [] [c.g.f.d.m.SysUserTbMapper.selectList] [http-nio-8080-exec-4] [DEBUG] - ==>  Preparing: SELECT id,username,real_name,password_hash,password_salt,avatar,email,phone,org_code,status,deleted,created_at,updated_at FROM sys_user_tb WHERE (username = ? AND deleted = ?)
[2026-09-19 08:23:15.000] [gas-forecast] [] [] [c.g.f.d.m.SysUserTbMapper.selectList] [http-nio-8080-exec-4] [DEBUG] - ==> Parameters: admin(String), 0(Integer)
[2026-09-19 08:23:15.001] [gas-forecast] [] [] [c.g.f.d.m.SysUserTbMapper.selectList] [http-nio-8080-exec-4] [DEBUG] - <==      Total: 1
[2026-09-19 08:23:15.001] [gas-forecast] [] [] [c.g.f.d.m.S.selectRoleCodesByUsername] [http-nio-8080-exec-4] [DEBUG] - ==>  Preparing: select r.role_code from sys_user_tb u join sys_user_role_ref ur on ur.user_id = u.id join sys_role_tb r on r.id = ur.role_id where u.username = ? order by r.role_code
[2026-09-19 08:23:15.002] [gas-forecast] [] [] [c.g.f.d.m.S.selectRoleCodesByUsername] [http-nio-8080-exec-4] [DEBUG] - ==> Parameters: admin(String)
[2026-09-19 08:23:15.003] [gas-forecast] [] [] [c.g.f.d.m.S.selectRoleCodesByUsername] [http-nio-8080-exec-4] [DEBUG] - <==      Total: 1
[2026-09-19 08:23:15.003] [gas-forecast] [] [] [c.g.f.d.m.S.selectByUsername] [http-nio-8080-exec-4] [DEBUG] - ==>  Preparing: select distinct p.* from sys_permission_tb p where p.status = 1 and ( exists ( select 1 from sys_user_tb u join sys_user_role_ref ur on ur.user_id = u.id join sys_role_permission_ref rp on rp.role_id = ur.role_id where rp.permission_id = p.id and u.username = ? and u.deleted = 0 ) or exists ( select 1 from sys_user_tb u join sys_user_department_ref ud on ud.user_id = u.id join sys_department_permission_ref dp on dp.department_id = ud.department_id where dp.permission_id = p.id and u.username = ? and u.deleted = 0 ) ) order by p.sort_no, p.id
[2026-09-19 08:23:15.004] [gas-forecast] [] [] [c.g.f.d.m.S.selectByUsername] [http-nio-8080-exec-4] [DEBUG] - ==> Parameters: admin(String), admin(String)
[2026-09-19 08:23:15.006] [gas-forecast] [] [] [c.g.f.d.m.S.selectByUsername] [http-nio-8080-exec-4] [DEBUG] - <==      Total: 64
[2026-09-19 08:23:37.365] [gas-forecast] [] [] [c.g.f.d.m.S.selectByUsername] [http-nio-8080-exec-6] [DEBUG] - ==>  Preparing: select distinct p.* from sys_permission_tb p where p.status = 1 and ( exists ( select 1 from sys_user_tb u join sys_user_role_ref ur on ur.user_id = u.id join sys_role_permission_ref rp on rp.role_id = ur.role_id where rp.permission_id = p.id and u.username = ? and u.deleted = 0 ) or exists ( select 1 from sys_user_tb u join sys_user_department_ref ud on ud.user_id = u.id join sys_department_permission_ref dp on dp.department_id = ud.department_id where dp.permission_id = p.id and u.username = ? and u.deleted = 0 ) ) order by p.sort_no, p.id
[2026-09-19 08:23:37.365] [gas-forecast] [] [] [c.g.f.d.m.S.selectByUsername] [http-nio-8080-exec-6] [DEBUG] - ==> Parameters: admin(String), admin(String)
[2026-09-19 08:23:37.368] [gas-forecast] [] [] [c.g.f.d.m.S.selectByUsername] [http-nio-8080-exec-6] [DEBUG] - <==      Total: 64
[2026-09-19 08:23:37.369] [gas-forecast] [] [] [c.g.f.d.m.SysRoleTbMapper.selectList] [http-nio-8080-exec-6] [DEBUG] - ==>  Preparing: SELECT id,role_code,role_name,description,created_at,updated_at FROM sys_role_tb ORDER BY id ASC
[2026-09-19 08:23:37.369] [gas-forecast] [] [] [c.g.f.d.m.SysRoleTbMapper.selectList] [http-nio-8080-exec-6] [DEBUG] - ==> Parameters: 
[2026-09-19 08:23:37.371] [gas-forecast] [] [] [c.g.f.d.m.SysRoleTbMapper.selectList] [http-nio-8080-exec-6] [DEBUG] - <==      Total: 1
[2026-09-19 08:23:37.372] [gas-forecast] [] [] [c.g.f.d.m.S.selectList] [http-nio-8080-exec-6] [DEBUG] - ==>  Preparing: SELECT id,parent_id,department_name,org_code,sort_no,status,created_at,updated_at FROM sys_department_tb ORDER BY sort_no ASC,id ASC
[2026-09-19 08:23:37.372] [gas-forecast] [] [] [c.g.f.d.m.S.selectList] [http-nio-8080-exec-6] [DEBUG] - ==> Parameters: 
[2026-09-19 08:23:37.373] [gas-forecast] [] [] [c.g.f.d.m.S.selectList] [http-nio-8080-exec-6] [DEBUG] - <==      Total: 7
[2026-09-19 08:23:37.374] [gas-forecast] [] [] [c.g.f.d.m.S.selectList] [http-nio-8080-exec-6] [DEBUG] - ==>  Preparing: SELECT id,parent_id,permission_name,path,component,permission_type,perms,button_code,icon,sort_no,hidden,status,created_at,updated_at FROM sys_permission_tb ORDER BY sort_no ASC,id ASC
[2026-09-19 08:23:37.374] [gas-forecast] [] [] [c.g.f.d.m.S.selectList] [http-nio-8080-exec-6] [DEBUG] - ==> Parameters: 
[2026-09-19 08:23:37.375] [gas-forecast] [] [] [c.g.f.d.m.S.selectList] [http-nio-8080-exec-6] [DEBUG] - <==      Total: 64
[2026-09-19 08:23:37.380] [gas-forecast] [] [] [c.g.f.d.m.S.selectByUsername] [http-nio-8080-exec-7] [DEBUG] - ==>  Preparing: select distinct p.* from sys_permission_tb p where p.status = 1 and ( exists ( select 1 from sys_user_tb u join sys_user_role_ref ur on ur.user_id = u.id join sys_role_permission_ref rp on rp.role_id = ur.role_id where rp.permission_id = p.id and u.username = ? and u.deleted = 0 ) or exists ( select 1 from sys_user_tb u join sys_user_department_ref ud on ud.user_id = u.id join sys_department_permission_ref dp on dp.department_id = ud.department_id where dp.permission_id = p.id and u.username = ? and u.deleted = 0 ) ) order by p.sort_no, p.id
[2026-09-19 08:23:37.380] [gas-forecast] [] [] [c.g.f.d.m.S.selectByUsername] [http-nio-8080-exec-7] [DEBUG] - ==> Parameters: admin(String), admin(String)
[2026-09-19 08:23:37.382] [gas-forecast] [] [] [c.g.f.d.m.S.selectByUsername] [http-nio-8080-exec-7] [DEBUG] - <==      Total: 64
[2026-09-19 08:23:37.384] [gas-forecast] [] [] [c.g.f.d.m.SysUserTbMapper.selectList] [http-nio-8080-exec-7] [DEBUG] - ==>  Preparing: SELECT id,username,real_name,password_hash,password_salt,avatar,email,phone,org_code,status,deleted,created_at,updated_at FROM sys_user_tb WHERE (deleted = ?) ORDER BY id ASC
[2026-09-19 08:23:37.384] [gas-forecast] [] [] [c.g.f.d.m.SysUserTbMapper.selectList] [http-nio-8080-exec-7] [DEBUG] - ==> Parameters: 0(Integer)
[2026-09-19 08:23:37.385] [gas-forecast] [] [] [c.g.f.d.m.SysUserTbMapper.selectList] [http-nio-8080-exec-7] [DEBUG] - <==      Total: 1
[2026-09-19 08:23:37.385] [gas-forecast] [] [] [c.g.f.d.m.SysRoleTbMapper.selectList] [http-nio-8080-exec-7] [DEBUG] - ==>  Preparing: SELECT id,role_code,role_name,description,created_at,updated_at FROM sys_role_tb ORDER BY id ASC
[2026-09-19 08:23:37.385] [gas-forecast] [] [] [c.g.f.d.m.SysRoleTbMapper.selectList] [http-nio-8080-exec-7] [DEBUG] - ==> Parameters: 
[2026-09-19 08:23:37.385] [gas-forecast] [] [] [c.g.f.d.m.SysRoleTbMapper.selectList] [http-nio-8080-exec-7] [DEBUG] - <==      Total: 1
[2026-09-19 08:23:37.385] [gas-forecast] [] [] [c.g.f.d.m.S.selectList] [http-nio-8080-exec-7] [DEBUG] - ==>  Preparing: SELECT id,parent_id,department_name,org_code,sort_no,status,created_at,updated_at FROM sys_department_tb ORDER BY id ASC
[2026-09-19 08:23:37.385] [gas-forecast] [] [] [c.g.f.d.m.S.selectList] [http-nio-8080-exec-7] [DEBUG] - ==> Parameters: 
[2026-09-19 08:23:37.386] [gas-forecast] [] [] [c.g.f.d.m.S.selectList] [http-nio-8080-exec-7] [DEBUG] - <==      Total: 7
[2026-09-19 08:23:37.386] [gas-forecast] [] [] [c.g.f.d.m.S.selectList] [http-nio-8080-exec-7] [DEBUG] - ==>  Preparing: SELECT id,user_id,role_id FROM sys_user_role_ref
[2026-09-19 08:23:37.386] [gas-forecast] [] [] [c.g.f.d.m.S.selectList] [http-nio-8080-exec-7] [DEBUG] - ==> Parameters: 
[2026-09-19 08:23:37.386] [gas-forecast] [] [] [c.g.f.d.m.S.selectList] [http-nio-8080-exec-7] [DEBUG] - <==      Total: 1
[2026-09-19 08:23:37.387] [gas-forecast] [] [] [c.g.f.d.m.S.selectList] [http-nio-8080-exec-7] [DEBUG] - ==>  Preparing: SELECT id,user_id,department_id FROM sys_user_department_ref
[2026-09-19 08:23:37.387] [gas-forecast] [] [] [c.g.f.d.m.S.selectList] [http-nio-8080-exec-7] [DEBUG] - ==> Parameters: 
[2026-09-19 08:23:37.387] [gas-forecast] [] [] [c.g.f.d.m.S.selectList] [http-nio-8080-exec-7] [DEBUG] - <==      Total: 1
[2026-09-19 08:23:40.458] [gas-forecast] [] [] [c.g.f.d.m.S.selectByUsername] [http-nio-8080-exec-1] [DEBUG] - ==>  Preparing: select distinct p.* from sys_permission_tb p where p.status = 1 and ( exists ( select 1 from sys_user_tb u join sys_user_role_ref ur on ur.user_id = u.id join sys_role_permission_ref rp on rp.role_id = ur.role_id where rp.permission_id = p.id and u.username = ? and u.deleted = 0 ) or exists ( select 1 from sys_user_tb u join sys_user_department_ref ud on ud.user_id = u.id join sys_department_permission_ref dp on dp.department_id = ud.department_id where dp.permission_id = p.id and u.username = ? and u.deleted = 0 ) ) order by p.sort_no, p.id
[2026-09-19 08:23:40.458] [gas-forecast] [] [] [c.g.f.d.m.S.selectByUsername] [http-nio-8080-exec-1] [DEBUG] - ==> Parameters: admin(String), admin(String)
[2026-09-19 08:23:40.460] [gas-forecast] [] [] [c.g.f.d.m.S.selectByUsername] [http-nio-8080-exec-1] [DEBUG] - <==      Total: 64
[2026-09-19 08:23:40.461] [gas-forecast] [] [] [c.g.f.d.m.SysRoleTbMapper.selectList] [http-nio-8080-exec-1] [DEBUG] - ==>  Preparing: SELECT id,role_code,role_name,description,created_at,updated_at FROM sys_role_tb ORDER BY id ASC
[2026-09-19 08:23:40.461] [gas-forecast] [] [] [c.g.f.d.m.SysRoleTbMapper.selectList] [http-nio-8080-exec-1] [DEBUG] - ==> Parameters: 
[2026-09-19 08:23:40.461] [gas-forecast] [] [] [c.g.f.d.m.SysRoleTbMapper.selectList] [http-nio-8080-exec-1] [DEBUG] - <==      Total: 1
[2026-09-19 08:23:40.462] [gas-forecast] [] [] [c.g.f.d.m.S.selectList] [http-nio-8080-exec-1] [DEBUG] - ==>  Preparing: SELECT id,parent_id,department_name,org_code,sort_no,status,created_at,updated_at FROM sys_department_tb ORDER BY sort_no ASC,id ASC
[2026-09-19 08:23:40.462] [gas-forecast] [] [] [c.g.f.d.m.S.selectList] [http-nio-8080-exec-1] [DEBUG] - ==> Parameters: 
[2026-09-19 08:23:40.462] [gas-forecast] [] [] [c.g.f.d.m.S.selectList] [http-nio-8080-exec-1] [DEBUG] - <==      Total: 7
[2026-09-19 08:23:40.462] [gas-forecast] [] [] [c.g.f.d.m.S.selectList] [http-nio-8080-exec-1] [DEBUG] - ==>  Preparing: SELECT id,parent_id,permission_name,path,component,permission_type,perms,button_code,icon,sort_no,hidden,status,created_at,updated_at FROM sys_permission_tb ORDER BY sort_no ASC,id ASC
[2026-09-19 08:23:40.463] [gas-forecast] [] [] [c.g.f.d.m.S.selectList] [http-nio-8080-exec-1] [DEBUG] - ==> Parameters: 
[2026-09-19 08:23:40.464] [gas-forecast] [] [] [c.g.f.d.m.S.selectList] [http-nio-8080-exec-1] [DEBUG] - <==      Total: 64
[2026-09-19 08:23:40.469] [gas-forecast] [] [] [c.g.f.d.m.S.selectByUsername] [http-nio-8080-exec-4] [DEBUG] - ==>  Preparing: select distinct p.* from sys_permission_tb p where p.status = 1 and ( exists ( select 1 from sys_user_tb u join sys_user_role_ref ur on ur.user_id = u.id join sys_role_permission_ref rp on rp.role_id = ur.role_id where rp.permission_id = p.id and u.username = ? and u.deleted = 0 ) or exists ( select 1 from sys_user_tb u join sys_user_department_ref ud on ud.user_id = u.id join sys_department_permission_ref dp on dp.department_id = ud.department_id where dp.permission_id = p.id and u.username = ? and u.deleted = 0 ) ) order by p.sort_no, p.id
[2026-09-19 08:23:40.469] [gas-forecast] [] [] [c.g.f.d.m.S.selectByUsername] [http-nio-8080-exec-4] [DEBUG] - ==> Parameters: admin(String), admin(String)
[2026-09-19 08:23:40.471] [gas-forecast] [] [] [c.g.f.d.m.S.selectByUsername] [http-nio-8080-exec-4] [DEBUG] - <==      Total: 64
[2026-09-19 08:23:40.472] [gas-forecast] [] [] [c.g.f.d.m.S.selectList] [http-nio-8080-exec-4] [DEBUG] - ==>  Preparing: SELECT id,parent_id,department_name,org_code,sort_no,status,created_at,updated_at FROM sys_department_tb ORDER BY sort_no ASC,id ASC
[2026-09-19 08:23:40.472] [gas-forecast] [] [] [c.g.f.d.m.S.selectList] [http-nio-8080-exec-4] [DEBUG] - ==> Parameters: 
[2026-09-19 08:23:40.473] [gas-forecast] [] [] [c.g.f.d.m.S.selectList] [http-nio-8080-exec-4] [DEBUG] - <==      Total: 7
[2026-09-19 08:23:41.985] [gas-forecast] [] [] [c.g.f.d.m.S.selectByUsername] [http-nio-8080-exec-2] [DEBUG] - ==>  Preparing: select distinct p.* from sys_permission_tb p where p.status = 1 and ( exists ( select 1 from sys_user_tb u join sys_user_role_ref ur on ur.user_id = u.id join sys_role_permission_ref rp on rp.role_id = ur.role_id where rp.permission_id = p.id and u.username = ? and u.deleted = 0 ) or exists ( select 1 from sys_user_tb u join sys_user_department_ref ud on ud.user_id = u.id join sys_department_permission_ref dp on dp.department_id = ud.department_id where dp.permission_id = p.id and u.username = ? and u.deleted = 0 ) ) order by p.sort_no, p.id
[2026-09-19 08:23:41.985] [gas-forecast] [] [] [c.g.f.d.m.S.selectByUsername] [http-nio-8080-exec-2] [DEBUG] - ==> Parameters: admin(String), admin(String)
[2026-09-19 08:23:41.987] [gas-forecast] [] [] [c.g.f.d.m.S.selectByUsername] [http-nio-8080-exec-2] [DEBUG] - <==      Total: 64
[2026-09-19 08:23:41.988] [gas-forecast] [] [] [c.g.f.d.m.SysRoleTbMapper.selectList] [http-nio-8080-exec-2] [DEBUG] - ==>  Preparing: SELECT id,role_code,role_name,description,created_at,updated_at FROM sys_role_tb ORDER BY id ASC
[2026-09-19 08:23:41.988] [gas-forecast] [] [] [c.g.f.d.m.SysRoleTbMapper.selectList] [http-nio-8080-exec-2] [DEBUG] - ==> Parameters: 
[2026-09-19 08:23:41.988] [gas-forecast] [] [] [c.g.f.d.m.SysRoleTbMapper.selectList] [http-nio-8080-exec-2] [DEBUG] - <==      Total: 1
[2026-09-19 08:23:41.989] [gas-forecast] [] [] [c.g.f.d.m.S.selectList] [http-nio-8080-exec-2] [DEBUG] - ==>  Preparing: SELECT id,parent_id,department_name,org_code,sort_no,status,created_at,updated_at FROM sys_department_tb ORDER BY sort_no ASC,id ASC
[2026-09-19 08:23:41.989] [gas-forecast] [] [] [c.g.f.d.m.S.selectList] [http-nio-8080-exec-2] [DEBUG] - ==> Parameters: 
[2026-09-19 08:23:41.989] [gas-forecast] [] [] [c.g.f.d.m.S.selectList] [http-nio-8080-exec-2] [DEBUG] - <==      Total: 7
[2026-09-19 08:23:41.989] [gas-forecast] [] [] [c.g.f.d.m.S.selectList] [http-nio-8080-exec-2] [DEBUG] - ==>  Preparing: SELECT id,parent_id,permission_name,path,component,permission_type,perms,button_code,icon,sort_no,hidden,status,created_at,updated_at FROM sys_permission_tb ORDER BY sort_no ASC,id ASC
[2026-09-19 08:23:41.989] [gas-forecast] [] [] [c.g.f.d.m.S.selectList] [http-nio-8080-exec-2] [DEBUG] - ==> Parameters: 
[2026-09-19 08:23:41.991] [gas-forecast] [] [] [c.g.f.d.m.S.selectList] [http-nio-8080-exec-2] [DEBUG] - <==      Total: 64
[2026-09-19 08:23:41.995] [gas-forecast] [] [] [c.g.f.d.m.S.selectByUsername] [http-nio-8080-exec-3] [DEBUG] - ==>  Preparing: select distinct p.* from sys_permission_tb p where p.status = 1 and ( exists ( select 1 from sys_user_tb u join sys_user_role_ref ur on ur.user_id = u.id join sys_role_permission_ref rp on rp.role_id = ur.role_id where rp.permission_id = p.id and u.username = ? and u.deleted = 0 ) or exists ( select 1 from sys_user_tb u join sys_user_department_ref ud on ud.user_id = u.id join sys_department_permission_ref dp on dp.department_id = ud.department_id where dp.permission_id = p.id and u.username = ? and u.deleted = 0 ) ) order by p.sort_no, p.id
[2026-09-19 08:23:41.995] [gas-forecast] [] [] [c.g.f.d.m.S.selectByUsername] [http-nio-8080-exec-3] [DEBUG] - ==> Parameters: admin(String), admin(String)
[2026-09-19 08:23:41.997] [gas-forecast] [] [] [c.g.f.d.m.S.selectByUsername] [http-nio-8080-exec-3] [DEBUG] - <==      Total: 64
[2026-09-19 08:23:41.997] [gas-forecast] [] [] [c.g.f.d.m.S.selectList] [http-nio-8080-exec-3] [DEBUG] - ==>  Preparing: SELECT id,parent_id,permission_name,path,component,permission_type,perms,button_code,icon,sort_no,hidden,status,created_at,updated_at FROM sys_permission_tb ORDER BY sort_no ASC,id ASC
[2026-09-19 08:23:41.997] [gas-forecast] [] [] [c.g.f.d.m.S.selectList] [http-nio-8080-exec-3] [DEBUG] - ==> Parameters: 
[2026-09-19 08:23:41.998] [gas-forecast] [] [] [c.g.f.d.m.S.selectList] [http-nio-8080-exec-3] [DEBUG] - <==      Total: 64
[2026-09-19 08:40:58.735] [gas-forecast] [] [] [c.g.f.d.m.SysUserTbMapper.selectList] [http-nio-8080-exec-1] [DEBUG] - ==>  Preparing: SELECT id,username,real_name,password_hash,password_salt,avatar,email,phone,org_code,status,deleted,created_at,updated_at FROM sys_user_tb WHERE (username = ? AND deleted = ?)
[2026-09-19 08:40:58.745] [gas-forecast] [] [] [c.g.f.d.m.SysUserTbMapper.selectList] [http-nio-8080-exec-1] [DEBUG] - ==> Parameters: admin(String), 0(Integer)
[2026-09-19 08:40:58.759] [gas-forecast] [] [] [c.g.f.d.m.SysUserTbMapper.selectList] [http-nio-8080-exec-1] [DEBUG] - <==      Total: 1
[2026-09-19 08:40:58.761] [gas-forecast] [] [] [c.g.f.d.m.S.selectRoleCodesByUsername] [http-nio-8080-exec-1] [DEBUG] - ==>  Preparing: select r.role_code from sys_user_tb u join sys_user_role_ref ur on ur.user_id = u.id join sys_role_tb r on r.id = ur.role_id where u.username = ? order by r.role_code
[2026-09-19 08:40:58.761] [gas-forecast] [] [] [c.g.f.d.m.S.selectRoleCodesByUsername] [http-nio-8080-exec-1] [DEBUG] - ==> Parameters: admin(String)
[2026-09-19 08:40:58.763] [gas-forecast] [] [] [c.g.f.d.m.S.selectRoleCodesByUsername] [http-nio-8080-exec-1] [DEBUG] - <==      Total: 1
[2026-09-19 08:40:58.763] [gas-forecast] [] [] [c.g.f.d.m.S.selectByUsername] [http-nio-8080-exec-1] [DEBUG] - ==>  Preparing: select distinct p.* from sys_permission_tb p where p.status = 1 and ( exists ( select 1 from sys_user_tb u join sys_user_role_ref ur on ur.user_id = u.id join sys_role_permission_ref rp on rp.role_id = ur.role_id where rp.permission_id = p.id and u.username = ? and u.deleted = 0 ) or exists ( select 1 from sys_user_tb u join sys_user_department_ref ud on ud.user_id = u.id join sys_department_permission_ref dp on dp.department_id = ud.department_id where dp.permission_id = p.id and u.username = ? and u.deleted = 0 ) ) order by p.sort_no, p.id
[2026-09-19 08:40:58.763] [gas-forecast] [] [] [c.g.f.d.m.S.selectByUsername] [http-nio-8080-exec-1] [DEBUG] - ==> Parameters: admin(String), admin(String)
[2026-09-19 08:40:58.770] [gas-forecast] [] [] [c.g.f.d.m.S.selectByUsername] [http-nio-8080-exec-1] [DEBUG] - <==      Total: 64
[2026-09-19 09:04:41.811] [gas-forecast] [] [] [c.g.f.d.m.SysUserTbMapper.selectList] [http-nio-8080-exec-5] [DEBUG] - ==>  Preparing: SELECT id,username,real_name,password_hash,password_salt,avatar,email,phone,org_code,status,deleted,created_at,updated_at FROM sys_user_tb WHERE (username = ? AND deleted = ?)
[2026-09-19 09:04:41.811] [gas-forecast] [] [] [c.g.f.d.m.SysUserTbMapper.selectList] [http-nio-8080-exec-5] [DEBUG] - ==> Parameters: admin(String), 0(Integer)
[2026-09-19 09:04:41.817] [gas-forecast] [] [] [c.g.f.d.m.SysUserTbMapper.selectList] [http-nio-8080-exec-5] [DEBUG] - <==      Total: 1
[2026-09-19 09:04:41.817] [gas-forecast] [] [] [c.g.f.d.m.S.selectRoleCodesByUsername] [http-nio-8080-exec-5] [DEBUG] - ==>  Preparing: select r.role_code from sys_user_tb u join sys_user_role_ref ur on ur.user_id = u.id join sys_role_tb r on r.id = ur.role_id where u.username = ? order by r.role_code
[2026-09-19 09:04:41.817] [gas-forecast] [] [] [c.g.f.d.m.S.selectRoleCodesByUsername] [http-nio-8080-exec-5] [DEBUG] - ==> Parameters: admin(String)
[2026-09-19 09:04:41.818] [gas-forecast] [] [] [c.g.f.d.m.S.selectRoleCodesByUsername] [http-nio-8080-exec-5] [DEBUG] - <==      Total: 1
[2026-09-19 09:04:41.818] [gas-forecast] [] [] [c.g.f.d.m.S.selectByUsername] [http-nio-8080-exec-5] [DEBUG] - ==>  Preparing: select distinct p.* from sys_permission_tb p where p.status = 1 and ( exists ( select 1 from sys_user_tb u join sys_user_role_ref ur on ur.user_id = u.id join sys_role_permission_ref rp on rp.role_id = ur.role_id where rp.permission_id = p.id and u.username = ? and u.deleted = 0 ) or exists ( select 1 from sys_user_tb u join sys_user_department_ref ud on ud.user_id = u.id join sys_department_permission_ref dp on dp.department_id = ud.department_id where dp.permission_id = p.id and u.username = ? and u.deleted = 0 ) ) order by p.sort_no, p.id
[2026-09-19 09:04:41.818] [gas-forecast] [] [] [c.g.f.d.m.S.selectByUsername] [http-nio-8080-exec-5] [DEBUG] - ==> Parameters: admin(String), admin(String)
[2026-09-19 09:04:41.822] [gas-forecast] [] [] [c.g.f.d.m.S.selectByUsername] [http-nio-8080-exec-5] [DEBUG] - <==      Total: 64
[2026-09-19 09:04:48.796] [gas-forecast] [] [] [c.g.f.d.m.M.selectList_mpCount] [http-nio-8080-exec-6] [DEBUG] - ==>  Preparing: SELECT COUNT(*) AS total FROM model_config_tb
[2026-09-19 09:04:48.796] [gas-forecast] [] [] [c.g.f.d.m.M.selectList_mpCount] [http-nio-8080-exec-6] [DEBUG] - ==> Parameters: 
[2026-09-19 09:04:48.798] [gas-forecast] [] [] [c.g.f.d.m.M.selectList_mpCount] [http-nio-8080-exec-6] [DEBUG] - <==      Total: 1
[2026-09-19 09:04:48.799] [gas-forecast] [] [] [c.g.f.d.m.M.selectList] [http-nio-8080-exec-6] [DEBUG] - ==>  Preparing: SELECT id,model_code,model_name,model_version,agent_code,description,created_by,created_at,updated_at,created_by_name FROM model_config_tb ORDER BY updated_at DESC,id DESC LIMIT ?
[2026-09-19 09:04:48.800] [gas-forecast] [] [] [c.g.f.d.m.M.selectList] [http-nio-8080-exec-6] [DEBUG] - ==> Parameters: 10(Long)
[2026-09-19 09:04:48.801] [gas-forecast] [] [] [c.g.f.d.m.M.selectList] [http-nio-8080-exec-6] [DEBUG] - <==      Total: 2
[2026-09-19 09:04:48.802] [gas-forecast] [] [] [c.g.f.d.m.M.selectList] [http-nio-8080-exec-6] [DEBUG] - ==>  Preparing: SELECT id,model_code,region_code,industry_code,customer_code,created_by,created_at,updated_at,created_by_name FROM model_config_scope_tb WHERE (model_code IN (?,?)) ORDER BY id DESC
[2026-09-19 09:04:48.802] [gas-forecast] [] [] [c.g.f.d.m.M.selectList] [http-nio-8080-exec-6] [DEBUG] - ==> Parameters: MODEL000002(String), MODEL000001(String)
[2026-09-19 09:04:48.803] [gas-forecast] [] [] [c.g.f.d.m.M.selectList] [http-nio-8080-exec-6] [DEBUG] - <==      Total: 8
[2026-09-19 09:04:48.803] [gas-forecast] [] [] [c.g.f.d.m.M.selectList] [http-nio-8080-exec-6] [DEBUG] - ==>  Preparing: SELECT id,model_id,feature_id,required_flag,feature_order,created_at,created_by FROM model_feature_ref WHERE (model_id IN (?,?)) ORDER BY feature_order ASC,id ASC
[2026-09-19 09:04:48.803] [gas-forecast] [] [] [c.g.f.d.m.M.selectList] [http-nio-8080-exec-6] [DEBUG] - ==> Parameters: 2(Long), 1(Long)
[2026-09-19 09:04:48.804] [gas-forecast] [] [] [c.g.f.d.m.M.selectList] [http-nio-8080-exec-6] [DEBUG] - <==      Total: 5
[2026-09-19 09:04:48.805] [gas-forecast] [] [] [c.g.f.d.m.M.selectBatchIds] [http-nio-8080-exec-6] [DEBUG] - ==>  Preparing: SELECT id,feature_code,feature_name,feature_column,time_granularity,enabled,description,created_at,created_by,updated_by_name FROM model_feature_definition_tb WHERE id IN ( ? , ? , ? , ? , ? )
[2026-09-19 09:04:48.805] [gas-forecast] [] [] [c.g.f.d.m.M.selectBatchIds] [http-nio-8080-exec-6] [DEBUG] - ==> Parameters: 5(Long), 4(Long), 3(Long), 2(Long), 1(Long)
[2026-09-19 09:04:48.807] [gas-forecast] [] [] [c.g.f.d.m.M.selectBatchIds] [http-nio-8080-exec-6] [DEBUG] - <==      Total: 5
[2026-09-19 09:04:48.808] [gas-forecast] [] [] [c.g.f.d.m.B.selectList] [http-nio-8080-exec-6] [DEBUG] - ==>  Preparing: SELECT id,region_code,region_name,remark,created_by,created_at,updated_by,updated_at,updated_by_name,created_by_name FROM base_region_tb WHERE (region_code IN (?,?,?,?,?,?,?))
[2026-09-19 09:04:48.808] [gas-forecast] [] [] [c.g.f.d.m.B.selectList] [http-nio-8080-exec-6] [DEBUG] - ==> Parameters: REG000005(String), REG000006(String), REG000007(String), REG000008(String), REG000009(String), REG000010(String), REG000011(String)
[2026-09-19 09:04:48.809] [gas-forecast] [] [] [c.g.f.d.m.B.selectList] [http-nio-8080-exec-6] [DEBUG] - <==      Total: 7
[2026-09-19 09:04:48.809] [gas-forecast] [] [] [c.g.f.d.m.B.selectList] [http-nio-8080-exec-6] [DEBUG] - ==>  Preparing: SELECT id,industry_code,industry_name,created_at,updated_at,created_by,created_by_name,updated_by,updated_by_name FROM base_industry_tb WHERE (industry_code IN (?))
[2026-09-19 09:04:48.809] [gas-forecast] [] [] [c.g.f.d.m.B.selectList] [http-nio-8080-exec-6] [DEBUG] - ==> Parameters: IND000003(String)
[2026-09-19 09:04:48.810] [gas-forecast] [] [] [c.g.f.d.m.B.selectList] [http-nio-8080-exec-6] [DEBUG] - <==      Total: 1
[2026-09-19 09:04:48.810] [gas-forecast] [] [] [c.g.f.d.m.B.selectList] [http-nio-8080-exec-6] [DEBUG] - ==>  Preparing: SELECT id,customer_code,customer_name,industry_code,industry_name,region_code,region_name,created_at,updated_at,created_by,created_by_name,updated_by,updated_by_name,raw_region_name,raw_industry_name FROM base_customer_tb WHERE (customer_code IN (?))
[2026-09-19 09:04:48.810] [gas-forecast] [] [] [c.g.f.d.m.B.selectList] [http-nio-8080-exec-6] [DEBUG] - ==> Parameters: CUS000021(String)
[2026-09-19 09:04:48.811] [gas-forecast] [] [] [c.g.f.d.m.B.selectList] [http-nio-8080-exec-6] [DEBUG] - <==      Total: 1
[2026-09-19 09:06:12.742] [gas-forecast] [] [] [c.g.f.d.m.S.selectByUsername] [http-nio-8080-exec-8] [DEBUG] - ==>  Preparing: select distinct p.* from sys_permission_tb p where p.status = 1 and ( exists ( select 1 from sys_user_tb u join sys_user_role_ref ur on ur.user_id = u.id join sys_role_permission_ref rp on rp.role_id = ur.role_id where rp.permission_id = p.id and u.username = ? and u.deleted = 0 ) or exists ( select 1 from sys_user_tb u join sys_user_department_ref ud on ud.user_id = u.id join sys_department_permission_ref dp on dp.department_id = ud.department_id where dp.permission_id = p.id and u.username = ? and u.deleted = 0 ) ) order by p.sort_no, p.id
[2026-09-19 09:06:12.743] [gas-forecast] [] [] [c.g.f.d.m.S.selectByUsername] [http-nio-8080-exec-8] [DEBUG] - ==> Parameters: admin(String), admin(String)
[2026-09-19 09:06:12.750] [gas-forecast] [] [] [c.g.f.d.m.S.selectByUsername] [http-nio-8080-exec-8] [DEBUG] - <==      Total: 64
[2026-09-19 09:06:12.755] [gas-forecast] [] [] [c.g.f.d.m.B.selectList_mpCount] [http-nio-8080-exec-8] [DEBUG] - ==>  Preparing: SELECT COUNT(*) AS total FROM base_region_tb
[2026-09-19 09:06:12.755] [gas-forecast] [] [] [c.g.f.d.m.B.selectList_mpCount] [http-nio-8080-exec-8] [DEBUG] - ==> Parameters: 
[2026-09-19 09:06:12.758] [gas-forecast] [] [] [c.g.f.d.m.B.selectList_mpCount] [http-nio-8080-exec-8] [DEBUG] - <==      Total: 1
[2026-09-19 09:06:12.758] [gas-forecast] [] [] [c.g.f.d.m.B.selectList] [http-nio-8080-exec-8] [DEBUG] - ==>  Preparing: SELECT id,region_code,region_name,remark,created_by,created_at,updated_by,updated_at,updated_by_name,created_by_name FROM base_region_tb ORDER BY updated_at DESC,id DESC LIMIT ?
[2026-09-19 09:06:12.758] [gas-forecast] [] [] [c.g.f.d.m.B.selectList] [http-nio-8080-exec-8] [DEBUG] - ==> Parameters: 1000(Long)
[2026-09-19 09:06:12.759] [gas-forecast] [] [] [c.g.f.d.m.B.selectList] [http-nio-8080-exec-8] [DEBUG] - <==      Total: 8
[2026-09-19 09:06:12.772] [gas-forecast] [] [] [c.g.f.d.m.M.selectList_mpCount] [http-nio-8080-exec-9] [DEBUG] - ==>  Preparing: SELECT COUNT(*) AS total FROM model_feature_definition_tb
[2026-09-19 09:06:12.772] [gas-forecast] [] [] [c.g.f.d.m.M.selectList_mpCount] [http-nio-8080-exec-9] [DEBUG] - ==> Parameters: 
[2026-09-19 09:06:12.773] [gas-forecast] [] [] [c.g.f.d.m.M.selectList_mpCount] [http-nio-8080-exec-9] [DEBUG] - <==      Total: 1
[2026-09-19 09:06:12.774] [gas-forecast] [] [] [c.g.f.d.m.M.selectList] [http-nio-8080-exec-9] [DEBUG] - ==>  Preparing: SELECT id,feature_code,feature_name,feature_column,time_granularity,enabled,description,created_at,created_by,updated_by_name FROM model_feature_definition_tb ORDER BY created_at DESC,id DESC LIMIT ?
[2026-09-19 09:06:12.774] [gas-forecast] [] [] [c.g.f.d.m.M.selectList] [http-nio-8080-exec-9] [DEBUG] - ==> Parameters: 500(Long)
[2026-09-19 09:06:12.775] [gas-forecast] [] [] [c.g.f.d.m.M.selectList] [http-nio-8080-exec-9] [DEBUG] - <==      Total: 25
[2026-09-19 09:06:20.657] [gas-forecast] [] [] [c.g.f.d.m.M.selectList_mpCount] [http-nio-8080-exec-10] [DEBUG] - ==>  Preparing: SELECT COUNT(*) AS total FROM model_config_tb
[2026-09-19 09:06:20.657] [gas-forecast] [] [] [c.g.f.d.m.M.selectList_mpCount] [http-nio-8080-exec-10] [DEBUG] - ==> Parameters: 
[2026-09-19 09:06:20.658] [gas-forecast] [] [] [c.g.f.d.m.M.selectList_mpCount] [http-nio-8080-exec-10] [DEBUG] - <==      Total: 1
[2026-09-19 09:06:20.659] [gas-forecast] [] [] [c.g.f.d.m.M.selectList] [http-nio-8080-exec-10] [DEBUG] - ==>  Preparing: SELECT id,model_code,model_name,model_version,agent_code,description,created_by,created_at,updated_at,created_by_name FROM model_config_tb ORDER BY updated_at DESC,id DESC LIMIT ?
[2026-09-19 09:06:20.659] [gas-forecast] [] [] [c.g.f.d.m.M.selectList] [http-nio-8080-exec-10] [DEBUG] - ==> Parameters: 10(Long)
[2026-09-19 09:06:20.659] [gas-forecast] [] [] [c.g.f.d.m.M.selectList] [http-nio-8080-exec-10] [DEBUG] - <==      Total: 2
[2026-09-19 09:06:20.660] [gas-forecast] [] [] [c.g.f.d.m.M.selectList] [http-nio-8080-exec-10] [DEBUG] - ==>  Preparing: SELECT id,model_code,region_code,industry_code,customer_code,created_by,created_at,updated_at,created_by_name FROM model_config_scope_tb WHERE (model_code IN (?,?)) ORDER BY id DESC
[2026-09-19 09:06:20.660] [gas-forecast] [] [] [c.g.f.d.m.M.selectList] [http-nio-8080-exec-10] [DEBUG] - ==> Parameters: MODEL000002(String), MODEL000001(String)
[2026-09-19 09:06:20.660] [gas-forecast] [] [] [c.g.f.d.m.M.selectList] [http-nio-8080-exec-10] [DEBUG] - <==      Total: 8
[2026-09-19 09:06:20.661] [gas-forecast] [] [] [c.g.f.d.m.M.selectList] [http-nio-8080-exec-10] [DEBUG] - ==>  Preparing: SELECT id,model_id,feature_id,required_flag,feature_order,created_at,created_by FROM model_feature_ref WHERE (model_id IN (?,?)) ORDER BY feature_order ASC,id ASC
[2026-09-19 09:06:20.661] [gas-forecast] [] [] [c.g.f.d.m.M.selectList] [http-nio-8080-exec-10] [DEBUG] - ==> Parameters: 2(Long), 1(Long)
[2026-09-19 09:06:20.661] [gas-forecast] [] [] [c.g.f.d.m.M.selectList] [http-nio-8080-exec-10] [DEBUG] - <==      Total: 5
[2026-09-19 09:06:20.662] [gas-forecast] [] [] [c.g.f.d.m.M.selectBatchIds] [http-nio-8080-exec-10] [DEBUG] - ==>  Preparing: SELECT id,feature_code,feature_name,feature_column,time_granularity,enabled,description,created_at,created_by,updated_by_name FROM model_feature_definition_tb WHERE id IN ( ? , ? , ? , ? , ? )
[2026-09-19 09:06:20.662] [gas-forecast] [] [] [c.g.f.d.m.M.selectBatchIds] [http-nio-8080-exec-10] [DEBUG] - ==> Parameters: 5(Long), 4(Long), 3(Long), 2(Long), 1(Long)
[2026-09-19 09:06:20.662] [gas-forecast] [] [] [c.g.f.d.m.M.selectBatchIds] [http-nio-8080-exec-10] [DEBUG] - <==      Total: 5
[2026-09-19 09:06:20.662] [gas-forecast] [] [] [c.g.f.d.m.B.selectList] [http-nio-8080-exec-10] [DEBUG] - ==>  Preparing: SELECT id,region_code,region_name,remark,created_by,created_at,updated_by,updated_at,updated_by_name,created_by_name FROM base_region_tb WHERE (region_code IN (?,?,?,?,?,?,?))
[2026-09-19 09:06:20.662] [gas-forecast] [] [] [c.g.f.d.m.B.selectList] [http-nio-8080-exec-10] [DEBUG] - ==> Parameters: REG000005(String), REG000006(String), REG000007(String), REG000008(String), REG000009(String), REG000010(String), REG000011(String)
[2026-09-19 09:06:20.663] [gas-forecast] [] [] [c.g.f.d.m.B.selectList] [http-nio-8080-exec-10] [DEBUG] - <==      Total: 7
[2026-09-19 09:06:20.663] [gas-forecast] [] [] [c.g.f.d.m.B.selectList] [http-nio-8080-exec-10] [DEBUG] - ==>  Preparing: SELECT id,industry_code,industry_name,created_at,updated_at,created_by,created_by_name,updated_by,updated_by_name FROM base_industry_tb WHERE (industry_code IN (?))
[2026-09-19 09:06:20.663] [gas-forecast] [] [] [c.g.f.d.m.B.selectList] [http-nio-8080-exec-10] [DEBUG] - ==> Parameters: IND000003(String)
[2026-09-19 09:06:20.664] [gas-forecast] [] [] [c.g.f.d.m.B.selectList] [http-nio-8080-exec-10] [DEBUG] - <==      Total: 1
[2026-09-19 09:06:20.664] [gas-forecast] [] [] [c.g.f.d.m.B.selectList] [http-nio-8080-exec-10] [DEBUG] - ==>  Preparing: SELECT id,customer_code,customer_name,industry_code,industry_name,region_code,region_name,created_at,updated_at,created_by,created_by_name,updated_by,updated_by_name,raw_region_name,raw_industry_name FROM base_customer_tb WHERE (customer_code IN (?))
[2026-09-19 09:06:20.664] [gas-forecast] [] [] [c.g.f.d.m.B.selectList] [http-nio-8080-exec-10] [DEBUG] - ==> Parameters: CUS000021(String)
[2026-09-19 09:06:20.665] [gas-forecast] [] [] [c.g.f.d.m.B.selectList] [http-nio-8080-exec-10] [DEBUG] - <==      Total: 1
[2026-09-19 09:06:33.122] [gas-forecast] [] [] [c.g.f.d.m.S.selectByUsername] [http-nio-8080-exec-3] [DEBUG] - ==>  Preparing: select distinct p.* from sys_permission_tb p where p.status = 1 and ( exists ( select 1 from sys_user_tb u join sys_user_role_ref ur on ur.user_id = u.id join sys_role_permission_ref rp on rp.role_id = ur.role_id where rp.permission_id = p.id and u.username = ? and u.deleted = 0 ) or exists ( select 1 from sys_user_tb u join sys_user_department_ref ud on ud.user_id = u.id join sys_department_permission_ref dp on dp.department_id = ud.department_id where dp.permission_id = p.id and u.username = ? and u.deleted = 0 ) ) order by p.sort_no, p.id
[2026-09-19 09:06:33.122] [gas-forecast] [] [] [c.g.f.d.m.S.selectByUsername] [http-nio-8080-exec-5] [DEBUG] - ==>  Preparing: select distinct p.* from sys_permission_tb p where p.status = 1 and ( exists ( select 1 from sys_user_tb u join sys_user_role_ref ur on ur.user_id = u.id join sys_role_permission_ref rp on rp.role_id = ur.role_id where rp.permission_id = p.id and u.username = ? and u.deleted = 0 ) or exists ( select 1 from sys_user_tb u join sys_user_department_ref ud on ud.user_id = u.id join sys_department_permission_ref dp on dp.department_id = ud.department_id where dp.permission_id = p.id and u.username = ? and u.deleted = 0 ) ) order by p.sort_no, p.id
[2026-09-19 09:06:33.122] [gas-forecast] [] [] [c.g.f.d.m.S.selectByUsername] [http-nio-8080-exec-3] [DEBUG] - ==> Parameters: admin(String), admin(String)
[2026-09-19 09:06:33.122] [gas-forecast] [] [] [c.g.f.d.m.S.selectByUsername] [http-nio-8080-exec-5] [DEBUG] - ==> Parameters: admin(String), admin(String)
[2026-09-19 09:06:33.122] [gas-forecast] [] [] [c.g.f.d.m.S.selectByUsername] [http-nio-8080-exec-2] [DEBUG] - ==>  Preparing: select distinct p.* from sys_permission_tb p where p.status = 1 and ( exists ( select 1 from sys_user_tb u join sys_user_role_ref ur on ur.user_id = u.id join sys_role_permission_ref rp on rp.role_id = ur.role_id where rp.permission_id = p.id and u.username = ? and u.deleted = 0 ) or exists ( select 1 from sys_user_tb u join sys_user_department_ref ud on ud.user_id = u.id join sys_department_permission_ref dp on dp.department_id = ud.department_id where dp.permission_id = p.id and u.username = ? and u.deleted = 0 ) ) order by p.sort_no, p.id
[2026-09-19 09:06:33.122] [gas-forecast] [] [] [c.g.f.d.m.M.selectList_mpCount] [http-nio-8080-exec-1] [DEBUG] - ==>  Preparing: SELECT COUNT(*) AS total FROM model_config_tb
[2026-09-19 09:06:33.123] [gas-forecast] [] [] [c.g.f.d.m.M.selectList_mpCount] [http-nio-8080-exec-1] [DEBUG] - ==> Parameters: 
[2026-09-19 09:06:33.123] [gas-forecast] [] [] [c.g.f.d.m.S.selectByUsername] [http-nio-8080-exec-2] [DEBUG] - ==> Parameters: admin(String), admin(String)
[2026-09-19 09:06:33.124] [gas-forecast] [] [] [c.g.f.d.m.M.selectList_mpCount] [http-nio-8080-exec-1] [DEBUG] - <==      Total: 1
[2026-09-19 09:06:33.124] [gas-forecast] [] [] [c.g.f.d.m.M.selectList] [http-nio-8080-exec-1] [DEBUG] - ==>  Preparing: SELECT id,model_code,model_name,model_version,agent_code,description,created_by,created_at,updated_at,created_by_name FROM model_config_tb ORDER BY updated_at DESC,id DESC LIMIT ?
[2026-09-19 09:06:33.124] [gas-forecast] [] [] [c.g.f.d.m.M.selectList] [http-nio-8080-exec-1] [DEBUG] - ==> Parameters: 1000(Long)
[2026-09-19 09:06:33.125] [gas-forecast] [] [] [c.g.f.d.m.S.selectByUsername] [http-nio-8080-exec-3] [DEBUG] - <==      Total: 64
[2026-09-19 09:06:33.125] [gas-forecast] [] [] [c.g.f.d.m.M.selectList] [http-nio-8080-exec-1] [DEBUG] - <==      Total: 2
[2026-09-19 09:06:33.125] [gas-forecast] [] [] [c.g.f.d.m.M.selectList] [http-nio-8080-exec-1] [DEBUG] - ==>  Preparing: SELECT id,model_code,region_code,industry_code,customer_code,created_by,created_at,updated_at,created_by_name FROM model_config_scope_tb WHERE (model_code IN (?,?)) ORDER BY id DESC
[2026-09-19 09:06:33.125] [gas-forecast] [] [] [c.g.f.d.m.S.selectByUsername] [http-nio-8080-exec-5] [DEBUG] - <==      Total: 64
[2026-09-19 09:06:33.125] [gas-forecast] [] [] [c.g.f.d.m.M.selectList] [http-nio-8080-exec-1] [DEBUG] - ==> Parameters: MODEL000002(String), MODEL000001(String)
[2026-09-19 09:06:33.125] [gas-forecast] [] [] [c.g.f.d.m.S.selectByUsername] [http-nio-8080-exec-2] [DEBUG] - <==      Total: 64
[2026-09-19 09:06:33.126] [gas-forecast] [] [] [c.g.f.d.m.M.selectList] [http-nio-8080-exec-1] [DEBUG] - <==      Total: 8
[2026-09-19 09:06:33.126] [gas-forecast] [] [] [c.g.f.d.m.M.selectList] [http-nio-8080-exec-1] [DEBUG] - ==>  Preparing: SELECT id,model_id,feature_id,required_flag,feature_order,created_at,created_by FROM model_feature_ref WHERE (model_id IN (?,?)) ORDER BY feature_order ASC,id ASC
[2026-09-19 09:06:33.126] [gas-forecast] [] [] [c.g.f.d.m.M.selectList] [http-nio-8080-exec-1] [DEBUG] - ==> Parameters: 2(Long), 1(Long)
[2026-09-19 09:06:33.127] [gas-forecast] [] [] [c.g.f.d.m.M.selectList] [http-nio-8080-exec-1] [DEBUG] - <==      Total: 5
[2026-09-19 09:06:33.128] [gas-forecast] [] [] [c.g.f.d.m.B.selectList_mpCount] [http-nio-8080-exec-3] [DEBUG] - ==>  Preparing: SELECT COUNT(*) AS total FROM base_region_tb
[2026-09-19 09:06:33.128] [gas-forecast] [] [] [c.g.f.d.m.B.selectList_mpCount] [http-nio-8080-exec-3] [DEBUG] - ==> Parameters: 
[2026-09-19 09:06:33.128] [gas-forecast] [] [] [c.g.f.d.m.M.selectBatchIds] [http-nio-8080-exec-1] [DEBUG] - ==>  Preparing: SELECT id,feature_code,feature_name,feature_column,time_granularity,enabled,description,created_at,created_by,updated_by_name FROM model_feature_definition_tb WHERE id IN ( ? , ? , ? , ? , ? )
[2026-09-19 09:06:33.128] [gas-forecast] [] [] [c.g.f.d.m.M.selectBatchIds] [http-nio-8080-exec-1] [DEBUG] - ==> Parameters: 5(Long), 4(Long), 3(Long), 2(Long), 1(Long)
[2026-09-19 09:06:33.131] [gas-forecast] [] [] [c.g.f.d.m.B.selectList_mpCount] [http-nio-8080-exec-3] [DEBUG] - <==      Total: 1
[2026-09-19 09:06:33.131] [gas-forecast] [] [] [c.g.f.d.m.M.selectBatchIds] [http-nio-8080-exec-1] [DEBUG] - <==      Total: 5
[2026-09-19 09:06:33.131] [gas-forecast] [] [] [c.g.f.d.m.B.selectList] [http-nio-8080-exec-3] [DEBUG] - ==>  Preparing: SELECT id,region_code,region_name,remark,created_by,created_at,updated_by,updated_at,updated_by_name,created_by_name FROM base_region_tb ORDER BY updated_at DESC,id DESC LIMIT ?
[2026-09-19 09:06:33.131] [gas-forecast] [] [] [c.g.f.d.m.B.selectList] [http-nio-8080-exec-3] [DEBUG] - ==> Parameters: 1000(Long)
[2026-09-19 09:06:33.132] [gas-forecast] [] [] [c.g.f.d.m.B.selectList] [http-nio-8080-exec-1] [DEBUG] - ==>  Preparing: SELECT id,region_code,region_name,remark,created_by,created_at,updated_by,updated_at,updated_by_name,created_by_name FROM base_region_tb WHERE (region_code IN (?,?,?,?,?,?,?))
[2026-09-19 09:06:33.132] [gas-forecast] [] [] [c.g.f.d.m.B.selectList] [http-nio-8080-exec-1] [DEBUG] - ==> Parameters: REG000005(String), REG000006(String), REG000007(String), REG000008(String), REG000009(String), REG000010(String), REG000011(String)
[2026-09-19 09:06:33.132] [gas-forecast] [] [] [c.g.f.d.m.B.selectList] [http-nio-8080-exec-3] [DEBUG] - <==      Total: 8
[2026-09-19 09:06:33.133] [gas-forecast] [] [] [c.g.f.d.m.B.selectList] [http-nio-8080-exec-1] [DEBUG] - <==      Total: 7
[2026-09-19 09:06:33.133] [gas-forecast] [] [] [c.g.f.d.m.B.selectList] [http-nio-8080-exec-1] [DEBUG] - ==>  Preparing: SELECT id,industry_code,industry_name,created_at,updated_at,created_by,created_by_name,updated_by,updated_by_name FROM base_industry_tb WHERE (industry_code IN (?))
[2026-09-19 09:06:33.133] [gas-forecast] [] [] [c.g.f.d.m.B.selectList] [http-nio-8080-exec-1] [DEBUG] - ==> Parameters: IND000003(String)
[2026-09-19 09:06:33.133] [gas-forecast] [] [] [c.g.f.d.m.B.selectList] [http-nio-8080-exec-1] [DEBUG] - <==      Total: 1
[2026-09-19 09:06:33.134] [gas-forecast] [] [] [c.g.f.d.m.B.selectList_mpCount] [http-nio-8080-exec-5] [DEBUG] - ==>  Preparing: SELECT COUNT(*) AS total FROM base_industry_tb
[2026-09-19 09:06:33.134] [gas-forecast] [] [] [c.g.f.d.m.B.selectList_mpCount] [http-nio-8080-exec-5] [DEBUG] - ==> Parameters: 
[2026-09-19 09:06:33.134] [gas-forecast] [] [] [c.g.f.d.m.B.selectList] [http-nio-8080-exec-1] [DEBUG] - ==>  Preparing: SELECT id,customer_code,customer_name,industry_code,industry_name,region_code,region_name,created_at,updated_at,created_by,created_by_name,updated_by,updated_by_name,raw_region_name,raw_industry_name FROM base_customer_tb WHERE (customer_code IN (?))
[2026-09-19 09:06:33.134] [gas-forecast] [] [] [c.g.f.d.m.B.selectList] [http-nio-8080-exec-1] [DEBUG] - ==> Parameters: CUS000021(String)
[2026-09-19 09:06:33.134] [gas-forecast] [] [] [c.g.f.d.m.B.selectList_mpCount] [http-nio-8080-exec-2] [DEBUG] - ==>  Preparing: SELECT COUNT(*) AS total FROM base_customer_tb
[2026-09-19 09:06:33.134] [gas-forecast] [] [] [c.g.f.d.m.B.selectList_mpCount] [http-nio-8080-exec-2] [DEBUG] - ==> Parameters: 
[2026-09-19 09:06:33.134] [gas-forecast] [] [] [c.g.f.d.m.B.selectList] [http-nio-8080-exec-1] [DEBUG] - <==      Total: 1
[2026-09-19 09:06:33.134] [gas-forecast] [] [] [c.g.f.d.m.B.selectList_mpCount] [http-nio-8080-exec-5] [DEBUG] - <==      Total: 1
[2026-09-19 09:06:33.135] [gas-forecast] [] [] [c.g.f.d.m.M.selectList_mpCount] [http-nio-8080-exec-4] [DEBUG] - ==>  Preparing: SELECT COUNT(*) AS total FROM model_train_config_tb
[2026-09-19 09:06:33.135] [gas-forecast] [] [] [c.g.f.d.m.B.selectList] [http-nio-8080-exec-5] [DEBUG] - ==>  Preparing: SELECT id,industry_code,industry_name,created_at,updated_at,created_by,created_by_name,updated_by,updated_by_name FROM base_industry_tb ORDER BY updated_at DESC,id DESC LIMIT ?
[2026-09-19 09:06:33.135] [gas-forecast] [] [] [c.g.f.d.m.B.selectList_mpCount] [http-nio-8080-exec-2] [DEBUG] - <==      Total: 1
[2026-09-19 09:06:33.135] [gas-forecast] [] [] [c.g.f.d.m.B.selectList] [http-nio-8080-exec-5] [DEBUG] - ==> Parameters: 1000(Long)
[2026-09-19 09:06:33.135] [gas-forecast] [] [] [c.g.f.d.m.M.selectList_mpCount] [http-nio-8080-exec-4] [DEBUG] - ==> Parameters: 
[2026-09-19 09:06:33.135] [gas-forecast] [] [] [c.g.f.d.m.B.selectList] [http-nio-8080-exec-2] [DEBUG] - ==>  Preparing: SELECT id,customer_code,customer_name,industry_code,industry_name,region_code,region_name,created_at,updated_at,created_by,created_by_name,updated_by,updated_by_name,raw_region_name,raw_industry_name FROM base_customer_tb ORDER BY updated_at DESC,id DESC LIMIT ?
[2026-09-19 09:06:33.135] [gas-forecast] [] [] [c.g.f.d.m.B.selectList] [http-nio-8080-exec-2] [DEBUG] - ==> Parameters: 1000(Long)
[2026-09-19 09:06:33.135] [gas-forecast] [] [] [c.g.f.d.m.B.selectList] [http-nio-8080-exec-5] [DEBUG] - <==      Total: 4
[2026-09-19 09:06:33.136] [gas-forecast] [] [] [c.g.f.d.m.M.selectList_mpCount] [http-nio-8080-exec-4] [DEBUG] - <==      Total: 1
[2026-09-19 09:06:33.136] [gas-forecast] [] [] [c.g.f.d.m.M.selectList] [http-nio-8080-exec-4] [DEBUG] - ==>  Preparing: SELECT id,train_code,train_name,agent_code,model_code,model_name,scope_type,region_code,region_name,industry_code,industry_name,customer_code,customer_name,train_start_date,train_end_date,train_mode,time_granularity,recent_periods,enabled,remark,created_by,created_by_name,created_at,updated_at FROM model_train_config_tb ORDER BY updated_at DESC,id DESC LIMIT ?
[2026-09-19 09:06:33.136] [gas-forecast] [] [] [c.g.f.d.m.M.selectList] [http-nio-8080-exec-4] [DEBUG] - ==> Parameters: 10(Long)
[2026-09-19 09:06:33.136] [gas-forecast] [] [] [c.g.f.d.m.B.selectList] [http-nio-8080-exec-2] [DEBUG] - <==      Total: 21
[2026-09-19 09:06:33.137] [gas-forecast] [] [] [c.g.f.d.m.M.selectList] [http-nio-8080-exec-4] [DEBUG] - <==      Total: 1
[2026-09-19 09:06:34.309] [gas-forecast] [] [] [c.g.f.d.m.M.selectList_mpCount] [http-nio-8080-exec-7] [DEBUG] - ==>  Preparing: SELECT COUNT(*) AS total FROM model_feature_definition_tb
[2026-09-19 09:06:34.309] [gas-forecast] [] [] [c.g.f.d.m.M.selectList_mpCount] [http-nio-8080-exec-7] [DEBUG] - ==> Parameters: 
[2026-09-19 09:06:34.310] [gas-forecast] [] [] [c.g.f.d.m.M.selectList_mpCount] [http-nio-8080-exec-7] [DEBUG] - <==      Total: 1
[2026-09-19 09:06:34.310] [gas-forecast] [] [] [c.g.f.d.m.M.selectList] [http-nio-8080-exec-7] [DEBUG] - ==>  Preparing: SELECT id,feature_code,feature_name,feature_column,time_granularity,enabled,description,created_at,created_by,updated_by_name FROM model_feature_definition_tb ORDER BY created_at DESC,id DESC LIMIT ?
[2026-09-19 09:06:34.310] [gas-forecast] [] [] [c.g.f.d.m.M.selectList] [http-nio-8080-exec-7] [DEBUG] - ==> Parameters: 10(Long)
[2026-09-19 09:06:34.311] [gas-forecast] [] [] [c.g.f.d.m.M.selectList] [http-nio-8080-exec-7] [DEBUG] - <==      Total: 10
[2026-09-19 09:06:34.939] [gas-forecast] [] [] [c.g.f.d.m.M.selectList_mpCount] [http-nio-8080-exec-6] [DEBUG] - ==>  Preparing: SELECT COUNT(*) AS total FROM model_train_feature_data_tb
[2026-09-19 09:06:34.939] [gas-forecast] [] [] [c.g.f.d.m.M.selectList_mpCount] [http-nio-8080-exec-6] [DEBUG] - ==> Parameters: 
[2026-09-19 09:06:34.942] [gas-forecast] [] [] [c.g.f.d.m.M.selectList_mpCount] [http-nio-8080-exec-6] [DEBUG] - <==      Total: 1
[2026-09-19 09:06:34.942] [gas-forecast] [] [] [c.g.f.d.m.M.selectList] [http-nio-8080-exec-6] [DEBUG] - ==>  Preparing: SELECT id,stat_date,time_granularity,region_code,region_name,customer_code,customer_name,industry_code,industry_name,gas_sales,feature_001,feature_002,feature_003,feature_004,feature_005,feature_006,feature_007,feature_008,feature_009,feature_010,feature_011,feature_012,feature_013,feature_014,feature_015,feature_016,feature_017,feature_018,feature_019,feature_020,feature_021,feature_022,feature_023,feature_024,feature_025,feature_026,feature_027,feature_028,feature_029,feature_030,feature_031,feature_032,feature_033,feature_034,feature_035,feature_036,feature_037,feature_038,feature_039,feature_040,feature_041,feature_042,feature_043,feature_044,feature_045,feature_046,feature_047,feature_048,feature_049,feature_050,feature_051,feature_052,feature_053,feature_054,feature_055,feature_056,feature_057,feature_058,feature_059,feature_060,feature_061,feature_062,feature_063,feature_064,feature_065,feature_066,feature_067,feature_068,feature_069,feature_070,feature_071,feature_072,feature_073,feature_074,feature_075,feature_076,feature_077,feature_078,feature_079,feature_080,feature_081,feature_082,feature_083,feature_084,feature_085,feature_086,feature_087,feature_088,feature_089,feature_090,feature_091,feature_092,feature_093,feature_094,feature_095,feature_096,feature_097,feature_098,feature_099,feature_100,feature_101,feature_102,feature_103,feature_104,feature_105,feature_106,feature_107,feature_108,feature_109,feature_110,feature_111,feature_112,feature_113,feature_114,feature_115,feature_116,feature_117,feature_118,feature_119,feature_120,feature_121,feature_122,feature_123,feature_124,feature_125,feature_126,feature_127,feature_128,feature_129,feature_130,feature_131,feature_132,feature_133,feature_134,feature_135,feature_136,feature_137,feature_138,feature_139,feature_140,feature_141,feature_142,feature_143,feature_144,feature_145,feature_146,feature_147,feature_148,feature_149,feature_150,feature_151,feature_152,feature_153,feature_154,feature_155,feature_156,feature_157,feature_158,feature_159,feature_160,feature_161,feature_162,feature_163,feature_164,feature_165,feature_166,feature_167,feature_168,feature_169,feature_170,feature_171,feature_172,feature_173,feature_174,feature_175,feature_176,feature_177,feature_178,feature_179,feature_180,feature_181,feature_182,feature_183,feature_184,feature_185,feature_186,feature_187,feature_188,feature_189,feature_190,feature_191,feature_192,feature_193,feature_194,feature_195,feature_196,feature_197,feature_198,feature_199,feature_200,create_time,update_time FROM model_train_feature_data_tb ORDER BY stat_date DESC,id DESC LIMIT ?
[2026-09-19 09:06:34.942] [gas-forecast] [] [] [c.g.f.d.m.M.selectList] [http-nio-8080-exec-6] [DEBUG] - ==> Parameters: 10(Long)
[2026-09-19 09:06:34.947] [gas-forecast] [] [] [c.g.f.d.m.M.selectList] [http-nio-8080-exec-6] [DEBUG] - <==      Total: 10
[2026-09-19 09:06:34.948] [gas-forecast] [] [] [c.g.f.d.m.M.selectList] [http-nio-8080-exec-6] [DEBUG] - ==>  Preparing: SELECT feature_column,feature_code FROM model_feature_definition_tb WHERE (enabled = ?)
[2026-09-19 09:06:34.948] [gas-forecast] [] [] [c.g.f.d.m.M.selectList] [http-nio-8080-exec-6] [DEBUG] - ==> Parameters: 1(Integer)
[2026-09-19 09:06:34.949] [gas-forecast] [] [] [c.g.f.d.m.M.selectList] [http-nio-8080-exec-6] [DEBUG] - <==      Total: 25
[2026-09-19 09:06:56.172] [gas-forecast] [] [] [c.g.f.d.m.M.selectList_mpCount] [http-nio-8080-exec-8] [DEBUG] - ==>  Preparing: SELECT COUNT(*) AS total FROM model_feature_definition_tb
[2026-09-19 09:06:56.172] [gas-forecast] [] [] [c.g.f.d.m.M.selectList_mpCount] [http-nio-8080-exec-8] [DEBUG] - ==> Parameters: 
[2026-09-19 09:06:56.175] [gas-forecast] [] [] [c.g.f.d.m.M.selectList_mpCount] [http-nio-8080-exec-8] [DEBUG] - <==      Total: 1
[2026-09-19 09:06:56.175] [gas-forecast] [] [] [c.g.f.d.m.M.selectList] [http-nio-8080-exec-8] [DEBUG] - ==>  Preparing: SELECT id,feature_code,feature_name,feature_column,time_granularity,enabled,description,created_at,created_by,updated_by_name FROM model_feature_definition_tb ORDER BY created_at DESC,id DESC LIMIT ?
[2026-09-19 09:06:56.175] [gas-forecast] [] [] [c.g.f.d.m.M.selectList] [http-nio-8080-exec-8] [DEBUG] - ==> Parameters: 10(Long)
[2026-09-19 09:06:56.176] [gas-forecast] [] [] [c.g.f.d.m.M.selectList] [http-nio-8080-exec-8] [DEBUG] - <==      Total: 10
[2026-09-19 09:06:56.667] [gas-forecast] [] [] [c.g.f.d.m.S.selectByUsername] [http-nio-8080-exec-10] [DEBUG] - ==>  Preparing: select distinct p.* from sys_permission_tb p where p.status = 1 and ( exists ( select 1 from sys_user_tb u join sys_user_role_ref ur on ur.user_id = u.id join sys_role_permission_ref rp on rp.role_id = ur.role_id where rp.permission_id = p.id and u.username = ? and u.deleted = 0 ) or exists ( select 1 from sys_user_tb u join sys_user_department_ref ud on ud.user_id = u.id join sys_department_permission_ref dp on dp.department_id = ud.department_id where dp.permission_id = p.id and u.username = ? and u.deleted = 0 ) ) order by p.sort_no, p.id
[2026-09-19 09:06:56.667] [gas-forecast] [] [] [c.g.f.d.m.S.selectByUsername] [http-nio-8080-exec-10] [DEBUG] - ==> Parameters: admin(String), admin(String)
[2026-09-19 09:06:56.667] [gas-forecast] [] [] [c.g.f.d.m.S.selectByUsername] [http-nio-8080-exec-5] [DEBUG] - ==>  Preparing: select distinct p.* from sys_permission_tb p where p.status = 1 and ( exists ( select 1 from sys_user_tb u join sys_user_role_ref ur on ur.user_id = u.id join sys_role_permission_ref rp on rp.role_id = ur.role_id where rp.permission_id = p.id and u.username = ? and u.deleted = 0 ) or exists ( select 1 from sys_user_tb u join sys_user_department_ref ud on ud.user_id = u.id join sys_department_permission_ref dp on dp.department_id = ud.department_id where dp.permission_id = p.id and u.username = ? and u.deleted = 0 ) ) order by p.sort_no, p.id
[2026-09-19 09:06:56.668] [gas-forecast] [] [] [c.g.f.d.m.S.selectByUsername] [http-nio-8080-exec-1] [DEBUG] - ==>  Preparing: select distinct p.* from sys_permission_tb p where p.status = 1 and ( exists ( select 1 from sys_user_tb u join sys_user_role_ref ur on ur.user_id = u.id join sys_role_permission_ref rp on rp.role_id = ur.role_id where rp.permission_id = p.id and u.username = ? and u.deleted = 0 ) or exists ( select 1 from sys_user_tb u join sys_user_department_ref ud on ud.user_id = u.id join sys_department_permission_ref dp on dp.department_id = ud.department_id where dp.permission_id = p.id and u.username = ? and u.deleted = 0 ) ) order by p.sort_no, p.id
[2026-09-19 09:06:56.668] [gas-forecast] [] [] [c.g.f.d.m.S.selectByUsername] [http-nio-8080-exec-5] [DEBUG] - ==> Parameters: admin(String), admin(String)
[2026-09-19 09:06:56.668] [gas-forecast] [] [] [c.g.f.d.m.S.selectByUsername] [http-nio-8080-exec-1] [DEBUG] - ==> Parameters: admin(String), admin(String)
[2026-09-19 09:06:56.671] [gas-forecast] [] [] [c.g.f.d.m.M.selectList_mpCount] [http-nio-8080-exec-9] [DEBUG] - ==>  Preparing: SELECT COUNT(*) AS total FROM model_config_tb
[2026-09-19 09:06:56.671] [gas-forecast] [] [] [c.g.f.d.m.M.selectList_mpCount] [http-nio-8080-exec-9] [DEBUG] - ==> Parameters: 
[2026-09-19 09:06:56.672] [gas-forecast] [] [] [c.g.f.d.m.S.selectByUsername] [http-nio-8080-exec-10] [DEBUG] - <==      Total: 64
[2026-09-19 09:06:56.672] [gas-forecast] [] [] [c.g.f.d.m.S.selectByUsername] [http-nio-8080-exec-5] [DEBUG] - <==      Total: 64
[2026-09-19 09:06:56.672] [gas-forecast] [] [] [c.g.f.d.m.S.selectByUsername] [http-nio-8080-exec-1] [DEBUG] - <==      Total: 64
[2026-09-19 09:06:56.672] [gas-forecast] [] [] [c.g.f.d.m.M.selectList_mpCount] [http-nio-8080-exec-9] [DEBUG] - <==      Total: 1
[2026-09-19 09:06:56.672] [gas-forecast] [] [] [c.g.f.d.m.M.selectList_mpCount] [http-nio-8080-exec-3] [DEBUG] - ==>  Preparing: SELECT COUNT(*) AS total FROM model_train_config_tb
[2026-09-19 09:06:56.672] [gas-forecast] [] [] [c.g.f.d.m.M.selectList] [http-nio-8080-exec-9] [DEBUG] - ==>  Preparing: SELECT id,model_code,model_name,model_version,agent_code,description,created_by,created_at,updated_at,created_by_name FROM model_config_tb ORDER BY updated_at DESC,id DESC LIMIT ?
[2026-09-19 09:06:56.672] [gas-forecast] [] [] [c.g.f.d.m.M.selectList_mpCount] [http-nio-8080-exec-3] [DEBUG] - ==> Parameters: 
[2026-09-19 09:06:56.672] [gas-forecast] [] [] [c.g.f.d.m.M.selectList] [http-nio-8080-exec-9] [DEBUG] - ==> Parameters: 1000(Long)
[2026-09-19 09:06:56.673] [gas-forecast] [] [] [c.g.f.d.m.M.selectList_mpCount] [http-nio-8080-exec-3] [DEBUG] - <==      Total: 1
[2026-09-19 09:06:56.673] [gas-forecast] [] [] [c.g.f.d.m.M.selectList] [http-nio-8080-exec-9] [DEBUG] - <==      Total: 2
[2026-09-19 09:06:56.673] [gas-forecast] [] [] [c.g.f.d.m.M.selectList] [http-nio-8080-exec-3] [DEBUG] - ==>  Preparing: SELECT id,train_code,train_name,agent_code,model_code,model_name,scope_type,region_code,region_name,industry_code,industry_name,customer_code,customer_name,train_start_date,train_end_date,train_mode,time_granularity,recent_periods,enabled,remark,created_by,created_by_name,created_at,updated_at FROM model_train_config_tb ORDER BY updated_at DESC,id DESC LIMIT ?
[2026-09-19 09:06:56.673] [gas-forecast] [] [] [c.g.f.d.m.M.selectList] [http-nio-8080-exec-3] [DEBUG] - ==> Parameters: 10(Long)
[2026-09-19 09:06:56.674] [gas-forecast] [] [] [c.g.f.d.m.M.selectList] [http-nio-8080-exec-9] [DEBUG] - ==>  Preparing: SELECT id,model_code,region_code,industry_code,customer_code,created_by,created_at,updated_at,created_by_name FROM model_config_scope_tb WHERE (model_code IN (?,?)) ORDER BY id DESC
[2026-09-19 09:06:56.674] [gas-forecast] [] [] [c.g.f.d.m.M.selectList] [http-nio-8080-exec-9] [DEBUG] - ==> Parameters: MODEL000002(String), MODEL000001(String)
[2026-09-19 09:06:56.674] [gas-forecast] [] [] [c.g.f.d.m.M.selectList] [http-nio-8080-exec-3] [DEBUG] - <==      Total: 1
[2026-09-19 09:06:56.675] [gas-forecast] [] [] [c.g.f.d.m.M.selectList] [http-nio-8080-exec-9] [DEBUG] - <==      Total: 8
[2026-09-19 09:06:56.675] [gas-forecast] [] [] [c.g.f.d.m.M.selectList] [http-nio-8080-exec-9] [DEBUG] - ==>  Preparing: SELECT id,model_id,feature_id,required_flag,feature_order,created_at,created_by FROM model_feature_ref WHERE (model_id IN (?,?)) ORDER BY feature_order ASC,id ASC
[2026-09-19 09:06:56.676] [gas-forecast] [] [] [c.g.f.d.m.M.selectList] [http-nio-8080-exec-9] [DEBUG] - ==> Parameters: 2(Long), 1(Long)
[2026-09-19 09:06:56.676] [gas-forecast] [] [] [c.g.f.d.m.B.selectList_mpCount] [http-nio-8080-exec-5] [DEBUG] - ==>  Preparing: SELECT COUNT(*) AS total FROM base_industry_tb
[2026-09-19 09:06:56.676] [gas-forecast] [] [] [c.g.f.d.m.B.selectList_mpCount] [http-nio-8080-exec-5] [DEBUG] - ==> Parameters: 
[2026-09-19 09:06:56.676] [gas-forecast] [] [] [c.g.f.d.m.M.selectList] [http-nio-8080-exec-9] [DEBUG] - <==      Total: 5
[2026-09-19 09:06:56.677] [gas-forecast] [] [] [c.g.f.d.m.B.selectList_mpCount] [http-nio-8080-exec-10] [DEBUG] - ==>  Preparing: SELECT COUNT(*) AS total FROM base_region_tb
[2026-09-19 09:06:56.677] [gas-forecast] [] [] [c.g.f.d.m.M.selectBatchIds] [http-nio-8080-exec-9] [DEBUG] - ==>  Preparing: SELECT id,feature_code,feature_name,feature_column,time_granularity,enabled,description,created_at,created_by,updated_by_name FROM model_feature_definition_tb WHERE id IN ( ? , ? , ? , ? , ? )
[2026-09-19 09:06:56.677] [gas-forecast] [] [] [c.g.f.d.m.B.selectList_mpCount] [http-nio-8080-exec-10] [DEBUG] - ==> Parameters: 
[2026-09-19 09:06:56.677] [gas-forecast] [] [] [c.g.f.d.m.M.selectBatchIds] [http-nio-8080-exec-9] [DEBUG] - ==> Parameters: 5(Long), 4(Long), 3(Long), 2(Long), 1(Long)
[2026-09-19 09:06:56.677] [gas-forecast] [] [] [c.g.f.d.m.B.selectList_mpCount] [http-nio-8080-exec-1] [DEBUG] - ==>  Preparing: SELECT COUNT(*) AS total FROM base_customer_tb
[2026-09-19 09:06:56.677] [gas-forecast] [] [] [c.g.f.d.m.B.selectList_mpCount] [http-nio-8080-exec-1] [DEBUG] - ==> Parameters: 
[2026-09-19 09:06:56.677] [gas-forecast] [] [] [c.g.f.d.m.M.selectBatchIds] [http-nio-8080-exec-9] [DEBUG] - <==      Total: 5
[2026-09-19 09:06:56.678] [gas-forecast] [] [] [c.g.f.d.m.B.selectList] [http-nio-8080-exec-9] [DEBUG] - ==>  Preparing: SELECT id,region_code,region_name,remark,created_by,created_at,updated_by,updated_at,updated_by_name,created_by_name FROM base_region_tb WHERE (region_code IN (?,?,?,?,?,?,?))
[2026-09-19 09:06:56.678] [gas-forecast] [] [] [c.g.f.d.m.B.selectList] [http-nio-8080-exec-9] [DEBUG] - ==> Parameters: REG000005(String), REG000006(String), REG000007(String), REG000008(String), REG000009(String), REG000010(String), REG000011(String)
[2026-09-19 09:06:56.679] [gas-forecast] [] [] [c.g.f.d.m.B.selectList_mpCount] [http-nio-8080-exec-10] [DEBUG] - <==      Total: 1
[2026-09-19 09:06:56.679] [gas-forecast] [] [] [c.g.f.d.m.B.selectList_mpCount] [http-nio-8080-exec-1] [DEBUG] - <==      Total: 1
[2026-09-19 09:06:56.679] [gas-forecast] [] [] [c.g.f.d.m.B.selectList] [http-nio-8080-exec-10] [DEBUG] - ==>  Preparing: SELECT id,region_code,region_name,remark,created_by,created_at,updated_by,updated_at,updated_by_name,created_by_name FROM base_region_tb ORDER BY updated_at DESC,id DESC LIMIT ?
[2026-09-19 09:06:56.679] [gas-forecast] [] [] [c.g.f.d.m.B.selectList] [http-nio-8080-exec-1] [DEBUG] - ==>  Preparing: SELECT id,customer_code,customer_name,industry_code,industry_name,region_code,region_name,created_at,updated_at,created_by,created_by_name,updated_by,updated_by_name,raw_region_name,raw_industry_name FROM base_customer_tb ORDER BY updated_at DESC,id DESC LIMIT ?
[2026-09-19 09:06:56.679] [gas-forecast] [] [] [c.g.f.d.m.B.selectList] [http-nio-8080-exec-1] [DEBUG] - ==> Parameters: 1000(Long)
[2026-09-19 09:06:56.679] [gas-forecast] [] [] [c.g.f.d.m.B.selectList] [http-nio-8080-exec-10] [DEBUG] - ==> Parameters: 1000(Long)
[2026-09-19 09:06:56.679] [gas-forecast] [] [] [c.g.f.d.m.B.selectList] [http-nio-8080-exec-9] [DEBUG] - <==      Total: 7
[2026-09-19 09:06:56.679] [gas-forecast] [] [] [c.g.f.d.m.B.selectList] [http-nio-8080-exec-9] [DEBUG] - ==>  Preparing: SELECT id,industry_code,industry_name,created_at,updated_at,created_by,created_by_name,updated_by,updated_by_name FROM base_industry_tb WHERE (industry_code IN (?))
[2026-09-19 09:06:56.679] [gas-forecast] [] [] [c.g.f.d.m.B.selectList] [http-nio-8080-exec-10] [DEBUG] - <==      Total: 8
[2026-09-19 09:06:56.679] [gas-forecast] [] [] [c.g.f.d.m.B.selectList] [http-nio-8080-exec-9] [DEBUG] - ==> Parameters: IND000003(String)
[2026-09-19 09:06:56.680] [gas-forecast] [] [] [c.g.f.d.m.B.selectList] [http-nio-8080-exec-1] [DEBUG] - <==      Total: 21
[2026-09-19 09:06:56.680] [gas-forecast] [] [] [c.g.f.d.m.B.selectList] [http-nio-8080-exec-9] [DEBUG] - <==      Total: 1
[2026-09-19 09:06:56.680] [gas-forecast] [] [] [c.g.f.d.m.B.selectList] [http-nio-8080-exec-9] [DEBUG] - ==>  Preparing: SELECT id,customer_code,customer_name,industry_code,industry_name,region_code,region_name,created_at,updated_at,created_by,created_by_name,updated_by,updated_by_name,raw_region_name,raw_industry_name FROM base_customer_tb WHERE (customer_code IN (?))
[2026-09-19 09:06:56.686] [gas-forecast] [] [] [c.g.f.d.m.B.selectList] [http-nio-8080-exec-9] [DEBUG] - ==> Parameters: CUS000021(String)
[2026-09-19 09:06:56.686] [gas-forecast] [] [] [c.g.f.d.m.B.selectList_mpCount] [http-nio-8080-exec-5] [DEBUG] - <==      Total: 1
[2026-09-19 09:06:56.686] [gas-forecast] [] [] [c.g.f.d.m.B.selectList] [http-nio-8080-exec-5] [DEBUG] - ==>  Preparing: SELECT id,industry_code,industry_name,created_at,updated_at,created_by,created_by_name,updated_by,updated_by_name FROM base_industry_tb ORDER BY updated_at DESC,id DESC LIMIT ?
[2026-09-19 09:06:56.686] [gas-forecast] [] [] [c.g.f.d.m.B.selectList] [http-nio-8080-exec-5] [DEBUG] - ==> Parameters: 1000(Long)
[2026-09-19 09:06:56.686] [gas-forecast] [] [] [c.g.f.d.m.B.selectList] [http-nio-8080-exec-9] [DEBUG] - <==      Total: 1
[2026-09-19 09:06:56.687] [gas-forecast] [] [] [c.g.f.d.m.B.selectList] [http-nio-8080-exec-5] [DEBUG] - <==      Total: 4
[2026-09-19 09:06:57.518] [gas-forecast] [] [] [c.g.f.d.m.M.selectList_mpCount] [http-nio-8080-exec-2] [DEBUG] - ==>  Preparing: SELECT COUNT(*) AS total FROM model_feature_definition_tb
[2026-09-19 09:06:57.518] [gas-forecast] [] [] [c.g.f.d.m.M.selectList_mpCount] [http-nio-8080-exec-2] [DEBUG] - ==> Parameters: 
[2026-09-19 09:06:57.519] [gas-forecast] [] [] [c.g.f.d.m.M.selectList_mpCount] [http-nio-8080-exec-2] [DEBUG] - <==      Total: 1
[2026-09-19 09:06:57.520] [gas-forecast] [] [] [c.g.f.d.m.M.selectList] [http-nio-8080-exec-2] [DEBUG] - ==>  Preparing: SELECT id,feature_code,feature_name,feature_column,time_granularity,enabled,description,created_at,created_by,updated_by_name FROM model_feature_definition_tb ORDER BY created_at DESC,id DESC LIMIT ?
[2026-09-19 09:06:57.520] [gas-forecast] [] [] [c.g.f.d.m.M.selectList] [http-nio-8080-exec-2] [DEBUG] - ==> Parameters: 10(Long)
[2026-09-19 09:06:57.520] [gas-forecast] [] [] [c.g.f.d.m.M.selectList] [http-nio-8080-exec-2] [DEBUG] - <==      Total: 10
[2026-09-19 09:06:58.014] [gas-forecast] [] [] [c.g.f.d.m.M.selectList_mpCount] [http-nio-8080-exec-4] [DEBUG] - ==>  Preparing: SELECT COUNT(*) AS total FROM model_train_feature_data_tb
[2026-09-19 09:06:58.014] [gas-forecast] [] [] [c.g.f.d.m.M.selectList_mpCount] [http-nio-8080-exec-4] [DEBUG] - ==> Parameters: 
[2026-09-19 09:06:58.016] [gas-forecast] [] [] [c.g.f.d.m.M.selectList_mpCount] [http-nio-8080-exec-4] [DEBUG] - <==      Total: 1
[2026-09-19 09:06:58.017] [gas-forecast] [] [] [c.g.f.d.m.M.selectList] [http-nio-8080-exec-4] [DEBUG] - ==>  Preparing: SELECT id,stat_date,time_granularity,region_code,region_name,customer_code,customer_name,industry_code,industry_name,gas_sales,feature_001,feature_002,feature_003,feature_004,feature_005,feature_006,feature_007,feature_008,feature_009,feature_010,feature_011,feature_012,feature_013,feature_014,feature_015,feature_016,feature_017,feature_018,feature_019,feature_020,feature_021,feature_022,feature_023,feature_024,feature_025,feature_026,feature_027,feature_028,feature_029,feature_030,feature_031,feature_032,feature_033,feature_034,feature_035,feature_036,feature_037,feature_038,feature_039,feature_040,feature_041,feature_042,feature_043,feature_044,feature_045,feature_046,feature_047,feature_048,feature_049,feature_050,feature_051,feature_052,feature_053,feature_054,feature_055,feature_056,feature_057,feature_058,feature_059,feature_060,feature_061,feature_062,feature_063,feature_064,feature_065,feature_066,feature_067,feature_068,feature_069,feature_070,feature_071,feature_072,feature_073,feature_074,feature_075,feature_076,feature_077,feature_078,feature_079,feature_080,feature_081,feature_082,feature_083,feature_084,feature_085,feature_086,feature_087,feature_088,feature_089,feature_090,feature_091,feature_092,feature_093,feature_094,feature_095,feature_096,feature_097,feature_098,feature_099,feature_100,feature_101,feature_102,feature_103,feature_104,feature_105,feature_106,feature_107,feature_108,feature_109,feature_110,feature_111,feature_112,feature_113,feature_114,feature_115,feature_116,feature_117,feature_118,feature_119,feature_120,feature_121,feature_122,feature_123,feature_124,feature_125,feature_126,feature_127,feature_128,feature_129,feature_130,feature_131,feature_132,feature_133,feature_134,feature_135,feature_136,feature_137,feature_138,feature_139,feature_140,feature_141,feature_142,feature_143,feature_144,feature_145,feature_146,feature_147,feature_148,feature_149,feature_150,feature_151,feature_152,feature_153,feature_154,feature_155,feature_156,feature_157,feature_158,feature_159,feature_160,feature_161,feature_162,feature_163,feature_164,feature_165,feature_166,feature_167,feature_168,feature_169,feature_170,feature_171,feature_172,feature_173,feature_174,feature_175,feature_176,feature_177,feature_178,feature_179,feature_180,feature_181,feature_182,feature_183,feature_184,feature_185,feature_186,feature_187,feature_188,feature_189,feature_190,feature_191,feature_192,feature_193,feature_194,feature_195,feature_196,feature_197,feature_198,feature_199,feature_200,create_time,update_time FROM model_train_feature_data_tb ORDER BY stat_date DESC,id DESC LIMIT ?
[2026-09-19 09:06:58.017] [gas-forecast] [] [] [c.g.f.d.m.M.selectList] [http-nio-8080-exec-4] [DEBUG] - ==> Parameters: 10(Long)
[2026-09-19 09:06:58.021] [gas-forecast] [] [] [c.g.f.d.m.M.selectList] [http-nio-8080-exec-4] [DEBUG] - <==      Total: 10
[2026-09-19 09:06:58.022] [gas-forecast] [] [] [c.g.f.d.m.M.selectList] [http-nio-8080-exec-4] [DEBUG] - ==>  Preparing: SELECT feature_column,feature_code FROM model_feature_definition_tb WHERE (enabled = ?)
[2026-09-19 09:06:58.022] [gas-forecast] [] [] [c.g.f.d.m.M.selectList] [http-nio-8080-exec-4] [DEBUG] - ==> Parameters: 1(Integer)
[2026-09-19 09:06:58.023] [gas-forecast] [] [] [c.g.f.d.m.M.selectList] [http-nio-8080-exec-4] [DEBUG] - <==      Total: 25
[2026-09-19 09:09:07.210] [gas-forecast] [] [] [c.g.f.d.m.M.selectList_mpCount] [http-nio-8080-exec-7] [DEBUG] - ==>  Preparing: SELECT COUNT(*) AS total FROM model_feature_definition_tb
[2026-09-19 09:09:07.210] [gas-forecast] [] [] [c.g.f.d.m.M.selectList_mpCount] [http-nio-8080-exec-7] [DEBUG] - ==> Parameters: 
[2026-09-19 09:09:07.214] [gas-forecast] [] [] [c.g.f.d.m.M.selectList_mpCount] [http-nio-8080-exec-7] [DEBUG] - <==      Total: 1
[2026-09-19 09:09:07.215] [gas-forecast] [] [] [c.g.f.d.m.M.selectList] [http-nio-8080-exec-7] [DEBUG] - ==>  Preparing: SELECT id,feature_code,feature_name,feature_column,time_granularity,enabled,description,created_at,created_by,updated_by_name FROM model_feature_definition_tb ORDER BY created_at DESC,id DESC LIMIT ?
[2026-09-19 09:09:07.215] [gas-forecast] [] [] [c.g.f.d.m.M.selectList] [http-nio-8080-exec-7] [DEBUG] - ==> Parameters: 10(Long)
[2026-09-19 09:09:07.217] [gas-forecast] [] [] [c.g.f.d.m.M.selectList] [http-nio-8080-exec-7] [DEBUG] - <==      Total: 10
[2026-09-19 09:09:09.151] [gas-forecast] [] [] [c.g.f.d.m.M.selectList_mpCount] [http-nio-8080-exec-6] [DEBUG] - ==>  Preparing: SELECT COUNT(*) AS total FROM model_train_feature_data_tb
[2026-09-19 09:09:09.151] [gas-forecast] [] [] [c.g.f.d.m.M.selectList_mpCount] [http-nio-8080-exec-6] [DEBUG] - ==> Parameters: 
[2026-09-19 09:09:09.154] [gas-forecast] [] [] [c.g.f.d.m.M.selectList_mpCount] [http-nio-8080-exec-6] [DEBUG] - <==      Total: 1
[2026-09-19 09:09:09.154] [gas-forecast] [] [] [c.g.f.d.m.M.selectList] [http-nio-8080-exec-6] [DEBUG] - ==>  Preparing: SELECT id,stat_date,time_granularity,region_code,region_name,customer_code,customer_name,industry_code,industry_name,gas_sales,feature_001,feature_002,feature_003,feature_004,feature_005,feature_006,feature_007,feature_008,feature_009,feature_010,feature_011,feature_012,feature_013,feature_014,feature_015,feature_016,feature_017,feature_018,feature_019,feature_020,feature_021,feature_022,feature_023,feature_024,feature_025,feature_026,feature_027,feature_028,feature_029,feature_030,feature_031,feature_032,feature_033,feature_034,feature_035,feature_036,feature_037,feature_038,feature_039,feature_040,feature_041,feature_042,feature_043,feature_044,feature_045,feature_046,feature_047,feature_048,feature_049,feature_050,feature_051,feature_052,feature_053,feature_054,feature_055,feature_056,feature_057,feature_058,feature_059,feature_060,feature_061,feature_062,feature_063,feature_064,feature_065,feature_066,feature_067,feature_068,feature_069,feature_070,feature_071,feature_072,feature_073,feature_074,feature_075,feature_076,feature_077,feature_078,feature_079,feature_080,feature_081,feature_082,feature_083,feature_084,feature_085,feature_086,feature_087,feature_088,feature_089,feature_090,feature_091,feature_092,feature_093,feature_094,feature_095,feature_096,feature_097,feature_098,feature_099,feature_100,feature_101,feature_102,feature_103,feature_104,feature_105,feature_106,feature_107,feature_108,feature_109,feature_110,feature_111,feature_112,feature_113,feature_114,feature_115,feature_116,feature_117,feature_118,feature_119,feature_120,feature_121,feature_122,feature_123,feature_124,feature_125,feature_126,feature_127,feature_128,feature_129,feature_130,feature_131,feature_132,feature_133,feature_134,feature_135,feature_136,feature_137,feature_138,feature_139,feature_140,feature_141,feature_142,feature_143,feature_144,feature_145,feature_146,feature_147,feature_148,feature_149,feature_150,feature_151,feature_152,feature_153,feature_154,feature_155,feature_156,feature_157,feature_158,feature_159,feature_160,feature_161,feature_162,feature_163,feature_164,feature_165,feature_166,feature_167,feature_168,feature_169,feature_170,feature_171,feature_172,feature_173,feature_174,feature_175,feature_176,feature_177,feature_178,feature_179,feature_180,feature_181,feature_182,feature_183,feature_184,feature_185,feature_186,feature_187,feature_188,feature_189,feature_190,feature_191,feature_192,feature_193,feature_194,feature_195,feature_196,feature_197,feature_198,feature_199,feature_200,create_time,update_time FROM model_train_feature_data_tb ORDER BY stat_date DESC,id DESC LIMIT ?
[2026-09-19 09:09:09.155] [gas-forecast] [] [] [c.g.f.d.m.M.selectList] [http-nio-8080-exec-6] [DEBUG] - ==> Parameters: 10(Long)
[2026-09-19 09:09:09.159] [gas-forecast] [] [] [c.g.f.d.m.M.selectList] [http-nio-8080-exec-6] [DEBUG] - <==      Total: 10
[2026-09-19 09:09:09.159] [gas-forecast] [] [] [c.g.f.d.m.M.selectList] [http-nio-8080-exec-6] [DEBUG] - ==>  Preparing: SELECT feature_column,feature_code FROM model_feature_definition_tb WHERE (enabled = ?)
[2026-09-19 09:09:09.159] [gas-forecast] [] [] [c.g.f.d.m.M.selectList] [http-nio-8080-exec-6] [DEBUG] - ==> Parameters: 1(Integer)
[2026-09-19 09:09:09.160] [gas-forecast] [] [] [c.g.f.d.m.M.selectList] [http-nio-8080-exec-6] [DEBUG] - <==      Total: 25
[2026-09-19 09:09:10.160] [gas-forecast] [] [] [c.g.f.d.m.M.selectList_mpCount] [http-nio-8080-exec-8] [DEBUG] - ==>  Preparing: SELECT COUNT(*) AS total FROM model_config_tb
[2026-09-19 09:09:10.160] [gas-forecast] [] [] [c.g.f.d.m.M.selectList_mpCount] [http-nio-8080-exec-8] [DEBUG] - ==> Parameters: 
[2026-09-19 09:09:10.162] [gas-forecast] [] [] [c.g.f.d.m.M.selectList_mpCount] [http-nio-8080-exec-8] [DEBUG] - <==      Total: 1
[2026-09-19 09:09:10.162] [gas-forecast] [] [] [c.g.f.d.m.M.selectList] [http-nio-8080-exec-8] [DEBUG] - ==>  Preparing: SELECT id,model_code,model_name,model_version,agent_code,description,created_by,created_at,updated_at,created_by_name FROM model_config_tb ORDER BY updated_at DESC,id DESC LIMIT ?
[2026-09-19 09:09:10.162] [gas-forecast] [] [] [c.g.f.d.m.M.selectList] [http-nio-8080-exec-8] [DEBUG] - ==> Parameters: 10(Long)
[2026-09-19 09:09:10.162] [gas-forecast] [] [] [c.g.f.d.m.M.selectList] [http-nio-8080-exec-8] [DEBUG] - <==      Total: 2
[2026-09-19 09:09:10.163] [gas-forecast] [] [] [c.g.f.d.m.M.selectList] [http-nio-8080-exec-8] [DEBUG] - ==>  Preparing: SELECT id,model_code,region_code,industry_code,customer_code,created_by,created_at,updated_at,created_by_name FROM model_config_scope_tb WHERE (model_code IN (?,?)) ORDER BY id DESC
[2026-09-19 09:09:10.163] [gas-forecast] [] [] [c.g.f.d.m.M.selectList] [http-nio-8080-exec-8] [DEBUG] - ==> Parameters: MODEL000002(String), MODEL000001(String)
[2026-09-19 09:09:10.164] [gas-forecast] [] [] [c.g.f.d.m.M.selectList] [http-nio-8080-exec-8] [DEBUG] - <==      Total: 8
[2026-09-19 09:09:10.164] [gas-forecast] [] [] [c.g.f.d.m.M.selectList] [http-nio-8080-exec-8] [DEBUG] - ==>  Preparing: SELECT id,model_id,feature_id,required_flag,feature_order,created_at,created_by FROM model_feature_ref WHERE (model_id IN (?,?)) ORDER BY feature_order ASC,id ASC
[2026-09-19 09:09:10.164] [gas-forecast] [] [] [c.g.f.d.m.M.selectList] [http-nio-8080-exec-8] [DEBUG] - ==> Parameters: 2(Long), 1(Long)
[2026-09-19 09:09:10.165] [gas-forecast] [] [] [c.g.f.d.m.M.selectList] [http-nio-8080-exec-8] [DEBUG] - <==      Total: 5
[2026-09-19 09:09:10.165] [gas-forecast] [] [] [c.g.f.d.m.M.selectBatchIds] [http-nio-8080-exec-8] [DEBUG] - ==>  Preparing: SELECT id,feature_code,feature_name,feature_column,time_granularity,enabled,description,created_at,created_by,updated_by_name FROM model_feature_definition_tb WHERE id IN ( ? , ? , ? , ? , ? )
[2026-09-19 09:09:10.165] [gas-forecast] [] [] [c.g.f.d.m.M.selectBatchIds] [http-nio-8080-exec-8] [DEBUG] - ==> Parameters: 5(Long), 4(Long), 3(Long), 2(Long), 1(Long)
[2026-09-19 09:09:10.165] [gas-forecast] [] [] [c.g.f.d.m.M.selectBatchIds] [http-nio-8080-exec-8] [DEBUG] - <==      Total: 5
[2026-09-19 09:09:10.166] [gas-forecast] [] [] [c.g.f.d.m.B.selectList] [http-nio-8080-exec-8] [DEBUG] - ==>  Preparing: SELECT id,region_code,region_name,remark,created_by,created_at,updated_by,updated_at,updated_by_name,created_by_name FROM base_region_tb WHERE (region_code IN (?,?,?,?,?,?,?))
[2026-09-19 09:09:10.166] [gas-forecast] [] [] [c.g.f.d.m.B.selectList] [http-nio-8080-exec-8] [DEBUG] - ==> Parameters: REG000005(String), REG000006(String), REG000007(String), REG000008(String), REG000009(String), REG000010(String), REG000011(String)
[2026-09-19 09:09:10.167] [gas-forecast] [] [] [c.g.f.d.m.B.selectList] [http-nio-8080-exec-8] [DEBUG] - <==      Total: 7
[2026-09-19 09:09:10.167] [gas-forecast] [] [] [c.g.f.d.m.B.selectList] [http-nio-8080-exec-8] [DEBUG] - ==>  Preparing: SELECT id,industry_code,industry_name,created_at,updated_at,created_by,created_by_name,updated_by,updated_by_name FROM base_industry_tb WHERE (industry_code IN (?))
[2026-09-19 09:09:10.167] [gas-forecast] [] [] [c.g.f.d.m.B.selectList] [http-nio-8080-exec-8] [DEBUG] - ==> Parameters: IND000003(String)
[2026-09-19 09:09:10.167] [gas-forecast] [] [] [c.g.f.d.m.B.selectList] [http-nio-8080-exec-8] [DEBUG] - <==      Total: 1
[2026-09-19 09:09:10.167] [gas-forecast] [] [] [c.g.f.d.m.B.selectList] [http-nio-8080-exec-8] [DEBUG] - ==>  Preparing: SELECT id,customer_code,customer_name,industry_code,industry_name,region_code,region_name,created_at,updated_at,created_by,created_by_name,updated_by,updated_by_name,raw_region_name,raw_industry_name FROM base_customer_tb WHERE (customer_code IN (?))
[2026-09-19 09:09:10.167] [gas-forecast] [] [] [c.g.f.d.m.B.selectList] [http-nio-8080-exec-8] [DEBUG] - ==> Parameters: CUS000021(String)
[2026-09-19 09:09:10.168] [gas-forecast] [] [] [c.g.f.d.m.B.selectList] [http-nio-8080-exec-8] [DEBUG] - <==      Total: 1
[2026-09-19 09:09:14.925] [gas-forecast] [] [] [c.g.f.d.m.M.selectList_mpCount] [http-nio-8080-exec-3] [DEBUG] - ==>  Preparing: SELECT COUNT(*) AS total FROM model_feature_definition_tb
[2026-09-19 09:09:14.925] [gas-forecast] [] [] [c.g.f.d.m.M.selectList_mpCount] [http-nio-8080-exec-3] [DEBUG] - ==> Parameters: 
[2026-09-19 09:09:14.926] [gas-forecast] [] [] [c.g.f.d.m.M.selectList_mpCount] [http-nio-8080-exec-3] [DEBUG] - <==      Total: 1
[2026-09-19 09:09:14.926] [gas-forecast] [] [] [c.g.f.d.m.M.selectList] [http-nio-8080-exec-3] [DEBUG] - ==>  Preparing: SELECT id,feature_code,feature_name,feature_column,time_granularity,enabled,description,created_at,created_by,updated_by_name FROM model_feature_definition_tb ORDER BY created_at DESC,id DESC LIMIT ?
[2026-09-19 09:09:14.926] [gas-forecast] [] [] [c.g.f.d.m.M.selectList] [http-nio-8080-exec-3] [DEBUG] - ==> Parameters: 10(Long)
[2026-09-19 09:09:14.927] [gas-forecast] [] [] [c.g.f.d.m.M.selectList] [http-nio-8080-exec-3] [DEBUG] - <==      Total: 10
[2026-09-19 09:09:18.261] [gas-forecast] [] [] [c.g.f.d.m.M.selectList_mpCount] [http-nio-8080-exec-10] [DEBUG] - ==>  Preparing: SELECT COUNT(*) AS total FROM model_train_feature_data_tb
[2026-09-19 09:09:18.262] [gas-forecast] [] [] [c.g.f.d.m.M.selectList_mpCount] [http-nio-8080-exec-10] [DEBUG] - ==> Parameters: 
[2026-09-19 09:09:18.264] [gas-forecast] [] [] [c.g.f.d.m.M.selectList_mpCount] [http-nio-8080-exec-10] [DEBUG] - <==      Total: 1
[2026-09-19 09:09:18.264] [gas-forecast] [] [] [c.g.f.d.m.M.selectList] [http-nio-8080-exec-10] [DEBUG] - ==>  Preparing: SELECT id,stat_date,time_granularity,region_code,region_name,customer_code,customer_name,industry_code,industry_name,gas_sales,feature_001,feature_002,feature_003,feature_004,feature_005,feature_006,feature_007,feature_008,feature_009,feature_010,feature_011,feature_012,feature_013,feature_014,feature_015,feature_016,feature_017,feature_018,feature_019,feature_020,feature_021,feature_022,feature_023,feature_024,feature_025,feature_026,feature_027,feature_028,feature_029,feature_030,feature_031,feature_032,feature_033,feature_034,feature_035,feature_036,feature_037,feature_038,feature_039,feature_040,feature_041,feature_042,feature_043,feature_044,feature_045,feature_046,feature_047,feature_048,feature_049,feature_050,feature_051,feature_052,feature_053,feature_054,feature_055,feature_056,feature_057,feature_058,feature_059,feature_060,feature_061,feature_062,feature_063,feature_064,feature_065,feature_066,feature_067,feature_068,feature_069,feature_070,feature_071,feature_072,feature_073,feature_074,feature_075,feature_076,feature_077,feature_078,feature_079,feature_080,feature_081,feature_082,feature_083,feature_084,feature_085,feature_086,feature_087,feature_088,feature_089,feature_090,feature_091,feature_092,feature_093,feature_094,feature_095,feature_096,feature_097,feature_098,feature_099,feature_100,feature_101,feature_102,feature_103,feature_104,feature_105,feature_106,feature_107,feature_108,feature_109,feature_110,feature_111,feature_112,feature_113,feature_114,feature_115,feature_116,feature_117,feature_118,feature_119,feature_120,feature_121,feature_122,feature_123,feature_124,feature_125,feature_126,feature_127,feature_128,feature_129,feature_130,feature_131,feature_132,feature_133,feature_134,feature_135,feature_136,feature_137,feature_138,feature_139,feature_140,feature_141,feature_142,feature_143,feature_144,feature_145,feature_146,feature_147,feature_148,feature_149,feature_150,feature_151,feature_152,feature_153,feature_154,feature_155,feature_156,feature_157,feature_158,feature_159,feature_160,feature_161,feature_162,feature_163,feature_164,feature_165,feature_166,feature_167,feature_168,feature_169,feature_170,feature_171,feature_172,feature_173,feature_174,feature_175,feature_176,feature_177,feature_178,feature_179,feature_180,feature_181,feature_182,feature_183,feature_184,feature_185,feature_186,feature_187,feature_188,feature_189,feature_190,feature_191,feature_192,feature_193,feature_194,feature_195,feature_196,feature_197,feature_198,feature_199,feature_200,create_time,update_time FROM model_train_feature_data_tb ORDER BY stat_date DESC,id DESC LIMIT ?
[2026-09-19 09:09:18.264] [gas-forecast] [] [] [c.g.f.d.m.M.selectList] [http-nio-8080-exec-10] [DEBUG] - ==> Parameters: 10(Long)
[2026-09-19 09:09:18.269] [gas-forecast] [] [] [c.g.f.d.m.M.selectList] [http-nio-8080-exec-10] [DEBUG] - <==      Total: 10
[2026-09-19 09:09:18.269] [gas-forecast] [] [] [c.g.f.d.m.M.selectList] [http-nio-8080-exec-10] [DEBUG] - ==>  Preparing: SELECT feature_column,feature_code FROM model_feature_definition_tb WHERE (enabled = ?)
[2026-09-19 09:09:18.269] [gas-forecast] [] [] [c.g.f.d.m.M.selectList] [http-nio-8080-exec-10] [DEBUG] - ==> Parameters: 1(Integer)
[2026-09-19 09:09:18.270] [gas-forecast] [] [] [c.g.f.d.m.M.selectList] [http-nio-8080-exec-10] [DEBUG] - <==      Total: 25
[2026-09-19 09:09:19.632] [gas-forecast] [] [] [c.g.f.d.m.M.selectList_mpCount] [http-nio-8080-exec-1] [DEBUG] - ==>  Preparing: SELECT COUNT(*) AS total FROM model_config_tb
[2026-09-19 09:09:19.632] [gas-forecast] [] [] [c.g.f.d.m.M.selectList_mpCount] [http-nio-8080-exec-1] [DEBUG] - ==> Parameters: 
[2026-09-19 09:09:19.632] [gas-forecast] [] [] [c.g.f.d.m.M.selectList_mpCount] [http-nio-8080-exec-4] [DEBUG] - ==>  Preparing: SELECT COUNT(*) AS total FROM model_train_config_tb
[2026-09-19 09:09:19.632] [gas-forecast] [] [] [c.g.f.d.m.M.selectList_mpCount] [http-nio-8080-exec-4] [DEBUG] - ==> Parameters: 
[2026-09-19 09:09:19.633] [gas-forecast] [] [] [c.g.f.d.m.M.selectList_mpCount] [http-nio-8080-exec-1] [DEBUG] - <==      Total: 1
[2026-09-19 09:09:19.633] [gas-forecast] [] [] [c.g.f.d.m.M.selectList_mpCount] [http-nio-8080-exec-4] [DEBUG] - <==      Total: 1
[2026-09-19 09:09:19.633] [gas-forecast] [] [] [c.g.f.d.m.M.selectList] [http-nio-8080-exec-1] [DEBUG] - ==>  Preparing: SELECT id,model_code,model_name,model_version,agent_code,description,created_by,created_at,updated_at,created_by_name FROM model_config_tb ORDER BY updated_at DESC,id DESC LIMIT ?
[2026-09-19 09:09:19.633] [gas-forecast] [] [] [c.g.f.d.m.M.selectList] [http-nio-8080-exec-4] [DEBUG] - ==>  Preparing: SELECT id,train_code,train_name,agent_code,model_code,model_name,scope_type,region_code,region_name,industry_code,industry_name,customer_code,customer_name,train_start_date,train_end_date,train_mode,time_granularity,recent_periods,enabled,remark,created_by,created_by_name,created_at,updated_at FROM model_train_config_tb ORDER BY updated_at DESC,id DESC LIMIT ?
[2026-09-19 09:09:19.633] [gas-forecast] [] [] [c.g.f.d.m.M.selectList] [http-nio-8080-exec-1] [DEBUG] - ==> Parameters: 1000(Long)
[2026-09-19 09:09:19.633] [gas-forecast] [] [] [c.g.f.d.m.M.selectList] [http-nio-8080-exec-4] [DEBUG] - ==> Parameters: 10(Long)
[2026-09-19 09:09:19.633] [gas-forecast] [] [] [c.g.f.d.m.S.selectByUsername] [http-nio-8080-exec-2] [DEBUG] - ==>  Preparing: select distinct p.* from sys_permission_tb p where p.status = 1 and ( exists ( select 1 from sys_user_tb u join sys_user_role_ref ur on ur.user_id = u.id join sys_role_permission_ref rp on rp.role_id = ur.role_id where rp.permission_id = p.id and u.username = ? and u.deleted = 0 ) or exists ( select 1 from sys_user_tb u join sys_user_department_ref ud on ud.user_id = u.id join sys_department_permission_ref dp on dp.department_id = ud.department_id where dp.permission_id = p.id and u.username = ? and u.deleted = 0 ) ) order by p.sort_no, p.id
[2026-09-19 09:09:19.633] [gas-forecast] [] [] [c.g.f.d.m.S.selectByUsername] [http-nio-8080-exec-5] [DEBUG] - ==>  Preparing: select distinct p.* from sys_permission_tb p where p.status = 1 and ( exists ( select 1 from sys_user_tb u join sys_user_role_ref ur on ur.user_id = u.id join sys_role_permission_ref rp on rp.role_id = ur.role_id where rp.permission_id = p.id and u.username = ? and u.deleted = 0 ) or exists ( select 1 from sys_user_tb u join sys_user_department_ref ud on ud.user_id = u.id join sys_department_permission_ref dp on dp.department_id = ud.department_id where dp.permission_id = p.id and u.username = ? and u.deleted = 0 ) ) order by p.sort_no, p.id
[2026-09-19 09:09:19.633] [gas-forecast] [] [] [c.g.f.d.m.S.selectByUsername] [http-nio-8080-exec-9] [DEBUG] - ==>  Preparing: select distinct p.* from sys_permission_tb p where p.status = 1 and ( exists ( select 1 from sys_user_tb u join sys_user_role_ref ur on ur.user_id = u.id join sys_role_permission_ref rp on rp.role_id = ur.role_id where rp.permission_id = p.id and u.username = ? and u.deleted = 0 ) or exists ( select 1 from sys_user_tb u join sys_user_department_ref ud on ud.user_id = u.id join sys_department_permission_ref dp on dp.department_id = ud.department_id where dp.permission_id = p.id and u.username = ? and u.deleted = 0 ) ) order by p.sort_no, p.id
[2026-09-19 09:09:19.633] [gas-forecast] [] [] [c.g.f.d.m.S.selectByUsername] [http-nio-8080-exec-2] [DEBUG] - ==> Parameters: admin(String), admin(String)
[2026-09-19 09:09:19.633] [gas-forecast] [] [] [c.g.f.d.m.S.selectByUsername] [http-nio-8080-exec-5] [DEBUG] - ==> Parameters: admin(String), admin(String)
[2026-09-19 09:09:19.633] [gas-forecast] [] [] [c.g.f.d.m.S.selectByUsername] [http-nio-8080-exec-9] [DEBUG] - ==> Parameters: admin(String), admin(String)
[2026-09-19 09:09:19.633] [gas-forecast] [] [] [c.g.f.d.m.M.selectList] [http-nio-8080-exec-1] [DEBUG] - <==      Total: 2
[2026-09-19 09:09:19.633] [gas-forecast] [] [] [c.g.f.d.m.M.selectList] [http-nio-8080-exec-4] [DEBUG] - <==      Total: 1
[2026-09-19 09:09:19.634] [gas-forecast] [] [] [c.g.f.d.m.M.selectList] [http-nio-8080-exec-1] [DEBUG] - ==>  Preparing: SELECT id,model_code,region_code,industry_code,customer_code,created_by,created_at,updated_at,created_by_name FROM model_config_scope_tb WHERE (model_code IN (?,?)) ORDER BY id DESC
[2026-09-19 09:09:19.634] [gas-forecast] [] [] [c.g.f.d.m.M.selectList] [http-nio-8080-exec-1] [DEBUG] - ==> Parameters: MODEL000002(String), MODEL000001(String)
[2026-09-19 09:09:19.634] [gas-forecast] [] [] [c.g.f.d.m.M.selectList] [http-nio-8080-exec-1] [DEBUG] - <==      Total: 8
[2026-09-19 09:09:19.635] [gas-forecast] [] [] [c.g.f.d.m.M.selectList] [http-nio-8080-exec-1] [DEBUG] - ==>  Preparing: SELECT id,model_id,feature_id,required_flag,feature_order,created_at,created_by FROM model_feature_ref WHERE (model_id IN (?,?)) ORDER BY feature_order ASC,id ASC
[2026-09-19 09:09:19.635] [gas-forecast] [] [] [c.g.f.d.m.M.selectList] [http-nio-8080-exec-1] [DEBUG] - ==> Parameters: 2(Long), 1(Long)
[2026-09-19 09:09:19.635] [gas-forecast] [] [] [c.g.f.d.m.S.selectByUsername] [http-nio-8080-exec-5] [DEBUG] - <==      Total: 64
[2026-09-19 09:09:19.637] [gas-forecast] [] [] [c.g.f.d.m.B.selectList_mpCount] [http-nio-8080-exec-5] [DEBUG] - ==>  Preparing: SELECT COUNT(*) AS total FROM base_region_tb
[2026-09-19 09:09:19.637] [gas-forecast] [] [] [c.g.f.d.m.B.selectList_mpCount] [http-nio-8080-exec-5] [DEBUG] - ==> Parameters: 
[2026-09-19 09:09:19.638] [gas-forecast] [] [] [c.g.f.d.m.M.selectList] [http-nio-8080-exec-1] [DEBUG] - <==      Total: 5
[2026-09-19 09:09:19.638] [gas-forecast] [] [] [c.g.f.d.m.M.selectBatchIds] [http-nio-8080-exec-1] [DEBUG] - ==>  Preparing: SELECT id,feature_code,feature_name,feature_column,time_granularity,enabled,description,created_at,created_by,updated_by_name FROM model_feature_definition_tb WHERE id IN ( ? , ? , ? , ? , ? )
[2026-09-19 09:09:19.638] [gas-forecast] [] [] [c.g.f.d.m.M.selectBatchIds] [http-nio-8080-exec-1] [DEBUG] - ==> Parameters: 5(Long), 4(Long), 3(Long), 2(Long), 1(Long)
[2026-09-19 09:09:19.638] [gas-forecast] [] [] [c.g.f.d.m.S.selectByUsername] [http-nio-8080-exec-9] [DEBUG] - <==      Total: 64
[2026-09-19 09:09:19.638] [gas-forecast] [] [] [c.g.f.d.m.S.selectByUsername] [http-nio-8080-exec-2] [DEBUG] - <==      Total: 64
[2026-09-19 09:09:19.639] [gas-forecast] [] [] [c.g.f.d.m.M.selectBatchIds] [http-nio-8080-exec-1] [DEBUG] - <==      Total: 5
[2026-09-19 09:09:19.639] [gas-forecast] [] [] [c.g.f.d.m.B.selectList] [http-nio-8080-exec-1] [DEBUG] - ==>  Preparing: SELECT id,region_code,region_name,remark,created_by,created_at,updated_by,updated_at,updated_by_name,created_by_name FROM base_region_tb WHERE (region_code IN (?,?,?,?,?,?,?))
[2026-09-19 09:09:19.639] [gas-forecast] [] [] [c.g.f.d.m.B.selectList] [http-nio-8080-exec-1] [DEBUG] - ==> Parameters: REG000005(String), REG000006(String), REG000007(String), REG000008(String), REG000009(String), REG000010(String), REG000011(String)
[2026-09-19 09:09:19.640] [gas-forecast] [] [] [c.g.f.d.m.B.selectList] [http-nio-8080-exec-1] [DEBUG] - <==      Total: 7
[2026-09-19 09:09:19.640] [gas-forecast] [] [] [c.g.f.d.m.B.selectList] [http-nio-8080-exec-1] [DEBUG] - ==>  Preparing: SELECT id,industry_code,industry_name,created_at,updated_at,created_by,created_by_name,updated_by,updated_by_name FROM base_industry_tb WHERE (industry_code IN (?))
[2026-09-19 09:09:19.640] [gas-forecast] [] [] [c.g.f.d.m.B.selectList] [http-nio-8080-exec-1] [DEBUG] - ==> Parameters: IND000003(String)
[2026-09-19 09:09:19.640] [gas-forecast] [] [] [c.g.f.d.m.B.selectList_mpCount] [http-nio-8080-exec-9] [DEBUG] - ==>  Preparing: SELECT COUNT(*) AS total FROM base_industry_tb
[2026-09-19 09:09:19.641] [gas-forecast] [] [] [c.g.f.d.m.B.selectList_mpCount] [http-nio-8080-exec-9] [DEBUG] - ==> Parameters: 
[2026-09-19 09:09:19.641] [gas-forecast] [] [] [c.g.f.d.m.B.selectList_mpCount] [http-nio-8080-exec-2] [DEBUG] - ==>  Preparing: SELECT COUNT(*) AS total FROM base_customer_tb
[2026-09-19 09:09:19.641] [gas-forecast] [] [] [c.g.f.d.m.B.selectList_mpCount] [http-nio-8080-exec-2] [DEBUG] - ==> Parameters: 
[2026-09-19 09:09:19.641] [gas-forecast] [] [] [c.g.f.d.m.B.selectList] [http-nio-8080-exec-1] [DEBUG] - <==      Total: 1
[2026-09-19 09:09:19.641] [gas-forecast] [] [] [c.g.f.d.m.B.selectList] [http-nio-8080-exec-1] [DEBUG] - ==>  Preparing: SELECT id,customer_code,customer_name,industry_code,industry_name,region_code,region_name,created_at,updated_at,created_by,created_by_name,updated_by,updated_by_name,raw_region_name,raw_industry_name FROM base_customer_tb WHERE (customer_code IN (?))
[2026-09-19 09:09:19.641] [gas-forecast] [] [] [c.g.f.d.m.B.selectList] [http-nio-8080-exec-1] [DEBUG] - ==> Parameters: CUS000021(String)
[2026-09-19 09:09:19.642] [gas-forecast] [] [] [c.g.f.d.m.B.selectList_mpCount] [http-nio-8080-exec-5] [DEBUG] - <==      Total: 1
[2026-09-19 09:09:19.642] [gas-forecast] [] [] [c.g.f.d.m.B.selectList] [http-nio-8080-exec-5] [DEBUG] - ==>  Preparing: SELECT id,region_code,region_name,remark,created_by,created_at,updated_by,updated_at,updated_by_name,created_by_name FROM base_region_tb ORDER BY updated_at DESC,id DESC LIMIT ?
[2026-09-19 09:09:19.642] [gas-forecast] [] [] [c.g.f.d.m.B.selectList] [http-nio-8080-exec-5] [DEBUG] - ==> Parameters: 1000(Long)
[2026-09-19 09:09:19.642] [gas-forecast] [] [] [c.g.f.d.m.B.selectList] [http-nio-8080-exec-1] [DEBUG] - <==      Total: 1
[2026-09-19 09:09:19.646] [gas-forecast] [] [] [c.g.f.d.m.B.selectList_mpCount] [http-nio-8080-exec-2] [DEBUG] - <==      Total: 1
[2026-09-19 09:09:19.646] [gas-forecast] [] [] [c.g.f.d.m.B.selectList] [http-nio-8080-exec-5] [DEBUG] - <==      Total: 8
[2026-09-19 09:09:19.646] [gas-forecast] [] [] [c.g.f.d.m.B.selectList_mpCount] [http-nio-8080-exec-9] [DEBUG] - <==      Total: 1
[2026-09-19 09:09:19.646] [gas-forecast] [] [] [c.g.f.d.m.B.selectList] [http-nio-8080-exec-2] [DEBUG] - ==>  Preparing: SELECT id,customer_code,customer_name,industry_code,industry_name,region_code,region_name,created_at,updated_at,created_by,created_by_name,updated_by,updated_by_name,raw_region_name,raw_industry_name FROM base_customer_tb ORDER BY updated_at DESC,id DESC LIMIT ?
[2026-09-19 09:09:19.646] [gas-forecast] [] [] [c.g.f.d.m.B.selectList] [http-nio-8080-exec-9] [DEBUG] - ==>  Preparing: SELECT id,industry_code,industry_name,created_at,updated_at,created_by,created_by_name,updated_by,updated_by_name FROM base_industry_tb ORDER BY updated_at DESC,id DESC LIMIT ?
[2026-09-19 09:09:19.646] [gas-forecast] [] [] [c.g.f.d.m.B.selectList] [http-nio-8080-exec-2] [DEBUG] - ==> Parameters: 1000(Long)
[2026-09-19 09:09:19.646] [gas-forecast] [] [] [c.g.f.d.m.B.selectList] [http-nio-8080-exec-9] [DEBUG] - ==> Parameters: 1000(Long)
[2026-09-19 09:09:19.647] [gas-forecast] [] [] [c.g.f.d.m.B.selectList] [http-nio-8080-exec-9] [DEBUG] - <==      Total: 4
[2026-09-19 09:09:19.647] [gas-forecast] [] [] [c.g.f.d.m.B.selectList] [http-nio-8080-exec-2] [DEBUG] - <==      Total: 21
[2026-09-19 10:04:44.165] [gas-forecast] [] [] [c.g.f.d.m.S.selectByUsername] [http-nio-8080-exec-8] [DEBUG] - ==>  Preparing: select distinct p.* from sys_permission_tb p where p.status = 1 and ( exists ( select 1 from sys_user_tb u join sys_user_role_ref ur on ur.user_id = u.id join sys_role_permission_ref rp on rp.role_id = ur.role_id where rp.permission_id = p.id and u.username = ? and u.deleted = 0 ) or exists ( select 1 from sys_user_tb u join sys_user_department_ref ud on ud.user_id = u.id join sys_department_permission_ref dp on dp.department_id = ud.department_id where dp.permission_id = p.id and u.username = ? and u.deleted = 0 ) ) order by p.sort_no, p.id
[2026-09-19 10:04:44.165] [gas-forecast] [] [] [c.g.f.d.m.S.selectByUsername] [http-nio-8080-exec-8] [DEBUG] - ==> Parameters: admin(String), admin(String)
[2026-09-19 10:04:44.168] [gas-forecast] [] [] [c.g.f.d.m.M.selectList_mpCount] [http-nio-8080-exec-7] [DEBUG] - ==>  Preparing: SELECT COUNT(*) AS total FROM model_config_tb
[2026-09-19 10:04:44.168] [gas-forecast] [] [] [c.g.f.d.m.M.selectList_mpCount] [http-nio-8080-exec-7] [DEBUG] - ==> Parameters: 
[2026-09-19 10:04:44.173] [gas-forecast] [] [] [c.g.f.d.m.M.selectList_mpCount] [http-nio-8080-exec-7] [DEBUG] - <==      Total: 1
[2026-09-19 10:04:44.173] [gas-forecast] [] [] [c.g.f.d.m.M.selectList] [http-nio-8080-exec-7] [DEBUG] - ==>  Preparing: SELECT id,model_code,model_name,model_version,agent_code,description,created_by,created_at,updated_at,created_by_name FROM model_config_tb ORDER BY updated_at DESC,id DESC LIMIT ?
[2026-09-19 10:04:44.173] [gas-forecast] [] [] [c.g.f.d.m.M.selectList] [http-nio-8080-exec-7] [DEBUG] - ==> Parameters: 1000(Long)
[2026-09-19 10:04:44.174] [gas-forecast] [] [] [c.g.f.d.m.S.selectByUsername] [http-nio-8080-exec-8] [DEBUG] - <==      Total: 64
[2026-09-19 10:04:44.174] [gas-forecast] [] [] [c.g.f.d.m.M.selectList] [http-nio-8080-exec-7] [DEBUG] - <==      Total: 2
[2026-09-19 10:04:44.174] [gas-forecast] [] [] [c.g.f.d.m.M.selectList] [http-nio-8080-exec-7] [DEBUG] - ==>  Preparing: SELECT id,model_code,region_code,industry_code,customer_code,created_by,created_at,updated_at,created_by_name FROM model_config_scope_tb WHERE (model_code IN (?,?)) ORDER BY id DESC
[2026-09-19 10:04:44.174] [gas-forecast] [] [] [c.g.f.d.m.M.selectList] [http-nio-8080-exec-7] [DEBUG] - ==> Parameters: MODEL000002(String), MODEL000001(String)
[2026-09-19 10:04:44.175] [gas-forecast] [] [] [c.g.f.d.m.M.selectList] [http-nio-8080-exec-7] [DEBUG] - <==      Total: 8
[2026-09-19 10:04:44.175] [gas-forecast] [] [] [c.g.f.d.m.M.selectList] [http-nio-8080-exec-7] [DEBUG] - ==>  Preparing: SELECT id,model_id,feature_id,required_flag,feature_order,created_at,created_by FROM model_feature_ref WHERE (model_id IN (?,?)) ORDER BY feature_order ASC,id ASC
[2026-09-19 10:04:44.175] [gas-forecast] [] [] [c.g.f.d.m.B.selectList_mpCount] [http-nio-8080-exec-8] [DEBUG] - ==>  Preparing: SELECT COUNT(*) AS total FROM base_industry_tb
[2026-09-19 10:04:44.175] [gas-forecast] [] [] [c.g.f.d.m.M.selectList] [http-nio-8080-exec-7] [DEBUG] - ==> Parameters: 2(Long), 1(Long)
[2026-09-19 10:04:44.175] [gas-forecast] [] [] [c.g.f.d.m.B.selectList_mpCount] [http-nio-8080-exec-8] [DEBUG] - ==> Parameters: 
[2026-09-19 10:04:44.175] [gas-forecast] [] [] [c.g.f.d.m.M.selectList] [http-nio-8080-exec-7] [DEBUG] - <==      Total: 5
[2026-09-19 10:04:44.176] [gas-forecast] [] [] [c.g.f.d.m.M.selectBatchIds] [http-nio-8080-exec-7] [DEBUG] - ==>  Preparing: SELECT id,feature_code,feature_name,feature_column,time_granularity,enabled,description,created_at,created_by,updated_by_name FROM model_feature_definition_tb WHERE id IN ( ? , ? , ? , ? , ? )
[2026-09-19 10:04:44.176] [gas-forecast] [] [] [c.g.f.d.m.M.selectBatchIds] [http-nio-8080-exec-7] [DEBUG] - ==> Parameters: 5(Long), 4(Long), 3(Long), 2(Long), 1(Long)
[2026-09-19 10:04:44.176] [gas-forecast] [] [] [c.g.f.d.m.B.selectList_mpCount] [http-nio-8080-exec-8] [DEBUG] - <==      Total: 1
[2026-09-19 10:04:44.176] [gas-forecast] [] [] [c.g.f.d.m.B.selectList] [http-nio-8080-exec-8] [DEBUG] - ==>  Preparing: SELECT id,industry_code,industry_name,created_at,updated_at,created_by,created_by_name,updated_by,updated_by_name FROM base_industry_tb ORDER BY updated_at DESC,id DESC LIMIT ?
[2026-09-19 10:04:44.176] [gas-forecast] [] [] [c.g.f.d.m.B.selectList] [http-nio-8080-exec-8] [DEBUG] - ==> Parameters: 1000(Long)
[2026-09-19 10:04:44.176] [gas-forecast] [] [] [c.g.f.d.m.M.selectBatchIds] [http-nio-8080-exec-7] [DEBUG] - <==      Total: 5
[2026-09-19 10:04:44.176] [gas-forecast] [] [] [c.g.f.d.m.B.selectList] [http-nio-8080-exec-8] [DEBUG] - <==      Total: 4
[2026-09-19 10:04:44.176] [gas-forecast] [] [] [c.g.f.d.m.B.selectList] [http-nio-8080-exec-7] [DEBUG] - ==>  Preparing: SELECT id,region_code,region_name,remark,created_by,created_at,updated_by,updated_at,updated_by_name,created_by_name FROM base_region_tb WHERE (region_code IN (?,?,?,?,?,?,?))
[2026-09-19 10:04:44.176] [gas-forecast] [] [] [c.g.f.d.m.B.selectList] [http-nio-8080-exec-7] [DEBUG] - ==> Parameters: REG000005(String), REG000006(String), REG000007(String), REG000008(String), REG000009(String), REG000010(String), REG000011(String)
[2026-09-19 10:04:44.177] [gas-forecast] [] [] [c.g.f.d.m.B.selectList] [http-nio-8080-exec-7] [DEBUG] - <==      Total: 7
[2026-09-19 10:04:44.177] [gas-forecast] [] [] [c.g.f.d.m.B.selectList] [http-nio-8080-exec-7] [DEBUG] - ==>  Preparing: SELECT id,industry_code,industry_name,created_at,updated_at,created_by,created_by_name,updated_by,updated_by_name FROM base_industry_tb WHERE (industry_code IN (?))
[2026-09-19 10:04:44.177] [gas-forecast] [] [] [c.g.f.d.m.B.selectList] [http-nio-8080-exec-7] [DEBUG] - ==> Parameters: IND000003(String)
[2026-09-19 10:04:44.178] [gas-forecast] [] [] [c.g.f.d.m.B.selectList] [http-nio-8080-exec-7] [DEBUG] - <==      Total: 1
[2026-09-19 10:04:44.178] [gas-forecast] [] [] [c.g.f.d.m.B.selectList] [http-nio-8080-exec-7] [DEBUG] - ==>  Preparing: SELECT id,customer_code,customer_name,industry_code,industry_name,region_code,region_name,created_at,updated_at,created_by,created_by_name,updated_by,updated_by_name,raw_region_name,raw_industry_name FROM base_customer_tb WHERE (customer_code IN (?))
[2026-09-19 10:04:44.178] [gas-forecast] [] [] [c.g.f.d.m.B.selectList] [http-nio-8080-exec-7] [DEBUG] - ==> Parameters: CUS000021(String)
[2026-09-19 10:04:44.178] [gas-forecast] [] [] [c.g.f.d.m.B.selectList] [http-nio-8080-exec-7] [DEBUG] - <==      Total: 1
[2026-09-19 10:04:44.359] [gas-forecast] [] [] [c.g.f.d.m.S.selectByUsername] [http-nio-8080-exec-6] [DEBUG] - ==>  Preparing: select distinct p.* from sys_permission_tb p where p.status = 1 and ( exists ( select 1 from sys_user_tb u join sys_user_role_ref ur on ur.user_id = u.id join sys_role_permission_ref rp on rp.role_id = ur.role_id where rp.permission_id = p.id and u.username = ? and u.deleted = 0 ) or exists ( select 1 from sys_user_tb u join sys_user_department_ref ud on ud.user_id = u.id join sys_department_permission_ref dp on dp.department_id = ud.department_id where dp.permission_id = p.id and u.username = ? and u.deleted = 0 ) ) order by p.sort_no, p.id
[2026-09-19 10:04:44.359] [gas-forecast] [] [] [c.g.f.d.m.S.selectByUsername] [http-nio-8080-exec-6] [DEBUG] - ==> Parameters: admin(String), admin(String)
[2026-09-19 10:04:44.359] [gas-forecast] [] [] [c.g.f.d.m.S.selectByUsername] [http-nio-8080-exec-3] [DEBUG] - ==>  Preparing: select distinct p.* from sys_permission_tb p where p.status = 1 and ( exists ( select 1 from sys_user_tb u join sys_user_role_ref ur on ur.user_id = u.id join sys_role_permission_ref rp on rp.role_id = ur.role_id where rp.permission_id = p.id and u.username = ? and u.deleted = 0 ) or exists ( select 1 from sys_user_tb u join sys_user_department_ref ud on ud.user_id = u.id join sys_department_permission_ref dp on dp.department_id = ud.department_id where dp.permission_id = p.id and u.username = ? and u.deleted = 0 ) ) order by p.sort_no, p.id
[2026-09-19 10:04:44.360] [gas-forecast] [] [] [c.g.f.d.m.S.selectByUsername] [http-nio-8080-exec-3] [DEBUG] - ==> Parameters: admin(String), admin(String)
[2026-09-19 10:04:44.361] [gas-forecast] [] [] [c.g.f.d.m.S.selectByUsername] [http-nio-8080-exec-6] [DEBUG] - <==      Total: 64
[2026-09-19 10:04:44.362] [gas-forecast] [] [] [c.g.f.d.m.S.selectByUsername] [http-nio-8080-exec-3] [DEBUG] - <==      Total: 64
[2026-09-19 10:04:44.364] [gas-forecast] [] [] [c.g.f.d.m.B.selectList_mpCount] [http-nio-8080-exec-6] [DEBUG] - ==>  Preparing: SELECT COUNT(*) AS total FROM base_region_tb
[2026-09-19 10:04:44.364] [gas-forecast] [] [] [c.g.f.d.m.B.selectList_mpCount] [http-nio-8080-exec-6] [DEBUG] - ==> Parameters: 
[2026-09-19 10:04:44.365] [gas-forecast] [] [] [c.g.f.d.m.B.selectList_mpCount] [http-nio-8080-exec-3] [DEBUG] - ==>  Preparing: SELECT COUNT(*) AS total FROM base_customer_tb
[2026-09-19 10:04:44.365] [gas-forecast] [] [] [c.g.f.d.m.B.selectList_mpCount] [http-nio-8080-exec-3] [DEBUG] - ==> Parameters: 
[2026-09-19 10:04:44.366] [gas-forecast] [] [] [c.g.f.d.m.B.selectList_mpCount] [http-nio-8080-exec-3] [DEBUG] - <==      Total: 1
[2026-09-19 10:04:44.366] [gas-forecast] [] [] [c.g.f.d.m.B.selectList_mpCount] [http-nio-8080-exec-6] [DEBUG] - <==      Total: 1
[2026-09-19 10:04:44.366] [gas-forecast] [] [] [c.g.f.d.m.B.selectList] [http-nio-8080-exec-3] [DEBUG] - ==>  Preparing: SELECT id,customer_code,customer_name,industry_code,industry_name,region_code,region_name,created_at,updated_at,created_by,created_by_name,updated_by,updated_by_name,raw_region_name,raw_industry_name FROM base_customer_tb ORDER BY updated_at DESC,id DESC LIMIT ?
[2026-09-19 10:04:44.366] [gas-forecast] [] [] [c.g.f.d.m.B.selectList] [http-nio-8080-exec-6] [DEBUG] - ==>  Preparing: SELECT id,region_code,region_name,remark,created_by,created_at,updated_by,updated_at,updated_by_name,created_by_name FROM base_region_tb ORDER BY updated_at DESC,id DESC LIMIT ?
[2026-09-19 10:04:44.366] [gas-forecast] [] [] [c.g.f.d.m.B.selectList] [http-nio-8080-exec-6] [DEBUG] - ==> Parameters: 1000(Long)
[2026-09-19 10:04:44.366] [gas-forecast] [] [] [c.g.f.d.m.B.selectList] [http-nio-8080-exec-3] [DEBUG] - ==> Parameters: 1000(Long)
[2026-09-19 10:04:44.367] [gas-forecast] [] [] [c.g.f.d.m.B.selectList] [http-nio-8080-exec-6] [DEBUG] - <==      Total: 8
[2026-09-19 10:04:44.367] [gas-forecast] [] [] [c.g.f.d.m.B.selectList] [http-nio-8080-exec-3] [DEBUG] - <==      Total: 21
[2026-09-19 11:58:27.997] [gas-forecast] [] [] [c.g.f.d.m.SysUserTbMapper.selectList] [http-nio-8080-exec-10] [DEBUG] - ==>  Preparing: SELECT id,username,real_name,password_hash,password_salt,avatar,email,phone,org_code,status,deleted,created_at,updated_at FROM sys_user_tb WHERE (username = ? AND deleted = ?)
[2026-09-19 11:58:27.997] [gas-forecast] [] [] [c.g.f.d.m.SysUserTbMapper.selectList] [http-nio-8080-exec-10] [DEBUG] - ==> Parameters: admin(String), 0(Integer)
[2026-09-19 11:58:27.998] [gas-forecast] [] [] [c.g.f.d.m.SysUserTbMapper.selectList] [http-nio-8080-exec-10] [DEBUG] - <==      Total: 1
[2026-09-19 11:58:27.998] [gas-forecast] [] [] [c.g.f.d.m.S.selectRoleCodesByUsername] [http-nio-8080-exec-10] [DEBUG] - ==>  Preparing: select r.role_code from sys_user_tb u join sys_user_role_ref ur on ur.user_id = u.id join sys_role_tb r on r.id = ur.role_id where u.username = ? order by r.role_code
[2026-09-19 11:58:27.999] [gas-forecast] [] [] [c.g.f.d.m.S.selectRoleCodesByUsername] [http-nio-8080-exec-10] [DEBUG] - ==> Parameters: admin(String)
[2026-09-19 11:58:27.999] [gas-forecast] [] [] [c.g.f.d.m.S.selectRoleCodesByUsername] [http-nio-8080-exec-10] [DEBUG] - <==      Total: 1
[2026-09-19 11:58:28.000] [gas-forecast] [] [] [c.g.f.d.m.S.selectByUsername] [http-nio-8080-exec-10] [DEBUG] - ==>  Preparing: select distinct p.* from sys_permission_tb p where p.status = 1 and ( exists ( select 1 from sys_user_tb u join sys_user_role_ref ur on ur.user_id = u.id join sys_role_permission_ref rp on rp.role_id = ur.role_id where rp.permission_id = p.id and u.username = ? and u.deleted = 0 ) or exists ( select 1 from sys_user_tb u join sys_user_department_ref ud on ud.user_id = u.id join sys_department_permission_ref dp on dp.department_id = ud.department_id where dp.permission_id = p.id and u.username = ? and u.deleted = 0 ) ) order by p.sort_no, p.id
[2026-09-19 11:58:28.000] [gas-forecast] [] [] [c.g.f.d.m.S.selectByUsername] [http-nio-8080-exec-10] [DEBUG] - ==> Parameters: admin(String), admin(String)
[2026-09-19 11:58:28.002] [gas-forecast] [] [] [c.g.f.d.m.S.selectByUsername] [http-nio-8080-exec-10] [DEBUG] - <==      Total: 64
[2026-09-19 11:58:30.709] [gas-forecast] [] [] [c.g.f.d.m.M.selectList_mpCount] [http-nio-8080-exec-4] [DEBUG] - ==>  Preparing: SELECT COUNT(*) AS total FROM model_train_feature_data_tb
[2026-09-19 11:58:30.709] [gas-forecast] [] [] [c.g.f.d.m.M.selectList_mpCount] [http-nio-8080-exec-4] [DEBUG] - ==> Parameters: 
[2026-09-19 11:58:30.713] [gas-forecast] [] [] [c.g.f.d.m.M.selectList_mpCount] [http-nio-8080-exec-4] [DEBUG] - <==      Total: 1
[2026-09-19 11:58:30.713] [gas-forecast] [] [] [c.g.f.d.m.M.selectList] [http-nio-8080-exec-4] [DEBUG] - ==>  Preparing: SELECT id,stat_date,time_granularity,region_code,region_name,customer_code,customer_name,industry_code,industry_name,gas_sales,feature_001,feature_002,feature_003,feature_004,feature_005,feature_006,feature_007,feature_008,feature_009,feature_010,feature_011,feature_012,feature_013,feature_014,feature_015,feature_016,feature_017,feature_018,feature_019,feature_020,feature_021,feature_022,feature_023,feature_024,feature_025,feature_026,feature_027,feature_028,feature_029,feature_030,feature_031,feature_032,feature_033,feature_034,feature_035,feature_036,feature_037,feature_038,feature_039,feature_040,feature_041,feature_042,feature_043,feature_044,feature_045,feature_046,feature_047,feature_048,feature_049,feature_050,feature_051,feature_052,feature_053,feature_054,feature_055,feature_056,feature_057,feature_058,feature_059,feature_060,feature_061,feature_062,feature_063,feature_064,feature_065,feature_066,feature_067,feature_068,feature_069,feature_070,feature_071,feature_072,feature_073,feature_074,feature_075,feature_076,feature_077,feature_078,feature_079,feature_080,feature_081,feature_082,feature_083,feature_084,feature_085,feature_086,feature_087,feature_088,feature_089,feature_090,feature_091,feature_092,feature_093,feature_094,feature_095,feature_096,feature_097,feature_098,feature_099,feature_100,feature_101,feature_102,feature_103,feature_104,feature_105,feature_106,feature_107,feature_108,feature_109,feature_110,feature_111,feature_112,feature_113,feature_114,feature_115,feature_116,feature_117,feature_118,feature_119,feature_120,feature_121,feature_122,feature_123,feature_124,feature_125,feature_126,feature_127,feature_128,feature_129,feature_130,feature_131,feature_132,feature_133,feature_134,feature_135,feature_136,feature_137,feature_138,feature_139,feature_140,feature_141,feature_142,feature_143,feature_144,feature_145,feature_146,feature_147,feature_148,feature_149,feature_150,feature_151,feature_152,feature_153,feature_154,feature_155,feature_156,feature_157,feature_158,feature_159,feature_160,feature_161,feature_162,feature_163,feature_164,feature_165,feature_166,feature_167,feature_168,feature_169,feature_170,feature_171,feature_172,feature_173,feature_174,feature_175,feature_176,feature_177,feature_178,feature_179,feature_180,feature_181,feature_182,feature_183,feature_184,feature_185,feature_186,feature_187,feature_188,feature_189,feature_190,feature_191,feature_192,feature_193,feature_194,feature_195,feature_196,feature_197,feature_198,feature_199,feature_200,create_time,update_time FROM model_train_feature_data_tb ORDER BY stat_date DESC,id DESC LIMIT ?
[2026-09-19 11:58:30.713] [gas-forecast] [] [] [c.g.f.d.m.M.selectList] [http-nio-8080-exec-4] [DEBUG] - ==> Parameters: 10(Long)
[2026-09-19 11:58:30.717] [gas-forecast] [] [] [c.g.f.d.m.M.selectList] [http-nio-8080-exec-4] [DEBUG] - <==      Total: 10
[2026-09-19 11:58:30.717] [gas-forecast] [] [] [c.g.f.d.m.M.selectList] [http-nio-8080-exec-4] [DEBUG] - ==>  Preparing: SELECT feature_column,feature_code FROM model_feature_definition_tb WHERE (enabled = ?)
[2026-09-19 11:58:30.717] [gas-forecast] [] [] [c.g.f.d.m.M.selectList] [http-nio-8080-exec-4] [DEBUG] - ==> Parameters: 1(Integer)
[2026-09-19 11:58:30.718] [gas-forecast] [] [] [c.g.f.d.m.M.selectList] [http-nio-8080-exec-4] [DEBUG] - <==      Total: 25
[2026-09-19 11:58:31.970] [gas-forecast] [] [] [c.g.f.d.m.S.selectByUsername] [http-nio-8080-exec-8] [DEBUG] - ==>  Preparing: select distinct p.* from sys_permission_tb p where p.status = 1 and ( exists ( select 1 from sys_user_tb u join sys_user_role_ref ur on ur.user_id = u.id join sys_role_permission_ref rp on rp.role_id = ur.role_id where rp.permission_id = p.id and u.username = ? and u.deleted = 0 ) or exists ( select 1 from sys_user_tb u join sys_user_department_ref ud on ud.user_id = u.id join sys_department_permission_ref dp on dp.department_id = ud.department_id where dp.permission_id = p.id and u.username = ? and u.deleted = 0 ) ) order by p.sort_no, p.id
[2026-09-19 11:58:31.970] [gas-forecast] [] [] [c.g.f.d.m.S.selectByUsername] [http-nio-8080-exec-9] [DEBUG] - ==>  Preparing: select distinct p.* from sys_permission_tb p where p.status = 1 and ( exists ( select 1 from sys_user_tb u join sys_user_role_ref ur on ur.user_id = u.id join sys_role_permission_ref rp on rp.role_id = ur.role_id where rp.permission_id = p.id and u.username = ? and u.deleted = 0 ) or exists ( select 1 from sys_user_tb u join sys_user_department_ref ud on ud.user_id = u.id join sys_department_permission_ref dp on dp.department_id = ud.department_id where dp.permission_id = p.id and u.username = ? and u.deleted = 0 ) ) order by p.sort_no, p.id
[2026-09-19 11:58:31.970] [gas-forecast] [] [] [c.g.f.d.m.S.selectByUsername] [http-nio-8080-exec-8] [DEBUG] - ==> Parameters: admin(String), admin(String)
[2026-09-19 11:58:31.970] [gas-forecast] [] [] [c.g.f.d.m.S.selectByUsername] [http-nio-8080-exec-1] [DEBUG] - ==>  Preparing: select distinct p.* from sys_permission_tb p where p.status = 1 and ( exists ( select 1 from sys_user_tb u join sys_user_role_ref ur on ur.user_id = u.id join sys_role_permission_ref rp on rp.role_id = ur.role_id where rp.permission_id = p.id and u.username = ? and u.deleted = 0 ) or exists ( select 1 from sys_user_tb u join sys_user_department_ref ud on ud.user_id = u.id join sys_department_permission_ref dp on dp.department_id = ud.department_id where dp.permission_id = p.id and u.username = ? and u.deleted = 0 ) ) order by p.sort_no, p.id
[2026-09-19 11:58:31.970] [gas-forecast] [] [] [c.g.f.d.m.S.selectByUsername] [http-nio-8080-exec-9] [DEBUG] - ==> Parameters: admin(String), admin(String)
[2026-09-19 11:58:31.970] [gas-forecast] [] [] [c.g.f.d.m.S.selectByUsername] [http-nio-8080-exec-1] [DEBUG] - ==> Parameters: admin(String), admin(String)
[2026-09-19 11:58:31.971] [gas-forecast] [] [] [c.g.f.d.m.M.selectList_mpCount] [http-nio-8080-exec-5] [DEBUG] - ==>  Preparing: SELECT COUNT(*) AS total FROM model_config_tb
[2026-09-19 11:58:31.971] [gas-forecast] [] [] [c.g.f.d.m.M.selectList_mpCount] [http-nio-8080-exec-5] [DEBUG] - ==> Parameters: 
[2026-09-19 11:58:31.972] [gas-forecast] [] [] [c.g.f.d.m.S.selectByUsername] [http-nio-8080-exec-8] [DEBUG] - <==      Total: 64
[2026-09-19 11:58:31.972] [gas-forecast] [] [] [c.g.f.d.m.S.selectByUsername] [http-nio-8080-exec-1] [DEBUG] - <==      Total: 64
[2026-09-19 11:58:31.972] [gas-forecast] [] [] [c.g.f.d.m.M.selectList_mpCount] [http-nio-8080-exec-2] [DEBUG] - ==>  Preparing: SELECT COUNT(*) AS total FROM model_train_config_tb
[2026-09-19 11:58:31.972] [gas-forecast] [] [] [c.g.f.d.m.M.selectList_mpCount] [http-nio-8080-exec-2] [DEBUG] - ==> Parameters: 
[2026-09-19 11:58:31.972] [gas-forecast] [] [] [c.g.f.d.m.S.selectByUsername] [http-nio-8080-exec-9] [DEBUG] - <==      Total: 64
[2026-09-19 11:58:31.972] [gas-forecast] [] [] [c.g.f.d.m.M.selectList_mpCount] [http-nio-8080-exec-5] [DEBUG] - <==      Total: 1
[2026-09-19 11:58:31.972] [gas-forecast] [] [] [c.g.f.d.m.M.selectList] [http-nio-8080-exec-5] [DEBUG] - ==>  Preparing: SELECT id,model_code,model_name,model_version,agent_code,description,created_by,created_at,updated_at,created_by_name FROM model_config_tb ORDER BY updated_at DESC,id DESC LIMIT ?
[2026-09-19 11:58:31.972] [gas-forecast] [] [] [c.g.f.d.m.M.selectList] [http-nio-8080-exec-5] [DEBUG] - ==> Parameters: 1000(Long)
[2026-09-19 11:58:31.973] [gas-forecast] [] [] [c.g.f.d.m.M.selectList] [http-nio-8080-exec-5] [DEBUG] - <==      Total: 2
[2026-09-19 11:58:31.973] [gas-forecast] [] [] [c.g.f.d.m.M.selectList_mpCount] [http-nio-8080-exec-2] [DEBUG] - <==      Total: 1
[2026-09-19 11:58:31.973] [gas-forecast] [] [] [c.g.f.d.m.M.selectList] [http-nio-8080-exec-2] [DEBUG] - ==>  Preparing: SELECT id,train_code,train_name,agent_code,model_code,model_name,scope_type,region_code,region_name,industry_code,industry_name,customer_code,customer_name,train_start_date,train_end_date,train_mode,time_granularity,recent_periods,enabled,remark,created_by,created_by_name,created_at,updated_at FROM model_train_config_tb ORDER BY updated_at DESC,id DESC LIMIT ?
[2026-09-19 11:58:31.973] [gas-forecast] [] [] [c.g.f.d.m.M.selectList] [http-nio-8080-exec-2] [DEBUG] - ==> Parameters: 10(Long)
[2026-09-19 11:58:31.973] [gas-forecast] [] [] [c.g.f.d.m.M.selectList] [http-nio-8080-exec-5] [DEBUG] - ==>  Preparing: SELECT id,model_code,region_code,industry_code,customer_code,created_by,created_at,updated_at,created_by_name FROM model_config_scope_tb WHERE (model_code IN (?,?)) ORDER BY id DESC
[2026-09-19 11:58:31.973] [gas-forecast] [] [] [c.g.f.d.m.M.selectList] [http-nio-8080-exec-5] [DEBUG] - ==> Parameters: MODEL000002(String), MODEL000001(String)
[2026-09-19 11:58:31.973] [gas-forecast] [] [] [c.g.f.d.m.M.selectList] [http-nio-8080-exec-2] [DEBUG] - <==      Total: 1
[2026-09-19 11:58:31.974] [gas-forecast] [] [] [c.g.f.d.m.M.selectList] [http-nio-8080-exec-5] [DEBUG] - <==      Total: 8
[2026-09-19 11:58:31.974] [gas-forecast] [] [] [c.g.f.d.m.M.selectList] [http-nio-8080-exec-5] [DEBUG] - ==>  Preparing: SELECT id,model_id,feature_id,required_flag,feature_order,created_at,created_by FROM model_feature_ref WHERE (model_id IN (?,?)) ORDER BY feature_order ASC,id ASC
[2026-09-19 11:58:31.974] [gas-forecast] [] [] [c.g.f.d.m.B.selectList_mpCount] [http-nio-8080-exec-1] [DEBUG] - ==>  Preparing: SELECT COUNT(*) AS total FROM base_region_tb
[2026-09-19 11:58:31.974] [gas-forecast] [] [] [c.g.f.d.m.B.selectList_mpCount] [http-nio-8080-exec-1] [DEBUG] - ==> Parameters: 
[2026-09-19 11:58:31.974] [gas-forecast] [] [] [c.g.f.d.m.M.selectList] [http-nio-8080-exec-5] [DEBUG] - ==> Parameters: 2(Long), 1(Long)
[2026-09-19 11:58:31.974] [gas-forecast] [] [] [c.g.f.d.m.B.selectList_mpCount] [http-nio-8080-exec-9] [DEBUG] - ==>  Preparing: SELECT COUNT(*) AS total FROM base_industry_tb
[2026-09-19 11:58:31.975] [gas-forecast] [] [] [c.g.f.d.m.M.selectList] [http-nio-8080-exec-5] [DEBUG] - <==      Total: 5
[2026-09-19 11:58:31.975] [gas-forecast] [] [] [c.g.f.d.m.B.selectList_mpCount] [http-nio-8080-exec-9] [DEBUG] - ==> Parameters: 
[2026-09-19 11:58:31.975] [gas-forecast] [] [] [c.g.f.d.m.B.selectList_mpCount] [http-nio-8080-exec-1] [DEBUG] - <==      Total: 1
[2026-09-19 11:58:31.975] [gas-forecast] [] [] [c.g.f.d.m.B.selectList_mpCount] [http-nio-8080-exec-8] [DEBUG] - ==>  Preparing: SELECT COUNT(*) AS total FROM base_customer_tb
[2026-09-19 11:58:31.975] [gas-forecast] [] [] [c.g.f.d.m.B.selectList] [http-nio-8080-exec-1] [DEBUG] - ==>  Preparing: SELECT id,region_code,region_name,remark,created_by,created_at,updated_by,updated_at,updated_by_name,created_by_name FROM base_region_tb ORDER BY updated_at DESC,id DESC LIMIT ?
[2026-09-19 11:58:31.975] [gas-forecast] [] [] [c.g.f.d.m.B.selectList_mpCount] [http-nio-8080-exec-8] [DEBUG] - ==> Parameters: 
[2026-09-19 11:58:31.975] [gas-forecast] [] [] [c.g.f.d.m.B.selectList] [http-nio-8080-exec-1] [DEBUG] - ==> Parameters: 1000(Long)
[2026-09-19 11:58:31.975] [gas-forecast] [] [] [c.g.f.d.m.M.selectBatchIds] [http-nio-8080-exec-5] [DEBUG] - ==>  Preparing: SELECT id,feature_code,feature_name,feature_column,time_granularity,enabled,description,created_at,created_by,updated_by_name FROM model_feature_definition_tb WHERE id IN ( ? , ? , ? , ? , ? )
[2026-09-19 11:58:31.975] [gas-forecast] [] [] [c.g.f.d.m.M.selectBatchIds] [http-nio-8080-exec-5] [DEBUG] - ==> Parameters: 5(Long), 4(Long), 3(Long), 2(Long), 1(Long)
[2026-09-19 11:58:31.975] [gas-forecast] [] [] [c.g.f.d.m.B.selectList_mpCount] [http-nio-8080-exec-9] [DEBUG] - <==      Total: 1
[2026-09-19 11:58:31.975] [gas-forecast] [] [] [c.g.f.d.m.B.selectList] [http-nio-8080-exec-9] [DEBUG] - ==>  Preparing: SELECT id,industry_code,industry_name,created_at,updated_at,created_by,created_by_name,updated_by,updated_by_name FROM base_industry_tb ORDER BY updated_at DESC,id DESC LIMIT ?
[2026-09-19 11:58:31.975] [gas-forecast] [] [] [c.g.f.d.m.B.selectList] [http-nio-8080-exec-1] [DEBUG] - <==      Total: 8
[2026-09-19 11:58:31.975] [gas-forecast] [] [] [c.g.f.d.m.B.selectList] [http-nio-8080-exec-9] [DEBUG] - ==> Parameters: 1000(Long)
[2026-09-19 11:58:31.975] [gas-forecast] [] [] [c.g.f.d.m.M.selectBatchIds] [http-nio-8080-exec-5] [DEBUG] - <==      Total: 5
[2026-09-19 11:58:31.976] [gas-forecast] [] [] [c.g.f.d.m.B.selectList] [http-nio-8080-exec-9] [DEBUG] - <==      Total: 4
[2026-09-19 11:58:31.976] [gas-forecast] [] [] [c.g.f.d.m.B.selectList] [http-nio-8080-exec-5] [DEBUG] - ==>  Preparing: SELECT id,region_code,region_name,remark,created_by,created_at,updated_by,updated_at,updated_by_name,created_by_name FROM base_region_tb WHERE (region_code IN (?,?,?,?,?,?,?))
[2026-09-19 11:58:31.976] [gas-forecast] [] [] [c.g.f.d.m.B.selectList] [http-nio-8080-exec-5] [DEBUG] - ==> Parameters: REG000005(String), REG000006(String), REG000007(String), REG000008(String), REG000009(String), REG000010(String), REG000011(String)
[2026-09-19 11:58:31.976] [gas-forecast] [] [] [c.g.f.d.m.B.selectList] [http-nio-8080-exec-5] [DEBUG] - <==      Total: 7
[2026-09-19 11:58:31.977] [gas-forecast] [] [] [c.g.f.d.m.B.selectList] [http-nio-8080-exec-5] [DEBUG] - ==>  Preparing: SELECT id,industry_code,industry_name,created_at,updated_at,created_by,created_by_name,updated_by,updated_by_name FROM base_industry_tb WHERE (industry_code IN (?))
[2026-09-19 11:58:31.977] [gas-forecast] [] [] [c.g.f.d.m.B.selectList] [http-nio-8080-exec-5] [DEBUG] - ==> Parameters: IND000003(String)
[2026-09-19 11:58:31.977] [gas-forecast] [] [] [c.g.f.d.m.B.selectList] [http-nio-8080-exec-5] [DEBUG] - <==      Total: 1
[2026-09-19 11:58:31.977] [gas-forecast] [] [] [c.g.f.d.m.B.selectList] [http-nio-8080-exec-5] [DEBUG] - ==>  Preparing: SELECT id,customer_code,customer_name,industry_code,industry_name,region_code,region_name,created_at,updated_at,created_by,created_by_name,updated_by,updated_by_name,raw_region_name,raw_industry_name FROM base_customer_tb WHERE (customer_code IN (?))
[2026-09-19 11:58:31.977] [gas-forecast] [] [] [c.g.f.d.m.B.selectList] [http-nio-8080-exec-5] [DEBUG] - ==> Parameters: CUS000021(String)
[2026-09-19 11:58:31.978] [gas-forecast] [] [] [c.g.f.d.m.B.selectList] [http-nio-8080-exec-5] [DEBUG] - <==      Total: 1
[2026-09-19 11:58:31.979] [gas-forecast] [] [] [c.g.f.d.m.B.selectList_mpCount] [http-nio-8080-exec-8] [DEBUG] - <==      Total: 1
[2026-09-19 11:58:31.979] [gas-forecast] [] [] [c.g.f.d.m.B.selectList] [http-nio-8080-exec-8] [DEBUG] - ==>  Preparing: SELECT id,customer_code,customer_name,industry_code,industry_name,region_code,region_name,created_at,updated_at,created_by,created_by_name,updated_by,updated_by_name,raw_region_name,raw_industry_name FROM base_customer_tb ORDER BY updated_at DESC,id DESC LIMIT ?
[2026-09-19 11:58:31.979] [gas-forecast] [] [] [c.g.f.d.m.B.selectList] [http-nio-8080-exec-8] [DEBUG] - ==> Parameters: 1000(Long)
[2026-09-19 11:58:31.980] [gas-forecast] [] [] [c.g.f.d.m.B.selectList] [http-nio-8080-exec-8] [DEBUG] - <==      Total: 21
[2026-09-19 12:25:22.890] [gas-forecast] [] [] [c.g.f.d.m.M.selectList_mpCount] [http-nio-8080-exec-3] [DEBUG] - ==>  Preparing: SELECT COUNT(*) AS total FROM model_config_tb
[2026-09-19 12:25:22.890] [gas-forecast] [] [] [c.g.f.d.m.M.selectList_mpCount] [http-nio-8080-exec-1] [DEBUG] - ==>  Preparing: SELECT COUNT(*) AS total FROM model_train_config_tb
[2026-09-19 12:25:22.899] [gas-forecast] [] [] [c.g.f.d.m.M.selectList_mpCount] [http-nio-8080-exec-1] [DEBUG] - ==> Parameters: 
[2026-09-19 12:25:22.899] [gas-forecast] [] [] [c.g.f.d.m.M.selectList_mpCount] [http-nio-8080-exec-3] [DEBUG] - ==> Parameters: 
[2026-09-19 12:25:22.905] [gas-forecast] [] [] [c.g.f.d.m.S.selectByUsername] [http-nio-8080-exec-2] [DEBUG] - ==>  Preparing: select distinct p.* from sys_permission_tb p where p.status = 1 and ( exists ( select 1 from sys_user_tb u join sys_user_role_ref ur on ur.user_id = u.id join sys_role_permission_ref rp on rp.role_id = ur.role_id where rp.permission_id = p.id and u.username = ? and u.deleted = 0 ) or exists ( select 1 from sys_user_tb u join sys_user_department_ref ud on ud.user_id = u.id join sys_department_permission_ref dp on dp.department_id = ud.department_id where dp.permission_id = p.id and u.username = ? and u.deleted = 0 ) ) order by p.sort_no, p.id
[2026-09-19 12:25:22.906] [gas-forecast] [] [] [c.g.f.d.m.S.selectByUsername] [http-nio-8080-exec-2] [DEBUG] - ==> Parameters: admin(String), admin(String)
[2026-09-19 12:25:22.911] [gas-forecast] [] [] [c.g.f.d.m.M.selectList_mpCount] [http-nio-8080-exec-3] [DEBUG] - <==      Total: 1
[2026-09-19 12:25:22.911] [gas-forecast] [] [] [c.g.f.d.m.M.selectList_mpCount] [http-nio-8080-exec-1] [DEBUG] - <==      Total: 1
[2026-09-19 12:25:22.914] [gas-forecast] [] [] [c.g.f.d.m.M.selectList] [http-nio-8080-exec-3] [DEBUG] - ==>  Preparing: SELECT id,model_code,model_name,model_version,agent_code,description,created_by,created_at,updated_at,created_by_name FROM model_config_tb ORDER BY updated_at DESC,id DESC LIMIT ?
[2026-09-19 12:25:22.914] [gas-forecast] [] [] [c.g.f.d.m.M.selectList] [http-nio-8080-exec-1] [DEBUG] - ==>  Preparing: SELECT id,train_code,train_name,agent_code,model_code,model_name,scope_type,region_code,region_name,industry_code,industry_name,customer_code,customer_name,train_start_date,train_end_date,train_mode,time_granularity,recent_periods,enabled,remark,created_by,created_by_name,created_at,updated_at FROM model_train_config_tb ORDER BY updated_at DESC,id DESC LIMIT ?
[2026-09-19 12:25:22.915] [gas-forecast] [] [] [c.g.f.d.m.M.selectList] [http-nio-8080-exec-3] [DEBUG] - ==> Parameters: 1000(Long)
[2026-09-19 12:25:22.915] [gas-forecast] [] [] [c.g.f.d.m.M.selectList] [http-nio-8080-exec-1] [DEBUG] - ==> Parameters: 10(Long)
[2026-09-19 12:25:22.916] [gas-forecast] [] [] [c.g.f.d.m.M.selectList] [http-nio-8080-exec-1] [DEBUG] - <==      Total: 1
[2026-09-19 12:25:22.916] [gas-forecast] [] [] [c.g.f.d.m.M.selectList] [http-nio-8080-exec-3] [DEBUG] - <==      Total: 2
[2026-09-19 12:25:22.916] [gas-forecast] [] [] [c.g.f.d.m.S.selectByUsername] [http-nio-8080-exec-2] [DEBUG] - <==      Total: 64
[2026-09-19 12:25:22.917] [gas-forecast] [] [] [c.g.f.d.m.S.selectByUsername] [http-nio-8080-exec-4] [DEBUG] - ==>  Preparing: select distinct p.* from sys_permission_tb p where p.status = 1 and ( exists ( select 1 from sys_user_tb u join sys_user_role_ref ur on ur.user_id = u.id join sys_role_permission_ref rp on rp.role_id = ur.role_id where rp.permission_id = p.id and u.username = ? and u.deleted = 0 ) or exists ( select 1 from sys_user_tb u join sys_user_department_ref ud on ud.user_id = u.id join sys_department_permission_ref dp on dp.department_id = ud.department_id where dp.permission_id = p.id and u.username = ? and u.deleted = 0 ) ) order by p.sort_no, p.id
[2026-09-19 12:25:22.917] [gas-forecast] [] [] [c.g.f.d.m.S.selectByUsername] [http-nio-8080-exec-5] [DEBUG] - ==>  Preparing: select distinct p.* from sys_permission_tb p where p.status = 1 and ( exists ( select 1 from sys_user_tb u join sys_user_role_ref ur on ur.user_id = u.id join sys_role_permission_ref rp on rp.role_id = ur.role_id where rp.permission_id = p.id and u.username = ? and u.deleted = 0 ) or exists ( select 1 from sys_user_tb u join sys_user_department_ref ud on ud.user_id = u.id join sys_department_permission_ref dp on dp.department_id = ud.department_id where dp.permission_id = p.id and u.username = ? and u.deleted = 0 ) ) order by p.sort_no, p.id
[2026-09-19 12:25:22.917] [gas-forecast] [] [] [c.g.f.d.m.S.selectByUsername] [http-nio-8080-exec-5] [DEBUG] - ==> Parameters: admin(String), admin(String)
[2026-09-19 12:25:22.917] [gas-forecast] [] [] [c.g.f.d.m.S.selectByUsername] [http-nio-8080-exec-4] [DEBUG] - ==> Parameters: admin(String), admin(String)
[2026-09-19 12:25:22.926] [gas-forecast] [] [] [c.g.f.d.m.M.selectList] [http-nio-8080-exec-3] [DEBUG] - ==>  Preparing: SELECT id,model_code,region_code,industry_code,customer_code,created_by,created_at,updated_at,created_by_name FROM model_config_scope_tb WHERE (model_code IN (?,?)) ORDER BY id DESC
[2026-09-19 12:25:22.926] [gas-forecast] [] [] [c.g.f.d.m.M.selectList] [http-nio-8080-exec-3] [DEBUG] - ==> Parameters: MODEL000002(String), MODEL000001(String)
[2026-09-19 12:25:22.928] [gas-forecast] [] [] [c.g.f.d.m.M.selectList] [http-nio-8080-exec-3] [DEBUG] - <==      Total: 8
[2026-09-19 12:25:22.928] [gas-forecast] [] [] [c.g.f.d.m.S.selectByUsername] [http-nio-8080-exec-4] [DEBUG] - <==      Total: 64
[2026-09-19 12:25:22.929] [gas-forecast] [] [] [c.g.f.d.m.S.selectByUsername] [http-nio-8080-exec-5] [DEBUG] - <==      Total: 64
[2026-09-19 12:25:22.929] [gas-forecast] [] [] [c.g.f.d.m.M.selectList] [http-nio-8080-exec-3] [DEBUG] - ==>  Preparing: SELECT id,model_id,feature_id,required_flag,feature_order,created_at,created_by FROM model_feature_ref WHERE (model_id IN (?,?)) ORDER BY feature_order ASC,id ASC
[2026-09-19 12:25:22.929] [gas-forecast] [] [] [c.g.f.d.m.M.selectList] [http-nio-8080-exec-3] [DEBUG] - ==> Parameters: 2(Long), 1(Long)
[2026-09-19 12:25:22.930] [gas-forecast] [] [] [c.g.f.d.m.B.selectList_mpCount] [http-nio-8080-exec-2] [DEBUG] - ==>  Preparing: SELECT COUNT(*) AS total FROM base_industry_tb
[2026-09-19 12:25:22.930] [gas-forecast] [] [] [c.g.f.d.m.B.selectList_mpCount] [http-nio-8080-exec-2] [DEBUG] - ==> Parameters: 
[2026-09-19 12:25:22.930] [gas-forecast] [] [] [c.g.f.d.m.M.selectList] [http-nio-8080-exec-3] [DEBUG] - <==      Total: 5
[2026-09-19 12:25:22.931] [gas-forecast] [] [] [c.g.f.d.m.B.selectList_mpCount] [http-nio-8080-exec-2] [DEBUG] - <==      Total: 1
[2026-09-19 12:25:22.931] [gas-forecast] [] [] [c.g.f.d.m.M.selectBatchIds] [http-nio-8080-exec-3] [DEBUG] - ==>  Preparing: SELECT id,feature_code,feature_name,feature_column,time_granularity,enabled,description,created_at,created_by,updated_by_name FROM model_feature_definition_tb WHERE id IN ( ? , ? , ? , ? , ? )
[2026-09-19 12:25:22.931] [gas-forecast] [] [] [c.g.f.d.m.B.selectList] [http-nio-8080-exec-2] [DEBUG] - ==>  Preparing: SELECT id,industry_code,industry_name,created_at,updated_at,created_by,created_by_name,updated_by,updated_by_name FROM base_industry_tb ORDER BY updated_at DESC,id DESC LIMIT ?
[2026-09-19 12:25:22.931] [gas-forecast] [] [] [c.g.f.d.m.M.selectBatchIds] [http-nio-8080-exec-3] [DEBUG] - ==> Parameters: 5(Long), 4(Long), 3(Long), 2(Long), 1(Long)
[2026-09-19 12:25:22.931] [gas-forecast] [] [] [c.g.f.d.m.B.selectList] [http-nio-8080-exec-2] [DEBUG] - ==> Parameters: 1000(Long)
[2026-09-19 12:25:22.932] [gas-forecast] [] [] [c.g.f.d.m.B.selectList] [http-nio-8080-exec-2] [DEBUG] - <==      Total: 4
[2026-09-19 12:25:22.935] [gas-forecast] [] [] [c.g.f.d.m.M.selectBatchIds] [http-nio-8080-exec-3] [DEBUG] - <==      Total: 5
[2026-09-19 12:25:22.935] [gas-forecast] [] [] [c.g.f.d.m.B.selectList_mpCount] [http-nio-8080-exec-4] [DEBUG] - ==>  Preparing: SELECT COUNT(*) AS total FROM base_region_tb
[2026-09-19 12:25:22.935] [gas-forecast] [] [] [c.g.f.d.m.B.selectList_mpCount] [http-nio-8080-exec-4] [DEBUG] - ==> Parameters: 
[2026-09-19 12:25:22.936] [gas-forecast] [] [] [c.g.f.d.m.B.selectList_mpCount] [http-nio-8080-exec-4] [DEBUG] - <==      Total: 1
[2026-09-19 12:25:22.936] [gas-forecast] [] [] [c.g.f.d.m.B.selectList] [http-nio-8080-exec-3] [DEBUG] - ==>  Preparing: SELECT id,region_code,region_name,remark,created_by,created_at,updated_by,updated_at,updated_by_name,created_by_name FROM base_region_tb WHERE (region_code IN (?,?,?,?,?,?,?))
[2026-09-19 12:25:22.936] [gas-forecast] [] [] [c.g.f.d.m.B.selectList] [http-nio-8080-exec-4] [DEBUG] - ==>  Preparing: SELECT id,region_code,region_name,remark,created_by,created_at,updated_by,updated_at,updated_by_name,created_by_name FROM base_region_tb ORDER BY updated_at DESC,id DESC LIMIT ?
[2026-09-19 12:25:22.936] [gas-forecast] [] [] [c.g.f.d.m.B.selectList] [http-nio-8080-exec-3] [DEBUG] - ==> Parameters: REG000005(String), REG000006(String), REG000007(String), REG000008(String), REG000009(String), REG000010(String), REG000011(String)
[2026-09-19 12:25:22.936] [gas-forecast] [] [] [c.g.f.d.m.B.selectList] [http-nio-8080-exec-4] [DEBUG] - ==> Parameters: 1000(Long)
[2026-09-19 12:25:22.937] [gas-forecast] [] [] [c.g.f.d.m.B.selectList_mpCount] [http-nio-8080-exec-5] [DEBUG] - ==>  Preparing: SELECT COUNT(*) AS total FROM base_customer_tb
[2026-09-19 12:25:22.937] [gas-forecast] [] [] [c.g.f.d.m.B.selectList_mpCount] [http-nio-8080-exec-5] [DEBUG] - ==> Parameters: 
[2026-09-19 12:25:22.937] [gas-forecast] [] [] [c.g.f.d.m.B.selectList] [http-nio-8080-exec-3] [DEBUG] - <==      Total: 7
[2026-09-19 12:25:22.937] [gas-forecast] [] [] [c.g.f.d.m.B.selectList_mpCount] [http-nio-8080-exec-5] [DEBUG] - <==      Total: 1
[2026-09-19 12:25:22.937] [gas-forecast] [] [] [c.g.f.d.m.B.selectList] [http-nio-8080-exec-4] [DEBUG] - <==      Total: 8
[2026-09-19 12:25:22.938] [gas-forecast] [] [] [c.g.f.d.m.B.selectList] [http-nio-8080-exec-5] [DEBUG] - ==>  Preparing: SELECT id,customer_code,customer_name,industry_code,industry_name,region_code,region_name,created_at,updated_at,created_by,created_by_name,updated_by,updated_by_name,raw_region_name,raw_industry_name FROM base_customer_tb ORDER BY updated_at DESC,id DESC LIMIT ?
[2026-09-19 12:25:22.938] [gas-forecast] [] [] [c.g.f.d.m.B.selectList] [http-nio-8080-exec-3] [DEBUG] - ==>  Preparing: SELECT id,industry_code,industry_name,created_at,updated_at,created_by,created_by_name,updated_by,updated_by_name FROM base_industry_tb WHERE (industry_code IN (?))
[2026-09-19 12:25:22.938] [gas-forecast] [] [] [c.g.f.d.m.B.selectList] [http-nio-8080-exec-5] [DEBUG] - ==> Parameters: 1000(Long)
[2026-09-19 12:25:22.938] [gas-forecast] [] [] [c.g.f.d.m.B.selectList] [http-nio-8080-exec-3] [DEBUG] - ==> Parameters: IND000003(String)
[2026-09-19 12:25:22.939] [gas-forecast] [] [] [c.g.f.d.m.B.selectList] [http-nio-8080-exec-3] [DEBUG] - <==      Total: 1
[2026-09-19 12:25:22.939] [gas-forecast] [] [] [c.g.f.d.m.B.selectList] [http-nio-8080-exec-5] [DEBUG] - <==      Total: 21
[2026-09-19 12:25:22.939] [gas-forecast] [] [] [c.g.f.d.m.B.selectList] [http-nio-8080-exec-3] [DEBUG] - ==>  Preparing: SELECT id,customer_code,customer_name,industry_code,industry_name,region_code,region_name,created_at,updated_at,created_by,created_by_name,updated_by,updated_by_name,raw_region_name,raw_industry_name FROM base_customer_tb WHERE (customer_code IN (?))
[2026-09-19 12:25:22.940] [gas-forecast] [] [] [c.g.f.d.m.B.selectList] [http-nio-8080-exec-3] [DEBUG] - ==> Parameters: CUS000021(String)
[2026-09-19 12:25:22.940] [gas-forecast] [] [] [c.g.f.d.m.B.selectList] [http-nio-8080-exec-3] [DEBUG] - <==      Total: 1
[2026-09-19 12:25:40.597] [gas-forecast] [] [] [c.g.f.d.m.S.selectByUsername] [http-nio-8080-exec-7] [DEBUG] - ==>  Preparing: select distinct p.* from sys_permission_tb p where p.status = 1 and ( exists ( select 1 from sys_user_tb u join sys_user_role_ref ur on ur.user_id = u.id join sys_role_permission_ref rp on rp.role_id = ur.role_id where rp.permission_id = p.id and u.username = ? and u.deleted = 0 ) or exists ( select 1 from sys_user_tb u join sys_user_department_ref ud on ud.user_id = u.id join sys_department_permission_ref dp on dp.department_id = ud.department_id where dp.permission_id = p.id and u.username = ? and u.deleted = 0 ) ) order by p.sort_no, p.id
[2026-09-19 12:25:40.598] [gas-forecast] [] [] [c.g.f.d.m.S.selectByUsername] [http-nio-8080-exec-10] [DEBUG] - ==>  Preparing: select distinct p.* from sys_permission_tb p where p.status = 1 and ( exists ( select 1 from sys_user_tb u join sys_user_role_ref ur on ur.user_id = u.id join sys_role_permission_ref rp on rp.role_id = ur.role_id where rp.permission_id = p.id and u.username = ? and u.deleted = 0 ) or exists ( select 1 from sys_user_tb u join sys_user_department_ref ud on ud.user_id = u.id join sys_department_permission_ref dp on dp.department_id = ud.department_id where dp.permission_id = p.id and u.username = ? and u.deleted = 0 ) ) order by p.sort_no, p.id
[2026-09-19 12:25:40.598] [gas-forecast] [] [] [c.g.f.d.m.S.selectByUsername] [http-nio-8080-exec-8] [DEBUG] - ==>  Preparing: select distinct p.* from sys_permission_tb p where p.status = 1 and ( exists ( select 1 from sys_user_tb u join sys_user_role_ref ur on ur.user_id = u.id join sys_role_permission_ref rp on rp.role_id = ur.role_id where rp.permission_id = p.id and u.username = ? and u.deleted = 0 ) or exists ( select 1 from sys_user_tb u join sys_user_department_ref ud on ud.user_id = u.id join sys_department_permission_ref dp on dp.department_id = ud.department_id where dp.permission_id = p.id and u.username = ? and u.deleted = 0 ) ) order by p.sort_no, p.id
[2026-09-19 12:25:40.598] [gas-forecast] [] [] [c.g.f.d.m.S.selectByUsername] [http-nio-8080-exec-7] [DEBUG] - ==> Parameters: admin(String), admin(String)
[2026-09-19 12:25:40.598] [gas-forecast] [] [] [c.g.f.d.m.S.selectByUsername] [http-nio-8080-exec-10] [DEBUG] - ==> Parameters: admin(String), admin(String)
[2026-09-19 12:25:40.598] [gas-forecast] [] [] [c.g.f.d.m.S.selectByUsername] [http-nio-8080-exec-8] [DEBUG] - ==> Parameters: admin(String), admin(String)
[2026-09-19 12:25:40.601] [gas-forecast] [] [] [c.g.f.d.m.S.selectByUsername] [http-nio-8080-exec-7] [DEBUG] - <==      Total: 64
[2026-09-19 12:25:40.601] [gas-forecast] [] [] [c.g.f.d.m.M.selectList_mpCount] [http-nio-8080-exec-6] [DEBUG] - ==>  Preparing: SELECT COUNT(*) AS total FROM model_config_tb
[2026-09-19 12:25:40.601] [gas-forecast] [] [] [c.g.f.d.m.M.selectList_mpCount] [http-nio-8080-exec-6] [DEBUG] - ==> Parameters: 
[2026-09-19 12:25:40.601] [gas-forecast] [] [] [c.g.f.d.m.S.selectByUsername] [http-nio-8080-exec-8] [DEBUG] - <==      Total: 64
[2026-09-19 12:25:40.602] [gas-forecast] [] [] [c.g.f.d.m.S.selectByUsername] [http-nio-8080-exec-10] [DEBUG] - <==      Total: 64
[2026-09-19 12:25:40.602] [gas-forecast] [] [] [c.g.f.d.m.M.selectList_mpCount] [http-nio-8080-exec-9] [DEBUG] - ==>  Preparing: SELECT COUNT(*) AS total FROM model_train_config_tb
[2026-09-19 12:25:40.602] [gas-forecast] [] [] [c.g.f.d.m.M.selectList_mpCount] [http-nio-8080-exec-9] [DEBUG] - ==> Parameters: 
[2026-09-19 12:25:40.602] [gas-forecast] [] [] [c.g.f.d.m.M.selectList_mpCount] [http-nio-8080-exec-6] [DEBUG] - <==      Total: 1
[2026-09-19 12:25:40.602] [gas-forecast] [] [] [c.g.f.d.m.M.selectList] [http-nio-8080-exec-6] [DEBUG] - ==>  Preparing: SELECT id,model_code,model_name,model_version,agent_code,description,created_by,created_at,updated_at,created_by_name FROM model_config_tb ORDER BY updated_at DESC,id DESC LIMIT ?
[2026-09-19 12:25:40.603] [gas-forecast] [] [] [c.g.f.d.m.M.selectList] [http-nio-8080-exec-6] [DEBUG] - ==> Parameters: 1000(Long)
[2026-09-19 12:25:40.603] [gas-forecast] [] [] [c.g.f.d.m.M.selectList] [http-nio-8080-exec-6] [DEBUG] - <==      Total: 2
[2026-09-19 12:25:40.604] [gas-forecast] [] [] [c.g.f.d.m.M.selectList] [http-nio-8080-exec-6] [DEBUG] - ==>  Preparing: SELECT id,model_code,region_code,industry_code,customer_code,created_by,created_at,updated_at,created_by_name FROM model_config_scope_tb WHERE (model_code IN (?,?)) ORDER BY id DESC
[2026-09-19 12:25:40.604] [gas-forecast] [] [] [c.g.f.d.m.M.selectList] [http-nio-8080-exec-6] [DEBUG] - ==> Parameters: MODEL000002(String), MODEL000001(String)
[2026-09-19 12:25:40.605] [gas-forecast] [] [] [c.g.f.d.m.M.selectList_mpCount] [http-nio-8080-exec-9] [DEBUG] - <==      Total: 1
[2026-09-19 12:25:40.605] [gas-forecast] [] [] [c.g.f.d.m.M.selectList] [http-nio-8080-exec-9] [DEBUG] - ==>  Preparing: SELECT id,train_code,train_name,agent_code,model_code,model_name,scope_type,region_code,region_name,industry_code,industry_name,customer_code,customer_name,train_start_date,train_end_date,train_mode,time_granularity,recent_periods,enabled,remark,created_by,created_by_name,created_at,updated_at FROM model_train_config_tb ORDER BY updated_at DESC,id DESC LIMIT ?
[2026-09-19 12:25:40.605] [gas-forecast] [] [] [c.g.f.d.m.M.selectList] [http-nio-8080-exec-9] [DEBUG] - ==> Parameters: 10(Long)
[2026-09-19 12:25:40.605] [gas-forecast] [] [] [c.g.f.d.m.M.selectList] [http-nio-8080-exec-6] [DEBUG] - <==      Total: 8
[2026-09-19 12:25:40.605] [gas-forecast] [] [] [c.g.f.d.m.B.selectList_mpCount] [http-nio-8080-exec-7] [DEBUG] - ==>  Preparing: SELECT COUNT(*) AS total FROM base_region_tb
[2026-09-19 12:25:40.605] [gas-forecast] [] [] [c.g.f.d.m.B.selectList_mpCount] [http-nio-8080-exec-7] [DEBUG] - ==> Parameters: 
[2026-09-19 12:25:40.605] [gas-forecast] [] [] [c.g.f.d.m.M.selectList] [http-nio-8080-exec-6] [DEBUG] - ==>  Preparing: SELECT id,model_id,feature_id,required_flag,feature_order,created_at,created_by FROM model_feature_ref WHERE (model_id IN (?,?)) ORDER BY feature_order ASC,id ASC
[2026-09-19 12:25:40.605] [gas-forecast] [] [] [c.g.f.d.m.M.selectList] [http-nio-8080-exec-6] [DEBUG] - ==> Parameters: 2(Long), 1(Long)
[2026-09-19 12:25:40.605] [gas-forecast] [] [] [c.g.f.d.m.M.selectList] [http-nio-8080-exec-9] [DEBUG] - <==      Total: 1
[2026-09-19 12:25:40.606] [gas-forecast] [] [] [c.g.f.d.m.B.selectList_mpCount] [http-nio-8080-exec-8] [DEBUG] - ==>  Preparing: SELECT COUNT(*) AS total FROM base_industry_tb
[2026-09-19 12:25:40.606] [gas-forecast] [] [] [c.g.f.d.m.B.selectList_mpCount] [http-nio-8080-exec-7] [DEBUG] - <==      Total: 1
[2026-09-19 12:25:40.606] [gas-forecast] [] [] [c.g.f.d.m.B.selectList_mpCount] [http-nio-8080-exec-8] [DEBUG] - ==> Parameters: 
[2026-09-19 12:25:40.606] [gas-forecast] [] [] [c.g.f.d.m.B.selectList] [http-nio-8080-exec-7] [DEBUG] - ==>  Preparing: SELECT id,region_code,region_name,remark,created_by,created_at,updated_by,updated_at,updated_by_name,created_by_name FROM base_region_tb ORDER BY updated_at DESC,id DESC LIMIT ?
[2026-09-19 12:25:40.606] [gas-forecast] [] [] [c.g.f.d.m.B.selectList] [http-nio-8080-exec-7] [DEBUG] - ==> Parameters: 1000(Long)
[2026-09-19 12:25:40.606] [gas-forecast] [] [] [c.g.f.d.m.M.selectList] [http-nio-8080-exec-6] [DEBUG] - <==      Total: 5
[2026-09-19 12:25:40.606] [gas-forecast] [] [] [c.g.f.d.m.M.selectBatchIds] [http-nio-8080-exec-6] [DEBUG] - ==>  Preparing: SELECT id,feature_code,feature_name,feature_column,time_granularity,enabled,description,created_at,created_by,updated_by_name FROM model_feature_definition_tb WHERE id IN ( ? , ? , ? , ? , ? )
[2026-09-19 12:25:40.606] [gas-forecast] [] [] [c.g.f.d.m.B.selectList_mpCount] [http-nio-8080-exec-10] [DEBUG] - ==>  Preparing: SELECT COUNT(*) AS total FROM base_customer_tb
[2026-09-19 12:25:40.606] [gas-forecast] [] [] [c.g.f.d.m.M.selectBatchIds] [http-nio-8080-exec-6] [DEBUG] - ==> Parameters: 5(Long), 4(Long), 3(Long), 2(Long), 1(Long)
[2026-09-19 12:25:40.606] [gas-forecast] [] [] [c.g.f.d.m.B.selectList_mpCount] [http-nio-8080-exec-10] [DEBUG] - ==> Parameters: 
[2026-09-19 12:25:40.607] [gas-forecast] [] [] [c.g.f.d.m.B.selectList_mpCount] [http-nio-8080-exec-8] [DEBUG] - <==      Total: 1
[2026-09-19 12:25:40.607] [gas-forecast] [] [] [c.g.f.d.m.B.selectList] [http-nio-8080-exec-7] [DEBUG] - <==      Total: 8
[2026-09-19 12:25:40.607] [gas-forecast] [] [] [c.g.f.d.m.B.selectList] [http-nio-8080-exec-8] [DEBUG] - ==>  Preparing: SELECT id,industry_code,industry_name,created_at,updated_at,created_by,created_by_name,updated_by,updated_by_name FROM base_industry_tb ORDER BY updated_at DESC,id DESC LIMIT ?
[2026-09-19 12:25:40.607] [gas-forecast] [] [] [c.g.f.d.m.M.selectBatchIds] [http-nio-8080-exec-6] [DEBUG] - <==      Total: 5
[2026-09-19 12:25:40.607] [gas-forecast] [] [] [c.g.f.d.m.B.selectList] [http-nio-8080-exec-8] [DEBUG] - ==> Parameters: 1000(Long)
[2026-09-19 12:25:40.608] [gas-forecast] [] [] [c.g.f.d.m.B.selectList] [http-nio-8080-exec-6] [DEBUG] - ==>  Preparing: SELECT id,region_code,region_name,remark,created_by,created_at,updated_by,updated_at,updated_by_name,created_by_name FROM base_region_tb WHERE (region_code IN (?,?,?,?,?,?,?))
[2026-09-19 12:25:40.608] [gas-forecast] [] [] [c.g.f.d.m.B.selectList] [http-nio-8080-exec-6] [DEBUG] - ==> Parameters: REG000005(String), REG000006(String), REG000007(String), REG000008(String), REG000009(String), REG000010(String), REG000011(String)
[2026-09-19 12:25:40.608] [gas-forecast] [] [] [c.g.f.d.m.B.selectList] [http-nio-8080-exec-8] [DEBUG] - <==      Total: 4
[2026-09-19 12:25:40.609] [gas-forecast] [] [] [c.g.f.d.m.B.selectList] [http-nio-8080-exec-6] [DEBUG] - <==      Total: 7
[2026-09-19 12:25:40.609] [gas-forecast] [] [] [c.g.f.d.m.B.selectList] [http-nio-8080-exec-6] [DEBUG] - ==>  Preparing: SELECT id,industry_code,industry_name,created_at,updated_at,created_by,created_by_name,updated_by,updated_by_name FROM base_industry_tb WHERE (industry_code IN (?))
[2026-09-19 12:25:40.609] [gas-forecast] [] [] [c.g.f.d.m.B.selectList] [http-nio-8080-exec-6] [DEBUG] - ==> Parameters: IND000003(String)
[2026-09-19 12:25:40.610] [gas-forecast] [] [] [c.g.f.d.m.B.selectList] [http-nio-8080-exec-6] [DEBUG] - <==      Total: 1
[2026-09-19 12:25:40.611] [gas-forecast] [] [] [c.g.f.d.m.B.selectList_mpCount] [http-nio-8080-exec-10] [DEBUG] - <==      Total: 1
[2026-09-19 12:25:40.611] [gas-forecast] [] [] [c.g.f.d.m.B.selectList] [http-nio-8080-exec-6] [DEBUG] - ==>  Preparing: SELECT id,customer_code,customer_name,industry_code,industry_name,region_code,region_name,created_at,updated_at,created_by,created_by_name,updated_by,updated_by_name,raw_region_name,raw_industry_name FROM base_customer_tb WHERE (customer_code IN (?))
[2026-09-19 12:25:40.611] [gas-forecast] [] [] [c.g.f.d.m.B.selectList] [http-nio-8080-exec-10] [DEBUG] - ==>  Preparing: SELECT id,customer_code,customer_name,industry_code,industry_name,region_code,region_name,created_at,updated_at,created_by,created_by_name,updated_by,updated_by_name,raw_region_name,raw_industry_name FROM base_customer_tb ORDER BY updated_at DESC,id DESC LIMIT ?
[2026-09-19 12:25:40.611] [gas-forecast] [] [] [c.g.f.d.m.B.selectList] [http-nio-8080-exec-10] [DEBUG] - ==> Parameters: 1000(Long)
[2026-09-19 12:25:40.611] [gas-forecast] [] [] [c.g.f.d.m.B.selectList] [http-nio-8080-exec-6] [DEBUG] - ==> Parameters: CUS000021(String)
[2026-09-19 12:25:40.612] [gas-forecast] [] [] [c.g.f.d.m.B.selectList] [http-nio-8080-exec-6] [DEBUG] - <==      Total: 1
[2026-09-19 12:25:40.612] [gas-forecast] [] [] [c.g.f.d.m.B.selectList] [http-nio-8080-exec-10] [DEBUG] - <==      Total: 21
[2026-09-19 12:31:59.058] [gas-forecast] [] [] [c.g.f.d.m.S.selectByUsername] [http-nio-8080-exec-5] [DEBUG] - ==>  Preparing: select distinct p.* from sys_permission_tb p where p.status = 1 and ( exists ( select 1 from sys_user_tb u join sys_user_role_ref ur on ur.user_id = u.id join sys_role_permission_ref rp on rp.role_id = ur.role_id where rp.permission_id = p.id and u.username = ? and u.deleted = 0 ) or exists ( select 1 from sys_user_tb u join sys_user_department_ref ud on ud.user_id = u.id join sys_department_permission_ref dp on dp.department_id = ud.department_id where dp.permission_id = p.id and u.username = ? and u.deleted = 0 ) ) order by p.sort_no, p.id
[2026-09-19 12:31:59.058] [gas-forecast] [] [] [c.g.f.d.m.SysUserTbMapper.selectList] [http-nio-8080-exec-1] [DEBUG] - ==>  Preparing: SELECT id,username,real_name,password_hash,password_salt,avatar,email,phone,org_code,status,deleted,created_at,updated_at FROM sys_user_tb WHERE (username = ? AND deleted = ?)
[2026-09-19 12:31:59.073] [gas-forecast] [] [] [c.g.f.d.m.S.selectByUsername] [http-nio-8080-exec-4] [DEBUG] - ==>  Preparing: select distinct p.* from sys_permission_tb p where p.status = 1 and ( exists ( select 1 from sys_user_tb u join sys_user_role_ref ur on ur.user_id = u.id join sys_role_permission_ref rp on rp.role_id = ur.role_id where rp.permission_id = p.id and u.username = ? and u.deleted = 0 ) or exists ( select 1 from sys_user_tb u join sys_user_department_ref ud on ud.user_id = u.id join sys_department_permission_ref dp on dp.department_id = ud.department_id where dp.permission_id = p.id and u.username = ? and u.deleted = 0 ) ) order by p.sort_no, p.id
[2026-09-19 12:31:59.074] [gas-forecast] [] [] [c.g.f.d.m.S.selectByUsername] [http-nio-8080-exec-4] [DEBUG] - ==> Parameters: admin(String), admin(String)
[2026-09-19 12:31:59.074] [gas-forecast] [] [] [c.g.f.d.m.S.selectByUsername] [http-nio-8080-exec-5] [DEBUG] - ==> Parameters: admin(String), admin(String)
[2026-09-19 12:31:59.074] [gas-forecast] [] [] [c.g.f.d.m.SysUserTbMapper.selectList] [http-nio-8080-exec-1] [DEBUG] - ==> Parameters: admin(String), 0(Integer)
[2026-09-19 12:31:59.086] [gas-forecast] [] [] [c.g.f.d.m.M.selectList_mpCount] [http-nio-8080-exec-6] [DEBUG] - ==>  Preparing: SELECT COUNT(*) AS total FROM model_train_config_tb
[2026-09-19 12:31:59.086] [gas-forecast] [] [] [c.g.f.d.m.M.selectList_mpCount] [http-nio-8080-exec-6] [DEBUG] - ==> Parameters: 
[2026-09-19 12:31:59.089] [gas-forecast] [] [] [c.g.f.d.m.M.selectList_mpCount] [http-nio-8080-exec-6] [DEBUG] - <==      Total: 1
[2026-09-19 12:31:59.090] [gas-forecast] [] [] [c.g.f.d.m.SysUserTbMapper.selectList] [http-nio-8080-exec-1] [DEBUG] - <==      Total: 1
[2026-09-19 12:31:59.092] [gas-forecast] [] [] [c.g.f.d.m.S.selectByUsername] [http-nio-8080-exec-3] [DEBUG] - ==>  Preparing: select distinct p.* from sys_permission_tb p where p.status = 1 and ( exists ( select 1 from sys_user_tb u join sys_user_role_ref ur on ur.user_id = u.id join sys_role_permission_ref rp on rp.role_id = ur.role_id where rp.permission_id = p.id and u.username = ? and u.deleted = 0 ) or exists ( select 1 from sys_user_tb u join sys_user_department_ref ud on ud.user_id = u.id join sys_department_permission_ref dp on dp.department_id = ud.department_id where dp.permission_id = p.id and u.username = ? and u.deleted = 0 ) ) order by p.sort_no, p.id
[2026-09-19 12:31:59.093] [gas-forecast] [] [] [c.g.f.d.m.S.selectByUsername] [http-nio-8080-exec-3] [DEBUG] - ==> Parameters: admin(String), admin(String)
[2026-09-19 12:31:59.093] [gas-forecast] [] [] [c.g.f.d.m.M.selectList] [http-nio-8080-exec-6] [DEBUG] - ==>  Preparing: SELECT id,train_code,train_name,agent_code,model_code,model_name,scope_type,region_code,region_name,industry_code,industry_name,customer_code,customer_name,train_start_date,train_end_date,train_mode,time_granularity,recent_periods,enabled,remark,created_by,created_by_name,created_at,updated_at FROM model_train_config_tb ORDER BY updated_at DESC,id DESC LIMIT ?
[2026-09-19 12:31:59.094] [gas-forecast] [] [] [c.g.f.d.m.M.selectList] [http-nio-8080-exec-6] [DEBUG] - ==> Parameters: 10(Long)
[2026-09-19 12:31:59.095] [gas-forecast] [] [] [c.g.f.d.m.M.selectList] [http-nio-8080-exec-6] [DEBUG] - <==      Total: 1
[2026-09-19 12:31:59.096] [gas-forecast] [] [] [c.g.f.d.m.M.selectList_mpCount] [http-nio-8080-exec-2] [DEBUG] - ==>  Preparing: SELECT COUNT(*) AS total FROM model_config_tb
[2026-09-19 12:31:59.096] [gas-forecast] [] [] [c.g.f.d.m.M.selectList_mpCount] [http-nio-8080-exec-2] [DEBUG] - ==> Parameters: 
[2026-09-19 12:31:59.096] [gas-forecast] [] [] [c.g.f.d.m.S.selectByUsername] [http-nio-8080-exec-5] [DEBUG] - <==      Total: 64
[2026-09-19 12:31:59.097] [gas-forecast] [] [] [c.g.f.d.m.S.selectByUsername] [http-nio-8080-exec-4] [DEBUG] - <==      Total: 64
[2026-09-19 12:31:59.097] [gas-forecast] [] [] [c.g.f.d.m.S.selectRoleCodesByUsername] [http-nio-8080-exec-1] [DEBUG] - ==>  Preparing: select r.role_code from sys_user_tb u join sys_user_role_ref ur on ur.user_id = u.id join sys_role_tb r on r.id = ur.role_id where u.username = ? order by r.role_code
[2026-09-19 12:31:59.097] [gas-forecast] [] [] [c.g.f.d.m.S.selectRoleCodesByUsername] [http-nio-8080-exec-1] [DEBUG] - ==> Parameters: admin(String)
[2026-09-19 12:31:59.098] [gas-forecast] [] [] [c.g.f.d.m.S.selectRoleCodesByUsername] [http-nio-8080-exec-1] [DEBUG] - <==      Total: 1
[2026-09-19 12:31:59.098] [gas-forecast] [] [] [c.g.f.d.m.S.selectByUsername] [http-nio-8080-exec-1] [DEBUG] - ==>  Preparing: select distinct p.* from sys_permission_tb p where p.status = 1 and ( exists ( select 1 from sys_user_tb u join sys_user_role_ref ur on ur.user_id = u.id join sys_role_permission_ref rp on rp.role_id = ur.role_id where rp.permission_id = p.id and u.username = ? and u.deleted = 0 ) or exists ( select 1 from sys_user_tb u join sys_user_department_ref ud on ud.user_id = u.id join sys_department_permission_ref dp on dp.department_id = ud.department_id where dp.permission_id = p.id and u.username = ? and u.deleted = 0 ) ) order by p.sort_no, p.id
[2026-09-19 12:31:59.099] [gas-forecast] [] [] [c.g.f.d.m.S.selectByUsername] [http-nio-8080-exec-1] [DEBUG] - ==> Parameters: admin(String), admin(String)
[2026-09-19 12:31:59.099] [gas-forecast] [] [] [c.g.f.d.m.M.selectList_mpCount] [http-nio-8080-exec-2] [DEBUG] - <==      Total: 1
[2026-09-19 12:31:59.100] [gas-forecast] [] [] [c.g.f.d.m.S.selectByUsername] [http-nio-8080-exec-3] [DEBUG] - <==      Total: 64
[2026-09-19 12:31:59.106] [gas-forecast] [] [] [c.g.f.d.m.M.selectList] [http-nio-8080-exec-2] [DEBUG] - ==>  Preparing: SELECT id,model_code,model_name,model_version,agent_code,description,created_by,created_at,updated_at,created_by_name FROM model_config_tb ORDER BY updated_at DESC,id DESC LIMIT ?
[2026-09-19 12:31:59.106] [gas-forecast] [] [] [c.g.f.d.m.M.selectList] [http-nio-8080-exec-2] [DEBUG] - ==> Parameters: 1000(Long)
[2026-09-19 12:31:59.107] [gas-forecast] [] [] [c.g.f.d.m.M.selectList] [http-nio-8080-exec-2] [DEBUG] - <==      Total: 2
[2026-09-19 12:31:59.109] [gas-forecast] [] [] [c.g.f.d.m.S.selectByUsername] [http-nio-8080-exec-1] [DEBUG] - <==      Total: 64
[2026-09-19 12:31:59.109] [gas-forecast] [] [] [c.g.f.d.m.M.selectList] [http-nio-8080-exec-2] [DEBUG] - ==>  Preparing: SELECT id,model_code,region_code,industry_code,customer_code,created_by,created_at,updated_at,created_by_name FROM model_config_scope_tb WHERE (model_code IN (?,?)) ORDER BY id DESC
[2026-09-19 12:31:59.110] [gas-forecast] [] [] [c.g.f.d.m.M.selectList] [http-nio-8080-exec-2] [DEBUG] - ==> Parameters: MODEL000002(String), MODEL000001(String)
[2026-09-19 12:31:59.111] [gas-forecast] [] [] [c.g.f.d.m.M.selectList] [http-nio-8080-exec-2] [DEBUG] - <==      Total: 8
[2026-09-19 12:31:59.113] [gas-forecast] [] [] [c.g.f.d.m.M.selectList] [http-nio-8080-exec-2] [DEBUG] - ==>  Preparing: SELECT id,model_id,feature_id,required_flag,feature_order,created_at,created_by FROM model_feature_ref WHERE (model_id IN (?,?)) ORDER BY feature_order ASC,id ASC
[2026-09-19 12:31:59.113] [gas-forecast] [] [] [c.g.f.d.m.M.selectList] [http-nio-8080-exec-2] [DEBUG] - ==> Parameters: 2(Long), 1(Long)
[2026-09-19 12:31:59.114] [gas-forecast] [] [] [c.g.f.d.m.B.selectList_mpCount] [http-nio-8080-exec-3] [DEBUG] - ==>  Preparing: SELECT COUNT(*) AS total FROM base_region_tb
[2026-09-19 12:31:59.114] [gas-forecast] [] [] [c.g.f.d.m.B.selectList_mpCount] [http-nio-8080-exec-4] [DEBUG] - ==>  Preparing: SELECT COUNT(*) AS total FROM base_industry_tb
[2026-09-19 12:31:59.114] [gas-forecast] [] [] [c.g.f.d.m.B.selectList_mpCount] [http-nio-8080-exec-3] [DEBUG] - ==> Parameters: 
[2026-09-19 12:31:59.114] [gas-forecast] [] [] [c.g.f.d.m.B.selectList_mpCount] [http-nio-8080-exec-4] [DEBUG] - ==> Parameters: 
[2026-09-19 12:31:59.115] [gas-forecast] [] [] [c.g.f.d.m.B.selectList_mpCount] [http-nio-8080-exec-5] [DEBUG] - ==>  Preparing: SELECT COUNT(*) AS total FROM base_customer_tb
[2026-09-19 12:31:59.115] [gas-forecast] [] [] [c.g.f.d.m.B.selectList_mpCount] [http-nio-8080-exec-5] [DEBUG] - ==> Parameters: 
[2026-09-19 12:31:59.115] [gas-forecast] [] [] [c.g.f.d.m.M.selectList] [http-nio-8080-exec-2] [DEBUG] - <==      Total: 5
[2026-09-19 12:31:59.115] [gas-forecast] [] [] [c.g.f.d.m.B.selectList_mpCount] [http-nio-8080-exec-4] [DEBUG] - <==      Total: 1
[2026-09-19 12:31:59.115] [gas-forecast] [] [] [c.g.f.d.m.B.selectList_mpCount] [http-nio-8080-exec-5] [DEBUG] - <==      Total: 1
[2026-09-19 12:31:59.115] [gas-forecast] [] [] [c.g.f.d.m.B.selectList_mpCount] [http-nio-8080-exec-3] [DEBUG] - <==      Total: 1
[2026-09-19 12:31:59.115] [gas-forecast] [] [] [c.g.f.d.m.B.selectList] [http-nio-8080-exec-4] [DEBUG] - ==>  Preparing: SELECT id,industry_code,industry_name,created_at,updated_at,created_by,created_by_name,updated_by,updated_by_name FROM base_industry_tb ORDER BY updated_at DESC,id DESC LIMIT ?
[2026-09-19 12:31:59.115] [gas-forecast] [] [] [c.g.f.d.m.B.selectList] [http-nio-8080-exec-3] [DEBUG] - ==>  Preparing: SELECT id,region_code,region_name,remark,created_by,created_at,updated_by,updated_at,updated_by_name,created_by_name FROM base_region_tb ORDER BY updated_at DESC,id DESC LIMIT ?
[2026-09-19 12:31:59.115] [gas-forecast] [] [] [c.g.f.d.m.B.selectList] [http-nio-8080-exec-5] [DEBUG] - ==>  Preparing: SELECT id,customer_code,customer_name,industry_code,industry_name,region_code,region_name,created_at,updated_at,created_by,created_by_name,updated_by,updated_by_name,raw_region_name,raw_industry_name FROM base_customer_tb ORDER BY updated_at DESC,id DESC LIMIT ?
[2026-09-19 12:31:59.115] [gas-forecast] [] [] [c.g.f.d.m.B.selectList] [http-nio-8080-exec-3] [DEBUG] - ==> Parameters: 1000(Long)
[2026-09-19 12:31:59.115] [gas-forecast] [] [] [c.g.f.d.m.B.selectList] [http-nio-8080-exec-4] [DEBUG] - ==> Parameters: 1000(Long)
[2026-09-19 12:31:59.116] [gas-forecast] [] [] [c.g.f.d.m.B.selectList] [http-nio-8080-exec-5] [DEBUG] - ==> Parameters: 1000(Long)
[2026-09-19 12:31:59.116] [gas-forecast] [] [] [c.g.f.d.m.M.selectBatchIds] [http-nio-8080-exec-2] [DEBUG] - ==>  Preparing: SELECT id,feature_code,feature_name,feature_column,time_granularity,enabled,description,created_at,created_by,updated_by_name FROM model_feature_definition_tb WHERE id IN ( ? , ? , ? , ? , ? )
[2026-09-19 12:31:59.116] [gas-forecast] [] [] [c.g.f.d.m.M.selectBatchIds] [http-nio-8080-exec-2] [DEBUG] - ==> Parameters: 5(Long), 4(Long), 3(Long), 2(Long), 1(Long)
[2026-09-19 12:31:59.116] [gas-forecast] [] [] [c.g.f.d.m.B.selectList] [http-nio-8080-exec-4] [DEBUG] - <==      Total: 4
[2026-09-19 12:31:59.116] [gas-forecast] [] [] [c.g.f.d.m.B.selectList] [http-nio-8080-exec-3] [DEBUG] - <==      Total: 8
[2026-09-19 12:31:59.117] [gas-forecast] [] [] [c.g.f.d.m.B.selectList] [http-nio-8080-exec-5] [DEBUG] - <==      Total: 21
[2026-09-19 12:31:59.119] [gas-forecast] [] [] [c.g.f.d.m.M.selectBatchIds] [http-nio-8080-exec-2] [DEBUG] - <==      Total: 5
[2026-09-19 12:31:59.120] [gas-forecast] [] [] [c.g.f.d.m.B.selectList] [http-nio-8080-exec-2] [DEBUG] - ==>  Preparing: SELECT id,region_code,region_name,remark,created_by,created_at,updated_by,updated_at,updated_by_name,created_by_name FROM base_region_tb WHERE (region_code IN (?,?,?,?,?,?,?))
[2026-09-19 12:31:59.121] [gas-forecast] [] [] [c.g.f.d.m.B.selectList] [http-nio-8080-exec-2] [DEBUG] - ==> Parameters: REG000005(String), REG000006(String), REG000007(String), REG000008(String), REG000009(String), REG000010(String), REG000011(String)
[2026-09-19 12:31:59.121] [gas-forecast] [] [] [c.g.f.d.m.B.selectList] [http-nio-8080-exec-2] [DEBUG] - <==      Total: 7
[2026-09-19 12:31:59.123] [gas-forecast] [] [] [c.g.f.d.m.B.selectList] [http-nio-8080-exec-2] [DEBUG] - ==>  Preparing: SELECT id,industry_code,industry_name,created_at,updated_at,created_by,created_by_name,updated_by,updated_by_name FROM base_industry_tb WHERE (industry_code IN (?))
[2026-09-19 12:31:59.123] [gas-forecast] [] [] [c.g.f.d.m.B.selectList] [http-nio-8080-exec-2] [DEBUG] - ==> Parameters: IND000003(String)
[2026-09-19 12:31:59.124] [gas-forecast] [] [] [c.g.f.d.m.B.selectList] [http-nio-8080-exec-2] [DEBUG] - <==      Total: 1
[2026-09-19 12:31:59.124] [gas-forecast] [] [] [c.g.f.d.m.B.selectList] [http-nio-8080-exec-2] [DEBUG] - ==>  Preparing: SELECT id,customer_code,customer_name,industry_code,industry_name,region_code,region_name,created_at,updated_at,created_by,created_by_name,updated_by,updated_by_name,raw_region_name,raw_industry_name FROM base_customer_tb WHERE (customer_code IN (?))
[2026-09-19 12:31:59.124] [gas-forecast] [] [] [c.g.f.d.m.B.selectList] [http-nio-8080-exec-2] [DEBUG] - ==> Parameters: CUS000021(String)
[2026-09-19 12:31:59.125] [gas-forecast] [] [] [c.g.f.d.m.B.selectList] [http-nio-8080-exec-2] [DEBUG] - <==      Total: 1
[2026-09-19 13:00:42.736] [gas-forecast] [] [] [c.g.f.d.m.SysUserTbMapper.selectList] [http-nio-8080-exec-7] [DEBUG] - ==>  Preparing: SELECT id,username,real_name,password_hash,password_salt,avatar,email,phone,org_code,status,deleted,created_at,updated_at FROM sys_user_tb WHERE (username = ? AND deleted = ?)
[2026-09-19 13:00:42.737] [gas-forecast] [] [] [c.g.f.d.m.SysUserTbMapper.selectList] [http-nio-8080-exec-7] [DEBUG] - ==> Parameters: admin(String), 0(Integer)
[2026-09-19 13:00:42.741] [gas-forecast] [] [] [c.g.f.d.m.SysUserTbMapper.selectList] [http-nio-8080-exec-7] [DEBUG] - <==      Total: 1
[2026-09-19 13:00:42.742] [gas-forecast] [] [] [c.g.f.d.m.S.selectRoleCodesByUsername] [http-nio-8080-exec-7] [DEBUG] - ==>  Preparing: select r.role_code from sys_user_tb u join sys_user_role_ref ur on ur.user_id = u.id join sys_role_tb r on r.id = ur.role_id where u.username = ? order by r.role_code
[2026-09-19 13:00:42.742] [gas-forecast] [] [] [c.g.f.d.m.S.selectRoleCodesByUsername] [http-nio-8080-exec-7] [DEBUG] - ==> Parameters: admin(String)
[2026-09-19 13:00:42.743] [gas-forecast] [] [] [c.g.f.d.m.S.selectRoleCodesByUsername] [http-nio-8080-exec-7] [DEBUG] - <==      Total: 1
[2026-09-19 13:00:42.744] [gas-forecast] [] [] [c.g.f.d.m.S.selectByUsername] [http-nio-8080-exec-7] [DEBUG] - ==>  Preparing: select distinct p.* from sys_permission_tb p where p.status = 1 and ( exists ( select 1 from sys_user_tb u join sys_user_role_ref ur on ur.user_id = u.id join sys_role_permission_ref rp on rp.role_id = ur.role_id where rp.permission_id = p.id and u.username = ? and u.deleted = 0 ) or exists ( select 1 from sys_user_tb u join sys_user_department_ref ud on ud.user_id = u.id join sys_department_permission_ref dp on dp.department_id = ud.department_id where dp.permission_id = p.id and u.username = ? and u.deleted = 0 ) ) order by p.sort_no, p.id
[2026-09-19 13:00:42.744] [gas-forecast] [] [] [c.g.f.d.m.S.selectByUsername] [http-nio-8080-exec-7] [DEBUG] - ==> Parameters: admin(String), admin(String)
[2026-09-19 13:00:42.747] [gas-forecast] [] [] [c.g.f.d.m.S.selectByUsername] [http-nio-8080-exec-7] [DEBUG] - <==      Total: 64
[2026-09-19 13:00:42.779] [gas-forecast] [] [] [c.g.f.d.m.S.selectByUsername] [http-nio-8080-exec-8] [DEBUG] - ==>  Preparing: select distinct p.* from sys_permission_tb p where p.status = 1 and ( exists ( select 1 from sys_user_tb u join sys_user_role_ref ur on ur.user_id = u.id join sys_role_permission_ref rp on rp.role_id = ur.role_id where rp.permission_id = p.id and u.username = ? and u.deleted = 0 ) or exists ( select 1 from sys_user_tb u join sys_user_department_ref ud on ud.user_id = u.id join sys_department_permission_ref dp on dp.department_id = ud.department_id where dp.permission_id = p.id and u.username = ? and u.deleted = 0 ) ) order by p.sort_no, p.id
[2026-09-19 13:00:42.779] [gas-forecast] [] [] [c.g.f.d.m.S.selectByUsername] [http-nio-8080-exec-8] [DEBUG] - ==> Parameters: admin(String), admin(String)
[2026-09-19 13:00:42.779] [gas-forecast] [] [] [c.g.f.d.m.S.selectByUsername] [http-nio-8080-exec-4] [DEBUG] - ==>  Preparing: select distinct p.* from sys_permission_tb p where p.status = 1 and ( exists ( select 1 from sys_user_tb u join sys_user_role_ref ur on ur.user_id = u.id join sys_role_permission_ref rp on rp.role_id = ur.role_id where rp.permission_id = p.id and u.username = ? and u.deleted = 0 ) or exists ( select 1 from sys_user_tb u join sys_user_department_ref ud on ud.user_id = u.id join sys_department_permission_ref dp on dp.department_id = ud.department_id where dp.permission_id = p.id and u.username = ? and u.deleted = 0 ) ) order by p.sort_no, p.id
[2026-09-19 13:00:42.779] [gas-forecast] [] [] [c.g.f.d.m.S.selectByUsername] [http-nio-8080-exec-9] [DEBUG] - ==>  Preparing: select distinct p.* from sys_permission_tb p where p.status = 1 and ( exists ( select 1 from sys_user_tb u join sys_user_role_ref ur on ur.user_id = u.id join sys_role_permission_ref rp on rp.role_id = ur.role_id where rp.permission_id = p.id and u.username = ? and u.deleted = 0 ) or exists ( select 1 from sys_user_tb u join sys_user_department_ref ud on ud.user_id = u.id join sys_department_permission_ref dp on dp.department_id = ud.department_id where dp.permission_id = p.id and u.username = ? and u.deleted = 0 ) ) order by p.sort_no, p.id
[2026-09-19 13:00:42.780] [gas-forecast] [] [] [c.g.f.d.m.S.selectByUsername] [http-nio-8080-exec-4] [DEBUG] - ==> Parameters: admin(String), admin(String)
[2026-09-19 13:00:42.780] [gas-forecast] [] [] [c.g.f.d.m.S.selectByUsername] [http-nio-8080-exec-9] [DEBUG] - ==> Parameters: admin(String), admin(String)
[2026-09-19 13:00:42.781] [gas-forecast] [] [] [c.g.f.d.m.M.selectList_mpCount] [http-nio-8080-exec-10] [DEBUG] - ==>  Preparing: SELECT COUNT(*) AS total FROM model_config_tb
[2026-09-19 13:00:42.781] [gas-forecast] [] [] [c.g.f.d.m.M.selectList_mpCount] [http-nio-8080-exec-10] [DEBUG] - ==> Parameters: 
[2026-09-19 13:00:42.782] [gas-forecast] [] [] [c.g.f.d.m.S.selectByUsername] [http-nio-8080-exec-4] [DEBUG] - <==      Total: 64
[2026-09-19 13:00:42.782] [gas-forecast] [] [] [c.g.f.d.m.M.selectList_mpCount] [http-nio-8080-exec-5] [DEBUG] - ==>  Preparing: SELECT COUNT(*) AS total FROM model_train_config_tb
[2026-09-19 13:00:42.782] [gas-forecast] [] [] [c.g.f.d.m.M.selectList_mpCount] [http-nio-8080-exec-5] [DEBUG] - ==> Parameters: 
[2026-09-19 13:00:42.782] [gas-forecast] [] [] [c.g.f.d.m.S.selectByUsername] [http-nio-8080-exec-8] [DEBUG] - <==      Total: 64
[2026-09-19 13:00:42.782] [gas-forecast] [] [] [c.g.f.d.m.S.selectByUsername] [http-nio-8080-exec-9] [DEBUG] - <==      Total: 64
[2026-09-19 13:00:42.782] [gas-forecast] [] [] [c.g.f.d.m.M.selectList_mpCount] [http-nio-8080-exec-10] [DEBUG] - <==      Total: 1
[2026-09-19 13:00:42.783] [gas-forecast] [] [] [c.g.f.d.m.M.selectList] [http-nio-8080-exec-10] [DEBUG] - ==>  Preparing: SELECT id,model_code,model_name,model_version,agent_code,description,created_by,created_at,updated_at,created_by_name FROM model_config_tb ORDER BY updated_at DESC,id DESC LIMIT ?
[2026-09-19 13:00:42.783] [gas-forecast] [] [] [c.g.f.d.m.M.selectList] [http-nio-8080-exec-10] [DEBUG] - ==> Parameters: 1000(Long)
[2026-09-19 13:00:42.783] [gas-forecast] [] [] [c.g.f.d.m.M.selectList_mpCount] [http-nio-8080-exec-5] [DEBUG] - <==      Total: 1
[2026-09-19 13:00:42.783] [gas-forecast] [] [] [c.g.f.d.m.M.selectList] [http-nio-8080-exec-5] [DEBUG] - ==>  Preparing: SELECT id,train_code,train_name,agent_code,model_code,model_name,scope_type,region_code,region_name,industry_code,industry_name,customer_code,customer_name,train_start_date,train_end_date,train_mode,time_granularity,recent_periods,enabled,remark,created_by,created_by_name,created_at,updated_at FROM model_train_config_tb ORDER BY updated_at DESC,id DESC LIMIT ?
[2026-09-19 13:00:42.783] [gas-forecast] [] [] [c.g.f.d.m.M.selectList] [http-nio-8080-exec-10] [DEBUG] - <==      Total: 2
[2026-09-19 13:00:42.784] [gas-forecast] [] [] [c.g.f.d.m.M.selectList] [http-nio-8080-exec-5] [DEBUG] - ==> Parameters: 10(Long)
[2026-09-19 13:00:42.784] [gas-forecast] [] [] [c.g.f.d.m.M.selectList] [http-nio-8080-exec-10] [DEBUG] - ==>  Preparing: SELECT id,model_code,region_code,industry_code,customer_code,created_by,created_at,updated_at,created_by_name FROM model_config_scope_tb WHERE (model_code IN (?,?)) ORDER BY id DESC
[2026-09-19 13:00:42.784] [gas-forecast] [] [] [c.g.f.d.m.M.selectList] [http-nio-8080-exec-10] [DEBUG] - ==> Parameters: MODEL000002(String), MODEL000001(String)
[2026-09-19 13:00:42.784] [gas-forecast] [] [] [c.g.f.d.m.M.selectList] [http-nio-8080-exec-5] [DEBUG] - <==      Total: 1
[2026-09-19 13:00:42.785] [gas-forecast] [] [] [c.g.f.d.m.M.selectList] [http-nio-8080-exec-10] [DEBUG] - <==      Total: 8
[2026-09-19 13:00:42.785] [gas-forecast] [] [] [c.g.f.d.m.M.selectList] [http-nio-8080-exec-10] [DEBUG] - ==>  Preparing: SELECT id,model_id,feature_id,required_flag,feature_order,created_at,created_by FROM model_feature_ref WHERE (model_id IN (?,?)) ORDER BY feature_order ASC,id ASC
[2026-09-19 13:00:42.785] [gas-forecast] [] [] [c.g.f.d.m.M.selectList] [http-nio-8080-exec-10] [DEBUG] - ==> Parameters: 2(Long), 1(Long)
[2026-09-19 13:00:42.785] [gas-forecast] [] [] [c.g.f.d.m.B.selectList_mpCount] [http-nio-8080-exec-8] [DEBUG] - ==>  Preparing: SELECT COUNT(*) AS total FROM base_region_tb
[2026-09-19 13:00:42.785] [gas-forecast] [] [] [c.g.f.d.m.B.selectList_mpCount] [http-nio-8080-exec-9] [DEBUG] - ==>  Preparing: SELECT COUNT(*) AS total FROM base_industry_tb
[2026-09-19 13:00:42.785] [gas-forecast] [] [] [c.g.f.d.m.B.selectList_mpCount] [http-nio-8080-exec-8] [DEBUG] - ==> Parameters: 
[2026-09-19 13:00:42.785] [gas-forecast] [] [] [c.g.f.d.m.B.selectList_mpCount] [http-nio-8080-exec-9] [DEBUG] - ==> Parameters: 
[2026-09-19 13:00:42.786] [gas-forecast] [] [] [c.g.f.d.m.B.selectList_mpCount] [http-nio-8080-exec-4] [DEBUG] - ==>  Preparing: SELECT COUNT(*) AS total FROM base_customer_tb
[2026-09-19 13:00:42.786] [gas-forecast] [] [] [c.g.f.d.m.B.selectList_mpCount] [http-nio-8080-exec-4] [DEBUG] - ==> Parameters: 
[2026-09-19 13:00:42.786] [gas-forecast] [] [] [c.g.f.d.m.M.selectList] [http-nio-8080-exec-10] [DEBUG] - <==      Total: 5
[2026-09-19 13:00:42.786] [gas-forecast] [] [] [c.g.f.d.m.B.selectList_mpCount] [http-nio-8080-exec-8] [DEBUG] - <==      Total: 1
[2026-09-19 13:00:42.786] [gas-forecast] [] [] [c.g.f.d.m.B.selectList] [http-nio-8080-exec-8] [DEBUG] - ==>  Preparing: SELECT id,region_code,region_name,remark,created_by,created_at,updated_by,updated_at,updated_by_name,created_by_name FROM base_region_tb ORDER BY updated_at DESC,id DESC LIMIT ?
[2026-09-19 13:00:42.786] [gas-forecast] [] [] [c.g.f.d.m.M.selectBatchIds] [http-nio-8080-exec-10] [DEBUG] - ==>  Preparing: SELECT id,feature_code,feature_name,feature_column,time_granularity,enabled,description,created_at,created_by,updated_by_name FROM model_feature_definition_tb WHERE id IN ( ? , ? , ? , ? , ? )
[2026-09-19 13:00:42.786] [gas-forecast] [] [] [c.g.f.d.m.B.selectList] [http-nio-8080-exec-8] [DEBUG] - ==> Parameters: 1000(Long)
[2026-09-19 13:00:42.786] [gas-forecast] [] [] [c.g.f.d.m.M.selectBatchIds] [http-nio-8080-exec-10] [DEBUG] - ==> Parameters: 5(Long), 4(Long), 3(Long), 2(Long), 1(Long)
[2026-09-19 13:00:42.788] [gas-forecast] [] [] [c.g.f.d.m.M.selectBatchIds] [http-nio-8080-exec-10] [DEBUG] - <==      Total: 5
[2026-09-19 13:00:42.788] [gas-forecast] [] [] [c.g.f.d.m.B.selectList] [http-nio-8080-exec-8] [DEBUG] - <==      Total: 8
[2026-09-19 13:00:42.788] [gas-forecast] [] [] [c.g.f.d.m.B.selectList] [http-nio-8080-exec-10] [DEBUG] - ==>  Preparing: SELECT id,region_code,region_name,remark,created_by,created_at,updated_by,updated_at,updated_by_name,created_by_name FROM base_region_tb WHERE (region_code IN (?,?,?,?,?,?,?))
[2026-09-19 13:00:42.789] [gas-forecast] [] [] [c.g.f.d.m.B.selectList] [http-nio-8080-exec-10] [DEBUG] - ==> Parameters: REG000005(String), REG000006(String), REG000007(String), REG000008(String), REG000009(String), REG000010(String), REG000011(String)
[2026-09-19 13:00:42.789] [gas-forecast] [] [] [c.g.f.d.m.B.selectList_mpCount] [http-nio-8080-exec-9] [DEBUG] - <==      Total: 1
[2026-09-19 13:00:42.789] [gas-forecast] [] [] [c.g.f.d.m.B.selectList] [http-nio-8080-exec-10] [DEBUG] - <==      Total: 7
[2026-09-19 13:00:42.789] [gas-forecast] [] [] [c.g.f.d.m.B.selectList] [http-nio-8080-exec-9] [DEBUG] - ==>  Preparing: SELECT id,industry_code,industry_name,created_at,updated_at,created_by,created_by_name,updated_by,updated_by_name FROM base_industry_tb ORDER BY updated_at DESC,id DESC LIMIT ?
[2026-09-19 13:00:42.790] [gas-forecast] [] [] [c.g.f.d.m.B.selectList] [http-nio-8080-exec-9] [DEBUG] - ==> Parameters: 1000(Long)
[2026-09-19 13:00:42.790] [gas-forecast] [] [] [c.g.f.d.m.B.selectList] [http-nio-8080-exec-10] [DEBUG] - ==>  Preparing: SELECT id,industry_code,industry_name,created_at,updated_at,created_by,created_by_name,updated_by,updated_by_name FROM base_industry_tb WHERE (industry_code IN (?))
[2026-09-19 13:00:42.790] [gas-forecast] [] [] [c.g.f.d.m.B.selectList] [http-nio-8080-exec-10] [DEBUG] - ==> Parameters: IND000003(String)
[2026-09-19 13:00:42.790] [gas-forecast] [] [] [c.g.f.d.m.B.selectList_mpCount] [http-nio-8080-exec-4] [DEBUG] - <==      Total: 1
[2026-09-19 13:00:42.790] [gas-forecast] [] [] [c.g.f.d.m.B.selectList] [http-nio-8080-exec-9] [DEBUG] - <==      Total: 4
[2026-09-19 13:00:42.791] [gas-forecast] [] [] [c.g.f.d.m.B.selectList] [http-nio-8080-exec-4] [DEBUG] - ==>  Preparing: SELECT id,customer_code,customer_name,industry_code,industry_name,region_code,region_name,created_at,updated_at,created_by,created_by_name,updated_by,updated_by_name,raw_region_name,raw_industry_name FROM base_customer_tb ORDER BY updated_at DESC,id DESC LIMIT ?
[2026-09-19 13:00:42.791] [gas-forecast] [] [] [c.g.f.d.m.B.selectList] [http-nio-8080-exec-10] [DEBUG] - <==      Total: 1
[2026-09-19 13:00:42.791] [gas-forecast] [] [] [c.g.f.d.m.B.selectList] [http-nio-8080-exec-4] [DEBUG] - ==> Parameters: 1000(Long)
[2026-09-19 13:00:42.791] [gas-forecast] [] [] [c.g.f.d.m.B.selectList] [http-nio-8080-exec-10] [DEBUG] - ==>  Preparing: SELECT id,customer_code,customer_name,industry_code,industry_name,region_code,region_name,created_at,updated_at,created_by,created_by_name,updated_by,updated_by_name,raw_region_name,raw_industry_name FROM base_customer_tb WHERE (customer_code IN (?))
[2026-09-19 13:00:42.791] [gas-forecast] [] [] [c.g.f.d.m.B.selectList] [http-nio-8080-exec-10] [DEBUG] - ==> Parameters: CUS000021(String)
[2026-09-19 13:00:42.792] [gas-forecast] [] [] [c.g.f.d.m.B.selectList] [http-nio-8080-exec-4] [DEBUG] - <==      Total: 21
[2026-09-19 13:00:42.792] [gas-forecast] [] [] [c.g.f.d.m.B.selectList] [http-nio-8080-exec-10] [DEBUG] - <==      Total: 1
[2026-09-19 13:01:17.961] [gas-forecast] [] [] [c.g.f.d.m.SysUserTbMapper.selectList] [http-nio-8080-exec-3] [DEBUG] - ==>  Preparing: SELECT id,username,real_name,password_hash,password_salt,avatar,email,phone,org_code,status,deleted,created_at,updated_at FROM sys_user_tb WHERE (username = ? AND deleted = ?)
[2026-09-19 13:01:17.961] [gas-forecast] [] [] [c.g.f.d.m.SysUserTbMapper.selectList] [http-nio-8080-exec-3] [DEBUG] - ==> Parameters: admin(String), 0(Integer)
[2026-09-19 13:01:17.962] [gas-forecast] [] [] [c.g.f.d.m.SysUserTbMapper.selectList] [http-nio-8080-exec-3] [DEBUG] - <==      Total: 1
[2026-09-19 13:01:17.962] [gas-forecast] [] [] [c.g.f.d.m.S.selectRoleCodesByUsername] [http-nio-8080-exec-3] [DEBUG] - ==>  Preparing: select r.role_code from sys_user_tb u join sys_user_role_ref ur on ur.user_id = u.id join sys_role_tb r on r.id = ur.role_id where u.username = ? order by r.role_code
[2026-09-19 13:01:17.963] [gas-forecast] [] [] [c.g.f.d.m.S.selectRoleCodesByUsername] [http-nio-8080-exec-3] [DEBUG] - ==> Parameters: admin(String)
[2026-09-19 13:01:17.964] [gas-forecast] [] [] [c.g.f.d.m.S.selectRoleCodesByUsername] [http-nio-8080-exec-3] [DEBUG] - <==      Total: 1
[2026-09-19 13:01:17.964] [gas-forecast] [] [] [c.g.f.d.m.S.selectByUsername] [http-nio-8080-exec-3] [DEBUG] - ==>  Preparing: select distinct p.* from sys_permission_tb p where p.status = 1 and ( exists ( select 1 from sys_user_tb u join sys_user_role_ref ur on ur.user_id = u.id join sys_role_permission_ref rp on rp.role_id = ur.role_id where rp.permission_id = p.id and u.username = ? and u.deleted = 0 ) or exists ( select 1 from sys_user_tb u join sys_user_department_ref ud on ud.user_id = u.id join sys_department_permission_ref dp on dp.department_id = ud.department_id where dp.permission_id = p.id and u.username = ? and u.deleted = 0 ) ) order by p.sort_no, p.id
[2026-09-19 13:01:17.964] [gas-forecast] [] [] [c.g.f.d.m.S.selectByUsername] [http-nio-8080-exec-3] [DEBUG] - ==> Parameters: admin(String), admin(String)
[2026-09-19 13:01:17.967] [gas-forecast] [] [] [c.g.f.d.m.S.selectByUsername] [http-nio-8080-exec-3] [DEBUG] - <==      Total: 64
[2026-09-19 13:01:18.027] [gas-forecast] [] [] [c.g.f.d.m.S.selectByUsername] [http-nio-8080-exec-7] [DEBUG] - ==>  Preparing: select distinct p.* from sys_permission_tb p where p.status = 1 and ( exists ( select 1 from sys_user_tb u join sys_user_role_ref ur on ur.user_id = u.id join sys_role_permission_ref rp on rp.role_id = ur.role_id where rp.permission_id = p.id and u.username = ? and u.deleted = 0 ) or exists ( select 1 from sys_user_tb u join sys_user_department_ref ud on ud.user_id = u.id join sys_department_permission_ref dp on dp.department_id = ud.department_id where dp.permission_id = p.id and u.username = ? and u.deleted = 0 ) ) order by p.sort_no, p.id
[2026-09-19 13:01:18.028] [gas-forecast] [] [] [c.g.f.d.m.S.selectByUsername] [http-nio-8080-exec-7] [DEBUG] - ==> Parameters: admin(String), admin(String)
[2026-09-19 13:01:18.028] [gas-forecast] [] [] [c.g.f.d.m.S.selectByUsername] [http-nio-8080-exec-2] [DEBUG] - ==>  Preparing: select distinct p.* from sys_permission_tb p where p.status = 1 and ( exists ( select 1 from sys_user_tb u join sys_user_role_ref ur on ur.user_id = u.id join sys_role_permission_ref rp on rp.role_id = ur.role_id where rp.permission_id = p.id and u.username = ? and u.deleted = 0 ) or exists ( select 1 from sys_user_tb u join sys_user_department_ref ud on ud.user_id = u.id join sys_department_permission_ref dp on dp.department_id = ud.department_id where dp.permission_id = p.id and u.username = ? and u.deleted = 0 ) ) order by p.sort_no, p.id
[2026-09-19 13:01:18.028] [gas-forecast] [] [] [c.g.f.d.m.S.selectByUsername] [http-nio-8080-exec-6] [DEBUG] - ==>  Preparing: select distinct p.* from sys_permission_tb p where p.status = 1 and ( exists ( select 1 from sys_user_tb u join sys_user_role_ref ur on ur.user_id = u.id join sys_role_permission_ref rp on rp.role_id = ur.role_id where rp.permission_id = p.id and u.username = ? and u.deleted = 0 ) or exists ( select 1 from sys_user_tb u join sys_user_department_ref ud on ud.user_id = u.id join sys_department_permission_ref dp on dp.department_id = ud.department_id where dp.permission_id = p.id and u.username = ? and u.deleted = 0 ) ) order by p.sort_no, p.id
[2026-09-19 13:01:18.028] [gas-forecast] [] [] [c.g.f.d.m.S.selectByUsername] [http-nio-8080-exec-2] [DEBUG] - ==> Parameters: admin(String), admin(String)
[2026-09-19 13:01:18.028] [gas-forecast] [] [] [c.g.f.d.m.S.selectByUsername] [http-nio-8080-exec-6] [DEBUG] - ==> Parameters: admin(String), admin(String)
[2026-09-19 13:01:18.030] [gas-forecast] [] [] [c.g.f.d.m.M.selectList_mpCount] [http-nio-8080-exec-1] [DEBUG] - ==>  Preparing: SELECT COUNT(*) AS total FROM model_config_tb
[2026-09-19 13:01:18.030] [gas-forecast] [] [] [c.g.f.d.m.S.selectByUsername] [http-nio-8080-exec-6] [DEBUG] - <==      Total: 64
[2026-09-19 13:01:18.030] [gas-forecast] [] [] [c.g.f.d.m.M.selectList_mpCount] [http-nio-8080-exec-1] [DEBUG] - ==> Parameters: 
[2026-09-19 13:01:18.030] [gas-forecast] [] [] [c.g.f.d.m.S.selectByUsername] [http-nio-8080-exec-7] [DEBUG] - <==      Total: 64
[2026-09-19 13:01:18.030] [gas-forecast] [] [] [c.g.f.d.m.M.selectList_mpCount] [http-nio-8080-exec-5] [DEBUG] - ==>  Preparing: SELECT COUNT(*) AS total FROM model_train_config_tb
[2026-09-19 13:01:18.030] [gas-forecast] [] [] [c.g.f.d.m.M.selectList_mpCount] [http-nio-8080-exec-5] [DEBUG] - ==> Parameters: 
[2026-09-19 13:01:18.031] [gas-forecast] [] [] [c.g.f.d.m.S.selectByUsername] [http-nio-8080-exec-2] [DEBUG] - <==      Total: 64
[2026-09-19 13:01:18.031] [gas-forecast] [] [] [c.g.f.d.m.M.selectList_mpCount] [http-nio-8080-exec-5] [DEBUG] - <==      Total: 1
[2026-09-19 13:01:18.031] [gas-forecast] [] [] [c.g.f.d.m.M.selectList] [http-nio-8080-exec-5] [DEBUG] - ==>  Preparing: SELECT id,train_code,train_name,agent_code,model_code,model_name,scope_type,region_code,region_name,industry_code,industry_name,customer_code,customer_name,train_start_date,train_end_date,train_mode,time_granularity,recent_periods,enabled,remark,created_by,created_by_name,created_at,updated_at FROM model_train_config_tb ORDER BY updated_at DESC,id DESC LIMIT ?
[2026-09-19 13:01:18.032] [gas-forecast] [] [] [c.g.f.d.m.M.selectList] [http-nio-8080-exec-5] [DEBUG] - ==> Parameters: 10(Long)
[2026-09-19 13:01:18.032] [gas-forecast] [] [] [c.g.f.d.m.M.selectList] [http-nio-8080-exec-5] [DEBUG] - <==      Total: 1
[2026-09-19 13:01:18.032] [gas-forecast] [] [] [c.g.f.d.m.M.selectList_mpCount] [http-nio-8080-exec-1] [DEBUG] - <==      Total: 1
[2026-09-19 13:01:18.032] [gas-forecast] [] [] [c.g.f.d.m.M.selectList] [http-nio-8080-exec-1] [DEBUG] - ==>  Preparing: SELECT id,model_code,model_name,model_version,agent_code,description,created_by,created_at,updated_at,created_by_name FROM model_config_tb ORDER BY updated_at DESC,id DESC LIMIT ?
[2026-09-19 13:01:18.033] [gas-forecast] [] [] [c.g.f.d.m.M.selectList] [http-nio-8080-exec-1] [DEBUG] - ==> Parameters: 1000(Long)
[2026-09-19 13:01:18.033] [gas-forecast] [] [] [c.g.f.d.m.M.selectList] [http-nio-8080-exec-1] [DEBUG] - <==      Total: 2
[2026-09-19 13:01:18.034] [gas-forecast] [] [] [c.g.f.d.m.M.selectList] [http-nio-8080-exec-1] [DEBUG] - ==>  Preparing: SELECT id,model_code,region_code,industry_code,customer_code,created_by,created_at,updated_at,created_by_name FROM model_config_scope_tb WHERE (model_code IN (?,?)) ORDER BY id DESC
[2026-09-19 13:01:18.034] [gas-forecast] [] [] [c.g.f.d.m.B.selectList_mpCount] [http-nio-8080-exec-6] [DEBUG] - ==>  Preparing: SELECT COUNT(*) AS total FROM base_region_tb
[2026-09-19 13:01:18.034] [gas-forecast] [] [] [c.g.f.d.m.B.selectList_mpCount] [http-nio-8080-exec-2] [DEBUG] - ==>  Preparing: SELECT COUNT(*) AS total FROM base_industry_tb
[2026-09-19 13:01:18.034] [gas-forecast] [] [] [c.g.f.d.m.M.selectList] [http-nio-8080-exec-1] [DEBUG] - ==> Parameters: MODEL000002(String), MODEL000001(String)
[2026-09-19 13:01:18.034] [gas-forecast] [] [] [c.g.f.d.m.B.selectList_mpCount] [http-nio-8080-exec-6] [DEBUG] - ==> Parameters: 
[2026-09-19 13:01:18.034] [gas-forecast] [] [] [c.g.f.d.m.B.selectList_mpCount] [http-nio-8080-exec-2] [DEBUG] - ==> Parameters: 
[2026-09-19 13:01:18.034] [gas-forecast] [] [] [c.g.f.d.m.B.selectList_mpCount] [http-nio-8080-exec-7] [DEBUG] - ==>  Preparing: SELECT COUNT(*) AS total FROM base_customer_tb
[2026-09-19 13:01:18.035] [gas-forecast] [] [] [c.g.f.d.m.B.selectList_mpCount] [http-nio-8080-exec-7] [DEBUG] - ==> Parameters: 
[2026-09-19 13:01:18.035] [gas-forecast] [] [] [c.g.f.d.m.M.selectList] [http-nio-8080-exec-1] [DEBUG] - <==      Total: 8
[2026-09-19 13:01:18.035] [gas-forecast] [] [] [c.g.f.d.m.M.selectList] [http-nio-8080-exec-1] [DEBUG] - ==>  Preparing: SELECT id,model_id,feature_id,required_flag,feature_order,created_at,created_by FROM model_feature_ref WHERE (model_id IN (?,?)) ORDER BY feature_order ASC,id ASC
[2026-09-19 13:01:18.036] [gas-forecast] [] [] [c.g.f.d.m.M.selectList] [http-nio-8080-exec-1] [DEBUG] - ==> Parameters: 2(Long), 1(Long)
[2026-09-19 13:01:18.041] [gas-forecast] [] [] [c.g.f.d.m.B.selectList_mpCount] [http-nio-8080-exec-6] [DEBUG] - <==      Total: 1
[2026-09-19 13:01:18.041] [gas-forecast] [] [] [c.g.f.d.m.B.selectList] [http-nio-8080-exec-6] [DEBUG] - ==>  Preparing: SELECT id,region_code,region_name,remark,created_by,created_at,updated_by,updated_at,updated_by_name,created_by_name FROM base_region_tb ORDER BY updated_at DESC,id DESC LIMIT ?
[2026-09-19 13:01:18.041] [gas-forecast] [] [] [c.g.f.d.m.M.selectList] [http-nio-8080-exec-1] [DEBUG] - <==      Total: 5
[2026-09-19 13:01:18.041] [gas-forecast] [] [] [c.g.f.d.m.B.selectList_mpCount] [http-nio-8080-exec-2] [DEBUG] - <==      Total: 1
[2026-09-19 13:01:18.041] [gas-forecast] [] [] [c.g.f.d.m.B.selectList] [http-nio-8080-exec-6] [DEBUG] - ==> Parameters: 1000(Long)
[2026-09-19 13:01:18.041] [gas-forecast] [] [] [c.g.f.d.m.B.selectList] [http-nio-8080-exec-2] [DEBUG] - ==>  Preparing: SELECT id,industry_code,industry_name,created_at,updated_at,created_by,created_by_name,updated_by,updated_by_name FROM base_industry_tb ORDER BY updated_at DESC,id DESC LIMIT ?
[2026-09-19 13:01:18.041] [gas-forecast] [] [] [c.g.f.d.m.B.selectList] [http-nio-8080-exec-2] [DEBUG] - ==> Parameters: 1000(Long)
[2026-09-19 13:01:18.041] [gas-forecast] [] [] [c.g.f.d.m.M.selectBatchIds] [http-nio-8080-exec-1] [DEBUG] - ==>  Preparing: SELECT id,feature_code,feature_name,feature_column,time_granularity,enabled,description,created_at,created_by,updated_by_name FROM model_feature_definition_tb WHERE id IN ( ? , ? , ? , ? , ? )
[2026-09-19 13:01:18.042] [gas-forecast] [] [] [c.g.f.d.m.M.selectBatchIds] [http-nio-8080-exec-1] [DEBUG] - ==> Parameters: 5(Long), 4(Long), 3(Long), 2(Long), 1(Long)
[2026-09-19 13:01:18.042] [gas-forecast] [] [] [c.g.f.d.m.B.selectList] [http-nio-8080-exec-2] [DEBUG] - <==      Total: 4
[2026-09-19 13:01:18.042] [gas-forecast] [] [] [c.g.f.d.m.B.selectList] [http-nio-8080-exec-6] [DEBUG] - <==      Total: 8
[2026-09-19 13:01:18.042] [gas-forecast] [] [] [c.g.f.d.m.B.selectList_mpCount] [http-nio-8080-exec-7] [DEBUG] - <==      Total: 1
[2026-09-19 13:01:18.042] [gas-forecast] [] [] [c.g.f.d.m.M.selectBatchIds] [http-nio-8080-exec-1] [DEBUG] - <==      Total: 5
[2026-09-19 13:01:18.043] [gas-forecast] [] [] [c.g.f.d.m.B.selectList] [http-nio-8080-exec-7] [DEBUG] - ==>  Preparing: SELECT id,customer_code,customer_name,industry_code,industry_name,region_code,region_name,created_at,updated_at,created_by,created_by_name,updated_by,updated_by_name,raw_region_name,raw_industry_name FROM base_customer_tb ORDER BY updated_at DESC,id DESC LIMIT ?
[2026-09-19 13:01:18.043] [gas-forecast] [] [] [c.g.f.d.m.B.selectList] [http-nio-8080-exec-7] [DEBUG] - ==> Parameters: 1000(Long)
[2026-09-19 13:01:18.043] [gas-forecast] [] [] [c.g.f.d.m.B.selectList] [http-nio-8080-exec-1] [DEBUG] - ==>  Preparing: SELECT id,region_code,region_name,remark,created_by,created_at,updated_by,updated_at,updated_by_name,created_by_name FROM base_region_tb WHERE (region_code IN (?,?,?,?,?,?,?))
[2026-09-19 13:01:18.043] [gas-forecast] [] [] [c.g.f.d.m.B.selectList] [http-nio-8080-exec-1] [DEBUG] - ==> Parameters: REG000005(String), REG000006(String), REG000007(String), REG000008(String), REG000009(String), REG000010(String), REG000011(String)
[2026-09-19 13:01:18.044] [gas-forecast] [] [] [c.g.f.d.m.B.selectList] [http-nio-8080-exec-7] [DEBUG] - <==      Total: 21
[2026-09-19 13:01:18.044] [gas-forecast] [] [] [c.g.f.d.m.B.selectList] [http-nio-8080-exec-1] [DEBUG] - <==      Total: 7
[2026-09-19 13:01:18.044] [gas-forecast] [] [] [c.g.f.d.m.B.selectList] [http-nio-8080-exec-1] [DEBUG] - ==>  Preparing: SELECT id,industry_code,industry_name,created_at,updated_at,created_by,created_by_name,updated_by,updated_by_name FROM base_industry_tb WHERE (industry_code IN (?))
[2026-09-19 13:01:18.044] [gas-forecast] [] [] [c.g.f.d.m.B.selectList] [http-nio-8080-exec-1] [DEBUG] - ==> Parameters: IND000003(String)
[2026-09-19 13:01:18.045] [gas-forecast] [] [] [c.g.f.d.m.B.selectList] [http-nio-8080-exec-1] [DEBUG] - <==      Total: 1
[2026-09-19 13:01:18.045] [gas-forecast] [] [] [c.g.f.d.m.B.selectList] [http-nio-8080-exec-1] [DEBUG] - ==>  Preparing: SELECT id,customer_code,customer_name,industry_code,industry_name,region_code,region_name,created_at,updated_at,created_by,created_by_name,updated_by,updated_by_name,raw_region_name,raw_industry_name FROM base_customer_tb WHERE (customer_code IN (?))
[2026-09-19 13:01:18.045] [gas-forecast] [] [] [c.g.f.d.m.B.selectList] [http-nio-8080-exec-1] [DEBUG] - ==> Parameters: CUS000021(String)
[2026-09-19 13:01:18.046] [gas-forecast] [] [] [c.g.f.d.m.B.selectList] [http-nio-8080-exec-1] [DEBUG] - <==      Total: 1
[2026-09-19 17:21:35.172] [gas-forecast] [] [] [c.g.f.d.m.M.selectList_mpCount] [http-nio-8080-exec-10] [DEBUG] - ==>  Preparing: SELECT COUNT(*) AS total FROM model_config_tb
[2026-09-19 17:21:35.172] [gas-forecast] [] [] [c.g.f.d.m.M.selectList_mpCount] [http-nio-8080-exec-10] [DEBUG] - ==> Parameters: 
[2026-09-19 17:21:35.172] [gas-forecast] [] [] [c.g.f.d.m.M.selectList_mpCount] [http-nio-8080-exec-5] [DEBUG] - ==>  Preparing: SELECT COUNT(*) AS total FROM model_train_config_tb
[2026-09-19 17:21:35.172] [gas-forecast] [] [] [c.g.f.d.m.M.selectList_mpCount] [http-nio-8080-exec-5] [DEBUG] - ==> Parameters: 
[2026-09-19 17:21:35.173] [gas-forecast] [] [] [c.g.f.d.m.M.selectList_mpCount] [http-nio-8080-exec-10] [DEBUG] - <==      Total: 1
[2026-09-19 17:21:35.174] [gas-forecast] [] [] [c.g.f.d.m.M.selectList] [http-nio-8080-exec-10] [DEBUG] - ==>  Preparing: SELECT id,model_code,model_name,model_version,agent_code,description,created_by,created_at,updated_at,created_by_name FROM model_config_tb ORDER BY updated_at DESC,id DESC LIMIT ?
[2026-09-19 17:21:35.174] [gas-forecast] [] [] [c.g.f.d.m.M.selectList] [http-nio-8080-exec-10] [DEBUG] - ==> Parameters: 1000(Long)
[2026-09-19 17:21:35.175] [gas-forecast] [] [] [c.g.f.d.m.M.selectList] [http-nio-8080-exec-10] [DEBUG] - <==      Total: 2
[2026-09-19 17:21:35.180] [gas-forecast] [] [] [c.g.f.d.m.M.selectList_mpCount] [http-nio-8080-exec-5] [DEBUG] - <==      Total: 1
[2026-09-19 17:21:35.180] [gas-forecast] [] [] [c.g.f.d.m.M.selectList] [http-nio-8080-exec-10] [DEBUG] - ==>  Preparing: SELECT id,model_code,region_code,industry_code,customer_code,created_by,created_at,updated_at,created_by_name FROM model_config_scope_tb WHERE (model_code IN (?,?)) ORDER BY id DESC
[2026-09-19 17:21:35.180] [gas-forecast] [] [] [c.g.f.d.m.M.selectList] [http-nio-8080-exec-5] [DEBUG] - ==>  Preparing: SELECT id,train_code,train_name,agent_code,model_code,model_name,scope_type,region_code,region_name,industry_code,industry_name,customer_code,customer_name,train_start_date,train_end_date,train_mode,time_granularity,recent_periods,enabled,remark,created_by,created_by_name,created_at,updated_at FROM model_train_config_tb ORDER BY updated_at DESC,id DESC LIMIT ?
[2026-09-19 17:21:35.180] [gas-forecast] [] [] [c.g.f.d.m.M.selectList] [http-nio-8080-exec-5] [DEBUG] - ==> Parameters: 10(Long)
[2026-09-19 17:21:35.181] [gas-forecast] [] [] [c.g.f.d.m.M.selectList] [http-nio-8080-exec-10] [DEBUG] - ==> Parameters: MODEL000002(String), MODEL000001(String)
[2026-09-19 17:21:35.181] [gas-forecast] [] [] [c.g.f.d.m.M.selectList] [http-nio-8080-exec-5] [DEBUG] - <==      Total: 1
[2026-09-19 17:21:35.181] [gas-forecast] [] [] [c.g.f.d.m.M.selectList] [http-nio-8080-exec-10] [DEBUG] - <==      Total: 8
[2026-09-19 17:21:35.182] [gas-forecast] [] [] [c.g.f.d.m.M.selectList] [http-nio-8080-exec-10] [DEBUG] - ==>  Preparing: SELECT id,model_id,feature_id,required_flag,feature_order,created_at,created_by FROM model_feature_ref WHERE (model_id IN (?,?)) ORDER BY feature_order ASC,id ASC
[2026-09-19 17:21:35.182] [gas-forecast] [] [] [c.g.f.d.m.M.selectList] [http-nio-8080-exec-10] [DEBUG] - ==> Parameters: 2(Long), 1(Long)
[2026-09-19 17:21:35.183] [gas-forecast] [] [] [c.g.f.d.m.M.selectList] [http-nio-8080-exec-10] [DEBUG] - <==      Total: 5
[2026-09-19 17:21:35.183] [gas-forecast] [] [] [c.g.f.d.m.M.selectBatchIds] [http-nio-8080-exec-10] [DEBUG] - ==>  Preparing: SELECT id,feature_code,feature_name,feature_column,time_granularity,enabled,description,created_at,created_by,updated_by_name FROM model_feature_definition_tb WHERE id IN ( ? , ? , ? , ? , ? )
[2026-09-19 17:21:35.183] [gas-forecast] [] [] [c.g.f.d.m.M.selectBatchIds] [http-nio-8080-exec-10] [DEBUG] - ==> Parameters: 5(Long), 4(Long), 3(Long), 2(Long), 1(Long)
[2026-09-19 17:21:35.184] [gas-forecast] [] [] [c.g.f.d.m.M.selectBatchIds] [http-nio-8080-exec-10] [DEBUG] - <==      Total: 5
[2026-09-19 17:21:35.184] [gas-forecast] [] [] [c.g.f.d.m.B.selectList] [http-nio-8080-exec-10] [DEBUG] - ==>  Preparing: SELECT id,region_code,region_name,remark,created_by,created_at,updated_by,updated_at,updated_by_name,created_by_name FROM base_region_tb WHERE (region_code IN (?,?,?,?,?,?,?))
[2026-09-19 17:21:35.184] [gas-forecast] [] [] [c.g.f.d.m.B.selectList] [http-nio-8080-exec-10] [DEBUG] - ==> Parameters: REG000005(String), REG000006(String), REG000007(String), REG000008(String), REG000009(String), REG000010(String), REG000011(String)
[2026-09-19 17:21:35.185] [gas-forecast] [] [] [c.g.f.d.m.B.selectList] [http-nio-8080-exec-10] [DEBUG] - <==      Total: 7
[2026-09-19 17:21:35.185] [gas-forecast] [] [] [c.g.f.d.m.B.selectList] [http-nio-8080-exec-10] [DEBUG] - ==>  Preparing: SELECT id,industry_code,industry_name,created_at,updated_at,created_by,created_by_name,updated_by,updated_by_name FROM base_industry_tb WHERE (industry_code IN (?))
[2026-09-19 17:21:35.185] [gas-forecast] [] [] [c.g.f.d.m.B.selectList] [http-nio-8080-exec-10] [DEBUG] - ==> Parameters: IND000003(String)
[2026-09-19 17:21:35.185] [gas-forecast] [] [] [c.g.f.d.m.B.selectList] [http-nio-8080-exec-10] [DEBUG] - <==      Total: 1
[2026-09-19 17:21:35.186] [gas-forecast] [] [] [c.g.f.d.m.B.selectList] [http-nio-8080-exec-10] [DEBUG] - ==>  Preparing: SELECT id,customer_code,customer_name,industry_code,industry_name,region_code,region_name,created_at,updated_at,created_by,created_by_name,updated_by,updated_by_name,raw_region_name,raw_industry_name FROM base_customer_tb WHERE (customer_code IN (?))
[2026-09-19 17:21:35.186] [gas-forecast] [] [] [c.g.f.d.m.B.selectList] [http-nio-8080-exec-10] [DEBUG] - ==> Parameters: CUS000021(String)
[2026-09-19 17:21:35.186] [gas-forecast] [] [] [c.g.f.d.m.B.selectList] [http-nio-8080-exec-10] [DEBUG] - <==      Total: 1
[2026-09-19 17:25:18.542] [gas-forecast] [] [] [c.g.f.d.m.M.selectList_mpCount] [http-nio-8080-exec-2] [DEBUG] - ==>  Preparing: SELECT COUNT(*) AS total FROM model_config_tb
[2026-09-19 17:25:18.542] [gas-forecast] [] [] [c.g.f.d.m.M.selectList_mpCount] [http-nio-8080-exec-8] [DEBUG] - ==>  Preparing: SELECT COUNT(*) AS total FROM model_train_config_tb
[2026-09-19 17:25:18.542] [gas-forecast] [] [] [c.g.f.d.m.M.selectList_mpCount] [http-nio-8080-exec-2] [DEBUG] - ==> Parameters: 
[2026-09-19 17:25:18.542] [gas-forecast] [] [] [c.g.f.d.m.M.selectList_mpCount] [http-nio-8080-exec-8] [DEBUG] - ==> Parameters: 
[2026-09-19 17:25:18.545] [gas-forecast] [] [] [c.g.f.d.m.M.selectList_mpCount] [http-nio-8080-exec-2] [DEBUG] - <==      Total: 1
[2026-09-19 17:25:18.546] [gas-forecast] [] [] [c.g.f.d.m.M.selectList] [http-nio-8080-exec-2] [DEBUG] - ==>  Preparing: SELECT id,model_code,model_name,model_version,agent_code,description,created_by,created_at,updated_at,created_by_name FROM model_config_tb ORDER BY updated_at DESC,id DESC LIMIT ?
[2026-09-19 17:25:18.546] [gas-forecast] [] [] [c.g.f.d.m.M.selectList] [http-nio-8080-exec-2] [DEBUG] - ==> Parameters: 1000(Long)
[2026-09-19 17:25:18.546] [gas-forecast] [] [] [c.g.f.d.m.M.selectList] [http-nio-8080-exec-2] [DEBUG] - <==      Total: 2
[2026-09-19 17:25:18.547] [gas-forecast] [] [] [c.g.f.d.m.M.selectList] [http-nio-8080-exec-2] [DEBUG] - ==>  Preparing: SELECT id,model_code,region_code,industry_code,customer_code,created_by,created_at,updated_at,created_by_name FROM model_config_scope_tb WHERE (model_code IN (?,?)) ORDER BY id DESC
[2026-09-19 17:25:18.547] [gas-forecast] [] [] [c.g.f.d.m.M.selectList] [http-nio-8080-exec-2] [DEBUG] - ==> Parameters: MODEL000002(String), MODEL000001(String)
[2026-09-19 17:25:18.548] [gas-forecast] [] [] [c.g.f.d.m.M.selectList] [http-nio-8080-exec-2] [DEBUG] - <==      Total: 8
[2026-09-19 17:25:18.548] [gas-forecast] [] [] [c.g.f.d.m.M.selectList] [http-nio-8080-exec-2] [DEBUG] - ==>  Preparing: SELECT id,model_id,feature_id,required_flag,feature_order,created_at,created_by FROM model_feature_ref WHERE (model_id IN (?,?)) ORDER BY feature_order ASC,id ASC
[2026-09-19 17:25:18.548] [gas-forecast] [] [] [c.g.f.d.m.M.selectList] [http-nio-8080-exec-2] [DEBUG] - ==> Parameters: 2(Long), 1(Long)
[2026-09-19 17:25:18.548] [gas-forecast] [] [] [c.g.f.d.m.M.selectList_mpCount] [http-nio-8080-exec-8] [DEBUG] - <==      Total: 1
[2026-09-19 17:25:18.549] [gas-forecast] [] [] [c.g.f.d.m.M.selectList] [http-nio-8080-exec-2] [DEBUG] - <==      Total: 5
[2026-09-19 17:25:18.549] [gas-forecast] [] [] [c.g.f.d.m.M.selectList] [http-nio-8080-exec-8] [DEBUG] - ==>  Preparing: SELECT id,train_code,train_name,agent_code,model_code,model_name,scope_type,region_code,region_name,industry_code,industry_name,customer_code,customer_name,train_start_date,train_end_date,train_mode,time_granularity,recent_periods,enabled,remark,created_by,created_by_name,created_at,updated_at FROM model_train_config_tb ORDER BY updated_at DESC,id DESC LIMIT ?
[2026-09-19 17:25:18.549] [gas-forecast] [] [] [c.g.f.d.m.M.selectList] [http-nio-8080-exec-8] [DEBUG] - ==> Parameters: 10(Long)
[2026-09-19 17:25:18.549] [gas-forecast] [] [] [c.g.f.d.m.M.selectBatchIds] [http-nio-8080-exec-2] [DEBUG] - ==>  Preparing: SELECT id,feature_code,feature_name,feature_column,time_granularity,enabled,description,created_at,created_by,updated_by_name FROM model_feature_definition_tb WHERE id IN ( ? , ? , ? , ? , ? )
[2026-09-19 17:25:18.549] [gas-forecast] [] [] [c.g.f.d.m.M.selectBatchIds] [http-nio-8080-exec-2] [DEBUG] - ==> Parameters: 5(Long), 4(Long), 3(Long), 2(Long), 1(Long)
[2026-09-19 17:25:18.550] [gas-forecast] [] [] [c.g.f.d.m.M.selectList] [http-nio-8080-exec-8] [DEBUG] - <==      Total: 1
[2026-09-19 17:25:18.550] [gas-forecast] [] [] [c.g.f.d.m.M.selectBatchIds] [http-nio-8080-exec-2] [DEBUG] - <==      Total: 5
[2026-09-19 17:25:18.551] [gas-forecast] [] [] [c.g.f.d.m.B.selectList] [http-nio-8080-exec-2] [DEBUG] - ==>  Preparing: SELECT id,region_code,region_name,remark,created_by,created_at,updated_by,updated_at,updated_by_name,created_by_name FROM base_region_tb WHERE (region_code IN (?,?,?,?,?,?,?))
[2026-09-19 17:25:18.551] [gas-forecast] [] [] [c.g.f.d.m.B.selectList] [http-nio-8080-exec-2] [DEBUG] - ==> Parameters: REG000005(String), REG000006(String), REG000007(String), REG000008(String), REG000009(String), REG000010(String), REG000011(String)
[2026-09-19 17:25:18.552] [gas-forecast] [] [] [c.g.f.d.m.B.selectList] [http-nio-8080-exec-2] [DEBUG] - <==      Total: 7
[2026-09-19 17:25:18.552] [gas-forecast] [] [] [c.g.f.d.m.B.selectList] [http-nio-8080-exec-2] [DEBUG] - ==>  Preparing: SELECT id,industry_code,industry_name,created_at,updated_at,created_by,created_by_name,updated_by,updated_by_name FROM base_industry_tb WHERE (industry_code IN (?))
[2026-09-19 17:25:18.552] [gas-forecast] [] [] [c.g.f.d.m.B.selectList] [http-nio-8080-exec-2] [DEBUG] - ==> Parameters: IND000003(String)
[2026-09-19 17:25:18.553] [gas-forecast] [] [] [c.g.f.d.m.B.selectList] [http-nio-8080-exec-2] [DEBUG] - <==      Total: 1
[2026-09-19 17:25:18.553] [gas-forecast] [] [] [c.g.f.d.m.B.selectList] [http-nio-8080-exec-2] [DEBUG] - ==>  Preparing: SELECT id,customer_code,customer_name,industry_code,industry_name,region_code,region_name,created_at,updated_at,created_by,created_by_name,updated_by,updated_by_name,raw_region_name,raw_industry_name FROM base_customer_tb WHERE (customer_code IN (?))
[2026-09-19 17:25:18.553] [gas-forecast] [] [] [c.g.f.d.m.B.selectList] [http-nio-8080-exec-2] [DEBUG] - ==> Parameters: CUS000021(String)
[2026-09-19 17:25:18.553] [gas-forecast] [] [] [c.g.f.d.m.B.selectList] [http-nio-8080-exec-2] [DEBUG] - <==      Total: 1
[2026-09-19 17:28:41.097] [gas-forecast] [] [] [c.g.f.d.m.SysUserTbMapper.selectList] [http-nio-8080-exec-5] [DEBUG] - ==>  Preparing: SELECT id,username,real_name,password_hash,password_salt,avatar,email,phone,org_code,status,deleted,created_at,updated_at FROM sys_user_tb WHERE (username = ? AND deleted = ?)
[2026-09-19 17:28:41.107] [gas-forecast] [] [] [c.g.f.d.m.SysUserTbMapper.selectList] [http-nio-8080-exec-5] [DEBUG] - ==> Parameters: admin(String), 0(Integer)
[2026-09-19 17:28:41.116] [gas-forecast] [] [] [c.g.f.d.m.SysUserTbMapper.selectList] [http-nio-8080-exec-5] [DEBUG] - <==      Total: 1
[2026-09-19 17:28:41.120] [gas-forecast] [] [] [c.g.f.d.m.S.selectRoleCodesByUsername] [http-nio-8080-exec-5] [DEBUG] - ==>  Preparing: select r.role_code from sys_user_tb u join sys_user_role_ref ur on ur.user_id = u.id join sys_role_tb r on r.id = ur.role_id where u.username = ? order by r.role_code
[2026-09-19 17:28:41.120] [gas-forecast] [] [] [c.g.f.d.m.S.selectRoleCodesByUsername] [http-nio-8080-exec-5] [DEBUG] - ==> Parameters: admin(String)
[2026-09-19 17:28:41.122] [gas-forecast] [] [] [c.g.f.d.m.S.selectRoleCodesByUsername] [http-nio-8080-exec-5] [DEBUG] - <==      Total: 1
[2026-09-19 17:28:41.122] [gas-forecast] [] [] [c.g.f.d.m.S.selectByUsername] [http-nio-8080-exec-5] [DEBUG] - ==>  Preparing: select distinct p.* from sys_permission_tb p where p.status = 1 and ( exists ( select 1 from sys_user_tb u join sys_user_role_ref ur on ur.user_id = u.id join sys_role_permission_ref rp on rp.role_id = ur.role_id where rp.permission_id = p.id and u.username = ? and u.deleted = 0 ) or exists ( select 1 from sys_user_tb u join sys_user_department_ref ud on ud.user_id = u.id join sys_department_permission_ref dp on dp.department_id = ud.department_id where dp.permission_id = p.id and u.username = ? and u.deleted = 0 ) ) order by p.sort_no, p.id
[2026-09-19 17:28:41.122] [gas-forecast] [] [] [c.g.f.d.m.S.selectByUsername] [http-nio-8080-exec-5] [DEBUG] - ==> Parameters: admin(String), admin(String)
[2026-09-19 17:28:41.128] [gas-forecast] [] [] [c.g.f.d.m.S.selectByUsername] [http-nio-8080-exec-5] [DEBUG] - <==      Total: 64
[2026-09-19 17:28:41.188] [gas-forecast] [] [] [c.g.f.d.m.S.selectByUsername] [http-nio-8080-exec-7] [DEBUG] - ==>  Preparing: select distinct p.* from sys_permission_tb p where p.status = 1 and ( exists ( select 1 from sys_user_tb u join sys_user_role_ref ur on ur.user_id = u.id join sys_role_permission_ref rp on rp.role_id = ur.role_id where rp.permission_id = p.id and u.username = ? and u.deleted = 0 ) or exists ( select 1 from sys_user_tb u join sys_user_department_ref ud on ud.user_id = u.id join sys_department_permission_ref dp on dp.department_id = ud.department_id where dp.permission_id = p.id and u.username = ? and u.deleted = 0 ) ) order by p.sort_no, p.id
[2026-09-19 17:28:41.188] [gas-forecast] [] [] [c.g.f.d.m.S.selectByUsername] [http-nio-8080-exec-7] [DEBUG] - ==> Parameters: admin(String), admin(String)
[2026-09-19 17:28:41.192] [gas-forecast] [] [] [c.g.f.d.m.S.selectByUsername] [http-nio-8080-exec-8] [DEBUG] - ==>  Preparing: select distinct p.* from sys_permission_tb p where p.status = 1 and ( exists ( select 1 from sys_user_tb u join sys_user_role_ref ur on ur.user_id = u.id join sys_role_permission_ref rp on rp.role_id = ur.role_id where rp.permission_id = p.id and u.username = ? and u.deleted = 0 ) or exists ( select 1 from sys_user_tb u join sys_user_department_ref ud on ud.user_id = u.id join sys_department_permission_ref dp on dp.department_id = ud.department_id where dp.permission_id = p.id and u.username = ? and u.deleted = 0 ) ) order by p.sort_no, p.id
[2026-09-19 17:28:41.192] [gas-forecast] [] [] [c.g.f.d.m.S.selectByUsername] [http-nio-8080-exec-8] [DEBUG] - ==> Parameters: admin(String), admin(String)
[2026-09-19 17:28:41.194] [gas-forecast] [] [] [c.g.f.d.m.S.selectByUsername] [http-nio-8080-exec-7] [DEBUG] - <==      Total: 64
[2026-09-19 17:28:41.195] [gas-forecast] [] [] [c.g.f.d.m.S.selectByUsername] [http-nio-8080-exec-10] [DEBUG] - ==>  Preparing: select distinct p.* from sys_permission_tb p where p.status = 1 and ( exists ( select 1 from sys_user_tb u join sys_user_role_ref ur on ur.user_id = u.id join sys_role_permission_ref rp on rp.role_id = ur.role_id where rp.permission_id = p.id and u.username = ? and u.deleted = 0 ) or exists ( select 1 from sys_user_tb u join sys_user_department_ref ud on ud.user_id = u.id join sys_department_permission_ref dp on dp.department_id = ud.department_id where dp.permission_id = p.id and u.username = ? and u.deleted = 0 ) ) order by p.sort_no, p.id
[2026-09-19 17:28:41.195] [gas-forecast] [] [] [c.g.f.d.m.S.selectByUsername] [http-nio-8080-exec-10] [DEBUG] - ==> Parameters: admin(String), admin(String)
[2026-09-19 17:28:41.200] [gas-forecast] [] [] [c.g.f.d.m.S.selectByUsername] [http-nio-8080-exec-8] [DEBUG] - <==      Total: 64
[2026-09-19 17:28:41.200] [gas-forecast] [] [] [c.g.f.d.m.S.selectByUsername] [http-nio-8080-exec-10] [DEBUG] - <==      Total: 64
[2026-09-19 17:28:41.230] [gas-forecast] [] [] [c.g.f.d.m.B.selectList_mpCount] [http-nio-8080-exec-8] [DEBUG] - ==>  Preparing: SELECT COUNT(*) AS total FROM base_industry_tb
[2026-09-19 17:28:41.230] [gas-forecast] [] [] [c.g.f.d.m.B.selectList_mpCount] [http-nio-8080-exec-7] [DEBUG] - ==>  Preparing: SELECT COUNT(*) AS total FROM base_region_tb
[2026-09-19 17:28:41.230] [gas-forecast] [] [] [c.g.f.d.m.M.selectList_mpCount] [http-nio-8080-exec-6] [DEBUG] - ==>  Preparing: SELECT COUNT(*) AS total FROM model_config_tb
[2026-09-19 17:28:41.230] [gas-forecast] [] [] [c.g.f.d.m.B.selectList_mpCount] [http-nio-8080-exec-10] [DEBUG] - ==>  Preparing: SELECT COUNT(*) AS total FROM base_customer_tb
[2026-09-19 17:28:41.230] [gas-forecast] [] [] [c.g.f.d.m.B.selectList_mpCount] [http-nio-8080-exec-7] [DEBUG] - ==> Parameters: 
[2026-09-19 17:28:41.230] [gas-forecast] [] [] [c.g.f.d.m.M.selectList_mpCount] [http-nio-8080-exec-6] [DEBUG] - ==> Parameters: 
[2026-09-19 17:28:41.230] [gas-forecast] [] [] [c.g.f.d.m.B.selectList_mpCount] [http-nio-8080-exec-8] [DEBUG] - ==> Parameters: 
[2026-09-19 17:28:41.231] [gas-forecast] [] [] [c.g.f.d.m.B.selectList_mpCount] [http-nio-8080-exec-10] [DEBUG] - ==> Parameters: 
[2026-09-19 17:28:41.233] [gas-forecast] [] [] [c.g.f.d.m.B.selectList_mpCount] [http-nio-8080-exec-10] [DEBUG] - <==      Total: 1
[2026-09-19 17:28:41.233] [gas-forecast] [] [] [c.g.f.d.m.B.selectList_mpCount] [http-nio-8080-exec-8] [DEBUG] - <==      Total: 1
[2026-09-19 17:28:41.233] [gas-forecast] [] [] [c.g.f.d.m.M.selectList_mpCount] [http-nio-8080-exec-6] [DEBUG] - <==      Total: 1
[2026-09-19 17:28:41.233] [gas-forecast] [] [] [c.g.f.d.m.B.selectList_mpCount] [http-nio-8080-exec-7] [DEBUG] - <==      Total: 1
[2026-09-19 17:28:41.234] [gas-forecast] [] [] [c.g.f.d.m.B.selectList] [http-nio-8080-exec-7] [DEBUG] - ==>  Preparing: SELECT id,region_code,region_name,remark,created_by,created_at,updated_by,updated_at,updated_by_name,created_by_name FROM base_region_tb ORDER BY updated_at DESC,id DESC LIMIT ?
[2026-09-19 17:28:41.234] [gas-forecast] [] [] [c.g.f.d.m.B.selectList] [http-nio-8080-exec-8] [DEBUG] - ==>  Preparing: SELECT id,industry_code,industry_name,created_at,updated_at,created_by,created_by_name,updated_by,updated_by_name FROM base_industry_tb ORDER BY updated_at DESC,id DESC LIMIT ?
[2026-09-19 17:28:41.234] [gas-forecast] [] [] [c.g.f.d.m.M.selectList] [http-nio-8080-exec-6] [DEBUG] - ==>  Preparing: SELECT id,model_code,model_name,model_version,agent_code,description,created_by,created_at,updated_at,created_by_name FROM model_config_tb ORDER BY updated_at DESC,id DESC LIMIT ?
[2026-09-19 17:28:41.234] [gas-forecast] [] [] [c.g.f.d.m.B.selectList] [http-nio-8080-exec-10] [DEBUG] - ==>  Preparing: SELECT id,customer_code,customer_name,industry_code,industry_name,region_code,region_name,created_at,updated_at,created_by,created_by_name,updated_by,updated_by_name,raw_region_name,raw_industry_name FROM base_customer_tb ORDER BY updated_at DESC,id DESC LIMIT ?
[2026-09-19 17:28:41.235] [gas-forecast] [] [] [c.g.f.d.m.B.selectList] [http-nio-8080-exec-8] [DEBUG] - ==> Parameters: 1000(Long)
[2026-09-19 17:28:41.235] [gas-forecast] [] [] [c.g.f.d.m.B.selectList] [http-nio-8080-exec-10] [DEBUG] - ==> Parameters: 1000(Long)
[2026-09-19 17:28:41.235] [gas-forecast] [] [] [c.g.f.d.m.M.selectList] [http-nio-8080-exec-6] [DEBUG] - ==> Parameters: 1000(Long)
[2026-09-19 17:28:41.235] [gas-forecast] [] [] [c.g.f.d.m.B.selectList] [http-nio-8080-exec-7] [DEBUG] - ==> Parameters: 1000(Long)
[2026-09-19 17:28:41.236] [gas-forecast] [] [] [c.g.f.d.m.B.selectList] [http-nio-8080-exec-7] [DEBUG] - <==      Total: 8
[2026-09-19 17:28:41.236] [gas-forecast] [] [] [c.g.f.d.m.M.selectList_mpCount] [http-nio-8080-exec-9] [DEBUG] - ==>  Preparing: SELECT COUNT(*) AS total FROM model_train_config_tb
[2026-09-19 17:28:41.237] [gas-forecast] [] [] [c.g.f.d.m.M.selectList_mpCount] [http-nio-8080-exec-9] [DEBUG] - ==> Parameters: 
[2026-09-19 17:28:41.237] [gas-forecast] [] [] [c.g.f.d.m.M.selectList] [http-nio-8080-exec-6] [DEBUG] - <==      Total: 2
[2026-09-19 17:28:41.237] [gas-forecast] [] [] [c.g.f.d.m.B.selectList] [http-nio-8080-exec-8] [DEBUG] - <==      Total: 4
[2026-09-19 17:28:41.237] [gas-forecast] [] [] [c.g.f.d.m.B.selectList] [http-nio-8080-exec-10] [DEBUG] - <==      Total: 21
[2026-09-19 17:28:41.238] [gas-forecast] [] [] [c.g.f.d.m.M.selectList_mpCount] [http-nio-8080-exec-9] [DEBUG] - <==      Total: 1
[2026-09-19 17:28:41.238] [gas-forecast] [] [] [c.g.f.d.m.M.selectList] [http-nio-8080-exec-9] [DEBUG] - ==>  Preparing: SELECT id,train_code,train_name,agent_code,model_code,model_name,scope_type,region_code,region_name,industry_code,industry_name,customer_code,customer_name,train_start_date,train_end_date,train_mode,time_granularity,recent_periods,enabled,remark,created_by,created_by_name,created_at,updated_at FROM model_train_config_tb ORDER BY updated_at DESC,id DESC LIMIT ?
[2026-09-19 17:28:41.238] [gas-forecast] [] [] [c.g.f.d.m.M.selectList] [http-nio-8080-exec-9] [DEBUG] - ==> Parameters: 10(Long)
[2026-09-19 17:28:41.238] [gas-forecast] [] [] [c.g.f.d.m.M.selectList] [http-nio-8080-exec-6] [DEBUG] - ==>  Preparing: SELECT id,model_code,region_code,industry_code,customer_code,created_by,created_at,updated_at,created_by_name FROM model_config_scope_tb WHERE (model_code IN (?,?)) ORDER BY id DESC
[2026-09-19 17:28:41.238] [gas-forecast] [] [] [c.g.f.d.m.M.selectList] [http-nio-8080-exec-6] [DEBUG] - ==> Parameters: MODEL000002(String), MODEL000001(String)
[2026-09-19 17:28:41.239] [gas-forecast] [] [] [c.g.f.d.m.M.selectList] [http-nio-8080-exec-9] [DEBUG] - <==      Total: 1
[2026-09-19 17:28:41.239] [gas-forecast] [] [] [c.g.f.d.m.M.selectList] [http-nio-8080-exec-6] [DEBUG] - <==      Total: 8
[2026-09-19 17:28:41.241] [gas-forecast] [] [] [c.g.f.d.m.M.selectList] [http-nio-8080-exec-6] [DEBUG] - ==>  Preparing: SELECT id,model_id,feature_id,required_flag,feature_order,created_at,created_by FROM model_feature_ref WHERE (model_id IN (?,?)) ORDER BY feature_order ASC,id ASC
[2026-09-19 17:28:41.241] [gas-forecast] [] [] [c.g.f.d.m.M.selectList] [http-nio-8080-exec-6] [DEBUG] - ==> Parameters: 2(Long), 1(Long)
[2026-09-19 17:28:41.242] [gas-forecast] [] [] [c.g.f.d.m.M.selectList] [http-nio-8080-exec-6] [DEBUG] - <==      Total: 5
[2026-09-19 17:28:41.243] [gas-forecast] [] [] [c.g.f.d.m.M.selectBatchIds] [http-nio-8080-exec-6] [DEBUG] - ==>  Preparing: SELECT id,feature_code,feature_name,feature_column,time_granularity,enabled,description,created_at,created_by,updated_by_name FROM model_feature_definition_tb WHERE id IN ( ? , ? , ? , ? , ? )
[2026-09-19 17:28:41.244] [gas-forecast] [] [] [c.g.f.d.m.M.selectBatchIds] [http-nio-8080-exec-6] [DEBUG] - ==> Parameters: 5(Long), 4(Long), 3(Long), 2(Long), 1(Long)
[2026-09-19 17:28:41.246] [gas-forecast] [] [] [c.g.f.d.m.M.selectBatchIds] [http-nio-8080-exec-6] [DEBUG] - <==      Total: 5
[2026-09-19 17:28:41.248] [gas-forecast] [] [] [c.g.f.d.m.B.selectList] [http-nio-8080-exec-6] [DEBUG] - ==>  Preparing: SELECT id,region_code,region_name,remark,created_by,created_at,updated_by,updated_at,updated_by_name,created_by_name FROM base_region_tb WHERE (region_code IN (?,?,?,?,?,?,?))
[2026-09-19 17:28:41.248] [gas-forecast] [] [] [c.g.f.d.m.B.selectList] [http-nio-8080-exec-6] [DEBUG] - ==> Parameters: REG000005(String), REG000006(String), REG000007(String), REG000008(String), REG000009(String), REG000010(String), REG000011(String)
[2026-09-19 17:28:41.249] [gas-forecast] [] [] [c.g.f.d.m.B.selectList] [http-nio-8080-exec-6] [DEBUG] - <==      Total: 7
[2026-09-19 17:28:41.250] [gas-forecast] [] [] [c.g.f.d.m.B.selectList] [http-nio-8080-exec-6] [DEBUG] - ==>  Preparing: SELECT id,industry_code,industry_name,created_at,updated_at,created_by,created_by_name,updated_by,updated_by_name FROM base_industry_tb WHERE (industry_code IN (?))
[2026-09-19 17:28:41.250] [gas-forecast] [] [] [c.g.f.d.m.B.selectList] [http-nio-8080-exec-6] [DEBUG] - ==> Parameters: IND000003(String)
[2026-09-19 17:28:41.251] [gas-forecast] [] [] [c.g.f.d.m.B.selectList] [http-nio-8080-exec-6] [DEBUG] - <==      Total: 1
[2026-09-19 17:28:41.252] [gas-forecast] [] [] [c.g.f.d.m.B.selectList] [http-nio-8080-exec-6] [DEBUG] - ==>  Preparing: SELECT id,customer_code,customer_name,industry_code,industry_name,region_code,region_name,created_at,updated_at,created_by,created_by_name,updated_by,updated_by_name,raw_region_name,raw_industry_name FROM base_customer_tb WHERE (customer_code IN (?))
[2026-09-19 17:28:41.252] [gas-forecast] [] [] [c.g.f.d.m.B.selectList] [http-nio-8080-exec-6] [DEBUG] - ==> Parameters: CUS000021(String)
[2026-09-19 17:28:41.253] [gas-forecast] [] [] [c.g.f.d.m.B.selectList] [http-nio-8080-exec-6] [DEBUG] - <==      Total: 1
