[2026-09-13 09:38:58.685] [gas-forecast] [] [] [c.g.f.d.m.SysUserTbMapper.selectList] [http-nio-8080-exec-8] [DEBUG] - ==>  Preparing: SELECT id,username,real_name,password_hash,password_salt,avatar,email,phone,org_code,status,deleted,created_at,updated_at FROM sys_user_tb WHERE (username = ? AND deleted = ?)
[2026-09-13 09:38:58.686] [gas-forecast] [] [] [c.g.f.d.m.SysUserTbMapper.selectList] [http-nio-8080-exec-8] [DEBUG] - ==> Parameters: admin(String), 0(Integer)
[2026-09-13 09:38:58.690] [gas-forecast] [] [] [c.g.f.d.m.SysUserTbMapper.selectList] [http-nio-8080-exec-8] [DEBUG] - <==      Total: 1
[2026-09-13 09:38:58.690] [gas-forecast] [] [] [c.g.f.d.m.S.selectRoleCodesByUsername] [http-nio-8080-exec-8] [DEBUG] - ==>  Preparing: select r.role_code from sys_user_tb u join sys_user_role_ref ur on ur.user_id = u.id join sys_role_tb r on r.id = ur.role_id where u.username = ? order by r.role_code
[2026-09-13 09:38:58.690] [gas-forecast] [] [] [c.g.f.d.m.S.selectRoleCodesByUsername] [http-nio-8080-exec-8] [DEBUG] - ==> Parameters: admin(String)
[2026-09-13 09:38:58.692] [gas-forecast] [] [] [c.g.f.d.m.S.selectRoleCodesByUsername] [http-nio-8080-exec-8] [DEBUG] - <==      Total: 1
[2026-09-13 09:38:58.693] [gas-forecast] [] [] [c.g.f.d.m.S.selectByUsername] [http-nio-8080-exec-8] [DEBUG] - ==>  Preparing: select distinct p.* from sys_permission_tb p where p.status = 1 and ( exists ( select 1 from sys_user_tb u join sys_user_role_ref ur on ur.user_id = u.id join sys_role_permission_ref rp on rp.role_id = ur.role_id where rp.permission_id = p.id and u.username = ? and u.deleted = 0 ) or exists ( select 1 from sys_user_tb u join sys_user_department_ref ud on ud.user_id = u.id join sys_department_permission_ref dp on dp.department_id = ud.department_id where dp.permission_id = p.id and u.username = ? and u.deleted = 0 ) ) order by p.sort_no, p.id
[2026-09-13 09:38:58.693] [gas-forecast] [] [] [c.g.f.d.m.S.selectByUsername] [http-nio-8080-exec-8] [DEBUG] - ==> Parameters: admin(String), admin(String)
[2026-09-13 09:38:58.697] [gas-forecast] [] [] [c.g.f.d.m.S.selectByUsername] [http-nio-8080-exec-8] [DEBUG] - <==      Total: 46
[2026-09-13 09:39:08.135] [gas-forecast] [] [] [c.g.f.d.m.SysUserTbMapper.selectList] [http-nio-8080-exec-9] [DEBUG] - ==>  Preparing: SELECT id,username,real_name,password_hash,password_salt,avatar,email,phone,org_code,status,deleted,created_at,updated_at FROM sys_user_tb WHERE (username = ? AND deleted = ?)
[2026-09-13 09:39:08.135] [gas-forecast] [] [] [c.g.f.d.m.SysUserTbMapper.selectList] [http-nio-8080-exec-9] [DEBUG] - ==> Parameters: admin(String), 0(Integer)
[2026-09-13 09:39:08.136] [gas-forecast] [] [] [c.g.f.d.m.SysUserTbMapper.selectList] [http-nio-8080-exec-9] [DEBUG] - <==      Total: 1
[2026-09-13 09:39:08.136] [gas-forecast] [] [] [c.g.f.d.m.S.selectRoleCodesByUsername] [http-nio-8080-exec-9] [DEBUG] - ==>  Preparing: select r.role_code from sys_user_tb u join sys_user_role_ref ur on ur.user_id = u.id join sys_role_tb r on r.id = ur.role_id where u.username = ? order by r.role_code
[2026-09-13 09:39:08.136] [gas-forecast] [] [] [c.g.f.d.m.S.selectRoleCodesByUsername] [http-nio-8080-exec-9] [DEBUG] - ==> Parameters: admin(String)
[2026-09-13 09:39:08.136] [gas-forecast] [] [] [c.g.f.d.m.S.selectRoleCodesByUsername] [http-nio-8080-exec-9] [DEBUG] - <==      Total: 1
[2026-09-13 09:39:08.137] [gas-forecast] [] [] [c.g.f.d.m.S.selectByUsername] [http-nio-8080-exec-9] [DEBUG] - ==>  Preparing: select distinct p.* from sys_permission_tb p where p.status = 1 and ( exists ( select 1 from sys_user_tb u join sys_user_role_ref ur on ur.user_id = u.id join sys_role_permission_ref rp on rp.role_id = ur.role_id where rp.permission_id = p.id and u.username = ? and u.deleted = 0 ) or exists ( select 1 from sys_user_tb u join sys_user_department_ref ud on ud.user_id = u.id join sys_department_permission_ref dp on dp.department_id = ud.department_id where dp.permission_id = p.id and u.username = ? and u.deleted = 0 ) ) order by p.sort_no, p.id
[2026-09-13 09:39:08.137] [gas-forecast] [] [] [c.g.f.d.m.S.selectByUsername] [http-nio-8080-exec-9] [DEBUG] - ==> Parameters: admin(String), admin(String)
[2026-09-13 09:39:08.139] [gas-forecast] [] [] [c.g.f.d.m.S.selectByUsername] [http-nio-8080-exec-9] [DEBUG] - <==      Total: 46
[2026-09-13 09:44:32.277] [gas-forecast] [] [] [c.g.f.d.m.SysUserTbMapper.selectList] [http-nio-8080-exec-1] [DEBUG] - ==>  Preparing: SELECT id,username,real_name,password_hash,password_salt,avatar,email,phone,org_code,status,deleted,created_at,updated_at FROM sys_user_tb WHERE (username = ? AND deleted = ?)
[2026-09-13 09:44:32.287] [gas-forecast] [] [] [c.g.f.d.m.SysUserTbMapper.selectList] [http-nio-8080-exec-1] [DEBUG] - ==> Parameters: admin(String), 0(Integer)
[2026-09-13 09:44:32.297] [gas-forecast] [] [] [c.g.f.d.m.SysUserTbMapper.selectList] [http-nio-8080-exec-1] [DEBUG] - <==      Total: 1
[2026-09-13 09:44:32.299] [gas-forecast] [] [] [c.g.f.d.m.S.selectRoleCodesByUsername] [http-nio-8080-exec-1] [DEBUG] - ==>  Preparing: select r.role_code from sys_user_tb u join sys_user_role_ref ur on ur.user_id = u.id join sys_role_tb r on r.id = ur.role_id where u.username = ? order by r.role_code
[2026-09-13 09:44:32.299] [gas-forecast] [] [] [c.g.f.d.m.S.selectRoleCodesByUsername] [http-nio-8080-exec-1] [DEBUG] - ==> Parameters: admin(String)
[2026-09-13 09:44:32.301] [gas-forecast] [] [] [c.g.f.d.m.S.selectRoleCodesByUsername] [http-nio-8080-exec-1] [DEBUG] - <==      Total: 1
[2026-09-13 09:44:32.301] [gas-forecast] [] [] [c.g.f.d.m.S.selectByUsername] [http-nio-8080-exec-1] [DEBUG] - ==>  Preparing: select distinct p.* from sys_permission_tb p where p.status = 1 and ( exists ( select 1 from sys_user_tb u join sys_user_role_ref ur on ur.user_id = u.id join sys_role_permission_ref rp on rp.role_id = ur.role_id where rp.permission_id = p.id and u.username = ? and u.deleted = 0 ) or exists ( select 1 from sys_user_tb u join sys_user_department_ref ud on ud.user_id = u.id join sys_department_permission_ref dp on dp.department_id = ud.department_id where dp.permission_id = p.id and u.username = ? and u.deleted = 0 ) ) order by p.sort_no, p.id
[2026-09-13 09:44:32.301] [gas-forecast] [] [] [c.g.f.d.m.S.selectByUsername] [http-nio-8080-exec-1] [DEBUG] - ==> Parameters: admin(String), admin(String)
[2026-09-13 09:44:32.307] [gas-forecast] [] [] [c.g.f.d.m.S.selectByUsername] [http-nio-8080-exec-1] [DEBUG] - <==      Total: 46
[2026-09-13 09:44:50.872] [gas-forecast] [] [] [c.g.f.d.m.SysUserTbMapper.selectList] [http-nio-8080-exec-3] [DEBUG] - ==>  Preparing: SELECT id,username,real_name,password_hash,password_salt,avatar,email,phone,org_code,status,deleted,created_at,updated_at FROM sys_user_tb WHERE (username = ? AND deleted = ?)
[2026-09-13 09:44:50.872] [gas-forecast] [] [] [c.g.f.d.m.SysUserTbMapper.selectList] [http-nio-8080-exec-3] [DEBUG] - ==> Parameters: admin(String), 0(Integer)
[2026-09-13 09:44:50.873] [gas-forecast] [] [] [c.g.f.d.m.SysUserTbMapper.selectList] [http-nio-8080-exec-3] [DEBUG] - <==      Total: 1
[2026-09-13 09:44:50.876] [gas-forecast] [] [] [c.g.f.d.m.S.selectRoleCodesByUsername] [http-nio-8080-exec-3] [DEBUG] - ==>  Preparing: select r.role_code from sys_user_tb u join sys_user_role_ref ur on ur.user_id = u.id join sys_role_tb r on r.id = ur.role_id where u.username = ? order by r.role_code
[2026-09-13 09:44:50.876] [gas-forecast] [] [] [c.g.f.d.m.S.selectRoleCodesByUsername] [http-nio-8080-exec-3] [DEBUG] - ==> Parameters: admin(String)
[2026-09-13 09:44:50.877] [gas-forecast] [] [] [c.g.f.d.m.S.selectRoleCodesByUsername] [http-nio-8080-exec-3] [DEBUG] - <==      Total: 1
[2026-09-13 09:44:50.877] [gas-forecast] [] [] [c.g.f.d.m.S.selectByUsername] [http-nio-8080-exec-3] [DEBUG] - ==>  Preparing: select distinct p.* from sys_permission_tb p where p.status = 1 and ( exists ( select 1 from sys_user_tb u join sys_user_role_ref ur on ur.user_id = u.id join sys_role_permission_ref rp on rp.role_id = ur.role_id where rp.permission_id = p.id and u.username = ? and u.deleted = 0 ) or exists ( select 1 from sys_user_tb u join sys_user_department_ref ud on ud.user_id = u.id join sys_department_permission_ref dp on dp.department_id = ud.department_id where dp.permission_id = p.id and u.username = ? and u.deleted = 0 ) ) order by p.sort_no, p.id
[2026-09-13 09:44:50.877] [gas-forecast] [] [] [c.g.f.d.m.S.selectByUsername] [http-nio-8080-exec-3] [DEBUG] - ==> Parameters: admin(String), admin(String)
[2026-09-13 09:44:50.880] [gas-forecast] [] [] [c.g.f.d.m.S.selectByUsername] [http-nio-8080-exec-3] [DEBUG] - <==      Total: 46
[2026-09-13 09:45:04.186] [gas-forecast] [] [] [c.g.f.d.m.S.selectByUsername] [http-nio-8080-exec-4] [DEBUG] - ==>  Preparing: select distinct p.* from sys_permission_tb p where p.status = 1 and ( exists ( select 1 from sys_user_tb u join sys_user_role_ref ur on ur.user_id = u.id join sys_role_permission_ref rp on rp.role_id = ur.role_id where rp.permission_id = p.id and u.username = ? and u.deleted = 0 ) or exists ( select 1 from sys_user_tb u join sys_user_department_ref ud on ud.user_id = u.id join sys_department_permission_ref dp on dp.department_id = ud.department_id where dp.permission_id = p.id and u.username = ? and u.deleted = 0 ) ) order by p.sort_no, p.id
[2026-09-13 09:45:04.186] [gas-forecast] [] [] [c.g.f.d.m.S.selectByUsername] [http-nio-8080-exec-4] [DEBUG] - ==> Parameters: admin(String), admin(String)
[2026-09-13 09:45:04.191] [gas-forecast] [] [] [c.g.f.d.m.S.selectByUsername] [http-nio-8080-exec-4] [DEBUG] - <==      Total: 46
[2026-09-13 09:45:04.192] [gas-forecast] [] [] [c.g.f.d.m.SysRoleTbMapper.selectList] [http-nio-8080-exec-4] [DEBUG] - ==>  Preparing: SELECT id,role_code,role_name,description,created_at,updated_at FROM sys_role_tb ORDER BY id ASC
[2026-09-13 09:45:04.192] [gas-forecast] [] [] [c.g.f.d.m.SysRoleTbMapper.selectList] [http-nio-8080-exec-4] [DEBUG] - ==> Parameters: 
[2026-09-13 09:45:04.193] [gas-forecast] [] [] [c.g.f.d.m.SysRoleTbMapper.selectList] [http-nio-8080-exec-4] [DEBUG] - <==      Total: 1
[2026-09-13 09:45:04.194] [gas-forecast] [] [] [c.g.f.d.m.S.selectList] [http-nio-8080-exec-4] [DEBUG] - ==>  Preparing: SELECT id,parent_id,department_name,org_code,sort_no,status,created_at,updated_at FROM sys_department_tb ORDER BY sort_no ASC,id ASC
[2026-09-13 09:45:04.194] [gas-forecast] [] [] [c.g.f.d.m.S.selectList] [http-nio-8080-exec-4] [DEBUG] - ==> Parameters: 
[2026-09-13 09:45:04.194] [gas-forecast] [] [] [c.g.f.d.m.S.selectList] [http-nio-8080-exec-4] [DEBUG] - <==      Total: 7
[2026-09-13 09:45:04.195] [gas-forecast] [] [] [c.g.f.d.m.S.selectList] [http-nio-8080-exec-4] [DEBUG] - ==>  Preparing: SELECT id,parent_id,permission_name,path,component,permission_type,perms,icon,sort_no,hidden,status,created_at,updated_at FROM sys_permission_tb ORDER BY sort_no ASC,id ASC
[2026-09-13 09:45:04.195] [gas-forecast] [] [] [c.g.f.d.m.S.selectList] [http-nio-8080-exec-4] [DEBUG] - ==> Parameters: 
[2026-09-13 09:45:04.197] [gas-forecast] [] [] [c.g.f.d.m.S.selectList] [http-nio-8080-exec-4] [DEBUG] - <==      Total: 46
[2026-09-13 09:45:04.204] [gas-forecast] [] [] [c.g.f.d.m.S.selectByUsername] [http-nio-8080-exec-5] [DEBUG] - ==>  Preparing: select distinct p.* from sys_permission_tb p where p.status = 1 and ( exists ( select 1 from sys_user_tb u join sys_user_role_ref ur on ur.user_id = u.id join sys_role_permission_ref rp on rp.role_id = ur.role_id where rp.permission_id = p.id and u.username = ? and u.deleted = 0 ) or exists ( select 1 from sys_user_tb u join sys_user_department_ref ud on ud.user_id = u.id join sys_department_permission_ref dp on dp.department_id = ud.department_id where dp.permission_id = p.id and u.username = ? and u.deleted = 0 ) ) order by p.sort_no, p.id
[2026-09-13 09:45:04.205] [gas-forecast] [] [] [c.g.f.d.m.S.selectByUsername] [http-nio-8080-exec-5] [DEBUG] - ==> Parameters: admin(String), admin(String)
[2026-09-13 09:45:04.207] [gas-forecast] [] [] [c.g.f.d.m.S.selectByUsername] [http-nio-8080-exec-5] [DEBUG] - <==      Total: 46
[2026-09-13 09:45:04.208] [gas-forecast] [] [] [c.g.f.d.m.S.selectList] [http-nio-8080-exec-5] [DEBUG] - ==>  Preparing: SELECT id,parent_id,permission_name,path,component,permission_type,perms,icon,sort_no,hidden,status,created_at,updated_at FROM sys_permission_tb ORDER BY sort_no ASC,id ASC
[2026-09-13 09:45:04.208] [gas-forecast] [] [] [c.g.f.d.m.S.selectList] [http-nio-8080-exec-5] [DEBUG] - ==> Parameters: 
[2026-09-13 09:45:04.210] [gas-forecast] [] [] [c.g.f.d.m.S.selectList] [http-nio-8080-exec-5] [DEBUG] - <==      Total: 46
[2026-09-13 09:50:13.690] [gas-forecast] [] [] [c.g.f.d.m.S.selectByUsername] [http-nio-8080-exec-2] [DEBUG] - ==>  Preparing: select distinct p.* from sys_permission_tb p where p.status = 1 and ( exists ( select 1 from sys_user_tb u join sys_user_role_ref ur on ur.user_id = u.id join sys_role_permission_ref rp on rp.role_id = ur.role_id where rp.permission_id = p.id and u.username = ? and u.deleted = 0 ) or exists ( select 1 from sys_user_tb u join sys_user_department_ref ud on ud.user_id = u.id join sys_department_permission_ref dp on dp.department_id = ud.department_id where dp.permission_id = p.id and u.username = ? and u.deleted = 0 ) ) order by p.sort_no, p.id
[2026-09-13 09:50:13.690] [gas-forecast] [] [] [c.g.f.d.m.SysUserTbMapper.selectList] [http-nio-8080-exec-1] [DEBUG] - ==>  Preparing: SELECT id,username,real_name,password_hash,password_salt,avatar,email,phone,org_code,status,deleted,created_at,updated_at FROM sys_user_tb WHERE (username = ? AND deleted = ?)
[2026-09-13 09:50:13.701] [gas-forecast] [] [] [c.g.f.d.m.S.selectByUsername] [http-nio-8080-exec-2] [DEBUG] - ==> Parameters: admin(String), admin(String)
[2026-09-13 09:50:13.701] [gas-forecast] [] [] [c.g.f.d.m.SysUserTbMapper.selectList] [http-nio-8080-exec-1] [DEBUG] - ==> Parameters: admin(String), 0(Integer)
[2026-09-13 09:50:13.712] [gas-forecast] [] [] [c.g.f.d.m.SysUserTbMapper.selectList] [http-nio-8080-exec-1] [DEBUG] - <==      Total: 1
[2026-09-13 09:50:13.714] [gas-forecast] [] [] [c.g.f.d.m.S.selectRoleCodesByUsername] [http-nio-8080-exec-1] [DEBUG] - ==>  Preparing: select r.role_code from sys_user_tb u join sys_user_role_ref ur on ur.user_id = u.id join sys_role_tb r on r.id = ur.role_id where u.username = ? order by r.role_code
[2026-09-13 09:50:13.714] [gas-forecast] [] [] [c.g.f.d.m.S.selectRoleCodesByUsername] [http-nio-8080-exec-1] [DEBUG] - ==> Parameters: admin(String)
[2026-09-13 09:50:13.716] [gas-forecast] [] [] [c.g.f.d.m.S.selectByUsername] [http-nio-8080-exec-2] [DEBUG] - <==      Total: 50
[2026-09-13 09:50:13.717] [gas-forecast] [] [] [c.g.f.d.m.SysRoleTbMapper.selectList] [http-nio-8080-exec-2] [DEBUG] - ==>  Preparing: SELECT id,role_code,role_name,description,created_at,updated_at FROM sys_role_tb ORDER BY id ASC
[2026-09-13 09:50:13.717] [gas-forecast] [] [] [c.g.f.d.m.SysRoleTbMapper.selectList] [http-nio-8080-exec-2] [DEBUG] - ==> Parameters: 
[2026-09-13 09:50:13.718] [gas-forecast] [] [] [c.g.f.d.m.SysRoleTbMapper.selectList] [http-nio-8080-exec-2] [DEBUG] - <==      Total: 1
[2026-09-13 09:50:13.718] [gas-forecast] [] [] [c.g.f.d.m.S.selectRoleCodesByUsername] [http-nio-8080-exec-1] [DEBUG] - <==      Total: 1
[2026-09-13 09:50:13.718] [gas-forecast] [] [] [c.g.f.d.m.S.selectByUsername] [http-nio-8080-exec-1] [DEBUG] - ==>  Preparing: select distinct p.* from sys_permission_tb p where p.status = 1 and ( exists ( select 1 from sys_user_tb u join sys_user_role_ref ur on ur.user_id = u.id join sys_role_permission_ref rp on rp.role_id = ur.role_id where rp.permission_id = p.id and u.username = ? and u.deleted = 0 ) or exists ( select 1 from sys_user_tb u join sys_user_department_ref ud on ud.user_id = u.id join sys_department_permission_ref dp on dp.department_id = ud.department_id where dp.permission_id = p.id and u.username = ? and u.deleted = 0 ) ) order by p.sort_no, p.id
[2026-09-13 09:50:13.719] [gas-forecast] [] [] [c.g.f.d.m.S.selectByUsername] [http-nio-8080-exec-1] [DEBUG] - ==> Parameters: admin(String), admin(String)
[2026-09-13 09:50:13.719] [gas-forecast] [] [] [c.g.f.d.m.S.selectList] [http-nio-8080-exec-2] [DEBUG] - ==>  Preparing: SELECT id,parent_id,department_name,org_code,sort_no,status,created_at,updated_at FROM sys_department_tb ORDER BY sort_no ASC,id ASC
[2026-09-13 09:50:13.719] [gas-forecast] [] [] [c.g.f.d.m.S.selectList] [http-nio-8080-exec-2] [DEBUG] - ==> Parameters: 
[2026-09-13 09:50:13.720] [gas-forecast] [] [] [c.g.f.d.m.S.selectList] [http-nio-8080-exec-2] [DEBUG] - <==      Total: 7
[2026-09-13 09:50:13.721] [gas-forecast] [] [] [c.g.f.d.m.S.selectList] [http-nio-8080-exec-2] [DEBUG] - ==>  Preparing: SELECT id,parent_id,permission_name,path,component,permission_type,perms,icon,sort_no,hidden,status,created_at,updated_at FROM sys_permission_tb ORDER BY sort_no ASC,id ASC
[2026-09-13 09:50:13.721] [gas-forecast] [] [] [c.g.f.d.m.S.selectList] [http-nio-8080-exec-2] [DEBUG] - ==> Parameters: 
[2026-09-13 09:50:13.722] [gas-forecast] [] [] [c.g.f.d.m.S.selectByUsername] [http-nio-8080-exec-1] [DEBUG] - <==      Total: 50
[2026-09-13 09:50:13.725] [gas-forecast] [] [] [c.g.f.d.m.S.selectList] [http-nio-8080-exec-2] [DEBUG] - <==      Total: 50
[2026-09-13 09:50:13.762] [gas-forecast] [] [] [c.g.f.d.m.S.selectByUsername] [http-nio-8080-exec-3] [DEBUG] - ==>  Preparing: select distinct p.* from sys_permission_tb p where p.status = 1 and ( exists ( select 1 from sys_user_tb u join sys_user_role_ref ur on ur.user_id = u.id join sys_role_permission_ref rp on rp.role_id = ur.role_id where rp.permission_id = p.id and u.username = ? and u.deleted = 0 ) or exists ( select 1 from sys_user_tb u join sys_user_department_ref ud on ud.user_id = u.id join sys_department_permission_ref dp on dp.department_id = ud.department_id where dp.permission_id = p.id and u.username = ? and u.deleted = 0 ) ) order by p.sort_no, p.id
[2026-09-13 09:50:13.762] [gas-forecast] [] [] [c.g.f.d.m.S.selectByUsername] [http-nio-8080-exec-3] [DEBUG] - ==> Parameters: admin(String), admin(String)
[2026-09-13 09:50:13.765] [gas-forecast] [] [] [c.g.f.d.m.S.selectByUsername] [http-nio-8080-exec-3] [DEBUG] - <==      Total: 50
[2026-09-13 09:50:13.769] [gas-forecast] [] [] [c.g.f.d.m.S.selectList] [http-nio-8080-exec-3] [DEBUG] - ==>  Preparing: SELECT id,parent_id,permission_name,path,component,permission_type,perms,icon,sort_no,hidden,status,created_at,updated_at FROM sys_permission_tb ORDER BY sort_no ASC,id ASC
[2026-09-13 09:50:13.769] [gas-forecast] [] [] [c.g.f.d.m.S.selectList] [http-nio-8080-exec-3] [DEBUG] - ==> Parameters: 
[2026-09-13 09:50:13.771] [gas-forecast] [] [] [c.g.f.d.m.S.selectList] [http-nio-8080-exec-3] [DEBUG] - <==      Total: 50
[2026-09-13 09:50:32.607] [gas-forecast] [] [] [c.g.f.d.m.S.selectByUsername] [http-nio-8080-exec-4] [DEBUG] - ==>  Preparing: select distinct p.* from sys_permission_tb p where p.status = 1 and ( exists ( select 1 from sys_user_tb u join sys_user_role_ref ur on ur.user_id = u.id join sys_role_permission_ref rp on rp.role_id = ur.role_id where rp.permission_id = p.id and u.username = ? and u.deleted = 0 ) or exists ( select 1 from sys_user_tb u join sys_user_department_ref ud on ud.user_id = u.id join sys_department_permission_ref dp on dp.department_id = ud.department_id where dp.permission_id = p.id and u.username = ? and u.deleted = 0 ) ) order by p.sort_no, p.id
[2026-09-13 09:50:32.607] [gas-forecast] [] [] [c.g.f.d.m.S.selectByUsername] [http-nio-8080-exec-4] [DEBUG] - ==> Parameters: admin(String), admin(String)
[2026-09-13 09:50:32.609] [gas-forecast] [] [] [c.g.f.d.m.S.selectByUsername] [http-nio-8080-exec-4] [DEBUG] - <==      Total: 50
[2026-09-13 09:50:32.674] [gas-forecast] [] [] [c.g.f.d.m.D.selectList_mpCount] [http-nio-8080-exec-4] [DEBUG] - ==>  Preparing: SELECT COUNT(*) AS total FROM data_file_info_tb
[2026-09-13 09:50:32.674] [gas-forecast] [] [] [c.g.f.d.m.D.selectList_mpCount] [http-nio-8080-exec-4] [DEBUG] - ==> Parameters: 
[2026-09-13 09:50:32.681] [gas-forecast] [] [] [c.g.f.d.m.D.selectList_mpCount] [http-nio-8080-exec-4] [DEBUG] - <==      Total: 1
[2026-09-13 09:53:27.675] [gas-forecast] [] [] [c.g.f.d.m.SysUserTbMapper.selectList] [http-nio-8080-exec-5] [DEBUG] - ==>  Preparing: SELECT id,username,real_name,password_hash,password_salt,avatar,email,phone,org_code,status,deleted,created_at,updated_at FROM sys_user_tb WHERE (username = ? AND deleted = ?)
[2026-09-13 09:53:27.676] [gas-forecast] [] [] [c.g.f.d.m.SysUserTbMapper.selectList] [http-nio-8080-exec-5] [DEBUG] - ==> Parameters: admin(String), 0(Integer)
[2026-09-13 09:53:27.677] [gas-forecast] [] [] [c.g.f.d.m.SysUserTbMapper.selectList] [http-nio-8080-exec-5] [DEBUG] - <==      Total: 1
[2026-09-13 09:53:27.677] [gas-forecast] [] [] [c.g.f.d.m.S.selectRoleCodesByUsername] [http-nio-8080-exec-5] [DEBUG] - ==>  Preparing: select r.role_code from sys_user_tb u join sys_user_role_ref ur on ur.user_id = u.id join sys_role_tb r on r.id = ur.role_id where u.username = ? order by r.role_code
[2026-09-13 09:53:27.677] [gas-forecast] [] [] [c.g.f.d.m.S.selectRoleCodesByUsername] [http-nio-8080-exec-5] [DEBUG] - ==> Parameters: admin(String)
[2026-09-13 09:53:27.679] [gas-forecast] [] [] [c.g.f.d.m.S.selectRoleCodesByUsername] [http-nio-8080-exec-5] [DEBUG] - <==      Total: 1
[2026-09-13 09:53:27.679] [gas-forecast] [] [] [c.g.f.d.m.S.selectByUsername] [http-nio-8080-exec-5] [DEBUG] - ==>  Preparing: select distinct p.* from sys_permission_tb p where p.status = 1 and ( exists ( select 1 from sys_user_tb u join sys_user_role_ref ur on ur.user_id = u.id join sys_role_permission_ref rp on rp.role_id = ur.role_id where rp.permission_id = p.id and u.username = ? and u.deleted = 0 ) or exists ( select 1 from sys_user_tb u join sys_user_department_ref ud on ud.user_id = u.id join sys_department_permission_ref dp on dp.department_id = ud.department_id where dp.permission_id = p.id and u.username = ? and u.deleted = 0 ) ) order by p.sort_no, p.id
[2026-09-13 09:53:27.679] [gas-forecast] [] [] [c.g.f.d.m.S.selectByUsername] [http-nio-8080-exec-5] [DEBUG] - ==> Parameters: admin(String), admin(String)
[2026-09-13 09:53:27.682] [gas-forecast] [] [] [c.g.f.d.m.S.selectByUsername] [http-nio-8080-exec-5] [DEBUG] - <==      Total: 50
[2026-09-13 09:53:27.692] [gas-forecast] [] [] [c.g.f.d.m.S.selectByUsername] [http-nio-8080-exec-6] [DEBUG] - ==>  Preparing: select distinct p.* from sys_permission_tb p where p.status = 1 and ( exists ( select 1 from sys_user_tb u join sys_user_role_ref ur on ur.user_id = u.id join sys_role_permission_ref rp on rp.role_id = ur.role_id where rp.permission_id = p.id and u.username = ? and u.deleted = 0 ) or exists ( select 1 from sys_user_tb u join sys_user_department_ref ud on ud.user_id = u.id join sys_department_permission_ref dp on dp.department_id = ud.department_id where dp.permission_id = p.id and u.username = ? and u.deleted = 0 ) ) order by p.sort_no, p.id
[2026-09-13 09:53:27.692] [gas-forecast] [] [] [c.g.f.d.m.S.selectByUsername] [http-nio-8080-exec-6] [DEBUG] - ==> Parameters: admin(String), admin(String)
[2026-09-13 09:53:27.694] [gas-forecast] [] [] [c.g.f.d.m.S.selectByUsername] [http-nio-8080-exec-6] [DEBUG] - <==      Total: 50
[2026-09-13 09:53:27.698] [gas-forecast] [] [] [c.g.f.d.m.D.selectList_mpCount] [http-nio-8080-exec-6] [DEBUG] - ==>  Preparing: SELECT COUNT(*) AS total FROM data_file_info_tb
[2026-09-13 09:53:27.698] [gas-forecast] [] [] [c.g.f.d.m.D.selectList_mpCount] [http-nio-8080-exec-6] [DEBUG] - ==> Parameters: 
[2026-09-13 09:53:27.699] [gas-forecast] [] [] [c.g.f.d.m.D.selectList_mpCount] [http-nio-8080-exec-6] [DEBUG] - <==      Total: 1
[2026-09-13 09:53:27.701] [gas-forecast] [] [] [c.g.f.d.m.D.selectList] [http-nio-8080-exec-6] [DEBUG] - ==>  Preparing: SELECT id,file_name,object_key,file_hash,status,total_count,error_message,created_at,updated_at,created_by,created_by_name FROM data_file_info_tb ORDER BY updated_at DESC,id DESC LIMIT ?
[2026-09-13 09:53:27.702] [gas-forecast] [] [] [c.g.f.d.m.D.selectList] [http-nio-8080-exec-6] [DEBUG] - ==> Parameters: 10(Long)
[2026-09-13 09:53:27.704] [gas-forecast] [] [] [c.g.f.d.m.D.selectList] [http-nio-8080-exec-6] [DEBUG] - <==      Total: 10
[2026-09-13 09:56:00.900] [gas-forecast] [] [] [c.g.f.d.m.S.selectByUsername] [http-nio-8080-exec-7] [DEBUG] - ==>  Preparing: select distinct p.* from sys_permission_tb p where p.status = 1 and ( exists ( select 1 from sys_user_tb u join sys_user_role_ref ur on ur.user_id = u.id join sys_role_permission_ref rp on rp.role_id = ur.role_id where rp.permission_id = p.id and u.username = ? and u.deleted = 0 ) or exists ( select 1 from sys_user_tb u join sys_user_department_ref ud on ud.user_id = u.id join sys_department_permission_ref dp on dp.department_id = ud.department_id where dp.permission_id = p.id and u.username = ? and u.deleted = 0 ) ) order by p.sort_no, p.id
[2026-09-13 09:56:00.900] [gas-forecast] [] [] [c.g.f.d.m.S.selectByUsername] [http-nio-8080-exec-7] [DEBUG] - ==> Parameters: admin(String), admin(String)
[2026-09-13 09:56:00.906] [gas-forecast] [] [] [c.g.f.d.m.S.selectByUsername] [http-nio-8080-exec-7] [DEBUG] - <==      Total: 50
[2026-09-13 09:56:00.910] [gas-forecast] [] [] [c.g.f.d.m.D.selectList_mpCount] [http-nio-8080-exec-7] [DEBUG] - ==>  Preparing: SELECT COUNT(*) AS total FROM data_file_info_tb
[2026-09-13 09:56:00.911] [gas-forecast] [] [] [c.g.f.d.m.D.selectList_mpCount] [http-nio-8080-exec-7] [DEBUG] - ==> Parameters: 
[2026-09-13 09:56:00.913] [gas-forecast] [] [] [c.g.f.d.m.D.selectList_mpCount] [http-nio-8080-exec-7] [DEBUG] - <==      Total: 1
[2026-09-13 09:56:00.913] [gas-forecast] [] [] [c.g.f.d.m.D.selectList] [http-nio-8080-exec-7] [DEBUG] - ==>  Preparing: SELECT id,file_name,object_key,file_hash,status,total_count,error_message,created_at,updated_at,created_by,created_by_name FROM data_file_info_tb ORDER BY updated_at DESC,id DESC LIMIT ?
[2026-09-13 09:56:00.913] [gas-forecast] [] [] [c.g.f.d.m.D.selectList] [http-nio-8080-exec-7] [DEBUG] - ==> Parameters: 10(Long)
[2026-09-13 09:56:00.914] [gas-forecast] [] [] [c.g.f.d.m.D.selectList] [http-nio-8080-exec-7] [DEBUG] - <==      Total: 10
[2026-09-13 09:57:37.605] [gas-forecast] [] [] [c.g.f.d.m.SysUserTbMapper.selectList] [http-nio-8080-exec-8] [DEBUG] - ==>  Preparing: SELECT id,username,real_name,password_hash,password_salt,avatar,email,phone,org_code,status,deleted,created_at,updated_at FROM sys_user_tb WHERE (username = ? AND deleted = ?)
[2026-09-13 09:57:37.606] [gas-forecast] [] [] [c.g.f.d.m.SysUserTbMapper.selectList] [http-nio-8080-exec-8] [DEBUG] - ==> Parameters: admin(String), 0(Integer)
[2026-09-13 09:57:37.611] [gas-forecast] [] [] [c.g.f.d.m.SysUserTbMapper.selectList] [http-nio-8080-exec-8] [DEBUG] - <==      Total: 1
[2026-09-13 09:57:37.612] [gas-forecast] [] [] [c.g.f.d.m.S.selectRoleCodesByUsername] [http-nio-8080-exec-8] [DEBUG] - ==>  Preparing: select r.role_code from sys_user_tb u join sys_user_role_ref ur on ur.user_id = u.id join sys_role_tb r on r.id = ur.role_id where u.username = ? order by r.role_code
[2026-09-13 09:57:37.612] [gas-forecast] [] [] [c.g.f.d.m.S.selectRoleCodesByUsername] [http-nio-8080-exec-8] [DEBUG] - ==> Parameters: admin(String)
[2026-09-13 09:57:37.613] [gas-forecast] [] [] [c.g.f.d.m.S.selectRoleCodesByUsername] [http-nio-8080-exec-8] [DEBUG] - <==      Total: 1
[2026-09-13 09:57:37.613] [gas-forecast] [] [] [c.g.f.d.m.S.selectByUsername] [http-nio-8080-exec-8] [DEBUG] - ==>  Preparing: select distinct p.* from sys_permission_tb p where p.status = 1 and ( exists ( select 1 from sys_user_tb u join sys_user_role_ref ur on ur.user_id = u.id join sys_role_permission_ref rp on rp.role_id = ur.role_id where rp.permission_id = p.id and u.username = ? and u.deleted = 0 ) or exists ( select 1 from sys_user_tb u join sys_user_department_ref ud on ud.user_id = u.id join sys_department_permission_ref dp on dp.department_id = ud.department_id where dp.permission_id = p.id and u.username = ? and u.deleted = 0 ) ) order by p.sort_no, p.id
[2026-09-13 09:57:37.613] [gas-forecast] [] [] [c.g.f.d.m.S.selectByUsername] [http-nio-8080-exec-8] [DEBUG] - ==> Parameters: admin(String), admin(String)
[2026-09-13 09:57:37.615] [gas-forecast] [] [] [c.g.f.d.m.S.selectByUsername] [http-nio-8080-exec-8] [DEBUG] - <==      Total: 50
[2026-09-13 09:57:37.633] [gas-forecast] [] [] [c.g.f.d.m.S.selectByUsername] [http-nio-8080-exec-9] [DEBUG] - ==>  Preparing: select distinct p.* from sys_permission_tb p where p.status = 1 and ( exists ( select 1 from sys_user_tb u join sys_user_role_ref ur on ur.user_id = u.id join sys_role_permission_ref rp on rp.role_id = ur.role_id where rp.permission_id = p.id and u.username = ? and u.deleted = 0 ) or exists ( select 1 from sys_user_tb u join sys_user_department_ref ud on ud.user_id = u.id join sys_department_permission_ref dp on dp.department_id = ud.department_id where dp.permission_id = p.id and u.username = ? and u.deleted = 0 ) ) order by p.sort_no, p.id
[2026-09-13 09:57:37.633] [gas-forecast] [] [] [c.g.f.d.m.S.selectByUsername] [http-nio-8080-exec-9] [DEBUG] - ==> Parameters: admin(String), admin(String)
[2026-09-13 09:57:37.637] [gas-forecast] [] [] [c.g.f.d.m.S.selectByUsername] [http-nio-8080-exec-9] [DEBUG] - <==      Total: 50
[2026-09-13 09:57:37.641] [gas-forecast] [] [] [c.g.f.d.m.D.selectList_mpCount] [http-nio-8080-exec-9] [DEBUG] - ==>  Preparing: SELECT COUNT(*) AS total FROM data_file_info_tb
[2026-09-13 09:57:37.641] [gas-forecast] [] [] [c.g.f.d.m.D.selectList_mpCount] [http-nio-8080-exec-9] [DEBUG] - ==> Parameters: 
[2026-09-13 09:57:37.643] [gas-forecast] [] [] [c.g.f.d.m.D.selectList_mpCount] [http-nio-8080-exec-9] [DEBUG] - <==      Total: 1
[2026-09-13 09:57:37.644] [gas-forecast] [] [] [c.g.f.d.m.D.selectList] [http-nio-8080-exec-9] [DEBUG] - ==>  Preparing: SELECT id,file_name,object_key,file_hash,status,total_count,error_message,created_at,updated_at,created_by,created_by_name FROM data_file_info_tb ORDER BY updated_at DESC,id DESC LIMIT ?
[2026-09-13 09:57:37.644] [gas-forecast] [] [] [c.g.f.d.m.D.selectList] [http-nio-8080-exec-9] [DEBUG] - ==> Parameters: 10(Long)
[2026-09-13 09:57:37.645] [gas-forecast] [] [] [c.g.f.d.m.D.selectList] [http-nio-8080-exec-9] [DEBUG] - <==      Total: 10
[2026-09-13 10:01:45.155] [gas-forecast] [] [] [c.g.f.d.m.SysUserTbMapper.selectList] [http-nio-8080-exec-10] [DEBUG] - ==>  Preparing: SELECT id,username,real_name,password_hash,password_salt,avatar,email,phone,org_code,status,deleted,created_at,updated_at FROM sys_user_tb WHERE (username = ? AND deleted = ?)
[2026-09-13 10:01:45.155] [gas-forecast] [] [] [c.g.f.d.m.SysUserTbMapper.selectList] [http-nio-8080-exec-10] [DEBUG] - ==> Parameters: admin(String), 0(Integer)
[2026-09-13 10:01:45.161] [gas-forecast] [] [] [c.g.f.d.m.SysUserTbMapper.selectList] [http-nio-8080-exec-10] [DEBUG] - <==      Total: 1
[2026-09-13 10:01:45.161] [gas-forecast] [] [] [c.g.f.d.m.S.selectRoleCodesByUsername] [http-nio-8080-exec-10] [DEBUG] - ==>  Preparing: select r.role_code from sys_user_tb u join sys_user_role_ref ur on ur.user_id = u.id join sys_role_tb r on r.id = ur.role_id where u.username = ? order by r.role_code
[2026-09-13 10:01:45.161] [gas-forecast] [] [] [c.g.f.d.m.S.selectRoleCodesByUsername] [http-nio-8080-exec-10] [DEBUG] - ==> Parameters: admin(String)
[2026-09-13 10:01:45.163] [gas-forecast] [] [] [c.g.f.d.m.S.selectRoleCodesByUsername] [http-nio-8080-exec-10] [DEBUG] - <==      Total: 1
[2026-09-13 10:01:45.163] [gas-forecast] [] [] [c.g.f.d.m.S.selectByUsername] [http-nio-8080-exec-10] [DEBUG] - ==>  Preparing: select distinct p.* from sys_permission_tb p where p.status = 1 and ( exists ( select 1 from sys_user_tb u join sys_user_role_ref ur on ur.user_id = u.id join sys_role_permission_ref rp on rp.role_id = ur.role_id where rp.permission_id = p.id and u.username = ? and u.deleted = 0 ) or exists ( select 1 from sys_user_tb u join sys_user_department_ref ud on ud.user_id = u.id join sys_department_permission_ref dp on dp.department_id = ud.department_id where dp.permission_id = p.id and u.username = ? and u.deleted = 0 ) ) order by p.sort_no, p.id
[2026-09-13 10:01:45.163] [gas-forecast] [] [] [c.g.f.d.m.S.selectByUsername] [http-nio-8080-exec-10] [DEBUG] - ==> Parameters: admin(String), admin(String)
[2026-09-13 10:01:45.165] [gas-forecast] [] [] [c.g.f.d.m.S.selectByUsername] [http-nio-8080-exec-10] [DEBUG] - <==      Total: 50
[2026-09-13 10:01:45.165] [gas-forecast] [] [] [c.g.f.d.m.S.selectByUsername] [http-nio-8080-exec-2] [DEBUG] - ==>  Preparing: select distinct p.* from sys_permission_tb p where p.status = 1 and ( exists ( select 1 from sys_user_tb u join sys_user_role_ref ur on ur.user_id = u.id join sys_role_permission_ref rp on rp.role_id = ur.role_id where rp.permission_id = p.id and u.username = ? and u.deleted = 0 ) or exists ( select 1 from sys_user_tb u join sys_user_department_ref ud on ud.user_id = u.id join sys_department_permission_ref dp on dp.department_id = ud.department_id where dp.permission_id = p.id and u.username = ? and u.deleted = 0 ) ) order by p.sort_no, p.id
[2026-09-13 10:01:45.165] [gas-forecast] [] [] [c.g.f.d.m.S.selectByUsername] [http-nio-8080-exec-2] [DEBUG] - ==> Parameters: admin(String), admin(String)
[2026-09-13 10:01:45.167] [gas-forecast] [] [] [c.g.f.d.m.S.selectByUsername] [http-nio-8080-exec-2] [DEBUG] - <==      Total: 50
[2026-09-13 10:01:45.171] [gas-forecast] [] [] [c.g.f.d.m.D.selectList_mpCount] [http-nio-8080-exec-2] [DEBUG] - ==>  Preparing: SELECT COUNT(*) AS total FROM data_file_info_tb
[2026-09-13 10:01:45.171] [gas-forecast] [] [] [c.g.f.d.m.D.selectList_mpCount] [http-nio-8080-exec-2] [DEBUG] - ==> Parameters: 
[2026-09-13 10:01:45.172] [gas-forecast] [] [] [c.g.f.d.m.D.selectList_mpCount] [http-nio-8080-exec-2] [DEBUG] - <==      Total: 1
[2026-09-13 10:01:45.172] [gas-forecast] [] [] [c.g.f.d.m.D.selectList] [http-nio-8080-exec-2] [DEBUG] - ==>  Preparing: SELECT id,file_name,object_key,file_hash,status,total_count,error_message,created_at,updated_at,created_by,created_by_name FROM data_file_info_tb ORDER BY updated_at DESC,id DESC LIMIT ?
[2026-09-13 10:01:45.173] [gas-forecast] [] [] [c.g.f.d.m.D.selectList] [http-nio-8080-exec-2] [DEBUG] - ==> Parameters: 10(Long)
[2026-09-13 10:01:45.174] [gas-forecast] [] [] [c.g.f.d.m.D.selectList] [http-nio-8080-exec-2] [DEBUG] - <==      Total: 10
[2026-09-13 10:02:16.336] [gas-forecast] [] [] [c.g.f.d.m.SysUserTbMapper.selectList] [http-nio-8080-exec-1] [DEBUG] - ==>  Preparing: SELECT id,username,real_name,password_hash,password_salt,avatar,email,phone,org_code,status,deleted,created_at,updated_at FROM sys_user_tb WHERE (username = ? AND deleted = ?)
[2026-09-13 10:02:16.336] [gas-forecast] [] [] [c.g.f.d.m.SysUserTbMapper.selectList] [http-nio-8080-exec-1] [DEBUG] - ==> Parameters: admin(String), 0(Integer)
[2026-09-13 10:02:16.337] [gas-forecast] [] [] [c.g.f.d.m.SysUserTbMapper.selectList] [http-nio-8080-exec-1] [DEBUG] - <==      Total: 1
[2026-09-13 10:02:16.337] [gas-forecast] [] [] [c.g.f.d.m.S.selectRoleCodesByUsername] [http-nio-8080-exec-1] [DEBUG] - ==>  Preparing: select r.role_code from sys_user_tb u join sys_user_role_ref ur on ur.user_id = u.id join sys_role_tb r on r.id = ur.role_id where u.username = ? order by r.role_code
[2026-09-13 10:02:16.337] [gas-forecast] [] [] [c.g.f.d.m.S.selectRoleCodesByUsername] [http-nio-8080-exec-1] [DEBUG] - ==> Parameters: admin(String)
[2026-09-13 10:02:16.338] [gas-forecast] [] [] [c.g.f.d.m.S.selectRoleCodesByUsername] [http-nio-8080-exec-1] [DEBUG] - <==      Total: 1
[2026-09-13 10:02:16.338] [gas-forecast] [] [] [c.g.f.d.m.S.selectByUsername] [http-nio-8080-exec-1] [DEBUG] - ==>  Preparing: select distinct p.* from sys_permission_tb p where p.status = 1 and ( exists ( select 1 from sys_user_tb u join sys_user_role_ref ur on ur.user_id = u.id join sys_role_permission_ref rp on rp.role_id = ur.role_id where rp.permission_id = p.id and u.username = ? and u.deleted = 0 ) or exists ( select 1 from sys_user_tb u join sys_user_department_ref ud on ud.user_id = u.id join sys_department_permission_ref dp on dp.department_id = ud.department_id where dp.permission_id = p.id and u.username = ? and u.deleted = 0 ) ) order by p.sort_no, p.id
[2026-09-13 10:02:16.339] [gas-forecast] [] [] [c.g.f.d.m.S.selectByUsername] [http-nio-8080-exec-1] [DEBUG] - ==> Parameters: admin(String), admin(String)
[2026-09-13 10:02:16.342] [gas-forecast] [] [] [c.g.f.d.m.S.selectByUsername] [http-nio-8080-exec-1] [DEBUG] - <==      Total: 50
[2026-09-13 10:02:16.357] [gas-forecast] [] [] [c.g.f.d.m.S.selectByUsername] [http-nio-8080-exec-3] [DEBUG] - ==>  Preparing: select distinct p.* from sys_permission_tb p where p.status = 1 and ( exists ( select 1 from sys_user_tb u join sys_user_role_ref ur on ur.user_id = u.id join sys_role_permission_ref rp on rp.role_id = ur.role_id where rp.permission_id = p.id and u.username = ? and u.deleted = 0 ) or exists ( select 1 from sys_user_tb u join sys_user_department_ref ud on ud.user_id = u.id join sys_department_permission_ref dp on dp.department_id = ud.department_id where dp.permission_id = p.id and u.username = ? and u.deleted = 0 ) ) order by p.sort_no, p.id
[2026-09-13 10:02:16.357] [gas-forecast] [] [] [c.g.f.d.m.S.selectByUsername] [http-nio-8080-exec-3] [DEBUG] - ==> Parameters: admin(String), admin(String)
[2026-09-13 10:02:16.360] [gas-forecast] [] [] [c.g.f.d.m.S.selectByUsername] [http-nio-8080-exec-3] [DEBUG] - <==      Total: 50
[2026-09-13 10:02:16.364] [gas-forecast] [] [] [c.g.f.d.m.D.selectList_mpCount] [http-nio-8080-exec-3] [DEBUG] - ==>  Preparing: SELECT COUNT(*) AS total FROM data_file_info_tb
[2026-09-13 10:02:16.364] [gas-forecast] [] [] [c.g.f.d.m.D.selectList_mpCount] [http-nio-8080-exec-3] [DEBUG] - ==> Parameters: 
[2026-09-13 10:02:16.365] [gas-forecast] [] [] [c.g.f.d.m.D.selectList_mpCount] [http-nio-8080-exec-3] [DEBUG] - <==      Total: 1
[2026-09-13 10:02:16.365] [gas-forecast] [] [] [c.g.f.d.m.D.selectList] [http-nio-8080-exec-3] [DEBUG] - ==>  Preparing: SELECT id,file_name,object_key,file_hash,status,total_count,error_message,created_at,updated_at,created_by,created_by_name FROM data_file_info_tb ORDER BY updated_at DESC,id DESC LIMIT ?
[2026-09-13 10:02:16.365] [gas-forecast] [] [] [c.g.f.d.m.D.selectList] [http-nio-8080-exec-3] [DEBUG] - ==> Parameters: 10(Long)
[2026-09-13 10:02:16.367] [gas-forecast] [] [] [c.g.f.d.m.D.selectList] [http-nio-8080-exec-3] [DEBUG] - <==      Total: 10
[2026-09-13 10:10:34.015] [gas-forecast] [] [] [c.g.f.d.m.SysUserTbMapper.selectList] [http-nio-8080-exec-4] [DEBUG] - ==>  Preparing: SELECT id,username,real_name,password_hash,password_salt,avatar,email,phone,org_code,status,deleted,created_at,updated_at FROM sys_user_tb WHERE (username = ? AND deleted = ?)
[2026-09-13 10:10:34.015] [gas-forecast] [] [] [c.g.f.d.m.SysUserTbMapper.selectList] [http-nio-8080-exec-4] [DEBUG] - ==> Parameters: admin(String), 0(Integer)
[2026-09-13 10:10:34.019] [gas-forecast] [] [] [c.g.f.d.m.SysUserTbMapper.selectList] [http-nio-8080-exec-4] [DEBUG] - <==      Total: 1
[2026-09-13 10:10:34.019] [gas-forecast] [] [] [c.g.f.d.m.S.selectRoleCodesByUsername] [http-nio-8080-exec-4] [DEBUG] - ==>  Preparing: select r.role_code from sys_user_tb u join sys_user_role_ref ur on ur.user_id = u.id join sys_role_tb r on r.id = ur.role_id where u.username = ? order by r.role_code
[2026-09-13 10:10:34.019] [gas-forecast] [] [] [c.g.f.d.m.S.selectRoleCodesByUsername] [http-nio-8080-exec-4] [DEBUG] - ==> Parameters: admin(String)
[2026-09-13 10:10:34.020] [gas-forecast] [] [] [c.g.f.d.m.S.selectRoleCodesByUsername] [http-nio-8080-exec-4] [DEBUG] - <==      Total: 1
[2026-09-13 10:10:34.020] [gas-forecast] [] [] [c.g.f.d.m.S.selectByUsername] [http-nio-8080-exec-4] [DEBUG] - ==>  Preparing: select distinct p.* from sys_permission_tb p where p.status = 1 and ( exists ( select 1 from sys_user_tb u join sys_user_role_ref ur on ur.user_id = u.id join sys_role_permission_ref rp on rp.role_id = ur.role_id where rp.permission_id = p.id and u.username = ? and u.deleted = 0 ) or exists ( select 1 from sys_user_tb u join sys_user_department_ref ud on ud.user_id = u.id join sys_department_permission_ref dp on dp.department_id = ud.department_id where dp.permission_id = p.id and u.username = ? and u.deleted = 0 ) ) order by p.sort_no, p.id
[2026-09-13 10:10:34.020] [gas-forecast] [] [] [c.g.f.d.m.S.selectByUsername] [http-nio-8080-exec-4] [DEBUG] - ==> Parameters: admin(String), admin(String)
[2026-09-13 10:10:34.022] [gas-forecast] [] [] [c.g.f.d.m.S.selectByUsername] [http-nio-8080-exec-4] [DEBUG] - <==      Total: 50
[2026-09-13 10:10:34.029] [gas-forecast] [] [] [c.g.f.d.m.S.selectByUsername] [http-nio-8080-exec-5] [DEBUG] - ==>  Preparing: select distinct p.* from sys_permission_tb p where p.status = 1 and ( exists ( select 1 from sys_user_tb u join sys_user_role_ref ur on ur.user_id = u.id join sys_role_permission_ref rp on rp.role_id = ur.role_id where rp.permission_id = p.id and u.username = ? and u.deleted = 0 ) or exists ( select 1 from sys_user_tb u join sys_user_department_ref ud on ud.user_id = u.id join sys_department_permission_ref dp on dp.department_id = ud.department_id where dp.permission_id = p.id and u.username = ? and u.deleted = 0 ) ) order by p.sort_no, p.id
[2026-09-13 10:10:34.029] [gas-forecast] [] [] [c.g.f.d.m.S.selectByUsername] [http-nio-8080-exec-5] [DEBUG] - ==> Parameters: admin(String), admin(String)
[2026-09-13 10:10:34.031] [gas-forecast] [] [] [c.g.f.d.m.S.selectByUsername] [http-nio-8080-exec-5] [DEBUG] - <==      Total: 50
[2026-09-13 10:10:34.035] [gas-forecast] [] [] [c.g.f.d.m.D.selectList_mpCount] [http-nio-8080-exec-5] [DEBUG] - ==>  Preparing: SELECT COUNT(*) AS total FROM data_file_info_tb
[2026-09-13 10:10:34.035] [gas-forecast] [] [] [c.g.f.d.m.D.selectList_mpCount] [http-nio-8080-exec-5] [DEBUG] - ==> Parameters: 
[2026-09-13 10:10:34.036] [gas-forecast] [] [] [c.g.f.d.m.D.selectList_mpCount] [http-nio-8080-exec-5] [DEBUG] - <==      Total: 1
[2026-09-13 10:10:34.036] [gas-forecast] [] [] [c.g.f.d.m.D.selectList] [http-nio-8080-exec-5] [DEBUG] - ==>  Preparing: SELECT id,file_name,object_key,file_hash,status,total_count,error_message,created_at,updated_at,created_by,created_by_name FROM data_file_info_tb ORDER BY updated_at DESC,id DESC LIMIT ?
[2026-09-13 10:10:34.036] [gas-forecast] [] [] [c.g.f.d.m.D.selectList] [http-nio-8080-exec-5] [DEBUG] - ==> Parameters: 10(Long)
[2026-09-13 10:10:34.038] [gas-forecast] [] [] [c.g.f.d.m.D.selectList] [http-nio-8080-exec-5] [DEBUG] - <==      Total: 10
[2026-09-13 10:20:07.562] [gas-forecast] [] [] [c.g.f.d.m.S.selectByUsername] [http-nio-8080-exec-6] [DEBUG] - ==>  Preparing: select distinct p.* from sys_permission_tb p where p.status = 1 and ( exists ( select 1 from sys_user_tb u join sys_user_role_ref ur on ur.user_id = u.id join sys_role_permission_ref rp on rp.role_id = ur.role_id where rp.permission_id = p.id and u.username = ? and u.deleted = 0 ) or exists ( select 1 from sys_user_tb u join sys_user_department_ref ud on ud.user_id = u.id join sys_department_permission_ref dp on dp.department_id = ud.department_id where dp.permission_id = p.id and u.username = ? and u.deleted = 0 ) ) order by p.sort_no, p.id
[2026-09-13 10:20:07.562] [gas-forecast] [] [] [c.g.f.d.m.S.selectByUsername] [http-nio-8080-exec-6] [DEBUG] - ==> Parameters: admin(String), admin(String)
[2026-09-13 10:20:07.570] [gas-forecast] [] [] [c.g.f.d.m.S.selectByUsername] [http-nio-8080-exec-6] [DEBUG] - <==      Total: 50
[2026-09-13 10:20:07.571] [gas-forecast] [] [] [c.g.f.d.m.SysRoleTbMapper.selectList] [http-nio-8080-exec-6] [DEBUG] - ==>  Preparing: SELECT id,role_code,role_name,description,created_at,updated_at FROM sys_role_tb ORDER BY id ASC
[2026-09-13 10:20:07.571] [gas-forecast] [] [] [c.g.f.d.m.SysRoleTbMapper.selectList] [http-nio-8080-exec-6] [DEBUG] - ==> Parameters: 
[2026-09-13 10:20:07.572] [gas-forecast] [] [] [c.g.f.d.m.SysRoleTbMapper.selectList] [http-nio-8080-exec-6] [DEBUG] - <==      Total: 1
[2026-09-13 10:20:07.572] [gas-forecast] [] [] [c.g.f.d.m.S.selectList] [http-nio-8080-exec-6] [DEBUG] - ==>  Preparing: SELECT id,parent_id,department_name,org_code,sort_no,status,created_at,updated_at FROM sys_department_tb ORDER BY sort_no ASC,id ASC
[2026-09-13 10:20:07.572] [gas-forecast] [] [] [c.g.f.d.m.S.selectList] [http-nio-8080-exec-6] [DEBUG] - ==> Parameters: 
[2026-09-13 10:20:07.572] [gas-forecast] [] [] [c.g.f.d.m.S.selectList] [http-nio-8080-exec-6] [DEBUG] - <==      Total: 7
[2026-09-13 10:20:07.573] [gas-forecast] [] [] [c.g.f.d.m.S.selectList] [http-nio-8080-exec-6] [DEBUG] - ==>  Preparing: SELECT id,parent_id,permission_name,path,component,permission_type,perms,icon,sort_no,hidden,status,created_at,updated_at FROM sys_permission_tb ORDER BY sort_no ASC,id ASC
[2026-09-13 10:20:07.573] [gas-forecast] [] [] [c.g.f.d.m.S.selectList] [http-nio-8080-exec-6] [DEBUG] - ==> Parameters: 
[2026-09-13 10:20:07.574] [gas-forecast] [] [] [c.g.f.d.m.S.selectList] [http-nio-8080-exec-6] [DEBUG] - <==      Total: 50
[2026-09-13 10:20:07.578] [gas-forecast] [] [] [c.g.f.d.m.S.selectByUsername] [http-nio-8080-exec-7] [DEBUG] - ==>  Preparing: select distinct p.* from sys_permission_tb p where p.status = 1 and ( exists ( select 1 from sys_user_tb u join sys_user_role_ref ur on ur.user_id = u.id join sys_role_permission_ref rp on rp.role_id = ur.role_id where rp.permission_id = p.id and u.username = ? and u.deleted = 0 ) or exists ( select 1 from sys_user_tb u join sys_user_department_ref ud on ud.user_id = u.id join sys_department_permission_ref dp on dp.department_id = ud.department_id where dp.permission_id = p.id and u.username = ? and u.deleted = 0 ) ) order by p.sort_no, p.id
[2026-09-13 10:20:07.578] [gas-forecast] [] [] [c.g.f.d.m.S.selectByUsername] [http-nio-8080-exec-7] [DEBUG] - ==> Parameters: admin(String), admin(String)
[2026-09-13 10:20:07.579] [gas-forecast] [] [] [c.g.f.d.m.S.selectByUsername] [http-nio-8080-exec-7] [DEBUG] - <==      Total: 50
[2026-09-13 10:20:07.580] [gas-forecast] [] [] [c.g.f.d.m.S.selectList] [http-nio-8080-exec-7] [DEBUG] - ==>  Preparing: SELECT id,parent_id,permission_name,path,component,permission_type,perms,icon,sort_no,hidden,status,created_at,updated_at FROM sys_permission_tb ORDER BY sort_no ASC,id ASC
[2026-09-13 10:20:07.580] [gas-forecast] [] [] [c.g.f.d.m.S.selectList] [http-nio-8080-exec-7] [DEBUG] - ==> Parameters: 
[2026-09-13 10:20:07.581] [gas-forecast] [] [] [c.g.f.d.m.S.selectList] [http-nio-8080-exec-7] [DEBUG] - <==      Total: 50
[2026-09-13 10:20:09.494] [gas-forecast] [] [] [c.g.f.d.m.S.selectByUsername] [http-nio-8080-exec-8] [DEBUG] - ==>  Preparing: select distinct p.* from sys_permission_tb p where p.status = 1 and ( exists ( select 1 from sys_user_tb u join sys_user_role_ref ur on ur.user_id = u.id join sys_role_permission_ref rp on rp.role_id = ur.role_id where rp.permission_id = p.id and u.username = ? and u.deleted = 0 ) or exists ( select 1 from sys_user_tb u join sys_user_department_ref ud on ud.user_id = u.id join sys_department_permission_ref dp on dp.department_id = ud.department_id where dp.permission_id = p.id and u.username = ? and u.deleted = 0 ) ) order by p.sort_no, p.id
[2026-09-13 10:20:09.494] [gas-forecast] [] [] [c.g.f.d.m.S.selectByUsername] [http-nio-8080-exec-8] [DEBUG] - ==> Parameters: admin(String), admin(String)
[2026-09-13 10:20:09.496] [gas-forecast] [] [] [c.g.f.d.m.S.selectByUsername] [http-nio-8080-exec-8] [DEBUG] - <==      Total: 50
[2026-09-13 10:20:09.497] [gas-forecast] [] [] [c.g.f.d.m.SysRoleTbMapper.selectList] [http-nio-8080-exec-8] [DEBUG] - ==>  Preparing: SELECT id,role_code,role_name,description,created_at,updated_at FROM sys_role_tb ORDER BY id ASC
[2026-09-13 10:20:09.497] [gas-forecast] [] [] [c.g.f.d.m.SysRoleTbMapper.selectList] [http-nio-8080-exec-8] [DEBUG] - ==> Parameters: 
[2026-09-13 10:20:09.497] [gas-forecast] [] [] [c.g.f.d.m.SysRoleTbMapper.selectList] [http-nio-8080-exec-8] [DEBUG] - <==      Total: 1
[2026-09-13 10:20:09.497] [gas-forecast] [] [] [c.g.f.d.m.S.selectList] [http-nio-8080-exec-8] [DEBUG] - ==>  Preparing: SELECT id,parent_id,department_name,org_code,sort_no,status,created_at,updated_at FROM sys_department_tb ORDER BY sort_no ASC,id ASC
[2026-09-13 10:20:09.497] [gas-forecast] [] [] [c.g.f.d.m.S.selectList] [http-nio-8080-exec-8] [DEBUG] - ==> Parameters: 
[2026-09-13 10:20:09.498] [gas-forecast] [] [] [c.g.f.d.m.S.selectList] [http-nio-8080-exec-8] [DEBUG] - <==      Total: 7
[2026-09-13 10:20:09.498] [gas-forecast] [] [] [c.g.f.d.m.S.selectList] [http-nio-8080-exec-8] [DEBUG] - ==>  Preparing: SELECT id,parent_id,permission_name,path,component,permission_type,perms,icon,sort_no,hidden,status,created_at,updated_at FROM sys_permission_tb ORDER BY sort_no ASC,id ASC
[2026-09-13 10:20:09.498] [gas-forecast] [] [] [c.g.f.d.m.S.selectList] [http-nio-8080-exec-8] [DEBUG] - ==> Parameters: 
[2026-09-13 10:20:09.499] [gas-forecast] [] [] [c.g.f.d.m.S.selectList] [http-nio-8080-exec-8] [DEBUG] - <==      Total: 50
[2026-09-13 10:20:09.503] [gas-forecast] [] [] [c.g.f.d.m.S.selectByUsername] [http-nio-8080-exec-9] [DEBUG] - ==>  Preparing: select distinct p.* from sys_permission_tb p where p.status = 1 and ( exists ( select 1 from sys_user_tb u join sys_user_role_ref ur on ur.user_id = u.id join sys_role_permission_ref rp on rp.role_id = ur.role_id where rp.permission_id = p.id and u.username = ? and u.deleted = 0 ) or exists ( select 1 from sys_user_tb u join sys_user_department_ref ud on ud.user_id = u.id join sys_department_permission_ref dp on dp.department_id = ud.department_id where dp.permission_id = p.id and u.username = ? and u.deleted = 0 ) ) order by p.sort_no, p.id
[2026-09-13 10:20:09.503] [gas-forecast] [] [] [c.g.f.d.m.S.selectByUsername] [http-nio-8080-exec-9] [DEBUG] - ==> Parameters: admin(String), admin(String)
[2026-09-13 10:20:09.504] [gas-forecast] [] [] [c.g.f.d.m.S.selectByUsername] [http-nio-8080-exec-9] [DEBUG] - <==      Total: 50
[2026-09-13 10:20:09.507] [gas-forecast] [] [] [c.g.f.d.m.SysUserTbMapper.selectList] [http-nio-8080-exec-9] [DEBUG] - ==>  Preparing: SELECT id,username,real_name,password_hash,password_salt,avatar,email,phone,org_code,status,deleted,created_at,updated_at FROM sys_user_tb WHERE (deleted = ?) ORDER BY id ASC
[2026-09-13 10:20:09.507] [gas-forecast] [] [] [c.g.f.d.m.SysUserTbMapper.selectList] [http-nio-8080-exec-9] [DEBUG] - ==> Parameters: 0(Integer)
[2026-09-13 10:20:09.508] [gas-forecast] [] [] [c.g.f.d.m.SysUserTbMapper.selectList] [http-nio-8080-exec-9] [DEBUG] - <==      Total: 1
[2026-09-13 10:20:09.508] [gas-forecast] [] [] [c.g.f.d.m.SysRoleTbMapper.selectList] [http-nio-8080-exec-9] [DEBUG] - ==>  Preparing: SELECT id,role_code,role_name,description,created_at,updated_at FROM sys_role_tb ORDER BY id ASC
[2026-09-13 10:20:09.508] [gas-forecast] [] [] [c.g.f.d.m.SysRoleTbMapper.selectList] [http-nio-8080-exec-9] [DEBUG] - ==> Parameters: 
[2026-09-13 10:20:09.508] [gas-forecast] [] [] [c.g.f.d.m.SysRoleTbMapper.selectList] [http-nio-8080-exec-9] [DEBUG] - <==      Total: 1
[2026-09-13 10:20:09.509] [gas-forecast] [] [] [c.g.f.d.m.S.selectList] [http-nio-8080-exec-9] [DEBUG] - ==>  Preparing: SELECT id,parent_id,department_name,org_code,sort_no,status,created_at,updated_at FROM sys_department_tb ORDER BY id ASC
[2026-09-13 10:20:09.509] [gas-forecast] [] [] [c.g.f.d.m.S.selectList] [http-nio-8080-exec-9] [DEBUG] - ==> Parameters: 
[2026-09-13 10:20:09.509] [gas-forecast] [] [] [c.g.f.d.m.S.selectList] [http-nio-8080-exec-9] [DEBUG] - <==      Total: 7
[2026-09-13 10:20:09.510] [gas-forecast] [] [] [c.g.f.d.m.S.selectList] [http-nio-8080-exec-9] [DEBUG] - ==>  Preparing: SELECT id,user_id,role_id FROM sys_user_role_ref
[2026-09-13 10:20:09.510] [gas-forecast] [] [] [c.g.f.d.m.S.selectList] [http-nio-8080-exec-9] [DEBUG] - ==> Parameters: 
[2026-09-13 10:20:09.510] [gas-forecast] [] [] [c.g.f.d.m.S.selectList] [http-nio-8080-exec-9] [DEBUG] - <==      Total: 1
[2026-09-13 10:20:09.510] [gas-forecast] [] [] [c.g.f.d.m.S.selectList] [http-nio-8080-exec-9] [DEBUG] - ==>  Preparing: SELECT id,user_id,department_id FROM sys_user_department_ref
[2026-09-13 10:20:09.510] [gas-forecast] [] [] [c.g.f.d.m.S.selectList] [http-nio-8080-exec-9] [DEBUG] - ==> Parameters: 
[2026-09-13 10:20:09.511] [gas-forecast] [] [] [c.g.f.d.m.S.selectList] [http-nio-8080-exec-9] [DEBUG] - <==      Total: 1
[2026-09-13 10:20:10.119] [gas-forecast] [] [] [c.g.f.d.m.S.selectByUsername] [http-nio-8080-exec-10] [DEBUG] - ==>  Preparing: select distinct p.* from sys_permission_tb p where p.status = 1 and ( exists ( select 1 from sys_user_tb u join sys_user_role_ref ur on ur.user_id = u.id join sys_role_permission_ref rp on rp.role_id = ur.role_id where rp.permission_id = p.id and u.username = ? and u.deleted = 0 ) or exists ( select 1 from sys_user_tb u join sys_user_department_ref ud on ud.user_id = u.id join sys_department_permission_ref dp on dp.department_id = ud.department_id where dp.permission_id = p.id and u.username = ? and u.deleted = 0 ) ) order by p.sort_no, p.id
[2026-09-13 10:20:10.119] [gas-forecast] [] [] [c.g.f.d.m.S.selectByUsername] [http-nio-8080-exec-10] [DEBUG] - ==> Parameters: admin(String), admin(String)
[2026-09-13 10:20:10.121] [gas-forecast] [] [] [c.g.f.d.m.S.selectByUsername] [http-nio-8080-exec-10] [DEBUG] - <==      Total: 50
[2026-09-13 10:20:10.121] [gas-forecast] [] [] [c.g.f.d.m.SysRoleTbMapper.selectList] [http-nio-8080-exec-10] [DEBUG] - ==>  Preparing: SELECT id,role_code,role_name,description,created_at,updated_at FROM sys_role_tb ORDER BY id ASC
[2026-09-13 10:20:10.121] [gas-forecast] [] [] [c.g.f.d.m.SysRoleTbMapper.selectList] [http-nio-8080-exec-10] [DEBUG] - ==> Parameters: 
[2026-09-13 10:20:10.122] [gas-forecast] [] [] [c.g.f.d.m.SysRoleTbMapper.selectList] [http-nio-8080-exec-10] [DEBUG] - <==      Total: 1
[2026-09-13 10:20:10.122] [gas-forecast] [] [] [c.g.f.d.m.S.selectList] [http-nio-8080-exec-10] [DEBUG] - ==>  Preparing: SELECT id,parent_id,department_name,org_code,sort_no,status,created_at,updated_at FROM sys_department_tb ORDER BY sort_no ASC,id ASC
[2026-09-13 10:20:10.122] [gas-forecast] [] [] [c.g.f.d.m.S.selectList] [http-nio-8080-exec-10] [DEBUG] - ==> Parameters: 
[2026-09-13 10:20:10.123] [gas-forecast] [] [] [c.g.f.d.m.S.selectList] [http-nio-8080-exec-10] [DEBUG] - <==      Total: 7
[2026-09-13 10:20:10.123] [gas-forecast] [] [] [c.g.f.d.m.S.selectList] [http-nio-8080-exec-10] [DEBUG] - ==>  Preparing: SELECT id,parent_id,permission_name,path,component,permission_type,perms,icon,sort_no,hidden,status,created_at,updated_at FROM sys_permission_tb ORDER BY sort_no ASC,id ASC
[2026-09-13 10:20:10.123] [gas-forecast] [] [] [c.g.f.d.m.S.selectList] [http-nio-8080-exec-10] [DEBUG] - ==> Parameters: 
[2026-09-13 10:20:10.124] [gas-forecast] [] [] [c.g.f.d.m.S.selectList] [http-nio-8080-exec-10] [DEBUG] - <==      Total: 50
[2026-09-13 10:20:10.128] [gas-forecast] [] [] [c.g.f.d.m.S.selectByUsername] [http-nio-8080-exec-2] [DEBUG] - ==>  Preparing: select distinct p.* from sys_permission_tb p where p.status = 1 and ( exists ( select 1 from sys_user_tb u join sys_user_role_ref ur on ur.user_id = u.id join sys_role_permission_ref rp on rp.role_id = ur.role_id where rp.permission_id = p.id and u.username = ? and u.deleted = 0 ) or exists ( select 1 from sys_user_tb u join sys_user_department_ref ud on ud.user_id = u.id join sys_department_permission_ref dp on dp.department_id = ud.department_id where dp.permission_id = p.id and u.username = ? and u.deleted = 0 ) ) order by p.sort_no, p.id
[2026-09-13 10:20:10.128] [gas-forecast] [] [] [c.g.f.d.m.S.selectByUsername] [http-nio-8080-exec-2] [DEBUG] - ==> Parameters: admin(String), admin(String)
[2026-09-13 10:20:10.129] [gas-forecast] [] [] [c.g.f.d.m.S.selectByUsername] [http-nio-8080-exec-2] [DEBUG] - <==      Total: 50
[2026-09-13 10:20:10.130] [gas-forecast] [] [] [c.g.f.d.m.S.selectList] [http-nio-8080-exec-2] [DEBUG] - ==>  Preparing: SELECT id,role_id,permission_id FROM sys_role_permission_ref
[2026-09-13 10:20:10.130] [gas-forecast] [] [] [c.g.f.d.m.S.selectList] [http-nio-8080-exec-2] [DEBUG] - ==> Parameters: 
[2026-09-13 10:20:10.130] [gas-forecast] [] [] [c.g.f.d.m.S.selectList] [http-nio-8080-exec-2] [DEBUG] - <==      Total: 50
[2026-09-13 10:20:10.131] [gas-forecast] [] [] [c.g.f.d.m.SysRoleTbMapper.selectList] [http-nio-8080-exec-2] [DEBUG] - ==>  Preparing: SELECT id,role_code,role_name,description,created_at,updated_at FROM sys_role_tb ORDER BY id ASC
[2026-09-13 10:20:10.131] [gas-forecast] [] [] [c.g.f.d.m.SysRoleTbMapper.selectList] [http-nio-8080-exec-2] [DEBUG] - ==> Parameters: 
[2026-09-13 10:20:10.131] [gas-forecast] [] [] [c.g.f.d.m.SysRoleTbMapper.selectList] [http-nio-8080-exec-2] [DEBUG] - <==      Total: 1
[2026-09-13 10:20:10.619] [gas-forecast] [] [] [c.g.f.d.m.S.selectByUsername] [http-nio-8080-exec-1] [DEBUG] - ==>  Preparing: select distinct p.* from sys_permission_tb p where p.status = 1 and ( exists ( select 1 from sys_user_tb u join sys_user_role_ref ur on ur.user_id = u.id join sys_role_permission_ref rp on rp.role_id = ur.role_id where rp.permission_id = p.id and u.username = ? and u.deleted = 0 ) or exists ( select 1 from sys_user_tb u join sys_user_department_ref ud on ud.user_id = u.id join sys_department_permission_ref dp on dp.department_id = ud.department_id where dp.permission_id = p.id and u.username = ? and u.deleted = 0 ) ) order by p.sort_no, p.id
[2026-09-13 10:20:10.619] [gas-forecast] [] [] [c.g.f.d.m.S.selectByUsername] [http-nio-8080-exec-1] [DEBUG] - ==> Parameters: admin(String), admin(String)
[2026-09-13 10:20:10.621] [gas-forecast] [] [] [c.g.f.d.m.S.selectByUsername] [http-nio-8080-exec-1] [DEBUG] - <==      Total: 50
[2026-09-13 10:20:10.622] [gas-forecast] [] [] [c.g.f.d.m.SysRoleTbMapper.selectList] [http-nio-8080-exec-1] [DEBUG] - ==>  Preparing: SELECT id,role_code,role_name,description,created_at,updated_at FROM sys_role_tb ORDER BY id ASC
[2026-09-13 10:20:10.622] [gas-forecast] [] [] [c.g.f.d.m.SysRoleTbMapper.selectList] [http-nio-8080-exec-1] [DEBUG] - ==> Parameters: 
[2026-09-13 10:20:10.622] [gas-forecast] [] [] [c.g.f.d.m.SysRoleTbMapper.selectList] [http-nio-8080-exec-1] [DEBUG] - <==      Total: 1
[2026-09-13 10:20:10.622] [gas-forecast] [] [] [c.g.f.d.m.S.selectList] [http-nio-8080-exec-1] [DEBUG] - ==>  Preparing: SELECT id,parent_id,department_name,org_code,sort_no,status,created_at,updated_at FROM sys_department_tb ORDER BY sort_no ASC,id ASC
[2026-09-13 10:20:10.623] [gas-forecast] [] [] [c.g.f.d.m.S.selectList] [http-nio-8080-exec-1] [DEBUG] - ==> Parameters: 
[2026-09-13 10:20:10.623] [gas-forecast] [] [] [c.g.f.d.m.S.selectList] [http-nio-8080-exec-1] [DEBUG] - <==      Total: 7
[2026-09-13 10:20:10.623] [gas-forecast] [] [] [c.g.f.d.m.S.selectList] [http-nio-8080-exec-1] [DEBUG] - ==>  Preparing: SELECT id,parent_id,permission_name,path,component,permission_type,perms,icon,sort_no,hidden,status,created_at,updated_at FROM sys_permission_tb ORDER BY sort_no ASC,id ASC
[2026-09-13 10:20:10.623] [gas-forecast] [] [] [c.g.f.d.m.S.selectList] [http-nio-8080-exec-1] [DEBUG] - ==> Parameters: 
[2026-09-13 10:20:10.624] [gas-forecast] [] [] [c.g.f.d.m.S.selectList] [http-nio-8080-exec-1] [DEBUG] - <==      Total: 50
[2026-09-13 10:20:10.628] [gas-forecast] [] [] [c.g.f.d.m.S.selectByUsername] [http-nio-8080-exec-3] [DEBUG] - ==>  Preparing: select distinct p.* from sys_permission_tb p where p.status = 1 and ( exists ( select 1 from sys_user_tb u join sys_user_role_ref ur on ur.user_id = u.id join sys_role_permission_ref rp on rp.role_id = ur.role_id where rp.permission_id = p.id and u.username = ? and u.deleted = 0 ) or exists ( select 1 from sys_user_tb u join sys_user_department_ref ud on ud.user_id = u.id join sys_department_permission_ref dp on dp.department_id = ud.department_id where dp.permission_id = p.id and u.username = ? and u.deleted = 0 ) ) order by p.sort_no, p.id
[2026-09-13 10:20:10.628] [gas-forecast] [] [] [c.g.f.d.m.S.selectByUsername] [http-nio-8080-exec-3] [DEBUG] - ==> Parameters: admin(String), admin(String)
[2026-09-13 10:20:10.629] [gas-forecast] [] [] [c.g.f.d.m.S.selectByUsername] [http-nio-8080-exec-3] [DEBUG] - <==      Total: 50
[2026-09-13 10:20:10.630] [gas-forecast] [] [] [c.g.f.d.m.S.selectList] [http-nio-8080-exec-3] [DEBUG] - ==>  Preparing: SELECT id,parent_id,department_name,org_code,sort_no,status,created_at,updated_at FROM sys_department_tb ORDER BY sort_no ASC,id ASC
[2026-09-13 10:20:10.630] [gas-forecast] [] [] [c.g.f.d.m.S.selectList] [http-nio-8080-exec-3] [DEBUG] - ==> Parameters: 
[2026-09-13 10:20:10.631] [gas-forecast] [] [] [c.g.f.d.m.S.selectList] [http-nio-8080-exec-3] [DEBUG] - <==      Total: 7
[2026-09-13 10:20:12.964] [gas-forecast] [] [] [c.g.f.d.m.S.selectByUsername] [http-nio-8080-exec-4] [DEBUG] - ==>  Preparing: select distinct p.* from sys_permission_tb p where p.status = 1 and ( exists ( select 1 from sys_user_tb u join sys_user_role_ref ur on ur.user_id = u.id join sys_role_permission_ref rp on rp.role_id = ur.role_id where rp.permission_id = p.id and u.username = ? and u.deleted = 0 ) or exists ( select 1 from sys_user_tb u join sys_user_department_ref ud on ud.user_id = u.id join sys_department_permission_ref dp on dp.department_id = ud.department_id where dp.permission_id = p.id and u.username = ? and u.deleted = 0 ) ) order by p.sort_no, p.id
[2026-09-13 10:20:12.965] [gas-forecast] [] [] [c.g.f.d.m.S.selectByUsername] [http-nio-8080-exec-4] [DEBUG] - ==> Parameters: admin(String), admin(String)
[2026-09-13 10:20:12.967] [gas-forecast] [] [] [c.g.f.d.m.S.selectByUsername] [http-nio-8080-exec-4] [DEBUG] - <==      Total: 50
[2026-09-13 10:20:12.967] [gas-forecast] [] [] [c.g.f.d.m.SysRoleTbMapper.selectList] [http-nio-8080-exec-4] [DEBUG] - ==>  Preparing: SELECT id,role_code,role_name,description,created_at,updated_at FROM sys_role_tb ORDER BY id ASC
[2026-09-13 10:20:12.967] [gas-forecast] [] [] [c.g.f.d.m.SysRoleTbMapper.selectList] [http-nio-8080-exec-4] [DEBUG] - ==> Parameters: 
[2026-09-13 10:20:12.968] [gas-forecast] [] [] [c.g.f.d.m.SysRoleTbMapper.selectList] [http-nio-8080-exec-4] [DEBUG] - <==      Total: 1
[2026-09-13 10:20:12.968] [gas-forecast] [] [] [c.g.f.d.m.S.selectList] [http-nio-8080-exec-4] [DEBUG] - ==>  Preparing: SELECT id,parent_id,department_name,org_code,sort_no,status,created_at,updated_at FROM sys_department_tb ORDER BY sort_no ASC,id ASC
[2026-09-13 10:20:12.968] [gas-forecast] [] [] [c.g.f.d.m.S.selectList] [http-nio-8080-exec-4] [DEBUG] - ==> Parameters: 
[2026-09-13 10:20:12.969] [gas-forecast] [] [] [c.g.f.d.m.S.selectList] [http-nio-8080-exec-4] [DEBUG] - <==      Total: 7
[2026-09-13 10:20:12.969] [gas-forecast] [] [] [c.g.f.d.m.S.selectList] [http-nio-8080-exec-4] [DEBUG] - ==>  Preparing: SELECT id,parent_id,permission_name,path,component,permission_type,perms,icon,sort_no,hidden,status,created_at,updated_at FROM sys_permission_tb ORDER BY sort_no ASC,id ASC
[2026-09-13 10:20:12.969] [gas-forecast] [] [] [c.g.f.d.m.S.selectList] [http-nio-8080-exec-4] [DEBUG] - ==> Parameters: 
[2026-09-13 10:20:12.970] [gas-forecast] [] [] [c.g.f.d.m.S.selectList] [http-nio-8080-exec-4] [DEBUG] - <==      Total: 50
[2026-09-13 10:20:12.974] [gas-forecast] [] [] [c.g.f.d.m.S.selectByUsername] [http-nio-8080-exec-5] [DEBUG] - ==>  Preparing: select distinct p.* from sys_permission_tb p where p.status = 1 and ( exists ( select 1 from sys_user_tb u join sys_user_role_ref ur on ur.user_id = u.id join sys_role_permission_ref rp on rp.role_id = ur.role_id where rp.permission_id = p.id and u.username = ? and u.deleted = 0 ) or exists ( select 1 from sys_user_tb u join sys_user_department_ref ud on ud.user_id = u.id join sys_department_permission_ref dp on dp.department_id = ud.department_id where dp.permission_id = p.id and u.username = ? and u.deleted = 0 ) ) order by p.sort_no, p.id
[2026-09-13 10:20:12.974] [gas-forecast] [] [] [c.g.f.d.m.S.selectByUsername] [http-nio-8080-exec-5] [DEBUG] - ==> Parameters: admin(String), admin(String)
[2026-09-13 10:20:12.976] [gas-forecast] [] [] [c.g.f.d.m.S.selectByUsername] [http-nio-8080-exec-5] [DEBUG] - <==      Total: 50
[2026-09-13 10:20:12.976] [gas-forecast] [] [] [c.g.f.d.m.S.selectList] [http-nio-8080-exec-5] [DEBUG] - ==>  Preparing: SELECT id,parent_id,permission_name,path,component,permission_type,perms,icon,sort_no,hidden,status,created_at,updated_at FROM sys_permission_tb ORDER BY sort_no ASC,id ASC
[2026-09-13 10:20:12.976] [gas-forecast] [] [] [c.g.f.d.m.S.selectList] [http-nio-8080-exec-5] [DEBUG] - ==> Parameters: 
[2026-09-13 10:20:12.977] [gas-forecast] [] [] [c.g.f.d.m.S.selectList] [http-nio-8080-exec-5] [DEBUG] - <==      Total: 50
[2026-09-13 10:20:13.492] [gas-forecast] [] [] [c.g.f.d.m.S.selectByUsername] [http-nio-8080-exec-6] [DEBUG] - ==>  Preparing: select distinct p.* from sys_permission_tb p where p.status = 1 and ( exists ( select 1 from sys_user_tb u join sys_user_role_ref ur on ur.user_id = u.id join sys_role_permission_ref rp on rp.role_id = ur.role_id where rp.permission_id = p.id and u.username = ? and u.deleted = 0 ) or exists ( select 1 from sys_user_tb u join sys_user_department_ref ud on ud.user_id = u.id join sys_department_permission_ref dp on dp.department_id = ud.department_id where dp.permission_id = p.id and u.username = ? and u.deleted = 0 ) ) order by p.sort_no, p.id
[2026-09-13 10:20:13.492] [gas-forecast] [] [] [c.g.f.d.m.S.selectByUsername] [http-nio-8080-exec-6] [DEBUG] - ==> Parameters: admin(String), admin(String)
[2026-09-13 10:20:13.494] [gas-forecast] [] [] [c.g.f.d.m.S.selectByUsername] [http-nio-8080-exec-6] [DEBUG] - <==      Total: 50
[2026-09-13 10:20:13.495] [gas-forecast] [] [] [c.g.f.d.m.SysRoleTbMapper.selectList] [http-nio-8080-exec-6] [DEBUG] - ==>  Preparing: SELECT id,role_code,role_name,description,created_at,updated_at FROM sys_role_tb ORDER BY id ASC
[2026-09-13 10:20:13.495] [gas-forecast] [] [] [c.g.f.d.m.SysRoleTbMapper.selectList] [http-nio-8080-exec-6] [DEBUG] - ==> Parameters: 
[2026-09-13 10:20:13.495] [gas-forecast] [] [] [c.g.f.d.m.SysRoleTbMapper.selectList] [http-nio-8080-exec-6] [DEBUG] - <==      Total: 1
[2026-09-13 10:20:13.496] [gas-forecast] [] [] [c.g.f.d.m.S.selectList] [http-nio-8080-exec-6] [DEBUG] - ==>  Preparing: SELECT id,parent_id,department_name,org_code,sort_no,status,created_at,updated_at FROM sys_department_tb ORDER BY sort_no ASC,id ASC
[2026-09-13 10:20:13.496] [gas-forecast] [] [] [c.g.f.d.m.S.selectList] [http-nio-8080-exec-6] [DEBUG] - ==> Parameters: 
[2026-09-13 10:20:13.496] [gas-forecast] [] [] [c.g.f.d.m.S.selectList] [http-nio-8080-exec-6] [DEBUG] - <==      Total: 7
[2026-09-13 10:20:13.497] [gas-forecast] [] [] [c.g.f.d.m.S.selectList] [http-nio-8080-exec-6] [DEBUG] - ==>  Preparing: SELECT id,parent_id,permission_name,path,component,permission_type,perms,icon,sort_no,hidden,status,created_at,updated_at FROM sys_permission_tb ORDER BY sort_no ASC,id ASC
[2026-09-13 10:20:13.497] [gas-forecast] [] [] [c.g.f.d.m.S.selectList] [http-nio-8080-exec-6] [DEBUG] - ==> Parameters: 
[2026-09-13 10:20:13.498] [gas-forecast] [] [] [c.g.f.d.m.S.selectList] [http-nio-8080-exec-6] [DEBUG] - <==      Total: 50
[2026-09-13 10:20:13.501] [gas-forecast] [] [] [c.g.f.d.m.S.selectByUsername] [http-nio-8080-exec-7] [DEBUG] - ==>  Preparing: select distinct p.* from sys_permission_tb p where p.status = 1 and ( exists ( select 1 from sys_user_tb u join sys_user_role_ref ur on ur.user_id = u.id join sys_role_permission_ref rp on rp.role_id = ur.role_id where rp.permission_id = p.id and u.username = ? and u.deleted = 0 ) or exists ( select 1 from sys_user_tb u join sys_user_department_ref ud on ud.user_id = u.id join sys_department_permission_ref dp on dp.department_id = ud.department_id where dp.permission_id = p.id and u.username = ? and u.deleted = 0 ) ) order by p.sort_no, p.id
[2026-09-13 10:20:13.501] [gas-forecast] [] [] [c.g.f.d.m.S.selectByUsername] [http-nio-8080-exec-7] [DEBUG] - ==> Parameters: admin(String), admin(String)
[2026-09-13 10:20:13.503] [gas-forecast] [] [] [c.g.f.d.m.S.selectByUsername] [http-nio-8080-exec-7] [DEBUG] - <==      Total: 50
[2026-09-13 10:20:13.503] [gas-forecast] [] [] [c.g.f.d.m.S.selectList] [http-nio-8080-exec-7] [DEBUG] - ==>  Preparing: SELECT id,parent_id,department_name,org_code,sort_no,status,created_at,updated_at FROM sys_department_tb ORDER BY sort_no ASC,id ASC
[2026-09-13 10:20:13.503] [gas-forecast] [] [] [c.g.f.d.m.S.selectList] [http-nio-8080-exec-7] [DEBUG] - ==> Parameters: 
[2026-09-13 10:20:13.504] [gas-forecast] [] [] [c.g.f.d.m.S.selectList] [http-nio-8080-exec-7] [DEBUG] - <==      Total: 7
[2026-09-13 10:20:14.064] [gas-forecast] [] [] [c.g.f.d.m.S.selectByUsername] [http-nio-8080-exec-8] [DEBUG] - ==>  Preparing: select distinct p.* from sys_permission_tb p where p.status = 1 and ( exists ( select 1 from sys_user_tb u join sys_user_role_ref ur on ur.user_id = u.id join sys_role_permission_ref rp on rp.role_id = ur.role_id where rp.permission_id = p.id and u.username = ? and u.deleted = 0 ) or exists ( select 1 from sys_user_tb u join sys_user_department_ref ud on ud.user_id = u.id join sys_department_permission_ref dp on dp.department_id = ud.department_id where dp.permission_id = p.id and u.username = ? and u.deleted = 0 ) ) order by p.sort_no, p.id
[2026-09-13 10:20:14.064] [gas-forecast] [] [] [c.g.f.d.m.S.selectByUsername] [http-nio-8080-exec-8] [DEBUG] - ==> Parameters: admin(String), admin(String)
[2026-09-13 10:20:14.066] [gas-forecast] [] [] [c.g.f.d.m.S.selectByUsername] [http-nio-8080-exec-8] [DEBUG] - <==      Total: 50
[2026-09-13 10:20:14.066] [gas-forecast] [] [] [c.g.f.d.m.SysRoleTbMapper.selectList] [http-nio-8080-exec-8] [DEBUG] - ==>  Preparing: SELECT id,role_code,role_name,description,created_at,updated_at FROM sys_role_tb ORDER BY id ASC
[2026-09-13 10:20:14.066] [gas-forecast] [] [] [c.g.f.d.m.SysRoleTbMapper.selectList] [http-nio-8080-exec-8] [DEBUG] - ==> Parameters: 
[2026-09-13 10:20:14.067] [gas-forecast] [] [] [c.g.f.d.m.SysRoleTbMapper.selectList] [http-nio-8080-exec-8] [DEBUG] - <==      Total: 1
[2026-09-13 10:20:14.067] [gas-forecast] [] [] [c.g.f.d.m.S.selectList] [http-nio-8080-exec-8] [DEBUG] - ==>  Preparing: SELECT id,parent_id,department_name,org_code,sort_no,status,created_at,updated_at FROM sys_department_tb ORDER BY sort_no ASC,id ASC
[2026-09-13 10:20:14.067] [gas-forecast] [] [] [c.g.f.d.m.S.selectList] [http-nio-8080-exec-8] [DEBUG] - ==> Parameters: 
[2026-09-13 10:20:14.068] [gas-forecast] [] [] [c.g.f.d.m.S.selectList] [http-nio-8080-exec-8] [DEBUG] - <==      Total: 7
[2026-09-13 10:20:14.068] [gas-forecast] [] [] [c.g.f.d.m.S.selectList] [http-nio-8080-exec-8] [DEBUG] - ==>  Preparing: SELECT id,parent_id,permission_name,path,component,permission_type,perms,icon,sort_no,hidden,status,created_at,updated_at FROM sys_permission_tb ORDER BY sort_no ASC,id ASC
[2026-09-13 10:20:14.068] [gas-forecast] [] [] [c.g.f.d.m.S.selectList] [http-nio-8080-exec-8] [DEBUG] - ==> Parameters: 
[2026-09-13 10:20:14.069] [gas-forecast] [] [] [c.g.f.d.m.S.selectList] [http-nio-8080-exec-8] [DEBUG] - <==      Total: 50
[2026-09-13 10:20:14.072] [gas-forecast] [] [] [c.g.f.d.m.S.selectByUsername] [http-nio-8080-exec-9] [DEBUG] - ==>  Preparing: select distinct p.* from sys_permission_tb p where p.status = 1 and ( exists ( select 1 from sys_user_tb u join sys_user_role_ref ur on ur.user_id = u.id join sys_role_permission_ref rp on rp.role_id = ur.role_id where rp.permission_id = p.id and u.username = ? and u.deleted = 0 ) or exists ( select 1 from sys_user_tb u join sys_user_department_ref ud on ud.user_id = u.id join sys_department_permission_ref dp on dp.department_id = ud.department_id where dp.permission_id = p.id and u.username = ? and u.deleted = 0 ) ) order by p.sort_no, p.id
[2026-09-13 10:20:14.072] [gas-forecast] [] [] [c.g.f.d.m.S.selectByUsername] [http-nio-8080-exec-9] [DEBUG] - ==> Parameters: admin(String), admin(String)
[2026-09-13 10:20:14.074] [gas-forecast] [] [] [c.g.f.d.m.S.selectByUsername] [http-nio-8080-exec-9] [DEBUG] - <==      Total: 50
[2026-09-13 10:20:14.074] [gas-forecast] [] [] [c.g.f.d.m.S.selectList] [http-nio-8080-exec-9] [DEBUG] - ==>  Preparing: SELECT id,role_id,permission_id FROM sys_role_permission_ref
[2026-09-13 10:20:14.074] [gas-forecast] [] [] [c.g.f.d.m.S.selectList] [http-nio-8080-exec-9] [DEBUG] - ==> Parameters: 
[2026-09-13 10:20:14.075] [gas-forecast] [] [] [c.g.f.d.m.S.selectList] [http-nio-8080-exec-9] [DEBUG] - <==      Total: 50
[2026-09-13 10:20:14.075] [gas-forecast] [] [] [c.g.f.d.m.SysRoleTbMapper.selectList] [http-nio-8080-exec-9] [DEBUG] - ==>  Preparing: SELECT id,role_code,role_name,description,created_at,updated_at FROM sys_role_tb ORDER BY id ASC
[2026-09-13 10:20:14.075] [gas-forecast] [] [] [c.g.f.d.m.SysRoleTbMapper.selectList] [http-nio-8080-exec-9] [DEBUG] - ==> Parameters: 
[2026-09-13 10:20:14.075] [gas-forecast] [] [] [c.g.f.d.m.SysRoleTbMapper.selectList] [http-nio-8080-exec-9] [DEBUG] - <==      Total: 1
[2026-09-13 10:20:14.488] [gas-forecast] [] [] [c.g.f.d.m.S.selectByUsername] [http-nio-8080-exec-10] [DEBUG] - ==>  Preparing: select distinct p.* from sys_permission_tb p where p.status = 1 and ( exists ( select 1 from sys_user_tb u join sys_user_role_ref ur on ur.user_id = u.id join sys_role_permission_ref rp on rp.role_id = ur.role_id where rp.permission_id = p.id and u.username = ? and u.deleted = 0 ) or exists ( select 1 from sys_user_tb u join sys_user_department_ref ud on ud.user_id = u.id join sys_department_permission_ref dp on dp.department_id = ud.department_id where dp.permission_id = p.id and u.username = ? and u.deleted = 0 ) ) order by p.sort_no, p.id
[2026-09-13 10:20:14.488] [gas-forecast] [] [] [c.g.f.d.m.S.selectByUsername] [http-nio-8080-exec-10] [DEBUG] - ==> Parameters: admin(String), admin(String)
[2026-09-13 10:20:14.490] [gas-forecast] [] [] [c.g.f.d.m.S.selectByUsername] [http-nio-8080-exec-10] [DEBUG] - <==      Total: 50
[2026-09-13 10:20:14.490] [gas-forecast] [] [] [c.g.f.d.m.SysRoleTbMapper.selectList] [http-nio-8080-exec-10] [DEBUG] - ==>  Preparing: SELECT id,role_code,role_name,description,created_at,updated_at FROM sys_role_tb ORDER BY id ASC
[2026-09-13 10:20:14.490] [gas-forecast] [] [] [c.g.f.d.m.SysRoleTbMapper.selectList] [http-nio-8080-exec-10] [DEBUG] - ==> Parameters: 
[2026-09-13 10:20:14.491] [gas-forecast] [] [] [c.g.f.d.m.SysRoleTbMapper.selectList] [http-nio-8080-exec-10] [DEBUG] - <==      Total: 1
[2026-09-13 10:20:14.491] [gas-forecast] [] [] [c.g.f.d.m.S.selectList] [http-nio-8080-exec-10] [DEBUG] - ==>  Preparing: SELECT id,parent_id,department_name,org_code,sort_no,status,created_at,updated_at FROM sys_department_tb ORDER BY sort_no ASC,id ASC
[2026-09-13 10:20:14.491] [gas-forecast] [] [] [c.g.f.d.m.S.selectList] [http-nio-8080-exec-10] [DEBUG] - ==> Parameters: 
[2026-09-13 10:20:14.491] [gas-forecast] [] [] [c.g.f.d.m.S.selectList] [http-nio-8080-exec-10] [DEBUG] - <==      Total: 7
[2026-09-13 10:20:14.491] [gas-forecast] [] [] [c.g.f.d.m.S.selectList] [http-nio-8080-exec-10] [DEBUG] - ==>  Preparing: SELECT id,parent_id,permission_name,path,component,permission_type,perms,icon,sort_no,hidden,status,created_at,updated_at FROM sys_permission_tb ORDER BY sort_no ASC,id ASC
[2026-09-13 10:20:14.491] [gas-forecast] [] [] [c.g.f.d.m.S.selectList] [http-nio-8080-exec-10] [DEBUG] - ==> Parameters: 
[2026-09-13 10:20:14.492] [gas-forecast] [] [] [c.g.f.d.m.S.selectList] [http-nio-8080-exec-10] [DEBUG] - <==      Total: 50
[2026-09-13 10:20:14.496] [gas-forecast] [] [] [c.g.f.d.m.S.selectByUsername] [http-nio-8080-exec-2] [DEBUG] - ==>  Preparing: select distinct p.* from sys_permission_tb p where p.status = 1 and ( exists ( select 1 from sys_user_tb u join sys_user_role_ref ur on ur.user_id = u.id join sys_role_permission_ref rp on rp.role_id = ur.role_id where rp.permission_id = p.id and u.username = ? and u.deleted = 0 ) or exists ( select 1 from sys_user_tb u join sys_user_department_ref ud on ud.user_id = u.id join sys_department_permission_ref dp on dp.department_id = ud.department_id where dp.permission_id = p.id and u.username = ? and u.deleted = 0 ) ) order by p.sort_no, p.id
[2026-09-13 10:20:14.496] [gas-forecast] [] [] [c.g.f.d.m.S.selectByUsername] [http-nio-8080-exec-2] [DEBUG] - ==> Parameters: admin(String), admin(String)
[2026-09-13 10:20:14.498] [gas-forecast] [] [] [c.g.f.d.m.S.selectByUsername] [http-nio-8080-exec-2] [DEBUG] - <==      Total: 50
[2026-09-13 10:20:14.498] [gas-forecast] [] [] [c.g.f.d.m.SysUserTbMapper.selectList] [http-nio-8080-exec-2] [DEBUG] - ==>  Preparing: SELECT id,username,real_name,password_hash,password_salt,avatar,email,phone,org_code,status,deleted,created_at,updated_at FROM sys_user_tb WHERE (deleted = ?) ORDER BY id ASC
[2026-09-13 10:20:14.498] [gas-forecast] [] [] [c.g.f.d.m.SysUserTbMapper.selectList] [http-nio-8080-exec-2] [DEBUG] - ==> Parameters: 0(Integer)
[2026-09-13 10:20:14.499] [gas-forecast] [] [] [c.g.f.d.m.SysUserTbMapper.selectList] [http-nio-8080-exec-2] [DEBUG] - <==      Total: 1
[2026-09-13 10:20:14.499] [gas-forecast] [] [] [c.g.f.d.m.SysRoleTbMapper.selectList] [http-nio-8080-exec-2] [DEBUG] - ==>  Preparing: SELECT id,role_code,role_name,description,created_at,updated_at FROM sys_role_tb ORDER BY id ASC
[2026-09-13 10:20:14.499] [gas-forecast] [] [] [c.g.f.d.m.SysRoleTbMapper.selectList] [http-nio-8080-exec-2] [DEBUG] - ==> Parameters: 
[2026-09-13 10:20:14.500] [gas-forecast] [] [] [c.g.f.d.m.SysRoleTbMapper.selectList] [http-nio-8080-exec-2] [DEBUG] - <==      Total: 1
[2026-09-13 10:20:14.500] [gas-forecast] [] [] [c.g.f.d.m.S.selectList] [http-nio-8080-exec-2] [DEBUG] - ==>  Preparing: SELECT id,parent_id,department_name,org_code,sort_no,status,created_at,updated_at FROM sys_department_tb ORDER BY id ASC
[2026-09-13 10:20:14.500] [gas-forecast] [] [] [c.g.f.d.m.S.selectList] [http-nio-8080-exec-2] [DEBUG] - ==> Parameters: 
[2026-09-13 10:20:14.500] [gas-forecast] [] [] [c.g.f.d.m.S.selectList] [http-nio-8080-exec-2] [DEBUG] - <==      Total: 7
[2026-09-13 10:20:14.500] [gas-forecast] [] [] [c.g.f.d.m.S.selectList] [http-nio-8080-exec-2] [DEBUG] - ==>  Preparing: SELECT id,user_id,role_id FROM sys_user_role_ref
[2026-09-13 10:20:14.500] [gas-forecast] [] [] [c.g.f.d.m.S.selectList] [http-nio-8080-exec-2] [DEBUG] - ==> Parameters: 
[2026-09-13 10:20:14.500] [gas-forecast] [] [] [c.g.f.d.m.S.selectList] [http-nio-8080-exec-2] [DEBUG] - <==      Total: 1
[2026-09-13 10:20:14.500] [gas-forecast] [] [] [c.g.f.d.m.S.selectList] [http-nio-8080-exec-2] [DEBUG] - ==>  Preparing: SELECT id,user_id,department_id FROM sys_user_department_ref
[2026-09-13 10:20:14.501] [gas-forecast] [] [] [c.g.f.d.m.S.selectList] [http-nio-8080-exec-2] [DEBUG] - ==> Parameters: 
[2026-09-13 10:20:14.501] [gas-forecast] [] [] [c.g.f.d.m.S.selectList] [http-nio-8080-exec-2] [DEBUG] - <==      Total: 1
[2026-09-13 10:20:17.568] [gas-forecast] [] [] [c.g.f.d.m.S.selectByUsername] [http-nio-8080-exec-1] [DEBUG] - ==>  Preparing: select distinct p.* from sys_permission_tb p where p.status = 1 and ( exists ( select 1 from sys_user_tb u join sys_user_role_ref ur on ur.user_id = u.id join sys_role_permission_ref rp on rp.role_id = ur.role_id where rp.permission_id = p.id and u.username = ? and u.deleted = 0 ) or exists ( select 1 from sys_user_tb u join sys_user_department_ref ud on ud.user_id = u.id join sys_department_permission_ref dp on dp.department_id = ud.department_id where dp.permission_id = p.id and u.username = ? and u.deleted = 0 ) ) order by p.sort_no, p.id
[2026-09-13 10:20:17.568] [gas-forecast] [] [] [c.g.f.d.m.S.selectByUsername] [http-nio-8080-exec-1] [DEBUG] - ==> Parameters: admin(String), admin(String)
[2026-09-13 10:20:17.570] [gas-forecast] [] [] [c.g.f.d.m.S.selectByUsername] [http-nio-8080-exec-1] [DEBUG] - <==      Total: 50
[2026-09-13 10:20:17.577] [gas-forecast] [] [] [c.g.f.d.m.D.selectList_mpCount] [http-nio-8080-exec-1] [DEBUG] - ==>  Preparing: SELECT COUNT(*) AS total FROM data_daily_sales_tb
[2026-09-13 10:20:17.577] [gas-forecast] [] [] [c.g.f.d.m.D.selectList_mpCount] [http-nio-8080-exec-1] [DEBUG] - ==> Parameters: 
[2026-09-13 10:20:17.582] [gas-forecast] [] [] [c.g.f.d.m.D.selectList_mpCount] [http-nio-8080-exec-1] [DEBUG] - <==      Total: 1
[2026-09-13 10:20:17.582] [gas-forecast] [] [] [c.g.f.d.m.D.selectList] [http-nio-8080-exec-1] [DEBUG] - ==>  Preparing: SELECT id,stat_date,region_name,industry_name,customer_name,customer_code,gas_sales,unit,file_id,created_at,region_code,industry_code FROM data_daily_sales_tb ORDER BY stat_date DESC,id DESC LIMIT ?
[2026-09-13 10:20:17.582] [gas-forecast] [] [] [c.g.f.d.m.D.selectList] [http-nio-8080-exec-1] [DEBUG] - ==> Parameters: 10(Long)
[2026-09-13 10:20:17.612] [gas-forecast] [] [] [c.g.f.d.m.D.selectList] [http-nio-8080-exec-1] [DEBUG] - <==      Total: 10
[2026-09-13 10:20:19.204] [gas-forecast] [] [] [c.g.f.d.m.S.selectByUsername] [http-nio-8080-exec-3] [DEBUG] - ==>  Preparing: select distinct p.* from sys_permission_tb p where p.status = 1 and ( exists ( select 1 from sys_user_tb u join sys_user_role_ref ur on ur.user_id = u.id join sys_role_permission_ref rp on rp.role_id = ur.role_id where rp.permission_id = p.id and u.username = ? and u.deleted = 0 ) or exists ( select 1 from sys_user_tb u join sys_user_department_ref ud on ud.user_id = u.id join sys_department_permission_ref dp on dp.department_id = ud.department_id where dp.permission_id = p.id and u.username = ? and u.deleted = 0 ) ) order by p.sort_no, p.id
[2026-09-13 10:20:19.204] [gas-forecast] [] [] [c.g.f.d.m.S.selectByUsername] [http-nio-8080-exec-3] [DEBUG] - ==> Parameters: admin(String), admin(String)
[2026-09-13 10:20:19.206] [gas-forecast] [] [] [c.g.f.d.m.S.selectByUsername] [http-nio-8080-exec-3] [DEBUG] - <==      Total: 50
[2026-09-13 10:20:19.211] [gas-forecast] [] [] [c.g.f.d.m.B.selectList_mpCount] [http-nio-8080-exec-3] [DEBUG] - ==>  Preparing: SELECT COUNT(*) AS total FROM base_industry_tb
[2026-09-13 10:20:19.211] [gas-forecast] [] [] [c.g.f.d.m.B.selectList_mpCount] [http-nio-8080-exec-3] [DEBUG] - ==> Parameters: 
[2026-09-13 10:20:19.212] [gas-forecast] [] [] [c.g.f.d.m.B.selectList_mpCount] [http-nio-8080-exec-3] [DEBUG] - <==      Total: 1
[2026-09-13 10:20:19.212] [gas-forecast] [] [] [c.g.f.d.m.B.selectList] [http-nio-8080-exec-3] [DEBUG] - ==>  Preparing: SELECT id,industry_code,industry_name,parent_id,industry_level,sort_no,created_at,updated_at,created_by,created_by_name,updated_by,updated_by_name FROM base_industry_tb ORDER BY sort_no ASC,updated_at DESC,id DESC LIMIT ?
[2026-09-13 10:20:19.212] [gas-forecast] [] [] [c.g.f.d.m.B.selectList] [http-nio-8080-exec-3] [DEBUG] - ==> Parameters: 10(Long)
[2026-09-13 10:20:19.213] [gas-forecast] [] [] [c.g.f.d.m.B.selectList] [http-nio-8080-exec-3] [DEBUG] - <==      Total: 3
[2026-09-13 10:20:20.823] [gas-forecast] [] [] [c.g.f.d.m.S.selectByUsername] [http-nio-8080-exec-4] [DEBUG] - ==>  Preparing: select distinct p.* from sys_permission_tb p where p.status = 1 and ( exists ( select 1 from sys_user_tb u join sys_user_role_ref ur on ur.user_id = u.id join sys_role_permission_ref rp on rp.role_id = ur.role_id where rp.permission_id = p.id and u.username = ? and u.deleted = 0 ) or exists ( select 1 from sys_user_tb u join sys_user_department_ref ud on ud.user_id = u.id join sys_department_permission_ref dp on dp.department_id = ud.department_id where dp.permission_id = p.id and u.username = ? and u.deleted = 0 ) ) order by p.sort_no, p.id
[2026-09-13 10:20:20.823] [gas-forecast] [] [] [c.g.f.d.m.S.selectByUsername] [http-nio-8080-exec-4] [DEBUG] - ==> Parameters: admin(String), admin(String)
[2026-09-13 10:20:20.825] [gas-forecast] [] [] [c.g.f.d.m.S.selectByUsername] [http-nio-8080-exec-4] [DEBUG] - <==      Total: 50
[2026-09-13 10:20:20.830] [gas-forecast] [] [] [c.g.f.d.m.B.selectList_mpCount] [http-nio-8080-exec-4] [DEBUG] - ==>  Preparing: SELECT COUNT(*) AS total FROM base_customer_tb
[2026-09-13 10:20:20.830] [gas-forecast] [] [] [c.g.f.d.m.B.selectList_mpCount] [http-nio-8080-exec-4] [DEBUG] - ==> Parameters: 
[2026-09-13 10:20:20.831] [gas-forecast] [] [] [c.g.f.d.m.B.selectList_mpCount] [http-nio-8080-exec-4] [DEBUG] - <==      Total: 1
[2026-09-13 10:20:20.831] [gas-forecast] [] [] [c.g.f.d.m.B.selectList] [http-nio-8080-exec-4] [DEBUG] - ==>  Preparing: SELECT id,customer_code,customer_name,industry_code,industry_name,region_code,region_name,created_at,updated_at,created_by,created_by_name,updated_by,update_by_name,raw_region_name,raw_industry_name FROM base_customer_tb ORDER BY updated_at DESC,id DESC LIMIT ?
[2026-09-13 10:20:20.831] [gas-forecast] [] [] [c.g.f.d.m.B.selectList] [http-nio-8080-exec-4] [DEBUG] - ==> Parameters: 10(Long)
[2026-09-13 10:20:20.832] [gas-forecast] [] [] [c.g.f.d.m.B.selectList] [http-nio-8080-exec-4] [DEBUG] - <==      Total: 10
[2026-09-13 10:20:22.057] [gas-forecast] [] [] [c.g.f.d.m.S.selectByUsername] [http-nio-8080-exec-5] [DEBUG] - ==>  Preparing: select distinct p.* from sys_permission_tb p where p.status = 1 and ( exists ( select 1 from sys_user_tb u join sys_user_role_ref ur on ur.user_id = u.id join sys_role_permission_ref rp on rp.role_id = ur.role_id where rp.permission_id = p.id and u.username = ? and u.deleted = 0 ) or exists ( select 1 from sys_user_tb u join sys_user_department_ref ud on ud.user_id = u.id join sys_department_permission_ref dp on dp.department_id = ud.department_id where dp.permission_id = p.id and u.username = ? and u.deleted = 0 ) ) order by p.sort_no, p.id
[2026-09-13 10:20:22.057] [gas-forecast] [] [] [c.g.f.d.m.S.selectByUsername] [http-nio-8080-exec-5] [DEBUG] - ==> Parameters: admin(String), admin(String)
[2026-09-13 10:20:22.059] [gas-forecast] [] [] [c.g.f.d.m.S.selectByUsername] [http-nio-8080-exec-5] [DEBUG] - <==      Total: 50
[2026-09-13 10:20:22.063] [gas-forecast] [] [] [c.g.f.d.m.B.selectList_mpCount] [http-nio-8080-exec-5] [DEBUG] - ==>  Preparing: SELECT COUNT(*) AS total FROM base_region_tb
[2026-09-13 10:20:22.063] [gas-forecast] [] [] [c.g.f.d.m.B.selectList_mpCount] [http-nio-8080-exec-5] [DEBUG] - ==> Parameters: 
[2026-09-13 10:20:22.064] [gas-forecast] [] [] [c.g.f.d.m.B.selectList_mpCount] [http-nio-8080-exec-5] [DEBUG] - <==      Total: 1
[2026-09-13 10:20:22.064] [gas-forecast] [] [] [c.g.f.d.m.B.selectList] [http-nio-8080-exec-5] [DEBUG] - ==>  Preparing: SELECT id,region_code,region_name,region_type,parent_id,sort_no,enabled,remark,created_by,created_at,updated_by,updated_at,update_by_name,created_by_name FROM base_region_tb ORDER BY sort_no ASC,updated_at DESC,id DESC LIMIT ?
[2026-09-13 10:20:22.064] [gas-forecast] [] [] [c.g.f.d.m.B.selectList] [http-nio-8080-exec-5] [DEBUG] - ==> Parameters: 10(Long)
[2026-09-13 10:20:22.065] [gas-forecast] [] [] [c.g.f.d.m.B.selectList] [http-nio-8080-exec-5] [DEBUG] - <==      Total: 10
[2026-09-13 10:20:23.558] [gas-forecast] [] [] [c.g.f.d.m.S.selectByUsername] [http-nio-8080-exec-6] [DEBUG] - ==>  Preparing: select distinct p.* from sys_permission_tb p where p.status = 1 and ( exists ( select 1 from sys_user_tb u join sys_user_role_ref ur on ur.user_id = u.id join sys_role_permission_ref rp on rp.role_id = ur.role_id where rp.permission_id = p.id and u.username = ? and u.deleted = 0 ) or exists ( select 1 from sys_user_tb u join sys_user_department_ref ud on ud.user_id = u.id join sys_department_permission_ref dp on dp.department_id = ud.department_id where dp.permission_id = p.id and u.username = ? and u.deleted = 0 ) ) order by p.sort_no, p.id
[2026-09-13 10:20:23.559] [gas-forecast] [] [] [c.g.f.d.m.S.selectByUsername] [http-nio-8080-exec-6] [DEBUG] - ==> Parameters: admin(String), admin(String)
[2026-09-13 10:20:23.560] [gas-forecast] [] [] [c.g.f.d.m.S.selectByUsername] [http-nio-8080-exec-6] [DEBUG] - <==      Total: 50
[2026-09-13 10:20:23.562] [gas-forecast] [] [] [c.g.f.d.m.B.selectList_mpCount] [http-nio-8080-exec-6] [DEBUG] - ==>  Preparing: SELECT COUNT(*) AS total FROM base_customer_tb
[2026-09-13 10:20:23.562] [gas-forecast] [] [] [c.g.f.d.m.B.selectList_mpCount] [http-nio-8080-exec-6] [DEBUG] - ==> Parameters: 
[2026-09-13 10:20:23.563] [gas-forecast] [] [] [c.g.f.d.m.B.selectList_mpCount] [http-nio-8080-exec-6] [DEBUG] - <==      Total: 1
[2026-09-13 10:20:23.564] [gas-forecast] [] [] [c.g.f.d.m.B.selectList] [http-nio-8080-exec-6] [DEBUG] - ==>  Preparing: SELECT id,customer_code,customer_name,industry_code,industry_name,region_code,region_name,created_at,updated_at,created_by,created_by_name,updated_by,update_by_name,raw_region_name,raw_industry_name FROM base_customer_tb ORDER BY updated_at DESC,id DESC LIMIT ?
[2026-09-13 10:20:23.564] [gas-forecast] [] [] [c.g.f.d.m.B.selectList] [http-nio-8080-exec-6] [DEBUG] - ==> Parameters: 10(Long)
[2026-09-13 10:20:23.564] [gas-forecast] [] [] [c.g.f.d.m.B.selectList] [http-nio-8080-exec-6] [DEBUG] - <==      Total: 10
[2026-09-13 10:20:24.689] [gas-forecast] [] [] [c.g.f.d.m.S.selectByUsername] [http-nio-8080-exec-7] [DEBUG] - ==>  Preparing: select distinct p.* from sys_permission_tb p where p.status = 1 and ( exists ( select 1 from sys_user_tb u join sys_user_role_ref ur on ur.user_id = u.id join sys_role_permission_ref rp on rp.role_id = ur.role_id where rp.permission_id = p.id and u.username = ? and u.deleted = 0 ) or exists ( select 1 from sys_user_tb u join sys_user_department_ref ud on ud.user_id = u.id join sys_department_permission_ref dp on dp.department_id = ud.department_id where dp.permission_id = p.id and u.username = ? and u.deleted = 0 ) ) order by p.sort_no, p.id
[2026-09-13 10:20:24.690] [gas-forecast] [] [] [c.g.f.d.m.S.selectByUsername] [http-nio-8080-exec-7] [DEBUG] - ==> Parameters: admin(String), admin(String)
[2026-09-13 10:20:24.692] [gas-forecast] [] [] [c.g.f.d.m.S.selectByUsername] [http-nio-8080-exec-7] [DEBUG] - <==      Total: 50
[2026-09-13 10:20:24.697] [gas-forecast] [] [] [c.g.f.d.m.B.selectList_mpCount] [http-nio-8080-exec-7] [DEBUG] - ==>  Preparing: SELECT COUNT(*) AS total FROM base_industry_tb
[2026-09-13 10:20:24.697] [gas-forecast] [] [] [c.g.f.d.m.B.selectList_mpCount] [http-nio-8080-exec-7] [DEBUG] - ==> Parameters: 
[2026-09-13 10:20:24.698] [gas-forecast] [] [] [c.g.f.d.m.B.selectList_mpCount] [http-nio-8080-exec-7] [DEBUG] - <==      Total: 1
[2026-09-13 10:20:24.698] [gas-forecast] [] [] [c.g.f.d.m.B.selectList] [http-nio-8080-exec-7] [DEBUG] - ==>  Preparing: SELECT id,industry_code,industry_name,parent_id,industry_level,sort_no,created_at,updated_at,created_by,created_by_name,updated_by,updated_by_name FROM base_industry_tb ORDER BY sort_no ASC,updated_at DESC,id DESC LIMIT ?
[2026-09-13 10:20:24.698] [gas-forecast] [] [] [c.g.f.d.m.B.selectList] [http-nio-8080-exec-7] [DEBUG] - ==> Parameters: 10(Long)
[2026-09-13 10:20:24.698] [gas-forecast] [] [] [c.g.f.d.m.B.selectList] [http-nio-8080-exec-7] [DEBUG] - <==      Total: 3
[2026-09-13 10:20:33.423] [gas-forecast] [] [] [c.g.f.d.m.S.selectByUsername] [http-nio-8080-exec-8] [DEBUG] - ==>  Preparing: select distinct p.* from sys_permission_tb p where p.status = 1 and ( exists ( select 1 from sys_user_tb u join sys_user_role_ref ur on ur.user_id = u.id join sys_role_permission_ref rp on rp.role_id = ur.role_id where rp.permission_id = p.id and u.username = ? and u.deleted = 0 ) or exists ( select 1 from sys_user_tb u join sys_user_department_ref ud on ud.user_id = u.id join sys_department_permission_ref dp on dp.department_id = ud.department_id where dp.permission_id = p.id and u.username = ? and u.deleted = 0 ) ) order by p.sort_no, p.id
[2026-09-13 10:20:33.424] [gas-forecast] [] [] [c.g.f.d.m.S.selectByUsername] [http-nio-8080-exec-8] [DEBUG] - ==> Parameters: admin(String), admin(String)
[2026-09-13 10:20:33.426] [gas-forecast] [] [] [c.g.f.d.m.S.selectByUsername] [http-nio-8080-exec-8] [DEBUG] - <==      Total: 50
[2026-09-13 10:20:33.426] [gas-forecast] [] [] [c.g.f.d.m.SysRoleTbMapper.selectList] [http-nio-8080-exec-8] [DEBUG] - ==>  Preparing: SELECT id,role_code,role_name,description,created_at,updated_at FROM sys_role_tb ORDER BY id ASC
[2026-09-13 10:20:33.426] [gas-forecast] [] [] [c.g.f.d.m.SysRoleTbMapper.selectList] [http-nio-8080-exec-8] [DEBUG] - ==> Parameters: 
[2026-09-13 10:20:33.427] [gas-forecast] [] [] [c.g.f.d.m.SysRoleTbMapper.selectList] [http-nio-8080-exec-8] [DEBUG] - <==      Total: 1
[2026-09-13 10:20:33.427] [gas-forecast] [] [] [c.g.f.d.m.S.selectList] [http-nio-8080-exec-8] [DEBUG] - ==>  Preparing: SELECT id,parent_id,department_name,org_code,sort_no,status,created_at,updated_at FROM sys_department_tb ORDER BY sort_no ASC,id ASC
[2026-09-13 10:20:33.427] [gas-forecast] [] [] [c.g.f.d.m.S.selectList] [http-nio-8080-exec-8] [DEBUG] - ==> Parameters: 
[2026-09-13 10:20:33.427] [gas-forecast] [] [] [c.g.f.d.m.S.selectList] [http-nio-8080-exec-8] [DEBUG] - <==      Total: 7
[2026-09-13 10:20:33.427] [gas-forecast] [] [] [c.g.f.d.m.S.selectList] [http-nio-8080-exec-8] [DEBUG] - ==>  Preparing: SELECT id,parent_id,permission_name,path,component,permission_type,perms,icon,sort_no,hidden,status,created_at,updated_at FROM sys_permission_tb ORDER BY sort_no ASC,id ASC
[2026-09-13 10:20:33.428] [gas-forecast] [] [] [c.g.f.d.m.S.selectList] [http-nio-8080-exec-8] [DEBUG] - ==> Parameters: 
[2026-09-13 10:20:33.428] [gas-forecast] [] [] [c.g.f.d.m.S.selectList] [http-nio-8080-exec-8] [DEBUG] - <==      Total: 50
[2026-09-13 10:20:33.432] [gas-forecast] [] [] [c.g.f.d.m.S.selectByUsername] [http-nio-8080-exec-9] [DEBUG] - ==>  Preparing: select distinct p.* from sys_permission_tb p where p.status = 1 and ( exists ( select 1 from sys_user_tb u join sys_user_role_ref ur on ur.user_id = u.id join sys_role_permission_ref rp on rp.role_id = ur.role_id where rp.permission_id = p.id and u.username = ? and u.deleted = 0 ) or exists ( select 1 from sys_user_tb u join sys_user_department_ref ud on ud.user_id = u.id join sys_department_permission_ref dp on dp.department_id = ud.department_id where dp.permission_id = p.id and u.username = ? and u.deleted = 0 ) ) order by p.sort_no, p.id
[2026-09-13 10:20:33.432] [gas-forecast] [] [] [c.g.f.d.m.S.selectByUsername] [http-nio-8080-exec-9] [DEBUG] - ==> Parameters: admin(String), admin(String)
[2026-09-13 10:20:33.433] [gas-forecast] [] [] [c.g.f.d.m.S.selectByUsername] [http-nio-8080-exec-9] [DEBUG] - <==      Total: 50
[2026-09-13 10:20:33.434] [gas-forecast] [] [] [c.g.f.d.m.SysUserTbMapper.selectList] [http-nio-8080-exec-9] [DEBUG] - ==>  Preparing: SELECT id,username,real_name,password_hash,password_salt,avatar,email,phone,org_code,status,deleted,created_at,updated_at FROM sys_user_tb WHERE (deleted = ?) ORDER BY id ASC
[2026-09-13 10:20:33.434] [gas-forecast] [] [] [c.g.f.d.m.SysUserTbMapper.selectList] [http-nio-8080-exec-9] [DEBUG] - ==> Parameters: 0(Integer)
[2026-09-13 10:20:33.434] [gas-forecast] [] [] [c.g.f.d.m.SysUserTbMapper.selectList] [http-nio-8080-exec-9] [DEBUG] - <==      Total: 1
[2026-09-13 10:20:33.435] [gas-forecast] [] [] [c.g.f.d.m.SysRoleTbMapper.selectList] [http-nio-8080-exec-9] [DEBUG] - ==>  Preparing: SELECT id,role_code,role_name,description,created_at,updated_at FROM sys_role_tb ORDER BY id ASC
[2026-09-13 10:20:33.435] [gas-forecast] [] [] [c.g.f.d.m.SysRoleTbMapper.selectList] [http-nio-8080-exec-9] [DEBUG] - ==> Parameters: 
[2026-09-13 10:20:33.435] [gas-forecast] [] [] [c.g.f.d.m.SysRoleTbMapper.selectList] [http-nio-8080-exec-9] [DEBUG] - <==      Total: 1
[2026-09-13 10:20:33.436] [gas-forecast] [] [] [c.g.f.d.m.S.selectList] [http-nio-8080-exec-9] [DEBUG] - ==>  Preparing: SELECT id,parent_id,department_name,org_code,sort_no,status,created_at,updated_at FROM sys_department_tb ORDER BY id ASC
[2026-09-13 10:20:33.436] [gas-forecast] [] [] [c.g.f.d.m.S.selectList] [http-nio-8080-exec-9] [DEBUG] - ==> Parameters: 
[2026-09-13 10:20:33.436] [gas-forecast] [] [] [c.g.f.d.m.S.selectList] [http-nio-8080-exec-9] [DEBUG] - <==      Total: 7
[2026-09-13 10:20:33.437] [gas-forecast] [] [] [c.g.f.d.m.S.selectList] [http-nio-8080-exec-9] [DEBUG] - ==>  Preparing: SELECT id,user_id,role_id FROM sys_user_role_ref
[2026-09-13 10:20:33.437] [gas-forecast] [] [] [c.g.f.d.m.S.selectList] [http-nio-8080-exec-9] [DEBUG] - ==> Parameters: 
[2026-09-13 10:20:33.437] [gas-forecast] [] [] [c.g.f.d.m.S.selectList] [http-nio-8080-exec-9] [DEBUG] - <==      Total: 1
[2026-09-13 10:20:33.437] [gas-forecast] [] [] [c.g.f.d.m.S.selectList] [http-nio-8080-exec-9] [DEBUG] - ==>  Preparing: SELECT id,user_id,department_id FROM sys_user_department_ref
[2026-09-13 10:20:33.438] [gas-forecast] [] [] [c.g.f.d.m.S.selectList] [http-nio-8080-exec-9] [DEBUG] - ==> Parameters: 
[2026-09-13 10:20:33.438] [gas-forecast] [] [] [c.g.f.d.m.S.selectList] [http-nio-8080-exec-9] [DEBUG] - <==      Total: 1
[2026-09-13 10:20:34.366] [gas-forecast] [] [] [c.g.f.d.m.S.selectByUsername] [http-nio-8080-exec-10] [DEBUG] - ==>  Preparing: select distinct p.* from sys_permission_tb p where p.status = 1 and ( exists ( select 1 from sys_user_tb u join sys_user_role_ref ur on ur.user_id = u.id join sys_role_permission_ref rp on rp.role_id = ur.role_id where rp.permission_id = p.id and u.username = ? and u.deleted = 0 ) or exists ( select 1 from sys_user_tb u join sys_user_department_ref ud on ud.user_id = u.id join sys_department_permission_ref dp on dp.department_id = ud.department_id where dp.permission_id = p.id and u.username = ? and u.deleted = 0 ) ) order by p.sort_no, p.id
[2026-09-13 10:20:34.367] [gas-forecast] [] [] [c.g.f.d.m.S.selectByUsername] [http-nio-8080-exec-10] [DEBUG] - ==> Parameters: admin(String), admin(String)
[2026-09-13 10:20:34.369] [gas-forecast] [] [] [c.g.f.d.m.S.selectByUsername] [http-nio-8080-exec-10] [DEBUG] - <==      Total: 50
[2026-09-13 10:20:34.369] [gas-forecast] [] [] [c.g.f.d.m.SysRoleTbMapper.selectList] [http-nio-8080-exec-10] [DEBUG] - ==>  Preparing: SELECT id,role_code,role_name,description,created_at,updated_at FROM sys_role_tb ORDER BY id ASC
[2026-09-13 10:20:34.369] [gas-forecast] [] [] [c.g.f.d.m.SysRoleTbMapper.selectList] [http-nio-8080-exec-10] [DEBUG] - ==> Parameters: 
[2026-09-13 10:20:34.370] [gas-forecast] [] [] [c.g.f.d.m.SysRoleTbMapper.selectList] [http-nio-8080-exec-10] [DEBUG] - <==      Total: 1
[2026-09-13 10:20:34.370] [gas-forecast] [] [] [c.g.f.d.m.S.selectList] [http-nio-8080-exec-10] [DEBUG] - ==>  Preparing: SELECT id,parent_id,department_name,org_code,sort_no,status,created_at,updated_at FROM sys_department_tb ORDER BY sort_no ASC,id ASC
[2026-09-13 10:20:34.370] [gas-forecast] [] [] [c.g.f.d.m.S.selectList] [http-nio-8080-exec-10] [DEBUG] - ==> Parameters: 
[2026-09-13 10:20:34.371] [gas-forecast] [] [] [c.g.f.d.m.S.selectList] [http-nio-8080-exec-10] [DEBUG] - <==      Total: 7
[2026-09-13 10:20:34.371] [gas-forecast] [] [] [c.g.f.d.m.S.selectList] [http-nio-8080-exec-10] [DEBUG] - ==>  Preparing: SELECT id,parent_id,permission_name,path,component,permission_type,perms,icon,sort_no,hidden,status,created_at,updated_at FROM sys_permission_tb ORDER BY sort_no ASC,id ASC
[2026-09-13 10:20:34.371] [gas-forecast] [] [] [c.g.f.d.m.S.selectList] [http-nio-8080-exec-10] [DEBUG] - ==> Parameters: 
[2026-09-13 10:20:34.373] [gas-forecast] [] [] [c.g.f.d.m.S.selectList] [http-nio-8080-exec-10] [DEBUG] - <==      Total: 50
[2026-09-13 10:20:34.378] [gas-forecast] [] [] [c.g.f.d.m.S.selectByUsername] [http-nio-8080-exec-2] [DEBUG] - ==>  Preparing: select distinct p.* from sys_permission_tb p where p.status = 1 and ( exists ( select 1 from sys_user_tb u join sys_user_role_ref ur on ur.user_id = u.id join sys_role_permission_ref rp on rp.role_id = ur.role_id where rp.permission_id = p.id and u.username = ? and u.deleted = 0 ) or exists ( select 1 from sys_user_tb u join sys_user_department_ref ud on ud.user_id = u.id join sys_department_permission_ref dp on dp.department_id = ud.department_id where dp.permission_id = p.id and u.username = ? and u.deleted = 0 ) ) order by p.sort_no, p.id
[2026-09-13 10:20:34.378] [gas-forecast] [] [] [c.g.f.d.m.S.selectByUsername] [http-nio-8080-exec-2] [DEBUG] - ==> Parameters: admin(String), admin(String)
[2026-09-13 10:20:34.380] [gas-forecast] [] [] [c.g.f.d.m.S.selectByUsername] [http-nio-8080-exec-2] [DEBUG] - <==      Total: 50
[2026-09-13 10:20:34.380] [gas-forecast] [] [] [c.g.f.d.m.S.selectList] [http-nio-8080-exec-2] [DEBUG] - ==>  Preparing: SELECT id,role_id,permission_id FROM sys_role_permission_ref
[2026-09-13 10:20:34.380] [gas-forecast] [] [] [c.g.f.d.m.S.selectList] [http-nio-8080-exec-2] [DEBUG] - ==> Parameters: 
[2026-09-13 10:20:34.381] [gas-forecast] [] [] [c.g.f.d.m.S.selectList] [http-nio-8080-exec-2] [DEBUG] - <==      Total: 50
[2026-09-13 10:20:34.381] [gas-forecast] [] [] [c.g.f.d.m.SysRoleTbMapper.selectList] [http-nio-8080-exec-2] [DEBUG] - ==>  Preparing: SELECT id,role_code,role_name,description,created_at,updated_at FROM sys_role_tb ORDER BY id ASC
[2026-09-13 10:20:34.381] [gas-forecast] [] [] [c.g.f.d.m.SysRoleTbMapper.selectList] [http-nio-8080-exec-2] [DEBUG] - ==> Parameters: 
[2026-09-13 10:20:34.382] [gas-forecast] [] [] [c.g.f.d.m.SysRoleTbMapper.selectList] [http-nio-8080-exec-2] [DEBUG] - <==      Total: 1
[2026-09-13 10:20:35.337] [gas-forecast] [] [] [c.g.f.d.m.S.selectByUsername] [http-nio-8080-exec-1] [DEBUG] - ==>  Preparing: select distinct p.* from sys_permission_tb p where p.status = 1 and ( exists ( select 1 from sys_user_tb u join sys_user_role_ref ur on ur.user_id = u.id join sys_role_permission_ref rp on rp.role_id = ur.role_id where rp.permission_id = p.id and u.username = ? and u.deleted = 0 ) or exists ( select 1 from sys_user_tb u join sys_user_department_ref ud on ud.user_id = u.id join sys_department_permission_ref dp on dp.department_id = ud.department_id where dp.permission_id = p.id and u.username = ? and u.deleted = 0 ) ) order by p.sort_no, p.id
[2026-09-13 10:20:35.337] [gas-forecast] [] [] [c.g.f.d.m.S.selectByUsername] [http-nio-8080-exec-1] [DEBUG] - ==> Parameters: admin(String), admin(String)
[2026-09-13 10:20:35.339] [gas-forecast] [] [] [c.g.f.d.m.S.selectByUsername] [http-nio-8080-exec-1] [DEBUG] - <==      Total: 50
[2026-09-13 10:20:35.340] [gas-forecast] [] [] [c.g.f.d.m.SysRoleTbMapper.selectList] [http-nio-8080-exec-1] [DEBUG] - ==>  Preparing: SELECT id,role_code,role_name,description,created_at,updated_at FROM sys_role_tb ORDER BY id ASC
[2026-09-13 10:20:35.340] [gas-forecast] [] [] [c.g.f.d.m.SysRoleTbMapper.selectList] [http-nio-8080-exec-1] [DEBUG] - ==> Parameters: 
[2026-09-13 10:20:35.340] [gas-forecast] [] [] [c.g.f.d.m.SysRoleTbMapper.selectList] [http-nio-8080-exec-1] [DEBUG] - <==      Total: 1
[2026-09-13 10:20:35.341] [gas-forecast] [] [] [c.g.f.d.m.S.selectList] [http-nio-8080-exec-1] [DEBUG] - ==>  Preparing: SELECT id,parent_id,department_name,org_code,sort_no,status,created_at,updated_at FROM sys_department_tb ORDER BY sort_no ASC,id ASC
[2026-09-13 10:20:35.341] [gas-forecast] [] [] [c.g.f.d.m.S.selectList] [http-nio-8080-exec-1] [DEBUG] - ==> Parameters: 
[2026-09-13 10:20:35.341] [gas-forecast] [] [] [c.g.f.d.m.S.selectList] [http-nio-8080-exec-1] [DEBUG] - <==      Total: 7
[2026-09-13 10:20:35.342] [gas-forecast] [] [] [c.g.f.d.m.S.selectList] [http-nio-8080-exec-1] [DEBUG] - ==>  Preparing: SELECT id,parent_id,permission_name,path,component,permission_type,perms,icon,sort_no,hidden,status,created_at,updated_at FROM sys_permission_tb ORDER BY sort_no ASC,id ASC
[2026-09-13 10:20:35.342] [gas-forecast] [] [] [c.g.f.d.m.S.selectList] [http-nio-8080-exec-1] [DEBUG] - ==> Parameters: 
[2026-09-13 10:20:35.343] [gas-forecast] [] [] [c.g.f.d.m.S.selectList] [http-nio-8080-exec-1] [DEBUG] - <==      Total: 50
[2026-09-13 10:20:35.346] [gas-forecast] [] [] [c.g.f.d.m.S.selectByUsername] [http-nio-8080-exec-3] [DEBUG] - ==>  Preparing: select distinct p.* from sys_permission_tb p where p.status = 1 and ( exists ( select 1 from sys_user_tb u join sys_user_role_ref ur on ur.user_id = u.id join sys_role_permission_ref rp on rp.role_id = ur.role_id where rp.permission_id = p.id and u.username = ? and u.deleted = 0 ) or exists ( select 1 from sys_user_tb u join sys_user_department_ref ud on ud.user_id = u.id join sys_department_permission_ref dp on dp.department_id = ud.department_id where dp.permission_id = p.id and u.username = ? and u.deleted = 0 ) ) order by p.sort_no, p.id
[2026-09-13 10:20:35.346] [gas-forecast] [] [] [c.g.f.d.m.S.selectByUsername] [http-nio-8080-exec-3] [DEBUG] - ==> Parameters: admin(String), admin(String)
[2026-09-13 10:20:35.348] [gas-forecast] [] [] [c.g.f.d.m.S.selectByUsername] [http-nio-8080-exec-3] [DEBUG] - <==      Total: 50
[2026-09-13 10:20:35.348] [gas-forecast] [] [] [c.g.f.d.m.S.selectList] [http-nio-8080-exec-3] [DEBUG] - ==>  Preparing: SELECT id,parent_id,department_name,org_code,sort_no,status,created_at,updated_at FROM sys_department_tb ORDER BY sort_no ASC,id ASC
[2026-09-13 10:20:35.348] [gas-forecast] [] [] [c.g.f.d.m.S.selectList] [http-nio-8080-exec-3] [DEBUG] - ==> Parameters: 
[2026-09-13 10:20:35.349] [gas-forecast] [] [] [c.g.f.d.m.S.selectList] [http-nio-8080-exec-3] [DEBUG] - <==      Total: 7
[2026-09-13 10:20:36.773] [gas-forecast] [] [] [c.g.f.d.m.S.selectByUsername] [http-nio-8080-exec-4] [DEBUG] - ==>  Preparing: select distinct p.* from sys_permission_tb p where p.status = 1 and ( exists ( select 1 from sys_user_tb u join sys_user_role_ref ur on ur.user_id = u.id join sys_role_permission_ref rp on rp.role_id = ur.role_id where rp.permission_id = p.id and u.username = ? and u.deleted = 0 ) or exists ( select 1 from sys_user_tb u join sys_user_department_ref ud on ud.user_id = u.id join sys_department_permission_ref dp on dp.department_id = ud.department_id where dp.permission_id = p.id and u.username = ? and u.deleted = 0 ) ) order by p.sort_no, p.id
[2026-09-13 10:20:36.773] [gas-forecast] [] [] [c.g.f.d.m.S.selectByUsername] [http-nio-8080-exec-4] [DEBUG] - ==> Parameters: admin(String), admin(String)
[2026-09-13 10:20:36.775] [gas-forecast] [] [] [c.g.f.d.m.S.selectByUsername] [http-nio-8080-exec-4] [DEBUG] - <==      Total: 50
[2026-09-13 10:20:36.776] [gas-forecast] [] [] [c.g.f.d.m.SysRoleTbMapper.selectList] [http-nio-8080-exec-4] [DEBUG] - ==>  Preparing: SELECT id,role_code,role_name,description,created_at,updated_at FROM sys_role_tb ORDER BY id ASC
[2026-09-13 10:20:36.776] [gas-forecast] [] [] [c.g.f.d.m.SysRoleTbMapper.selectList] [http-nio-8080-exec-4] [DEBUG] - ==> Parameters: 
[2026-09-13 10:20:36.777] [gas-forecast] [] [] [c.g.f.d.m.SysRoleTbMapper.selectList] [http-nio-8080-exec-4] [DEBUG] - <==      Total: 1
[2026-09-13 10:20:36.777] [gas-forecast] [] [] [c.g.f.d.m.S.selectList] [http-nio-8080-exec-4] [DEBUG] - ==>  Preparing: SELECT id,parent_id,department_name,org_code,sort_no,status,created_at,updated_at FROM sys_department_tb ORDER BY sort_no ASC,id ASC
[2026-09-13 10:20:36.777] [gas-forecast] [] [] [c.g.f.d.m.S.selectList] [http-nio-8080-exec-4] [DEBUG] - ==> Parameters: 
[2026-09-13 10:20:36.778] [gas-forecast] [] [] [c.g.f.d.m.S.selectList] [http-nio-8080-exec-4] [DEBUG] - <==      Total: 7
[2026-09-13 10:20:36.779] [gas-forecast] [] [] [c.g.f.d.m.S.selectList] [http-nio-8080-exec-4] [DEBUG] - ==>  Preparing: SELECT id,parent_id,permission_name,path,component,permission_type,perms,icon,sort_no,hidden,status,created_at,updated_at FROM sys_permission_tb ORDER BY sort_no ASC,id ASC
[2026-09-13 10:20:36.779] [gas-forecast] [] [] [c.g.f.d.m.S.selectList] [http-nio-8080-exec-4] [DEBUG] - ==> Parameters: 
[2026-09-13 10:20:36.780] [gas-forecast] [] [] [c.g.f.d.m.S.selectList] [http-nio-8080-exec-4] [DEBUG] - <==      Total: 50
[2026-09-13 10:20:36.785] [gas-forecast] [] [] [c.g.f.d.m.S.selectByUsername] [http-nio-8080-exec-5] [DEBUG] - ==>  Preparing: select distinct p.* from sys_permission_tb p where p.status = 1 and ( exists ( select 1 from sys_user_tb u join sys_user_role_ref ur on ur.user_id = u.id join sys_role_permission_ref rp on rp.role_id = ur.role_id where rp.permission_id = p.id and u.username = ? and u.deleted = 0 ) or exists ( select 1 from sys_user_tb u join sys_user_department_ref ud on ud.user_id = u.id join sys_department_permission_ref dp on dp.department_id = ud.department_id where dp.permission_id = p.id and u.username = ? and u.deleted = 0 ) ) order by p.sort_no, p.id
[2026-09-13 10:20:36.785] [gas-forecast] [] [] [c.g.f.d.m.S.selectByUsername] [http-nio-8080-exec-5] [DEBUG] - ==> Parameters: admin(String), admin(String)
[2026-09-13 10:20:36.787] [gas-forecast] [] [] [c.g.f.d.m.S.selectByUsername] [http-nio-8080-exec-5] [DEBUG] - <==      Total: 50
[2026-09-13 10:20:36.787] [gas-forecast] [] [] [c.g.f.d.m.S.selectList] [http-nio-8080-exec-5] [DEBUG] - ==>  Preparing: SELECT id,parent_id,permission_name,path,component,permission_type,perms,icon,sort_no,hidden,status,created_at,updated_at FROM sys_permission_tb ORDER BY sort_no ASC,id ASC
[2026-09-13 10:20:36.787] [gas-forecast] [] [] [c.g.f.d.m.S.selectList] [http-nio-8080-exec-5] [DEBUG] - ==> Parameters: 
[2026-09-13 10:20:36.788] [gas-forecast] [] [] [c.g.f.d.m.S.selectList] [http-nio-8080-exec-5] [DEBUG] - <==      Total: 50
[2026-09-13 10:27:58.098] [gas-forecast] [] [] [c.g.f.d.m.SysUserTbMapper.selectList] [http-nio-8080-exec-8] [DEBUG] - ==>  Preparing: SELECT id,username,real_name,password_hash,password_salt,avatar,email,phone,org_code,status,deleted,created_at,updated_at FROM sys_user_tb WHERE (username = ? AND deleted = ?)
[2026-09-13 10:27:58.099] [gas-forecast] [] [] [c.g.f.d.m.SysUserTbMapper.selectList] [http-nio-8080-exec-8] [DEBUG] - ==> Parameters: admin(String), 0(Integer)
[2026-09-13 10:27:58.100] [gas-forecast] [] [] [c.g.f.d.m.SysUserTbMapper.selectList] [http-nio-8080-exec-8] [DEBUG] - <==      Total: 1
[2026-09-13 10:27:58.101] [gas-forecast] [] [] [c.g.f.d.m.S.selectRoleCodesByUsername] [http-nio-8080-exec-8] [DEBUG] - ==>  Preparing: select r.role_code from sys_user_tb u join sys_user_role_ref ur on ur.user_id = u.id join sys_role_tb r on r.id = ur.role_id where u.username = ? order by r.role_code
[2026-09-13 10:27:58.101] [gas-forecast] [] [] [c.g.f.d.m.S.selectRoleCodesByUsername] [http-nio-8080-exec-8] [DEBUG] - ==> Parameters: admin(String)
[2026-09-13 10:27:58.102] [gas-forecast] [] [] [c.g.f.d.m.S.selectRoleCodesByUsername] [http-nio-8080-exec-8] [DEBUG] - <==      Total: 1
[2026-09-13 10:27:58.102] [gas-forecast] [] [] [c.g.f.d.m.S.selectByUsername] [http-nio-8080-exec-8] [DEBUG] - ==>  Preparing: select distinct p.* from sys_permission_tb p where p.status = 1 and ( exists ( select 1 from sys_user_tb u join sys_user_role_ref ur on ur.user_id = u.id join sys_role_permission_ref rp on rp.role_id = ur.role_id where rp.permission_id = p.id and u.username = ? and u.deleted = 0 ) or exists ( select 1 from sys_user_tb u join sys_user_department_ref ud on ud.user_id = u.id join sys_department_permission_ref dp on dp.department_id = ud.department_id where dp.permission_id = p.id and u.username = ? and u.deleted = 0 ) ) order by p.sort_no, p.id
[2026-09-13 10:27:58.102] [gas-forecast] [] [] [c.g.f.d.m.S.selectByUsername] [http-nio-8080-exec-8] [DEBUG] - ==> Parameters: admin(String), admin(String)
[2026-09-13 10:27:58.104] [gas-forecast] [] [] [c.g.f.d.m.S.selectByUsername] [http-nio-8080-exec-8] [DEBUG] - <==      Total: 50
[2026-09-13 21:09:46.297] [gas-forecast] [] [] [c.g.f.d.m.S.selectByUsername] [http-nio-8080-exec-9] [DEBUG] - ==>  Preparing: select distinct p.* from sys_permission_tb p where p.status = 1 and ( exists ( select 1 from sys_user_tb u join sys_user_role_ref ur on ur.user_id = u.id join sys_role_permission_ref rp on rp.role_id = ur.role_id where rp.permission_id = p.id and u.username = ? and u.deleted = 0 ) or exists ( select 1 from sys_user_tb u join sys_user_department_ref ud on ud.user_id = u.id join sys_department_permission_ref dp on dp.department_id = ud.department_id where dp.permission_id = p.id and u.username = ? and u.deleted = 0 ) ) order by p.sort_no, p.id
[2026-09-13 21:09:46.297] [gas-forecast] [] [] [c.g.f.d.m.S.selectByUsername] [http-nio-8080-exec-9] [DEBUG] - ==> Parameters: admin(String), admin(String)
[2026-09-13 21:09:46.301] [gas-forecast] [] [] [c.g.f.d.m.S.selectByUsername] [http-nio-8080-exec-9] [DEBUG] - <==      Total: 50
[2026-09-13 21:09:46.304] [gas-forecast] [] [] [c.g.f.d.m.B.selectList_mpCount] [http-nio-8080-exec-9] [DEBUG] - ==>  Preparing: SELECT COUNT(*) AS total FROM base_region_tb
[2026-09-13 21:09:46.304] [gas-forecast] [] [] [c.g.f.d.m.B.selectList_mpCount] [http-nio-8080-exec-9] [DEBUG] - ==> Parameters: 
[2026-09-13 21:09:46.305] [gas-forecast] [] [] [c.g.f.d.m.B.selectList_mpCount] [http-nio-8080-exec-9] [DEBUG] - <==      Total: 1
[2026-09-13 21:09:46.305] [gas-forecast] [] [] [c.g.f.d.m.B.selectList] [http-nio-8080-exec-9] [DEBUG] - ==>  Preparing: SELECT id,region_code,region_name,region_type,parent_id,sort_no,enabled,remark,created_by,created_at,updated_by,updated_at,update_by_name,created_by_name FROM base_region_tb ORDER BY sort_no ASC,updated_at DESC,id DESC LIMIT ?
[2026-09-13 21:09:46.305] [gas-forecast] [] [] [c.g.f.d.m.B.selectList] [http-nio-8080-exec-9] [DEBUG] - ==> Parameters: 10(Long)
[2026-09-13 21:09:46.306] [gas-forecast] [] [] [c.g.f.d.m.B.selectList] [http-nio-8080-exec-9] [DEBUG] - <==      Total: 10
[2026-09-13 21:09:47.024] [gas-forecast] [] [] [c.g.f.d.m.S.selectByUsername] [http-nio-8080-exec-10] [DEBUG] - ==>  Preparing: select distinct p.* from sys_permission_tb p where p.status = 1 and ( exists ( select 1 from sys_user_tb u join sys_user_role_ref ur on ur.user_id = u.id join sys_role_permission_ref rp on rp.role_id = ur.role_id where rp.permission_id = p.id and u.username = ? and u.deleted = 0 ) or exists ( select 1 from sys_user_tb u join sys_user_department_ref ud on ud.user_id = u.id join sys_department_permission_ref dp on dp.department_id = ud.department_id where dp.permission_id = p.id and u.username = ? and u.deleted = 0 ) ) order by p.sort_no, p.id
[2026-09-13 21:09:47.024] [gas-forecast] [] [] [c.g.f.d.m.S.selectByUsername] [http-nio-8080-exec-10] [DEBUG] - ==> Parameters: admin(String), admin(String)
[2026-09-13 21:09:47.025] [gas-forecast] [] [] [c.g.f.d.m.S.selectByUsername] [http-nio-8080-exec-10] [DEBUG] - <==      Total: 50
[2026-09-13 21:09:47.028] [gas-forecast] [] [] [c.g.f.d.m.B.selectList_mpCount] [http-nio-8080-exec-10] [DEBUG] - ==>  Preparing: SELECT COUNT(*) AS total FROM base_customer_tb
[2026-09-13 21:09:47.028] [gas-forecast] [] [] [c.g.f.d.m.B.selectList_mpCount] [http-nio-8080-exec-10] [DEBUG] - ==> Parameters: 
[2026-09-13 21:09:47.029] [gas-forecast] [] [] [c.g.f.d.m.B.selectList_mpCount] [http-nio-8080-exec-10] [DEBUG] - <==      Total: 1
[2026-09-13 21:09:47.029] [gas-forecast] [] [] [c.g.f.d.m.B.selectList] [http-nio-8080-exec-10] [DEBUG] - ==>  Preparing: SELECT id,customer_code,customer_name,industry_code,industry_name,region_code,region_name,created_at,updated_at,created_by,created_by_name,updated_by,update_by_name,raw_region_name,raw_industry_name FROM base_customer_tb ORDER BY updated_at DESC,id DESC LIMIT ?
[2026-09-13 21:09:47.029] [gas-forecast] [] [] [c.g.f.d.m.B.selectList] [http-nio-8080-exec-10] [DEBUG] - ==> Parameters: 10(Long)
[2026-09-13 21:09:47.029] [gas-forecast] [] [] [c.g.f.d.m.B.selectList] [http-nio-8080-exec-10] [DEBUG] - <==      Total: 10
[2026-09-13 21:09:47.534] [gas-forecast] [] [] [c.g.f.d.m.S.selectByUsername] [http-nio-8080-exec-2] [DEBUG] - ==>  Preparing: select distinct p.* from sys_permission_tb p where p.status = 1 and ( exists ( select 1 from sys_user_tb u join sys_user_role_ref ur on ur.user_id = u.id join sys_role_permission_ref rp on rp.role_id = ur.role_id where rp.permission_id = p.id and u.username = ? and u.deleted = 0 ) or exists ( select 1 from sys_user_tb u join sys_user_department_ref ud on ud.user_id = u.id join sys_department_permission_ref dp on dp.department_id = ud.department_id where dp.permission_id = p.id and u.username = ? and u.deleted = 0 ) ) order by p.sort_no, p.id
[2026-09-13 21:09:47.534] [gas-forecast] [] [] [c.g.f.d.m.S.selectByUsername] [http-nio-8080-exec-2] [DEBUG] - ==> Parameters: admin(String), admin(String)
[2026-09-13 21:09:47.536] [gas-forecast] [] [] [c.g.f.d.m.S.selectByUsername] [http-nio-8080-exec-2] [DEBUG] - <==      Total: 50
[2026-09-13 21:09:47.539] [gas-forecast] [] [] [c.g.f.d.m.B.selectList_mpCount] [http-nio-8080-exec-2] [DEBUG] - ==>  Preparing: SELECT COUNT(*) AS total FROM base_industry_tb
[2026-09-13 21:09:47.539] [gas-forecast] [] [] [c.g.f.d.m.B.selectList_mpCount] [http-nio-8080-exec-2] [DEBUG] - ==> Parameters: 
[2026-09-13 21:09:47.540] [gas-forecast] [] [] [c.g.f.d.m.B.selectList_mpCount] [http-nio-8080-exec-2] [DEBUG] - <==      Total: 1
[2026-09-13 21:09:47.540] [gas-forecast] [] [] [c.g.f.d.m.B.selectList] [http-nio-8080-exec-2] [DEBUG] - ==>  Preparing: SELECT id,industry_code,industry_name,parent_id,industry_level,sort_no,created_at,updated_at,created_by,created_by_name,updated_by,updated_by_name FROM base_industry_tb ORDER BY sort_no ASC,updated_at DESC,id DESC LIMIT ?
[2026-09-13 21:09:47.540] [gas-forecast] [] [] [c.g.f.d.m.B.selectList] [http-nio-8080-exec-2] [DEBUG] - ==> Parameters: 10(Long)
[2026-09-13 21:09:47.540] [gas-forecast] [] [] [c.g.f.d.m.B.selectList] [http-nio-8080-exec-2] [DEBUG] - <==      Total: 3
[2026-09-13 21:09:47.993] [gas-forecast] [] [] [c.g.f.d.m.S.selectByUsername] [http-nio-8080-exec-1] [DEBUG] - ==>  Preparing: select distinct p.* from sys_permission_tb p where p.status = 1 and ( exists ( select 1 from sys_user_tb u join sys_user_role_ref ur on ur.user_id = u.id join sys_role_permission_ref rp on rp.role_id = ur.role_id where rp.permission_id = p.id and u.username = ? and u.deleted = 0 ) or exists ( select 1 from sys_user_tb u join sys_user_department_ref ud on ud.user_id = u.id join sys_department_permission_ref dp on dp.department_id = ud.department_id where dp.permission_id = p.id and u.username = ? and u.deleted = 0 ) ) order by p.sort_no, p.id
[2026-09-13 21:09:47.993] [gas-forecast] [] [] [c.g.f.d.m.S.selectByUsername] [http-nio-8080-exec-1] [DEBUG] - ==> Parameters: admin(String), admin(String)
[2026-09-13 21:09:47.995] [gas-forecast] [] [] [c.g.f.d.m.S.selectByUsername] [http-nio-8080-exec-1] [DEBUG] - <==      Total: 50
[2026-09-13 21:09:47.998] [gas-forecast] [] [] [c.g.f.d.m.D.selectList_mpCount] [http-nio-8080-exec-1] [DEBUG] - ==>  Preparing: SELECT COUNT(*) AS total FROM data_monthly_sales_tb
[2026-09-13 21:09:47.998] [gas-forecast] [] [] [c.g.f.d.m.D.selectList_mpCount] [http-nio-8080-exec-1] [DEBUG] - ==> Parameters: 
[2026-09-13 21:09:48.000] [gas-forecast] [] [] [c.g.f.d.m.D.selectList_mpCount] [http-nio-8080-exec-1] [DEBUG] - <==      Total: 1
[2026-09-13 21:09:48.000] [gas-forecast] [] [] [c.g.f.d.m.D.selectList] [http-nio-8080-exec-1] [DEBUG] - ==>  Preparing: SELECT id,stat_date,region_name,region_code,industry_name,industry_code,customer_name,customer_code,gas_sales,unit,file_id,created_at FROM data_monthly_sales_tb ORDER BY stat_date DESC,id DESC LIMIT ?
[2026-09-13 21:09:48.000] [gas-forecast] [] [] [c.g.f.d.m.D.selectList] [http-nio-8080-exec-1] [DEBUG] - ==> Parameters: 10(Long)
[2026-09-13 21:09:48.002] [gas-forecast] [] [] [c.g.f.d.m.D.selectList] [http-nio-8080-exec-1] [DEBUG] - <==      Total: 10
[2026-09-13 21:09:49.498] [gas-forecast] [] [] [c.g.f.d.m.S.selectByUsername] [http-nio-8080-exec-3] [DEBUG] - ==>  Preparing: select distinct p.* from sys_permission_tb p where p.status = 1 and ( exists ( select 1 from sys_user_tb u join sys_user_role_ref ur on ur.user_id = u.id join sys_role_permission_ref rp on rp.role_id = ur.role_id where rp.permission_id = p.id and u.username = ? and u.deleted = 0 ) or exists ( select 1 from sys_user_tb u join sys_user_department_ref ud on ud.user_id = u.id join sys_department_permission_ref dp on dp.department_id = ud.department_id where dp.permission_id = p.id and u.username = ? and u.deleted = 0 ) ) order by p.sort_no, p.id
[2026-09-13 21:09:49.498] [gas-forecast] [] [] [c.g.f.d.m.S.selectByUsername] [http-nio-8080-exec-3] [DEBUG] - ==> Parameters: admin(String), admin(String)
[2026-09-13 21:09:49.500] [gas-forecast] [] [] [c.g.f.d.m.S.selectByUsername] [http-nio-8080-exec-3] [DEBUG] - <==      Total: 50
[2026-09-13 21:09:49.503] [gas-forecast] [] [] [c.g.f.d.m.D.selectList_mpCount] [http-nio-8080-exec-3] [DEBUG] - ==>  Preparing: SELECT COUNT(*) AS total FROM data_file_info_tb
[2026-09-13 21:09:49.503] [gas-forecast] [] [] [c.g.f.d.m.D.selectList_mpCount] [http-nio-8080-exec-3] [DEBUG] - ==> Parameters: 
[2026-09-13 21:09:49.505] [gas-forecast] [] [] [c.g.f.d.m.D.selectList_mpCount] [http-nio-8080-exec-3] [DEBUG] - <==      Total: 1
[2026-09-13 21:09:49.505] [gas-forecast] [] [] [c.g.f.d.m.D.selectList] [http-nio-8080-exec-3] [DEBUG] - ==>  Preparing: SELECT id,file_name,object_key,file_hash,status,total_count,error_message,created_at,updated_at,created_by,created_by_name FROM data_file_info_tb ORDER BY updated_at DESC,id DESC LIMIT ?
[2026-09-13 21:09:49.505] [gas-forecast] [] [] [c.g.f.d.m.D.selectList] [http-nio-8080-exec-3] [DEBUG] - ==> Parameters: 10(Long)
[2026-09-13 21:09:49.506] [gas-forecast] [] [] [c.g.f.d.m.D.selectList] [http-nio-8080-exec-3] [DEBUG] - <==      Total: 10
[2026-09-13 21:12:03.825] [gas-forecast] [] [] [c.g.f.d.m.S.selectByUsername] [http-nio-8080-exec-4] [DEBUG] - ==>  Preparing: select distinct p.* from sys_permission_tb p where p.status = 1 and ( exists ( select 1 from sys_user_tb u join sys_user_role_ref ur on ur.user_id = u.id join sys_role_permission_ref rp on rp.role_id = ur.role_id where rp.permission_id = p.id and u.username = ? and u.deleted = 0 ) or exists ( select 1 from sys_user_tb u join sys_user_department_ref ud on ud.user_id = u.id join sys_department_permission_ref dp on dp.department_id = ud.department_id where dp.permission_id = p.id and u.username = ? and u.deleted = 0 ) ) order by p.sort_no, p.id
[2026-09-13 21:12:03.825] [gas-forecast] [] [] [c.g.f.d.m.S.selectByUsername] [http-nio-8080-exec-4] [DEBUG] - ==> Parameters: admin(String), admin(String)
[2026-09-13 21:12:03.832] [gas-forecast] [] [] [c.g.f.d.m.S.selectByUsername] [http-nio-8080-exec-4] [DEBUG] - <==      Total: 50
[2026-09-13 21:12:03.835] [gas-forecast] [] [] [c.g.f.d.m.D.selectList_mpCount] [http-nio-8080-exec-4] [DEBUG] - ==>  Preparing: SELECT COUNT(*) AS total FROM data_file_info_tb
[2026-09-13 21:12:03.835] [gas-forecast] [] [] [c.g.f.d.m.D.selectList_mpCount] [http-nio-8080-exec-4] [DEBUG] - ==> Parameters: 
[2026-09-13 21:12:03.837] [gas-forecast] [] [] [c.g.f.d.m.D.selectList_mpCount] [http-nio-8080-exec-4] [DEBUG] - <==      Total: 1
[2026-09-13 21:12:03.837] [gas-forecast] [] [] [c.g.f.d.m.D.selectList] [http-nio-8080-exec-4] [DEBUG] - ==>  Preparing: SELECT id,file_name,object_key,file_hash,status,total_count,error_message,created_at,updated_at,created_by,created_by_name FROM data_file_info_tb ORDER BY updated_at DESC,id DESC LIMIT ?
[2026-09-13 21:12:03.837] [gas-forecast] [] [] [c.g.f.d.m.D.selectList] [http-nio-8080-exec-4] [DEBUG] - ==> Parameters: 10(Long)
[2026-09-13 21:12:03.839] [gas-forecast] [] [] [c.g.f.d.m.D.selectList] [http-nio-8080-exec-4] [DEBUG] - <==      Total: 10
[2026-09-13 21:12:14.331] [gas-forecast] [] [] [c.g.f.d.m.S.selectByUsername] [http-nio-8080-exec-5] [DEBUG] - ==>  Preparing: select distinct p.* from sys_permission_tb p where p.status = 1 and ( exists ( select 1 from sys_user_tb u join sys_user_role_ref ur on ur.user_id = u.id join sys_role_permission_ref rp on rp.role_id = ur.role_id where rp.permission_id = p.id and u.username = ? and u.deleted = 0 ) or exists ( select 1 from sys_user_tb u join sys_user_department_ref ud on ud.user_id = u.id join sys_department_permission_ref dp on dp.department_id = ud.department_id where dp.permission_id = p.id and u.username = ? and u.deleted = 0 ) ) order by p.sort_no, p.id
[2026-09-13 21:12:14.331] [gas-forecast] [] [] [c.g.f.d.m.S.selectByUsername] [http-nio-8080-exec-5] [DEBUG] - ==> Parameters: admin(String), admin(String)
[2026-09-13 21:12:14.334] [gas-forecast] [] [] [c.g.f.d.m.S.selectByUsername] [http-nio-8080-exec-5] [DEBUG] - <==      Total: 50
[2026-09-13 21:12:14.336] [gas-forecast] [] [] [c.g.f.d.m.D.selectList_mpCount] [http-nio-8080-exec-5] [DEBUG] - ==>  Preparing: SELECT COUNT(*) AS total FROM data_file_info_tb
[2026-09-13 21:12:14.336] [gas-forecast] [] [] [c.g.f.d.m.D.selectList_mpCount] [http-nio-8080-exec-5] [DEBUG] - ==> Parameters: 
[2026-09-13 21:12:14.338] [gas-forecast] [] [] [c.g.f.d.m.D.selectList_mpCount] [http-nio-8080-exec-5] [DEBUG] - <==      Total: 1
[2026-09-13 21:12:14.338] [gas-forecast] [] [] [c.g.f.d.m.D.selectList] [http-nio-8080-exec-5] [DEBUG] - ==>  Preparing: SELECT id,file_name,object_key,file_hash,status,total_count,error_message,created_at,updated_at,created_by,created_by_name FROM data_file_info_tb ORDER BY updated_at DESC,id DESC LIMIT ?
[2026-09-13 21:12:14.338] [gas-forecast] [] [] [c.g.f.d.m.D.selectList] [http-nio-8080-exec-5] [DEBUG] - ==> Parameters: 10(Long)
[2026-09-13 21:12:14.340] [gas-forecast] [] [] [c.g.f.d.m.D.selectList] [http-nio-8080-exec-5] [DEBUG] - <==      Total: 10
[2026-09-13 21:13:24.656] [gas-forecast] [] [] [c.g.f.d.m.SysUserTbMapper.selectList] [http-nio-8080-exec-6] [DEBUG] - ==>  Preparing: SELECT id,username,real_name,password_hash,password_salt,avatar,email,phone,org_code,status,deleted,created_at,updated_at FROM sys_user_tb WHERE (username = ? AND deleted = ?)
[2026-09-13 21:13:24.657] [gas-forecast] [] [] [c.g.f.d.m.SysUserTbMapper.selectList] [http-nio-8080-exec-6] [DEBUG] - ==> Parameters: admin(String), 0(Integer)
[2026-09-13 21:13:24.662] [gas-forecast] [] [] [c.g.f.d.m.SysUserTbMapper.selectList] [http-nio-8080-exec-6] [DEBUG] - <==      Total: 1
[2026-09-13 21:13:24.662] [gas-forecast] [] [] [c.g.f.d.m.S.selectRoleCodesByUsername] [http-nio-8080-exec-6] [DEBUG] - ==>  Preparing: select r.role_code from sys_user_tb u join sys_user_role_ref ur on ur.user_id = u.id join sys_role_tb r on r.id = ur.role_id where u.username = ? order by r.role_code
[2026-09-13 21:13:24.662] [gas-forecast] [] [] [c.g.f.d.m.S.selectRoleCodesByUsername] [http-nio-8080-exec-6] [DEBUG] - ==> Parameters: admin(String)
[2026-09-13 21:13:24.663] [gas-forecast] [] [] [c.g.f.d.m.S.selectRoleCodesByUsername] [http-nio-8080-exec-6] [DEBUG] - <==      Total: 1
[2026-09-13 21:13:24.663] [gas-forecast] [] [] [c.g.f.d.m.S.selectByUsername] [http-nio-8080-exec-6] [DEBUG] - ==>  Preparing: select distinct p.* from sys_permission_tb p where p.status = 1 and ( exists ( select 1 from sys_user_tb u join sys_user_role_ref ur on ur.user_id = u.id join sys_role_permission_ref rp on rp.role_id = ur.role_id where rp.permission_id = p.id and u.username = ? and u.deleted = 0 ) or exists ( select 1 from sys_user_tb u join sys_user_department_ref ud on ud.user_id = u.id join sys_department_permission_ref dp on dp.department_id = ud.department_id where dp.permission_id = p.id and u.username = ? and u.deleted = 0 ) ) order by p.sort_no, p.id
[2026-09-13 21:13:24.664] [gas-forecast] [] [] [c.g.f.d.m.S.selectByUsername] [http-nio-8080-exec-6] [DEBUG] - ==> Parameters: admin(String), admin(String)
[2026-09-13 21:13:24.666] [gas-forecast] [] [] [c.g.f.d.m.S.selectByUsername] [http-nio-8080-exec-6] [DEBUG] - <==      Total: 50
[2026-09-13 21:13:24.684] [gas-forecast] [] [] [c.g.f.d.m.S.selectByUsername] [http-nio-8080-exec-7] [DEBUG] - ==>  Preparing: select distinct p.* from sys_permission_tb p where p.status = 1 and ( exists ( select 1 from sys_user_tb u join sys_user_role_ref ur on ur.user_id = u.id join sys_role_permission_ref rp on rp.role_id = ur.role_id where rp.permission_id = p.id and u.username = ? and u.deleted = 0 ) or exists ( select 1 from sys_user_tb u join sys_user_department_ref ud on ud.user_id = u.id join sys_department_permission_ref dp on dp.department_id = ud.department_id where dp.permission_id = p.id and u.username = ? and u.deleted = 0 ) ) order by p.sort_no, p.id
[2026-09-13 21:13:24.684] [gas-forecast] [] [] [c.g.f.d.m.S.selectByUsername] [http-nio-8080-exec-7] [DEBUG] - ==> Parameters: admin(String), admin(String)
[2026-09-13 21:13:24.685] [gas-forecast] [] [] [c.g.f.d.m.S.selectByUsername] [http-nio-8080-exec-7] [DEBUG] - <==      Total: 50
[2026-09-13 21:13:24.687] [gas-forecast] [] [] [c.g.f.d.m.D.selectList_mpCount] [http-nio-8080-exec-7] [DEBUG] - ==>  Preparing: SELECT COUNT(*) AS total FROM data_file_info_tb
[2026-09-13 21:13:24.687] [gas-forecast] [] [] [c.g.f.d.m.D.selectList_mpCount] [http-nio-8080-exec-7] [DEBUG] - ==> Parameters: 
[2026-09-13 21:13:24.689] [gas-forecast] [] [] [c.g.f.d.m.D.selectList_mpCount] [http-nio-8080-exec-7] [DEBUG] - <==      Total: 1
[2026-09-13 21:13:24.689] [gas-forecast] [] [] [c.g.f.d.m.D.selectList] [http-nio-8080-exec-7] [DEBUG] - ==>  Preparing: SELECT id,file_name,object_key,file_hash,status,total_count,error_message,created_at,updated_at,created_by,created_by_name FROM data_file_info_tb ORDER BY updated_at DESC,id DESC LIMIT ?
[2026-09-13 21:13:24.689] [gas-forecast] [] [] [c.g.f.d.m.D.selectList] [http-nio-8080-exec-7] [DEBUG] - ==> Parameters: 10(Long)
[2026-09-13 21:13:24.690] [gas-forecast] [] [] [c.g.f.d.m.D.selectList] [http-nio-8080-exec-7] [DEBUG] - <==      Total: 10
[2026-09-13 21:14:05.371] [gas-forecast] [] [] [c.g.f.d.m.SysUserTbMapper.selectList] [http-nio-8080-exec-8] [DEBUG] - ==>  Preparing: SELECT id,username,real_name,password_hash,password_salt,avatar,email,phone,org_code,status,deleted,created_at,updated_at FROM sys_user_tb WHERE (username = ? AND deleted = ?)
[2026-09-13 21:14:05.371] [gas-forecast] [] [] [c.g.f.d.m.SysUserTbMapper.selectList] [http-nio-8080-exec-8] [DEBUG] - ==> Parameters: admin(String), 0(Integer)
[2026-09-13 21:14:05.377] [gas-forecast] [] [] [c.g.f.d.m.SysUserTbMapper.selectList] [http-nio-8080-exec-8] [DEBUG] - <==      Total: 1
[2026-09-13 21:14:05.378] [gas-forecast] [] [] [c.g.f.d.m.S.selectRoleCodesByUsername] [http-nio-8080-exec-8] [DEBUG] - ==>  Preparing: select r.role_code from sys_user_tb u join sys_user_role_ref ur on ur.user_id = u.id join sys_role_tb r on r.id = ur.role_id where u.username = ? order by r.role_code
[2026-09-13 21:14:05.378] [gas-forecast] [] [] [c.g.f.d.m.S.selectRoleCodesByUsername] [http-nio-8080-exec-8] [DEBUG] - ==> Parameters: admin(String)
[2026-09-13 21:14:05.379] [gas-forecast] [] [] [c.g.f.d.m.S.selectRoleCodesByUsername] [http-nio-8080-exec-8] [DEBUG] - <==      Total: 1
[2026-09-13 21:14:05.380] [gas-forecast] [] [] [c.g.f.d.m.S.selectByUsername] [http-nio-8080-exec-8] [DEBUG] - ==>  Preparing: select distinct p.* from sys_permission_tb p where p.status = 1 and ( exists ( select 1 from sys_user_tb u join sys_user_role_ref ur on ur.user_id = u.id join sys_role_permission_ref rp on rp.role_id = ur.role_id where rp.permission_id = p.id and u.username = ? and u.deleted = 0 ) or exists ( select 1 from sys_user_tb u join sys_user_department_ref ud on ud.user_id = u.id join sys_department_permission_ref dp on dp.department_id = ud.department_id where dp.permission_id = p.id and u.username = ? and u.deleted = 0 ) ) order by p.sort_no, p.id
[2026-09-13 21:14:05.380] [gas-forecast] [] [] [c.g.f.d.m.S.selectByUsername] [http-nio-8080-exec-8] [DEBUG] - ==> Parameters: admin(String), admin(String)
[2026-09-13 21:14:05.386] [gas-forecast] [] [] [c.g.f.d.m.S.selectByUsername] [http-nio-8080-exec-8] [DEBUG] - <==      Total: 50
[2026-09-13 21:14:05.403] [gas-forecast] [] [] [c.g.f.d.m.S.selectByUsername] [http-nio-8080-exec-9] [DEBUG] - ==>  Preparing: select distinct p.* from sys_permission_tb p where p.status = 1 and ( exists ( select 1 from sys_user_tb u join sys_user_role_ref ur on ur.user_id = u.id join sys_role_permission_ref rp on rp.role_id = ur.role_id where rp.permission_id = p.id and u.username = ? and u.deleted = 0 ) or exists ( select 1 from sys_user_tb u join sys_user_department_ref ud on ud.user_id = u.id join sys_department_permission_ref dp on dp.department_id = ud.department_id where dp.permission_id = p.id and u.username = ? and u.deleted = 0 ) ) order by p.sort_no, p.id
[2026-09-13 21:14:05.403] [gas-forecast] [] [] [c.g.f.d.m.S.selectByUsername] [http-nio-8080-exec-9] [DEBUG] - ==> Parameters: admin(String), admin(String)
[2026-09-13 21:14:05.405] [gas-forecast] [] [] [c.g.f.d.m.S.selectByUsername] [http-nio-8080-exec-9] [DEBUG] - <==      Total: 50
[2026-09-13 21:14:05.407] [gas-forecast] [] [] [c.g.f.d.m.D.selectList_mpCount] [http-nio-8080-exec-9] [DEBUG] - ==>  Preparing: SELECT COUNT(*) AS total FROM data_file_info_tb
[2026-09-13 21:14:05.407] [gas-forecast] [] [] [c.g.f.d.m.D.selectList_mpCount] [http-nio-8080-exec-9] [DEBUG] - ==> Parameters: 
[2026-09-13 21:14:05.408] [gas-forecast] [] [] [c.g.f.d.m.D.selectList_mpCount] [http-nio-8080-exec-9] [DEBUG] - <==      Total: 1
[2026-09-13 21:14:05.408] [gas-forecast] [] [] [c.g.f.d.m.D.selectList] [http-nio-8080-exec-9] [DEBUG] - ==>  Preparing: SELECT id,file_name,object_key,file_hash,status,total_count,error_message,created_at,updated_at,created_by,created_by_name FROM data_file_info_tb ORDER BY updated_at DESC,id DESC LIMIT ?
[2026-09-13 21:14:05.408] [gas-forecast] [] [] [c.g.f.d.m.D.selectList] [http-nio-8080-exec-9] [DEBUG] - ==> Parameters: 10(Long)
[2026-09-13 21:14:05.409] [gas-forecast] [] [] [c.g.f.d.m.D.selectList] [http-nio-8080-exec-9] [DEBUG] - <==      Total: 10
