[2026-09-15 08:12:11.554] [gas-forecast] [] [] [c.g.f.d.m.SysUserTbMapper.selectList] [http-nio-8080-exec-1] [DEBUG] - ==>  Preparing: SELECT id,username,real_name,password_hash,password_salt,avatar,email,phone,org_code,status,deleted,created_at,updated_at FROM sys_user_tb WHERE (username = ? AND deleted = ?)
[2026-09-15 08:12:11.565] [gas-forecast] [] [] [c.g.f.d.m.SysUserTbMapper.selectList] [http-nio-8080-exec-1] [DEBUG] - ==> Parameters: admin(String), 0(Integer)
[2026-09-15 08:12:11.577] [gas-forecast] [] [] [c.g.f.d.m.SysUserTbMapper.selectList] [http-nio-8080-exec-1] [DEBUG] - <==      Total: 1
[2026-09-15 08:12:11.580] [gas-forecast] [] [] [c.g.f.d.m.S.selectRoleCodesByUsername] [http-nio-8080-exec-1] [DEBUG] - ==>  Preparing: select r.role_code from sys_user_tb u join sys_user_role_ref ur on ur.user_id = u.id join sys_role_tb r on r.id = ur.role_id where u.username = ? order by r.role_code
[2026-09-15 08:12:11.580] [gas-forecast] [] [] [c.g.f.d.m.S.selectRoleCodesByUsername] [http-nio-8080-exec-1] [DEBUG] - ==> Parameters: admin(String)
[2026-09-15 08:12:11.581] [gas-forecast] [] [] [c.g.f.d.m.S.selectRoleCodesByUsername] [http-nio-8080-exec-1] [DEBUG] - <==      Total: 1
[2026-09-15 08:12:11.581] [gas-forecast] [] [] [c.g.f.d.m.S.selectByUsername] [http-nio-8080-exec-1] [DEBUG] - ==>  Preparing: select distinct p.* from sys_permission_tb p where p.status = 1 and ( exists ( select 1 from sys_user_tb u join sys_user_role_ref ur on ur.user_id = u.id join sys_role_permission_ref rp on rp.role_id = ur.role_id where rp.permission_id = p.id and u.username = ? and u.deleted = 0 ) or exists ( select 1 from sys_user_tb u join sys_user_department_ref ud on ud.user_id = u.id join sys_department_permission_ref dp on dp.department_id = ud.department_id where dp.permission_id = p.id and u.username = ? and u.deleted = 0 ) ) order by p.sort_no, p.id
[2026-09-15 08:12:11.582] [gas-forecast] [] [] [c.g.f.d.m.S.selectByUsername] [http-nio-8080-exec-1] [DEBUG] - ==> Parameters: admin(String), admin(String)
[2026-09-15 08:12:11.587] [gas-forecast] [] [] [c.g.f.d.m.S.selectByUsername] [http-nio-8080-exec-1] [DEBUG] - <==      Total: 50
[2026-09-15 08:12:12.710] [gas-forecast] [] [] [c.g.f.d.m.SysUserTbMapper.selectList] [http-nio-8080-exec-2] [DEBUG] - ==>  Preparing: SELECT id,username,real_name,password_hash,password_salt,avatar,email,phone,org_code,status,deleted,created_at,updated_at FROM sys_user_tb WHERE (username = ? AND deleted = ?)
[2026-09-15 08:12:12.710] [gas-forecast] [] [] [c.g.f.d.m.SysUserTbMapper.selectList] [http-nio-8080-exec-2] [DEBUG] - ==> Parameters: admin(String), 0(Integer)
[2026-09-15 08:12:12.711] [gas-forecast] [] [] [c.g.f.d.m.SysUserTbMapper.selectList] [http-nio-8080-exec-2] [DEBUG] - <==      Total: 1
[2026-09-15 08:12:12.711] [gas-forecast] [] [] [c.g.f.d.m.S.selectRoleCodesByUsername] [http-nio-8080-exec-2] [DEBUG] - ==>  Preparing: select r.role_code from sys_user_tb u join sys_user_role_ref ur on ur.user_id = u.id join sys_role_tb r on r.id = ur.role_id where u.username = ? order by r.role_code
[2026-09-15 08:12:12.711] [gas-forecast] [] [] [c.g.f.d.m.S.selectRoleCodesByUsername] [http-nio-8080-exec-2] [DEBUG] - ==> Parameters: admin(String)
[2026-09-15 08:12:12.712] [gas-forecast] [] [] [c.g.f.d.m.S.selectRoleCodesByUsername] [http-nio-8080-exec-2] [DEBUG] - <==      Total: 1
[2026-09-15 08:12:12.712] [gas-forecast] [] [] [c.g.f.d.m.S.selectByUsername] [http-nio-8080-exec-2] [DEBUG] - ==>  Preparing: select distinct p.* from sys_permission_tb p where p.status = 1 and ( exists ( select 1 from sys_user_tb u join sys_user_role_ref ur on ur.user_id = u.id join sys_role_permission_ref rp on rp.role_id = ur.role_id where rp.permission_id = p.id and u.username = ? and u.deleted = 0 ) or exists ( select 1 from sys_user_tb u join sys_user_department_ref ud on ud.user_id = u.id join sys_department_permission_ref dp on dp.department_id = ud.department_id where dp.permission_id = p.id and u.username = ? and u.deleted = 0 ) ) order by p.sort_no, p.id
[2026-09-15 08:12:12.712] [gas-forecast] [] [] [c.g.f.d.m.S.selectByUsername] [http-nio-8080-exec-2] [DEBUG] - ==> Parameters: admin(String), admin(String)
[2026-09-15 08:12:12.717] [gas-forecast] [] [] [c.g.f.d.m.S.selectByUsername] [http-nio-8080-exec-2] [DEBUG] - <==      Total: 50
[2026-09-15 08:13:40.664] [gas-forecast] [] [] [c.g.f.d.m.SysUserTbMapper.selectList] [http-nio-8080-exec-3] [DEBUG] - ==>  Preparing: SELECT id,username,real_name,password_hash,password_salt,avatar,email,phone,org_code,status,deleted,created_at,updated_at FROM sys_user_tb WHERE (username = ? AND deleted = ?)
[2026-09-15 08:13:40.665] [gas-forecast] [] [] [c.g.f.d.m.SysUserTbMapper.selectList] [http-nio-8080-exec-3] [DEBUG] - ==> Parameters: admin(String), 0(Integer)
[2026-09-15 08:13:40.669] [gas-forecast] [] [] [c.g.f.d.m.SysUserTbMapper.selectList] [http-nio-8080-exec-3] [DEBUG] - <==      Total: 1
[2026-09-15 08:13:40.669] [gas-forecast] [] [] [c.g.f.d.m.S.selectRoleCodesByUsername] [http-nio-8080-exec-3] [DEBUG] - ==>  Preparing: select r.role_code from sys_user_tb u join sys_user_role_ref ur on ur.user_id = u.id join sys_role_tb r on r.id = ur.role_id where u.username = ? order by r.role_code
[2026-09-15 08:13:40.669] [gas-forecast] [] [] [c.g.f.d.m.S.selectRoleCodesByUsername] [http-nio-8080-exec-3] [DEBUG] - ==> Parameters: admin(String)
[2026-09-15 08:13:40.670] [gas-forecast] [] [] [c.g.f.d.m.S.selectRoleCodesByUsername] [http-nio-8080-exec-3] [DEBUG] - <==      Total: 1
[2026-09-15 08:13:40.671] [gas-forecast] [] [] [c.g.f.d.m.S.selectByUsername] [http-nio-8080-exec-3] [DEBUG] - ==>  Preparing: select distinct p.* from sys_permission_tb p where p.status = 1 and ( exists ( select 1 from sys_user_tb u join sys_user_role_ref ur on ur.user_id = u.id join sys_role_permission_ref rp on rp.role_id = ur.role_id where rp.permission_id = p.id and u.username = ? and u.deleted = 0 ) or exists ( select 1 from sys_user_tb u join sys_user_department_ref ud on ud.user_id = u.id join sys_department_permission_ref dp on dp.department_id = ud.department_id where dp.permission_id = p.id and u.username = ? and u.deleted = 0 ) ) order by p.sort_no, p.id
[2026-09-15 08:13:40.671] [gas-forecast] [] [] [c.g.f.d.m.S.selectByUsername] [http-nio-8080-exec-3] [DEBUG] - ==> Parameters: admin(String), admin(String)
[2026-09-15 08:13:40.674] [gas-forecast] [] [] [c.g.f.d.m.S.selectByUsername] [http-nio-8080-exec-3] [DEBUG] - <==      Total: 50
[2026-09-15 08:14:06.217] [gas-forecast] [] [] [c.g.f.d.m.SysUserTbMapper.selectList] [http-nio-8080-exec-4] [DEBUG] - ==>  Preparing: SELECT id,username,real_name,password_hash,password_salt,avatar,email,phone,org_code,status,deleted,created_at,updated_at FROM sys_user_tb WHERE (username = ? AND deleted = ?)
[2026-09-15 08:14:06.217] [gas-forecast] [] [] [c.g.f.d.m.SysUserTbMapper.selectList] [http-nio-8080-exec-4] [DEBUG] - ==> Parameters: admin(String), 0(Integer)
[2026-09-15 08:14:06.223] [gas-forecast] [] [] [c.g.f.d.m.SysUserTbMapper.selectList] [http-nio-8080-exec-4] [DEBUG] - <==      Total: 1
[2026-09-15 08:14:06.224] [gas-forecast] [] [] [c.g.f.d.m.S.selectRoleCodesByUsername] [http-nio-8080-exec-4] [DEBUG] - ==>  Preparing: select r.role_code from sys_user_tb u join sys_user_role_ref ur on ur.user_id = u.id join sys_role_tb r on r.id = ur.role_id where u.username = ? order by r.role_code
[2026-09-15 08:14:06.224] [gas-forecast] [] [] [c.g.f.d.m.S.selectRoleCodesByUsername] [http-nio-8080-exec-4] [DEBUG] - ==> Parameters: admin(String)
[2026-09-15 08:14:06.225] [gas-forecast] [] [] [c.g.f.d.m.S.selectRoleCodesByUsername] [http-nio-8080-exec-4] [DEBUG] - <==      Total: 1
[2026-09-15 08:14:06.225] [gas-forecast] [] [] [c.g.f.d.m.S.selectByUsername] [http-nio-8080-exec-4] [DEBUG] - ==>  Preparing: select distinct p.* from sys_permission_tb p where p.status = 1 and ( exists ( select 1 from sys_user_tb u join sys_user_role_ref ur on ur.user_id = u.id join sys_role_permission_ref rp on rp.role_id = ur.role_id where rp.permission_id = p.id and u.username = ? and u.deleted = 0 ) or exists ( select 1 from sys_user_tb u join sys_user_department_ref ud on ud.user_id = u.id join sys_department_permission_ref dp on dp.department_id = ud.department_id where dp.permission_id = p.id and u.username = ? and u.deleted = 0 ) ) order by p.sort_no, p.id
[2026-09-15 08:14:06.225] [gas-forecast] [] [] [c.g.f.d.m.S.selectByUsername] [http-nio-8080-exec-4] [DEBUG] - ==> Parameters: admin(String), admin(String)
[2026-09-15 08:14:06.227] [gas-forecast] [] [] [c.g.f.d.m.S.selectByUsername] [http-nio-8080-exec-4] [DEBUG] - <==      Total: 50
[2026-09-15 08:20:22.101] [gas-forecast] [] [] [c.g.f.d.m.S.selectByUsername] [http-nio-8080-exec-6] [DEBUG] - ==>  Preparing: select distinct p.* from sys_permission_tb p where p.status = 1 and ( exists ( select 1 from sys_user_tb u join sys_user_role_ref ur on ur.user_id = u.id join sys_role_permission_ref rp on rp.role_id = ur.role_id where rp.permission_id = p.id and u.username = ? and u.deleted = 0 ) or exists ( select 1 from sys_user_tb u join sys_user_department_ref ud on ud.user_id = u.id join sys_department_permission_ref dp on dp.department_id = ud.department_id where dp.permission_id = p.id and u.username = ? and u.deleted = 0 ) ) order by p.sort_no, p.id
[2026-09-15 08:20:22.101] [gas-forecast] [] [] [c.g.f.d.m.S.selectByUsername] [http-nio-8080-exec-6] [DEBUG] - ==> Parameters: admin(String), admin(String)
[2026-09-15 08:20:22.110] [gas-forecast] [] [] [c.g.f.d.m.S.selectByUsername] [http-nio-8080-exec-6] [DEBUG] - <==      Total: 50
[2026-09-15 08:20:22.111] [gas-forecast] [] [] [c.g.f.d.m.SysRoleTbMapper.selectList] [http-nio-8080-exec-6] [DEBUG] - ==>  Preparing: SELECT id,role_code,role_name,description,created_at,updated_at FROM sys_role_tb ORDER BY id ASC
[2026-09-15 08:20:22.111] [gas-forecast] [] [] [c.g.f.d.m.SysRoleTbMapper.selectList] [http-nio-8080-exec-6] [DEBUG] - ==> Parameters: 
[2026-09-15 08:20:22.112] [gas-forecast] [] [] [c.g.f.d.m.SysRoleTbMapper.selectList] [http-nio-8080-exec-6] [DEBUG] - <==      Total: 1
[2026-09-15 08:20:22.112] [gas-forecast] [] [] [c.g.f.d.m.S.selectList] [http-nio-8080-exec-6] [DEBUG] - ==>  Preparing: SELECT id,parent_id,department_name,org_code,sort_no,status,created_at,updated_at FROM sys_department_tb ORDER BY sort_no ASC,id ASC
[2026-09-15 08:20:22.112] [gas-forecast] [] [] [c.g.f.d.m.S.selectList] [http-nio-8080-exec-6] [DEBUG] - ==> Parameters: 
[2026-09-15 08:20:22.113] [gas-forecast] [] [] [c.g.f.d.m.S.selectList] [http-nio-8080-exec-6] [DEBUG] - <==      Total: 7
[2026-09-15 08:20:22.114] [gas-forecast] [] [] [c.g.f.d.m.S.selectList] [http-nio-8080-exec-6] [DEBUG] - ==>  Preparing: SELECT id,parent_id,permission_name,path,component,permission_type,perms,icon,sort_no,hidden,status,created_at,updated_at FROM sys_permission_tb ORDER BY sort_no ASC,id ASC
[2026-09-15 08:20:22.114] [gas-forecast] [] [] [c.g.f.d.m.S.selectList] [http-nio-8080-exec-6] [DEBUG] - ==> Parameters: 
[2026-09-15 08:20:22.115] [gas-forecast] [] [] [c.g.f.d.m.S.selectList] [http-nio-8080-exec-6] [DEBUG] - <==      Total: 50
[2026-09-15 08:20:22.123] [gas-forecast] [] [] [c.g.f.d.m.S.selectByUsername] [http-nio-8080-exec-8] [DEBUG] - ==>  Preparing: select distinct p.* from sys_permission_tb p where p.status = 1 and ( exists ( select 1 from sys_user_tb u join sys_user_role_ref ur on ur.user_id = u.id join sys_role_permission_ref rp on rp.role_id = ur.role_id where rp.permission_id = p.id and u.username = ? and u.deleted = 0 ) or exists ( select 1 from sys_user_tb u join sys_user_department_ref ud on ud.user_id = u.id join sys_department_permission_ref dp on dp.department_id = ud.department_id where dp.permission_id = p.id and u.username = ? and u.deleted = 0 ) ) order by p.sort_no, p.id
[2026-09-15 08:20:22.123] [gas-forecast] [] [] [c.g.f.d.m.S.selectByUsername] [http-nio-8080-exec-8] [DEBUG] - ==> Parameters: admin(String), admin(String)
[2026-09-15 08:20:22.125] [gas-forecast] [] [] [c.g.f.d.m.S.selectByUsername] [http-nio-8080-exec-8] [DEBUG] - <==      Total: 50
[2026-09-15 08:20:22.129] [gas-forecast] [] [] [c.g.f.d.m.SysUserTbMapper.selectList] [http-nio-8080-exec-8] [DEBUG] - ==>  Preparing: SELECT id,username,real_name,password_hash,password_salt,avatar,email,phone,org_code,status,deleted,created_at,updated_at FROM sys_user_tb WHERE (deleted = ?) ORDER BY id ASC
[2026-09-15 08:20:22.129] [gas-forecast] [] [] [c.g.f.d.m.SysUserTbMapper.selectList] [http-nio-8080-exec-8] [DEBUG] - ==> Parameters: 0(Integer)
[2026-09-15 08:20:22.130] [gas-forecast] [] [] [c.g.f.d.m.SysUserTbMapper.selectList] [http-nio-8080-exec-8] [DEBUG] - <==      Total: 1
[2026-09-15 08:20:22.130] [gas-forecast] [] [] [c.g.f.d.m.SysRoleTbMapper.selectList] [http-nio-8080-exec-8] [DEBUG] - ==>  Preparing: SELECT id,role_code,role_name,description,created_at,updated_at FROM sys_role_tb ORDER BY id ASC
[2026-09-15 08:20:22.130] [gas-forecast] [] [] [c.g.f.d.m.SysRoleTbMapper.selectList] [http-nio-8080-exec-8] [DEBUG] - ==> Parameters: 
[2026-09-15 08:20:22.131] [gas-forecast] [] [] [c.g.f.d.m.SysRoleTbMapper.selectList] [http-nio-8080-exec-8] [DEBUG] - <==      Total: 1
[2026-09-15 08:20:22.131] [gas-forecast] [] [] [c.g.f.d.m.S.selectList] [http-nio-8080-exec-8] [DEBUG] - ==>  Preparing: SELECT id,parent_id,department_name,org_code,sort_no,status,created_at,updated_at FROM sys_department_tb ORDER BY id ASC
[2026-09-15 08:20:22.131] [gas-forecast] [] [] [c.g.f.d.m.S.selectList] [http-nio-8080-exec-8] [DEBUG] - ==> Parameters: 
[2026-09-15 08:20:22.132] [gas-forecast] [] [] [c.g.f.d.m.S.selectList] [http-nio-8080-exec-8] [DEBUG] - <==      Total: 7
[2026-09-15 08:20:22.132] [gas-forecast] [] [] [c.g.f.d.m.S.selectList] [http-nio-8080-exec-8] [DEBUG] - ==>  Preparing: SELECT id,user_id,role_id FROM sys_user_role_ref
[2026-09-15 08:20:22.132] [gas-forecast] [] [] [c.g.f.d.m.S.selectList] [http-nio-8080-exec-8] [DEBUG] - ==> Parameters: 
[2026-09-15 08:20:22.133] [gas-forecast] [] [] [c.g.f.d.m.S.selectList] [http-nio-8080-exec-8] [DEBUG] - <==      Total: 1
[2026-09-15 08:20:22.133] [gas-forecast] [] [] [c.g.f.d.m.S.selectList] [http-nio-8080-exec-8] [DEBUG] - ==>  Preparing: SELECT id,user_id,department_id FROM sys_user_department_ref
[2026-09-15 08:20:22.133] [gas-forecast] [] [] [c.g.f.d.m.S.selectList] [http-nio-8080-exec-8] [DEBUG] - ==> Parameters: 
[2026-09-15 08:20:22.133] [gas-forecast] [] [] [c.g.f.d.m.S.selectList] [http-nio-8080-exec-8] [DEBUG] - <==      Total: 1
[2026-09-15 08:23:26.519] [gas-forecast] [] [] [c.g.f.d.m.SysUserTbMapper.selectList] [http-nio-8080-exec-1] [DEBUG] - ==>  Preparing: SELECT id,username,real_name,password_hash,password_salt,avatar,email,phone,org_code,status,deleted,created_at,updated_at FROM sys_user_tb WHERE (username = ? AND deleted = ?)
[2026-09-15 08:23:26.530] [gas-forecast] [] [] [c.g.f.d.m.SysUserTbMapper.selectList] [http-nio-8080-exec-1] [DEBUG] - ==> Parameters: admin(String), 0(Integer)
[2026-09-15 08:23:26.543] [gas-forecast] [] [] [c.g.f.d.m.SysUserTbMapper.selectList] [http-nio-8080-exec-1] [DEBUG] - <==      Total: 1
[2026-09-15 08:23:26.545] [gas-forecast] [] [] [c.g.f.d.m.S.selectRoleCodesByUsername] [http-nio-8080-exec-1] [DEBUG] - ==>  Preparing: select r.role_code from sys_user_tb u join sys_user_role_ref ur on ur.user_id = u.id join sys_role_tb r on r.id = ur.role_id where u.username = ? order by r.role_code
[2026-09-15 08:23:26.545] [gas-forecast] [] [] [c.g.f.d.m.S.selectRoleCodesByUsername] [http-nio-8080-exec-1] [DEBUG] - ==> Parameters: admin(String)
[2026-09-15 08:23:26.547] [gas-forecast] [] [] [c.g.f.d.m.S.selectRoleCodesByUsername] [http-nio-8080-exec-1] [DEBUG] - <==      Total: 1
[2026-09-15 08:23:26.547] [gas-forecast] [] [] [c.g.f.d.m.S.selectByUsername] [http-nio-8080-exec-1] [DEBUG] - ==>  Preparing: select distinct p.* from sys_permission_tb p where p.status = 1 and ( exists ( select 1 from sys_user_tb u join sys_user_role_ref ur on ur.user_id = u.id join sys_role_permission_ref rp on rp.role_id = ur.role_id where rp.permission_id = p.id and u.username = ? and u.deleted = 0 ) or exists ( select 1 from sys_user_tb u join sys_user_department_ref ud on ud.user_id = u.id join sys_department_permission_ref dp on dp.department_id = ud.department_id where dp.permission_id = p.id and u.username = ? and u.deleted = 0 ) ) order by p.sort_no, p.id
[2026-09-15 08:23:26.547] [gas-forecast] [] [] [c.g.f.d.m.S.selectByUsername] [http-nio-8080-exec-1] [DEBUG] - ==> Parameters: admin(String), admin(String)
[2026-09-15 08:23:26.553] [gas-forecast] [] [] [c.g.f.d.m.S.selectByUsername] [http-nio-8080-exec-1] [DEBUG] - <==      Total: 50
[2026-09-15 08:24:11.137] [gas-forecast] [] [] [c.g.f.d.m.S.selectByUsername] [http-nio-8080-exec-2] [DEBUG] - ==>  Preparing: select distinct p.* from sys_permission_tb p where p.status = 1 and ( exists ( select 1 from sys_user_tb u join sys_user_role_ref ur on ur.user_id = u.id join sys_role_permission_ref rp on rp.role_id = ur.role_id where rp.permission_id = p.id and u.username = ? and u.deleted = 0 ) or exists ( select 1 from sys_user_tb u join sys_user_department_ref ud on ud.user_id = u.id join sys_department_permission_ref dp on dp.department_id = ud.department_id where dp.permission_id = p.id and u.username = ? and u.deleted = 0 ) ) order by p.sort_no, p.id
[2026-09-15 08:24:11.137] [gas-forecast] [] [] [c.g.f.d.m.S.selectByUsername] [http-nio-8080-exec-2] [DEBUG] - ==> Parameters: admin(String), admin(String)
[2026-09-15 08:24:11.142] [gas-forecast] [] [] [c.g.f.d.m.S.selectByUsername] [http-nio-8080-exec-2] [DEBUG] - <==      Total: 50
[2026-09-15 08:24:11.144] [gas-forecast] [] [] [c.g.f.d.m.SysRoleTbMapper.selectList] [http-nio-8080-exec-2] [DEBUG] - ==>  Preparing: SELECT id,role_code,role_name,description,created_at,updated_at FROM sys_role_tb ORDER BY id ASC
[2026-09-15 08:24:11.144] [gas-forecast] [] [] [c.g.f.d.m.SysRoleTbMapper.selectList] [http-nio-8080-exec-2] [DEBUG] - ==> Parameters: 
[2026-09-15 08:24:11.144] [gas-forecast] [] [] [c.g.f.d.m.SysRoleTbMapper.selectList] [http-nio-8080-exec-2] [DEBUG] - <==      Total: 1
[2026-09-15 08:24:11.145] [gas-forecast] [] [] [c.g.f.d.m.S.selectList] [http-nio-8080-exec-2] [DEBUG] - ==>  Preparing: SELECT id,parent_id,department_name,org_code,sort_no,status,created_at,updated_at FROM sys_department_tb ORDER BY sort_no ASC,id ASC
[2026-09-15 08:24:11.145] [gas-forecast] [] [] [c.g.f.d.m.S.selectList] [http-nio-8080-exec-2] [DEBUG] - ==> Parameters: 
[2026-09-15 08:24:11.146] [gas-forecast] [] [] [c.g.f.d.m.S.selectList] [http-nio-8080-exec-2] [DEBUG] - <==      Total: 7
[2026-09-15 08:24:11.147] [gas-forecast] [] [] [c.g.f.d.m.S.selectList] [http-nio-8080-exec-2] [DEBUG] - ==>  Preparing: SELECT id,parent_id,permission_name,path,component,permission_type,perms,icon,sort_no,hidden,status,created_at,updated_at FROM sys_permission_tb ORDER BY sort_no ASC,id ASC
[2026-09-15 08:24:11.147] [gas-forecast] [] [] [c.g.f.d.m.S.selectList] [http-nio-8080-exec-2] [DEBUG] - ==> Parameters: 
[2026-09-15 08:24:11.150] [gas-forecast] [] [] [c.g.f.d.m.S.selectList] [http-nio-8080-exec-2] [DEBUG] - <==      Total: 50
[2026-09-15 08:24:11.158] [gas-forecast] [] [] [c.g.f.d.m.S.selectByUsername] [http-nio-8080-exec-3] [DEBUG] - ==>  Preparing: select distinct p.* from sys_permission_tb p where p.status = 1 and ( exists ( select 1 from sys_user_tb u join sys_user_role_ref ur on ur.user_id = u.id join sys_role_permission_ref rp on rp.role_id = ur.role_id where rp.permission_id = p.id and u.username = ? and u.deleted = 0 ) or exists ( select 1 from sys_user_tb u join sys_user_department_ref ud on ud.user_id = u.id join sys_department_permission_ref dp on dp.department_id = ud.department_id where dp.permission_id = p.id and u.username = ? and u.deleted = 0 ) ) order by p.sort_no, p.id
[2026-09-15 08:24:11.158] [gas-forecast] [] [] [c.g.f.d.m.S.selectByUsername] [http-nio-8080-exec-3] [DEBUG] - ==> Parameters: admin(String), admin(String)
[2026-09-15 08:24:11.161] [gas-forecast] [] [] [c.g.f.d.m.S.selectByUsername] [http-nio-8080-exec-3] [DEBUG] - <==      Total: 50
[2026-09-15 08:24:11.168] [gas-forecast] [] [] [c.g.f.d.m.SysUserTbMapper.selectList] [http-nio-8080-exec-3] [DEBUG] - ==>  Preparing: SELECT id,username,real_name,password_hash,password_salt,avatar,email,phone,org_code,status,deleted,created_at,updated_at FROM sys_user_tb WHERE (deleted = ?) ORDER BY id ASC
[2026-09-15 08:24:11.168] [gas-forecast] [] [] [c.g.f.d.m.SysUserTbMapper.selectList] [http-nio-8080-exec-3] [DEBUG] - ==> Parameters: 0(Integer)
[2026-09-15 08:24:11.169] [gas-forecast] [] [] [c.g.f.d.m.SysUserTbMapper.selectList] [http-nio-8080-exec-3] [DEBUG] - <==      Total: 1
[2026-09-15 08:24:11.169] [gas-forecast] [] [] [c.g.f.d.m.SysRoleTbMapper.selectList] [http-nio-8080-exec-3] [DEBUG] - ==>  Preparing: SELECT id,role_code,role_name,description,created_at,updated_at FROM sys_role_tb ORDER BY id ASC
[2026-09-15 08:24:11.169] [gas-forecast] [] [] [c.g.f.d.m.SysRoleTbMapper.selectList] [http-nio-8080-exec-3] [DEBUG] - ==> Parameters: 
[2026-09-15 08:24:11.170] [gas-forecast] [] [] [c.g.f.d.m.SysRoleTbMapper.selectList] [http-nio-8080-exec-3] [DEBUG] - <==      Total: 1
[2026-09-15 08:24:11.170] [gas-forecast] [] [] [c.g.f.d.m.S.selectList] [http-nio-8080-exec-3] [DEBUG] - ==>  Preparing: SELECT id,parent_id,department_name,org_code,sort_no,status,created_at,updated_at FROM sys_department_tb ORDER BY id ASC
[2026-09-15 08:24:11.170] [gas-forecast] [] [] [c.g.f.d.m.S.selectList] [http-nio-8080-exec-3] [DEBUG] - ==> Parameters: 
[2026-09-15 08:24:11.171] [gas-forecast] [] [] [c.g.f.d.m.S.selectList] [http-nio-8080-exec-3] [DEBUG] - <==      Total: 7
[2026-09-15 08:24:11.172] [gas-forecast] [] [] [c.g.f.d.m.S.selectList] [http-nio-8080-exec-3] [DEBUG] - ==>  Preparing: SELECT id,user_id,role_id FROM sys_user_role_ref
[2026-09-15 08:24:11.172] [gas-forecast] [] [] [c.g.f.d.m.S.selectList] [http-nio-8080-exec-3] [DEBUG] - ==> Parameters: 
[2026-09-15 08:24:11.172] [gas-forecast] [] [] [c.g.f.d.m.S.selectList] [http-nio-8080-exec-3] [DEBUG] - <==      Total: 1
[2026-09-15 08:24:11.172] [gas-forecast] [] [] [c.g.f.d.m.S.selectList] [http-nio-8080-exec-3] [DEBUG] - ==>  Preparing: SELECT id,user_id,department_id FROM sys_user_department_ref
[2026-09-15 08:24:11.172] [gas-forecast] [] [] [c.g.f.d.m.S.selectList] [http-nio-8080-exec-3] [DEBUG] - ==> Parameters: 
[2026-09-15 08:24:11.173] [gas-forecast] [] [] [c.g.f.d.m.S.selectList] [http-nio-8080-exec-3] [DEBUG] - <==      Total: 1
[2026-09-15 08:24:49.265] [gas-forecast] [] [] [c.g.f.d.m.S.selectByUsername] [http-nio-8080-exec-2] [DEBUG] - ==>  Preparing: select distinct p.* from sys_permission_tb p where p.status = 1 and ( exists ( select 1 from sys_user_tb u join sys_user_role_ref ur on ur.user_id = u.id join sys_role_permission_ref rp on rp.role_id = ur.role_id where rp.permission_id = p.id and u.username = ? and u.deleted = 0 ) or exists ( select 1 from sys_user_tb u join sys_user_department_ref ud on ud.user_id = u.id join sys_department_permission_ref dp on dp.department_id = ud.department_id where dp.permission_id = p.id and u.username = ? and u.deleted = 0 ) ) order by p.sort_no, p.id
[2026-09-15 08:24:49.265] [gas-forecast] [] [] [c.g.f.d.m.S.selectByUsername] [http-nio-8080-exec-2] [DEBUG] - ==> Parameters: admin(String), admin(String)
[2026-09-15 08:24:49.273] [gas-forecast] [] [] [c.g.f.d.m.S.selectByUsername] [http-nio-8080-exec-2] [DEBUG] - <==      Total: 50
[2026-09-15 08:24:49.329] [gas-forecast] [] [] [c.g.f.d.m.B.selectList_mpCount] [http-nio-8080-exec-2] [DEBUG] - ==>  Preparing: SELECT COUNT(*) AS total FROM base_region_tb
[2026-09-15 08:24:49.329] [gas-forecast] [] [] [c.g.f.d.m.B.selectList_mpCount] [http-nio-8080-exec-2] [DEBUG] - ==> Parameters: 
[2026-09-15 08:24:49.332] [gas-forecast] [] [] [c.g.f.d.m.B.selectList_mpCount] [http-nio-8080-exec-2] [DEBUG] - <==      Total: 1
[2026-09-15 08:24:49.333] [gas-forecast] [] [] [c.g.f.d.m.B.selectList] [http-nio-8080-exec-2] [DEBUG] - ==>  Preparing: SELECT id,region_code,region_name,region_type,parent_id,sort_no,enabled,remark,created_by,created_at,updated_by,updated_at,update_by_name,created_by_name FROM base_region_tb ORDER BY sort_no ASC,updated_at DESC,id DESC LIMIT ?
[2026-09-15 08:24:49.333] [gas-forecast] [] [] [c.g.f.d.m.B.selectList] [http-nio-8080-exec-2] [DEBUG] - ==> Parameters: 10(Long)
[2026-09-15 08:24:49.336] [gas-forecast] [] [] [c.g.f.d.m.B.selectList] [http-nio-8080-exec-2] [DEBUG] - <==      Total: 10
[2026-09-15 08:24:49.918] [gas-forecast] [] [] [c.g.f.d.m.S.selectByUsername] [http-nio-8080-exec-3] [DEBUG] - ==>  Preparing: select distinct p.* from sys_permission_tb p where p.status = 1 and ( exists ( select 1 from sys_user_tb u join sys_user_role_ref ur on ur.user_id = u.id join sys_role_permission_ref rp on rp.role_id = ur.role_id where rp.permission_id = p.id and u.username = ? and u.deleted = 0 ) or exists ( select 1 from sys_user_tb u join sys_user_department_ref ud on ud.user_id = u.id join sys_department_permission_ref dp on dp.department_id = ud.department_id where dp.permission_id = p.id and u.username = ? and u.deleted = 0 ) ) order by p.sort_no, p.id
[2026-09-15 08:24:49.919] [gas-forecast] [] [] [c.g.f.d.m.S.selectByUsername] [http-nio-8080-exec-3] [DEBUG] - ==> Parameters: admin(String), admin(String)
[2026-09-15 08:24:49.921] [gas-forecast] [] [] [c.g.f.d.m.S.selectByUsername] [http-nio-8080-exec-3] [DEBUG] - <==      Total: 50
[2026-09-15 08:24:49.928] [gas-forecast] [] [] [c.g.f.d.m.B.selectList_mpCount] [http-nio-8080-exec-3] [DEBUG] - ==>  Preparing: SELECT COUNT(*) AS total FROM base_customer_tb
[2026-09-15 08:24:49.929] [gas-forecast] [] [] [c.g.f.d.m.B.selectList_mpCount] [http-nio-8080-exec-3] [DEBUG] - ==> Parameters: 
[2026-09-15 08:24:49.930] [gas-forecast] [] [] [c.g.f.d.m.B.selectList_mpCount] [http-nio-8080-exec-3] [DEBUG] - <==      Total: 1
[2026-09-15 08:24:49.930] [gas-forecast] [] [] [c.g.f.d.m.B.selectList] [http-nio-8080-exec-3] [DEBUG] - ==>  Preparing: SELECT id,customer_code,customer_name,industry_code,industry_name,region_code,region_name,created_at,updated_at,created_by,created_by_name,updated_by,update_by_name,raw_region_name,raw_industry_name FROM base_customer_tb ORDER BY updated_at DESC,id DESC LIMIT ?
[2026-09-15 08:24:49.930] [gas-forecast] [] [] [c.g.f.d.m.B.selectList] [http-nio-8080-exec-3] [DEBUG] - ==> Parameters: 10(Long)
[2026-09-15 08:24:49.931] [gas-forecast] [] [] [c.g.f.d.m.B.selectList] [http-nio-8080-exec-3] [DEBUG] - <==      Total: 10
[2026-09-15 08:24:50.599] [gas-forecast] [] [] [c.g.f.d.m.S.selectByUsername] [http-nio-8080-exec-5] [DEBUG] - ==>  Preparing: select distinct p.* from sys_permission_tb p where p.status = 1 and ( exists ( select 1 from sys_user_tb u join sys_user_role_ref ur on ur.user_id = u.id join sys_role_permission_ref rp on rp.role_id = ur.role_id where rp.permission_id = p.id and u.username = ? and u.deleted = 0 ) or exists ( select 1 from sys_user_tb u join sys_user_department_ref ud on ud.user_id = u.id join sys_department_permission_ref dp on dp.department_id = ud.department_id where dp.permission_id = p.id and u.username = ? and u.deleted = 0 ) ) order by p.sort_no, p.id
[2026-09-15 08:24:50.600] [gas-forecast] [] [] [c.g.f.d.m.S.selectByUsername] [http-nio-8080-exec-5] [DEBUG] - ==> Parameters: admin(String), admin(String)
[2026-09-15 08:24:50.602] [gas-forecast] [] [] [c.g.f.d.m.S.selectByUsername] [http-nio-8080-exec-5] [DEBUG] - <==      Total: 50
[2026-09-15 08:24:50.607] [gas-forecast] [] [] [c.g.f.d.m.B.selectList_mpCount] [http-nio-8080-exec-5] [DEBUG] - ==>  Preparing: SELECT COUNT(*) AS total FROM base_industry_tb
[2026-09-15 08:24:50.607] [gas-forecast] [] [] [c.g.f.d.m.B.selectList_mpCount] [http-nio-8080-exec-5] [DEBUG] - ==> Parameters: 
[2026-09-15 08:24:50.608] [gas-forecast] [] [] [c.g.f.d.m.B.selectList_mpCount] [http-nio-8080-exec-5] [DEBUG] - <==      Total: 1
[2026-09-15 08:24:50.609] [gas-forecast] [] [] [c.g.f.d.m.B.selectList] [http-nio-8080-exec-5] [DEBUG] - ==>  Preparing: SELECT id,industry_code,industry_name,parent_id,industry_level,sort_no,created_at,updated_at,created_by,created_by_name,updated_by,updated_by_name FROM base_industry_tb ORDER BY sort_no ASC,updated_at DESC,id DESC LIMIT ?
[2026-09-15 08:24:50.609] [gas-forecast] [] [] [c.g.f.d.m.B.selectList] [http-nio-8080-exec-5] [DEBUG] - ==> Parameters: 10(Long)
[2026-09-15 08:24:50.609] [gas-forecast] [] [] [c.g.f.d.m.B.selectList] [http-nio-8080-exec-5] [DEBUG] - <==      Total: 3
[2026-09-15 08:24:51.191] [gas-forecast] [] [] [c.g.f.d.m.S.selectByUsername] [http-nio-8080-exec-4] [DEBUG] - ==>  Preparing: select distinct p.* from sys_permission_tb p where p.status = 1 and ( exists ( select 1 from sys_user_tb u join sys_user_role_ref ur on ur.user_id = u.id join sys_role_permission_ref rp on rp.role_id = ur.role_id where rp.permission_id = p.id and u.username = ? and u.deleted = 0 ) or exists ( select 1 from sys_user_tb u join sys_user_department_ref ud on ud.user_id = u.id join sys_department_permission_ref dp on dp.department_id = ud.department_id where dp.permission_id = p.id and u.username = ? and u.deleted = 0 ) ) order by p.sort_no, p.id
[2026-09-15 08:24:51.191] [gas-forecast] [] [] [c.g.f.d.m.S.selectByUsername] [http-nio-8080-exec-4] [DEBUG] - ==> Parameters: admin(String), admin(String)
[2026-09-15 08:24:51.193] [gas-forecast] [] [] [c.g.f.d.m.S.selectByUsername] [http-nio-8080-exec-4] [DEBUG] - <==      Total: 50
[2026-09-15 08:24:51.209] [gas-forecast] [] [] [c.g.f.d.m.D.selectList_mpCount] [http-nio-8080-exec-4] [DEBUG] - ==>  Preparing: SELECT COUNT(*) AS total FROM data_daily_sales_tb
[2026-09-15 08:24:51.209] [gas-forecast] [] [] [c.g.f.d.m.D.selectList_mpCount] [http-nio-8080-exec-4] [DEBUG] - ==> Parameters: 
[2026-09-15 08:24:51.216] [gas-forecast] [] [] [c.g.f.d.m.D.selectList_mpCount] [http-nio-8080-exec-4] [DEBUG] - <==      Total: 1
[2026-09-15 08:24:51.216] [gas-forecast] [] [] [c.g.f.d.m.D.selectList] [http-nio-8080-exec-4] [DEBUG] - ==>  Preparing: SELECT id,stat_date,region_name,industry_name,customer_name,customer_code,gas_sales,unit,file_id,created_at,region_code,industry_code FROM data_daily_sales_tb ORDER BY stat_date DESC,id DESC LIMIT ?
[2026-09-15 08:24:51.216] [gas-forecast] [] [] [c.g.f.d.m.D.selectList] [http-nio-8080-exec-4] [DEBUG] - ==> Parameters: 10(Long)
[2026-09-15 08:24:51.243] [gas-forecast] [] [] [c.g.f.d.m.D.selectList] [http-nio-8080-exec-4] [DEBUG] - <==      Total: 10
[2026-09-15 08:24:51.514] [gas-forecast] [] [] [c.g.f.d.m.S.selectByUsername] [http-nio-8080-exec-7] [DEBUG] - ==>  Preparing: select distinct p.* from sys_permission_tb p where p.status = 1 and ( exists ( select 1 from sys_user_tb u join sys_user_role_ref ur on ur.user_id = u.id join sys_role_permission_ref rp on rp.role_id = ur.role_id where rp.permission_id = p.id and u.username = ? and u.deleted = 0 ) or exists ( select 1 from sys_user_tb u join sys_user_department_ref ud on ud.user_id = u.id join sys_department_permission_ref dp on dp.department_id = ud.department_id where dp.permission_id = p.id and u.username = ? and u.deleted = 0 ) ) order by p.sort_no, p.id
[2026-09-15 08:24:51.514] [gas-forecast] [] [] [c.g.f.d.m.S.selectByUsername] [http-nio-8080-exec-7] [DEBUG] - ==> Parameters: admin(String), admin(String)
[2026-09-15 08:24:51.516] [gas-forecast] [] [] [c.g.f.d.m.S.selectByUsername] [http-nio-8080-exec-7] [DEBUG] - <==      Total: 50
[2026-09-15 08:24:51.518] [gas-forecast] [] [] [c.g.f.d.m.D.selectList_mpCount] [http-nio-8080-exec-7] [DEBUG] - ==>  Preparing: SELECT COUNT(*) AS total FROM data_daily_sales_tb
[2026-09-15 08:24:51.518] [gas-forecast] [] [] [c.g.f.d.m.D.selectList_mpCount] [http-nio-8080-exec-7] [DEBUG] - ==> Parameters: 
[2026-09-15 08:24:51.521] [gas-forecast] [] [] [c.g.f.d.m.D.selectList_mpCount] [http-nio-8080-exec-7] [DEBUG] - <==      Total: 1
[2026-09-15 08:24:51.522] [gas-forecast] [] [] [c.g.f.d.m.D.selectList] [http-nio-8080-exec-7] [DEBUG] - ==>  Preparing: SELECT id,stat_date,region_name,industry_name,customer_name,customer_code,gas_sales,unit,file_id,created_at,region_code,industry_code FROM data_daily_sales_tb ORDER BY stat_date DESC,id DESC LIMIT ?
[2026-09-15 08:24:51.522] [gas-forecast] [] [] [c.g.f.d.m.D.selectList] [http-nio-8080-exec-7] [DEBUG] - ==> Parameters: 10(Long)
[2026-09-15 08:24:51.555] [gas-forecast] [] [] [c.g.f.d.m.D.selectList] [http-nio-8080-exec-7] [DEBUG] - <==      Total: 10
[2026-09-15 08:24:54.017] [gas-forecast] [] [] [c.g.f.d.m.S.selectByUsername] [http-nio-8080-exec-6] [DEBUG] - ==>  Preparing: select distinct p.* from sys_permission_tb p where p.status = 1 and ( exists ( select 1 from sys_user_tb u join sys_user_role_ref ur on ur.user_id = u.id join sys_role_permission_ref rp on rp.role_id = ur.role_id where rp.permission_id = p.id and u.username = ? and u.deleted = 0 ) or exists ( select 1 from sys_user_tb u join sys_user_department_ref ud on ud.user_id = u.id join sys_department_permission_ref dp on dp.department_id = ud.department_id where dp.permission_id = p.id and u.username = ? and u.deleted = 0 ) ) order by p.sort_no, p.id
[2026-09-15 08:24:54.017] [gas-forecast] [] [] [c.g.f.d.m.S.selectByUsername] [http-nio-8080-exec-6] [DEBUG] - ==> Parameters: admin(String), admin(String)
[2026-09-15 08:24:54.019] [gas-forecast] [] [] [c.g.f.d.m.S.selectByUsername] [http-nio-8080-exec-6] [DEBUG] - <==      Total: 50
[2026-09-15 08:24:54.024] [gas-forecast] [] [] [c.g.f.d.m.D.selectList_mpCount] [http-nio-8080-exec-6] [DEBUG] - ==>  Preparing: SELECT COUNT(*) AS total FROM data_file_info_tb
[2026-09-15 08:24:54.024] [gas-forecast] [] [] [c.g.f.d.m.D.selectList_mpCount] [http-nio-8080-exec-6] [DEBUG] - ==> Parameters: 
[2026-09-15 08:24:54.025] [gas-forecast] [] [] [c.g.f.d.m.D.selectList_mpCount] [http-nio-8080-exec-6] [DEBUG] - <==      Total: 1
[2026-09-15 08:24:54.026] [gas-forecast] [] [] [c.g.f.d.m.D.selectList] [http-nio-8080-exec-6] [DEBUG] - ==>  Preparing: SELECT id,file_name,object_key,file_hash,status,total_count,error_message,created_at,updated_at,created_by,created_by_name FROM data_file_info_tb ORDER BY updated_at DESC,id DESC LIMIT ?
[2026-09-15 08:24:54.026] [gas-forecast] [] [] [c.g.f.d.m.D.selectList] [http-nio-8080-exec-6] [DEBUG] - ==> Parameters: 10(Long)
[2026-09-15 08:24:54.029] [gas-forecast] [] [] [c.g.f.d.m.D.selectList] [http-nio-8080-exec-6] [DEBUG] - <==      Total: 10
[2026-09-15 08:25:12.852] [gas-forecast] [] [] [c.g.f.d.m.S.selectByUsername] [http-nio-8080-exec-9] [DEBUG] - ==>  Preparing: select distinct p.* from sys_permission_tb p where p.status = 1 and ( exists ( select 1 from sys_user_tb u join sys_user_role_ref ur on ur.user_id = u.id join sys_role_permission_ref rp on rp.role_id = ur.role_id where rp.permission_id = p.id and u.username = ? and u.deleted = 0 ) or exists ( select 1 from sys_user_tb u join sys_user_department_ref ud on ud.user_id = u.id join sys_department_permission_ref dp on dp.department_id = ud.department_id where dp.permission_id = p.id and u.username = ? and u.deleted = 0 ) ) order by p.sort_no, p.id
[2026-09-15 08:25:12.852] [gas-forecast] [] [] [c.g.f.d.m.S.selectByUsername] [http-nio-8080-exec-9] [DEBUG] - ==> Parameters: admin(String), admin(String)
[2026-09-15 08:25:12.856] [gas-forecast] [] [] [c.g.f.d.m.S.selectByUsername] [http-nio-8080-exec-9] [DEBUG] - <==      Total: 50
[2026-09-15 08:25:12.859] [gas-forecast] [] [] [c.g.f.d.m.B.selectList_mpCount] [http-nio-8080-exec-9] [DEBUG] - ==>  Preparing: SELECT COUNT(*) AS total FROM base_region_tb
[2026-09-15 08:25:12.860] [gas-forecast] [] [] [c.g.f.d.m.B.selectList_mpCount] [http-nio-8080-exec-9] [DEBUG] - ==> Parameters: 
[2026-09-15 08:25:12.861] [gas-forecast] [] [] [c.g.f.d.m.B.selectList_mpCount] [http-nio-8080-exec-9] [DEBUG] - <==      Total: 1
[2026-09-15 08:25:12.861] [gas-forecast] [] [] [c.g.f.d.m.B.selectList] [http-nio-8080-exec-9] [DEBUG] - ==>  Preparing: SELECT id,region_code,region_name,region_type,parent_id,sort_no,enabled,remark,created_by,created_at,updated_by,updated_at,update_by_name,created_by_name FROM base_region_tb ORDER BY sort_no ASC,updated_at DESC,id DESC LIMIT ?
[2026-09-15 08:25:12.861] [gas-forecast] [] [] [c.g.f.d.m.B.selectList] [http-nio-8080-exec-9] [DEBUG] - ==> Parameters: 10(Long)
[2026-09-15 08:25:12.862] [gas-forecast] [] [] [c.g.f.d.m.B.selectList] [http-nio-8080-exec-9] [DEBUG] - <==      Total: 10
[2026-09-15 08:25:22.950] [gas-forecast] [] [] [c.g.f.d.m.S.selectByUsername] [http-nio-8080-exec-8] [DEBUG] - ==>  Preparing: select distinct p.* from sys_permission_tb p where p.status = 1 and ( exists ( select 1 from sys_user_tb u join sys_user_role_ref ur on ur.user_id = u.id join sys_role_permission_ref rp on rp.role_id = ur.role_id where rp.permission_id = p.id and u.username = ? and u.deleted = 0 ) or exists ( select 1 from sys_user_tb u join sys_user_department_ref ud on ud.user_id = u.id join sys_department_permission_ref dp on dp.department_id = ud.department_id where dp.permission_id = p.id and u.username = ? and u.deleted = 0 ) ) order by p.sort_no, p.id
[2026-09-15 08:25:22.951] [gas-forecast] [] [] [c.g.f.d.m.S.selectByUsername] [http-nio-8080-exec-8] [DEBUG] - ==> Parameters: admin(String), admin(String)
[2026-09-15 08:25:22.958] [gas-forecast] [] [] [c.g.f.d.m.S.selectByUsername] [http-nio-8080-exec-8] [DEBUG] - <==      Total: 50
[2026-09-15 08:25:22.960] [gas-forecast] [] [] [c.g.f.d.m.B.selectList_mpCount] [http-nio-8080-exec-8] [DEBUG] - ==>  Preparing: SELECT COUNT(*) AS total FROM base_customer_tb
[2026-09-15 08:25:22.960] [gas-forecast] [] [] [c.g.f.d.m.B.selectList_mpCount] [http-nio-8080-exec-8] [DEBUG] - ==> Parameters: 
[2026-09-15 08:25:22.961] [gas-forecast] [] [] [c.g.f.d.m.B.selectList_mpCount] [http-nio-8080-exec-8] [DEBUG] - <==      Total: 1
[2026-09-15 08:25:22.961] [gas-forecast] [] [] [c.g.f.d.m.B.selectList] [http-nio-8080-exec-8] [DEBUG] - ==>  Preparing: SELECT id,customer_code,customer_name,industry_code,industry_name,region_code,region_name,created_at,updated_at,created_by,created_by_name,updated_by,update_by_name,raw_region_name,raw_industry_name FROM base_customer_tb ORDER BY updated_at DESC,id DESC LIMIT ?
[2026-09-15 08:25:22.961] [gas-forecast] [] [] [c.g.f.d.m.B.selectList] [http-nio-8080-exec-8] [DEBUG] - ==> Parameters: 10(Long)
[2026-09-15 08:25:22.962] [gas-forecast] [] [] [c.g.f.d.m.B.selectList] [http-nio-8080-exec-8] [DEBUG] - <==      Total: 10
[2026-09-15 08:25:24.182] [gas-forecast] [] [] [c.g.f.d.m.S.selectByUsername] [http-nio-8080-exec-10] [DEBUG] - ==>  Preparing: select distinct p.* from sys_permission_tb p where p.status = 1 and ( exists ( select 1 from sys_user_tb u join sys_user_role_ref ur on ur.user_id = u.id join sys_role_permission_ref rp on rp.role_id = ur.role_id where rp.permission_id = p.id and u.username = ? and u.deleted = 0 ) or exists ( select 1 from sys_user_tb u join sys_user_department_ref ud on ud.user_id = u.id join sys_department_permission_ref dp on dp.department_id = ud.department_id where dp.permission_id = p.id and u.username = ? and u.deleted = 0 ) ) order by p.sort_no, p.id
[2026-09-15 08:25:24.183] [gas-forecast] [] [] [c.g.f.d.m.S.selectByUsername] [http-nio-8080-exec-10] [DEBUG] - ==> Parameters: admin(String), admin(String)
[2026-09-15 08:25:24.185] [gas-forecast] [] [] [c.g.f.d.m.S.selectByUsername] [http-nio-8080-exec-10] [DEBUG] - <==      Total: 50
[2026-09-15 08:25:24.187] [gas-forecast] [] [] [c.g.f.d.m.B.selectList_mpCount] [http-nio-8080-exec-10] [DEBUG] - ==>  Preparing: SELECT COUNT(*) AS total FROM base_industry_tb
[2026-09-15 08:25:24.187] [gas-forecast] [] [] [c.g.f.d.m.B.selectList_mpCount] [http-nio-8080-exec-10] [DEBUG] - ==> Parameters: 
[2026-09-15 08:25:24.189] [gas-forecast] [] [] [c.g.f.d.m.B.selectList_mpCount] [http-nio-8080-exec-10] [DEBUG] - <==      Total: 1
[2026-09-15 08:25:24.189] [gas-forecast] [] [] [c.g.f.d.m.B.selectList] [http-nio-8080-exec-10] [DEBUG] - ==>  Preparing: SELECT id,industry_code,industry_name,parent_id,industry_level,sort_no,created_at,updated_at,created_by,created_by_name,updated_by,updated_by_name FROM base_industry_tb ORDER BY sort_no ASC,updated_at DESC,id DESC LIMIT ?
[2026-09-15 08:25:24.189] [gas-forecast] [] [] [c.g.f.d.m.B.selectList] [http-nio-8080-exec-10] [DEBUG] - ==> Parameters: 10(Long)
[2026-09-15 08:25:24.189] [gas-forecast] [] [] [c.g.f.d.m.B.selectList] [http-nio-8080-exec-10] [DEBUG] - <==      Total: 3
[2026-09-15 08:25:28.323] [gas-forecast] [] [] [c.g.f.d.m.S.selectByUsername] [http-nio-8080-exec-1] [DEBUG] - ==>  Preparing: select distinct p.* from sys_permission_tb p where p.status = 1 and ( exists ( select 1 from sys_user_tb u join sys_user_role_ref ur on ur.user_id = u.id join sys_role_permission_ref rp on rp.role_id = ur.role_id where rp.permission_id = p.id and u.username = ? and u.deleted = 0 ) or exists ( select 1 from sys_user_tb u join sys_user_department_ref ud on ud.user_id = u.id join sys_department_permission_ref dp on dp.department_id = ud.department_id where dp.permission_id = p.id and u.username = ? and u.deleted = 0 ) ) order by p.sort_no, p.id
[2026-09-15 08:25:28.324] [gas-forecast] [] [] [c.g.f.d.m.S.selectByUsername] [http-nio-8080-exec-1] [DEBUG] - ==> Parameters: admin(String), admin(String)
[2026-09-15 08:25:28.325] [gas-forecast] [] [] [c.g.f.d.m.S.selectByUsername] [http-nio-8080-exec-1] [DEBUG] - <==      Total: 50
[2026-09-15 08:25:28.327] [gas-forecast] [] [] [c.g.f.d.m.D.selectList_mpCount] [http-nio-8080-exec-1] [DEBUG] - ==>  Preparing: SELECT COUNT(*) AS total FROM data_daily_sales_tb
[2026-09-15 08:25:28.327] [gas-forecast] [] [] [c.g.f.d.m.D.selectList_mpCount] [http-nio-8080-exec-1] [DEBUG] - ==> Parameters: 
[2026-09-15 08:25:28.330] [gas-forecast] [] [] [c.g.f.d.m.D.selectList_mpCount] [http-nio-8080-exec-1] [DEBUG] - <==      Total: 1
[2026-09-15 08:25:28.331] [gas-forecast] [] [] [c.g.f.d.m.D.selectList] [http-nio-8080-exec-1] [DEBUG] - ==>  Preparing: SELECT id,stat_date,region_name,industry_name,customer_name,customer_code,gas_sales,unit,file_id,created_at,region_code,industry_code FROM data_daily_sales_tb ORDER BY stat_date DESC,id DESC LIMIT ?
[2026-09-15 08:25:28.331] [gas-forecast] [] [] [c.g.f.d.m.D.selectList] [http-nio-8080-exec-1] [DEBUG] - ==> Parameters: 10(Long)
[2026-09-15 08:25:28.360] [gas-forecast] [] [] [c.g.f.d.m.D.selectList] [http-nio-8080-exec-1] [DEBUG] - <==      Total: 10
[2026-09-15 08:25:33.316] [gas-forecast] [] [] [c.g.f.d.m.S.selectByUsername] [http-nio-8080-exec-2] [DEBUG] - ==>  Preparing: select distinct p.* from sys_permission_tb p where p.status = 1 and ( exists ( select 1 from sys_user_tb u join sys_user_role_ref ur on ur.user_id = u.id join sys_role_permission_ref rp on rp.role_id = ur.role_id where rp.permission_id = p.id and u.username = ? and u.deleted = 0 ) or exists ( select 1 from sys_user_tb u join sys_user_department_ref ud on ud.user_id = u.id join sys_department_permission_ref dp on dp.department_id = ud.department_id where dp.permission_id = p.id and u.username = ? and u.deleted = 0 ) ) order by p.sort_no, p.id
[2026-09-15 08:25:33.316] [gas-forecast] [] [] [c.g.f.d.m.S.selectByUsername] [http-nio-8080-exec-2] [DEBUG] - ==> Parameters: admin(String), admin(String)
[2026-09-15 08:25:33.318] [gas-forecast] [] [] [c.g.f.d.m.S.selectByUsername] [http-nio-8080-exec-2] [DEBUG] - <==      Total: 50
[2026-09-15 08:25:33.320] [gas-forecast] [] [] [c.g.f.d.m.D.selectList_mpCount] [http-nio-8080-exec-2] [DEBUG] - ==>  Preparing: SELECT COUNT(*) AS total FROM data_daily_sales_tb
[2026-09-15 08:25:33.320] [gas-forecast] [] [] [c.g.f.d.m.D.selectList_mpCount] [http-nio-8080-exec-2] [DEBUG] - ==> Parameters: 
[2026-09-15 08:25:33.325] [gas-forecast] [] [] [c.g.f.d.m.D.selectList_mpCount] [http-nio-8080-exec-2] [DEBUG] - <==      Total: 1
[2026-09-15 08:25:33.325] [gas-forecast] [] [] [c.g.f.d.m.D.selectList] [http-nio-8080-exec-2] [DEBUG] - ==>  Preparing: SELECT id,stat_date,region_name,industry_name,customer_name,customer_code,gas_sales,unit,file_id,created_at,region_code,industry_code FROM data_daily_sales_tb ORDER BY stat_date DESC,id DESC LIMIT ?
[2026-09-15 08:25:33.325] [gas-forecast] [] [] [c.g.f.d.m.D.selectList] [http-nio-8080-exec-2] [DEBUG] - ==> Parameters: 10(Long)
[2026-09-15 08:25:33.358] [gas-forecast] [] [] [c.g.f.d.m.D.selectList] [http-nio-8080-exec-2] [DEBUG] - <==      Total: 10
[2026-09-15 08:31:59.418] [gas-forecast] [] [] [c.g.f.d.m.SysUserTbMapper.selectList] [http-nio-8080-exec-3] [DEBUG] - ==>  Preparing: SELECT id,username,real_name,password_hash,password_salt,avatar,email,phone,org_code,status,deleted,created_at,updated_at FROM sys_user_tb WHERE (username = ? AND deleted = ?)
[2026-09-15 08:31:59.419] [gas-forecast] [] [] [c.g.f.d.m.SysUserTbMapper.selectList] [http-nio-8080-exec-3] [DEBUG] - ==> Parameters: admin(String), 0(Integer)
[2026-09-15 08:31:59.425] [gas-forecast] [] [] [c.g.f.d.m.SysUserTbMapper.selectList] [http-nio-8080-exec-3] [DEBUG] - <==      Total: 1
[2026-09-15 08:31:59.425] [gas-forecast] [] [] [c.g.f.d.m.S.selectRoleCodesByUsername] [http-nio-8080-exec-3] [DEBUG] - ==>  Preparing: select r.role_code from sys_user_tb u join sys_user_role_ref ur on ur.user_id = u.id join sys_role_tb r on r.id = ur.role_id where u.username = ? order by r.role_code
[2026-09-15 08:31:59.425] [gas-forecast] [] [] [c.g.f.d.m.S.selectRoleCodesByUsername] [http-nio-8080-exec-3] [DEBUG] - ==> Parameters: admin(String)
[2026-09-15 08:31:59.426] [gas-forecast] [] [] [c.g.f.d.m.S.selectRoleCodesByUsername] [http-nio-8080-exec-3] [DEBUG] - <==      Total: 1
[2026-09-15 08:31:59.426] [gas-forecast] [] [] [c.g.f.d.m.S.selectByUsername] [http-nio-8080-exec-3] [DEBUG] - ==>  Preparing: select distinct p.* from sys_permission_tb p where p.status = 1 and ( exists ( select 1 from sys_user_tb u join sys_user_role_ref ur on ur.user_id = u.id join sys_role_permission_ref rp on rp.role_id = ur.role_id where rp.permission_id = p.id and u.username = ? and u.deleted = 0 ) or exists ( select 1 from sys_user_tb u join sys_user_department_ref ud on ud.user_id = u.id join sys_department_permission_ref dp on dp.department_id = ud.department_id where dp.permission_id = p.id and u.username = ? and u.deleted = 0 ) ) order by p.sort_no, p.id
[2026-09-15 08:31:59.426] [gas-forecast] [] [] [c.g.f.d.m.S.selectByUsername] [http-nio-8080-exec-3] [DEBUG] - ==> Parameters: admin(String), admin(String)
[2026-09-15 08:31:59.428] [gas-forecast] [] [] [c.g.f.d.m.S.selectByUsername] [http-nio-8080-exec-3] [DEBUG] - <==      Total: 50
[2026-09-15 08:32:01.180] [gas-forecast] [] [] [c.g.f.d.m.S.selectByUsername] [http-nio-8080-exec-5] [DEBUG] - ==>  Preparing: select distinct p.* from sys_permission_tb p where p.status = 1 and ( exists ( select 1 from sys_user_tb u join sys_user_role_ref ur on ur.user_id = u.id join sys_role_permission_ref rp on rp.role_id = ur.role_id where rp.permission_id = p.id and u.username = ? and u.deleted = 0 ) or exists ( select 1 from sys_user_tb u join sys_user_department_ref ud on ud.user_id = u.id join sys_department_permission_ref dp on dp.department_id = ud.department_id where dp.permission_id = p.id and u.username = ? and u.deleted = 0 ) ) order by p.sort_no, p.id
[2026-09-15 08:32:01.181] [gas-forecast] [] [] [c.g.f.d.m.S.selectByUsername] [http-nio-8080-exec-5] [DEBUG] - ==> Parameters: admin(String), admin(String)
[2026-09-15 08:32:01.183] [gas-forecast] [] [] [c.g.f.d.m.S.selectByUsername] [http-nio-8080-exec-5] [DEBUG] - <==      Total: 50
[2026-09-15 08:32:01.190] [gas-forecast] [] [] [c.g.f.d.m.B.selectList_mpCount] [http-nio-8080-exec-5] [DEBUG] - ==>  Preparing: SELECT COUNT(*) AS total FROM base_region_tb
[2026-09-15 08:32:01.190] [gas-forecast] [] [] [c.g.f.d.m.B.selectList_mpCount] [http-nio-8080-exec-5] [DEBUG] - ==> Parameters: 
[2026-09-15 08:32:01.191] [gas-forecast] [] [] [c.g.f.d.m.B.selectList_mpCount] [http-nio-8080-exec-5] [DEBUG] - <==      Total: 1
[2026-09-15 08:32:01.191] [gas-forecast] [] [] [c.g.f.d.m.B.selectList] [http-nio-8080-exec-5] [DEBUG] - ==>  Preparing: SELECT id,region_code,region_name,region_type,parent_id,sort_no,enabled,remark,created_by,created_at,updated_by,updated_at,update_by_name,created_by_name FROM base_region_tb ORDER BY sort_no ASC,updated_at DESC,id DESC LIMIT ?
[2026-09-15 08:32:01.191] [gas-forecast] [] [] [c.g.f.d.m.B.selectList] [http-nio-8080-exec-5] [DEBUG] - ==> Parameters: 10(Long)
[2026-09-15 08:32:01.192] [gas-forecast] [] [] [c.g.f.d.m.B.selectList] [http-nio-8080-exec-5] [DEBUG] - <==      Total: 10
[2026-09-15 08:32:01.671] [gas-forecast] [] [] [c.g.f.d.m.S.selectByUsername] [http-nio-8080-exec-4] [DEBUG] - ==>  Preparing: select distinct p.* from sys_permission_tb p where p.status = 1 and ( exists ( select 1 from sys_user_tb u join sys_user_role_ref ur on ur.user_id = u.id join sys_role_permission_ref rp on rp.role_id = ur.role_id where rp.permission_id = p.id and u.username = ? and u.deleted = 0 ) or exists ( select 1 from sys_user_tb u join sys_user_department_ref ud on ud.user_id = u.id join sys_department_permission_ref dp on dp.department_id = ud.department_id where dp.permission_id = p.id and u.username = ? and u.deleted = 0 ) ) order by p.sort_no, p.id
[2026-09-15 08:32:01.671] [gas-forecast] [] [] [c.g.f.d.m.S.selectByUsername] [http-nio-8080-exec-4] [DEBUG] - ==> Parameters: admin(String), admin(String)
[2026-09-15 08:32:01.673] [gas-forecast] [] [] [c.g.f.d.m.S.selectByUsername] [http-nio-8080-exec-4] [DEBUG] - <==      Total: 50
[2026-09-15 08:32:01.676] [gas-forecast] [] [] [c.g.f.d.m.B.selectList_mpCount] [http-nio-8080-exec-4] [DEBUG] - ==>  Preparing: SELECT COUNT(*) AS total FROM base_customer_tb
[2026-09-15 08:32:01.676] [gas-forecast] [] [] [c.g.f.d.m.B.selectList_mpCount] [http-nio-8080-exec-4] [DEBUG] - ==> Parameters: 
[2026-09-15 08:32:01.677] [gas-forecast] [] [] [c.g.f.d.m.B.selectList_mpCount] [http-nio-8080-exec-4] [DEBUG] - <==      Total: 1
[2026-09-15 08:32:01.677] [gas-forecast] [] [] [c.g.f.d.m.B.selectList] [http-nio-8080-exec-4] [DEBUG] - ==>  Preparing: SELECT id,customer_code,customer_name,industry_code,industry_name,region_code,region_name,created_at,updated_at,created_by,created_by_name,updated_by,update_by_name,raw_region_name,raw_industry_name FROM base_customer_tb ORDER BY updated_at DESC,id DESC LIMIT ?
[2026-09-15 08:32:01.677] [gas-forecast] [] [] [c.g.f.d.m.B.selectList] [http-nio-8080-exec-4] [DEBUG] - ==> Parameters: 10(Long)
[2026-09-15 08:32:01.678] [gas-forecast] [] [] [c.g.f.d.m.B.selectList] [http-nio-8080-exec-4] [DEBUG] - <==      Total: 10
[2026-09-15 08:32:02.132] [gas-forecast] [] [] [c.g.f.d.m.S.selectByUsername] [http-nio-8080-exec-7] [DEBUG] - ==>  Preparing: select distinct p.* from sys_permission_tb p where p.status = 1 and ( exists ( select 1 from sys_user_tb u join sys_user_role_ref ur on ur.user_id = u.id join sys_role_permission_ref rp on rp.role_id = ur.role_id where rp.permission_id = p.id and u.username = ? and u.deleted = 0 ) or exists ( select 1 from sys_user_tb u join sys_user_department_ref ud on ud.user_id = u.id join sys_department_permission_ref dp on dp.department_id = ud.department_id where dp.permission_id = p.id and u.username = ? and u.deleted = 0 ) ) order by p.sort_no, p.id
[2026-09-15 08:32:02.132] [gas-forecast] [] [] [c.g.f.d.m.S.selectByUsername] [http-nio-8080-exec-7] [DEBUG] - ==> Parameters: admin(String), admin(String)
[2026-09-15 08:32:02.134] [gas-forecast] [] [] [c.g.f.d.m.S.selectByUsername] [http-nio-8080-exec-7] [DEBUG] - <==      Total: 50
[2026-09-15 08:32:02.136] [gas-forecast] [] [] [c.g.f.d.m.B.selectList_mpCount] [http-nio-8080-exec-7] [DEBUG] - ==>  Preparing: SELECT COUNT(*) AS total FROM base_industry_tb
[2026-09-15 08:32:02.137] [gas-forecast] [] [] [c.g.f.d.m.B.selectList_mpCount] [http-nio-8080-exec-7] [DEBUG] - ==> Parameters: 
[2026-09-15 08:32:02.138] [gas-forecast] [] [] [c.g.f.d.m.B.selectList_mpCount] [http-nio-8080-exec-7] [DEBUG] - <==      Total: 1
[2026-09-15 08:32:02.138] [gas-forecast] [] [] [c.g.f.d.m.B.selectList] [http-nio-8080-exec-7] [DEBUG] - ==>  Preparing: SELECT id,industry_code,industry_name,parent_id,industry_level,sort_no,created_at,updated_at,created_by,created_by_name,updated_by,updated_by_name FROM base_industry_tb ORDER BY sort_no ASC,updated_at DESC,id DESC LIMIT ?
[2026-09-15 08:32:02.138] [gas-forecast] [] [] [c.g.f.d.m.B.selectList] [http-nio-8080-exec-7] [DEBUG] - ==> Parameters: 10(Long)
[2026-09-15 08:32:02.138] [gas-forecast] [] [] [c.g.f.d.m.B.selectList] [http-nio-8080-exec-7] [DEBUG] - <==      Total: 3
[2026-09-15 08:32:02.696] [gas-forecast] [] [] [c.g.f.d.m.S.selectByUsername] [http-nio-8080-exec-6] [DEBUG] - ==>  Preparing: select distinct p.* from sys_permission_tb p where p.status = 1 and ( exists ( select 1 from sys_user_tb u join sys_user_role_ref ur on ur.user_id = u.id join sys_role_permission_ref rp on rp.role_id = ur.role_id where rp.permission_id = p.id and u.username = ? and u.deleted = 0 ) or exists ( select 1 from sys_user_tb u join sys_user_department_ref ud on ud.user_id = u.id join sys_department_permission_ref dp on dp.department_id = ud.department_id where dp.permission_id = p.id and u.username = ? and u.deleted = 0 ) ) order by p.sort_no, p.id
[2026-09-15 08:32:02.696] [gas-forecast] [] [] [c.g.f.d.m.S.selectByUsername] [http-nio-8080-exec-6] [DEBUG] - ==> Parameters: admin(String), admin(String)
[2026-09-15 08:32:02.697] [gas-forecast] [] [] [c.g.f.d.m.S.selectByUsername] [http-nio-8080-exec-6] [DEBUG] - <==      Total: 50
[2026-09-15 08:32:02.699] [gas-forecast] [] [] [c.g.f.d.m.D.selectList_mpCount] [http-nio-8080-exec-6] [DEBUG] - ==>  Preparing: SELECT COUNT(*) AS total FROM data_daily_sales_tb
[2026-09-15 08:32:02.700] [gas-forecast] [] [] [c.g.f.d.m.D.selectList_mpCount] [http-nio-8080-exec-6] [DEBUG] - ==> Parameters: 
[2026-09-15 08:32:02.704] [gas-forecast] [] [] [c.g.f.d.m.D.selectList_mpCount] [http-nio-8080-exec-6] [DEBUG] - <==      Total: 1
[2026-09-15 08:32:02.704] [gas-forecast] [] [] [c.g.f.d.m.D.selectList] [http-nio-8080-exec-6] [DEBUG] - ==>  Preparing: SELECT id,stat_date,region_name,industry_name,customer_name,customer_code,gas_sales,unit,file_id,created_at,region_code,industry_code FROM data_daily_sales_tb ORDER BY stat_date DESC,id DESC LIMIT ?
[2026-09-15 08:32:02.704] [gas-forecast] [] [] [c.g.f.d.m.D.selectList] [http-nio-8080-exec-6] [DEBUG] - ==> Parameters: 10(Long)
[2026-09-15 08:32:02.735] [gas-forecast] [] [] [c.g.f.d.m.D.selectList] [http-nio-8080-exec-6] [DEBUG] - <==      Total: 10
[2026-09-15 08:32:05.046] [gas-forecast] [] [] [c.g.f.d.m.S.selectByUsername] [http-nio-8080-exec-9] [DEBUG] - ==>  Preparing: select distinct p.* from sys_permission_tb p where p.status = 1 and ( exists ( select 1 from sys_user_tb u join sys_user_role_ref ur on ur.user_id = u.id join sys_role_permission_ref rp on rp.role_id = ur.role_id where rp.permission_id = p.id and u.username = ? and u.deleted = 0 ) or exists ( select 1 from sys_user_tb u join sys_user_department_ref ud on ud.user_id = u.id join sys_department_permission_ref dp on dp.department_id = ud.department_id where dp.permission_id = p.id and u.username = ? and u.deleted = 0 ) ) order by p.sort_no, p.id
[2026-09-15 08:32:05.046] [gas-forecast] [] [] [c.g.f.d.m.S.selectByUsername] [http-nio-8080-exec-9] [DEBUG] - ==> Parameters: admin(String), admin(String)
[2026-09-15 08:32:05.049] [gas-forecast] [] [] [c.g.f.d.m.S.selectByUsername] [http-nio-8080-exec-9] [DEBUG] - <==      Total: 50
[2026-09-15 08:32:05.050] [gas-forecast] [] [] [c.g.f.d.m.SysRoleTbMapper.selectList] [http-nio-8080-exec-9] [DEBUG] - ==>  Preparing: SELECT id,role_code,role_name,description,created_at,updated_at FROM sys_role_tb ORDER BY id ASC
[2026-09-15 08:32:05.050] [gas-forecast] [] [] [c.g.f.d.m.SysRoleTbMapper.selectList] [http-nio-8080-exec-9] [DEBUG] - ==> Parameters: 
[2026-09-15 08:32:05.051] [gas-forecast] [] [] [c.g.f.d.m.SysRoleTbMapper.selectList] [http-nio-8080-exec-9] [DEBUG] - <==      Total: 1
[2026-09-15 08:32:05.052] [gas-forecast] [] [] [c.g.f.d.m.S.selectList] [http-nio-8080-exec-9] [DEBUG] - ==>  Preparing: SELECT id,parent_id,department_name,org_code,sort_no,status,created_at,updated_at FROM sys_department_tb ORDER BY sort_no ASC,id ASC
[2026-09-15 08:32:05.052] [gas-forecast] [] [] [c.g.f.d.m.S.selectList] [http-nio-8080-exec-9] [DEBUG] - ==> Parameters: 
[2026-09-15 08:32:05.052] [gas-forecast] [] [] [c.g.f.d.m.S.selectList] [http-nio-8080-exec-9] [DEBUG] - <==      Total: 7
[2026-09-15 08:32:05.053] [gas-forecast] [] [] [c.g.f.d.m.S.selectList] [http-nio-8080-exec-9] [DEBUG] - ==>  Preparing: SELECT id,parent_id,permission_name,path,component,permission_type,perms,icon,sort_no,hidden,status,created_at,updated_at FROM sys_permission_tb ORDER BY sort_no ASC,id ASC
[2026-09-15 08:32:05.053] [gas-forecast] [] [] [c.g.f.d.m.S.selectList] [http-nio-8080-exec-9] [DEBUG] - ==> Parameters: 
[2026-09-15 08:32:05.054] [gas-forecast] [] [] [c.g.f.d.m.S.selectList] [http-nio-8080-exec-9] [DEBUG] - <==      Total: 50
[2026-09-15 08:32:05.058] [gas-forecast] [] [] [c.g.f.d.m.S.selectByUsername] [http-nio-8080-exec-8] [DEBUG] - ==>  Preparing: select distinct p.* from sys_permission_tb p where p.status = 1 and ( exists ( select 1 from sys_user_tb u join sys_user_role_ref ur on ur.user_id = u.id join sys_role_permission_ref rp on rp.role_id = ur.role_id where rp.permission_id = p.id and u.username = ? and u.deleted = 0 ) or exists ( select 1 from sys_user_tb u join sys_user_department_ref ud on ud.user_id = u.id join sys_department_permission_ref dp on dp.department_id = ud.department_id where dp.permission_id = p.id and u.username = ? and u.deleted = 0 ) ) order by p.sort_no, p.id
[2026-09-15 08:32:05.058] [gas-forecast] [] [] [c.g.f.d.m.S.selectByUsername] [http-nio-8080-exec-8] [DEBUG] - ==> Parameters: admin(String), admin(String)
[2026-09-15 08:32:05.060] [gas-forecast] [] [] [c.g.f.d.m.S.selectByUsername] [http-nio-8080-exec-8] [DEBUG] - <==      Total: 50
[2026-09-15 08:32:05.061] [gas-forecast] [] [] [c.g.f.d.m.SysUserTbMapper.selectList] [http-nio-8080-exec-8] [DEBUG] - ==>  Preparing: SELECT id,username,real_name,password_hash,password_salt,avatar,email,phone,org_code,status,deleted,created_at,updated_at FROM sys_user_tb WHERE (deleted = ?) ORDER BY id ASC
[2026-09-15 08:32:05.061] [gas-forecast] [] [] [c.g.f.d.m.SysUserTbMapper.selectList] [http-nio-8080-exec-8] [DEBUG] - ==> Parameters: 0(Integer)
[2026-09-15 08:32:05.062] [gas-forecast] [] [] [c.g.f.d.m.SysUserTbMapper.selectList] [http-nio-8080-exec-8] [DEBUG] - <==      Total: 1
[2026-09-15 08:32:05.062] [gas-forecast] [] [] [c.g.f.d.m.SysRoleTbMapper.selectList] [http-nio-8080-exec-8] [DEBUG] - ==>  Preparing: SELECT id,role_code,role_name,description,created_at,updated_at FROM sys_role_tb ORDER BY id ASC
[2026-09-15 08:32:05.062] [gas-forecast] [] [] [c.g.f.d.m.SysRoleTbMapper.selectList] [http-nio-8080-exec-8] [DEBUG] - ==> Parameters: 
[2026-09-15 08:32:05.063] [gas-forecast] [] [] [c.g.f.d.m.SysRoleTbMapper.selectList] [http-nio-8080-exec-8] [DEBUG] - <==      Total: 1
[2026-09-15 08:32:05.063] [gas-forecast] [] [] [c.g.f.d.m.S.selectList] [http-nio-8080-exec-8] [DEBUG] - ==>  Preparing: SELECT id,parent_id,department_name,org_code,sort_no,status,created_at,updated_at FROM sys_department_tb ORDER BY id ASC
[2026-09-15 08:32:05.063] [gas-forecast] [] [] [c.g.f.d.m.S.selectList] [http-nio-8080-exec-8] [DEBUG] - ==> Parameters: 
[2026-09-15 08:32:05.063] [gas-forecast] [] [] [c.g.f.d.m.S.selectList] [http-nio-8080-exec-8] [DEBUG] - <==      Total: 7
[2026-09-15 08:32:05.063] [gas-forecast] [] [] [c.g.f.d.m.S.selectList] [http-nio-8080-exec-8] [DEBUG] - ==>  Preparing: SELECT id,user_id,role_id FROM sys_user_role_ref
[2026-09-15 08:32:05.064] [gas-forecast] [] [] [c.g.f.d.m.S.selectList] [http-nio-8080-exec-8] [DEBUG] - ==> Parameters: 
[2026-09-15 08:32:05.064] [gas-forecast] [] [] [c.g.f.d.m.S.selectList] [http-nio-8080-exec-8] [DEBUG] - <==      Total: 1
[2026-09-15 08:32:05.064] [gas-forecast] [] [] [c.g.f.d.m.S.selectList] [http-nio-8080-exec-8] [DEBUG] - ==>  Preparing: SELECT id,user_id,department_id FROM sys_user_department_ref
[2026-09-15 08:32:05.064] [gas-forecast] [] [] [c.g.f.d.m.S.selectList] [http-nio-8080-exec-8] [DEBUG] - ==> Parameters: 
[2026-09-15 08:32:05.064] [gas-forecast] [] [] [c.g.f.d.m.S.selectList] [http-nio-8080-exec-8] [DEBUG] - <==      Total: 1
[2026-09-15 08:32:05.600] [gas-forecast] [] [] [c.g.f.d.m.S.selectByUsername] [http-nio-8080-exec-10] [DEBUG] - ==>  Preparing: select distinct p.* from sys_permission_tb p where p.status = 1 and ( exists ( select 1 from sys_user_tb u join sys_user_role_ref ur on ur.user_id = u.id join sys_role_permission_ref rp on rp.role_id = ur.role_id where rp.permission_id = p.id and u.username = ? and u.deleted = 0 ) or exists ( select 1 from sys_user_tb u join sys_user_department_ref ud on ud.user_id = u.id join sys_department_permission_ref dp on dp.department_id = ud.department_id where dp.permission_id = p.id and u.username = ? and u.deleted = 0 ) ) order by p.sort_no, p.id
[2026-09-15 08:32:05.600] [gas-forecast] [] [] [c.g.f.d.m.S.selectByUsername] [http-nio-8080-exec-10] [DEBUG] - ==> Parameters: admin(String), admin(String)
[2026-09-15 08:32:05.601] [gas-forecast] [] [] [c.g.f.d.m.S.selectByUsername] [http-nio-8080-exec-10] [DEBUG] - <==      Total: 50
[2026-09-15 08:32:05.602] [gas-forecast] [] [] [c.g.f.d.m.SysRoleTbMapper.selectList] [http-nio-8080-exec-10] [DEBUG] - ==>  Preparing: SELECT id,role_code,role_name,description,created_at,updated_at FROM sys_role_tb ORDER BY id ASC
[2026-09-15 08:32:05.602] [gas-forecast] [] [] [c.g.f.d.m.SysRoleTbMapper.selectList] [http-nio-8080-exec-10] [DEBUG] - ==> Parameters: 
[2026-09-15 08:32:05.603] [gas-forecast] [] [] [c.g.f.d.m.SysRoleTbMapper.selectList] [http-nio-8080-exec-10] [DEBUG] - <==      Total: 1
[2026-09-15 08:32:05.603] [gas-forecast] [] [] [c.g.f.d.m.S.selectList] [http-nio-8080-exec-10] [DEBUG] - ==>  Preparing: SELECT id,parent_id,department_name,org_code,sort_no,status,created_at,updated_at FROM sys_department_tb ORDER BY sort_no ASC,id ASC
[2026-09-15 08:32:05.603] [gas-forecast] [] [] [c.g.f.d.m.S.selectList] [http-nio-8080-exec-10] [DEBUG] - ==> Parameters: 
[2026-09-15 08:32:05.604] [gas-forecast] [] [] [c.g.f.d.m.S.selectList] [http-nio-8080-exec-10] [DEBUG] - <==      Total: 7
[2026-09-15 08:32:05.604] [gas-forecast] [] [] [c.g.f.d.m.S.selectList] [http-nio-8080-exec-10] [DEBUG] - ==>  Preparing: SELECT id,parent_id,permission_name,path,component,permission_type,perms,icon,sort_no,hidden,status,created_at,updated_at FROM sys_permission_tb ORDER BY sort_no ASC,id ASC
[2026-09-15 08:32:05.604] [gas-forecast] [] [] [c.g.f.d.m.S.selectList] [http-nio-8080-exec-10] [DEBUG] - ==> Parameters: 
[2026-09-15 08:32:05.605] [gas-forecast] [] [] [c.g.f.d.m.S.selectList] [http-nio-8080-exec-10] [DEBUG] - <==      Total: 50
[2026-09-15 08:32:05.609] [gas-forecast] [] [] [c.g.f.d.m.S.selectByUsername] [http-nio-8080-exec-1] [DEBUG] - ==>  Preparing: select distinct p.* from sys_permission_tb p where p.status = 1 and ( exists ( select 1 from sys_user_tb u join sys_user_role_ref ur on ur.user_id = u.id join sys_role_permission_ref rp on rp.role_id = ur.role_id where rp.permission_id = p.id and u.username = ? and u.deleted = 0 ) or exists ( select 1 from sys_user_tb u join sys_user_department_ref ud on ud.user_id = u.id join sys_department_permission_ref dp on dp.department_id = ud.department_id where dp.permission_id = p.id and u.username = ? and u.deleted = 0 ) ) order by p.sort_no, p.id
[2026-09-15 08:32:05.609] [gas-forecast] [] [] [c.g.f.d.m.S.selectByUsername] [http-nio-8080-exec-1] [DEBUG] - ==> Parameters: admin(String), admin(String)
[2026-09-15 08:32:05.611] [gas-forecast] [] [] [c.g.f.d.m.S.selectByUsername] [http-nio-8080-exec-1] [DEBUG] - <==      Total: 50
[2026-09-15 08:32:05.611] [gas-forecast] [] [] [c.g.f.d.m.S.selectList] [http-nio-8080-exec-1] [DEBUG] - ==>  Preparing: SELECT id,role_id,permission_id FROM sys_role_permission_ref
[2026-09-15 08:32:05.611] [gas-forecast] [] [] [c.g.f.d.m.S.selectList] [http-nio-8080-exec-1] [DEBUG] - ==> Parameters: 
[2026-09-15 08:32:05.612] [gas-forecast] [] [] [c.g.f.d.m.S.selectList] [http-nio-8080-exec-1] [DEBUG] - <==      Total: 50
[2026-09-15 08:32:05.613] [gas-forecast] [] [] [c.g.f.d.m.SysRoleTbMapper.selectList] [http-nio-8080-exec-1] [DEBUG] - ==>  Preparing: SELECT id,role_code,role_name,description,created_at,updated_at FROM sys_role_tb ORDER BY id ASC
[2026-09-15 08:32:05.613] [gas-forecast] [] [] [c.g.f.d.m.SysRoleTbMapper.selectList] [http-nio-8080-exec-1] [DEBUG] - ==> Parameters: 
[2026-09-15 08:32:05.613] [gas-forecast] [] [] [c.g.f.d.m.SysRoleTbMapper.selectList] [http-nio-8080-exec-1] [DEBUG] - <==      Total: 1
[2026-09-15 08:32:06.011] [gas-forecast] [] [] [c.g.f.d.m.S.selectByUsername] [http-nio-8080-exec-2] [DEBUG] - ==>  Preparing: select distinct p.* from sys_permission_tb p where p.status = 1 and ( exists ( select 1 from sys_user_tb u join sys_user_role_ref ur on ur.user_id = u.id join sys_role_permission_ref rp on rp.role_id = ur.role_id where rp.permission_id = p.id and u.username = ? and u.deleted = 0 ) or exists ( select 1 from sys_user_tb u join sys_user_department_ref ud on ud.user_id = u.id join sys_department_permission_ref dp on dp.department_id = ud.department_id where dp.permission_id = p.id and u.username = ? and u.deleted = 0 ) ) order by p.sort_no, p.id
[2026-09-15 08:32:06.011] [gas-forecast] [] [] [c.g.f.d.m.S.selectByUsername] [http-nio-8080-exec-2] [DEBUG] - ==> Parameters: admin(String), admin(String)
[2026-09-15 08:32:06.014] [gas-forecast] [] [] [c.g.f.d.m.S.selectByUsername] [http-nio-8080-exec-2] [DEBUG] - <==      Total: 50
[2026-09-15 08:32:06.014] [gas-forecast] [] [] [c.g.f.d.m.SysRoleTbMapper.selectList] [http-nio-8080-exec-2] [DEBUG] - ==>  Preparing: SELECT id,role_code,role_name,description,created_at,updated_at FROM sys_role_tb ORDER BY id ASC
[2026-09-15 08:32:06.014] [gas-forecast] [] [] [c.g.f.d.m.SysRoleTbMapper.selectList] [http-nio-8080-exec-2] [DEBUG] - ==> Parameters: 
[2026-09-15 08:32:06.015] [gas-forecast] [] [] [c.g.f.d.m.SysRoleTbMapper.selectList] [http-nio-8080-exec-2] [DEBUG] - <==      Total: 1
[2026-09-15 08:32:06.015] [gas-forecast] [] [] [c.g.f.d.m.S.selectList] [http-nio-8080-exec-2] [DEBUG] - ==>  Preparing: SELECT id,parent_id,department_name,org_code,sort_no,status,created_at,updated_at FROM sys_department_tb ORDER BY sort_no ASC,id ASC
[2026-09-15 08:32:06.015] [gas-forecast] [] [] [c.g.f.d.m.S.selectList] [http-nio-8080-exec-2] [DEBUG] - ==> Parameters: 
[2026-09-15 08:32:06.016] [gas-forecast] [] [] [c.g.f.d.m.S.selectList] [http-nio-8080-exec-2] [DEBUG] - <==      Total: 7
[2026-09-15 08:32:06.016] [gas-forecast] [] [] [c.g.f.d.m.S.selectList] [http-nio-8080-exec-2] [DEBUG] - ==>  Preparing: SELECT id,parent_id,permission_name,path,component,permission_type,perms,icon,sort_no,hidden,status,created_at,updated_at FROM sys_permission_tb ORDER BY sort_no ASC,id ASC
[2026-09-15 08:32:06.016] [gas-forecast] [] [] [c.g.f.d.m.S.selectList] [http-nio-8080-exec-2] [DEBUG] - ==> Parameters: 
[2026-09-15 08:32:06.017] [gas-forecast] [] [] [c.g.f.d.m.S.selectList] [http-nio-8080-exec-2] [DEBUG] - <==      Total: 50
[2026-09-15 08:32:06.020] [gas-forecast] [] [] [c.g.f.d.m.S.selectByUsername] [http-nio-8080-exec-3] [DEBUG] - ==>  Preparing: select distinct p.* from sys_permission_tb p where p.status = 1 and ( exists ( select 1 from sys_user_tb u join sys_user_role_ref ur on ur.user_id = u.id join sys_role_permission_ref rp on rp.role_id = ur.role_id where rp.permission_id = p.id and u.username = ? and u.deleted = 0 ) or exists ( select 1 from sys_user_tb u join sys_user_department_ref ud on ud.user_id = u.id join sys_department_permission_ref dp on dp.department_id = ud.department_id where dp.permission_id = p.id and u.username = ? and u.deleted = 0 ) ) order by p.sort_no, p.id
[2026-09-15 08:32:06.021] [gas-forecast] [] [] [c.g.f.d.m.S.selectByUsername] [http-nio-8080-exec-3] [DEBUG] - ==> Parameters: admin(String), admin(String)
[2026-09-15 08:32:06.022] [gas-forecast] [] [] [c.g.f.d.m.S.selectByUsername] [http-nio-8080-exec-3] [DEBUG] - <==      Total: 50
[2026-09-15 08:32:06.023] [gas-forecast] [] [] [c.g.f.d.m.S.selectList] [http-nio-8080-exec-3] [DEBUG] - ==>  Preparing: SELECT id,parent_id,permission_name,path,component,permission_type,perms,icon,sort_no,hidden,status,created_at,updated_at FROM sys_permission_tb ORDER BY sort_no ASC,id ASC
[2026-09-15 08:32:06.023] [gas-forecast] [] [] [c.g.f.d.m.S.selectList] [http-nio-8080-exec-3] [DEBUG] - ==> Parameters: 
[2026-09-15 08:32:06.024] [gas-forecast] [] [] [c.g.f.d.m.S.selectList] [http-nio-8080-exec-3] [DEBUG] - <==      Total: 50
[2026-09-15 08:41:26.613] [gas-forecast] [] [] [c.g.f.d.m.SysUserTbMapper.selectList] [http-nio-8080-exec-5] [DEBUG] - ==>  Preparing: SELECT id,username,real_name,password_hash,password_salt,avatar,email,phone,org_code,status,deleted,created_at,updated_at FROM sys_user_tb WHERE (username = ? AND deleted = ?)
[2026-09-15 08:41:26.613] [gas-forecast] [] [] [c.g.f.d.m.SysUserTbMapper.selectList] [http-nio-8080-exec-5] [DEBUG] - ==> Parameters: admin(String), 0(Integer)
[2026-09-15 08:41:26.619] [gas-forecast] [] [] [c.g.f.d.m.SysUserTbMapper.selectList] [http-nio-8080-exec-5] [DEBUG] - <==      Total: 1
[2026-09-15 08:41:26.619] [gas-forecast] [] [] [c.g.f.d.m.S.selectRoleCodesByUsername] [http-nio-8080-exec-5] [DEBUG] - ==>  Preparing: select r.role_code from sys_user_tb u join sys_user_role_ref ur on ur.user_id = u.id join sys_role_tb r on r.id = ur.role_id where u.username = ? order by r.role_code
[2026-09-15 08:41:26.619] [gas-forecast] [] [] [c.g.f.d.m.S.selectRoleCodesByUsername] [http-nio-8080-exec-5] [DEBUG] - ==> Parameters: admin(String)
[2026-09-15 08:41:26.621] [gas-forecast] [] [] [c.g.f.d.m.S.selectRoleCodesByUsername] [http-nio-8080-exec-5] [DEBUG] - <==      Total: 1
[2026-09-15 08:41:26.621] [gas-forecast] [] [] [c.g.f.d.m.S.selectByUsername] [http-nio-8080-exec-5] [DEBUG] - ==>  Preparing: select distinct p.* from sys_permission_tb p where p.status = 1 and ( exists ( select 1 from sys_user_tb u join sys_user_role_ref ur on ur.user_id = u.id join sys_role_permission_ref rp on rp.role_id = ur.role_id where rp.permission_id = p.id and u.username = ? and u.deleted = 0 ) or exists ( select 1 from sys_user_tb u join sys_user_department_ref ud on ud.user_id = u.id join sys_department_permission_ref dp on dp.department_id = ud.department_id where dp.permission_id = p.id and u.username = ? and u.deleted = 0 ) ) order by p.sort_no, p.id
[2026-09-15 08:41:26.621] [gas-forecast] [] [] [c.g.f.d.m.S.selectByUsername] [http-nio-8080-exec-5] [DEBUG] - ==> Parameters: admin(String), admin(String)
[2026-09-15 08:41:26.623] [gas-forecast] [] [] [c.g.f.d.m.S.selectByUsername] [http-nio-8080-exec-5] [DEBUG] - <==      Total: 50
[2026-09-15 08:57:25.992] [gas-forecast] [] [] [c.g.f.d.m.S.selectByUsername] [http-nio-8080-exec-1] [DEBUG] - ==>  Preparing: select distinct p.* from sys_permission_tb p where p.status = 1 and ( exists ( select 1 from sys_user_tb u join sys_user_role_ref ur on ur.user_id = u.id join sys_role_permission_ref rp on rp.role_id = ur.role_id where rp.permission_id = p.id and u.username = ? and u.deleted = 0 ) or exists ( select 1 from sys_user_tb u join sys_user_department_ref ud on ud.user_id = u.id join sys_department_permission_ref dp on dp.department_id = ud.department_id where dp.permission_id = p.id and u.username = ? and u.deleted = 0 ) ) order by p.sort_no, p.id
[2026-09-15 08:57:25.992] [gas-forecast] [] [] [c.g.f.d.m.S.selectByUsername] [http-nio-8080-exec-1] [DEBUG] - ==> Parameters: admin(String), admin(String)
[2026-09-15 08:57:25.999] [gas-forecast] [] [] [c.g.f.d.m.S.selectByUsername] [http-nio-8080-exec-1] [DEBUG] - <==      Total: 50
[2026-09-15 08:57:26.006] [gas-forecast] [] [] [c.g.f.d.m.D.selectList_mpCount] [http-nio-8080-exec-1] [DEBUG] - ==>  Preparing: SELECT COUNT(*) AS total FROM data_daily_sales_tb
[2026-09-15 08:57:26.006] [gas-forecast] [] [] [c.g.f.d.m.D.selectList_mpCount] [http-nio-8080-exec-1] [DEBUG] - ==> Parameters: 
[2026-09-15 08:57:26.011] [gas-forecast] [] [] [c.g.f.d.m.D.selectList_mpCount] [http-nio-8080-exec-1] [DEBUG] - <==      Total: 1
[2026-09-15 08:57:26.011] [gas-forecast] [] [] [c.g.f.d.m.D.selectList] [http-nio-8080-exec-1] [DEBUG] - ==>  Preparing: SELECT id,stat_date,region_name,industry_name,customer_name,customer_code,gas_sales,unit,file_id,created_at,region_code,industry_code FROM data_daily_sales_tb ORDER BY stat_date DESC,id DESC LIMIT ?
[2026-09-15 08:57:26.011] [gas-forecast] [] [] [c.g.f.d.m.D.selectList] [http-nio-8080-exec-1] [DEBUG] - ==> Parameters: 10(Long)
[2026-09-15 08:57:26.035] [gas-forecast] [] [] [c.g.f.d.m.D.selectList] [http-nio-8080-exec-1] [DEBUG] - <==      Total: 10
[2026-09-15 08:57:27.197] [gas-forecast] [] [] [c.g.f.d.m.S.selectByUsername] [http-nio-8080-exec-7] [DEBUG] - ==>  Preparing: select distinct p.* from sys_permission_tb p where p.status = 1 and ( exists ( select 1 from sys_user_tb u join sys_user_role_ref ur on ur.user_id = u.id join sys_role_permission_ref rp on rp.role_id = ur.role_id where rp.permission_id = p.id and u.username = ? and u.deleted = 0 ) or exists ( select 1 from sys_user_tb u join sys_user_department_ref ud on ud.user_id = u.id join sys_department_permission_ref dp on dp.department_id = ud.department_id where dp.permission_id = p.id and u.username = ? and u.deleted = 0 ) ) order by p.sort_no, p.id
[2026-09-15 08:57:27.197] [gas-forecast] [] [] [c.g.f.d.m.S.selectByUsername] [http-nio-8080-exec-7] [DEBUG] - ==> Parameters: admin(String), admin(String)
[2026-09-15 08:57:27.199] [gas-forecast] [] [] [c.g.f.d.m.S.selectByUsername] [http-nio-8080-exec-7] [DEBUG] - <==      Total: 50
[2026-09-15 08:57:27.201] [gas-forecast] [] [] [c.g.f.d.m.D.selectList_mpCount] [http-nio-8080-exec-7] [DEBUG] - ==>  Preparing: SELECT COUNT(*) AS total FROM data_daily_sales_tb
[2026-09-15 08:57:27.201] [gas-forecast] [] [] [c.g.f.d.m.D.selectList_mpCount] [http-nio-8080-exec-7] [DEBUG] - ==> Parameters: 
[2026-09-15 08:57:27.205] [gas-forecast] [] [] [c.g.f.d.m.D.selectList_mpCount] [http-nio-8080-exec-7] [DEBUG] - <==      Total: 1
[2026-09-15 08:57:27.205] [gas-forecast] [] [] [c.g.f.d.m.D.selectList] [http-nio-8080-exec-7] [DEBUG] - ==>  Preparing: SELECT id,stat_date,region_name,industry_name,customer_name,customer_code,gas_sales,unit,file_id,created_at,region_code,industry_code FROM data_daily_sales_tb ORDER BY stat_date DESC,id DESC LIMIT ?
[2026-09-15 08:57:27.205] [gas-forecast] [] [] [c.g.f.d.m.D.selectList] [http-nio-8080-exec-7] [DEBUG] - ==> Parameters: 10(Long)
[2026-09-15 08:57:27.236] [gas-forecast] [] [] [c.g.f.d.m.D.selectList] [http-nio-8080-exec-7] [DEBUG] - <==      Total: 10
[2026-09-15 08:57:36.533] [gas-forecast] [] [] [c.g.f.d.m.S.selectByUsername] [http-nio-8080-exec-8] [DEBUG] - ==>  Preparing: select distinct p.* from sys_permission_tb p where p.status = 1 and ( exists ( select 1 from sys_user_tb u join sys_user_role_ref ur on ur.user_id = u.id join sys_role_permission_ref rp on rp.role_id = ur.role_id where rp.permission_id = p.id and u.username = ? and u.deleted = 0 ) or exists ( select 1 from sys_user_tb u join sys_user_department_ref ud on ud.user_id = u.id join sys_department_permission_ref dp on dp.department_id = ud.department_id where dp.permission_id = p.id and u.username = ? and u.deleted = 0 ) ) order by p.sort_no, p.id
[2026-09-15 08:57:36.533] [gas-forecast] [] [] [c.g.f.d.m.S.selectByUsername] [http-nio-8080-exec-8] [DEBUG] - ==> Parameters: admin(String), admin(String)
[2026-09-15 08:57:36.536] [gas-forecast] [] [] [c.g.f.d.m.S.selectByUsername] [http-nio-8080-exec-8] [DEBUG] - <==      Total: 50
[2026-09-15 08:57:36.538] [gas-forecast] [] [] [c.g.f.d.m.D.selectList_mpCount] [http-nio-8080-exec-8] [DEBUG] - ==>  Preparing: SELECT COUNT(*) AS total FROM data_daily_sales_tb
[2026-09-15 08:57:36.538] [gas-forecast] [] [] [c.g.f.d.m.D.selectList_mpCount] [http-nio-8080-exec-8] [DEBUG] - ==> Parameters: 
[2026-09-15 08:57:36.544] [gas-forecast] [] [] [c.g.f.d.m.D.selectList_mpCount] [http-nio-8080-exec-8] [DEBUG] - <==      Total: 1
[2026-09-15 08:57:36.544] [gas-forecast] [] [] [c.g.f.d.m.D.selectList] [http-nio-8080-exec-8] [DEBUG] - ==>  Preparing: SELECT id,stat_date,region_name,industry_name,customer_name,customer_code,gas_sales,unit,file_id,created_at,region_code,industry_code FROM data_daily_sales_tb ORDER BY stat_date DESC,id DESC LIMIT ?
[2026-09-15 08:57:36.544] [gas-forecast] [] [] [c.g.f.d.m.D.selectList] [http-nio-8080-exec-8] [DEBUG] - ==> Parameters: 10(Long)
[2026-09-15 08:57:36.575] [gas-forecast] [] [] [c.g.f.d.m.D.selectList] [http-nio-8080-exec-8] [DEBUG] - <==      Total: 10
[2026-09-15 08:57:37.171] [gas-forecast] [] [] [c.g.f.d.m.S.selectByUsername] [http-nio-8080-exec-2] [DEBUG] - ==>  Preparing: select distinct p.* from sys_permission_tb p where p.status = 1 and ( exists ( select 1 from sys_user_tb u join sys_user_role_ref ur on ur.user_id = u.id join sys_role_permission_ref rp on rp.role_id = ur.role_id where rp.permission_id = p.id and u.username = ? and u.deleted = 0 ) or exists ( select 1 from sys_user_tb u join sys_user_department_ref ud on ud.user_id = u.id join sys_department_permission_ref dp on dp.department_id = ud.department_id where dp.permission_id = p.id and u.username = ? and u.deleted = 0 ) ) order by p.sort_no, p.id
[2026-09-15 08:57:37.172] [gas-forecast] [] [] [c.g.f.d.m.S.selectByUsername] [http-nio-8080-exec-2] [DEBUG] - ==> Parameters: admin(String), admin(String)
[2026-09-15 08:57:37.174] [gas-forecast] [] [] [c.g.f.d.m.S.selectByUsername] [http-nio-8080-exec-2] [DEBUG] - <==      Total: 50
[2026-09-15 08:57:37.177] [gas-forecast] [] [] [c.g.f.d.m.B.selectList_mpCount] [http-nio-8080-exec-2] [DEBUG] - ==>  Preparing: SELECT COUNT(*) AS total FROM base_industry_tb
[2026-09-15 08:57:37.177] [gas-forecast] [] [] [c.g.f.d.m.B.selectList_mpCount] [http-nio-8080-exec-2] [DEBUG] - ==> Parameters: 
[2026-09-15 08:57:37.179] [gas-forecast] [] [] [c.g.f.d.m.B.selectList_mpCount] [http-nio-8080-exec-2] [DEBUG] - <==      Total: 1
[2026-09-15 08:57:37.179] [gas-forecast] [] [] [c.g.f.d.m.B.selectList] [http-nio-8080-exec-2] [DEBUG] - ==>  Preparing: SELECT id,industry_code,industry_name,parent_id,industry_level,sort_no,created_at,updated_at,created_by,created_by_name,updated_by,updated_by_name FROM base_industry_tb ORDER BY sort_no ASC,updated_at DESC,id DESC LIMIT ?
[2026-09-15 08:57:37.179] [gas-forecast] [] [] [c.g.f.d.m.B.selectList] [http-nio-8080-exec-2] [DEBUG] - ==> Parameters: 10(Long)
[2026-09-15 08:57:37.179] [gas-forecast] [] [] [c.g.f.d.m.B.selectList] [http-nio-8080-exec-2] [DEBUG] - <==      Total: 3
[2026-09-15 08:57:37.779] [gas-forecast] [] [] [c.g.f.d.m.S.selectByUsername] [http-nio-8080-exec-10] [DEBUG] - ==>  Preparing: select distinct p.* from sys_permission_tb p where p.status = 1 and ( exists ( select 1 from sys_user_tb u join sys_user_role_ref ur on ur.user_id = u.id join sys_role_permission_ref rp on rp.role_id = ur.role_id where rp.permission_id = p.id and u.username = ? and u.deleted = 0 ) or exists ( select 1 from sys_user_tb u join sys_user_department_ref ud on ud.user_id = u.id join sys_department_permission_ref dp on dp.department_id = ud.department_id where dp.permission_id = p.id and u.username = ? and u.deleted = 0 ) ) order by p.sort_no, p.id
[2026-09-15 08:57:37.779] [gas-forecast] [] [] [c.g.f.d.m.S.selectByUsername] [http-nio-8080-exec-10] [DEBUG] - ==> Parameters: admin(String), admin(String)
[2026-09-15 08:57:37.781] [gas-forecast] [] [] [c.g.f.d.m.S.selectByUsername] [http-nio-8080-exec-10] [DEBUG] - <==      Total: 50
[2026-09-15 08:57:37.784] [gas-forecast] [] [] [c.g.f.d.m.B.selectList_mpCount] [http-nio-8080-exec-10] [DEBUG] - ==>  Preparing: SELECT COUNT(*) AS total FROM base_customer_tb
[2026-09-15 08:57:37.784] [gas-forecast] [] [] [c.g.f.d.m.B.selectList_mpCount] [http-nio-8080-exec-10] [DEBUG] - ==> Parameters: 
[2026-09-15 08:57:37.785] [gas-forecast] [] [] [c.g.f.d.m.B.selectList_mpCount] [http-nio-8080-exec-10] [DEBUG] - <==      Total: 1
[2026-09-15 08:57:37.785] [gas-forecast] [] [] [c.g.f.d.m.B.selectList] [http-nio-8080-exec-10] [DEBUG] - ==>  Preparing: SELECT id,customer_code,customer_name,industry_code,industry_name,region_code,region_name,created_at,updated_at,created_by,created_by_name,updated_by,update_by_name,raw_region_name,raw_industry_name FROM base_customer_tb ORDER BY updated_at DESC,id DESC LIMIT ?
[2026-09-15 08:57:37.785] [gas-forecast] [] [] [c.g.f.d.m.B.selectList] [http-nio-8080-exec-10] [DEBUG] - ==> Parameters: 10(Long)
[2026-09-15 08:57:37.786] [gas-forecast] [] [] [c.g.f.d.m.B.selectList] [http-nio-8080-exec-10] [DEBUG] - <==      Total: 10
[2026-09-15 08:57:38.491] [gas-forecast] [] [] [c.g.f.d.m.S.selectByUsername] [http-nio-8080-exec-3] [DEBUG] - ==>  Preparing: select distinct p.* from sys_permission_tb p where p.status = 1 and ( exists ( select 1 from sys_user_tb u join sys_user_role_ref ur on ur.user_id = u.id join sys_role_permission_ref rp on rp.role_id = ur.role_id where rp.permission_id = p.id and u.username = ? and u.deleted = 0 ) or exists ( select 1 from sys_user_tb u join sys_user_department_ref ud on ud.user_id = u.id join sys_department_permission_ref dp on dp.department_id = ud.department_id where dp.permission_id = p.id and u.username = ? and u.deleted = 0 ) ) order by p.sort_no, p.id
[2026-09-15 08:57:38.491] [gas-forecast] [] [] [c.g.f.d.m.S.selectByUsername] [http-nio-8080-exec-3] [DEBUG] - ==> Parameters: admin(String), admin(String)
[2026-09-15 08:57:38.493] [gas-forecast] [] [] [c.g.f.d.m.S.selectByUsername] [http-nio-8080-exec-3] [DEBUG] - <==      Total: 50
[2026-09-15 08:57:38.496] [gas-forecast] [] [] [c.g.f.d.m.B.selectList_mpCount] [http-nio-8080-exec-3] [DEBUG] - ==>  Preparing: SELECT COUNT(*) AS total FROM base_region_tb
[2026-09-15 08:57:38.497] [gas-forecast] [] [] [c.g.f.d.m.B.selectList_mpCount] [http-nio-8080-exec-3] [DEBUG] - ==> Parameters: 
[2026-09-15 08:57:38.498] [gas-forecast] [] [] [c.g.f.d.m.B.selectList_mpCount] [http-nio-8080-exec-3] [DEBUG] - <==      Total: 1
[2026-09-15 08:57:38.498] [gas-forecast] [] [] [c.g.f.d.m.B.selectList] [http-nio-8080-exec-3] [DEBUG] - ==>  Preparing: SELECT id,region_code,region_name,region_type,parent_id,sort_no,enabled,remark,created_by,created_at,updated_by,updated_at,update_by_name,created_by_name FROM base_region_tb ORDER BY sort_no ASC,updated_at DESC,id DESC LIMIT ?
[2026-09-15 08:57:38.498] [gas-forecast] [] [] [c.g.f.d.m.B.selectList] [http-nio-8080-exec-3] [DEBUG] - ==> Parameters: 10(Long)
[2026-09-15 08:57:38.499] [gas-forecast] [] [] [c.g.f.d.m.B.selectList] [http-nio-8080-exec-3] [DEBUG] - <==      Total: 10
[2026-09-15 08:57:43.515] [gas-forecast] [] [] [c.g.f.d.m.S.selectByUsername] [http-nio-8080-exec-4] [DEBUG] - ==>  Preparing: select distinct p.* from sys_permission_tb p where p.status = 1 and ( exists ( select 1 from sys_user_tb u join sys_user_role_ref ur on ur.user_id = u.id join sys_role_permission_ref rp on rp.role_id = ur.role_id where rp.permission_id = p.id and u.username = ? and u.deleted = 0 ) or exists ( select 1 from sys_user_tb u join sys_user_department_ref ud on ud.user_id = u.id join sys_department_permission_ref dp on dp.department_id = ud.department_id where dp.permission_id = p.id and u.username = ? and u.deleted = 0 ) ) order by p.sort_no, p.id
[2026-09-15 08:57:43.515] [gas-forecast] [] [] [c.g.f.d.m.S.selectByUsername] [http-nio-8080-exec-4] [DEBUG] - ==> Parameters: admin(String), admin(String)
[2026-09-15 08:57:43.517] [gas-forecast] [] [] [c.g.f.d.m.S.selectByUsername] [http-nio-8080-exec-4] [DEBUG] - <==      Total: 50
[2026-09-15 08:57:43.519] [gas-forecast] [] [] [c.g.f.d.m.B.selectList_mpCount] [http-nio-8080-exec-4] [DEBUG] - ==>  Preparing: SELECT COUNT(*) AS total FROM base_region_tb
[2026-09-15 08:57:43.519] [gas-forecast] [] [] [c.g.f.d.m.B.selectList_mpCount] [http-nio-8080-exec-4] [DEBUG] - ==> Parameters: 
[2026-09-15 08:57:43.521] [gas-forecast] [] [] [c.g.f.d.m.B.selectList_mpCount] [http-nio-8080-exec-4] [DEBUG] - <==      Total: 1
[2026-09-15 08:57:43.521] [gas-forecast] [] [] [c.g.f.d.m.B.selectList] [http-nio-8080-exec-4] [DEBUG] - ==>  Preparing: SELECT id,region_code,region_name,region_type,parent_id,sort_no,enabled,remark,created_by,created_at,updated_by,updated_at,update_by_name,created_by_name FROM base_region_tb ORDER BY sort_no ASC,updated_at DESC,id DESC LIMIT ?
[2026-09-15 08:57:43.521] [gas-forecast] [] [] [c.g.f.d.m.B.selectList] [http-nio-8080-exec-4] [DEBUG] - ==> Parameters: 10(Long)
[2026-09-15 08:57:43.521] [gas-forecast] [] [] [c.g.f.d.m.B.selectList] [http-nio-8080-exec-4] [DEBUG] - <==      Total: 10
[2026-09-15 08:57:43.952] [gas-forecast] [] [] [c.g.f.d.m.S.selectByUsername] [http-nio-8080-exec-5] [DEBUG] - ==>  Preparing: select distinct p.* from sys_permission_tb p where p.status = 1 and ( exists ( select 1 from sys_user_tb u join sys_user_role_ref ur on ur.user_id = u.id join sys_role_permission_ref rp on rp.role_id = ur.role_id where rp.permission_id = p.id and u.username = ? and u.deleted = 0 ) or exists ( select 1 from sys_user_tb u join sys_user_department_ref ud on ud.user_id = u.id join sys_department_permission_ref dp on dp.department_id = ud.department_id where dp.permission_id = p.id and u.username = ? and u.deleted = 0 ) ) order by p.sort_no, p.id
[2026-09-15 08:57:43.952] [gas-forecast] [] [] [c.g.f.d.m.S.selectByUsername] [http-nio-8080-exec-5] [DEBUG] - ==> Parameters: admin(String), admin(String)
[2026-09-15 08:57:43.954] [gas-forecast] [] [] [c.g.f.d.m.S.selectByUsername] [http-nio-8080-exec-5] [DEBUG] - <==      Total: 50
[2026-09-15 08:57:43.956] [gas-forecast] [] [] [c.g.f.d.m.B.selectList_mpCount] [http-nio-8080-exec-5] [DEBUG] - ==>  Preparing: SELECT COUNT(*) AS total FROM base_customer_tb
[2026-09-15 08:57:43.956] [gas-forecast] [] [] [c.g.f.d.m.B.selectList_mpCount] [http-nio-8080-exec-5] [DEBUG] - ==> Parameters: 
[2026-09-15 08:57:43.957] [gas-forecast] [] [] [c.g.f.d.m.B.selectList_mpCount] [http-nio-8080-exec-5] [DEBUG] - <==      Total: 1
[2026-09-15 08:57:43.957] [gas-forecast] [] [] [c.g.f.d.m.B.selectList] [http-nio-8080-exec-5] [DEBUG] - ==>  Preparing: SELECT id,customer_code,customer_name,industry_code,industry_name,region_code,region_name,created_at,updated_at,created_by,created_by_name,updated_by,update_by_name,raw_region_name,raw_industry_name FROM base_customer_tb ORDER BY updated_at DESC,id DESC LIMIT ?
[2026-09-15 08:57:43.957] [gas-forecast] [] [] [c.g.f.d.m.B.selectList] [http-nio-8080-exec-5] [DEBUG] - ==> Parameters: 10(Long)
[2026-09-15 08:57:43.958] [gas-forecast] [] [] [c.g.f.d.m.B.selectList] [http-nio-8080-exec-5] [DEBUG] - <==      Total: 10
[2026-09-15 08:57:44.432] [gas-forecast] [] [] [c.g.f.d.m.S.selectByUsername] [http-nio-8080-exec-9] [DEBUG] - ==>  Preparing: select distinct p.* from sys_permission_tb p where p.status = 1 and ( exists ( select 1 from sys_user_tb u join sys_user_role_ref ur on ur.user_id = u.id join sys_role_permission_ref rp on rp.role_id = ur.role_id where rp.permission_id = p.id and u.username = ? and u.deleted = 0 ) or exists ( select 1 from sys_user_tb u join sys_user_department_ref ud on ud.user_id = u.id join sys_department_permission_ref dp on dp.department_id = ud.department_id where dp.permission_id = p.id and u.username = ? and u.deleted = 0 ) ) order by p.sort_no, p.id
[2026-09-15 08:57:44.432] [gas-forecast] [] [] [c.g.f.d.m.S.selectByUsername] [http-nio-8080-exec-9] [DEBUG] - ==> Parameters: admin(String), admin(String)
[2026-09-15 08:57:44.434] [gas-forecast] [] [] [c.g.f.d.m.S.selectByUsername] [http-nio-8080-exec-9] [DEBUG] - <==      Total: 50
[2026-09-15 08:57:44.436] [gas-forecast] [] [] [c.g.f.d.m.B.selectList_mpCount] [http-nio-8080-exec-9] [DEBUG] - ==>  Preparing: SELECT COUNT(*) AS total FROM base_industry_tb
[2026-09-15 08:57:44.436] [gas-forecast] [] [] [c.g.f.d.m.B.selectList_mpCount] [http-nio-8080-exec-9] [DEBUG] - ==> Parameters: 
[2026-09-15 08:57:44.437] [gas-forecast] [] [] [c.g.f.d.m.B.selectList_mpCount] [http-nio-8080-exec-9] [DEBUG] - <==      Total: 1
[2026-09-15 08:57:44.437] [gas-forecast] [] [] [c.g.f.d.m.B.selectList] [http-nio-8080-exec-9] [DEBUG] - ==>  Preparing: SELECT id,industry_code,industry_name,parent_id,industry_level,sort_no,created_at,updated_at,created_by,created_by_name,updated_by,updated_by_name FROM base_industry_tb ORDER BY sort_no ASC,updated_at DESC,id DESC LIMIT ?
[2026-09-15 08:57:44.437] [gas-forecast] [] [] [c.g.f.d.m.B.selectList] [http-nio-8080-exec-9] [DEBUG] - ==> Parameters: 10(Long)
[2026-09-15 08:57:44.438] [gas-forecast] [] [] [c.g.f.d.m.B.selectList] [http-nio-8080-exec-9] [DEBUG] - <==      Total: 3
[2026-09-15 08:57:45.266] [gas-forecast] [] [] [c.g.f.d.m.S.selectByUsername] [http-nio-8080-exec-6] [DEBUG] - ==>  Preparing: select distinct p.* from sys_permission_tb p where p.status = 1 and ( exists ( select 1 from sys_user_tb u join sys_user_role_ref ur on ur.user_id = u.id join sys_role_permission_ref rp on rp.role_id = ur.role_id where rp.permission_id = p.id and u.username = ? and u.deleted = 0 ) or exists ( select 1 from sys_user_tb u join sys_user_department_ref ud on ud.user_id = u.id join sys_department_permission_ref dp on dp.department_id = ud.department_id where dp.permission_id = p.id and u.username = ? and u.deleted = 0 ) ) order by p.sort_no, p.id
[2026-09-15 08:57:45.266] [gas-forecast] [] [] [c.g.f.d.m.S.selectByUsername] [http-nio-8080-exec-6] [DEBUG] - ==> Parameters: admin(String), admin(String)
[2026-09-15 08:57:45.267] [gas-forecast] [] [] [c.g.f.d.m.S.selectByUsername] [http-nio-8080-exec-6] [DEBUG] - <==      Total: 50
[2026-09-15 08:57:45.269] [gas-forecast] [] [] [c.g.f.d.m.D.selectList_mpCount] [http-nio-8080-exec-6] [DEBUG] - ==>  Preparing: SELECT COUNT(*) AS total FROM data_daily_sales_tb
[2026-09-15 08:57:45.270] [gas-forecast] [] [] [c.g.f.d.m.D.selectList_mpCount] [http-nio-8080-exec-6] [DEBUG] - ==> Parameters: 
[2026-09-15 08:57:45.273] [gas-forecast] [] [] [c.g.f.d.m.D.selectList_mpCount] [http-nio-8080-exec-6] [DEBUG] - <==      Total: 1
[2026-09-15 08:57:45.273] [gas-forecast] [] [] [c.g.f.d.m.D.selectList] [http-nio-8080-exec-6] [DEBUG] - ==>  Preparing: SELECT id,stat_date,region_name,industry_name,customer_name,customer_code,gas_sales,unit,file_id,created_at,region_code,industry_code FROM data_daily_sales_tb ORDER BY stat_date DESC,id DESC LIMIT ?
[2026-09-15 08:57:45.274] [gas-forecast] [] [] [c.g.f.d.m.D.selectList] [http-nio-8080-exec-6] [DEBUG] - ==> Parameters: 10(Long)
[2026-09-15 08:57:45.301] [gas-forecast] [] [] [c.g.f.d.m.D.selectList] [http-nio-8080-exec-6] [DEBUG] - <==      Total: 10
[2026-09-15 08:57:45.701] [gas-forecast] [] [] [c.g.f.d.m.S.selectByUsername] [http-nio-8080-exec-1] [DEBUG] - ==>  Preparing: select distinct p.* from sys_permission_tb p where p.status = 1 and ( exists ( select 1 from sys_user_tb u join sys_user_role_ref ur on ur.user_id = u.id join sys_role_permission_ref rp on rp.role_id = ur.role_id where rp.permission_id = p.id and u.username = ? and u.deleted = 0 ) or exists ( select 1 from sys_user_tb u join sys_user_department_ref ud on ud.user_id = u.id join sys_department_permission_ref dp on dp.department_id = ud.department_id where dp.permission_id = p.id and u.username = ? and u.deleted = 0 ) ) order by p.sort_no, p.id
[2026-09-15 08:57:45.701] [gas-forecast] [] [] [c.g.f.d.m.S.selectByUsername] [http-nio-8080-exec-1] [DEBUG] - ==> Parameters: admin(String), admin(String)
[2026-09-15 08:57:45.703] [gas-forecast] [] [] [c.g.f.d.m.S.selectByUsername] [http-nio-8080-exec-1] [DEBUG] - <==      Total: 50
[2026-09-15 08:57:45.705] [gas-forecast] [] [] [c.g.f.d.m.D.selectList_mpCount] [http-nio-8080-exec-1] [DEBUG] - ==>  Preparing: SELECT COUNT(*) AS total FROM data_daily_sales_tb
[2026-09-15 08:57:45.705] [gas-forecast] [] [] [c.g.f.d.m.D.selectList_mpCount] [http-nio-8080-exec-1] [DEBUG] - ==> Parameters: 
[2026-09-15 08:57:45.709] [gas-forecast] [] [] [c.g.f.d.m.D.selectList_mpCount] [http-nio-8080-exec-1] [DEBUG] - <==      Total: 1
[2026-09-15 08:57:45.709] [gas-forecast] [] [] [c.g.f.d.m.D.selectList] [http-nio-8080-exec-1] [DEBUG] - ==>  Preparing: SELECT id,stat_date,region_name,industry_name,customer_name,customer_code,gas_sales,unit,file_id,created_at,region_code,industry_code FROM data_daily_sales_tb ORDER BY stat_date DESC,id DESC LIMIT ?
[2026-09-15 08:57:45.709] [gas-forecast] [] [] [c.g.f.d.m.D.selectList] [http-nio-8080-exec-1] [DEBUG] - ==> Parameters: 10(Long)
[2026-09-15 08:57:45.740] [gas-forecast] [] [] [c.g.f.d.m.D.selectList] [http-nio-8080-exec-1] [DEBUG] - <==      Total: 10
[2026-09-15 08:57:46.680] [gas-forecast] [] [] [c.g.f.d.m.S.selectByUsername] [http-nio-8080-exec-7] [DEBUG] - ==>  Preparing: select distinct p.* from sys_permission_tb p where p.status = 1 and ( exists ( select 1 from sys_user_tb u join sys_user_role_ref ur on ur.user_id = u.id join sys_role_permission_ref rp on rp.role_id = ur.role_id where rp.permission_id = p.id and u.username = ? and u.deleted = 0 ) or exists ( select 1 from sys_user_tb u join sys_user_department_ref ud on ud.user_id = u.id join sys_department_permission_ref dp on dp.department_id = ud.department_id where dp.permission_id = p.id and u.username = ? and u.deleted = 0 ) ) order by p.sort_no, p.id
[2026-09-15 08:57:46.680] [gas-forecast] [] [] [c.g.f.d.m.S.selectByUsername] [http-nio-8080-exec-7] [DEBUG] - ==> Parameters: admin(String), admin(String)
[2026-09-15 08:57:46.682] [gas-forecast] [] [] [c.g.f.d.m.S.selectByUsername] [http-nio-8080-exec-7] [DEBUG] - <==      Total: 50
[2026-09-15 08:57:46.683] [gas-forecast] [] [] [c.g.f.d.m.D.selectList_mpCount] [http-nio-8080-exec-7] [DEBUG] - ==>  Preparing: SELECT COUNT(*) AS total FROM data_daily_sales_tb
[2026-09-15 08:57:46.683] [gas-forecast] [] [] [c.g.f.d.m.D.selectList_mpCount] [http-nio-8080-exec-7] [DEBUG] - ==> Parameters: 
[2026-09-15 08:57:46.688] [gas-forecast] [] [] [c.g.f.d.m.D.selectList_mpCount] [http-nio-8080-exec-7] [DEBUG] - <==      Total: 1
[2026-09-15 08:57:46.688] [gas-forecast] [] [] [c.g.f.d.m.D.selectList] [http-nio-8080-exec-7] [DEBUG] - ==>  Preparing: SELECT id,stat_date,region_name,industry_name,customer_name,customer_code,gas_sales,unit,file_id,created_at,region_code,industry_code FROM data_daily_sales_tb ORDER BY stat_date DESC,id DESC LIMIT ?
[2026-09-15 08:57:46.688] [gas-forecast] [] [] [c.g.f.d.m.D.selectList] [http-nio-8080-exec-7] [DEBUG] - ==> Parameters: 10(Long)
[2026-09-15 08:57:46.719] [gas-forecast] [] [] [c.g.f.d.m.D.selectList] [http-nio-8080-exec-7] [DEBUG] - <==      Total: 10
[2026-09-15 08:57:47.040] [gas-forecast] [] [] [c.g.f.d.m.S.selectByUsername] [http-nio-8080-exec-8] [DEBUG] - ==>  Preparing: select distinct p.* from sys_permission_tb p where p.status = 1 and ( exists ( select 1 from sys_user_tb u join sys_user_role_ref ur on ur.user_id = u.id join sys_role_permission_ref rp on rp.role_id = ur.role_id where rp.permission_id = p.id and u.username = ? and u.deleted = 0 ) or exists ( select 1 from sys_user_tb u join sys_user_department_ref ud on ud.user_id = u.id join sys_department_permission_ref dp on dp.department_id = ud.department_id where dp.permission_id = p.id and u.username = ? and u.deleted = 0 ) ) order by p.sort_no, p.id
[2026-09-15 08:57:47.040] [gas-forecast] [] [] [c.g.f.d.m.S.selectByUsername] [http-nio-8080-exec-8] [DEBUG] - ==> Parameters: admin(String), admin(String)
[2026-09-15 08:57:47.042] [gas-forecast] [] [] [c.g.f.d.m.S.selectByUsername] [http-nio-8080-exec-8] [DEBUG] - <==      Total: 50
[2026-09-15 08:57:47.044] [gas-forecast] [] [] [c.g.f.d.m.B.selectList_mpCount] [http-nio-8080-exec-8] [DEBUG] - ==>  Preparing: SELECT COUNT(*) AS total FROM base_customer_tb
[2026-09-15 08:57:47.044] [gas-forecast] [] [] [c.g.f.d.m.B.selectList_mpCount] [http-nio-8080-exec-8] [DEBUG] - ==> Parameters: 
[2026-09-15 08:57:47.045] [gas-forecast] [] [] [c.g.f.d.m.B.selectList_mpCount] [http-nio-8080-exec-8] [DEBUG] - <==      Total: 1
[2026-09-15 08:57:47.045] [gas-forecast] [] [] [c.g.f.d.m.B.selectList] [http-nio-8080-exec-8] [DEBUG] - ==>  Preparing: SELECT id,customer_code,customer_name,industry_code,industry_name,region_code,region_name,created_at,updated_at,created_by,created_by_name,updated_by,update_by_name,raw_region_name,raw_industry_name FROM base_customer_tb ORDER BY updated_at DESC,id DESC LIMIT ?
[2026-09-15 08:57:47.045] [gas-forecast] [] [] [c.g.f.d.m.B.selectList] [http-nio-8080-exec-8] [DEBUG] - ==> Parameters: 10(Long)
[2026-09-15 08:57:47.046] [gas-forecast] [] [] [c.g.f.d.m.B.selectList] [http-nio-8080-exec-8] [DEBUG] - <==      Total: 10
[2026-09-15 08:57:47.542] [gas-forecast] [] [] [c.g.f.d.m.S.selectByUsername] [http-nio-8080-exec-2] [DEBUG] - ==>  Preparing: select distinct p.* from sys_permission_tb p where p.status = 1 and ( exists ( select 1 from sys_user_tb u join sys_user_role_ref ur on ur.user_id = u.id join sys_role_permission_ref rp on rp.role_id = ur.role_id where rp.permission_id = p.id and u.username = ? and u.deleted = 0 ) or exists ( select 1 from sys_user_tb u join sys_user_department_ref ud on ud.user_id = u.id join sys_department_permission_ref dp on dp.department_id = ud.department_id where dp.permission_id = p.id and u.username = ? and u.deleted = 0 ) ) order by p.sort_no, p.id
[2026-09-15 08:57:47.542] [gas-forecast] [] [] [c.g.f.d.m.S.selectByUsername] [http-nio-8080-exec-2] [DEBUG] - ==> Parameters: admin(String), admin(String)
[2026-09-15 08:57:47.544] [gas-forecast] [] [] [c.g.f.d.m.S.selectByUsername] [http-nio-8080-exec-2] [DEBUG] - <==      Total: 50
[2026-09-15 08:57:47.547] [gas-forecast] [] [] [c.g.f.d.m.B.selectList_mpCount] [http-nio-8080-exec-2] [DEBUG] - ==>  Preparing: SELECT COUNT(*) AS total FROM base_industry_tb
[2026-09-15 08:57:47.548] [gas-forecast] [] [] [c.g.f.d.m.B.selectList_mpCount] [http-nio-8080-exec-2] [DEBUG] - ==> Parameters: 
[2026-09-15 08:57:47.549] [gas-forecast] [] [] [c.g.f.d.m.B.selectList_mpCount] [http-nio-8080-exec-2] [DEBUG] - <==      Total: 1
[2026-09-15 08:57:47.549] [gas-forecast] [] [] [c.g.f.d.m.B.selectList] [http-nio-8080-exec-2] [DEBUG] - ==>  Preparing: SELECT id,industry_code,industry_name,parent_id,industry_level,sort_no,created_at,updated_at,created_by,created_by_name,updated_by,updated_by_name FROM base_industry_tb ORDER BY sort_no ASC,updated_at DESC,id DESC LIMIT ?
[2026-09-15 08:57:47.549] [gas-forecast] [] [] [c.g.f.d.m.B.selectList] [http-nio-8080-exec-2] [DEBUG] - ==> Parameters: 10(Long)
[2026-09-15 08:57:47.550] [gas-forecast] [] [] [c.g.f.d.m.B.selectList] [http-nio-8080-exec-2] [DEBUG] - <==      Total: 3
[2026-09-15 08:57:48.112] [gas-forecast] [] [] [c.g.f.d.m.S.selectByUsername] [http-nio-8080-exec-10] [DEBUG] - ==>  Preparing: select distinct p.* from sys_permission_tb p where p.status = 1 and ( exists ( select 1 from sys_user_tb u join sys_user_role_ref ur on ur.user_id = u.id join sys_role_permission_ref rp on rp.role_id = ur.role_id where rp.permission_id = p.id and u.username = ? and u.deleted = 0 ) or exists ( select 1 from sys_user_tb u join sys_user_department_ref ud on ud.user_id = u.id join sys_department_permission_ref dp on dp.department_id = ud.department_id where dp.permission_id = p.id and u.username = ? and u.deleted = 0 ) ) order by p.sort_no, p.id
[2026-09-15 08:57:48.112] [gas-forecast] [] [] [c.g.f.d.m.S.selectByUsername] [http-nio-8080-exec-10] [DEBUG] - ==> Parameters: admin(String), admin(String)
[2026-09-15 08:57:48.114] [gas-forecast] [] [] [c.g.f.d.m.S.selectByUsername] [http-nio-8080-exec-10] [DEBUG] - <==      Total: 50
[2026-09-15 08:57:48.116] [gas-forecast] [] [] [c.g.f.d.m.B.selectList_mpCount] [http-nio-8080-exec-10] [DEBUG] - ==>  Preparing: SELECT COUNT(*) AS total FROM base_customer_tb
[2026-09-15 08:57:48.116] [gas-forecast] [] [] [c.g.f.d.m.B.selectList_mpCount] [http-nio-8080-exec-10] [DEBUG] - ==> Parameters: 
[2026-09-15 08:57:48.117] [gas-forecast] [] [] [c.g.f.d.m.B.selectList_mpCount] [http-nio-8080-exec-10] [DEBUG] - <==      Total: 1
[2026-09-15 08:57:48.117] [gas-forecast] [] [] [c.g.f.d.m.B.selectList] [http-nio-8080-exec-10] [DEBUG] - ==>  Preparing: SELECT id,customer_code,customer_name,industry_code,industry_name,region_code,region_name,created_at,updated_at,created_by,created_by_name,updated_by,update_by_name,raw_region_name,raw_industry_name FROM base_customer_tb ORDER BY updated_at DESC,id DESC LIMIT ?
[2026-09-15 08:57:48.117] [gas-forecast] [] [] [c.g.f.d.m.B.selectList] [http-nio-8080-exec-10] [DEBUG] - ==> Parameters: 10(Long)
[2026-09-15 08:57:48.118] [gas-forecast] [] [] [c.g.f.d.m.B.selectList] [http-nio-8080-exec-10] [DEBUG] - <==      Total: 10
[2026-09-15 08:57:48.479] [gas-forecast] [] [] [c.g.f.d.m.S.selectByUsername] [http-nio-8080-exec-3] [DEBUG] - ==>  Preparing: select distinct p.* from sys_permission_tb p where p.status = 1 and ( exists ( select 1 from sys_user_tb u join sys_user_role_ref ur on ur.user_id = u.id join sys_role_permission_ref rp on rp.role_id = ur.role_id where rp.permission_id = p.id and u.username = ? and u.deleted = 0 ) or exists ( select 1 from sys_user_tb u join sys_user_department_ref ud on ud.user_id = u.id join sys_department_permission_ref dp on dp.department_id = ud.department_id where dp.permission_id = p.id and u.username = ? and u.deleted = 0 ) ) order by p.sort_no, p.id
[2026-09-15 08:57:48.479] [gas-forecast] [] [] [c.g.f.d.m.S.selectByUsername] [http-nio-8080-exec-3] [DEBUG] - ==> Parameters: admin(String), admin(String)
[2026-09-15 08:57:48.481] [gas-forecast] [] [] [c.g.f.d.m.S.selectByUsername] [http-nio-8080-exec-3] [DEBUG] - <==      Total: 50
[2026-09-15 08:57:48.484] [gas-forecast] [] [] [c.g.f.d.m.B.selectList_mpCount] [http-nio-8080-exec-3] [DEBUG] - ==>  Preparing: SELECT COUNT(*) AS total FROM base_region_tb
[2026-09-15 08:57:48.484] [gas-forecast] [] [] [c.g.f.d.m.B.selectList_mpCount] [http-nio-8080-exec-3] [DEBUG] - ==> Parameters: 
[2026-09-15 08:57:48.486] [gas-forecast] [] [] [c.g.f.d.m.B.selectList_mpCount] [http-nio-8080-exec-3] [DEBUG] - <==      Total: 1
[2026-09-15 08:57:48.486] [gas-forecast] [] [] [c.g.f.d.m.B.selectList] [http-nio-8080-exec-3] [DEBUG] - ==>  Preparing: SELECT id,region_code,region_name,region_type,parent_id,sort_no,enabled,remark,created_by,created_at,updated_by,updated_at,update_by_name,created_by_name FROM base_region_tb ORDER BY sort_no ASC,updated_at DESC,id DESC LIMIT ?
[2026-09-15 08:57:48.486] [gas-forecast] [] [] [c.g.f.d.m.B.selectList] [http-nio-8080-exec-3] [DEBUG] - ==> Parameters: 10(Long)
[2026-09-15 08:57:48.487] [gas-forecast] [] [] [c.g.f.d.m.B.selectList] [http-nio-8080-exec-3] [DEBUG] - <==      Total: 10
[2026-09-15 09:10:40.201] [gas-forecast] [] [] [c.g.f.d.m.S.selectByUsername] [http-nio-8080-exec-9] [DEBUG] - ==>  Preparing: select distinct p.* from sys_permission_tb p where p.status = 1 and ( exists ( select 1 from sys_user_tb u join sys_user_role_ref ur on ur.user_id = u.id join sys_role_permission_ref rp on rp.role_id = ur.role_id where rp.permission_id = p.id and u.username = ? and u.deleted = 0 ) or exists ( select 1 from sys_user_tb u join sys_user_department_ref ud on ud.user_id = u.id join sys_department_permission_ref dp on dp.department_id = ud.department_id where dp.permission_id = p.id and u.username = ? and u.deleted = 0 ) ) order by p.sort_no, p.id
[2026-09-15 09:10:40.201] [gas-forecast] [] [] [c.g.f.d.m.S.selectByUsername] [http-nio-8080-exec-9] [DEBUG] - ==> Parameters: admin(String), admin(String)
[2026-09-15 09:10:40.209] [gas-forecast] [] [] [c.g.f.d.m.S.selectByUsername] [http-nio-8080-exec-9] [DEBUG] - <==      Total: 50
[2026-09-15 09:10:40.210] [gas-forecast] [] [] [c.g.f.d.m.SysRoleTbMapper.selectList] [http-nio-8080-exec-9] [DEBUG] - ==>  Preparing: SELECT id,role_code,role_name,description,created_at,updated_at FROM sys_role_tb ORDER BY id ASC
[2026-09-15 09:10:40.210] [gas-forecast] [] [] [c.g.f.d.m.SysRoleTbMapper.selectList] [http-nio-8080-exec-9] [DEBUG] - ==> Parameters: 
[2026-09-15 09:10:40.211] [gas-forecast] [] [] [c.g.f.d.m.SysRoleTbMapper.selectList] [http-nio-8080-exec-9] [DEBUG] - <==      Total: 1
[2026-09-15 09:10:40.211] [gas-forecast] [] [] [c.g.f.d.m.S.selectList] [http-nio-8080-exec-9] [DEBUG] - ==>  Preparing: SELECT id,parent_id,department_name,org_code,sort_no,status,created_at,updated_at FROM sys_department_tb ORDER BY sort_no ASC,id ASC
[2026-09-15 09:10:40.211] [gas-forecast] [] [] [c.g.f.d.m.S.selectList] [http-nio-8080-exec-9] [DEBUG] - ==> Parameters: 
[2026-09-15 09:10:40.212] [gas-forecast] [] [] [c.g.f.d.m.S.selectList] [http-nio-8080-exec-9] [DEBUG] - <==      Total: 7
[2026-09-15 09:10:40.212] [gas-forecast] [] [] [c.g.f.d.m.S.selectList] [http-nio-8080-exec-9] [DEBUG] - ==>  Preparing: SELECT id,parent_id,permission_name,path,component,permission_type,perms,icon,sort_no,hidden,status,created_at,updated_at FROM sys_permission_tb ORDER BY sort_no ASC,id ASC
[2026-09-15 09:10:40.212] [gas-forecast] [] [] [c.g.f.d.m.S.selectList] [http-nio-8080-exec-9] [DEBUG] - ==> Parameters: 
[2026-09-15 09:10:40.213] [gas-forecast] [] [] [c.g.f.d.m.S.selectList] [http-nio-8080-exec-9] [DEBUG] - <==      Total: 50
[2026-09-15 09:10:40.217] [gas-forecast] [] [] [c.g.f.d.m.S.selectByUsername] [http-nio-8080-exec-6] [DEBUG] - ==>  Preparing: select distinct p.* from sys_permission_tb p where p.status = 1 and ( exists ( select 1 from sys_user_tb u join sys_user_role_ref ur on ur.user_id = u.id join sys_role_permission_ref rp on rp.role_id = ur.role_id where rp.permission_id = p.id and u.username = ? and u.deleted = 0 ) or exists ( select 1 from sys_user_tb u join sys_user_department_ref ud on ud.user_id = u.id join sys_department_permission_ref dp on dp.department_id = ud.department_id where dp.permission_id = p.id and u.username = ? and u.deleted = 0 ) ) order by p.sort_no, p.id
[2026-09-15 09:10:40.217] [gas-forecast] [] [] [c.g.f.d.m.S.selectByUsername] [http-nio-8080-exec-6] [DEBUG] - ==> Parameters: admin(String), admin(String)
[2026-09-15 09:10:40.219] [gas-forecast] [] [] [c.g.f.d.m.S.selectByUsername] [http-nio-8080-exec-6] [DEBUG] - <==      Total: 50
[2026-09-15 09:10:40.220] [gas-forecast] [] [] [c.g.f.d.m.SysUserTbMapper.selectList] [http-nio-8080-exec-6] [DEBUG] - ==>  Preparing: SELECT id,username,real_name,password_hash,password_salt,avatar,email,phone,org_code,status,deleted,created_at,updated_at FROM sys_user_tb WHERE (deleted = ?) ORDER BY id ASC
[2026-09-15 09:10:40.220] [gas-forecast] [] [] [c.g.f.d.m.SysUserTbMapper.selectList] [http-nio-8080-exec-6] [DEBUG] - ==> Parameters: 0(Integer)
[2026-09-15 09:10:40.220] [gas-forecast] [] [] [c.g.f.d.m.SysUserTbMapper.selectList] [http-nio-8080-exec-6] [DEBUG] - <==      Total: 1
[2026-09-15 09:10:40.221] [gas-forecast] [] [] [c.g.f.d.m.SysRoleTbMapper.selectList] [http-nio-8080-exec-6] [DEBUG] - ==>  Preparing: SELECT id,role_code,role_name,description,created_at,updated_at FROM sys_role_tb ORDER BY id ASC
[2026-09-15 09:10:40.221] [gas-forecast] [] [] [c.g.f.d.m.SysRoleTbMapper.selectList] [http-nio-8080-exec-6] [DEBUG] - ==> Parameters: 
[2026-09-15 09:10:40.221] [gas-forecast] [] [] [c.g.f.d.m.SysRoleTbMapper.selectList] [http-nio-8080-exec-6] [DEBUG] - <==      Total: 1
[2026-09-15 09:10:40.221] [gas-forecast] [] [] [c.g.f.d.m.S.selectList] [http-nio-8080-exec-6] [DEBUG] - ==>  Preparing: SELECT id,parent_id,department_name,org_code,sort_no,status,created_at,updated_at FROM sys_department_tb ORDER BY id ASC
[2026-09-15 09:10:40.221] [gas-forecast] [] [] [c.g.f.d.m.S.selectList] [http-nio-8080-exec-6] [DEBUG] - ==> Parameters: 
[2026-09-15 09:10:40.222] [gas-forecast] [] [] [c.g.f.d.m.S.selectList] [http-nio-8080-exec-6] [DEBUG] - <==      Total: 7
[2026-09-15 09:10:40.222] [gas-forecast] [] [] [c.g.f.d.m.S.selectList] [http-nio-8080-exec-6] [DEBUG] - ==>  Preparing: SELECT id,user_id,role_id FROM sys_user_role_ref
[2026-09-15 09:10:40.222] [gas-forecast] [] [] [c.g.f.d.m.S.selectList] [http-nio-8080-exec-6] [DEBUG] - ==> Parameters: 
[2026-09-15 09:10:40.222] [gas-forecast] [] [] [c.g.f.d.m.S.selectList] [http-nio-8080-exec-6] [DEBUG] - <==      Total: 1
[2026-09-15 09:10:40.222] [gas-forecast] [] [] [c.g.f.d.m.S.selectList] [http-nio-8080-exec-6] [DEBUG] - ==>  Preparing: SELECT id,user_id,department_id FROM sys_user_department_ref
[2026-09-15 09:10:40.222] [gas-forecast] [] [] [c.g.f.d.m.S.selectList] [http-nio-8080-exec-6] [DEBUG] - ==> Parameters: 
[2026-09-15 09:10:40.223] [gas-forecast] [] [] [c.g.f.d.m.S.selectList] [http-nio-8080-exec-6] [DEBUG] - <==      Total: 1
[2026-09-15 09:15:08.004] [gas-forecast] [] [] [c.g.f.d.m.SysUserTbMapper.selectList] [http-nio-8080-exec-8] [DEBUG] - ==>  Preparing: SELECT id,username,real_name,password_hash,password_salt,avatar,email,phone,org_code,status,deleted,created_at,updated_at FROM sys_user_tb WHERE (username = ? AND deleted = ?)
[2026-09-15 09:15:08.005] [gas-forecast] [] [] [c.g.f.d.m.SysUserTbMapper.selectList] [http-nio-8080-exec-8] [DEBUG] - ==> Parameters: admin(String), 0(Integer)
[2026-09-15 09:15:08.010] [gas-forecast] [] [] [c.g.f.d.m.SysUserTbMapper.selectList] [http-nio-8080-exec-8] [DEBUG] - <==      Total: 1
[2026-09-15 09:15:08.013] [gas-forecast] [] [] [c.g.f.d.m.S.selectRoleCodesByUsername] [http-nio-8080-exec-8] [DEBUG] - ==>  Preparing: select r.role_code from sys_user_tb u join sys_user_role_ref ur on ur.user_id = u.id join sys_role_tb r on r.id = ur.role_id where u.username = ? order by r.role_code
[2026-09-15 09:15:08.013] [gas-forecast] [] [] [c.g.f.d.m.S.selectRoleCodesByUsername] [http-nio-8080-exec-8] [DEBUG] - ==> Parameters: admin(String)
[2026-09-15 09:15:08.014] [gas-forecast] [] [] [c.g.f.d.m.S.selectRoleCodesByUsername] [http-nio-8080-exec-8] [DEBUG] - <==      Total: 1
[2026-09-15 09:15:08.014] [gas-forecast] [] [] [c.g.f.d.m.S.selectByUsername] [http-nio-8080-exec-8] [DEBUG] - ==>  Preparing: select distinct p.* from sys_permission_tb p where p.status = 1 and ( exists ( select 1 from sys_user_tb u join sys_user_role_ref ur on ur.user_id = u.id join sys_role_permission_ref rp on rp.role_id = ur.role_id where rp.permission_id = p.id and u.username = ? and u.deleted = 0 ) or exists ( select 1 from sys_user_tb u join sys_user_department_ref ud on ud.user_id = u.id join sys_department_permission_ref dp on dp.department_id = ud.department_id where dp.permission_id = p.id and u.username = ? and u.deleted = 0 ) ) order by p.sort_no, p.id
[2026-09-15 09:15:08.014] [gas-forecast] [] [] [c.g.f.d.m.S.selectByUsername] [http-nio-8080-exec-8] [DEBUG] - ==> Parameters: admin(String), admin(String)
[2026-09-15 09:15:08.015] [gas-forecast] [] [] [c.g.f.d.m.S.selectByUsername] [http-nio-8080-exec-8] [DEBUG] - <==      Total: 50
[2026-09-15 09:18:29.216] [gas-forecast] [] [] [c.g.f.d.m.S.selectByUsername] [http-nio-8080-exec-3] [DEBUG] - ==>  Preparing: select distinct p.* from sys_permission_tb p where p.status = 1 and ( exists ( select 1 from sys_user_tb u join sys_user_role_ref ur on ur.user_id = u.id join sys_role_permission_ref rp on rp.role_id = ur.role_id where rp.permission_id = p.id and u.username = ? and u.deleted = 0 ) or exists ( select 1 from sys_user_tb u join sys_user_department_ref ud on ud.user_id = u.id join sys_department_permission_ref dp on dp.department_id = ud.department_id where dp.permission_id = p.id and u.username = ? and u.deleted = 0 ) ) order by p.sort_no, p.id
[2026-09-15 09:18:29.216] [gas-forecast] [] [] [c.g.f.d.m.S.selectByUsername] [http-nio-8080-exec-3] [DEBUG] - ==> Parameters: admin(String), admin(String)
[2026-09-15 09:18:29.223] [gas-forecast] [] [] [c.g.f.d.m.S.selectByUsername] [http-nio-8080-exec-3] [DEBUG] - <==      Total: 50
[2026-09-15 09:18:29.225] [gas-forecast] [] [] [c.g.f.d.m.B.selectList_mpCount] [http-nio-8080-exec-3] [DEBUG] - ==>  Preparing: SELECT COUNT(*) AS total FROM base_region_tb
[2026-09-15 09:18:29.225] [gas-forecast] [] [] [c.g.f.d.m.B.selectList_mpCount] [http-nio-8080-exec-3] [DEBUG] - ==> Parameters: 
[2026-09-15 09:18:29.227] [gas-forecast] [] [] [c.g.f.d.m.B.selectList_mpCount] [http-nio-8080-exec-3] [DEBUG] - <==      Total: 1
[2026-09-15 09:18:29.227] [gas-forecast] [] [] [c.g.f.d.m.B.selectList] [http-nio-8080-exec-3] [DEBUG] - ==>  Preparing: SELECT id,region_code,region_name,region_type,parent_id,sort_no,enabled,remark,created_by,created_at,updated_by,updated_at,update_by_name,created_by_name FROM base_region_tb ORDER BY sort_no ASC,updated_at DESC,id DESC LIMIT ?
[2026-09-15 09:18:29.227] [gas-forecast] [] [] [c.g.f.d.m.B.selectList] [http-nio-8080-exec-3] [DEBUG] - ==> Parameters: 10(Long)
[2026-09-15 09:18:29.228] [gas-forecast] [] [] [c.g.f.d.m.B.selectList] [http-nio-8080-exec-3] [DEBUG] - <==      Total: 10
[2026-09-15 09:18:40.206] [gas-forecast] [] [] [c.g.f.d.m.S.selectByUsername] [http-nio-8080-exec-2] [DEBUG] - ==>  Preparing: select distinct p.* from sys_permission_tb p where p.status = 1 and ( exists ( select 1 from sys_user_tb u join sys_user_role_ref ur on ur.user_id = u.id join sys_role_permission_ref rp on rp.role_id = ur.role_id where rp.permission_id = p.id and u.username = ? and u.deleted = 0 ) or exists ( select 1 from sys_user_tb u join sys_user_department_ref ud on ud.user_id = u.id join sys_department_permission_ref dp on dp.department_id = ud.department_id where dp.permission_id = p.id and u.username = ? and u.deleted = 0 ) ) order by p.sort_no, p.id
[2026-09-15 09:18:40.206] [gas-forecast] [] [] [c.g.f.d.m.S.selectByUsername] [http-nio-8080-exec-2] [DEBUG] - ==> Parameters: admin(String), admin(String)
[2026-09-15 09:18:40.209] [gas-forecast] [] [] [c.g.f.d.m.S.selectByUsername] [http-nio-8080-exec-2] [DEBUG] - <==      Total: 50
[2026-09-15 09:18:40.211] [gas-forecast] [] [] [c.g.f.d.m.B.selectList_mpCount] [http-nio-8080-exec-2] [DEBUG] - ==>  Preparing: SELECT COUNT(*) AS total FROM base_customer_tb
[2026-09-15 09:18:40.211] [gas-forecast] [] [] [c.g.f.d.m.B.selectList_mpCount] [http-nio-8080-exec-2] [DEBUG] - ==> Parameters: 
[2026-09-15 09:18:40.213] [gas-forecast] [] [] [c.g.f.d.m.B.selectList_mpCount] [http-nio-8080-exec-2] [DEBUG] - <==      Total: 1
[2026-09-15 09:18:40.213] [gas-forecast] [] [] [c.g.f.d.m.B.selectList] [http-nio-8080-exec-2] [DEBUG] - ==>  Preparing: SELECT id,customer_code,customer_name,industry_code,industry_name,region_code,region_name,created_at,updated_at,created_by,created_by_name,updated_by,update_by_name,raw_region_name,raw_industry_name FROM base_customer_tb ORDER BY updated_at DESC,id DESC LIMIT ?
[2026-09-15 09:18:40.213] [gas-forecast] [] [] [c.g.f.d.m.B.selectList] [http-nio-8080-exec-2] [DEBUG] - ==> Parameters: 10(Long)
[2026-09-15 09:18:40.214] [gas-forecast] [] [] [c.g.f.d.m.B.selectList] [http-nio-8080-exec-2] [DEBUG] - <==      Total: 10
[2026-09-15 09:23:47.611] [gas-forecast] [] [] [c.g.f.d.m.S.selectByUsername] [http-nio-8080-exec-1] [DEBUG] - ==>  Preparing: select distinct p.* from sys_permission_tb p where p.status = 1 and ( exists ( select 1 from sys_user_tb u join sys_user_role_ref ur on ur.user_id = u.id join sys_role_permission_ref rp on rp.role_id = ur.role_id where rp.permission_id = p.id and u.username = ? and u.deleted = 0 ) or exists ( select 1 from sys_user_tb u join sys_user_department_ref ud on ud.user_id = u.id join sys_department_permission_ref dp on dp.department_id = ud.department_id where dp.permission_id = p.id and u.username = ? and u.deleted = 0 ) ) order by p.sort_no, p.id
[2026-09-15 09:23:47.611] [gas-forecast] [] [] [c.g.f.d.m.S.selectByUsername] [http-nio-8080-exec-1] [DEBUG] - ==> Parameters: admin(String), admin(String)
[2026-09-15 09:23:47.617] [gas-forecast] [] [] [c.g.f.d.m.S.selectByUsername] [http-nio-8080-exec-1] [DEBUG] - <==      Total: 50
[2026-09-15 09:23:47.619] [gas-forecast] [] [] [c.g.f.d.m.D.selectList_mpCount] [http-nio-8080-exec-1] [DEBUG] - ==>  Preparing: SELECT COUNT(*) AS total FROM data_daily_sales_tb
[2026-09-15 09:23:47.619] [gas-forecast] [] [] [c.g.f.d.m.D.selectList_mpCount] [http-nio-8080-exec-1] [DEBUG] - ==> Parameters: 
[2026-09-15 09:23:47.624] [gas-forecast] [] [] [c.g.f.d.m.D.selectList_mpCount] [http-nio-8080-exec-1] [DEBUG] - <==      Total: 1
[2026-09-15 09:23:47.624] [gas-forecast] [] [] [c.g.f.d.m.D.selectList] [http-nio-8080-exec-1] [DEBUG] - ==>  Preparing: SELECT id,stat_date,region_name,industry_name,customer_name,customer_code,gas_sales,unit,file_id,created_at,region_code,industry_code FROM data_daily_sales_tb ORDER BY stat_date DESC,id DESC LIMIT ?
[2026-09-15 09:23:47.624] [gas-forecast] [] [] [c.g.f.d.m.D.selectList] [http-nio-8080-exec-1] [DEBUG] - ==> Parameters: 10(Long)
[2026-09-15 09:23:47.653] [gas-forecast] [] [] [c.g.f.d.m.D.selectList] [http-nio-8080-exec-1] [DEBUG] - <==      Total: 10
[2026-09-15 09:23:48.399] [gas-forecast] [] [] [c.g.f.d.m.S.selectByUsername] [http-nio-8080-exec-8] [DEBUG] - ==>  Preparing: select distinct p.* from sys_permission_tb p where p.status = 1 and ( exists ( select 1 from sys_user_tb u join sys_user_role_ref ur on ur.user_id = u.id join sys_role_permission_ref rp on rp.role_id = ur.role_id where rp.permission_id = p.id and u.username = ? and u.deleted = 0 ) or exists ( select 1 from sys_user_tb u join sys_user_department_ref ud on ud.user_id = u.id join sys_department_permission_ref dp on dp.department_id = ud.department_id where dp.permission_id = p.id and u.username = ? and u.deleted = 0 ) ) order by p.sort_no, p.id
[2026-09-15 09:23:48.399] [gas-forecast] [] [] [c.g.f.d.m.S.selectByUsername] [http-nio-8080-exec-8] [DEBUG] - ==> Parameters: admin(String), admin(String)
[2026-09-15 09:23:48.401] [gas-forecast] [] [] [c.g.f.d.m.S.selectByUsername] [http-nio-8080-exec-8] [DEBUG] - <==      Total: 50
[2026-09-15 09:23:48.402] [gas-forecast] [] [] [c.g.f.d.m.D.selectList_mpCount] [http-nio-8080-exec-8] [DEBUG] - ==>  Preparing: SELECT COUNT(*) AS total FROM data_daily_sales_tb
[2026-09-15 09:23:48.402] [gas-forecast] [] [] [c.g.f.d.m.D.selectList_mpCount] [http-nio-8080-exec-8] [DEBUG] - ==> Parameters: 
[2026-09-15 09:23:48.406] [gas-forecast] [] [] [c.g.f.d.m.D.selectList_mpCount] [http-nio-8080-exec-8] [DEBUG] - <==      Total: 1
[2026-09-15 09:23:48.407] [gas-forecast] [] [] [c.g.f.d.m.D.selectList] [http-nio-8080-exec-8] [DEBUG] - ==>  Preparing: SELECT id,stat_date,region_name,industry_name,customer_name,customer_code,gas_sales,unit,file_id,created_at,region_code,industry_code FROM data_daily_sales_tb ORDER BY stat_date DESC,id DESC LIMIT ?
[2026-09-15 09:23:48.407] [gas-forecast] [] [] [c.g.f.d.m.D.selectList] [http-nio-8080-exec-8] [DEBUG] - ==> Parameters: 10(Long)
[2026-09-15 09:23:48.441] [gas-forecast] [] [] [c.g.f.d.m.D.selectList] [http-nio-8080-exec-8] [DEBUG] - <==      Total: 10
[2026-09-15 09:23:48.884] [gas-forecast] [] [] [c.g.f.d.m.S.selectByUsername] [http-nio-8080-exec-3] [DEBUG] - ==>  Preparing: select distinct p.* from sys_permission_tb p where p.status = 1 and ( exists ( select 1 from sys_user_tb u join sys_user_role_ref ur on ur.user_id = u.id join sys_role_permission_ref rp on rp.role_id = ur.role_id where rp.permission_id = p.id and u.username = ? and u.deleted = 0 ) or exists ( select 1 from sys_user_tb u join sys_user_department_ref ud on ud.user_id = u.id join sys_department_permission_ref dp on dp.department_id = ud.department_id where dp.permission_id = p.id and u.username = ? and u.deleted = 0 ) ) order by p.sort_no, p.id
[2026-09-15 09:23:48.884] [gas-forecast] [] [] [c.g.f.d.m.S.selectByUsername] [http-nio-8080-exec-3] [DEBUG] - ==> Parameters: admin(String), admin(String)
[2026-09-15 09:23:48.886] [gas-forecast] [] [] [c.g.f.d.m.S.selectByUsername] [http-nio-8080-exec-3] [DEBUG] - <==      Total: 50
[2026-09-15 09:23:48.889] [gas-forecast] [] [] [c.g.f.d.m.B.selectList_mpCount] [http-nio-8080-exec-3] [DEBUG] - ==>  Preparing: SELECT COUNT(*) AS total FROM base_industry_tb
[2026-09-15 09:23:48.889] [gas-forecast] [] [] [c.g.f.d.m.B.selectList_mpCount] [http-nio-8080-exec-3] [DEBUG] - ==> Parameters: 
[2026-09-15 09:23:48.890] [gas-forecast] [] [] [c.g.f.d.m.B.selectList_mpCount] [http-nio-8080-exec-3] [DEBUG] - <==      Total: 1
[2026-09-15 09:23:48.890] [gas-forecast] [] [] [c.g.f.d.m.B.selectList] [http-nio-8080-exec-3] [DEBUG] - ==>  Preparing: SELECT id,industry_code,industry_name,parent_id,industry_level,sort_no,created_at,updated_at,created_by,created_by_name,updated_by,updated_by_name FROM base_industry_tb ORDER BY sort_no ASC,updated_at DESC,id DESC LIMIT ?
[2026-09-15 09:23:48.890] [gas-forecast] [] [] [c.g.f.d.m.B.selectList] [http-nio-8080-exec-3] [DEBUG] - ==> Parameters: 10(Long)
[2026-09-15 09:23:48.891] [gas-forecast] [] [] [c.g.f.d.m.B.selectList] [http-nio-8080-exec-3] [DEBUG] - <==      Total: 3
[2026-09-15 09:23:49.268] [gas-forecast] [] [] [c.g.f.d.m.S.selectByUsername] [http-nio-8080-exec-2] [DEBUG] - ==>  Preparing: select distinct p.* from sys_permission_tb p where p.status = 1 and ( exists ( select 1 from sys_user_tb u join sys_user_role_ref ur on ur.user_id = u.id join sys_role_permission_ref rp on rp.role_id = ur.role_id where rp.permission_id = p.id and u.username = ? and u.deleted = 0 ) or exists ( select 1 from sys_user_tb u join sys_user_department_ref ud on ud.user_id = u.id join sys_department_permission_ref dp on dp.department_id = ud.department_id where dp.permission_id = p.id and u.username = ? and u.deleted = 0 ) ) order by p.sort_no, p.id
[2026-09-15 09:23:49.269] [gas-forecast] [] [] [c.g.f.d.m.S.selectByUsername] [http-nio-8080-exec-2] [DEBUG] - ==> Parameters: admin(String), admin(String)
[2026-09-15 09:23:49.271] [gas-forecast] [] [] [c.g.f.d.m.S.selectByUsername] [http-nio-8080-exec-2] [DEBUG] - <==      Total: 50
[2026-09-15 09:23:49.273] [gas-forecast] [] [] [c.g.f.d.m.B.selectList_mpCount] [http-nio-8080-exec-2] [DEBUG] - ==>  Preparing: SELECT COUNT(*) AS total FROM base_customer_tb
[2026-09-15 09:23:49.273] [gas-forecast] [] [] [c.g.f.d.m.B.selectList_mpCount] [http-nio-8080-exec-2] [DEBUG] - ==> Parameters: 
[2026-09-15 09:23:49.275] [gas-forecast] [] [] [c.g.f.d.m.B.selectList_mpCount] [http-nio-8080-exec-2] [DEBUG] - <==      Total: 1
[2026-09-15 09:23:49.275] [gas-forecast] [] [] [c.g.f.d.m.B.selectList] [http-nio-8080-exec-2] [DEBUG] - ==>  Preparing: SELECT id,customer_code,customer_name,industry_code,industry_name,region_code,region_name,created_at,updated_at,created_by,created_by_name,updated_by,update_by_name,raw_region_name,raw_industry_name FROM base_customer_tb ORDER BY updated_at DESC,id DESC LIMIT ?
[2026-09-15 09:23:49.275] [gas-forecast] [] [] [c.g.f.d.m.B.selectList] [http-nio-8080-exec-2] [DEBUG] - ==> Parameters: 10(Long)
[2026-09-15 09:23:49.275] [gas-forecast] [] [] [c.g.f.d.m.B.selectList] [http-nio-8080-exec-2] [DEBUG] - <==      Total: 10
[2026-09-15 09:26:19.948] [gas-forecast] [] [] [c.g.f.d.m.S.selectByUsername] [http-nio-8080-exec-10] [DEBUG] - ==>  Preparing: select distinct p.* from sys_permission_tb p where p.status = 1 and ( exists ( select 1 from sys_user_tb u join sys_user_role_ref ur on ur.user_id = u.id join sys_role_permission_ref rp on rp.role_id = ur.role_id where rp.permission_id = p.id and u.username = ? and u.deleted = 0 ) or exists ( select 1 from sys_user_tb u join sys_user_department_ref ud on ud.user_id = u.id join sys_department_permission_ref dp on dp.department_id = ud.department_id where dp.permission_id = p.id and u.username = ? and u.deleted = 0 ) ) order by p.sort_no, p.id
[2026-09-15 09:26:19.949] [gas-forecast] [] [] [c.g.f.d.m.S.selectByUsername] [http-nio-8080-exec-10] [DEBUG] - ==> Parameters: admin(String), admin(String)
[2026-09-15 09:26:19.954] [gas-forecast] [] [] [c.g.f.d.m.S.selectByUsername] [http-nio-8080-exec-10] [DEBUG] - <==      Total: 50
[2026-09-15 09:26:19.957] [gas-forecast] [] [] [c.g.f.d.m.D.selectList_mpCount] [http-nio-8080-exec-10] [DEBUG] - ==>  Preparing: SELECT COUNT(*) AS total FROM data_file_info_tb
[2026-09-15 09:26:19.957] [gas-forecast] [] [] [c.g.f.d.m.D.selectList_mpCount] [http-nio-8080-exec-10] [DEBUG] - ==> Parameters: 
[2026-09-15 09:26:19.959] [gas-forecast] [] [] [c.g.f.d.m.D.selectList_mpCount] [http-nio-8080-exec-10] [DEBUG] - <==      Total: 1
[2026-09-15 09:26:19.959] [gas-forecast] [] [] [c.g.f.d.m.D.selectList] [http-nio-8080-exec-10] [DEBUG] - ==>  Preparing: SELECT id,file_name,object_key,file_hash,status,total_count,error_message,created_at,updated_at,created_by,created_by_name FROM data_file_info_tb ORDER BY updated_at DESC,id DESC LIMIT ?
[2026-09-15 09:26:19.959] [gas-forecast] [] [] [c.g.f.d.m.D.selectList] [http-nio-8080-exec-10] [DEBUG] - ==> Parameters: 10(Long)
[2026-09-15 09:26:19.960] [gas-forecast] [] [] [c.g.f.d.m.D.selectList] [http-nio-8080-exec-10] [DEBUG] - <==      Total: 10
[2026-09-15 10:07:20.001] [gas-forecast] [] [] [c.g.f.d.m.SysUserTbMapper.selectList] [http-nio-8080-exec-5] [DEBUG] - ==>  Preparing: SELECT id,username,real_name,password_hash,password_salt,avatar,email,phone,org_code,status,deleted,created_at,updated_at FROM sys_user_tb WHERE (username = ? AND deleted = ?)
[2026-09-15 10:07:20.001] [gas-forecast] [] [] [c.g.f.d.m.SysUserTbMapper.selectList] [http-nio-8080-exec-5] [DEBUG] - ==> Parameters: admin(String), 0(Integer)
[2026-09-15 10:07:20.007] [gas-forecast] [] [] [c.g.f.d.m.SysUserTbMapper.selectList] [http-nio-8080-exec-5] [DEBUG] - <==      Total: 1
[2026-09-15 10:07:20.007] [gas-forecast] [] [] [c.g.f.d.m.S.selectRoleCodesByUsername] [http-nio-8080-exec-5] [DEBUG] - ==>  Preparing: select r.role_code from sys_user_tb u join sys_user_role_ref ur on ur.user_id = u.id join sys_role_tb r on r.id = ur.role_id where u.username = ? order by r.role_code
[2026-09-15 10:07:20.007] [gas-forecast] [] [] [c.g.f.d.m.S.selectRoleCodesByUsername] [http-nio-8080-exec-5] [DEBUG] - ==> Parameters: admin(String)
[2026-09-15 10:07:20.009] [gas-forecast] [] [] [c.g.f.d.m.S.selectRoleCodesByUsername] [http-nio-8080-exec-5] [DEBUG] - <==      Total: 1
[2026-09-15 10:07:20.009] [gas-forecast] [] [] [c.g.f.d.m.S.selectByUsername] [http-nio-8080-exec-5] [DEBUG] - ==>  Preparing: select distinct p.* from sys_permission_tb p where p.status = 1 and ( exists ( select 1 from sys_user_tb u join sys_user_role_ref ur on ur.user_id = u.id join sys_role_permission_ref rp on rp.role_id = ur.role_id where rp.permission_id = p.id and u.username = ? and u.deleted = 0 ) or exists ( select 1 from sys_user_tb u join sys_user_department_ref ud on ud.user_id = u.id join sys_department_permission_ref dp on dp.department_id = ud.department_id where dp.permission_id = p.id and u.username = ? and u.deleted = 0 ) ) order by p.sort_no, p.id
[2026-09-15 10:07:20.009] [gas-forecast] [] [] [c.g.f.d.m.S.selectByUsername] [http-nio-8080-exec-5] [DEBUG] - ==> Parameters: admin(String), admin(String)
[2026-09-15 10:07:20.011] [gas-forecast] [] [] [c.g.f.d.m.S.selectByUsername] [http-nio-8080-exec-5] [DEBUG] - <==      Total: 50
[2026-09-15 10:07:29.236] [gas-forecast] [] [] [c.g.f.d.m.S.selectByUsername] [http-nio-8080-exec-3] [DEBUG] - ==>  Preparing: select distinct p.* from sys_permission_tb p where p.status = 1 and ( exists ( select 1 from sys_user_tb u join sys_user_role_ref ur on ur.user_id = u.id join sys_role_permission_ref rp on rp.role_id = ur.role_id where rp.permission_id = p.id and u.username = ? and u.deleted = 0 ) or exists ( select 1 from sys_user_tb u join sys_user_department_ref ud on ud.user_id = u.id join sys_department_permission_ref dp on dp.department_id = ud.department_id where dp.permission_id = p.id and u.username = ? and u.deleted = 0 ) ) order by p.sort_no, p.id
[2026-09-15 10:07:29.237] [gas-forecast] [] [] [c.g.f.d.m.S.selectByUsername] [http-nio-8080-exec-3] [DEBUG] - ==> Parameters: admin(String), admin(String)
[2026-09-15 10:07:29.238] [gas-forecast] [] [] [c.g.f.d.m.S.selectByUsername] [http-nio-8080-exec-3] [DEBUG] - <==      Total: 50
[2026-09-15 10:07:29.240] [gas-forecast] [] [] [c.g.f.d.m.B.selectList_mpCount] [http-nio-8080-exec-3] [DEBUG] - ==>  Preparing: SELECT COUNT(*) AS total FROM base_region_tb
[2026-09-15 10:07:29.240] [gas-forecast] [] [] [c.g.f.d.m.B.selectList_mpCount] [http-nio-8080-exec-3] [DEBUG] - ==> Parameters: 
[2026-09-15 10:07:29.241] [gas-forecast] [] [] [c.g.f.d.m.B.selectList_mpCount] [http-nio-8080-exec-3] [DEBUG] - <==      Total: 1
[2026-09-15 10:07:29.242] [gas-forecast] [] [] [c.g.f.d.m.B.selectList] [http-nio-8080-exec-3] [DEBUG] - ==>  Preparing: SELECT id,region_code,region_name,region_type,parent_id,sort_no,enabled,remark,created_by,created_at,updated_by,updated_at,update_by_name,created_by_name FROM base_region_tb ORDER BY sort_no ASC,updated_at DESC,id DESC LIMIT ?
[2026-09-15 10:07:29.242] [gas-forecast] [] [] [c.g.f.d.m.B.selectList] [http-nio-8080-exec-3] [DEBUG] - ==> Parameters: 10(Long)
[2026-09-15 10:07:29.243] [gas-forecast] [] [] [c.g.f.d.m.B.selectList] [http-nio-8080-exec-3] [DEBUG] - <==      Total: 10
[2026-09-15 10:07:29.623] [gas-forecast] [] [] [c.g.f.d.m.S.selectByUsername] [http-nio-8080-exec-2] [DEBUG] - ==>  Preparing: select distinct p.* from sys_permission_tb p where p.status = 1 and ( exists ( select 1 from sys_user_tb u join sys_user_role_ref ur on ur.user_id = u.id join sys_role_permission_ref rp on rp.role_id = ur.role_id where rp.permission_id = p.id and u.username = ? and u.deleted = 0 ) or exists ( select 1 from sys_user_tb u join sys_user_department_ref ud on ud.user_id = u.id join sys_department_permission_ref dp on dp.department_id = ud.department_id where dp.permission_id = p.id and u.username = ? and u.deleted = 0 ) ) order by p.sort_no, p.id
[2026-09-15 10:07:29.623] [gas-forecast] [] [] [c.g.f.d.m.S.selectByUsername] [http-nio-8080-exec-2] [DEBUG] - ==> Parameters: admin(String), admin(String)
[2026-09-15 10:07:29.625] [gas-forecast] [] [] [c.g.f.d.m.S.selectByUsername] [http-nio-8080-exec-2] [DEBUG] - <==      Total: 50
[2026-09-15 10:07:29.627] [gas-forecast] [] [] [c.g.f.d.m.B.selectList_mpCount] [http-nio-8080-exec-2] [DEBUG] - ==>  Preparing: SELECT COUNT(*) AS total FROM base_customer_tb
[2026-09-15 10:07:29.627] [gas-forecast] [] [] [c.g.f.d.m.B.selectList_mpCount] [http-nio-8080-exec-2] [DEBUG] - ==> Parameters: 
[2026-09-15 10:07:29.628] [gas-forecast] [] [] [c.g.f.d.m.B.selectList_mpCount] [http-nio-8080-exec-2] [DEBUG] - <==      Total: 1
[2026-09-15 10:07:29.629] [gas-forecast] [] [] [c.g.f.d.m.B.selectList] [http-nio-8080-exec-2] [DEBUG] - ==>  Preparing: SELECT id,customer_code,customer_name,industry_code,industry_name,region_code,region_name,created_at,updated_at,created_by,created_by_name,updated_by,update_by_name,raw_region_name,raw_industry_name FROM base_customer_tb ORDER BY updated_at DESC,id DESC LIMIT ?
[2026-09-15 10:07:29.629] [gas-forecast] [] [] [c.g.f.d.m.B.selectList] [http-nio-8080-exec-2] [DEBUG] - ==> Parameters: 10(Long)
[2026-09-15 10:07:29.629] [gas-forecast] [] [] [c.g.f.d.m.B.selectList] [http-nio-8080-exec-2] [DEBUG] - <==      Total: 10
[2026-09-15 10:07:30.042] [gas-forecast] [] [] [c.g.f.d.m.S.selectByUsername] [http-nio-8080-exec-10] [DEBUG] - ==>  Preparing: select distinct p.* from sys_permission_tb p where p.status = 1 and ( exists ( select 1 from sys_user_tb u join sys_user_role_ref ur on ur.user_id = u.id join sys_role_permission_ref rp on rp.role_id = ur.role_id where rp.permission_id = p.id and u.username = ? and u.deleted = 0 ) or exists ( select 1 from sys_user_tb u join sys_user_department_ref ud on ud.user_id = u.id join sys_department_permission_ref dp on dp.department_id = ud.department_id where dp.permission_id = p.id and u.username = ? and u.deleted = 0 ) ) order by p.sort_no, p.id
[2026-09-15 10:07:30.042] [gas-forecast] [] [] [c.g.f.d.m.S.selectByUsername] [http-nio-8080-exec-10] [DEBUG] - ==> Parameters: admin(String), admin(String)
[2026-09-15 10:07:30.044] [gas-forecast] [] [] [c.g.f.d.m.S.selectByUsername] [http-nio-8080-exec-10] [DEBUG] - <==      Total: 50
[2026-09-15 10:07:30.048] [gas-forecast] [] [] [c.g.f.d.m.B.selectList_mpCount] [http-nio-8080-exec-10] [DEBUG] - ==>  Preparing: SELECT COUNT(*) AS total FROM base_industry_tb
[2026-09-15 10:07:30.048] [gas-forecast] [] [] [c.g.f.d.m.B.selectList_mpCount] [http-nio-8080-exec-10] [DEBUG] - ==> Parameters: 
[2026-09-15 10:07:30.049] [gas-forecast] [] [] [c.g.f.d.m.B.selectList_mpCount] [http-nio-8080-exec-10] [DEBUG] - <==      Total: 1
[2026-09-15 10:07:30.050] [gas-forecast] [] [] [c.g.f.d.m.B.selectList] [http-nio-8080-exec-10] [DEBUG] - ==>  Preparing: SELECT id,industry_code,industry_name,parent_id,industry_level,sort_no,created_at,updated_at,created_by,created_by_name,updated_by,updated_by_name FROM base_industry_tb ORDER BY sort_no ASC,updated_at DESC,id DESC LIMIT ?
[2026-09-15 10:07:30.050] [gas-forecast] [] [] [c.g.f.d.m.B.selectList] [http-nio-8080-exec-10] [DEBUG] - ==> Parameters: 10(Long)
[2026-09-15 10:07:30.050] [gas-forecast] [] [] [c.g.f.d.m.B.selectList] [http-nio-8080-exec-10] [DEBUG] - <==      Total: 3
[2026-09-15 10:07:30.404] [gas-forecast] [] [] [c.g.f.d.m.S.selectByUsername] [http-nio-8080-exec-5] [DEBUG] - ==>  Preparing: select distinct p.* from sys_permission_tb p where p.status = 1 and ( exists ( select 1 from sys_user_tb u join sys_user_role_ref ur on ur.user_id = u.id join sys_role_permission_ref rp on rp.role_id = ur.role_id where rp.permission_id = p.id and u.username = ? and u.deleted = 0 ) or exists ( select 1 from sys_user_tb u join sys_user_department_ref ud on ud.user_id = u.id join sys_department_permission_ref dp on dp.department_id = ud.department_id where dp.permission_id = p.id and u.username = ? and u.deleted = 0 ) ) order by p.sort_no, p.id
[2026-09-15 10:07:30.404] [gas-forecast] [] [] [c.g.f.d.m.S.selectByUsername] [http-nio-8080-exec-5] [DEBUG] - ==> Parameters: admin(String), admin(String)
[2026-09-15 10:07:30.405] [gas-forecast] [] [] [c.g.f.d.m.S.selectByUsername] [http-nio-8080-exec-5] [DEBUG] - <==      Total: 50
[2026-09-15 10:07:30.407] [gas-forecast] [] [] [c.g.f.d.m.D.selectList_mpCount] [http-nio-8080-exec-5] [DEBUG] - ==>  Preparing: SELECT COUNT(*) AS total FROM data_daily_sales_tb
[2026-09-15 10:07:30.407] [gas-forecast] [] [] [c.g.f.d.m.D.selectList_mpCount] [http-nio-8080-exec-5] [DEBUG] - ==> Parameters: 
[2026-09-15 10:07:30.412] [gas-forecast] [] [] [c.g.f.d.m.D.selectList_mpCount] [http-nio-8080-exec-5] [DEBUG] - <==      Total: 1
[2026-09-15 10:07:30.412] [gas-forecast] [] [] [c.g.f.d.m.D.selectList] [http-nio-8080-exec-5] [DEBUG] - ==>  Preparing: SELECT id,stat_date,region_name,industry_name,customer_name,customer_code,gas_sales,unit,file_id,created_at,region_code,industry_code FROM data_daily_sales_tb ORDER BY stat_date DESC,id DESC LIMIT ?
[2026-09-15 10:07:30.412] [gas-forecast] [] [] [c.g.f.d.m.D.selectList] [http-nio-8080-exec-5] [DEBUG] - ==> Parameters: 10(Long)
[2026-09-15 10:07:30.443] [gas-forecast] [] [] [c.g.f.d.m.D.selectList] [http-nio-8080-exec-5] [DEBUG] - <==      Total: 10
[2026-09-15 10:07:45.973] [gas-forecast] [] [] [c.g.f.d.m.S.selectByUsername] [http-nio-8080-exec-9] [DEBUG] - ==>  Preparing: select distinct p.* from sys_permission_tb p where p.status = 1 and ( exists ( select 1 from sys_user_tb u join sys_user_role_ref ur on ur.user_id = u.id join sys_role_permission_ref rp on rp.role_id = ur.role_id where rp.permission_id = p.id and u.username = ? and u.deleted = 0 ) or exists ( select 1 from sys_user_tb u join sys_user_department_ref ud on ud.user_id = u.id join sys_department_permission_ref dp on dp.department_id = ud.department_id where dp.permission_id = p.id and u.username = ? and u.deleted = 0 ) ) order by p.sort_no, p.id
[2026-09-15 10:07:45.973] [gas-forecast] [] [] [c.g.f.d.m.S.selectByUsername] [http-nio-8080-exec-9] [DEBUG] - ==> Parameters: admin(String), admin(String)
[2026-09-15 10:07:45.975] [gas-forecast] [] [] [c.g.f.d.m.S.selectByUsername] [http-nio-8080-exec-9] [DEBUG] - <==      Total: 50
[2026-09-15 10:07:45.976] [gas-forecast] [] [] [c.g.f.d.m.D.selectList_mpCount] [http-nio-8080-exec-9] [DEBUG] - ==>  Preparing: SELECT COUNT(*) AS total FROM data_file_info_tb
[2026-09-15 10:07:45.977] [gas-forecast] [] [] [c.g.f.d.m.D.selectList_mpCount] [http-nio-8080-exec-9] [DEBUG] - ==> Parameters: 
[2026-09-15 10:07:45.978] [gas-forecast] [] [] [c.g.f.d.m.D.selectList_mpCount] [http-nio-8080-exec-9] [DEBUG] - <==      Total: 1
[2026-09-15 10:07:45.978] [gas-forecast] [] [] [c.g.f.d.m.D.selectList] [http-nio-8080-exec-9] [DEBUG] - ==>  Preparing: SELECT id,file_name,object_key,file_hash,status,total_count,error_message,created_at,updated_at,created_by,created_by_name FROM data_file_info_tb ORDER BY updated_at DESC,id DESC LIMIT ?
[2026-09-15 10:07:45.978] [gas-forecast] [] [] [c.g.f.d.m.D.selectList] [http-nio-8080-exec-9] [DEBUG] - ==> Parameters: 10(Long)
[2026-09-15 10:07:45.979] [gas-forecast] [] [] [c.g.f.d.m.D.selectList] [http-nio-8080-exec-9] [DEBUG] - <==      Total: 10
[2026-09-15 10:07:47.685] [gas-forecast] [] [] [c.g.f.d.m.S.selectByUsername] [http-nio-8080-exec-4] [DEBUG] - ==>  Preparing: select distinct p.* from sys_permission_tb p where p.status = 1 and ( exists ( select 1 from sys_user_tb u join sys_user_role_ref ur on ur.user_id = u.id join sys_role_permission_ref rp on rp.role_id = ur.role_id where rp.permission_id = p.id and u.username = ? and u.deleted = 0 ) or exists ( select 1 from sys_user_tb u join sys_user_department_ref ud on ud.user_id = u.id join sys_department_permission_ref dp on dp.department_id = ud.department_id where dp.permission_id = p.id and u.username = ? and u.deleted = 0 ) ) order by p.sort_no, p.id
[2026-09-15 10:07:47.686] [gas-forecast] [] [] [c.g.f.d.m.S.selectByUsername] [http-nio-8080-exec-4] [DEBUG] - ==> Parameters: admin(String), admin(String)
[2026-09-15 10:07:47.687] [gas-forecast] [] [] [c.g.f.d.m.S.selectByUsername] [http-nio-8080-exec-4] [DEBUG] - <==      Total: 50
[2026-09-15 10:07:47.688] [gas-forecast] [] [] [c.g.f.d.m.SysRoleTbMapper.selectList] [http-nio-8080-exec-4] [DEBUG] - ==>  Preparing: SELECT id,role_code,role_name,description,created_at,updated_at FROM sys_role_tb ORDER BY id ASC
[2026-09-15 10:07:47.688] [gas-forecast] [] [] [c.g.f.d.m.SysRoleTbMapper.selectList] [http-nio-8080-exec-4] [DEBUG] - ==> Parameters: 
[2026-09-15 10:07:47.688] [gas-forecast] [] [] [c.g.f.d.m.SysRoleTbMapper.selectList] [http-nio-8080-exec-4] [DEBUG] - <==      Total: 1
[2026-09-15 10:07:47.689] [gas-forecast] [] [] [c.g.f.d.m.S.selectList] [http-nio-8080-exec-4] [DEBUG] - ==>  Preparing: SELECT id,parent_id,department_name,org_code,sort_no,status,created_at,updated_at FROM sys_department_tb ORDER BY sort_no ASC,id ASC
[2026-09-15 10:07:47.689] [gas-forecast] [] [] [c.g.f.d.m.S.selectList] [http-nio-8080-exec-4] [DEBUG] - ==> Parameters: 
[2026-09-15 10:07:47.690] [gas-forecast] [] [] [c.g.f.d.m.S.selectList] [http-nio-8080-exec-4] [DEBUG] - <==      Total: 7
[2026-09-15 10:07:47.690] [gas-forecast] [] [] [c.g.f.d.m.S.selectList] [http-nio-8080-exec-4] [DEBUG] - ==>  Preparing: SELECT id,parent_id,permission_name,path,component,permission_type,perms,icon,sort_no,hidden,status,created_at,updated_at FROM sys_permission_tb ORDER BY sort_no ASC,id ASC
[2026-09-15 10:07:47.690] [gas-forecast] [] [] [c.g.f.d.m.S.selectList] [http-nio-8080-exec-4] [DEBUG] - ==> Parameters: 
[2026-09-15 10:07:47.691] [gas-forecast] [] [] [c.g.f.d.m.S.selectList] [http-nio-8080-exec-4] [DEBUG] - <==      Total: 50
[2026-09-15 10:07:47.694] [gas-forecast] [] [] [c.g.f.d.m.S.selectByUsername] [http-nio-8080-exec-6] [DEBUG] - ==>  Preparing: select distinct p.* from sys_permission_tb p where p.status = 1 and ( exists ( select 1 from sys_user_tb u join sys_user_role_ref ur on ur.user_id = u.id join sys_role_permission_ref rp on rp.role_id = ur.role_id where rp.permission_id = p.id and u.username = ? and u.deleted = 0 ) or exists ( select 1 from sys_user_tb u join sys_user_department_ref ud on ud.user_id = u.id join sys_department_permission_ref dp on dp.department_id = ud.department_id where dp.permission_id = p.id and u.username = ? and u.deleted = 0 ) ) order by p.sort_no, p.id
[2026-09-15 10:07:47.695] [gas-forecast] [] [] [c.g.f.d.m.S.selectByUsername] [http-nio-8080-exec-6] [DEBUG] - ==> Parameters: admin(String), admin(String)
[2026-09-15 10:07:47.696] [gas-forecast] [] [] [c.g.f.d.m.S.selectByUsername] [http-nio-8080-exec-6] [DEBUG] - <==      Total: 50
[2026-09-15 10:07:47.696] [gas-forecast] [] [] [c.g.f.d.m.SysUserTbMapper.selectList] [http-nio-8080-exec-6] [DEBUG] - ==>  Preparing: SELECT id,username,real_name,password_hash,password_salt,avatar,email,phone,org_code,status,deleted,created_at,updated_at FROM sys_user_tb WHERE (deleted = ?) ORDER BY id ASC
[2026-09-15 10:07:47.697] [gas-forecast] [] [] [c.g.f.d.m.SysUserTbMapper.selectList] [http-nio-8080-exec-6] [DEBUG] - ==> Parameters: 0(Integer)
[2026-09-15 10:07:47.697] [gas-forecast] [] [] [c.g.f.d.m.SysUserTbMapper.selectList] [http-nio-8080-exec-6] [DEBUG] - <==      Total: 1
[2026-09-15 10:07:47.697] [gas-forecast] [] [] [c.g.f.d.m.SysRoleTbMapper.selectList] [http-nio-8080-exec-6] [DEBUG] - ==>  Preparing: SELECT id,role_code,role_name,description,created_at,updated_at FROM sys_role_tb ORDER BY id ASC
[2026-09-15 10:07:47.697] [gas-forecast] [] [] [c.g.f.d.m.SysRoleTbMapper.selectList] [http-nio-8080-exec-6] [DEBUG] - ==> Parameters: 
[2026-09-15 10:07:47.698] [gas-forecast] [] [] [c.g.f.d.m.SysRoleTbMapper.selectList] [http-nio-8080-exec-6] [DEBUG] - <==      Total: 1
[2026-09-15 10:07:47.698] [gas-forecast] [] [] [c.g.f.d.m.S.selectList] [http-nio-8080-exec-6] [DEBUG] - ==>  Preparing: SELECT id,parent_id,department_name,org_code,sort_no,status,created_at,updated_at FROM sys_department_tb ORDER BY id ASC
[2026-09-15 10:07:47.698] [gas-forecast] [] [] [c.g.f.d.m.S.selectList] [http-nio-8080-exec-6] [DEBUG] - ==> Parameters: 
[2026-09-15 10:07:47.698] [gas-forecast] [] [] [c.g.f.d.m.S.selectList] [http-nio-8080-exec-6] [DEBUG] - <==      Total: 7
[2026-09-15 10:07:47.698] [gas-forecast] [] [] [c.g.f.d.m.S.selectList] [http-nio-8080-exec-6] [DEBUG] - ==>  Preparing: SELECT id,user_id,role_id FROM sys_user_role_ref
[2026-09-15 10:07:47.698] [gas-forecast] [] [] [c.g.f.d.m.S.selectList] [http-nio-8080-exec-6] [DEBUG] - ==> Parameters: 
[2026-09-15 10:07:47.699] [gas-forecast] [] [] [c.g.f.d.m.S.selectList] [http-nio-8080-exec-6] [DEBUG] - <==      Total: 1
[2026-09-15 10:07:47.699] [gas-forecast] [] [] [c.g.f.d.m.S.selectList] [http-nio-8080-exec-6] [DEBUG] - ==>  Preparing: SELECT id,user_id,department_id FROM sys_user_department_ref
[2026-09-15 10:07:47.699] [gas-forecast] [] [] [c.g.f.d.m.S.selectList] [http-nio-8080-exec-6] [DEBUG] - ==> Parameters: 
[2026-09-15 10:07:47.699] [gas-forecast] [] [] [c.g.f.d.m.S.selectList] [http-nio-8080-exec-6] [DEBUG] - <==      Total: 1
[2026-09-15 10:08:47.624] [gas-forecast] [] [] [c.g.f.d.m.S.selectByUsername] [http-nio-8080-exec-7] [DEBUG] - ==>  Preparing: select distinct p.* from sys_permission_tb p where p.status = 1 and ( exists ( select 1 from sys_user_tb u join sys_user_role_ref ur on ur.user_id = u.id join sys_role_permission_ref rp on rp.role_id = ur.role_id where rp.permission_id = p.id and u.username = ? and u.deleted = 0 ) or exists ( select 1 from sys_user_tb u join sys_user_department_ref ud on ud.user_id = u.id join sys_department_permission_ref dp on dp.department_id = ud.department_id where dp.permission_id = p.id and u.username = ? and u.deleted = 0 ) ) order by p.sort_no, p.id
[2026-09-15 10:08:47.625] [gas-forecast] [] [] [c.g.f.d.m.S.selectByUsername] [http-nio-8080-exec-7] [DEBUG] - ==> Parameters: admin(String), admin(String)
[2026-09-15 10:08:47.630] [gas-forecast] [] [] [c.g.f.d.m.S.selectByUsername] [http-nio-8080-exec-7] [DEBUG] - <==      Total: 50
[2026-09-15 10:08:47.632] [gas-forecast] [] [] [c.g.f.d.m.D.selectList_mpCount] [http-nio-8080-exec-7] [DEBUG] - ==>  Preparing: SELECT COUNT(*) AS total FROM data_daily_sales_tb
[2026-09-15 10:08:47.632] [gas-forecast] [] [] [c.g.f.d.m.D.selectList_mpCount] [http-nio-8080-exec-7] [DEBUG] - ==> Parameters: 
[2026-09-15 10:08:47.637] [gas-forecast] [] [] [c.g.f.d.m.D.selectList_mpCount] [http-nio-8080-exec-7] [DEBUG] - <==      Total: 1
[2026-09-15 10:08:47.637] [gas-forecast] [] [] [c.g.f.d.m.D.selectList] [http-nio-8080-exec-7] [DEBUG] - ==>  Preparing: SELECT id,stat_date,region_name,industry_name,customer_name,customer_code,gas_sales,unit,file_id,created_at,region_code,industry_code FROM data_daily_sales_tb ORDER BY stat_date DESC,id DESC LIMIT ?
[2026-09-15 10:08:47.637] [gas-forecast] [] [] [c.g.f.d.m.D.selectList] [http-nio-8080-exec-7] [DEBUG] - ==> Parameters: 10(Long)
[2026-09-15 10:08:47.661] [gas-forecast] [] [] [c.g.f.d.m.D.selectList] [http-nio-8080-exec-7] [DEBUG] - <==      Total: 10
[2026-09-15 10:11:30.907] [gas-forecast] [] [] [c.g.f.d.m.SysUserTbMapper.selectList] [http-nio-8080-exec-8] [DEBUG] - ==>  Preparing: SELECT id,username,real_name,password_hash,password_salt,avatar,email,phone,org_code,status,deleted,created_at,updated_at FROM sys_user_tb WHERE (username = ? AND deleted = ?)
[2026-09-15 10:11:30.908] [gas-forecast] [] [] [c.g.f.d.m.SysUserTbMapper.selectList] [http-nio-8080-exec-8] [DEBUG] - ==> Parameters: admin(String), 0(Integer)
[2026-09-15 10:11:30.913] [gas-forecast] [] [] [c.g.f.d.m.SysUserTbMapper.selectList] [http-nio-8080-exec-8] [DEBUG] - <==      Total: 1
[2026-09-15 10:11:30.914] [gas-forecast] [] [] [c.g.f.d.m.S.selectRoleCodesByUsername] [http-nio-8080-exec-8] [DEBUG] - ==>  Preparing: select r.role_code from sys_user_tb u join sys_user_role_ref ur on ur.user_id = u.id join sys_role_tb r on r.id = ur.role_id where u.username = ? order by r.role_code
[2026-09-15 10:11:30.914] [gas-forecast] [] [] [c.g.f.d.m.S.selectRoleCodesByUsername] [http-nio-8080-exec-8] [DEBUG] - ==> Parameters: admin(String)
[2026-09-15 10:11:30.915] [gas-forecast] [] [] [c.g.f.d.m.S.selectRoleCodesByUsername] [http-nio-8080-exec-8] [DEBUG] - <==      Total: 1
[2026-09-15 10:11:30.916] [gas-forecast] [] [] [c.g.f.d.m.S.selectByUsername] [http-nio-8080-exec-8] [DEBUG] - ==>  Preparing: select distinct p.* from sys_permission_tb p where p.status = 1 and ( exists ( select 1 from sys_user_tb u join sys_user_role_ref ur on ur.user_id = u.id join sys_role_permission_ref rp on rp.role_id = ur.role_id where rp.permission_id = p.id and u.username = ? and u.deleted = 0 ) or exists ( select 1 from sys_user_tb u join sys_user_department_ref ud on ud.user_id = u.id join sys_department_permission_ref dp on dp.department_id = ud.department_id where dp.permission_id = p.id and u.username = ? and u.deleted = 0 ) ) order by p.sort_no, p.id
[2026-09-15 10:11:30.916] [gas-forecast] [] [] [c.g.f.d.m.S.selectByUsername] [http-nio-8080-exec-8] [DEBUG] - ==> Parameters: admin(String), admin(String)
[2026-09-15 10:11:30.917] [gas-forecast] [] [] [c.g.f.d.m.S.selectByUsername] [http-nio-8080-exec-8] [DEBUG] - <==      Total: 50
[2026-09-15 10:11:30.917] [gas-forecast] [] [] [c.g.f.d.m.S.selectByUsername] [http-nio-8080-exec-1] [DEBUG] - ==>  Preparing: select distinct p.* from sys_permission_tb p where p.status = 1 and ( exists ( select 1 from sys_user_tb u join sys_user_role_ref ur on ur.user_id = u.id join sys_role_permission_ref rp on rp.role_id = ur.role_id where rp.permission_id = p.id and u.username = ? and u.deleted = 0 ) or exists ( select 1 from sys_user_tb u join sys_user_department_ref ud on ud.user_id = u.id join sys_department_permission_ref dp on dp.department_id = ud.department_id where dp.permission_id = p.id and u.username = ? and u.deleted = 0 ) ) order by p.sort_no, p.id
[2026-09-15 10:11:30.917] [gas-forecast] [] [] [c.g.f.d.m.S.selectByUsername] [http-nio-8080-exec-1] [DEBUG] - ==> Parameters: admin(String), admin(String)
[2026-09-15 10:11:30.919] [gas-forecast] [] [] [c.g.f.d.m.S.selectByUsername] [http-nio-8080-exec-1] [DEBUG] - <==      Total: 50
[2026-09-15 10:11:30.920] [gas-forecast] [] [] [c.g.f.d.m.D.selectList_mpCount] [http-nio-8080-exec-1] [DEBUG] - ==>  Preparing: SELECT COUNT(*) AS total FROM data_daily_sales_tb
[2026-09-15 10:11:30.920] [gas-forecast] [] [] [c.g.f.d.m.D.selectList_mpCount] [http-nio-8080-exec-1] [DEBUG] - ==> Parameters: 
[2026-09-15 10:11:30.925] [gas-forecast] [] [] [c.g.f.d.m.D.selectList_mpCount] [http-nio-8080-exec-1] [DEBUG] - <==      Total: 1
[2026-09-15 10:11:30.926] [gas-forecast] [] [] [c.g.f.d.m.D.selectList] [http-nio-8080-exec-1] [DEBUG] - ==>  Preparing: SELECT id,stat_date,region_name,industry_name,customer_name,customer_code,gas_sales,unit,file_id,created_at,region_code,industry_code FROM data_daily_sales_tb ORDER BY stat_date DESC,id DESC LIMIT ?
[2026-09-15 10:11:30.926] [gas-forecast] [] [] [c.g.f.d.m.D.selectList] [http-nio-8080-exec-1] [DEBUG] - ==> Parameters: 10(Long)
[2026-09-15 10:11:30.946] [gas-forecast] [] [] [c.g.f.d.m.D.selectList] [http-nio-8080-exec-1] [DEBUG] - <==      Total: 10
[2026-09-15 10:11:43.084] [gas-forecast] [] [] [c.g.f.d.m.S.selectByUsername] [http-nio-8080-exec-6] [DEBUG] - ==>  Preparing: select distinct p.* from sys_permission_tb p where p.status = 1 and ( exists ( select 1 from sys_user_tb u join sys_user_role_ref ur on ur.user_id = u.id join sys_role_permission_ref rp on rp.role_id = ur.role_id where rp.permission_id = p.id and u.username = ? and u.deleted = 0 ) or exists ( select 1 from sys_user_tb u join sys_user_department_ref ud on ud.user_id = u.id join sys_department_permission_ref dp on dp.department_id = ud.department_id where dp.permission_id = p.id and u.username = ? and u.deleted = 0 ) ) order by p.sort_no, p.id
[2026-09-15 10:11:43.084] [gas-forecast] [] [] [c.g.f.d.m.S.selectByUsername] [http-nio-8080-exec-6] [DEBUG] - ==> Parameters: admin(String), admin(String)
[2026-09-15 10:11:43.086] [gas-forecast] [] [] [c.g.f.d.m.S.selectByUsername] [http-nio-8080-exec-6] [DEBUG] - <==      Total: 50
[2026-09-15 10:11:43.088] [gas-forecast] [] [] [c.g.f.d.m.B.selectList_mpCount] [http-nio-8080-exec-6] [DEBUG] - ==>  Preparing: SELECT COUNT(*) AS total FROM base_region_tb
[2026-09-15 10:11:43.088] [gas-forecast] [] [] [c.g.f.d.m.B.selectList_mpCount] [http-nio-8080-exec-6] [DEBUG] - ==> Parameters: 
[2026-09-15 10:11:43.089] [gas-forecast] [] [] [c.g.f.d.m.B.selectList_mpCount] [http-nio-8080-exec-6] [DEBUG] - <==      Total: 1
[2026-09-15 10:11:43.089] [gas-forecast] [] [] [c.g.f.d.m.B.selectList] [http-nio-8080-exec-6] [DEBUG] - ==>  Preparing: SELECT id,region_code,region_name,region_type,parent_id,sort_no,enabled,remark,created_by,created_at,updated_by,updated_at,update_by_name,created_by_name FROM base_region_tb ORDER BY sort_no ASC,updated_at DESC,id DESC LIMIT ?
[2026-09-15 10:11:43.089] [gas-forecast] [] [] [c.g.f.d.m.B.selectList] [http-nio-8080-exec-6] [DEBUG] - ==> Parameters: 10(Long)
[2026-09-15 10:11:43.090] [gas-forecast] [] [] [c.g.f.d.m.B.selectList] [http-nio-8080-exec-6] [DEBUG] - <==      Total: 10
[2026-09-15 10:11:43.432] [gas-forecast] [] [] [c.g.f.d.m.S.selectByUsername] [http-nio-8080-exec-7] [DEBUG] - ==>  Preparing: select distinct p.* from sys_permission_tb p where p.status = 1 and ( exists ( select 1 from sys_user_tb u join sys_user_role_ref ur on ur.user_id = u.id join sys_role_permission_ref rp on rp.role_id = ur.role_id where rp.permission_id = p.id and u.username = ? and u.deleted = 0 ) or exists ( select 1 from sys_user_tb u join sys_user_department_ref ud on ud.user_id = u.id join sys_department_permission_ref dp on dp.department_id = ud.department_id where dp.permission_id = p.id and u.username = ? and u.deleted = 0 ) ) order by p.sort_no, p.id
[2026-09-15 10:11:43.432] [gas-forecast] [] [] [c.g.f.d.m.S.selectByUsername] [http-nio-8080-exec-7] [DEBUG] - ==> Parameters: admin(String), admin(String)
[2026-09-15 10:11:43.434] [gas-forecast] [] [] [c.g.f.d.m.S.selectByUsername] [http-nio-8080-exec-7] [DEBUG] - <==      Total: 50
[2026-09-15 10:11:43.437] [gas-forecast] [] [] [c.g.f.d.m.B.selectList_mpCount] [http-nio-8080-exec-7] [DEBUG] - ==>  Preparing: SELECT COUNT(*) AS total FROM base_customer_tb
[2026-09-15 10:11:43.437] [gas-forecast] [] [] [c.g.f.d.m.B.selectList_mpCount] [http-nio-8080-exec-7] [DEBUG] - ==> Parameters: 
[2026-09-15 10:11:43.439] [gas-forecast] [] [] [c.g.f.d.m.B.selectList_mpCount] [http-nio-8080-exec-7] [DEBUG] - <==      Total: 1
[2026-09-15 10:11:43.439] [gas-forecast] [] [] [c.g.f.d.m.B.selectList] [http-nio-8080-exec-7] [DEBUG] - ==>  Preparing: SELECT id,customer_code,customer_name,industry_code,industry_name,region_code,region_name,created_at,updated_at,created_by,created_by_name,updated_by,update_by_name,raw_region_name,raw_industry_name FROM base_customer_tb ORDER BY updated_at DESC,id DESC LIMIT ?
[2026-09-15 10:11:43.439] [gas-forecast] [] [] [c.g.f.d.m.B.selectList] [http-nio-8080-exec-7] [DEBUG] - ==> Parameters: 10(Long)
[2026-09-15 10:11:43.440] [gas-forecast] [] [] [c.g.f.d.m.B.selectList] [http-nio-8080-exec-7] [DEBUG] - <==      Total: 10
[2026-09-15 10:11:43.781] [gas-forecast] [] [] [c.g.f.d.m.S.selectByUsername] [http-nio-8080-exec-8] [DEBUG] - ==>  Preparing: select distinct p.* from sys_permission_tb p where p.status = 1 and ( exists ( select 1 from sys_user_tb u join sys_user_role_ref ur on ur.user_id = u.id join sys_role_permission_ref rp on rp.role_id = ur.role_id where rp.permission_id = p.id and u.username = ? and u.deleted = 0 ) or exists ( select 1 from sys_user_tb u join sys_user_department_ref ud on ud.user_id = u.id join sys_department_permission_ref dp on dp.department_id = ud.department_id where dp.permission_id = p.id and u.username = ? and u.deleted = 0 ) ) order by p.sort_no, p.id
[2026-09-15 10:11:43.781] [gas-forecast] [] [] [c.g.f.d.m.S.selectByUsername] [http-nio-8080-exec-8] [DEBUG] - ==> Parameters: admin(String), admin(String)
[2026-09-15 10:11:43.783] [gas-forecast] [] [] [c.g.f.d.m.S.selectByUsername] [http-nio-8080-exec-8] [DEBUG] - <==      Total: 50
[2026-09-15 10:11:43.785] [gas-forecast] [] [] [c.g.f.d.m.B.selectList_mpCount] [http-nio-8080-exec-8] [DEBUG] - ==>  Preparing: SELECT COUNT(*) AS total FROM base_industry_tb
[2026-09-15 10:11:43.785] [gas-forecast] [] [] [c.g.f.d.m.B.selectList_mpCount] [http-nio-8080-exec-8] [DEBUG] - ==> Parameters: 
[2026-09-15 10:11:43.786] [gas-forecast] [] [] [c.g.f.d.m.B.selectList_mpCount] [http-nio-8080-exec-8] [DEBUG] - <==      Total: 1
[2026-09-15 10:11:43.786] [gas-forecast] [] [] [c.g.f.d.m.B.selectList] [http-nio-8080-exec-8] [DEBUG] - ==>  Preparing: SELECT id,industry_code,industry_name,parent_id,industry_level,sort_no,created_at,updated_at,created_by,created_by_name,updated_by,updated_by_name FROM base_industry_tb ORDER BY sort_no ASC,updated_at DESC,id DESC LIMIT ?
[2026-09-15 10:11:43.786] [gas-forecast] [] [] [c.g.f.d.m.B.selectList] [http-nio-8080-exec-8] [DEBUG] - ==> Parameters: 10(Long)
[2026-09-15 10:11:43.787] [gas-forecast] [] [] [c.g.f.d.m.B.selectList] [http-nio-8080-exec-8] [DEBUG] - <==      Total: 3
[2026-09-15 10:11:44.206] [gas-forecast] [] [] [c.g.f.d.m.S.selectByUsername] [http-nio-8080-exec-1] [DEBUG] - ==>  Preparing: select distinct p.* from sys_permission_tb p where p.status = 1 and ( exists ( select 1 from sys_user_tb u join sys_user_role_ref ur on ur.user_id = u.id join sys_role_permission_ref rp on rp.role_id = ur.role_id where rp.permission_id = p.id and u.username = ? and u.deleted = 0 ) or exists ( select 1 from sys_user_tb u join sys_user_department_ref ud on ud.user_id = u.id join sys_department_permission_ref dp on dp.department_id = ud.department_id where dp.permission_id = p.id and u.username = ? and u.deleted = 0 ) ) order by p.sort_no, p.id
[2026-09-15 10:11:44.206] [gas-forecast] [] [] [c.g.f.d.m.S.selectByUsername] [http-nio-8080-exec-1] [DEBUG] - ==> Parameters: admin(String), admin(String)
[2026-09-15 10:11:44.208] [gas-forecast] [] [] [c.g.f.d.m.S.selectByUsername] [http-nio-8080-exec-1] [DEBUG] - <==      Total: 50
[2026-09-15 10:11:44.210] [gas-forecast] [] [] [c.g.f.d.m.D.selectList_mpCount] [http-nio-8080-exec-1] [DEBUG] - ==>  Preparing: SELECT COUNT(*) AS total FROM data_daily_sales_tb
[2026-09-15 10:11:44.210] [gas-forecast] [] [] [c.g.f.d.m.D.selectList_mpCount] [http-nio-8080-exec-1] [DEBUG] - ==> Parameters: 
[2026-09-15 10:11:44.214] [gas-forecast] [] [] [c.g.f.d.m.D.selectList_mpCount] [http-nio-8080-exec-1] [DEBUG] - <==      Total: 1
[2026-09-15 10:11:44.214] [gas-forecast] [] [] [c.g.f.d.m.D.selectList] [http-nio-8080-exec-1] [DEBUG] - ==>  Preparing: SELECT id,stat_date,region_name,industry_name,customer_name,customer_code,gas_sales,unit,file_id,created_at,region_code,industry_code FROM data_daily_sales_tb ORDER BY stat_date DESC,id DESC LIMIT ?
[2026-09-15 10:11:44.214] [gas-forecast] [] [] [c.g.f.d.m.D.selectList] [http-nio-8080-exec-1] [DEBUG] - ==> Parameters: 10(Long)
[2026-09-15 10:11:44.246] [gas-forecast] [] [] [c.g.f.d.m.D.selectList] [http-nio-8080-exec-1] [DEBUG] - <==      Total: 10
[2026-09-15 10:11:44.506] [gas-forecast] [] [] [c.g.f.d.m.S.selectByUsername] [http-nio-8080-exec-2] [DEBUG] - ==>  Preparing: select distinct p.* from sys_permission_tb p where p.status = 1 and ( exists ( select 1 from sys_user_tb u join sys_user_role_ref ur on ur.user_id = u.id join sys_role_permission_ref rp on rp.role_id = ur.role_id where rp.permission_id = p.id and u.username = ? and u.deleted = 0 ) or exists ( select 1 from sys_user_tb u join sys_user_department_ref ud on ud.user_id = u.id join sys_department_permission_ref dp on dp.department_id = ud.department_id where dp.permission_id = p.id and u.username = ? and u.deleted = 0 ) ) order by p.sort_no, p.id
[2026-09-15 10:11:44.506] [gas-forecast] [] [] [c.g.f.d.m.S.selectByUsername] [http-nio-8080-exec-2] [DEBUG] - ==> Parameters: admin(String), admin(String)
[2026-09-15 10:11:44.508] [gas-forecast] [] [] [c.g.f.d.m.S.selectByUsername] [http-nio-8080-exec-2] [DEBUG] - <==      Total: 50
[2026-09-15 10:11:44.510] [gas-forecast] [] [] [c.g.f.d.m.D.selectList_mpCount] [http-nio-8080-exec-2] [DEBUG] - ==>  Preparing: SELECT COUNT(*) AS total FROM data_daily_sales_tb
[2026-09-15 10:11:44.510] [gas-forecast] [] [] [c.g.f.d.m.D.selectList_mpCount] [http-nio-8080-exec-2] [DEBUG] - ==> Parameters: 
[2026-09-15 10:11:44.513] [gas-forecast] [] [] [c.g.f.d.m.D.selectList_mpCount] [http-nio-8080-exec-2] [DEBUG] - <==      Total: 1
[2026-09-15 10:11:44.513] [gas-forecast] [] [] [c.g.f.d.m.D.selectList] [http-nio-8080-exec-2] [DEBUG] - ==>  Preparing: SELECT id,stat_date,region_name,industry_name,customer_name,customer_code,gas_sales,unit,file_id,created_at,region_code,industry_code FROM data_daily_sales_tb ORDER BY stat_date DESC,id DESC LIMIT ?
[2026-09-15 10:11:44.513] [gas-forecast] [] [] [c.g.f.d.m.D.selectList] [http-nio-8080-exec-2] [DEBUG] - ==> Parameters: 10(Long)
[2026-09-15 10:11:44.543] [gas-forecast] [] [] [c.g.f.d.m.D.selectList] [http-nio-8080-exec-2] [DEBUG] - <==      Total: 10
[2026-09-15 10:12:16.039] [gas-forecast] [] [] [c.g.f.d.m.S.selectByUsername] [http-nio-8080-exec-3] [DEBUG] - ==>  Preparing: select distinct p.* from sys_permission_tb p where p.status = 1 and ( exists ( select 1 from sys_user_tb u join sys_user_role_ref ur on ur.user_id = u.id join sys_role_permission_ref rp on rp.role_id = ur.role_id where rp.permission_id = p.id and u.username = ? and u.deleted = 0 ) or exists ( select 1 from sys_user_tb u join sys_user_department_ref ud on ud.user_id = u.id join sys_department_permission_ref dp on dp.department_id = ud.department_id where dp.permission_id = p.id and u.username = ? and u.deleted = 0 ) ) order by p.sort_no, p.id
[2026-09-15 10:12:16.039] [gas-forecast] [] [] [c.g.f.d.m.S.selectByUsername] [http-nio-8080-exec-3] [DEBUG] - ==> Parameters: admin(String), admin(String)
[2026-09-15 10:12:16.041] [gas-forecast] [] [] [c.g.f.d.m.S.selectByUsername] [http-nio-8080-exec-3] [DEBUG] - <==      Total: 50
[2026-09-15 10:12:16.043] [gas-forecast] [] [] [c.g.f.d.m.D.selectList_mpCount] [http-nio-8080-exec-3] [DEBUG] - ==>  Preparing: SELECT COUNT(*) AS total FROM data_daily_sales_tb
[2026-09-15 10:12:16.043] [gas-forecast] [] [] [c.g.f.d.m.D.selectList_mpCount] [http-nio-8080-exec-3] [DEBUG] - ==> Parameters: 
[2026-09-15 10:12:16.046] [gas-forecast] [] [] [c.g.f.d.m.D.selectList_mpCount] [http-nio-8080-exec-3] [DEBUG] - <==      Total: 1
[2026-09-15 10:12:16.046] [gas-forecast] [] [] [c.g.f.d.m.D.selectList] [http-nio-8080-exec-3] [DEBUG] - ==>  Preparing: SELECT id,stat_date,region_name,industry_name,customer_name,customer_code,gas_sales,unit,file_id,created_at,region_code,industry_code FROM data_daily_sales_tb ORDER BY stat_date DESC,id DESC LIMIT ?
[2026-09-15 10:12:16.046] [gas-forecast] [] [] [c.g.f.d.m.D.selectList] [http-nio-8080-exec-3] [DEBUG] - ==> Parameters: 10(Long)
[2026-09-15 10:12:16.075] [gas-forecast] [] [] [c.g.f.d.m.D.selectList] [http-nio-8080-exec-3] [DEBUG] - <==      Total: 10
[2026-09-15 10:39:41.467] [gas-forecast] [] [] [c.g.f.d.m.SysUserTbMapper.selectList] [http-nio-8080-exec-9] [DEBUG] - ==>  Preparing: SELECT id,username,real_name,password_hash,password_salt,avatar,email,phone,org_code,status,deleted,created_at,updated_at FROM sys_user_tb WHERE (username = ? AND deleted = ?)
[2026-09-15 10:39:41.468] [gas-forecast] [] [] [c.g.f.d.m.SysUserTbMapper.selectList] [http-nio-8080-exec-9] [DEBUG] - ==> Parameters: admin(String), 0(Integer)
[2026-09-15 10:39:41.475] [gas-forecast] [] [] [c.g.f.d.m.SysUserTbMapper.selectList] [http-nio-8080-exec-9] [DEBUG] - <==      Total: 1
[2026-09-15 10:39:41.475] [gas-forecast] [] [] [c.g.f.d.m.S.selectRoleCodesByUsername] [http-nio-8080-exec-9] [DEBUG] - ==>  Preparing: select r.role_code from sys_user_tb u join sys_user_role_ref ur on ur.user_id = u.id join sys_role_tb r on r.id = ur.role_id where u.username = ? order by r.role_code
[2026-09-15 10:39:41.475] [gas-forecast] [] [] [c.g.f.d.m.S.selectRoleCodesByUsername] [http-nio-8080-exec-9] [DEBUG] - ==> Parameters: admin(String)
[2026-09-15 10:39:41.477] [gas-forecast] [] [] [c.g.f.d.m.S.selectRoleCodesByUsername] [http-nio-8080-exec-9] [DEBUG] - <==      Total: 1
[2026-09-15 10:39:41.477] [gas-forecast] [] [] [c.g.f.d.m.S.selectByUsername] [http-nio-8080-exec-9] [DEBUG] - ==>  Preparing: select distinct p.* from sys_permission_tb p where p.status = 1 and ( exists ( select 1 from sys_user_tb u join sys_user_role_ref ur on ur.user_id = u.id join sys_role_permission_ref rp on rp.role_id = ur.role_id where rp.permission_id = p.id and u.username = ? and u.deleted = 0 ) or exists ( select 1 from sys_user_tb u join sys_user_department_ref ud on ud.user_id = u.id join sys_department_permission_ref dp on dp.department_id = ud.department_id where dp.permission_id = p.id and u.username = ? and u.deleted = 0 ) ) order by p.sort_no, p.id
[2026-09-15 10:39:41.477] [gas-forecast] [] [] [c.g.f.d.m.S.selectByUsername] [http-nio-8080-exec-9] [DEBUG] - ==> Parameters: admin(String), admin(String)
[2026-09-15 10:39:41.479] [gas-forecast] [] [] [c.g.f.d.m.S.selectByUsername] [http-nio-8080-exec-9] [DEBUG] - <==      Total: 50
[2026-09-15 11:09:39.767] [gas-forecast] [] [] [c.g.f.d.m.SysUserTbMapper.selectList] [http-nio-8080-exec-7] [DEBUG] - ==>  Preparing: SELECT id,username,real_name,password_hash,password_salt,avatar,email,phone,org_code,status,deleted,created_at,updated_at FROM sys_user_tb WHERE (username = ? AND deleted = ?)
[2026-09-15 11:09:39.769] [gas-forecast] [] [] [c.g.f.d.m.SysUserTbMapper.selectList] [http-nio-8080-exec-7] [DEBUG] - ==> Parameters: admin(String), 0(Integer)
[2026-09-15 11:09:39.775] [gas-forecast] [] [] [c.g.f.d.m.SysUserTbMapper.selectList] [http-nio-8080-exec-7] [DEBUG] - <==      Total: 1
[2026-09-15 11:09:39.776] [gas-forecast] [] [] [c.g.f.d.m.S.selectRoleCodesByUsername] [http-nio-8080-exec-7] [DEBUG] - ==>  Preparing: select r.role_code from sys_user_tb u join sys_user_role_ref ur on ur.user_id = u.id join sys_role_tb r on r.id = ur.role_id where u.username = ? order by r.role_code
[2026-09-15 11:09:39.776] [gas-forecast] [] [] [c.g.f.d.m.S.selectRoleCodesByUsername] [http-nio-8080-exec-7] [DEBUG] - ==> Parameters: admin(String)
[2026-09-15 11:09:39.777] [gas-forecast] [] [] [c.g.f.d.m.S.selectRoleCodesByUsername] [http-nio-8080-exec-7] [DEBUG] - <==      Total: 1
[2026-09-15 11:09:39.777] [gas-forecast] [] [] [c.g.f.d.m.S.selectByUsername] [http-nio-8080-exec-7] [DEBUG] - ==>  Preparing: select distinct p.* from sys_permission_tb p where p.status = 1 and ( exists ( select 1 from sys_user_tb u join sys_user_role_ref ur on ur.user_id = u.id join sys_role_permission_ref rp on rp.role_id = ur.role_id where rp.permission_id = p.id and u.username = ? and u.deleted = 0 ) or exists ( select 1 from sys_user_tb u join sys_user_department_ref ud on ud.user_id = u.id join sys_department_permission_ref dp on dp.department_id = ud.department_id where dp.permission_id = p.id and u.username = ? and u.deleted = 0 ) ) order by p.sort_no, p.id
[2026-09-15 11:09:39.777] [gas-forecast] [] [] [c.g.f.d.m.S.selectByUsername] [http-nio-8080-exec-7] [DEBUG] - ==> Parameters: admin(String), admin(String)
[2026-09-15 11:09:39.779] [gas-forecast] [] [] [c.g.f.d.m.S.selectByUsername] [http-nio-8080-exec-7] [DEBUG] - <==      Total: 50
[2026-09-15 11:57:44.421] [gas-forecast] [] [] [c.g.f.d.m.SysUserTbMapper.selectList] [http-nio-8080-exec-2] [DEBUG] - ==>  Preparing: SELECT id,username,real_name,password_hash,password_salt,avatar,email,phone,org_code,status,deleted,created_at,updated_at FROM sys_user_tb WHERE (username = ? AND deleted = ?)
[2026-09-15 11:57:44.422] [gas-forecast] [] [] [c.g.f.d.m.SysUserTbMapper.selectList] [http-nio-8080-exec-2] [DEBUG] - ==> Parameters: admin(String), 0(Integer)
[2026-09-15 11:57:44.423] [gas-forecast] [] [] [c.g.f.d.m.SysUserTbMapper.selectList] [http-nio-8080-exec-2] [DEBUG] - <==      Total: 1
[2026-09-15 11:57:44.423] [gas-forecast] [] [] [c.g.f.d.m.S.selectRoleCodesByUsername] [http-nio-8080-exec-2] [DEBUG] - ==>  Preparing: select r.role_code from sys_user_tb u join sys_user_role_ref ur on ur.user_id = u.id join sys_role_tb r on r.id = ur.role_id where u.username = ? order by r.role_code
[2026-09-15 11:57:44.423] [gas-forecast] [] [] [c.g.f.d.m.S.selectRoleCodesByUsername] [http-nio-8080-exec-2] [DEBUG] - ==> Parameters: admin(String)
[2026-09-15 11:57:44.425] [gas-forecast] [] [] [c.g.f.d.m.S.selectRoleCodesByUsername] [http-nio-8080-exec-2] [DEBUG] - <==      Total: 1
[2026-09-15 11:57:44.425] [gas-forecast] [] [] [c.g.f.d.m.S.selectByUsername] [http-nio-8080-exec-2] [DEBUG] - ==>  Preparing: select distinct p.* from sys_permission_tb p where p.status = 1 and ( exists ( select 1 from sys_user_tb u join sys_user_role_ref ur on ur.user_id = u.id join sys_role_permission_ref rp on rp.role_id = ur.role_id where rp.permission_id = p.id and u.username = ? and u.deleted = 0 ) or exists ( select 1 from sys_user_tb u join sys_user_department_ref ud on ud.user_id = u.id join sys_department_permission_ref dp on dp.department_id = ud.department_id where dp.permission_id = p.id and u.username = ? and u.deleted = 0 ) ) order by p.sort_no, p.id
[2026-09-15 11:57:44.425] [gas-forecast] [] [] [c.g.f.d.m.S.selectByUsername] [http-nio-8080-exec-2] [DEBUG] - ==> Parameters: admin(String), admin(String)
[2026-09-15 11:57:44.429] [gas-forecast] [] [] [c.g.f.d.m.S.selectByUsername] [http-nio-8080-exec-2] [DEBUG] - <==      Total: 50
[2026-09-15 12:31:52.315] [gas-forecast] [] [] [c.g.f.d.m.SysUserTbMapper.selectList] [http-nio-8080-exec-5] [DEBUG] - ==>  Preparing: SELECT id,username,real_name,password_hash,password_salt,avatar,email,phone,org_code,status,deleted,created_at,updated_at FROM sys_user_tb WHERE (username = ? AND deleted = ?)
[2026-09-15 12:31:52.316] [gas-forecast] [] [] [c.g.f.d.m.SysUserTbMapper.selectList] [http-nio-8080-exec-5] [DEBUG] - ==> Parameters: admin(String), 0(Integer)
[2026-09-15 12:31:52.323] [gas-forecast] [] [] [c.g.f.d.m.SysUserTbMapper.selectList] [http-nio-8080-exec-5] [DEBUG] - <==      Total: 1
[2026-09-15 12:31:52.323] [gas-forecast] [] [] [c.g.f.d.m.S.selectRoleCodesByUsername] [http-nio-8080-exec-5] [DEBUG] - ==>  Preparing: select r.role_code from sys_user_tb u join sys_user_role_ref ur on ur.user_id = u.id join sys_role_tb r on r.id = ur.role_id where u.username = ? order by r.role_code
[2026-09-15 12:31:52.323] [gas-forecast] [] [] [c.g.f.d.m.S.selectRoleCodesByUsername] [http-nio-8080-exec-5] [DEBUG] - ==> Parameters: admin(String)
[2026-09-15 12:31:52.324] [gas-forecast] [] [] [c.g.f.d.m.S.selectRoleCodesByUsername] [http-nio-8080-exec-5] [DEBUG] - <==      Total: 1
[2026-09-15 12:31:52.325] [gas-forecast] [] [] [c.g.f.d.m.S.selectByUsername] [http-nio-8080-exec-5] [DEBUG] - ==>  Preparing: select distinct p.* from sys_permission_tb p where p.status = 1 and ( exists ( select 1 from sys_user_tb u join sys_user_role_ref ur on ur.user_id = u.id join sys_role_permission_ref rp on rp.role_id = ur.role_id where rp.permission_id = p.id and u.username = ? and u.deleted = 0 ) or exists ( select 1 from sys_user_tb u join sys_user_department_ref ud on ud.user_id = u.id join sys_department_permission_ref dp on dp.department_id = ud.department_id where dp.permission_id = p.id and u.username = ? and u.deleted = 0 ) ) order by p.sort_no, p.id
[2026-09-15 12:31:52.325] [gas-forecast] [] [] [c.g.f.d.m.S.selectByUsername] [http-nio-8080-exec-5] [DEBUG] - ==> Parameters: admin(String), admin(String)
[2026-09-15 12:31:52.327] [gas-forecast] [] [] [c.g.f.d.m.S.selectByUsername] [http-nio-8080-exec-5] [DEBUG] - <==      Total: 50
[2026-09-15 13:03:31.648] [gas-forecast] [] [] [c.g.f.d.m.SysUserTbMapper.selectList] [http-nio-8080-exec-4] [DEBUG] - ==>  Preparing: SELECT id,username,real_name,password_hash,password_salt,avatar,email,phone,org_code,status,deleted,created_at,updated_at FROM sys_user_tb WHERE (username = ? AND deleted = ?)
[2026-09-15 13:03:31.648] [gas-forecast] [] [] [c.g.f.d.m.SysUserTbMapper.selectList] [http-nio-8080-exec-4] [DEBUG] - ==> Parameters: admin(String), 0(Integer)
[2026-09-15 13:03:31.654] [gas-forecast] [] [] [c.g.f.d.m.SysUserTbMapper.selectList] [http-nio-8080-exec-4] [DEBUG] - <==      Total: 1
[2026-09-15 13:03:31.654] [gas-forecast] [] [] [c.g.f.d.m.S.selectRoleCodesByUsername] [http-nio-8080-exec-4] [DEBUG] - ==>  Preparing: select r.role_code from sys_user_tb u join sys_user_role_ref ur on ur.user_id = u.id join sys_role_tb r on r.id = ur.role_id where u.username = ? order by r.role_code
[2026-09-15 13:03:31.654] [gas-forecast] [] [] [c.g.f.d.m.S.selectRoleCodesByUsername] [http-nio-8080-exec-4] [DEBUG] - ==> Parameters: admin(String)
[2026-09-15 13:03:31.655] [gas-forecast] [] [] [c.g.f.d.m.S.selectRoleCodesByUsername] [http-nio-8080-exec-4] [DEBUG] - <==      Total: 1
[2026-09-15 13:03:31.655] [gas-forecast] [] [] [c.g.f.d.m.S.selectByUsername] [http-nio-8080-exec-4] [DEBUG] - ==>  Preparing: select distinct p.* from sys_permission_tb p where p.status = 1 and ( exists ( select 1 from sys_user_tb u join sys_user_role_ref ur on ur.user_id = u.id join sys_role_permission_ref rp on rp.role_id = ur.role_id where rp.permission_id = p.id and u.username = ? and u.deleted = 0 ) or exists ( select 1 from sys_user_tb u join sys_user_department_ref ud on ud.user_id = u.id join sys_department_permission_ref dp on dp.department_id = ud.department_id where dp.permission_id = p.id and u.username = ? and u.deleted = 0 ) ) order by p.sort_no, p.id
[2026-09-15 13:03:31.655] [gas-forecast] [] [] [c.g.f.d.m.S.selectByUsername] [http-nio-8080-exec-4] [DEBUG] - ==> Parameters: admin(String), admin(String)
[2026-09-15 13:03:31.657] [gas-forecast] [] [] [c.g.f.d.m.S.selectByUsername] [http-nio-8080-exec-4] [DEBUG] - <==      Total: 50
[2026-09-15 13:39:56.616] [gas-forecast] [] [] [c.g.f.d.m.SysUserTbMapper.selectList] [http-nio-8080-exec-1] [DEBUG] - ==>  Preparing: SELECT id,username,real_name,password_hash,password_salt,avatar,email,phone,org_code,status,deleted,created_at,updated_at FROM sys_user_tb WHERE (username = ? AND deleted = ?)
[2026-09-15 13:39:56.616] [gas-forecast] [] [] [c.g.f.d.m.SysUserTbMapper.selectList] [http-nio-8080-exec-1] [DEBUG] - ==> Parameters: admin(String), 0(Integer)
[2026-09-15 13:39:56.620] [gas-forecast] [] [] [c.g.f.d.m.SysUserTbMapper.selectList] [http-nio-8080-exec-1] [DEBUG] - <==      Total: 1
[2026-09-15 13:39:56.620] [gas-forecast] [] [] [c.g.f.d.m.S.selectRoleCodesByUsername] [http-nio-8080-exec-1] [DEBUG] - ==>  Preparing: select r.role_code from sys_user_tb u join sys_user_role_ref ur on ur.user_id = u.id join sys_role_tb r on r.id = ur.role_id where u.username = ? order by r.role_code
[2026-09-15 13:39:56.620] [gas-forecast] [] [] [c.g.f.d.m.S.selectRoleCodesByUsername] [http-nio-8080-exec-1] [DEBUG] - ==> Parameters: admin(String)
[2026-09-15 13:39:56.621] [gas-forecast] [] [] [c.g.f.d.m.S.selectRoleCodesByUsername] [http-nio-8080-exec-1] [DEBUG] - <==      Total: 1
[2026-09-15 13:39:56.621] [gas-forecast] [] [] [c.g.f.d.m.S.selectByUsername] [http-nio-8080-exec-1] [DEBUG] - ==>  Preparing: select distinct p.* from sys_permission_tb p where p.status = 1 and ( exists ( select 1 from sys_user_tb u join sys_user_role_ref ur on ur.user_id = u.id join sys_role_permission_ref rp on rp.role_id = ur.role_id where rp.permission_id = p.id and u.username = ? and u.deleted = 0 ) or exists ( select 1 from sys_user_tb u join sys_user_department_ref ud on ud.user_id = u.id join sys_department_permission_ref dp on dp.department_id = ud.department_id where dp.permission_id = p.id and u.username = ? and u.deleted = 0 ) ) order by p.sort_no, p.id
[2026-09-15 13:39:56.621] [gas-forecast] [] [] [c.g.f.d.m.S.selectByUsername] [http-nio-8080-exec-1] [DEBUG] - ==> Parameters: admin(String), admin(String)
[2026-09-15 13:39:56.624] [gas-forecast] [] [] [c.g.f.d.m.S.selectByUsername] [http-nio-8080-exec-1] [DEBUG] - <==      Total: 50
[2026-09-15 13:48:53.516] [gas-forecast] [] [] [c.g.f.d.m.SysUserTbMapper.selectList] [http-nio-8080-exec-2] [DEBUG] - ==>  Preparing: SELECT id,username,real_name,password_hash,password_salt,avatar,email,phone,org_code,status,deleted,created_at,updated_at FROM sys_user_tb WHERE (username = ? AND deleted = ?)
[2026-09-15 13:48:53.516] [gas-forecast] [] [] [c.g.f.d.m.SysUserTbMapper.selectList] [http-nio-8080-exec-2] [DEBUG] - ==> Parameters: admin(String), 0(Integer)
[2026-09-15 13:48:53.522] [gas-forecast] [] [] [c.g.f.d.m.SysUserTbMapper.selectList] [http-nio-8080-exec-2] [DEBUG] - <==      Total: 1
[2026-09-15 13:48:53.523] [gas-forecast] [] [] [c.g.f.d.m.S.selectRoleCodesByUsername] [http-nio-8080-exec-2] [DEBUG] - ==>  Preparing: select r.role_code from sys_user_tb u join sys_user_role_ref ur on ur.user_id = u.id join sys_role_tb r on r.id = ur.role_id where u.username = ? order by r.role_code
[2026-09-15 13:48:53.523] [gas-forecast] [] [] [c.g.f.d.m.S.selectRoleCodesByUsername] [http-nio-8080-exec-2] [DEBUG] - ==> Parameters: admin(String)
[2026-09-15 13:48:53.524] [gas-forecast] [] [] [c.g.f.d.m.S.selectRoleCodesByUsername] [http-nio-8080-exec-2] [DEBUG] - <==      Total: 1
[2026-09-15 13:48:53.524] [gas-forecast] [] [] [c.g.f.d.m.S.selectByUsername] [http-nio-8080-exec-2] [DEBUG] - ==>  Preparing: select distinct p.* from sys_permission_tb p where p.status = 1 and ( exists ( select 1 from sys_user_tb u join sys_user_role_ref ur on ur.user_id = u.id join sys_role_permission_ref rp on rp.role_id = ur.role_id where rp.permission_id = p.id and u.username = ? and u.deleted = 0 ) or exists ( select 1 from sys_user_tb u join sys_user_department_ref ud on ud.user_id = u.id join sys_department_permission_ref dp on dp.department_id = ud.department_id where dp.permission_id = p.id and u.username = ? and u.deleted = 0 ) ) order by p.sort_no, p.id
[2026-09-15 13:48:53.524] [gas-forecast] [] [] [c.g.f.d.m.S.selectByUsername] [http-nio-8080-exec-2] [DEBUG] - ==> Parameters: admin(String), admin(String)
[2026-09-15 13:48:53.526] [gas-forecast] [] [] [c.g.f.d.m.S.selectByUsername] [http-nio-8080-exec-2] [DEBUG] - <==      Total: 50
[2026-09-15 13:54:38.686] [gas-forecast] [] [] [c.g.f.d.m.SysUserTbMapper.selectList] [http-nio-8080-exec-9] [DEBUG] - ==>  Preparing: SELECT id,username,real_name,password_hash,password_salt,avatar,email,phone,org_code,status,deleted,created_at,updated_at FROM sys_user_tb WHERE (username = ? AND deleted = ?)
[2026-09-15 13:54:38.686] [gas-forecast] [] [] [c.g.f.d.m.SysUserTbMapper.selectList] [http-nio-8080-exec-9] [DEBUG] - ==> Parameters: admin(String), 0(Integer)
[2026-09-15 13:54:38.691] [gas-forecast] [] [] [c.g.f.d.m.SysUserTbMapper.selectList] [http-nio-8080-exec-9] [DEBUG] - <==      Total: 1
[2026-09-15 13:54:38.692] [gas-forecast] [] [] [c.g.f.d.m.S.selectRoleCodesByUsername] [http-nio-8080-exec-9] [DEBUG] - ==>  Preparing: select r.role_code from sys_user_tb u join sys_user_role_ref ur on ur.user_id = u.id join sys_role_tb r on r.id = ur.role_id where u.username = ? order by r.role_code
[2026-09-15 13:54:38.692] [gas-forecast] [] [] [c.g.f.d.m.S.selectRoleCodesByUsername] [http-nio-8080-exec-9] [DEBUG] - ==> Parameters: admin(String)
[2026-09-15 13:54:38.693] [gas-forecast] [] [] [c.g.f.d.m.S.selectRoleCodesByUsername] [http-nio-8080-exec-9] [DEBUG] - <==      Total: 1
[2026-09-15 13:54:38.693] [gas-forecast] [] [] [c.g.f.d.m.S.selectByUsername] [http-nio-8080-exec-9] [DEBUG] - ==>  Preparing: select distinct p.* from sys_permission_tb p where p.status = 1 and ( exists ( select 1 from sys_user_tb u join sys_user_role_ref ur on ur.user_id = u.id join sys_role_permission_ref rp on rp.role_id = ur.role_id where rp.permission_id = p.id and u.username = ? and u.deleted = 0 ) or exists ( select 1 from sys_user_tb u join sys_user_department_ref ud on ud.user_id = u.id join sys_department_permission_ref dp on dp.department_id = ud.department_id where dp.permission_id = p.id and u.username = ? and u.deleted = 0 ) ) order by p.sort_no, p.id
[2026-09-15 13:54:38.693] [gas-forecast] [] [] [c.g.f.d.m.S.selectByUsername] [http-nio-8080-exec-9] [DEBUG] - ==> Parameters: admin(String), admin(String)
[2026-09-15 13:54:38.695] [gas-forecast] [] [] [c.g.f.d.m.S.selectByUsername] [http-nio-8080-exec-9] [DEBUG] - <==      Total: 50
[2026-09-15 13:57:05.890] [gas-forecast] [] [] [c.g.f.d.m.S.selectByUsername] [http-nio-8080-exec-6] [DEBUG] - ==>  Preparing: select distinct p.* from sys_permission_tb p where p.status = 1 and ( exists ( select 1 from sys_user_tb u join sys_user_role_ref ur on ur.user_id = u.id join sys_role_permission_ref rp on rp.role_id = ur.role_id where rp.permission_id = p.id and u.username = ? and u.deleted = 0 ) or exists ( select 1 from sys_user_tb u join sys_user_department_ref ud on ud.user_id = u.id join sys_department_permission_ref dp on dp.department_id = ud.department_id where dp.permission_id = p.id and u.username = ? and u.deleted = 0 ) ) order by p.sort_no, p.id
[2026-09-15 13:57:05.891] [gas-forecast] [] [] [c.g.f.d.m.S.selectByUsername] [http-nio-8080-exec-6] [DEBUG] - ==> Parameters: admin(String), admin(String)
[2026-09-15 13:57:05.898] [gas-forecast] [] [] [c.g.f.d.m.S.selectByUsername] [http-nio-8080-exec-6] [DEBUG] - <==      Total: 50
[2026-09-15 13:57:05.901] [gas-forecast] [] [] [c.g.f.d.m.B.selectList_mpCount] [http-nio-8080-exec-6] [DEBUG] - ==>  Preparing: SELECT COUNT(*) AS total FROM base_region_tb
[2026-09-15 13:57:05.902] [gas-forecast] [] [] [c.g.f.d.m.B.selectList_mpCount] [http-nio-8080-exec-6] [DEBUG] - ==> Parameters: 
[2026-09-15 13:57:05.903] [gas-forecast] [] [] [c.g.f.d.m.B.selectList_mpCount] [http-nio-8080-exec-6] [DEBUG] - <==      Total: 1
[2026-09-15 13:57:05.903] [gas-forecast] [] [] [c.g.f.d.m.B.selectList] [http-nio-8080-exec-6] [DEBUG] - ==>  Preparing: SELECT id,region_code,region_name,region_type,parent_id,sort_no,enabled,remark,created_by,created_at,updated_by,updated_at,update_by_name,created_by_name FROM base_region_tb ORDER BY sort_no ASC,updated_at DESC,id DESC LIMIT ?
[2026-09-15 13:57:05.904] [gas-forecast] [] [] [c.g.f.d.m.B.selectList] [http-nio-8080-exec-6] [DEBUG] - ==> Parameters: 10(Long)
[2026-09-15 13:57:05.904] [gas-forecast] [] [] [c.g.f.d.m.B.selectList] [http-nio-8080-exec-6] [DEBUG] - <==      Total: 10
[2026-09-15 13:57:09.575] [gas-forecast] [] [] [c.g.f.d.m.S.selectByUsername] [http-nio-8080-exec-8] [DEBUG] - ==>  Preparing: select distinct p.* from sys_permission_tb p where p.status = 1 and ( exists ( select 1 from sys_user_tb u join sys_user_role_ref ur on ur.user_id = u.id join sys_role_permission_ref rp on rp.role_id = ur.role_id where rp.permission_id = p.id and u.username = ? and u.deleted = 0 ) or exists ( select 1 from sys_user_tb u join sys_user_department_ref ud on ud.user_id = u.id join sys_department_permission_ref dp on dp.department_id = ud.department_id where dp.permission_id = p.id and u.username = ? and u.deleted = 0 ) ) order by p.sort_no, p.id
[2026-09-15 13:57:09.575] [gas-forecast] [] [] [c.g.f.d.m.S.selectByUsername] [http-nio-8080-exec-8] [DEBUG] - ==> Parameters: admin(String), admin(String)
[2026-09-15 13:57:09.577] [gas-forecast] [] [] [c.g.f.d.m.S.selectByUsername] [http-nio-8080-exec-8] [DEBUG] - <==      Total: 50
[2026-09-15 13:57:09.580] [gas-forecast] [] [] [c.g.f.d.m.B.selectList_mpCount] [http-nio-8080-exec-8] [DEBUG] - ==>  Preparing: SELECT COUNT(*) AS total FROM base_customer_tb
[2026-09-15 13:57:09.581] [gas-forecast] [] [] [c.g.f.d.m.B.selectList_mpCount] [http-nio-8080-exec-8] [DEBUG] - ==> Parameters: 
[2026-09-15 13:57:09.582] [gas-forecast] [] [] [c.g.f.d.m.B.selectList_mpCount] [http-nio-8080-exec-8] [DEBUG] - <==      Total: 1
[2026-09-15 13:57:09.582] [gas-forecast] [] [] [c.g.f.d.m.B.selectList] [http-nio-8080-exec-8] [DEBUG] - ==>  Preparing: SELECT id,customer_code,customer_name,industry_code,industry_name,region_code,region_name,created_at,updated_at,created_by,created_by_name,updated_by,update_by_name,raw_region_name,raw_industry_name FROM base_customer_tb ORDER BY updated_at DESC,id DESC LIMIT ?
[2026-09-15 13:57:09.582] [gas-forecast] [] [] [c.g.f.d.m.B.selectList] [http-nio-8080-exec-8] [DEBUG] - ==> Parameters: 10(Long)
[2026-09-15 13:57:09.582] [gas-forecast] [] [] [c.g.f.d.m.B.selectList] [http-nio-8080-exec-8] [DEBUG] - <==      Total: 10
[2026-09-15 13:57:10.106] [gas-forecast] [] [] [c.g.f.d.m.S.selectByUsername] [http-nio-8080-exec-4] [DEBUG] - ==>  Preparing: select distinct p.* from sys_permission_tb p where p.status = 1 and ( exists ( select 1 from sys_user_tb u join sys_user_role_ref ur on ur.user_id = u.id join sys_role_permission_ref rp on rp.role_id = ur.role_id where rp.permission_id = p.id and u.username = ? and u.deleted = 0 ) or exists ( select 1 from sys_user_tb u join sys_user_department_ref ud on ud.user_id = u.id join sys_department_permission_ref dp on dp.department_id = ud.department_id where dp.permission_id = p.id and u.username = ? and u.deleted = 0 ) ) order by p.sort_no, p.id
[2026-09-15 13:57:10.107] [gas-forecast] [] [] [c.g.f.d.m.S.selectByUsername] [http-nio-8080-exec-4] [DEBUG] - ==> Parameters: admin(String), admin(String)
[2026-09-15 13:57:10.108] [gas-forecast] [] [] [c.g.f.d.m.S.selectByUsername] [http-nio-8080-exec-4] [DEBUG] - <==      Total: 50
[2026-09-15 13:57:10.111] [gas-forecast] [] [] [c.g.f.d.m.B.selectList_mpCount] [http-nio-8080-exec-4] [DEBUG] - ==>  Preparing: SELECT COUNT(*) AS total FROM base_industry_tb
[2026-09-15 13:57:10.111] [gas-forecast] [] [] [c.g.f.d.m.B.selectList_mpCount] [http-nio-8080-exec-4] [DEBUG] - ==> Parameters: 
[2026-09-15 13:57:10.112] [gas-forecast] [] [] [c.g.f.d.m.B.selectList_mpCount] [http-nio-8080-exec-4] [DEBUG] - <==      Total: 1
[2026-09-15 13:57:10.112] [gas-forecast] [] [] [c.g.f.d.m.B.selectList] [http-nio-8080-exec-4] [DEBUG] - ==>  Preparing: SELECT id,industry_code,industry_name,parent_id,industry_level,sort_no,created_at,updated_at,created_by,created_by_name,updated_by,updated_by_name FROM base_industry_tb ORDER BY sort_no ASC,updated_at DESC,id DESC LIMIT ?
[2026-09-15 13:57:10.112] [gas-forecast] [] [] [c.g.f.d.m.B.selectList] [http-nio-8080-exec-4] [DEBUG] - ==> Parameters: 10(Long)
[2026-09-15 13:57:10.113] [gas-forecast] [] [] [c.g.f.d.m.B.selectList] [http-nio-8080-exec-4] [DEBUG] - <==      Total: 3
[2026-09-15 13:57:11.571] [gas-forecast] [] [] [c.g.f.d.m.S.selectByUsername] [http-nio-8080-exec-7] [DEBUG] - ==>  Preparing: select distinct p.* from sys_permission_tb p where p.status = 1 and ( exists ( select 1 from sys_user_tb u join sys_user_role_ref ur on ur.user_id = u.id join sys_role_permission_ref rp on rp.role_id = ur.role_id where rp.permission_id = p.id and u.username = ? and u.deleted = 0 ) or exists ( select 1 from sys_user_tb u join sys_user_department_ref ud on ud.user_id = u.id join sys_department_permission_ref dp on dp.department_id = ud.department_id where dp.permission_id = p.id and u.username = ? and u.deleted = 0 ) ) order by p.sort_no, p.id
[2026-09-15 13:57:11.571] [gas-forecast] [] [] [c.g.f.d.m.S.selectByUsername] [http-nio-8080-exec-7] [DEBUG] - ==> Parameters: admin(String), admin(String)
[2026-09-15 13:57:11.572] [gas-forecast] [] [] [c.g.f.d.m.S.selectByUsername] [http-nio-8080-exec-7] [DEBUG] - <==      Total: 50
[2026-09-15 13:57:11.575] [gas-forecast] [] [] [c.g.f.d.m.D.selectList_mpCount] [http-nio-8080-exec-7] [DEBUG] - ==>  Preparing: SELECT COUNT(*) AS total FROM data_daily_sales_tb
[2026-09-15 13:57:11.575] [gas-forecast] [] [] [c.g.f.d.m.D.selectList_mpCount] [http-nio-8080-exec-7] [DEBUG] - ==> Parameters: 
[2026-09-15 13:57:11.579] [gas-forecast] [] [] [c.g.f.d.m.D.selectList_mpCount] [http-nio-8080-exec-7] [DEBUG] - <==      Total: 1
[2026-09-15 13:57:11.579] [gas-forecast] [] [] [c.g.f.d.m.D.selectList] [http-nio-8080-exec-7] [DEBUG] - ==>  Preparing: SELECT id,stat_date,region_name,industry_name,customer_name,customer_code,gas_sales,unit,file_id,created_at,region_code,industry_code FROM data_daily_sales_tb ORDER BY stat_date DESC,id DESC LIMIT ?
[2026-09-15 13:57:11.579] [gas-forecast] [] [] [c.g.f.d.m.D.selectList] [http-nio-8080-exec-7] [DEBUG] - ==> Parameters: 10(Long)
[2026-09-15 13:57:11.613] [gas-forecast] [] [] [c.g.f.d.m.D.selectList] [http-nio-8080-exec-7] [DEBUG] - <==      Total: 10
[2026-09-15 13:57:14.177] [gas-forecast] [] [] [c.g.f.d.m.S.selectByUsername] [http-nio-8080-exec-1] [DEBUG] - ==>  Preparing: select distinct p.* from sys_permission_tb p where p.status = 1 and ( exists ( select 1 from sys_user_tb u join sys_user_role_ref ur on ur.user_id = u.id join sys_role_permission_ref rp on rp.role_id = ur.role_id where rp.permission_id = p.id and u.username = ? and u.deleted = 0 ) or exists ( select 1 from sys_user_tb u join sys_user_department_ref ud on ud.user_id = u.id join sys_department_permission_ref dp on dp.department_id = ud.department_id where dp.permission_id = p.id and u.username = ? and u.deleted = 0 ) ) order by p.sort_no, p.id
[2026-09-15 13:57:14.177] [gas-forecast] [] [] [c.g.f.d.m.S.selectByUsername] [http-nio-8080-exec-1] [DEBUG] - ==> Parameters: admin(String), admin(String)
[2026-09-15 13:57:14.179] [gas-forecast] [] [] [c.g.f.d.m.S.selectByUsername] [http-nio-8080-exec-1] [DEBUG] - <==      Total: 50
[2026-09-15 13:57:14.181] [gas-forecast] [] [] [c.g.f.d.m.D.selectList_mpCount] [http-nio-8080-exec-1] [DEBUG] - ==>  Preparing: SELECT COUNT(*) AS total FROM data_daily_sales_tb
[2026-09-15 13:57:14.181] [gas-forecast] [] [] [c.g.f.d.m.D.selectList_mpCount] [http-nio-8080-exec-1] [DEBUG] - ==> Parameters: 
[2026-09-15 13:57:14.186] [gas-forecast] [] [] [c.g.f.d.m.D.selectList_mpCount] [http-nio-8080-exec-1] [DEBUG] - <==      Total: 1
[2026-09-15 13:57:14.186] [gas-forecast] [] [] [c.g.f.d.m.D.selectList] [http-nio-8080-exec-1] [DEBUG] - ==>  Preparing: SELECT id,stat_date,region_name,industry_name,customer_name,customer_code,gas_sales,unit,file_id,created_at,region_code,industry_code FROM data_daily_sales_tb ORDER BY stat_date DESC,id DESC LIMIT ?
[2026-09-15 13:57:14.186] [gas-forecast] [] [] [c.g.f.d.m.D.selectList] [http-nio-8080-exec-1] [DEBUG] - ==> Parameters: 10(Long)
[2026-09-15 13:57:14.217] [gas-forecast] [] [] [c.g.f.d.m.D.selectList] [http-nio-8080-exec-1] [DEBUG] - <==      Total: 10
[2026-09-15 14:03:27.795] [gas-forecast] [] [] [c.g.f.d.m.S.selectByUsername] [http-nio-8080-exec-10] [DEBUG] - ==>  Preparing: select distinct p.* from sys_permission_tb p where p.status = 1 and ( exists ( select 1 from sys_user_tb u join sys_user_role_ref ur on ur.user_id = u.id join sys_role_permission_ref rp on rp.role_id = ur.role_id where rp.permission_id = p.id and u.username = ? and u.deleted = 0 ) or exists ( select 1 from sys_user_tb u join sys_user_department_ref ud on ud.user_id = u.id join sys_department_permission_ref dp on dp.department_id = ud.department_id where dp.permission_id = p.id and u.username = ? and u.deleted = 0 ) ) order by p.sort_no, p.id
[2026-09-15 14:03:27.795] [gas-forecast] [] [] [c.g.f.d.m.S.selectByUsername] [http-nio-8080-exec-10] [DEBUG] - ==> Parameters: admin(String), admin(String)
[2026-09-15 14:03:27.803] [gas-forecast] [] [] [c.g.f.d.m.S.selectByUsername] [http-nio-8080-exec-10] [DEBUG] - <==      Total: 50
[2026-09-15 14:03:27.805] [gas-forecast] [] [] [c.g.f.d.m.D.selectList_mpCount] [http-nio-8080-exec-10] [DEBUG] - ==>  Preparing: SELECT COUNT(*) AS total FROM data_daily_sales_tb
[2026-09-15 14:03:27.805] [gas-forecast] [] [] [c.g.f.d.m.D.selectList_mpCount] [http-nio-8080-exec-10] [DEBUG] - ==> Parameters: 
[2026-09-15 14:03:27.808] [gas-forecast] [] [] [c.g.f.d.m.D.selectList_mpCount] [http-nio-8080-exec-10] [DEBUG] - <==      Total: 1
[2026-09-15 14:03:27.808] [gas-forecast] [] [] [c.g.f.d.m.D.selectList] [http-nio-8080-exec-10] [DEBUG] - ==>  Preparing: SELECT id,stat_date,region_name,industry_name,customer_name,customer_code,gas_sales,unit,file_id,created_at,region_code,industry_code FROM data_daily_sales_tb ORDER BY stat_date DESC,id DESC LIMIT ?
[2026-09-15 14:03:27.809] [gas-forecast] [] [] [c.g.f.d.m.D.selectList] [http-nio-8080-exec-10] [DEBUG] - ==> Parameters: 10(Long)
[2026-09-15 14:03:27.832] [gas-forecast] [] [] [c.g.f.d.m.D.selectList] [http-nio-8080-exec-10] [DEBUG] - <==      Total: 10
[2026-09-15 14:16:22.498] [gas-forecast] [] [] [c.g.f.d.m.SysUserTbMapper.selectList] [http-nio-8080-exec-2] [DEBUG] - ==>  Preparing: SELECT id,username,real_name,password_hash,password_salt,avatar,email,phone,org_code,status,deleted,created_at,updated_at FROM sys_user_tb WHERE (username = ? AND deleted = ?)
[2026-09-15 14:16:22.498] [gas-forecast] [] [] [c.g.f.d.m.SysUserTbMapper.selectList] [http-nio-8080-exec-2] [DEBUG] - ==> Parameters: admin(String), 0(Integer)
[2026-09-15 14:16:22.504] [gas-forecast] [] [] [c.g.f.d.m.SysUserTbMapper.selectList] [http-nio-8080-exec-2] [DEBUG] - <==      Total: 1
[2026-09-15 14:16:22.504] [gas-forecast] [] [] [c.g.f.d.m.S.selectRoleCodesByUsername] [http-nio-8080-exec-2] [DEBUG] - ==>  Preparing: select r.role_code from sys_user_tb u join sys_user_role_ref ur on ur.user_id = u.id join sys_role_tb r on r.id = ur.role_id where u.username = ? order by r.role_code
[2026-09-15 14:16:22.504] [gas-forecast] [] [] [c.g.f.d.m.S.selectRoleCodesByUsername] [http-nio-8080-exec-2] [DEBUG] - ==> Parameters: admin(String)
[2026-09-15 14:16:22.505] [gas-forecast] [] [] [c.g.f.d.m.S.selectRoleCodesByUsername] [http-nio-8080-exec-2] [DEBUG] - <==      Total: 1
[2026-09-15 14:16:22.505] [gas-forecast] [] [] [c.g.f.d.m.S.selectByUsername] [http-nio-8080-exec-2] [DEBUG] - ==>  Preparing: select distinct p.* from sys_permission_tb p where p.status = 1 and ( exists ( select 1 from sys_user_tb u join sys_user_role_ref ur on ur.user_id = u.id join sys_role_permission_ref rp on rp.role_id = ur.role_id where rp.permission_id = p.id and u.username = ? and u.deleted = 0 ) or exists ( select 1 from sys_user_tb u join sys_user_department_ref ud on ud.user_id = u.id join sys_department_permission_ref dp on dp.department_id = ud.department_id where dp.permission_id = p.id and u.username = ? and u.deleted = 0 ) ) order by p.sort_no, p.id
[2026-09-15 14:16:22.505] [gas-forecast] [] [] [c.g.f.d.m.S.selectByUsername] [http-nio-8080-exec-2] [DEBUG] - ==> Parameters: admin(String), admin(String)
[2026-09-15 14:16:22.506] [gas-forecast] [] [] [c.g.f.d.m.S.selectByUsername] [http-nio-8080-exec-2] [DEBUG] - <==      Total: 50
[2026-09-15 14:16:22.528] [gas-forecast] [] [] [c.g.f.d.m.S.selectByUsername] [http-nio-8080-exec-3] [DEBUG] - ==>  Preparing: select distinct p.* from sys_permission_tb p where p.status = 1 and ( exists ( select 1 from sys_user_tb u join sys_user_role_ref ur on ur.user_id = u.id join sys_role_permission_ref rp on rp.role_id = ur.role_id where rp.permission_id = p.id and u.username = ? and u.deleted = 0 ) or exists ( select 1 from sys_user_tb u join sys_user_department_ref ud on ud.user_id = u.id join sys_department_permission_ref dp on dp.department_id = ud.department_id where dp.permission_id = p.id and u.username = ? and u.deleted = 0 ) ) order by p.sort_no, p.id
[2026-09-15 14:16:22.528] [gas-forecast] [] [] [c.g.f.d.m.S.selectByUsername] [http-nio-8080-exec-3] [DEBUG] - ==> Parameters: admin(String), admin(String)
[2026-09-15 14:16:22.529] [gas-forecast] [] [] [c.g.f.d.m.S.selectByUsername] [http-nio-8080-exec-3] [DEBUG] - <==      Total: 50
[2026-09-15 14:16:22.531] [gas-forecast] [] [] [c.g.f.d.m.D.selectList_mpCount] [http-nio-8080-exec-3] [DEBUG] - ==>  Preparing: SELECT COUNT(*) AS total FROM data_daily_sales_tb
[2026-09-15 14:16:22.531] [gas-forecast] [] [] [c.g.f.d.m.D.selectList_mpCount] [http-nio-8080-exec-3] [DEBUG] - ==> Parameters: 
[2026-09-15 14:16:22.536] [gas-forecast] [] [] [c.g.f.d.m.D.selectList_mpCount] [http-nio-8080-exec-3] [DEBUG] - <==      Total: 1
[2026-09-15 14:16:22.536] [gas-forecast] [] [] [c.g.f.d.m.D.selectList] [http-nio-8080-exec-3] [DEBUG] - ==>  Preparing: SELECT id,stat_date,region_name,industry_name,customer_name,customer_code,gas_sales,unit,file_id,created_at,region_code,industry_code FROM data_daily_sales_tb ORDER BY stat_date DESC,id DESC LIMIT ?
[2026-09-15 14:16:22.536] [gas-forecast] [] [] [c.g.f.d.m.D.selectList] [http-nio-8080-exec-3] [DEBUG] - ==> Parameters: 10(Long)
[2026-09-15 14:16:22.556] [gas-forecast] [] [] [c.g.f.d.m.D.selectList] [http-nio-8080-exec-3] [DEBUG] - <==      Total: 10
[2026-09-15 14:26:01.236] [gas-forecast] [] [] [c.g.f.d.m.SysUserTbMapper.selectList] [http-nio-8080-exec-5] [DEBUG] - ==>  Preparing: SELECT id,username,real_name,password_hash,password_salt,avatar,email,phone,org_code,status,deleted,created_at,updated_at FROM sys_user_tb WHERE (username = ? AND deleted = ?)
[2026-09-15 14:26:01.237] [gas-forecast] [] [] [c.g.f.d.m.SysUserTbMapper.selectList] [http-nio-8080-exec-5] [DEBUG] - ==> Parameters: admin(String), 0(Integer)
[2026-09-15 14:26:01.241] [gas-forecast] [] [] [c.g.f.d.m.SysUserTbMapper.selectList] [http-nio-8080-exec-5] [DEBUG] - <==      Total: 1
[2026-09-15 14:26:01.241] [gas-forecast] [] [] [c.g.f.d.m.S.selectRoleCodesByUsername] [http-nio-8080-exec-5] [DEBUG] - ==>  Preparing: select r.role_code from sys_user_tb u join sys_user_role_ref ur on ur.user_id = u.id join sys_role_tb r on r.id = ur.role_id where u.username = ? order by r.role_code
[2026-09-15 14:26:01.241] [gas-forecast] [] [] [c.g.f.d.m.S.selectRoleCodesByUsername] [http-nio-8080-exec-5] [DEBUG] - ==> Parameters: admin(String)
[2026-09-15 14:26:01.242] [gas-forecast] [] [] [c.g.f.d.m.S.selectRoleCodesByUsername] [http-nio-8080-exec-5] [DEBUG] - <==      Total: 1
[2026-09-15 14:26:01.242] [gas-forecast] [] [] [c.g.f.d.m.S.selectByUsername] [http-nio-8080-exec-5] [DEBUG] - ==>  Preparing: select distinct p.* from sys_permission_tb p where p.status = 1 and ( exists ( select 1 from sys_user_tb u join sys_user_role_ref ur on ur.user_id = u.id join sys_role_permission_ref rp on rp.role_id = ur.role_id where rp.permission_id = p.id and u.username = ? and u.deleted = 0 ) or exists ( select 1 from sys_user_tb u join sys_user_department_ref ud on ud.user_id = u.id join sys_department_permission_ref dp on dp.department_id = ud.department_id where dp.permission_id = p.id and u.username = ? and u.deleted = 0 ) ) order by p.sort_no, p.id
[2026-09-15 14:26:01.242] [gas-forecast] [] [] [c.g.f.d.m.S.selectByUsername] [http-nio-8080-exec-5] [DEBUG] - ==> Parameters: admin(String), admin(String)
[2026-09-15 14:26:01.244] [gas-forecast] [] [] [c.g.f.d.m.S.selectByUsername] [http-nio-8080-exec-5] [DEBUG] - <==      Total: 50
[2026-09-15 14:26:01.275] [gas-forecast] [] [] [c.g.f.d.m.S.selectByUsername] [http-nio-8080-exec-9] [DEBUG] - ==>  Preparing: select distinct p.* from sys_permission_tb p where p.status = 1 and ( exists ( select 1 from sys_user_tb u join sys_user_role_ref ur on ur.user_id = u.id join sys_role_permission_ref rp on rp.role_id = ur.role_id where rp.permission_id = p.id and u.username = ? and u.deleted = 0 ) or exists ( select 1 from sys_user_tb u join sys_user_department_ref ud on ud.user_id = u.id join sys_department_permission_ref dp on dp.department_id = ud.department_id where dp.permission_id = p.id and u.username = ? and u.deleted = 0 ) ) order by p.sort_no, p.id
[2026-09-15 14:26:01.275] [gas-forecast] [] [] [c.g.f.d.m.S.selectByUsername] [http-nio-8080-exec-9] [DEBUG] - ==> Parameters: admin(String), admin(String)
[2026-09-15 14:26:01.277] [gas-forecast] [] [] [c.g.f.d.m.S.selectByUsername] [http-nio-8080-exec-9] [DEBUG] - <==      Total: 50
[2026-09-15 14:26:01.278] [gas-forecast] [] [] [c.g.f.d.m.D.selectList_mpCount] [http-nio-8080-exec-9] [DEBUG] - ==>  Preparing: SELECT COUNT(*) AS total FROM data_daily_sales_tb
[2026-09-15 14:26:01.278] [gas-forecast] [] [] [c.g.f.d.m.D.selectList_mpCount] [http-nio-8080-exec-9] [DEBUG] - ==> Parameters: 
[2026-09-15 14:26:01.283] [gas-forecast] [] [] [c.g.f.d.m.D.selectList_mpCount] [http-nio-8080-exec-9] [DEBUG] - <==      Total: 1
[2026-09-15 14:26:01.283] [gas-forecast] [] [] [c.g.f.d.m.D.selectList] [http-nio-8080-exec-9] [DEBUG] - ==>  Preparing: SELECT id,stat_date,region_name,industry_name,customer_name,customer_code,gas_sales,unit,file_id,created_at,region_code,industry_code FROM data_daily_sales_tb ORDER BY stat_date DESC,id DESC LIMIT ?
[2026-09-15 14:26:01.284] [gas-forecast] [] [] [c.g.f.d.m.D.selectList] [http-nio-8080-exec-9] [DEBUG] - ==> Parameters: 10(Long)
[2026-09-15 14:26:01.314] [gas-forecast] [] [] [c.g.f.d.m.D.selectList] [http-nio-8080-exec-9] [DEBUG] - <==      Total: 10
[2026-09-15 14:29:01.228] [gas-forecast] [] [] [c.g.f.d.m.SysUserTbMapper.selectList] [http-nio-8080-exec-6] [DEBUG] - ==>  Preparing: SELECT id,username,real_name,password_hash,password_salt,avatar,email,phone,org_code,status,deleted,created_at,updated_at FROM sys_user_tb WHERE (username = ? AND deleted = ?)
[2026-09-15 14:29:01.229] [gas-forecast] [] [] [c.g.f.d.m.SysUserTbMapper.selectList] [http-nio-8080-exec-6] [DEBUG] - ==> Parameters: admin(String), 0(Integer)
[2026-09-15 14:29:01.235] [gas-forecast] [] [] [c.g.f.d.m.SysUserTbMapper.selectList] [http-nio-8080-exec-6] [DEBUG] - <==      Total: 1
[2026-09-15 14:29:01.235] [gas-forecast] [] [] [c.g.f.d.m.S.selectRoleCodesByUsername] [http-nio-8080-exec-6] [DEBUG] - ==>  Preparing: select r.role_code from sys_user_tb u join sys_user_role_ref ur on ur.user_id = u.id join sys_role_tb r on r.id = ur.role_id where u.username = ? order by r.role_code
[2026-09-15 14:29:01.235] [gas-forecast] [] [] [c.g.f.d.m.S.selectRoleCodesByUsername] [http-nio-8080-exec-6] [DEBUG] - ==> Parameters: admin(String)
[2026-09-15 14:29:01.236] [gas-forecast] [] [] [c.g.f.d.m.S.selectRoleCodesByUsername] [http-nio-8080-exec-6] [DEBUG] - <==      Total: 1
[2026-09-15 14:29:01.236] [gas-forecast] [] [] [c.g.f.d.m.S.selectByUsername] [http-nio-8080-exec-6] [DEBUG] - ==>  Preparing: select distinct p.* from sys_permission_tb p where p.status = 1 and ( exists ( select 1 from sys_user_tb u join sys_user_role_ref ur on ur.user_id = u.id join sys_role_permission_ref rp on rp.role_id = ur.role_id where rp.permission_id = p.id and u.username = ? and u.deleted = 0 ) or exists ( select 1 from sys_user_tb u join sys_user_department_ref ud on ud.user_id = u.id join sys_department_permission_ref dp on dp.department_id = ud.department_id where dp.permission_id = p.id and u.username = ? and u.deleted = 0 ) ) order by p.sort_no, p.id
[2026-09-15 14:29:01.236] [gas-forecast] [] [] [c.g.f.d.m.S.selectByUsername] [http-nio-8080-exec-6] [DEBUG] - ==> Parameters: admin(String), admin(String)
[2026-09-15 14:29:01.238] [gas-forecast] [] [] [c.g.f.d.m.S.selectByUsername] [http-nio-8080-exec-6] [DEBUG] - <==      Total: 50
[2026-09-15 14:29:01.270] [gas-forecast] [] [] [c.g.f.d.m.S.selectByUsername] [http-nio-8080-exec-8] [DEBUG] - ==>  Preparing: select distinct p.* from sys_permission_tb p where p.status = 1 and ( exists ( select 1 from sys_user_tb u join sys_user_role_ref ur on ur.user_id = u.id join sys_role_permission_ref rp on rp.role_id = ur.role_id where rp.permission_id = p.id and u.username = ? and u.deleted = 0 ) or exists ( select 1 from sys_user_tb u join sys_user_department_ref ud on ud.user_id = u.id join sys_department_permission_ref dp on dp.department_id = ud.department_id where dp.permission_id = p.id and u.username = ? and u.deleted = 0 ) ) order by p.sort_no, p.id
[2026-09-15 14:29:01.270] [gas-forecast] [] [] [c.g.f.d.m.S.selectByUsername] [http-nio-8080-exec-8] [DEBUG] - ==> Parameters: admin(String), admin(String)
[2026-09-15 14:29:01.272] [gas-forecast] [] [] [c.g.f.d.m.S.selectByUsername] [http-nio-8080-exec-8] [DEBUG] - <==      Total: 50
[2026-09-15 14:29:01.273] [gas-forecast] [] [] [c.g.f.d.m.D.selectList_mpCount] [http-nio-8080-exec-8] [DEBUG] - ==>  Preparing: SELECT COUNT(*) AS total FROM data_daily_sales_tb
[2026-09-15 14:29:01.273] [gas-forecast] [] [] [c.g.f.d.m.D.selectList_mpCount] [http-nio-8080-exec-8] [DEBUG] - ==> Parameters: 
[2026-09-15 14:29:01.278] [gas-forecast] [] [] [c.g.f.d.m.D.selectList_mpCount] [http-nio-8080-exec-8] [DEBUG] - <==      Total: 1
[2026-09-15 14:29:01.278] [gas-forecast] [] [] [c.g.f.d.m.D.selectList] [http-nio-8080-exec-8] [DEBUG] - ==>  Preparing: SELECT id,stat_date,region_name,industry_name,customer_name,customer_code,gas_sales,unit,file_id,created_at,region_code,industry_code FROM data_daily_sales_tb ORDER BY stat_date DESC,id DESC LIMIT ?
[2026-09-15 14:29:01.278] [gas-forecast] [] [] [c.g.f.d.m.D.selectList] [http-nio-8080-exec-8] [DEBUG] - ==> Parameters: 10(Long)
[2026-09-15 14:29:01.309] [gas-forecast] [] [] [c.g.f.d.m.D.selectList] [http-nio-8080-exec-8] [DEBUG] - <==      Total: 10
[2026-09-15 14:42:58.394] [gas-forecast] [] [] [c.g.f.d.m.S.selectByUsername] [http-nio-8080-exec-10] [DEBUG] - ==>  Preparing: select distinct p.* from sys_permission_tb p where p.status = 1 and ( exists ( select 1 from sys_user_tb u join sys_user_role_ref ur on ur.user_id = u.id join sys_role_permission_ref rp on rp.role_id = ur.role_id where rp.permission_id = p.id and u.username = ? and u.deleted = 0 ) or exists ( select 1 from sys_user_tb u join sys_user_department_ref ud on ud.user_id = u.id join sys_department_permission_ref dp on dp.department_id = ud.department_id where dp.permission_id = p.id and u.username = ? and u.deleted = 0 ) ) order by p.sort_no, p.id
[2026-09-15 14:42:58.394] [gas-forecast] [] [] [c.g.f.d.m.S.selectByUsername] [http-nio-8080-exec-10] [DEBUG] - ==> Parameters: admin(String), admin(String)
[2026-09-15 14:42:58.401] [gas-forecast] [] [] [c.g.f.d.m.S.selectByUsername] [http-nio-8080-exec-10] [DEBUG] - <==      Total: 50
[2026-09-15 14:42:58.404] [gas-forecast] [] [] [c.g.f.d.m.D.selectList_mpCount] [http-nio-8080-exec-10] [DEBUG] - ==>  Preparing: SELECT COUNT(*) AS total FROM data_file_info_tb
[2026-09-15 14:42:58.404] [gas-forecast] [] [] [c.g.f.d.m.D.selectList_mpCount] [http-nio-8080-exec-10] [DEBUG] - ==> Parameters: 
[2026-09-15 14:42:58.408] [gas-forecast] [] [] [c.g.f.d.m.D.selectList_mpCount] [http-nio-8080-exec-10] [DEBUG] - <==      Total: 1
[2026-09-15 14:42:58.408] [gas-forecast] [] [] [c.g.f.d.m.D.selectList] [http-nio-8080-exec-10] [DEBUG] - ==>  Preparing: SELECT id,file_name,object_key,file_hash,status,total_count,error_message,created_at,updated_at,created_by,created_by_name FROM data_file_info_tb ORDER BY updated_at DESC,id DESC LIMIT ?
[2026-09-15 14:42:58.408] [gas-forecast] [] [] [c.g.f.d.m.D.selectList] [http-nio-8080-exec-10] [DEBUG] - ==> Parameters: 10(Long)
[2026-09-15 14:42:58.409] [gas-forecast] [] [] [c.g.f.d.m.D.selectList] [http-nio-8080-exec-10] [DEBUG] - <==      Total: 10
[2026-09-15 14:42:59.718] [gas-forecast] [] [] [c.g.f.d.m.S.selectByUsername] [http-nio-8080-exec-2] [DEBUG] - ==>  Preparing: select distinct p.* from sys_permission_tb p where p.status = 1 and ( exists ( select 1 from sys_user_tb u join sys_user_role_ref ur on ur.user_id = u.id join sys_role_permission_ref rp on rp.role_id = ur.role_id where rp.permission_id = p.id and u.username = ? and u.deleted = 0 ) or exists ( select 1 from sys_user_tb u join sys_user_department_ref ud on ud.user_id = u.id join sys_department_permission_ref dp on dp.department_id = ud.department_id where dp.permission_id = p.id and u.username = ? and u.deleted = 0 ) ) order by p.sort_no, p.id
[2026-09-15 14:42:59.718] [gas-forecast] [] [] [c.g.f.d.m.S.selectByUsername] [http-nio-8080-exec-2] [DEBUG] - ==> Parameters: admin(String), admin(String)
[2026-09-15 14:42:59.720] [gas-forecast] [] [] [c.g.f.d.m.S.selectByUsername] [http-nio-8080-exec-2] [DEBUG] - <==      Total: 50
[2026-09-15 14:42:59.722] [gas-forecast] [] [] [c.g.f.d.m.D.selectList_mpCount] [http-nio-8080-exec-2] [DEBUG] - ==>  Preparing: SELECT COUNT(*) AS total FROM data_daily_sales_tb
[2026-09-15 14:42:59.722] [gas-forecast] [] [] [c.g.f.d.m.D.selectList_mpCount] [http-nio-8080-exec-2] [DEBUG] - ==> Parameters: 
[2026-09-15 14:42:59.727] [gas-forecast] [] [] [c.g.f.d.m.D.selectList_mpCount] [http-nio-8080-exec-2] [DEBUG] - <==      Total: 1
[2026-09-15 14:42:59.727] [gas-forecast] [] [] [c.g.f.d.m.D.selectList] [http-nio-8080-exec-2] [DEBUG] - ==>  Preparing: SELECT id,stat_date,region_name,industry_name,customer_name,customer_code,gas_sales,unit,file_id,created_at,region_code,industry_code FROM data_daily_sales_tb ORDER BY stat_date DESC,id DESC LIMIT ?
[2026-09-15 14:42:59.728] [gas-forecast] [] [] [c.g.f.d.m.D.selectList] [http-nio-8080-exec-2] [DEBUG] - ==> Parameters: 10(Long)
[2026-09-15 14:42:59.761] [gas-forecast] [] [] [c.g.f.d.m.D.selectList] [http-nio-8080-exec-2] [DEBUG] - <==      Total: 10
[2026-09-15 15:19:33.703] [gas-forecast] [] [] [c.g.f.d.m.SysUserTbMapper.selectList] [http-nio-8080-exec-3] [DEBUG] - ==>  Preparing: SELECT id,username,real_name,password_hash,password_salt,avatar,email,phone,org_code,status,deleted,created_at,updated_at FROM sys_user_tb WHERE (username = ? AND deleted = ?)
[2026-09-15 15:19:33.704] [gas-forecast] [] [] [c.g.f.d.m.SysUserTbMapper.selectList] [http-nio-8080-exec-3] [DEBUG] - ==> Parameters: admin(String), 0(Integer)
[2026-09-15 15:19:33.709] [gas-forecast] [] [] [c.g.f.d.m.SysUserTbMapper.selectList] [http-nio-8080-exec-3] [DEBUG] - <==      Total: 1
[2026-09-15 15:19:33.709] [gas-forecast] [] [] [c.g.f.d.m.S.selectRoleCodesByUsername] [http-nio-8080-exec-3] [DEBUG] - ==>  Preparing: select r.role_code from sys_user_tb u join sys_user_role_ref ur on ur.user_id = u.id join sys_role_tb r on r.id = ur.role_id where u.username = ? order by r.role_code
[2026-09-15 15:19:33.709] [gas-forecast] [] [] [c.g.f.d.m.S.selectRoleCodesByUsername] [http-nio-8080-exec-3] [DEBUG] - ==> Parameters: admin(String)
[2026-09-15 15:19:33.710] [gas-forecast] [] [] [c.g.f.d.m.S.selectRoleCodesByUsername] [http-nio-8080-exec-3] [DEBUG] - <==      Total: 1
[2026-09-15 15:19:33.710] [gas-forecast] [] [] [c.g.f.d.m.S.selectByUsername] [http-nio-8080-exec-3] [DEBUG] - ==>  Preparing: select distinct p.* from sys_permission_tb p where p.status = 1 and ( exists ( select 1 from sys_user_tb u join sys_user_role_ref ur on ur.user_id = u.id join sys_role_permission_ref rp on rp.role_id = ur.role_id where rp.permission_id = p.id and u.username = ? and u.deleted = 0 ) or exists ( select 1 from sys_user_tb u join sys_user_department_ref ud on ud.user_id = u.id join sys_department_permission_ref dp on dp.department_id = ud.department_id where dp.permission_id = p.id and u.username = ? and u.deleted = 0 ) ) order by p.sort_no, p.id
[2026-09-15 15:19:33.710] [gas-forecast] [] [] [c.g.f.d.m.S.selectByUsername] [http-nio-8080-exec-3] [DEBUG] - ==> Parameters: admin(String), admin(String)
[2026-09-15 15:19:33.712] [gas-forecast] [] [] [c.g.f.d.m.S.selectByUsername] [http-nio-8080-exec-3] [DEBUG] - <==      Total: 50
[2026-09-15 15:19:33.742] [gas-forecast] [] [] [c.g.f.d.m.S.selectByUsername] [http-nio-8080-exec-5] [DEBUG] - ==>  Preparing: select distinct p.* from sys_permission_tb p where p.status = 1 and ( exists ( select 1 from sys_user_tb u join sys_user_role_ref ur on ur.user_id = u.id join sys_role_permission_ref rp on rp.role_id = ur.role_id where rp.permission_id = p.id and u.username = ? and u.deleted = 0 ) or exists ( select 1 from sys_user_tb u join sys_user_department_ref ud on ud.user_id = u.id join sys_department_permission_ref dp on dp.department_id = ud.department_id where dp.permission_id = p.id and u.username = ? and u.deleted = 0 ) ) order by p.sort_no, p.id
[2026-09-15 15:19:33.742] [gas-forecast] [] [] [c.g.f.d.m.S.selectByUsername] [http-nio-8080-exec-5] [DEBUG] - ==> Parameters: admin(String), admin(String)
[2026-09-15 15:19:33.745] [gas-forecast] [] [] [c.g.f.d.m.S.selectByUsername] [http-nio-8080-exec-5] [DEBUG] - <==      Total: 50
[2026-09-15 15:19:33.746] [gas-forecast] [] [] [c.g.f.d.m.D.selectList_mpCount] [http-nio-8080-exec-5] [DEBUG] - ==>  Preparing: SELECT COUNT(*) AS total FROM data_daily_sales_tb
[2026-09-15 15:19:33.747] [gas-forecast] [] [] [c.g.f.d.m.D.selectList_mpCount] [http-nio-8080-exec-5] [DEBUG] - ==> Parameters: 
[2026-09-15 15:19:33.755] [gas-forecast] [] [] [c.g.f.d.m.D.selectList_mpCount] [http-nio-8080-exec-5] [DEBUG] - <==      Total: 1
[2026-09-15 15:19:33.755] [gas-forecast] [] [] [c.g.f.d.m.D.selectList] [http-nio-8080-exec-5] [DEBUG] - ==>  Preparing: SELECT id,stat_date,region_name,industry_name,customer_name,customer_code,gas_sales,unit,file_id,created_at,region_code,industry_code FROM data_daily_sales_tb ORDER BY stat_date DESC,id DESC LIMIT ?
[2026-09-15 15:19:33.755] [gas-forecast] [] [] [c.g.f.d.m.D.selectList] [http-nio-8080-exec-5] [DEBUG] - ==> Parameters: 10(Long)
[2026-09-15 15:19:33.784] [gas-forecast] [] [] [c.g.f.d.m.D.selectList] [http-nio-8080-exec-5] [DEBUG] - <==      Total: 10
[2026-09-15 21:32:50.548] [gas-forecast] [] [] [c.g.f.d.m.SysUserTbMapper.selectList] [http-nio-8080-exec-1] [DEBUG] - ==>  Preparing: SELECT id,username,real_name,password_hash,password_salt,avatar,email,phone,org_code,status,deleted,created_at,updated_at FROM sys_user_tb WHERE (username = ? AND deleted = ?)
[2026-09-15 21:32:50.558] [gas-forecast] [] [] [c.g.f.d.m.SysUserTbMapper.selectList] [http-nio-8080-exec-1] [DEBUG] - ==> Parameters: admin(String), 0(Integer)
[2026-09-15 21:32:50.569] [gas-forecast] [] [] [c.g.f.d.m.SysUserTbMapper.selectList] [http-nio-8080-exec-1] [DEBUG] - <==      Total: 1
[2026-09-15 21:32:50.571] [gas-forecast] [] [] [c.g.f.d.m.S.selectRoleCodesByUsername] [http-nio-8080-exec-1] [DEBUG] - ==>  Preparing: select r.role_code from sys_user_tb u join sys_user_role_ref ur on ur.user_id = u.id join sys_role_tb r on r.id = ur.role_id where u.username = ? order by r.role_code
[2026-09-15 21:32:50.571] [gas-forecast] [] [] [c.g.f.d.m.S.selectRoleCodesByUsername] [http-nio-8080-exec-1] [DEBUG] - ==> Parameters: admin(String)
[2026-09-15 21:32:50.573] [gas-forecast] [] [] [c.g.f.d.m.S.selectRoleCodesByUsername] [http-nio-8080-exec-1] [DEBUG] - <==      Total: 1
[2026-09-15 21:32:50.573] [gas-forecast] [] [] [c.g.f.d.m.S.selectByUsername] [http-nio-8080-exec-1] [DEBUG] - ==>  Preparing: select distinct p.* from sys_permission_tb p where p.status = 1 and ( exists ( select 1 from sys_user_tb u join sys_user_role_ref ur on ur.user_id = u.id join sys_role_permission_ref rp on rp.role_id = ur.role_id where rp.permission_id = p.id and u.username = ? and u.deleted = 0 ) or exists ( select 1 from sys_user_tb u join sys_user_department_ref ud on ud.user_id = u.id join sys_department_permission_ref dp on dp.department_id = ud.department_id where dp.permission_id = p.id and u.username = ? and u.deleted = 0 ) ) order by p.sort_no, p.id
[2026-09-15 21:32:50.574] [gas-forecast] [] [] [c.g.f.d.m.S.selectByUsername] [http-nio-8080-exec-1] [DEBUG] - ==> Parameters: admin(String), admin(String)
[2026-09-15 21:32:50.580] [gas-forecast] [] [] [c.g.f.d.m.S.selectByUsername] [http-nio-8080-exec-1] [DEBUG] - <==      Total: 50
[2026-09-15 21:32:58.764] [gas-forecast] [] [] [c.g.f.d.m.SysUserTbMapper.selectList] [http-nio-8080-exec-5] [DEBUG] - ==>  Preparing: SELECT id,username,real_name,password_hash,password_salt,avatar,email,phone,org_code,status,deleted,created_at,updated_at FROM sys_user_tb WHERE (username = ? AND deleted = ?)
[2026-09-15 21:32:58.765] [gas-forecast] [] [] [c.g.f.d.m.SysUserTbMapper.selectList] [http-nio-8080-exec-5] [DEBUG] - ==> Parameters: admin(String), 0(Integer)
[2026-09-15 21:32:58.766] [gas-forecast] [] [] [c.g.f.d.m.SysUserTbMapper.selectList] [http-nio-8080-exec-5] [DEBUG] - <==      Total: 1
[2026-09-15 21:38:02.934] [gas-forecast] [] [] [c.g.f.d.m.SysUserTbMapper.selectList] [http-nio-8080-exec-9] [DEBUG] - ==>  Preparing: SELECT id,username,real_name,password_hash,password_salt,avatar,email,phone,org_code,status,deleted,created_at,updated_at FROM sys_user_tb WHERE (username = ? AND deleted = ?)
[2026-09-15 21:38:02.943] [gas-forecast] [] [] [c.g.f.d.m.SysUserTbMapper.selectList] [http-nio-8080-exec-9] [DEBUG] - ==> Parameters: admin(String), 0(Integer)
[2026-09-15 21:38:02.953] [gas-forecast] [] [] [c.g.f.d.m.SysUserTbMapper.selectList] [http-nio-8080-exec-9] [DEBUG] - <==      Total: 1
[2026-09-15 21:38:02.957] [gas-forecast] [] [] [c.g.f.d.m.S.selectRoleCodesByUsername] [http-nio-8080-exec-9] [DEBUG] - ==>  Preparing: select r.role_code from sys_user_tb u join sys_user_role_ref ur on ur.user_id = u.id join sys_role_tb r on r.id = ur.role_id where u.username = ? order by r.role_code
[2026-09-15 21:38:02.957] [gas-forecast] [] [] [c.g.f.d.m.S.selectRoleCodesByUsername] [http-nio-8080-exec-9] [DEBUG] - ==> Parameters: admin(String)
[2026-09-15 21:38:02.959] [gas-forecast] [] [] [c.g.f.d.m.S.selectRoleCodesByUsername] [http-nio-8080-exec-9] [DEBUG] - <==      Total: 1
[2026-09-15 21:38:02.959] [gas-forecast] [] [] [c.g.f.d.m.S.selectByUsername] [http-nio-8080-exec-9] [DEBUG] - ==>  Preparing: select distinct p.* from sys_permission_tb p where p.status = 1 and ( exists ( select 1 from sys_user_tb u join sys_user_role_ref ur on ur.user_id = u.id join sys_role_permission_ref rp on rp.role_id = ur.role_id where rp.permission_id = p.id and u.username = ? and u.deleted = 0 ) or exists ( select 1 from sys_user_tb u join sys_user_department_ref ud on ud.user_id = u.id join sys_department_permission_ref dp on dp.department_id = ud.department_id where dp.permission_id = p.id and u.username = ? and u.deleted = 0 ) ) order by p.sort_no, p.id
[2026-09-15 21:38:02.959] [gas-forecast] [] [] [c.g.f.d.m.S.selectByUsername] [http-nio-8080-exec-9] [DEBUG] - ==> Parameters: admin(String), admin(String)
[2026-09-15 21:38:02.967] [gas-forecast] [] [] [c.g.f.d.m.S.selectByUsername] [http-nio-8080-exec-9] [DEBUG] - <==      Total: 50
[2026-09-15 21:38:05.923] [gas-forecast] [] [] [c.g.f.d.m.S.selectByUsername] [http-nio-8080-exec-10] [DEBUG] - ==>  Preparing: select distinct p.* from sys_permission_tb p where p.status = 1 and ( exists ( select 1 from sys_user_tb u join sys_user_role_ref ur on ur.user_id = u.id join sys_role_permission_ref rp on rp.role_id = ur.role_id where rp.permission_id = p.id and u.username = ? and u.deleted = 0 ) or exists ( select 1 from sys_user_tb u join sys_user_department_ref ud on ud.user_id = u.id join sys_department_permission_ref dp on dp.department_id = ud.department_id where dp.permission_id = p.id and u.username = ? and u.deleted = 0 ) ) order by p.sort_no, p.id
[2026-09-15 21:38:05.924] [gas-forecast] [] [] [c.g.f.d.m.S.selectByUsername] [http-nio-8080-exec-10] [DEBUG] - ==> Parameters: admin(String), admin(String)
[2026-09-15 21:38:05.928] [gas-forecast] [] [] [c.g.f.d.m.S.selectByUsername] [http-nio-8080-exec-10] [DEBUG] - <==      Total: 50
[2026-09-15 21:38:05.963] [gas-forecast] [] [] [c.g.f.d.m.B.selectList_mpCount] [http-nio-8080-exec-10] [DEBUG] - ==>  Preparing: SELECT COUNT(*) AS total FROM base_region_tb
[2026-09-15 21:38:05.963] [gas-forecast] [] [] [c.g.f.d.m.B.selectList_mpCount] [http-nio-8080-exec-10] [DEBUG] - ==> Parameters: 
[2026-09-15 21:38:05.965] [gas-forecast] [] [] [c.g.f.d.m.B.selectList_mpCount] [http-nio-8080-exec-10] [DEBUG] - <==      Total: 1
[2026-09-15 21:38:05.966] [gas-forecast] [] [] [c.g.f.d.m.B.selectList] [http-nio-8080-exec-10] [DEBUG] - ==>  Preparing: SELECT id,region_code,region_name,region_type,parent_id,sort_no,enabled,remark,created_by,created_at,updated_by,updated_at,update_by_name,created_by_name FROM base_region_tb ORDER BY sort_no ASC,updated_at DESC,id DESC LIMIT ?
[2026-09-15 21:38:05.967] [gas-forecast] [] [] [c.g.f.d.m.B.selectList] [http-nio-8080-exec-10] [DEBUG] - ==> Parameters: 10(Long)
[2026-09-15 21:38:05.968] [gas-forecast] [] [] [c.g.f.d.m.B.selectList] [http-nio-8080-exec-10] [DEBUG] - <==      Total: 10
[2026-09-15 21:38:09.173] [gas-forecast] [] [] [c.g.f.d.m.S.selectByUsername] [http-nio-8080-exec-1] [DEBUG] - ==>  Preparing: select distinct p.* from sys_permission_tb p where p.status = 1 and ( exists ( select 1 from sys_user_tb u join sys_user_role_ref ur on ur.user_id = u.id join sys_role_permission_ref rp on rp.role_id = ur.role_id where rp.permission_id = p.id and u.username = ? and u.deleted = 0 ) or exists ( select 1 from sys_user_tb u join sys_user_department_ref ud on ud.user_id = u.id join sys_department_permission_ref dp on dp.department_id = ud.department_id where dp.permission_id = p.id and u.username = ? and u.deleted = 0 ) ) order by p.sort_no, p.id
[2026-09-15 21:38:09.174] [gas-forecast] [] [] [c.g.f.d.m.S.selectByUsername] [http-nio-8080-exec-1] [DEBUG] - ==> Parameters: admin(String), admin(String)
[2026-09-15 21:38:09.178] [gas-forecast] [] [] [c.g.f.d.m.S.selectByUsername] [http-nio-8080-exec-1] [DEBUG] - <==      Total: 50
[2026-09-15 21:38:09.184] [gas-forecast] [] [] [c.g.f.d.m.B.selectList_mpCount] [http-nio-8080-exec-1] [DEBUG] - ==>  Preparing: SELECT COUNT(*) AS total FROM base_customer_tb
[2026-09-15 21:38:09.184] [gas-forecast] [] [] [c.g.f.d.m.B.selectList_mpCount] [http-nio-8080-exec-1] [DEBUG] - ==> Parameters: 
[2026-09-15 21:38:09.186] [gas-forecast] [] [] [c.g.f.d.m.B.selectList_mpCount] [http-nio-8080-exec-1] [DEBUG] - <==      Total: 1
[2026-09-15 21:38:09.186] [gas-forecast] [] [] [c.g.f.d.m.B.selectList] [http-nio-8080-exec-1] [DEBUG] - ==>  Preparing: SELECT id,customer_code,customer_name,industry_code,industry_name,region_code,region_name,created_at,updated_at,created_by,created_by_name,updated_by,update_by_name,raw_region_name,raw_industry_name FROM base_customer_tb ORDER BY updated_at DESC,id DESC LIMIT ?
[2026-09-15 21:38:09.186] [gas-forecast] [] [] [c.g.f.d.m.B.selectList] [http-nio-8080-exec-1] [DEBUG] - ==> Parameters: 10(Long)
[2026-09-15 21:38:09.187] [gas-forecast] [] [] [c.g.f.d.m.B.selectList] [http-nio-8080-exec-1] [DEBUG] - <==      Total: 10
[2026-09-15 21:56:18.311] [gas-forecast] [] [] [c.g.f.d.m.S.selectByUsername] [http-nio-8080-exec-1] [DEBUG] - ==>  Preparing: select distinct p.* from sys_permission_tb p where p.status = 1 and ( exists ( select 1 from sys_user_tb u join sys_user_role_ref ur on ur.user_id = u.id join sys_role_permission_ref rp on rp.role_id = ur.role_id where rp.permission_id = p.id and u.username = ? and u.deleted = 0 ) or exists ( select 1 from sys_user_tb u join sys_user_department_ref ud on ud.user_id = u.id join sys_department_permission_ref dp on dp.department_id = ud.department_id where dp.permission_id = p.id and u.username = ? and u.deleted = 0 ) ) order by p.sort_no, p.id
[2026-09-15 21:56:18.320] [gas-forecast] [] [] [c.g.f.d.m.S.selectByUsername] [http-nio-8080-exec-1] [DEBUG] - ==> Parameters: admin(String), admin(String)
[2026-09-15 21:56:18.336] [gas-forecast] [] [] [c.g.f.d.m.S.selectByUsername] [http-nio-8080-exec-1] [DEBUG] - <==      Total: 50
[2026-09-15 21:56:18.437] [gas-forecast] [] [] [c.g.f.d.m.B.selectList_mpCount] [http-nio-8080-exec-1] [DEBUG] - ==>  Preparing: SELECT COUNT(*) AS total FROM base_customer_tb
[2026-09-15 21:56:18.438] [gas-forecast] [] [] [c.g.f.d.m.B.selectList_mpCount] [http-nio-8080-exec-1] [DEBUG] - ==> Parameters: 
[2026-09-15 21:56:18.440] [gas-forecast] [] [] [c.g.f.d.m.B.selectList_mpCount] [http-nio-8080-exec-1] [DEBUG] - <==      Total: 1
[2026-09-15 21:56:18.441] [gas-forecast] [] [] [c.g.f.d.m.B.selectList] [http-nio-8080-exec-1] [DEBUG] - ==>  Preparing: SELECT id,customer_code,customer_name,industry_code,industry_name,region_code,region_name,created_at,updated_at,created_by,created_by_name,updated_by,update_by_name,raw_region_name,raw_industry_name FROM base_customer_tb ORDER BY updated_at DESC,id DESC LIMIT ?
[2026-09-15 21:56:18.441] [gas-forecast] [] [] [c.g.f.d.m.B.selectList] [http-nio-8080-exec-1] [DEBUG] - ==> Parameters: 10(Long)
[2026-09-15 21:59:16.571] [gas-forecast] [] [] [c.g.f.d.m.S.selectByUsername] [http-nio-8080-exec-2] [DEBUG] - ==>  Preparing: select distinct p.* from sys_permission_tb p where p.status = 1 and ( exists ( select 1 from sys_user_tb u join sys_user_role_ref ur on ur.user_id = u.id join sys_role_permission_ref rp on rp.role_id = ur.role_id where rp.permission_id = p.id and u.username = ? and u.deleted = 0 ) or exists ( select 1 from sys_user_tb u join sys_user_department_ref ud on ud.user_id = u.id join sys_department_permission_ref dp on dp.department_id = ud.department_id where dp.permission_id = p.id and u.username = ? and u.deleted = 0 ) ) order by p.sort_no, p.id
[2026-09-15 21:59:16.571] [gas-forecast] [] [] [c.g.f.d.m.SysUserTbMapper.selectList] [http-nio-8080-exec-1] [DEBUG] - ==>  Preparing: SELECT id,username,real_name,password_hash,password_salt,avatar,email,phone,org_code,status,deleted,created_at,updated_at FROM sys_user_tb WHERE (username = ? AND deleted = ?)
[2026-09-15 21:59:16.586] [gas-forecast] [] [] [c.g.f.d.m.S.selectByUsername] [http-nio-8080-exec-2] [DEBUG] - ==> Parameters: admin(String), admin(String)
[2026-09-15 21:59:16.586] [gas-forecast] [] [] [c.g.f.d.m.SysUserTbMapper.selectList] [http-nio-8080-exec-1] [DEBUG] - ==> Parameters: admin(String), 0(Integer)
[2026-09-15 21:59:16.602] [gas-forecast] [] [] [c.g.f.d.m.SysUserTbMapper.selectList] [http-nio-8080-exec-1] [DEBUG] - <==      Total: 1
[2026-09-15 21:59:16.606] [gas-forecast] [] [] [c.g.f.d.m.S.selectRoleCodesByUsername] [http-nio-8080-exec-1] [DEBUG] - ==>  Preparing: select r.role_code from sys_user_tb u join sys_user_role_ref ur on ur.user_id = u.id join sys_role_tb r on r.id = ur.role_id where u.username = ? order by r.role_code
[2026-09-15 21:59:16.606] [gas-forecast] [] [] [c.g.f.d.m.S.selectRoleCodesByUsername] [http-nio-8080-exec-1] [DEBUG] - ==> Parameters: admin(String)
[2026-09-15 21:59:16.607] [gas-forecast] [] [] [c.g.f.d.m.S.selectRoleCodesByUsername] [http-nio-8080-exec-1] [DEBUG] - <==      Total: 1
[2026-09-15 21:59:16.608] [gas-forecast] [] [] [c.g.f.d.m.S.selectByUsername] [http-nio-8080-exec-1] [DEBUG] - ==>  Preparing: select distinct p.* from sys_permission_tb p where p.status = 1 and ( exists ( select 1 from sys_user_tb u join sys_user_role_ref ur on ur.user_id = u.id join sys_role_permission_ref rp on rp.role_id = ur.role_id where rp.permission_id = p.id and u.username = ? and u.deleted = 0 ) or exists ( select 1 from sys_user_tb u join sys_user_department_ref ud on ud.user_id = u.id join sys_department_permission_ref dp on dp.department_id = ud.department_id where dp.permission_id = p.id and u.username = ? and u.deleted = 0 ) ) order by p.sort_no, p.id
[2026-09-15 21:59:16.608] [gas-forecast] [] [] [c.g.f.d.m.S.selectByUsername] [http-nio-8080-exec-2] [DEBUG] - <==      Total: 50
[2026-09-15 21:59:16.608] [gas-forecast] [] [] [c.g.f.d.m.S.selectByUsername] [http-nio-8080-exec-1] [DEBUG] - ==> Parameters: admin(String), admin(String)
[2026-09-15 21:59:16.613] [gas-forecast] [] [] [c.g.f.d.m.S.selectByUsername] [http-nio-8080-exec-1] [DEBUG] - <==      Total: 50
[2026-09-15 21:59:16.717] [gas-forecast] [] [] [c.g.f.d.m.B.selectList_mpCount] [http-nio-8080-exec-2] [DEBUG] - ==>  Preparing: SELECT COUNT(*) AS total FROM base_customer_tb
[2026-09-15 21:59:16.718] [gas-forecast] [] [] [c.g.f.d.m.B.selectList_mpCount] [http-nio-8080-exec-2] [DEBUG] - ==> Parameters: 
[2026-09-15 21:59:16.719] [gas-forecast] [] [] [c.g.f.d.m.B.selectList_mpCount] [http-nio-8080-exec-2] [DEBUG] - <==      Total: 1
[2026-09-15 21:59:16.721] [gas-forecast] [] [] [c.g.f.d.m.B.selectList] [http-nio-8080-exec-2] [DEBUG] - ==>  Preparing: SELECT id,customer_code,customer_name,industry_code,industry_name,region_code,region_name,created_at,updated_at,created_by,created_by_name,updated_by,updated_by_name,raw_region_name,raw_industry_name FROM base_customer_tb ORDER BY updated_at DESC,id DESC LIMIT ?
[2026-09-15 21:59:16.722] [gas-forecast] [] [] [c.g.f.d.m.B.selectList] [http-nio-8080-exec-2] [DEBUG] - ==> Parameters: 10(Long)
[2026-09-15 21:59:16.724] [gas-forecast] [] [] [c.g.f.d.m.B.selectList] [http-nio-8080-exec-2] [DEBUG] - <==      Total: 10
[2026-09-15 21:59:17.410] [gas-forecast] [] [] [c.g.f.d.m.S.selectByUsername] [http-nio-8080-exec-3] [DEBUG] - ==>  Preparing: select distinct p.* from sys_permission_tb p where p.status = 1 and ( exists ( select 1 from sys_user_tb u join sys_user_role_ref ur on ur.user_id = u.id join sys_role_permission_ref rp on rp.role_id = ur.role_id where rp.permission_id = p.id and u.username = ? and u.deleted = 0 ) or exists ( select 1 from sys_user_tb u join sys_user_department_ref ud on ud.user_id = u.id join sys_department_permission_ref dp on dp.department_id = ud.department_id where dp.permission_id = p.id and u.username = ? and u.deleted = 0 ) ) order by p.sort_no, p.id
[2026-09-15 21:59:17.411] [gas-forecast] [] [] [c.g.f.d.m.S.selectByUsername] [http-nio-8080-exec-3] [DEBUG] - ==> Parameters: admin(String), admin(String)
[2026-09-15 21:59:17.417] [gas-forecast] [] [] [c.g.f.d.m.S.selectByUsername] [http-nio-8080-exec-3] [DEBUG] - <==      Total: 50
[2026-09-15 21:59:17.423] [gas-forecast] [] [] [c.g.f.d.m.B.selectList_mpCount] [http-nio-8080-exec-3] [DEBUG] - ==>  Preparing: SELECT COUNT(*) AS total FROM base_region_tb
[2026-09-15 21:59:17.423] [gas-forecast] [] [] [c.g.f.d.m.B.selectList_mpCount] [http-nio-8080-exec-3] [DEBUG] - ==> Parameters: 
[2026-09-15 21:59:17.424] [gas-forecast] [] [] [c.g.f.d.m.B.selectList_mpCount] [http-nio-8080-exec-3] [DEBUG] - <==      Total: 1
[2026-09-15 21:59:17.425] [gas-forecast] [] [] [c.g.f.d.m.B.selectList] [http-nio-8080-exec-3] [DEBUG] - ==>  Preparing: SELECT id,region_code,region_name,remark,created_by,created_at,updated_by,updated_at,updated_by_name,created_by_name FROM base_region_tb ORDER BY updated_at DESC,id DESC LIMIT ?
[2026-09-15 21:59:17.425] [gas-forecast] [] [] [c.g.f.d.m.B.selectList] [http-nio-8080-exec-3] [DEBUG] - ==> Parameters: 10(Long)
[2026-09-15 21:59:17.425] [gas-forecast] [] [] [c.g.f.d.m.B.selectList] [http-nio-8080-exec-3] [DEBUG] - <==      Total: 10
[2026-09-15 21:59:19.427] [gas-forecast] [] [] [c.g.f.d.m.S.selectByUsername] [http-nio-8080-exec-4] [DEBUG] - ==>  Preparing: select distinct p.* from sys_permission_tb p where p.status = 1 and ( exists ( select 1 from sys_user_tb u join sys_user_role_ref ur on ur.user_id = u.id join sys_role_permission_ref rp on rp.role_id = ur.role_id where rp.permission_id = p.id and u.username = ? and u.deleted = 0 ) or exists ( select 1 from sys_user_tb u join sys_user_department_ref ud on ud.user_id = u.id join sys_department_permission_ref dp on dp.department_id = ud.department_id where dp.permission_id = p.id and u.username = ? and u.deleted = 0 ) ) order by p.sort_no, p.id
[2026-09-15 21:59:19.427] [gas-forecast] [] [] [c.g.f.d.m.S.selectByUsername] [http-nio-8080-exec-4] [DEBUG] - ==> Parameters: admin(String), admin(String)
[2026-09-15 21:59:19.430] [gas-forecast] [] [] [c.g.f.d.m.S.selectByUsername] [http-nio-8080-exec-4] [DEBUG] - <==      Total: 50
[2026-09-15 21:59:19.434] [gas-forecast] [] [] [c.g.f.d.m.B.selectList_mpCount] [http-nio-8080-exec-4] [DEBUG] - ==>  Preparing: SELECT COUNT(*) AS total FROM base_customer_tb
[2026-09-15 21:59:19.434] [gas-forecast] [] [] [c.g.f.d.m.B.selectList_mpCount] [http-nio-8080-exec-4] [DEBUG] - ==> Parameters: 
[2026-09-15 21:59:19.435] [gas-forecast] [] [] [c.g.f.d.m.B.selectList_mpCount] [http-nio-8080-exec-4] [DEBUG] - <==      Total: 1
[2026-09-15 21:59:19.435] [gas-forecast] [] [] [c.g.f.d.m.B.selectList] [http-nio-8080-exec-4] [DEBUG] - ==>  Preparing: SELECT id,customer_code,customer_name,industry_code,industry_name,region_code,region_name,created_at,updated_at,created_by,created_by_name,updated_by,updated_by_name,raw_region_name,raw_industry_name FROM base_customer_tb ORDER BY updated_at DESC,id DESC LIMIT ?
[2026-09-15 21:59:19.435] [gas-forecast] [] [] [c.g.f.d.m.B.selectList] [http-nio-8080-exec-4] [DEBUG] - ==> Parameters: 10(Long)
[2026-09-15 21:59:19.436] [gas-forecast] [] [] [c.g.f.d.m.B.selectList] [http-nio-8080-exec-4] [DEBUG] - <==      Total: 10
[2026-09-15 21:59:20.042] [gas-forecast] [] [] [c.g.f.d.m.S.selectByUsername] [http-nio-8080-exec-5] [DEBUG] - ==>  Preparing: select distinct p.* from sys_permission_tb p where p.status = 1 and ( exists ( select 1 from sys_user_tb u join sys_user_role_ref ur on ur.user_id = u.id join sys_role_permission_ref rp on rp.role_id = ur.role_id where rp.permission_id = p.id and u.username = ? and u.deleted = 0 ) or exists ( select 1 from sys_user_tb u join sys_user_department_ref ud on ud.user_id = u.id join sys_department_permission_ref dp on dp.department_id = ud.department_id where dp.permission_id = p.id and u.username = ? and u.deleted = 0 ) ) order by p.sort_no, p.id
[2026-09-15 21:59:20.043] [gas-forecast] [] [] [c.g.f.d.m.S.selectByUsername] [http-nio-8080-exec-5] [DEBUG] - ==> Parameters: admin(String), admin(String)
[2026-09-15 21:59:20.047] [gas-forecast] [] [] [c.g.f.d.m.S.selectByUsername] [http-nio-8080-exec-5] [DEBUG] - <==      Total: 50
[2026-09-15 21:59:20.052] [gas-forecast] [] [] [c.g.f.d.m.B.selectList_mpCount] [http-nio-8080-exec-5] [DEBUG] - ==>  Preparing: SELECT COUNT(*) AS total FROM base_industry_tb
[2026-09-15 21:59:20.052] [gas-forecast] [] [] [c.g.f.d.m.B.selectList_mpCount] [http-nio-8080-exec-5] [DEBUG] - ==> Parameters: 
[2026-09-15 21:59:20.053] [gas-forecast] [] [] [c.g.f.d.m.B.selectList_mpCount] [http-nio-8080-exec-5] [DEBUG] - <==      Total: 1
[2026-09-15 21:59:20.054] [gas-forecast] [] [] [c.g.f.d.m.B.selectList] [http-nio-8080-exec-5] [DEBUG] - ==>  Preparing: SELECT id,industry_code,industry_name,created_at,updated_at,created_by,created_by_name,updated_by,updated_by_name FROM base_industry_tb ORDER BY updated_at DESC,id DESC LIMIT ?
[2026-09-15 21:59:20.054] [gas-forecast] [] [] [c.g.f.d.m.B.selectList] [http-nio-8080-exec-5] [DEBUG] - ==> Parameters: 10(Long)
[2026-09-15 21:59:20.055] [gas-forecast] [] [] [c.g.f.d.m.B.selectList] [http-nio-8080-exec-5] [DEBUG] - <==      Total: 3
[2026-09-15 21:59:21.767] [gas-forecast] [] [] [c.g.f.d.m.S.selectByUsername] [http-nio-8080-exec-6] [DEBUG] - ==>  Preparing: select distinct p.* from sys_permission_tb p where p.status = 1 and ( exists ( select 1 from sys_user_tb u join sys_user_role_ref ur on ur.user_id = u.id join sys_role_permission_ref rp on rp.role_id = ur.role_id where rp.permission_id = p.id and u.username = ? and u.deleted = 0 ) or exists ( select 1 from sys_user_tb u join sys_user_department_ref ud on ud.user_id = u.id join sys_department_permission_ref dp on dp.department_id = ud.department_id where dp.permission_id = p.id and u.username = ? and u.deleted = 0 ) ) order by p.sort_no, p.id
[2026-09-15 21:59:21.768] [gas-forecast] [] [] [c.g.f.d.m.S.selectByUsername] [http-nio-8080-exec-6] [DEBUG] - ==> Parameters: admin(String), admin(String)
[2026-09-15 21:59:21.770] [gas-forecast] [] [] [c.g.f.d.m.S.selectByUsername] [http-nio-8080-exec-6] [DEBUG] - <==      Total: 50
[2026-09-15 21:59:21.774] [gas-forecast] [] [] [c.g.f.d.m.B.selectList_mpCount] [http-nio-8080-exec-6] [DEBUG] - ==>  Preparing: SELECT COUNT(*) AS total FROM base_customer_tb
[2026-09-15 21:59:21.774] [gas-forecast] [] [] [c.g.f.d.m.B.selectList_mpCount] [http-nio-8080-exec-6] [DEBUG] - ==> Parameters: 
[2026-09-15 21:59:21.775] [gas-forecast] [] [] [c.g.f.d.m.B.selectList_mpCount] [http-nio-8080-exec-6] [DEBUG] - <==      Total: 1
[2026-09-15 21:59:21.775] [gas-forecast] [] [] [c.g.f.d.m.B.selectList] [http-nio-8080-exec-6] [DEBUG] - ==>  Preparing: SELECT id,customer_code,customer_name,industry_code,industry_name,region_code,region_name,created_at,updated_at,created_by,created_by_name,updated_by,updated_by_name,raw_region_name,raw_industry_name FROM base_customer_tb ORDER BY updated_at DESC,id DESC LIMIT ?
[2026-09-15 21:59:21.775] [gas-forecast] [] [] [c.g.f.d.m.B.selectList] [http-nio-8080-exec-6] [DEBUG] - ==> Parameters: 10(Long)
[2026-09-15 21:59:21.776] [gas-forecast] [] [] [c.g.f.d.m.B.selectList] [http-nio-8080-exec-6] [DEBUG] - <==      Total: 10
[2026-09-15 21:59:22.539] [gas-forecast] [] [] [c.g.f.d.m.S.selectByUsername] [http-nio-8080-exec-7] [DEBUG] - ==>  Preparing: select distinct p.* from sys_permission_tb p where p.status = 1 and ( exists ( select 1 from sys_user_tb u join sys_user_role_ref ur on ur.user_id = u.id join sys_role_permission_ref rp on rp.role_id = ur.role_id where rp.permission_id = p.id and u.username = ? and u.deleted = 0 ) or exists ( select 1 from sys_user_tb u join sys_user_department_ref ud on ud.user_id = u.id join sys_department_permission_ref dp on dp.department_id = ud.department_id where dp.permission_id = p.id and u.username = ? and u.deleted = 0 ) ) order by p.sort_no, p.id
[2026-09-15 21:59:22.540] [gas-forecast] [] [] [c.g.f.d.m.S.selectByUsername] [http-nio-8080-exec-7] [DEBUG] - ==> Parameters: admin(String), admin(String)
[2026-09-15 21:59:22.542] [gas-forecast] [] [] [c.g.f.d.m.S.selectByUsername] [http-nio-8080-exec-7] [DEBUG] - <==      Total: 50
[2026-09-15 21:59:22.545] [gas-forecast] [] [] [c.g.f.d.m.B.selectList_mpCount] [http-nio-8080-exec-7] [DEBUG] - ==>  Preparing: SELECT COUNT(*) AS total FROM base_region_tb
[2026-09-15 21:59:22.545] [gas-forecast] [] [] [c.g.f.d.m.B.selectList_mpCount] [http-nio-8080-exec-7] [DEBUG] - ==> Parameters: 
[2026-09-15 21:59:22.546] [gas-forecast] [] [] [c.g.f.d.m.B.selectList_mpCount] [http-nio-8080-exec-7] [DEBUG] - <==      Total: 1
[2026-09-15 21:59:22.546] [gas-forecast] [] [] [c.g.f.d.m.B.selectList] [http-nio-8080-exec-7] [DEBUG] - ==>  Preparing: SELECT id,region_code,region_name,remark,created_by,created_at,updated_by,updated_at,updated_by_name,created_by_name FROM base_region_tb ORDER BY updated_at DESC,id DESC LIMIT ?
[2026-09-15 21:59:22.546] [gas-forecast] [] [] [c.g.f.d.m.B.selectList] [http-nio-8080-exec-7] [DEBUG] - ==> Parameters: 10(Long)
[2026-09-15 21:59:22.547] [gas-forecast] [] [] [c.g.f.d.m.B.selectList] [http-nio-8080-exec-7] [DEBUG] - <==      Total: 10
[2026-09-15 21:59:23.710] [gas-forecast] [] [] [c.g.f.d.m.S.selectByUsername] [http-nio-8080-exec-8] [DEBUG] - ==>  Preparing: select distinct p.* from sys_permission_tb p where p.status = 1 and ( exists ( select 1 from sys_user_tb u join sys_user_role_ref ur on ur.user_id = u.id join sys_role_permission_ref rp on rp.role_id = ur.role_id where rp.permission_id = p.id and u.username = ? and u.deleted = 0 ) or exists ( select 1 from sys_user_tb u join sys_user_department_ref ud on ud.user_id = u.id join sys_department_permission_ref dp on dp.department_id = ud.department_id where dp.permission_id = p.id and u.username = ? and u.deleted = 0 ) ) order by p.sort_no, p.id
[2026-09-15 21:59:23.710] [gas-forecast] [] [] [c.g.f.d.m.S.selectByUsername] [http-nio-8080-exec-8] [DEBUG] - ==> Parameters: admin(String), admin(String)
[2026-09-15 21:59:23.714] [gas-forecast] [] [] [c.g.f.d.m.S.selectByUsername] [http-nio-8080-exec-8] [DEBUG] - <==      Total: 50
[2026-09-15 21:59:23.716] [gas-forecast] [] [] [c.g.f.d.m.B.selectList_mpCount] [http-nio-8080-exec-8] [DEBUG] - ==>  Preparing: SELECT COUNT(*) AS total FROM base_industry_tb
[2026-09-15 21:59:23.717] [gas-forecast] [] [] [c.g.f.d.m.B.selectList_mpCount] [http-nio-8080-exec-8] [DEBUG] - ==> Parameters: 
[2026-09-15 21:59:23.718] [gas-forecast] [] [] [c.g.f.d.m.B.selectList_mpCount] [http-nio-8080-exec-8] [DEBUG] - <==      Total: 1
[2026-09-15 21:59:23.718] [gas-forecast] [] [] [c.g.f.d.m.B.selectList] [http-nio-8080-exec-8] [DEBUG] - ==>  Preparing: SELECT id,industry_code,industry_name,created_at,updated_at,created_by,created_by_name,updated_by,updated_by_name FROM base_industry_tb ORDER BY updated_at DESC,id DESC LIMIT ?
[2026-09-15 21:59:23.718] [gas-forecast] [] [] [c.g.f.d.m.B.selectList] [http-nio-8080-exec-8] [DEBUG] - ==> Parameters: 10(Long)
[2026-09-15 21:59:23.718] [gas-forecast] [] [] [c.g.f.d.m.B.selectList] [http-nio-8080-exec-8] [DEBUG] - <==      Total: 3
[2026-09-15 21:59:24.268] [gas-forecast] [] [] [c.g.f.d.m.S.selectByUsername] [http-nio-8080-exec-9] [DEBUG] - ==>  Preparing: select distinct p.* from sys_permission_tb p where p.status = 1 and ( exists ( select 1 from sys_user_tb u join sys_user_role_ref ur on ur.user_id = u.id join sys_role_permission_ref rp on rp.role_id = ur.role_id where rp.permission_id = p.id and u.username = ? and u.deleted = 0 ) or exists ( select 1 from sys_user_tb u join sys_user_department_ref ud on ud.user_id = u.id join sys_department_permission_ref dp on dp.department_id = ud.department_id where dp.permission_id = p.id and u.username = ? and u.deleted = 0 ) ) order by p.sort_no, p.id
[2026-09-15 21:59:24.268] [gas-forecast] [] [] [c.g.f.d.m.S.selectByUsername] [http-nio-8080-exec-9] [DEBUG] - ==> Parameters: admin(String), admin(String)
[2026-09-15 21:59:24.270] [gas-forecast] [] [] [c.g.f.d.m.S.selectByUsername] [http-nio-8080-exec-9] [DEBUG] - <==      Total: 50
[2026-09-15 21:59:24.274] [gas-forecast] [] [] [c.g.f.d.m.B.selectList_mpCount] [http-nio-8080-exec-9] [DEBUG] - ==>  Preparing: SELECT COUNT(*) AS total FROM base_customer_tb
[2026-09-15 21:59:24.274] [gas-forecast] [] [] [c.g.f.d.m.B.selectList_mpCount] [http-nio-8080-exec-9] [DEBUG] - ==> Parameters: 
[2026-09-15 21:59:24.275] [gas-forecast] [] [] [c.g.f.d.m.B.selectList_mpCount] [http-nio-8080-exec-9] [DEBUG] - <==      Total: 1
[2026-09-15 21:59:24.275] [gas-forecast] [] [] [c.g.f.d.m.B.selectList] [http-nio-8080-exec-9] [DEBUG] - ==>  Preparing: SELECT id,customer_code,customer_name,industry_code,industry_name,region_code,region_name,created_at,updated_at,created_by,created_by_name,updated_by,updated_by_name,raw_region_name,raw_industry_name FROM base_customer_tb ORDER BY updated_at DESC,id DESC LIMIT ?
[2026-09-15 21:59:24.275] [gas-forecast] [] [] [c.g.f.d.m.B.selectList] [http-nio-8080-exec-9] [DEBUG] - ==> Parameters: 10(Long)
[2026-09-15 21:59:24.276] [gas-forecast] [] [] [c.g.f.d.m.B.selectList] [http-nio-8080-exec-9] [DEBUG] - <==      Total: 10
[2026-09-15 21:59:24.575] [gas-forecast] [] [] [c.g.f.d.m.S.selectByUsername] [http-nio-8080-exec-10] [DEBUG] - ==>  Preparing: select distinct p.* from sys_permission_tb p where p.status = 1 and ( exists ( select 1 from sys_user_tb u join sys_user_role_ref ur on ur.user_id = u.id join sys_role_permission_ref rp on rp.role_id = ur.role_id where rp.permission_id = p.id and u.username = ? and u.deleted = 0 ) or exists ( select 1 from sys_user_tb u join sys_user_department_ref ud on ud.user_id = u.id join sys_department_permission_ref dp on dp.department_id = ud.department_id where dp.permission_id = p.id and u.username = ? and u.deleted = 0 ) ) order by p.sort_no, p.id
[2026-09-15 21:59:24.576] [gas-forecast] [] [] [c.g.f.d.m.S.selectByUsername] [http-nio-8080-exec-10] [DEBUG] - ==> Parameters: admin(String), admin(String)
[2026-09-15 21:59:24.578] [gas-forecast] [] [] [c.g.f.d.m.S.selectByUsername] [http-nio-8080-exec-10] [DEBUG] - <==      Total: 50
[2026-09-15 21:59:24.581] [gas-forecast] [] [] [c.g.f.d.m.B.selectList_mpCount] [http-nio-8080-exec-10] [DEBUG] - ==>  Preparing: SELECT COUNT(*) AS total FROM base_region_tb
[2026-09-15 21:59:24.582] [gas-forecast] [] [] [c.g.f.d.m.B.selectList_mpCount] [http-nio-8080-exec-10] [DEBUG] - ==> Parameters: 
[2026-09-15 21:59:24.583] [gas-forecast] [] [] [c.g.f.d.m.B.selectList_mpCount] [http-nio-8080-exec-10] [DEBUG] - <==      Total: 1
[2026-09-15 21:59:24.583] [gas-forecast] [] [] [c.g.f.d.m.B.selectList] [http-nio-8080-exec-10] [DEBUG] - ==>  Preparing: SELECT id,region_code,region_name,remark,created_by,created_at,updated_by,updated_at,updated_by_name,created_by_name FROM base_region_tb ORDER BY updated_at DESC,id DESC LIMIT ?
[2026-09-15 21:59:24.583] [gas-forecast] [] [] [c.g.f.d.m.B.selectList] [http-nio-8080-exec-10] [DEBUG] - ==> Parameters: 10(Long)
[2026-09-15 21:59:24.584] [gas-forecast] [] [] [c.g.f.d.m.B.selectList] [http-nio-8080-exec-10] [DEBUG] - <==      Total: 10
[2026-09-15 22:00:56.479] [gas-forecast] [] [] [c.g.f.d.m.S.selectByUsername] [http-nio-8080-exec-1] [DEBUG] - ==>  Preparing: select distinct p.* from sys_permission_tb p where p.status = 1 and ( exists ( select 1 from sys_user_tb u join sys_user_role_ref ur on ur.user_id = u.id join sys_role_permission_ref rp on rp.role_id = ur.role_id where rp.permission_id = p.id and u.username = ? and u.deleted = 0 ) or exists ( select 1 from sys_user_tb u join sys_user_department_ref ud on ud.user_id = u.id join sys_department_permission_ref dp on dp.department_id = ud.department_id where dp.permission_id = p.id and u.username = ? and u.deleted = 0 ) ) order by p.sort_no, p.id
[2026-09-15 22:00:56.479] [gas-forecast] [] [] [c.g.f.d.m.S.selectByUsername] [http-nio-8080-exec-1] [DEBUG] - ==> Parameters: admin(String), admin(String)
[2026-09-15 22:00:56.485] [gas-forecast] [] [] [c.g.f.d.m.S.selectByUsername] [http-nio-8080-exec-1] [DEBUG] - <==      Total: 50
[2026-09-15 22:00:56.488] [gas-forecast] [] [] [c.g.f.d.m.B.selectList_mpCount] [http-nio-8080-exec-1] [DEBUG] - ==>  Preparing: SELECT COUNT(*) AS total FROM base_customer_tb
[2026-09-15 22:00:56.488] [gas-forecast] [] [] [c.g.f.d.m.B.selectList_mpCount] [http-nio-8080-exec-1] [DEBUG] - ==> Parameters: 
[2026-09-15 22:00:56.491] [gas-forecast] [] [] [c.g.f.d.m.B.selectList_mpCount] [http-nio-8080-exec-1] [DEBUG] - <==      Total: 1
[2026-09-15 22:00:56.491] [gas-forecast] [] [] [c.g.f.d.m.B.selectList] [http-nio-8080-exec-1] [DEBUG] - ==>  Preparing: SELECT id,customer_code,customer_name,industry_code,industry_name,region_code,region_name,created_at,updated_at,created_by,created_by_name,updated_by,updated_by_name,raw_region_name,raw_industry_name FROM base_customer_tb ORDER BY updated_at DESC,id DESC LIMIT ?
[2026-09-15 22:00:56.491] [gas-forecast] [] [] [c.g.f.d.m.B.selectList] [http-nio-8080-exec-1] [DEBUG] - ==> Parameters: 10(Long)
[2026-09-15 22:00:56.492] [gas-forecast] [] [] [c.g.f.d.m.B.selectList] [http-nio-8080-exec-1] [DEBUG] - <==      Total: 10
[2026-09-15 22:00:56.957] [gas-forecast] [] [] [c.g.f.d.m.S.selectByUsername] [http-nio-8080-exec-2] [DEBUG] - ==>  Preparing: select distinct p.* from sys_permission_tb p where p.status = 1 and ( exists ( select 1 from sys_user_tb u join sys_user_role_ref ur on ur.user_id = u.id join sys_role_permission_ref rp on rp.role_id = ur.role_id where rp.permission_id = p.id and u.username = ? and u.deleted = 0 ) or exists ( select 1 from sys_user_tb u join sys_user_department_ref ud on ud.user_id = u.id join sys_department_permission_ref dp on dp.department_id = ud.department_id where dp.permission_id = p.id and u.username = ? and u.deleted = 0 ) ) order by p.sort_no, p.id
[2026-09-15 22:00:56.958] [gas-forecast] [] [] [c.g.f.d.m.S.selectByUsername] [http-nio-8080-exec-2] [DEBUG] - ==> Parameters: admin(String), admin(String)
[2026-09-15 22:00:56.959] [gas-forecast] [] [] [c.g.f.d.m.S.selectByUsername] [http-nio-8080-exec-2] [DEBUG] - <==      Total: 50
[2026-09-15 22:00:56.962] [gas-forecast] [] [] [c.g.f.d.m.B.selectList_mpCount] [http-nio-8080-exec-2] [DEBUG] - ==>  Preparing: SELECT COUNT(*) AS total FROM base_industry_tb
[2026-09-15 22:00:56.962] [gas-forecast] [] [] [c.g.f.d.m.B.selectList_mpCount] [http-nio-8080-exec-2] [DEBUG] - ==> Parameters: 
[2026-09-15 22:00:56.963] [gas-forecast] [] [] [c.g.f.d.m.B.selectList_mpCount] [http-nio-8080-exec-2] [DEBUG] - <==      Total: 1
[2026-09-15 22:00:56.963] [gas-forecast] [] [] [c.g.f.d.m.B.selectList] [http-nio-8080-exec-2] [DEBUG] - ==>  Preparing: SELECT id,industry_code,industry_name,created_at,updated_at,created_by,created_by_name,updated_by,updated_by_name FROM base_industry_tb ORDER BY updated_at DESC,id DESC LIMIT ?
[2026-09-15 22:00:56.964] [gas-forecast] [] [] [c.g.f.d.m.B.selectList] [http-nio-8080-exec-2] [DEBUG] - ==> Parameters: 10(Long)
[2026-09-15 22:00:56.964] [gas-forecast] [] [] [c.g.f.d.m.B.selectList] [http-nio-8080-exec-2] [DEBUG] - <==      Total: 3
[2026-09-15 22:00:58.152] [gas-forecast] [] [] [c.g.f.d.m.S.selectByUsername] [http-nio-8080-exec-3] [DEBUG] - ==>  Preparing: select distinct p.* from sys_permission_tb p where p.status = 1 and ( exists ( select 1 from sys_user_tb u join sys_user_role_ref ur on ur.user_id = u.id join sys_role_permission_ref rp on rp.role_id = ur.role_id where rp.permission_id = p.id and u.username = ? and u.deleted = 0 ) or exists ( select 1 from sys_user_tb u join sys_user_department_ref ud on ud.user_id = u.id join sys_department_permission_ref dp on dp.department_id = ud.department_id where dp.permission_id = p.id and u.username = ? and u.deleted = 0 ) ) order by p.sort_no, p.id
[2026-09-15 22:00:58.152] [gas-forecast] [] [] [c.g.f.d.m.S.selectByUsername] [http-nio-8080-exec-3] [DEBUG] - ==> Parameters: admin(String), admin(String)
[2026-09-15 22:00:58.154] [gas-forecast] [] [] [c.g.f.d.m.S.selectByUsername] [http-nio-8080-exec-3] [DEBUG] - <==      Total: 50
[2026-09-15 22:00:58.165] [gas-forecast] [] [] [c.g.f.d.m.D.selectList_mpCount] [http-nio-8080-exec-3] [DEBUG] - ==>  Preparing: SELECT COUNT(*) AS total FROM data_daily_sales_tb
[2026-09-15 22:00:58.166] [gas-forecast] [] [] [c.g.f.d.m.D.selectList_mpCount] [http-nio-8080-exec-3] [DEBUG] - ==> Parameters: 
[2026-09-15 22:00:58.175] [gas-forecast] [] [] [c.g.f.d.m.D.selectList_mpCount] [http-nio-8080-exec-3] [DEBUG] - <==      Total: 1
[2026-09-15 22:00:58.175] [gas-forecast] [] [] [c.g.f.d.m.D.selectList] [http-nio-8080-exec-3] [DEBUG] - ==>  Preparing: SELECT id,stat_date,region_name,industry_name,customer_name,customer_code,gas_sales,unit,file_id,created_at,region_code,industry_code FROM data_daily_sales_tb ORDER BY stat_date DESC,id DESC LIMIT ?
[2026-09-15 22:00:58.175] [gas-forecast] [] [] [c.g.f.d.m.D.selectList] [http-nio-8080-exec-3] [DEBUG] - ==> Parameters: 10(Long)
[2026-09-15 22:00:58.203] [gas-forecast] [] [] [c.g.f.d.m.D.selectList] [http-nio-8080-exec-3] [DEBUG] - <==      Total: 10
[2026-09-15 22:01:00.395] [gas-forecast] [] [] [c.g.f.d.m.S.selectByUsername] [http-nio-8080-exec-4] [DEBUG] - ==>  Preparing: select distinct p.* from sys_permission_tb p where p.status = 1 and ( exists ( select 1 from sys_user_tb u join sys_user_role_ref ur on ur.user_id = u.id join sys_role_permission_ref rp on rp.role_id = ur.role_id where rp.permission_id = p.id and u.username = ? and u.deleted = 0 ) or exists ( select 1 from sys_user_tb u join sys_user_department_ref ud on ud.user_id = u.id join sys_department_permission_ref dp on dp.department_id = ud.department_id where dp.permission_id = p.id and u.username = ? and u.deleted = 0 ) ) order by p.sort_no, p.id
[2026-09-15 22:01:00.396] [gas-forecast] [] [] [c.g.f.d.m.S.selectByUsername] [http-nio-8080-exec-4] [DEBUG] - ==> Parameters: admin(String), admin(String)
[2026-09-15 22:01:00.397] [gas-forecast] [] [] [c.g.f.d.m.S.selectByUsername] [http-nio-8080-exec-4] [DEBUG] - <==      Total: 50
[2026-09-15 22:01:00.400] [gas-forecast] [] [] [c.g.f.d.m.D.selectList_mpCount] [http-nio-8080-exec-4] [DEBUG] - ==>  Preparing: SELECT COUNT(*) AS total FROM data_daily_sales_tb
[2026-09-15 22:01:00.400] [gas-forecast] [] [] [c.g.f.d.m.D.selectList_mpCount] [http-nio-8080-exec-4] [DEBUG] - ==> Parameters: 
[2026-09-15 22:01:00.403] [gas-forecast] [] [] [c.g.f.d.m.D.selectList_mpCount] [http-nio-8080-exec-4] [DEBUG] - <==      Total: 1
[2026-09-15 22:01:00.403] [gas-forecast] [] [] [c.g.f.d.m.D.selectList] [http-nio-8080-exec-4] [DEBUG] - ==>  Preparing: SELECT id,stat_date,region_name,industry_name,customer_name,customer_code,gas_sales,unit,file_id,created_at,region_code,industry_code FROM data_daily_sales_tb ORDER BY stat_date DESC,id DESC LIMIT ?
[2026-09-15 22:01:00.403] [gas-forecast] [] [] [c.g.f.d.m.D.selectList] [http-nio-8080-exec-4] [DEBUG] - ==> Parameters: 10(Long)
[2026-09-15 22:01:00.435] [gas-forecast] [] [] [c.g.f.d.m.D.selectList] [http-nio-8080-exec-4] [DEBUG] - <==      Total: 10
[2026-09-15 22:01:00.911] [gas-forecast] [] [] [c.g.f.d.m.S.selectByUsername] [http-nio-8080-exec-5] [DEBUG] - ==>  Preparing: select distinct p.* from sys_permission_tb p where p.status = 1 and ( exists ( select 1 from sys_user_tb u join sys_user_role_ref ur on ur.user_id = u.id join sys_role_permission_ref rp on rp.role_id = ur.role_id where rp.permission_id = p.id and u.username = ? and u.deleted = 0 ) or exists ( select 1 from sys_user_tb u join sys_user_department_ref ud on ud.user_id = u.id join sys_department_permission_ref dp on dp.department_id = ud.department_id where dp.permission_id = p.id and u.username = ? and u.deleted = 0 ) ) order by p.sort_no, p.id
[2026-09-15 22:01:00.912] [gas-forecast] [] [] [c.g.f.d.m.S.selectByUsername] [http-nio-8080-exec-5] [DEBUG] - ==> Parameters: admin(String), admin(String)
[2026-09-15 22:01:00.914] [gas-forecast] [] [] [c.g.f.d.m.S.selectByUsername] [http-nio-8080-exec-5] [DEBUG] - <==      Total: 50
[2026-09-15 22:01:00.916] [gas-forecast] [] [] [c.g.f.d.m.D.selectList_mpCount] [http-nio-8080-exec-5] [DEBUG] - ==>  Preparing: SELECT COUNT(*) AS total FROM data_daily_sales_tb
[2026-09-15 22:01:00.916] [gas-forecast] [] [] [c.g.f.d.m.D.selectList_mpCount] [http-nio-8080-exec-5] [DEBUG] - ==> Parameters: 
[2026-09-15 22:01:00.920] [gas-forecast] [] [] [c.g.f.d.m.D.selectList_mpCount] [http-nio-8080-exec-5] [DEBUG] - <==      Total: 1
[2026-09-15 22:01:00.920] [gas-forecast] [] [] [c.g.f.d.m.D.selectList] [http-nio-8080-exec-5] [DEBUG] - ==>  Preparing: SELECT id,stat_date,region_name,industry_name,customer_name,customer_code,gas_sales,unit,file_id,created_at,region_code,industry_code FROM data_daily_sales_tb ORDER BY stat_date DESC,id DESC LIMIT ?
[2026-09-15 22:01:00.920] [gas-forecast] [] [] [c.g.f.d.m.D.selectList] [http-nio-8080-exec-5] [DEBUG] - ==> Parameters: 10(Long)
[2026-09-15 22:01:00.945] [gas-forecast] [] [] [c.g.f.d.m.D.selectList] [http-nio-8080-exec-5] [DEBUG] - <==      Total: 10
[2026-09-15 22:01:01.390] [gas-forecast] [] [] [c.g.f.d.m.S.selectByUsername] [http-nio-8080-exec-6] [DEBUG] - ==>  Preparing: select distinct p.* from sys_permission_tb p where p.status = 1 and ( exists ( select 1 from sys_user_tb u join sys_user_role_ref ur on ur.user_id = u.id join sys_role_permission_ref rp on rp.role_id = ur.role_id where rp.permission_id = p.id and u.username = ? and u.deleted = 0 ) or exists ( select 1 from sys_user_tb u join sys_user_department_ref ud on ud.user_id = u.id join sys_department_permission_ref dp on dp.department_id = ud.department_id where dp.permission_id = p.id and u.username = ? and u.deleted = 0 ) ) order by p.sort_no, p.id
[2026-09-15 22:01:01.390] [gas-forecast] [] [] [c.g.f.d.m.S.selectByUsername] [http-nio-8080-exec-6] [DEBUG] - ==> Parameters: admin(String), admin(String)
[2026-09-15 22:01:01.393] [gas-forecast] [] [] [c.g.f.d.m.S.selectByUsername] [http-nio-8080-exec-6] [DEBUG] - <==      Total: 50
[2026-09-15 22:01:01.396] [gas-forecast] [] [] [c.g.f.d.m.B.selectList_mpCount] [http-nio-8080-exec-6] [DEBUG] - ==>  Preparing: SELECT COUNT(*) AS total FROM base_industry_tb
[2026-09-15 22:01:01.396] [gas-forecast] [] [] [c.g.f.d.m.B.selectList_mpCount] [http-nio-8080-exec-6] [DEBUG] - ==> Parameters: 
[2026-09-15 22:01:01.397] [gas-forecast] [] [] [c.g.f.d.m.B.selectList_mpCount] [http-nio-8080-exec-6] [DEBUG] - <==      Total: 1
[2026-09-15 22:01:01.398] [gas-forecast] [] [] [c.g.f.d.m.B.selectList] [http-nio-8080-exec-6] [DEBUG] - ==>  Preparing: SELECT id,industry_code,industry_name,created_at,updated_at,created_by,created_by_name,updated_by,updated_by_name FROM base_industry_tb ORDER BY updated_at DESC,id DESC LIMIT ?
[2026-09-15 22:01:01.398] [gas-forecast] [] [] [c.g.f.d.m.B.selectList] [http-nio-8080-exec-6] [DEBUG] - ==> Parameters: 10(Long)
[2026-09-15 22:01:01.399] [gas-forecast] [] [] [c.g.f.d.m.B.selectList] [http-nio-8080-exec-6] [DEBUG] - <==      Total: 3
[2026-09-15 22:01:02.117] [gas-forecast] [] [] [c.g.f.d.m.S.selectByUsername] [http-nio-8080-exec-7] [DEBUG] - ==>  Preparing: select distinct p.* from sys_permission_tb p where p.status = 1 and ( exists ( select 1 from sys_user_tb u join sys_user_role_ref ur on ur.user_id = u.id join sys_role_permission_ref rp on rp.role_id = ur.role_id where rp.permission_id = p.id and u.username = ? and u.deleted = 0 ) or exists ( select 1 from sys_user_tb u join sys_user_department_ref ud on ud.user_id = u.id join sys_department_permission_ref dp on dp.department_id = ud.department_id where dp.permission_id = p.id and u.username = ? and u.deleted = 0 ) ) order by p.sort_no, p.id
[2026-09-15 22:01:02.117] [gas-forecast] [] [] [c.g.f.d.m.S.selectByUsername] [http-nio-8080-exec-7] [DEBUG] - ==> Parameters: admin(String), admin(String)
[2026-09-15 22:01:02.119] [gas-forecast] [] [] [c.g.f.d.m.S.selectByUsername] [http-nio-8080-exec-7] [DEBUG] - <==      Total: 50
[2026-09-15 22:01:02.122] [gas-forecast] [] [] [c.g.f.d.m.B.selectList_mpCount] [http-nio-8080-exec-7] [DEBUG] - ==>  Preparing: SELECT COUNT(*) AS total FROM base_customer_tb
[2026-09-15 22:01:02.122] [gas-forecast] [] [] [c.g.f.d.m.B.selectList_mpCount] [http-nio-8080-exec-7] [DEBUG] - ==> Parameters: 
[2026-09-15 22:01:02.124] [gas-forecast] [] [] [c.g.f.d.m.B.selectList_mpCount] [http-nio-8080-exec-7] [DEBUG] - <==      Total: 1
[2026-09-15 22:01:02.124] [gas-forecast] [] [] [c.g.f.d.m.B.selectList] [http-nio-8080-exec-7] [DEBUG] - ==>  Preparing: SELECT id,customer_code,customer_name,industry_code,industry_name,region_code,region_name,created_at,updated_at,created_by,created_by_name,updated_by,updated_by_name,raw_region_name,raw_industry_name FROM base_customer_tb ORDER BY updated_at DESC,id DESC LIMIT ?
[2026-09-15 22:01:02.124] [gas-forecast] [] [] [c.g.f.d.m.B.selectList] [http-nio-8080-exec-7] [DEBUG] - ==> Parameters: 10(Long)
[2026-09-15 22:01:02.125] [gas-forecast] [] [] [c.g.f.d.m.B.selectList] [http-nio-8080-exec-7] [DEBUG] - <==      Total: 10
[2026-09-15 22:01:02.523] [gas-forecast] [] [] [c.g.f.d.m.S.selectByUsername] [http-nio-8080-exec-8] [DEBUG] - ==>  Preparing: select distinct p.* from sys_permission_tb p where p.status = 1 and ( exists ( select 1 from sys_user_tb u join sys_user_role_ref ur on ur.user_id = u.id join sys_role_permission_ref rp on rp.role_id = ur.role_id where rp.permission_id = p.id and u.username = ? and u.deleted = 0 ) or exists ( select 1 from sys_user_tb u join sys_user_department_ref ud on ud.user_id = u.id join sys_department_permission_ref dp on dp.department_id = ud.department_id where dp.permission_id = p.id and u.username = ? and u.deleted = 0 ) ) order by p.sort_no, p.id
[2026-09-15 22:01:02.523] [gas-forecast] [] [] [c.g.f.d.m.S.selectByUsername] [http-nio-8080-exec-8] [DEBUG] - ==> Parameters: admin(String), admin(String)
[2026-09-15 22:01:02.526] [gas-forecast] [] [] [c.g.f.d.m.S.selectByUsername] [http-nio-8080-exec-8] [DEBUG] - <==      Total: 50
[2026-09-15 22:01:02.529] [gas-forecast] [] [] [c.g.f.d.m.B.selectList_mpCount] [http-nio-8080-exec-8] [DEBUG] - ==>  Preparing: SELECT COUNT(*) AS total FROM base_region_tb
[2026-09-15 22:01:02.529] [gas-forecast] [] [] [c.g.f.d.m.B.selectList_mpCount] [http-nio-8080-exec-8] [DEBUG] - ==> Parameters: 
[2026-09-15 22:01:02.530] [gas-forecast] [] [] [c.g.f.d.m.B.selectList_mpCount] [http-nio-8080-exec-8] [DEBUG] - <==      Total: 1
[2026-09-15 22:01:02.530] [gas-forecast] [] [] [c.g.f.d.m.B.selectList] [http-nio-8080-exec-8] [DEBUG] - ==>  Preparing: SELECT id,region_code,region_name,remark,created_by,created_at,updated_by,updated_at,updated_by_name,created_by_name FROM base_region_tb ORDER BY updated_at DESC,id DESC LIMIT ?
[2026-09-15 22:01:02.531] [gas-forecast] [] [] [c.g.f.d.m.B.selectList] [http-nio-8080-exec-8] [DEBUG] - ==> Parameters: 10(Long)
[2026-09-15 22:01:02.531] [gas-forecast] [] [] [c.g.f.d.m.B.selectList] [http-nio-8080-exec-8] [DEBUG] - <==      Total: 10
[2026-09-15 22:01:03.025] [gas-forecast] [] [] [c.g.f.d.m.S.selectByUsername] [http-nio-8080-exec-9] [DEBUG] - ==>  Preparing: select distinct p.* from sys_permission_tb p where p.status = 1 and ( exists ( select 1 from sys_user_tb u join sys_user_role_ref ur on ur.user_id = u.id join sys_role_permission_ref rp on rp.role_id = ur.role_id where rp.permission_id = p.id and u.username = ? and u.deleted = 0 ) or exists ( select 1 from sys_user_tb u join sys_user_department_ref ud on ud.user_id = u.id join sys_department_permission_ref dp on dp.department_id = ud.department_id where dp.permission_id = p.id and u.username = ? and u.deleted = 0 ) ) order by p.sort_no, p.id
[2026-09-15 22:01:03.025] [gas-forecast] [] [] [c.g.f.d.m.S.selectByUsername] [http-nio-8080-exec-9] [DEBUG] - ==> Parameters: admin(String), admin(String)
[2026-09-15 22:01:03.028] [gas-forecast] [] [] [c.g.f.d.m.S.selectByUsername] [http-nio-8080-exec-9] [DEBUG] - <==      Total: 50
[2026-09-15 22:01:03.031] [gas-forecast] [] [] [c.g.f.d.m.B.selectList_mpCount] [http-nio-8080-exec-9] [DEBUG] - ==>  Preparing: SELECT COUNT(*) AS total FROM base_customer_tb
[2026-09-15 22:01:03.031] [gas-forecast] [] [] [c.g.f.d.m.B.selectList_mpCount] [http-nio-8080-exec-9] [DEBUG] - ==> Parameters: 
[2026-09-15 22:01:03.032] [gas-forecast] [] [] [c.g.f.d.m.B.selectList_mpCount] [http-nio-8080-exec-9] [DEBUG] - <==      Total: 1
[2026-09-15 22:01:03.032] [gas-forecast] [] [] [c.g.f.d.m.B.selectList] [http-nio-8080-exec-9] [DEBUG] - ==>  Preparing: SELECT id,customer_code,customer_name,industry_code,industry_name,region_code,region_name,created_at,updated_at,created_by,created_by_name,updated_by,updated_by_name,raw_region_name,raw_industry_name FROM base_customer_tb ORDER BY updated_at DESC,id DESC LIMIT ?
[2026-09-15 22:01:03.032] [gas-forecast] [] [] [c.g.f.d.m.B.selectList] [http-nio-8080-exec-9] [DEBUG] - ==> Parameters: 10(Long)
[2026-09-15 22:01:03.033] [gas-forecast] [] [] [c.g.f.d.m.B.selectList] [http-nio-8080-exec-9] [DEBUG] - <==      Total: 10
[2026-09-15 22:01:03.380] [gas-forecast] [] [] [c.g.f.d.m.S.selectByUsername] [http-nio-8080-exec-10] [DEBUG] - ==>  Preparing: select distinct p.* from sys_permission_tb p where p.status = 1 and ( exists ( select 1 from sys_user_tb u join sys_user_role_ref ur on ur.user_id = u.id join sys_role_permission_ref rp on rp.role_id = ur.role_id where rp.permission_id = p.id and u.username = ? and u.deleted = 0 ) or exists ( select 1 from sys_user_tb u join sys_user_department_ref ud on ud.user_id = u.id join sys_department_permission_ref dp on dp.department_id = ud.department_id where dp.permission_id = p.id and u.username = ? and u.deleted = 0 ) ) order by p.sort_no, p.id
[2026-09-15 22:01:03.381] [gas-forecast] [] [] [c.g.f.d.m.S.selectByUsername] [http-nio-8080-exec-10] [DEBUG] - ==> Parameters: admin(String), admin(String)
[2026-09-15 22:01:03.384] [gas-forecast] [] [] [c.g.f.d.m.S.selectByUsername] [http-nio-8080-exec-10] [DEBUG] - <==      Total: 50
[2026-09-15 22:01:03.387] [gas-forecast] [] [] [c.g.f.d.m.B.selectList_mpCount] [http-nio-8080-exec-10] [DEBUG] - ==>  Preparing: SELECT COUNT(*) AS total FROM base_industry_tb
[2026-09-15 22:01:03.388] [gas-forecast] [] [] [c.g.f.d.m.B.selectList_mpCount] [http-nio-8080-exec-10] [DEBUG] - ==> Parameters: 
[2026-09-15 22:01:03.389] [gas-forecast] [] [] [c.g.f.d.m.B.selectList_mpCount] [http-nio-8080-exec-10] [DEBUG] - <==      Total: 1
[2026-09-15 22:01:03.389] [gas-forecast] [] [] [c.g.f.d.m.B.selectList] [http-nio-8080-exec-10] [DEBUG] - ==>  Preparing: SELECT id,industry_code,industry_name,created_at,updated_at,created_by,created_by_name,updated_by,updated_by_name FROM base_industry_tb ORDER BY updated_at DESC,id DESC LIMIT ?
[2026-09-15 22:01:03.389] [gas-forecast] [] [] [c.g.f.d.m.B.selectList] [http-nio-8080-exec-10] [DEBUG] - ==> Parameters: 10(Long)
[2026-09-15 22:01:03.390] [gas-forecast] [] [] [c.g.f.d.m.B.selectList] [http-nio-8080-exec-10] [DEBUG] - <==      Total: 3
[2026-09-15 22:09:36.003] [gas-forecast] [] [] [c.g.f.d.m.SysUserTbMapper.selectList] [http-nio-8080-exec-1] [DEBUG] - ==>  Preparing: SELECT id,username,real_name,password_hash,password_salt,avatar,email,phone,org_code,status,deleted,created_at,updated_at FROM sys_user_tb WHERE (username = ? AND deleted = ?)
[2026-09-15 22:09:36.003] [gas-forecast] [] [] [c.g.f.d.m.SysUserTbMapper.selectList] [http-nio-8080-exec-1] [DEBUG] - ==> Parameters: admin(String), 0(Integer)
[2026-09-15 22:09:36.008] [gas-forecast] [] [] [c.g.f.d.m.SysUserTbMapper.selectList] [http-nio-8080-exec-1] [DEBUG] - <==      Total: 1
[2026-09-15 22:09:36.009] [gas-forecast] [] [] [c.g.f.d.m.S.selectRoleCodesByUsername] [http-nio-8080-exec-1] [DEBUG] - ==>  Preparing: select r.role_code from sys_user_tb u join sys_user_role_ref ur on ur.user_id = u.id join sys_role_tb r on r.id = ur.role_id where u.username = ? order by r.role_code
[2026-09-15 22:09:36.009] [gas-forecast] [] [] [c.g.f.d.m.S.selectRoleCodesByUsername] [http-nio-8080-exec-1] [DEBUG] - ==> Parameters: admin(String)
[2026-09-15 22:09:36.011] [gas-forecast] [] [] [c.g.f.d.m.S.selectRoleCodesByUsername] [http-nio-8080-exec-1] [DEBUG] - <==      Total: 1
[2026-09-15 22:09:36.012] [gas-forecast] [] [] [c.g.f.d.m.S.selectByUsername] [http-nio-8080-exec-1] [DEBUG] - ==>  Preparing: select distinct p.* from sys_permission_tb p where p.status = 1 and ( exists ( select 1 from sys_user_tb u join sys_user_role_ref ur on ur.user_id = u.id join sys_role_permission_ref rp on rp.role_id = ur.role_id where rp.permission_id = p.id and u.username = ? and u.deleted = 0 ) or exists ( select 1 from sys_user_tb u join sys_user_department_ref ud on ud.user_id = u.id join sys_department_permission_ref dp on dp.department_id = ud.department_id where dp.permission_id = p.id and u.username = ? and u.deleted = 0 ) ) order by p.sort_no, p.id
[2026-09-15 22:09:36.012] [gas-forecast] [] [] [c.g.f.d.m.S.selectByUsername] [http-nio-8080-exec-1] [DEBUG] - ==> Parameters: admin(String), admin(String)
[2026-09-15 22:09:36.014] [gas-forecast] [] [] [c.g.f.d.m.S.selectByUsername] [http-nio-8080-exec-1] [DEBUG] - <==      Total: 50
[2026-09-15 22:09:36.044] [gas-forecast] [] [] [c.g.f.d.m.S.selectByUsername] [http-nio-8080-exec-2] [DEBUG] - ==>  Preparing: select distinct p.* from sys_permission_tb p where p.status = 1 and ( exists ( select 1 from sys_user_tb u join sys_user_role_ref ur on ur.user_id = u.id join sys_role_permission_ref rp on rp.role_id = ur.role_id where rp.permission_id = p.id and u.username = ? and u.deleted = 0 ) or exists ( select 1 from sys_user_tb u join sys_user_department_ref ud on ud.user_id = u.id join sys_department_permission_ref dp on dp.department_id = ud.department_id where dp.permission_id = p.id and u.username = ? and u.deleted = 0 ) ) order by p.sort_no, p.id
[2026-09-15 22:09:36.044] [gas-forecast] [] [] [c.g.f.d.m.S.selectByUsername] [http-nio-8080-exec-2] [DEBUG] - ==> Parameters: admin(String), admin(String)
[2026-09-15 22:09:36.046] [gas-forecast] [] [] [c.g.f.d.m.S.selectByUsername] [http-nio-8080-exec-2] [DEBUG] - <==      Total: 50
[2026-09-15 22:09:36.049] [gas-forecast] [] [] [c.g.f.d.m.B.selectList_mpCount] [http-nio-8080-exec-2] [DEBUG] - ==>  Preparing: SELECT COUNT(*) AS total FROM base_industry_tb
[2026-09-15 22:09:36.049] [gas-forecast] [] [] [c.g.f.d.m.B.selectList_mpCount] [http-nio-8080-exec-2] [DEBUG] - ==> Parameters: 
[2026-09-15 22:09:36.050] [gas-forecast] [] [] [c.g.f.d.m.B.selectList_mpCount] [http-nio-8080-exec-2] [DEBUG] - <==      Total: 1
[2026-09-15 22:09:36.050] [gas-forecast] [] [] [c.g.f.d.m.B.selectList] [http-nio-8080-exec-2] [DEBUG] - ==>  Preparing: SELECT id,industry_code,industry_name,created_at,updated_at,created_by,created_by_name,updated_by,updated_by_name FROM base_industry_tb ORDER BY updated_at DESC,id DESC LIMIT ?
[2026-09-15 22:09:36.050] [gas-forecast] [] [] [c.g.f.d.m.B.selectList] [http-nio-8080-exec-2] [DEBUG] - ==> Parameters: 10(Long)
[2026-09-15 22:09:36.051] [gas-forecast] [] [] [c.g.f.d.m.B.selectList] [http-nio-8080-exec-2] [DEBUG] - <==      Total: 3
[2026-09-15 22:12:20.090] [gas-forecast] [] [] [c.g.f.d.m.S.selectByUsername] [http-nio-8080-exec-3] [DEBUG] - ==>  Preparing: select distinct p.* from sys_permission_tb p where p.status = 1 and ( exists ( select 1 from sys_user_tb u join sys_user_role_ref ur on ur.user_id = u.id join sys_role_permission_ref rp on rp.role_id = ur.role_id where rp.permission_id = p.id and u.username = ? and u.deleted = 0 ) or exists ( select 1 from sys_user_tb u join sys_user_department_ref ud on ud.user_id = u.id join sys_department_permission_ref dp on dp.department_id = ud.department_id where dp.permission_id = p.id and u.username = ? and u.deleted = 0 ) ) order by p.sort_no, p.id
[2026-09-15 22:12:20.091] [gas-forecast] [] [] [c.g.f.d.m.S.selectByUsername] [http-nio-8080-exec-3] [DEBUG] - ==> Parameters: admin(String), admin(String)
[2026-09-15 22:12:20.096] [gas-forecast] [] [] [c.g.f.d.m.S.selectByUsername] [http-nio-8080-exec-3] [DEBUG] - <==      Total: 50
[2026-09-15 22:12:20.099] [gas-forecast] [] [] [c.g.f.d.m.B.selectList_mpCount] [http-nio-8080-exec-3] [DEBUG] - ==>  Preparing: SELECT COUNT(*) AS total FROM base_industry_tb
[2026-09-15 22:12:20.099] [gas-forecast] [] [] [c.g.f.d.m.B.selectList_mpCount] [http-nio-8080-exec-3] [DEBUG] - ==> Parameters: 
[2026-09-15 22:12:20.101] [gas-forecast] [] [] [c.g.f.d.m.B.selectList_mpCount] [http-nio-8080-exec-3] [DEBUG] - <==      Total: 1
[2026-09-15 22:12:20.101] [gas-forecast] [] [] [c.g.f.d.m.B.selectList] [http-nio-8080-exec-3] [DEBUG] - ==>  Preparing: SELECT id,industry_code,industry_name,created_at,updated_at,created_by,created_by_name,updated_by,updated_by_name FROM base_industry_tb ORDER BY updated_at DESC,id DESC LIMIT ?
[2026-09-15 22:12:20.101] [gas-forecast] [] [] [c.g.f.d.m.B.selectList] [http-nio-8080-exec-3] [DEBUG] - ==> Parameters: 10(Long)
[2026-09-15 22:12:20.102] [gas-forecast] [] [] [c.g.f.d.m.B.selectList] [http-nio-8080-exec-3] [DEBUG] - <==      Total: 3
[2026-09-15 22:13:12.080] [gas-forecast] [] [] [c.g.f.d.m.S.selectByUsername] [http-nio-8080-exec-4] [DEBUG] - ==>  Preparing: select distinct p.* from sys_permission_tb p where p.status = 1 and ( exists ( select 1 from sys_user_tb u join sys_user_role_ref ur on ur.user_id = u.id join sys_role_permission_ref rp on rp.role_id = ur.role_id where rp.permission_id = p.id and u.username = ? and u.deleted = 0 ) or exists ( select 1 from sys_user_tb u join sys_user_department_ref ud on ud.user_id = u.id join sys_department_permission_ref dp on dp.department_id = ud.department_id where dp.permission_id = p.id and u.username = ? and u.deleted = 0 ) ) order by p.sort_no, p.id
[2026-09-15 22:13:12.081] [gas-forecast] [] [] [c.g.f.d.m.S.selectByUsername] [http-nio-8080-exec-4] [DEBUG] - ==> Parameters: admin(String), admin(String)
[2026-09-15 22:13:12.082] [gas-forecast] [] [] [c.g.f.d.m.S.selectByUsername] [http-nio-8080-exec-4] [DEBUG] - <==      Total: 50
[2026-09-15 22:13:12.084] [gas-forecast] [] [] [c.g.f.d.m.B.selectList_mpCount] [http-nio-8080-exec-4] [DEBUG] - ==>  Preparing: SELECT COUNT(*) AS total FROM base_industry_tb
[2026-09-15 22:13:12.084] [gas-forecast] [] [] [c.g.f.d.m.B.selectList_mpCount] [http-nio-8080-exec-4] [DEBUG] - ==> Parameters: 
[2026-09-15 22:13:12.085] [gas-forecast] [] [] [c.g.f.d.m.B.selectList_mpCount] [http-nio-8080-exec-4] [DEBUG] - <==      Total: 1
[2026-09-15 22:13:12.085] [gas-forecast] [] [] [c.g.f.d.m.B.selectList] [http-nio-8080-exec-4] [DEBUG] - ==>  Preparing: SELECT id,industry_code,industry_name,created_at,updated_at,created_by,created_by_name,updated_by,updated_by_name FROM base_industry_tb ORDER BY updated_at DESC,id DESC LIMIT ?
[2026-09-15 22:13:12.085] [gas-forecast] [] [] [c.g.f.d.m.B.selectList] [http-nio-8080-exec-4] [DEBUG] - ==> Parameters: 10(Long)
[2026-09-15 22:13:12.085] [gas-forecast] [] [] [c.g.f.d.m.B.selectList] [http-nio-8080-exec-4] [DEBUG] - <==      Total: 3
[2026-09-15 22:14:04.386] [gas-forecast] [] [] [c.g.f.d.m.S.selectByUsername] [http-nio-8080-exec-5] [DEBUG] - ==>  Preparing: select distinct p.* from sys_permission_tb p where p.status = 1 and ( exists ( select 1 from sys_user_tb u join sys_user_role_ref ur on ur.user_id = u.id join sys_role_permission_ref rp on rp.role_id = ur.role_id where rp.permission_id = p.id and u.username = ? and u.deleted = 0 ) or exists ( select 1 from sys_user_tb u join sys_user_department_ref ud on ud.user_id = u.id join sys_department_permission_ref dp on dp.department_id = ud.department_id where dp.permission_id = p.id and u.username = ? and u.deleted = 0 ) ) order by p.sort_no, p.id
[2026-09-15 22:14:04.387] [gas-forecast] [] [] [c.g.f.d.m.S.selectByUsername] [http-nio-8080-exec-5] [DEBUG] - ==> Parameters: admin(String), admin(String)
[2026-09-15 22:14:04.393] [gas-forecast] [] [] [c.g.f.d.m.S.selectByUsername] [http-nio-8080-exec-5] [DEBUG] - <==      Total: 50
[2026-09-15 22:14:04.395] [gas-forecast] [] [] [c.g.f.d.m.B.selectList_mpCount] [http-nio-8080-exec-5] [DEBUG] - ==>  Preparing: SELECT COUNT(*) AS total FROM base_industry_tb
[2026-09-15 22:14:04.395] [gas-forecast] [] [] [c.g.f.d.m.B.selectList_mpCount] [http-nio-8080-exec-5] [DEBUG] - ==> Parameters: 
[2026-09-15 22:14:04.396] [gas-forecast] [] [] [c.g.f.d.m.B.selectList_mpCount] [http-nio-8080-exec-5] [DEBUG] - <==      Total: 1
[2026-09-15 22:14:04.397] [gas-forecast] [] [] [c.g.f.d.m.B.selectList] [http-nio-8080-exec-5] [DEBUG] - ==>  Preparing: SELECT id,industry_code,industry_name,created_at,updated_at,created_by,created_by_name,updated_by,updated_by_name FROM base_industry_tb ORDER BY updated_at DESC,id DESC LIMIT ?
[2026-09-15 22:14:04.397] [gas-forecast] [] [] [c.g.f.d.m.B.selectList] [http-nio-8080-exec-5] [DEBUG] - ==> Parameters: 10(Long)
[2026-09-15 22:14:04.397] [gas-forecast] [] [] [c.g.f.d.m.B.selectList] [http-nio-8080-exec-5] [DEBUG] - <==      Total: 3
[2026-09-15 22:15:47.610] [gas-forecast] [] [] [c.g.f.d.m.S.selectByUsername] [http-nio-8080-exec-6] [DEBUG] - ==>  Preparing: select distinct p.* from sys_permission_tb p where p.status = 1 and ( exists ( select 1 from sys_user_tb u join sys_user_role_ref ur on ur.user_id = u.id join sys_role_permission_ref rp on rp.role_id = ur.role_id where rp.permission_id = p.id and u.username = ? and u.deleted = 0 ) or exists ( select 1 from sys_user_tb u join sys_user_department_ref ud on ud.user_id = u.id join sys_department_permission_ref dp on dp.department_id = ud.department_id where dp.permission_id = p.id and u.username = ? and u.deleted = 0 ) ) order by p.sort_no, p.id
[2026-09-15 22:15:47.611] [gas-forecast] [] [] [c.g.f.d.m.S.selectByUsername] [http-nio-8080-exec-6] [DEBUG] - ==> Parameters: admin(String), admin(String)
[2026-09-15 22:15:47.616] [gas-forecast] [] [] [c.g.f.d.m.S.selectByUsername] [http-nio-8080-exec-6] [DEBUG] - <==      Total: 50
[2026-09-15 22:15:47.619] [gas-forecast] [] [] [c.g.f.d.m.B.selectList_mpCount] [http-nio-8080-exec-6] [DEBUG] - ==>  Preparing: SELECT COUNT(*) AS total FROM base_industry_tb
[2026-09-15 22:15:47.619] [gas-forecast] [] [] [c.g.f.d.m.B.selectList_mpCount] [http-nio-8080-exec-6] [DEBUG] - ==> Parameters: 
[2026-09-15 22:15:47.620] [gas-forecast] [] [] [c.g.f.d.m.B.selectList_mpCount] [http-nio-8080-exec-6] [DEBUG] - <==      Total: 1
[2026-09-15 22:15:47.620] [gas-forecast] [] [] [c.g.f.d.m.B.selectList] [http-nio-8080-exec-6] [DEBUG] - ==>  Preparing: SELECT id,industry_code,industry_name,created_at,updated_at,created_by,created_by_name,updated_by,updated_by_name FROM base_industry_tb ORDER BY updated_at DESC,id DESC LIMIT ?
[2026-09-15 22:15:47.620] [gas-forecast] [] [] [c.g.f.d.m.B.selectList] [http-nio-8080-exec-6] [DEBUG] - ==> Parameters: 10(Long)
[2026-09-15 22:15:47.620] [gas-forecast] [] [] [c.g.f.d.m.B.selectList] [http-nio-8080-exec-6] [DEBUG] - <==      Total: 3
[2026-09-15 22:17:11.239] [gas-forecast] [] [] [c.g.f.d.m.SysUserTbMapper.selectList] [http-nio-8080-exec-1] [DEBUG] - ==>  Preparing: SELECT id,username,real_name,password_hash,password_salt,avatar,email,phone,org_code,status,deleted,created_at,updated_at FROM sys_user_tb WHERE (username = ? AND deleted = ?)
[2026-09-15 22:17:11.239] [gas-forecast] [] [] [c.g.f.d.m.S.selectByUsername] [http-nio-8080-exec-2] [DEBUG] - ==>  Preparing: select distinct p.* from sys_permission_tb p where p.status = 1 and ( exists ( select 1 from sys_user_tb u join sys_user_role_ref ur on ur.user_id = u.id join sys_role_permission_ref rp on rp.role_id = ur.role_id where rp.permission_id = p.id and u.username = ? and u.deleted = 0 ) or exists ( select 1 from sys_user_tb u join sys_user_department_ref ud on ud.user_id = u.id join sys_department_permission_ref dp on dp.department_id = ud.department_id where dp.permission_id = p.id and u.username = ? and u.deleted = 0 ) ) order by p.sort_no, p.id
[2026-09-15 22:17:11.251] [gas-forecast] [] [] [c.g.f.d.m.S.selectByUsername] [http-nio-8080-exec-2] [DEBUG] - ==> Parameters: admin(String), admin(String)
[2026-09-15 22:17:11.252] [gas-forecast] [] [] [c.g.f.d.m.SysUserTbMapper.selectList] [http-nio-8080-exec-1] [DEBUG] - ==> Parameters: admin(String), 0(Integer)
[2026-09-15 22:17:11.264] [gas-forecast] [] [] [c.g.f.d.m.SysUserTbMapper.selectList] [http-nio-8080-exec-1] [DEBUG] - <==      Total: 1
[2026-09-15 22:17:11.267] [gas-forecast] [] [] [c.g.f.d.m.S.selectRoleCodesByUsername] [http-nio-8080-exec-1] [DEBUG] - ==>  Preparing: select r.role_code from sys_user_tb u join sys_user_role_ref ur on ur.user_id = u.id join sys_role_tb r on r.id = ur.role_id where u.username = ? order by r.role_code
[2026-09-15 22:17:11.267] [gas-forecast] [] [] [c.g.f.d.m.S.selectRoleCodesByUsername] [http-nio-8080-exec-1] [DEBUG] - ==> Parameters: admin(String)
[2026-09-15 22:17:11.268] [gas-forecast] [] [] [c.g.f.d.m.S.selectRoleCodesByUsername] [http-nio-8080-exec-1] [DEBUG] - <==      Total: 1
[2026-09-15 22:17:11.269] [gas-forecast] [] [] [c.g.f.d.m.S.selectByUsername] [http-nio-8080-exec-1] [DEBUG] - ==>  Preparing: select distinct p.* from sys_permission_tb p where p.status = 1 and ( exists ( select 1 from sys_user_tb u join sys_user_role_ref ur on ur.user_id = u.id join sys_role_permission_ref rp on rp.role_id = ur.role_id where rp.permission_id = p.id and u.username = ? and u.deleted = 0 ) or exists ( select 1 from sys_user_tb u join sys_user_department_ref ud on ud.user_id = u.id join sys_department_permission_ref dp on dp.department_id = ud.department_id where dp.permission_id = p.id and u.username = ? and u.deleted = 0 ) ) order by p.sort_no, p.id
[2026-09-15 22:17:11.269] [gas-forecast] [] [] [c.g.f.d.m.S.selectByUsername] [http-nio-8080-exec-1] [DEBUG] - ==> Parameters: admin(String), admin(String)
[2026-09-15 22:17:11.269] [gas-forecast] [] [] [c.g.f.d.m.S.selectByUsername] [http-nio-8080-exec-2] [DEBUG] - <==      Total: 50
[2026-09-15 22:17:11.273] [gas-forecast] [] [] [c.g.f.d.m.S.selectByUsername] [http-nio-8080-exec-1] [DEBUG] - <==      Total: 50
[2026-09-15 22:17:11.353] [gas-forecast] [] [] [c.g.f.d.m.B.selectList_mpCount] [http-nio-8080-exec-2] [DEBUG] - ==>  Preparing: SELECT COUNT(*) AS total FROM base_industry_tb
[2026-09-15 22:17:11.354] [gas-forecast] [] [] [c.g.f.d.m.B.selectList_mpCount] [http-nio-8080-exec-2] [DEBUG] - ==> Parameters: 
[2026-09-15 22:17:11.355] [gas-forecast] [] [] [c.g.f.d.m.B.selectList_mpCount] [http-nio-8080-exec-2] [DEBUG] - <==      Total: 1
[2026-09-15 22:17:11.356] [gas-forecast] [] [] [c.g.f.d.m.B.selectList] [http-nio-8080-exec-2] [DEBUG] - ==>  Preparing: SELECT id,industry_code,industry_name,created_at,updated_at,created_by,created_by_name,updated_by,updated_by_name FROM base_industry_tb ORDER BY updated_at DESC,id DESC LIMIT ?
[2026-09-15 22:17:11.357] [gas-forecast] [] [] [c.g.f.d.m.B.selectList] [http-nio-8080-exec-2] [DEBUG] - ==> Parameters: 10(Long)
[2026-09-15 22:17:11.358] [gas-forecast] [] [] [c.g.f.d.m.B.selectList] [http-nio-8080-exec-2] [DEBUG] - <==      Total: 3
[2026-09-15 22:17:13.208] [gas-forecast] [] [] [c.g.f.d.m.S.selectByUsername] [http-nio-8080-exec-3] [DEBUG] - ==>  Preparing: select distinct p.* from sys_permission_tb p where p.status = 1 and ( exists ( select 1 from sys_user_tb u join sys_user_role_ref ur on ur.user_id = u.id join sys_role_permission_ref rp on rp.role_id = ur.role_id where rp.permission_id = p.id and u.username = ? and u.deleted = 0 ) or exists ( select 1 from sys_user_tb u join sys_user_department_ref ud on ud.user_id = u.id join sys_department_permission_ref dp on dp.department_id = ud.department_id where dp.permission_id = p.id and u.username = ? and u.deleted = 0 ) ) order by p.sort_no, p.id
[2026-09-15 22:17:13.208] [gas-forecast] [] [] [c.g.f.d.m.S.selectByUsername] [http-nio-8080-exec-3] [DEBUG] - ==> Parameters: admin(String), admin(String)
[2026-09-15 22:17:13.216] [gas-forecast] [] [] [c.g.f.d.m.S.selectByUsername] [http-nio-8080-exec-3] [DEBUG] - <==      Total: 50
[2026-09-15 22:17:13.222] [gas-forecast] [] [] [c.g.f.d.m.B.selectList_mpCount] [http-nio-8080-exec-3] [DEBUG] - ==>  Preparing: SELECT COUNT(*) AS total FROM base_customer_tb
[2026-09-15 22:17:13.222] [gas-forecast] [] [] [c.g.f.d.m.B.selectList_mpCount] [http-nio-8080-exec-3] [DEBUG] - ==> Parameters: 
[2026-09-15 22:17:13.223] [gas-forecast] [] [] [c.g.f.d.m.B.selectList_mpCount] [http-nio-8080-exec-3] [DEBUG] - <==      Total: 1
[2026-09-15 22:17:13.223] [gas-forecast] [] [] [c.g.f.d.m.B.selectList] [http-nio-8080-exec-3] [DEBUG] - ==>  Preparing: SELECT id,customer_code,customer_name,industry_code,industry_name,region_code,region_name,created_at,updated_at,created_by,created_by_name,updated_by,updated_by_name,raw_region_name,raw_industry_name FROM base_customer_tb ORDER BY updated_at DESC,id DESC LIMIT ?
[2026-09-15 22:17:13.224] [gas-forecast] [] [] [c.g.f.d.m.B.selectList] [http-nio-8080-exec-3] [DEBUG] - ==> Parameters: 10(Long)
[2026-09-15 22:17:13.225] [gas-forecast] [] [] [c.g.f.d.m.B.selectList] [http-nio-8080-exec-3] [DEBUG] - <==      Total: 10
[2026-09-15 22:17:15.326] [gas-forecast] [] [] [c.g.f.d.m.S.selectByUsername] [http-nio-8080-exec-4] [DEBUG] - ==>  Preparing: select distinct p.* from sys_permission_tb p where p.status = 1 and ( exists ( select 1 from sys_user_tb u join sys_user_role_ref ur on ur.user_id = u.id join sys_role_permission_ref rp on rp.role_id = ur.role_id where rp.permission_id = p.id and u.username = ? and u.deleted = 0 ) or exists ( select 1 from sys_user_tb u join sys_user_department_ref ud on ud.user_id = u.id join sys_department_permission_ref dp on dp.department_id = ud.department_id where dp.permission_id = p.id and u.username = ? and u.deleted = 0 ) ) order by p.sort_no, p.id
[2026-09-15 22:17:15.326] [gas-forecast] [] [] [c.g.f.d.m.S.selectByUsername] [http-nio-8080-exec-4] [DEBUG] - ==> Parameters: admin(String), admin(String)
[2026-09-15 22:17:15.330] [gas-forecast] [] [] [c.g.f.d.m.S.selectByUsername] [http-nio-8080-exec-4] [DEBUG] - <==      Total: 50
[2026-09-15 22:17:15.337] [gas-forecast] [] [] [c.g.f.d.m.B.selectList_mpCount] [http-nio-8080-exec-4] [DEBUG] - ==>  Preparing: SELECT COUNT(*) AS total FROM base_region_tb
[2026-09-15 22:17:15.337] [gas-forecast] [] [] [c.g.f.d.m.B.selectList_mpCount] [http-nio-8080-exec-4] [DEBUG] - ==> Parameters: 
[2026-09-15 22:17:15.338] [gas-forecast] [] [] [c.g.f.d.m.B.selectList_mpCount] [http-nio-8080-exec-4] [DEBUG] - <==      Total: 1
[2026-09-15 22:17:15.338] [gas-forecast] [] [] [c.g.f.d.m.B.selectList] [http-nio-8080-exec-4] [DEBUG] - ==>  Preparing: SELECT id,region_code,region_name,remark,created_by,created_at,updated_by,updated_at,updated_by_name,created_by_name FROM base_region_tb ORDER BY updated_at DESC,id DESC LIMIT ?
[2026-09-15 22:17:15.338] [gas-forecast] [] [] [c.g.f.d.m.B.selectList] [http-nio-8080-exec-4] [DEBUG] - ==> Parameters: 10(Long)
[2026-09-15 22:17:15.339] [gas-forecast] [] [] [c.g.f.d.m.B.selectList] [http-nio-8080-exec-4] [DEBUG] - <==      Total: 10
[2026-09-15 22:19:59.191] [gas-forecast] [] [] [c.g.f.d.m.SysUserTbMapper.selectList] [http-nio-8080-exec-5] [DEBUG] - ==>  Preparing: SELECT id,username,real_name,password_hash,password_salt,avatar,email,phone,org_code,status,deleted,created_at,updated_at FROM sys_user_tb WHERE (username = ? AND deleted = ?)
[2026-09-15 22:19:59.191] [gas-forecast] [] [] [c.g.f.d.m.SysUserTbMapper.selectList] [http-nio-8080-exec-5] [DEBUG] - ==> Parameters: admin(String), 0(Integer)
[2026-09-15 22:19:59.197] [gas-forecast] [] [] [c.g.f.d.m.SysUserTbMapper.selectList] [http-nio-8080-exec-5] [DEBUG] - <==      Total: 1
[2026-09-15 22:19:59.198] [gas-forecast] [] [] [c.g.f.d.m.S.selectRoleCodesByUsername] [http-nio-8080-exec-5] [DEBUG] - ==>  Preparing: select r.role_code from sys_user_tb u join sys_user_role_ref ur on ur.user_id = u.id join sys_role_tb r on r.id = ur.role_id where u.username = ? order by r.role_code
[2026-09-15 22:19:59.198] [gas-forecast] [] [] [c.g.f.d.m.S.selectRoleCodesByUsername] [http-nio-8080-exec-5] [DEBUG] - ==> Parameters: admin(String)
[2026-09-15 22:19:59.199] [gas-forecast] [] [] [c.g.f.d.m.S.selectRoleCodesByUsername] [http-nio-8080-exec-5] [DEBUG] - <==      Total: 1
[2026-09-15 22:19:59.199] [gas-forecast] [] [] [c.g.f.d.m.S.selectByUsername] [http-nio-8080-exec-5] [DEBUG] - ==>  Preparing: select distinct p.* from sys_permission_tb p where p.status = 1 and ( exists ( select 1 from sys_user_tb u join sys_user_role_ref ur on ur.user_id = u.id join sys_role_permission_ref rp on rp.role_id = ur.role_id where rp.permission_id = p.id and u.username = ? and u.deleted = 0 ) or exists ( select 1 from sys_user_tb u join sys_user_department_ref ud on ud.user_id = u.id join sys_department_permission_ref dp on dp.department_id = ud.department_id where dp.permission_id = p.id and u.username = ? and u.deleted = 0 ) ) order by p.sort_no, p.id
[2026-09-15 22:19:59.200] [gas-forecast] [] [] [c.g.f.d.m.S.selectByUsername] [http-nio-8080-exec-5] [DEBUG] - ==> Parameters: admin(String), admin(String)
[2026-09-15 22:19:59.202] [gas-forecast] [] [] [c.g.f.d.m.S.selectByUsername] [http-nio-8080-exec-6] [DEBUG] - ==>  Preparing: select distinct p.* from sys_permission_tb p where p.status = 1 and ( exists ( select 1 from sys_user_tb u join sys_user_role_ref ur on ur.user_id = u.id join sys_role_permission_ref rp on rp.role_id = ur.role_id where rp.permission_id = p.id and u.username = ? and u.deleted = 0 ) or exists ( select 1 from sys_user_tb u join sys_user_department_ref ud on ud.user_id = u.id join sys_department_permission_ref dp on dp.department_id = ud.department_id where dp.permission_id = p.id and u.username = ? and u.deleted = 0 ) ) order by p.sort_no, p.id
[2026-09-15 22:19:59.202] [gas-forecast] [] [] [c.g.f.d.m.S.selectByUsername] [http-nio-8080-exec-6] [DEBUG] - ==> Parameters: admin(String), admin(String)
[2026-09-15 22:19:59.202] [gas-forecast] [] [] [c.g.f.d.m.S.selectByUsername] [http-nio-8080-exec-5] [DEBUG] - <==      Total: 50
[2026-09-15 22:19:59.205] [gas-forecast] [] [] [c.g.f.d.m.S.selectByUsername] [http-nio-8080-exec-6] [DEBUG] - <==      Total: 50
[2026-09-15 22:19:59.209] [gas-forecast] [] [] [c.g.f.d.m.B.selectList_mpCount] [http-nio-8080-exec-6] [DEBUG] - ==>  Preparing: SELECT COUNT(*) AS total FROM base_region_tb
[2026-09-15 22:19:59.209] [gas-forecast] [] [] [c.g.f.d.m.B.selectList_mpCount] [http-nio-8080-exec-6] [DEBUG] - ==> Parameters: 
[2026-09-15 22:19:59.211] [gas-forecast] [] [] [c.g.f.d.m.B.selectList_mpCount] [http-nio-8080-exec-6] [DEBUG] - <==      Total: 1
[2026-09-15 22:19:59.211] [gas-forecast] [] [] [c.g.f.d.m.B.selectList] [http-nio-8080-exec-6] [DEBUG] - ==>  Preparing: SELECT id,region_code,region_name,remark,created_by,created_at,updated_by,updated_at,updated_by_name,created_by_name FROM base_region_tb ORDER BY updated_at DESC,id DESC LIMIT ?
[2026-09-15 22:19:59.211] [gas-forecast] [] [] [c.g.f.d.m.B.selectList] [http-nio-8080-exec-6] [DEBUG] - ==> Parameters: 10(Long)
[2026-09-15 22:19:59.212] [gas-forecast] [] [] [c.g.f.d.m.B.selectList] [http-nio-8080-exec-6] [DEBUG] - <==      Total: 10
[2026-09-15 22:19:59.923] [gas-forecast] [] [] [c.g.f.d.m.SysUserTbMapper.selectList] [http-nio-8080-exec-7] [DEBUG] - ==>  Preparing: SELECT id,username,real_name,password_hash,password_salt,avatar,email,phone,org_code,status,deleted,created_at,updated_at FROM sys_user_tb WHERE (username = ? AND deleted = ?)
[2026-09-15 22:19:59.923] [gas-forecast] [] [] [c.g.f.d.m.SysUserTbMapper.selectList] [http-nio-8080-exec-7] [DEBUG] - ==> Parameters: admin(String), 0(Integer)
[2026-09-15 22:19:59.925] [gas-forecast] [] [] [c.g.f.d.m.SysUserTbMapper.selectList] [http-nio-8080-exec-7] [DEBUG] - <==      Total: 1
[2026-09-15 22:19:59.925] [gas-forecast] [] [] [c.g.f.d.m.S.selectRoleCodesByUsername] [http-nio-8080-exec-7] [DEBUG] - ==>  Preparing: select r.role_code from sys_user_tb u join sys_user_role_ref ur on ur.user_id = u.id join sys_role_tb r on r.id = ur.role_id where u.username = ? order by r.role_code
[2026-09-15 22:19:59.926] [gas-forecast] [] [] [c.g.f.d.m.S.selectRoleCodesByUsername] [http-nio-8080-exec-7] [DEBUG] - ==> Parameters: admin(String)
[2026-09-15 22:19:59.927] [gas-forecast] [] [] [c.g.f.d.m.S.selectRoleCodesByUsername] [http-nio-8080-exec-7] [DEBUG] - <==      Total: 1
[2026-09-15 22:19:59.928] [gas-forecast] [] [] [c.g.f.d.m.S.selectByUsername] [http-nio-8080-exec-7] [DEBUG] - ==>  Preparing: select distinct p.* from sys_permission_tb p where p.status = 1 and ( exists ( select 1 from sys_user_tb u join sys_user_role_ref ur on ur.user_id = u.id join sys_role_permission_ref rp on rp.role_id = ur.role_id where rp.permission_id = p.id and u.username = ? and u.deleted = 0 ) or exists ( select 1 from sys_user_tb u join sys_user_department_ref ud on ud.user_id = u.id join sys_department_permission_ref dp on dp.department_id = ud.department_id where dp.permission_id = p.id and u.username = ? and u.deleted = 0 ) ) order by p.sort_no, p.id
[2026-09-15 22:19:59.928] [gas-forecast] [] [] [c.g.f.d.m.S.selectByUsername] [http-nio-8080-exec-7] [DEBUG] - ==> Parameters: admin(String), admin(String)
[2026-09-15 22:19:59.932] [gas-forecast] [] [] [c.g.f.d.m.S.selectByUsername] [http-nio-8080-exec-7] [DEBUG] - <==      Total: 50
[2026-09-15 22:19:59.945] [gas-forecast] [] [] [c.g.f.d.m.S.selectByUsername] [http-nio-8080-exec-8] [DEBUG] - ==>  Preparing: select distinct p.* from sys_permission_tb p where p.status = 1 and ( exists ( select 1 from sys_user_tb u join sys_user_role_ref ur on ur.user_id = u.id join sys_role_permission_ref rp on rp.role_id = ur.role_id where rp.permission_id = p.id and u.username = ? and u.deleted = 0 ) or exists ( select 1 from sys_user_tb u join sys_user_department_ref ud on ud.user_id = u.id join sys_department_permission_ref dp on dp.department_id = ud.department_id where dp.permission_id = p.id and u.username = ? and u.deleted = 0 ) ) order by p.sort_no, p.id
[2026-09-15 22:19:59.945] [gas-forecast] [] [] [c.g.f.d.m.S.selectByUsername] [http-nio-8080-exec-8] [DEBUG] - ==> Parameters: admin(String), admin(String)
[2026-09-15 22:19:59.948] [gas-forecast] [] [] [c.g.f.d.m.S.selectByUsername] [http-nio-8080-exec-8] [DEBUG] - <==      Total: 50
[2026-09-15 22:19:59.952] [gas-forecast] [] [] [c.g.f.d.m.B.selectList_mpCount] [http-nio-8080-exec-8] [DEBUG] - ==>  Preparing: SELECT COUNT(*) AS total FROM base_region_tb
[2026-09-15 22:19:59.952] [gas-forecast] [] [] [c.g.f.d.m.B.selectList_mpCount] [http-nio-8080-exec-8] [DEBUG] - ==> Parameters: 
[2026-09-15 22:19:59.953] [gas-forecast] [] [] [c.g.f.d.m.B.selectList_mpCount] [http-nio-8080-exec-8] [DEBUG] - <==      Total: 1
[2026-09-15 22:19:59.954] [gas-forecast] [] [] [c.g.f.d.m.B.selectList] [http-nio-8080-exec-8] [DEBUG] - ==>  Preparing: SELECT id,region_code,region_name,remark,created_by,created_at,updated_by,updated_at,updated_by_name,created_by_name FROM base_region_tb ORDER BY updated_at DESC,id DESC LIMIT ?
[2026-09-15 22:19:59.954] [gas-forecast] [] [] [c.g.f.d.m.B.selectList] [http-nio-8080-exec-8] [DEBUG] - ==> Parameters: 10(Long)
[2026-09-15 22:19:59.955] [gas-forecast] [] [] [c.g.f.d.m.B.selectList] [http-nio-8080-exec-8] [DEBUG] - <==      Total: 10
[2026-09-15 22:20:00.172] [gas-forecast] [] [] [c.g.f.d.m.SysUserTbMapper.selectList] [http-nio-8080-exec-9] [DEBUG] - ==>  Preparing: SELECT id,username,real_name,password_hash,password_salt,avatar,email,phone,org_code,status,deleted,created_at,updated_at FROM sys_user_tb WHERE (username = ? AND deleted = ?)
[2026-09-15 22:20:00.173] [gas-forecast] [] [] [c.g.f.d.m.SysUserTbMapper.selectList] [http-nio-8080-exec-9] [DEBUG] - ==> Parameters: admin(String), 0(Integer)
[2026-09-15 22:20:00.174] [gas-forecast] [] [] [c.g.f.d.m.SysUserTbMapper.selectList] [http-nio-8080-exec-9] [DEBUG] - <==      Total: 1
[2026-09-15 22:20:00.175] [gas-forecast] [] [] [c.g.f.d.m.S.selectRoleCodesByUsername] [http-nio-8080-exec-9] [DEBUG] - ==>  Preparing: select r.role_code from sys_user_tb u join sys_user_role_ref ur on ur.user_id = u.id join sys_role_tb r on r.id = ur.role_id where u.username = ? order by r.role_code
[2026-09-15 22:20:00.175] [gas-forecast] [] [] [c.g.f.d.m.S.selectRoleCodesByUsername] [http-nio-8080-exec-9] [DEBUG] - ==> Parameters: admin(String)
[2026-09-15 22:20:00.177] [gas-forecast] [] [] [c.g.f.d.m.S.selectRoleCodesByUsername] [http-nio-8080-exec-9] [DEBUG] - <==      Total: 1
[2026-09-15 22:20:00.177] [gas-forecast] [] [] [c.g.f.d.m.S.selectByUsername] [http-nio-8080-exec-9] [DEBUG] - ==>  Preparing: select distinct p.* from sys_permission_tb p where p.status = 1 and ( exists ( select 1 from sys_user_tb u join sys_user_role_ref ur on ur.user_id = u.id join sys_role_permission_ref rp on rp.role_id = ur.role_id where rp.permission_id = p.id and u.username = ? and u.deleted = 0 ) or exists ( select 1 from sys_user_tb u join sys_user_department_ref ud on ud.user_id = u.id join sys_department_permission_ref dp on dp.department_id = ud.department_id where dp.permission_id = p.id and u.username = ? and u.deleted = 0 ) ) order by p.sort_no, p.id
[2026-09-15 22:20:00.178] [gas-forecast] [] [] [c.g.f.d.m.S.selectByUsername] [http-nio-8080-exec-9] [DEBUG] - ==> Parameters: admin(String), admin(String)
[2026-09-15 22:20:00.181] [gas-forecast] [] [] [c.g.f.d.m.S.selectByUsername] [http-nio-8080-exec-9] [DEBUG] - <==      Total: 50
[2026-09-15 22:20:00.194] [gas-forecast] [] [] [c.g.f.d.m.S.selectByUsername] [http-nio-8080-exec-10] [DEBUG] - ==>  Preparing: select distinct p.* from sys_permission_tb p where p.status = 1 and ( exists ( select 1 from sys_user_tb u join sys_user_role_ref ur on ur.user_id = u.id join sys_role_permission_ref rp on rp.role_id = ur.role_id where rp.permission_id = p.id and u.username = ? and u.deleted = 0 ) or exists ( select 1 from sys_user_tb u join sys_user_department_ref ud on ud.user_id = u.id join sys_department_permission_ref dp on dp.department_id = ud.department_id where dp.permission_id = p.id and u.username = ? and u.deleted = 0 ) ) order by p.sort_no, p.id
[2026-09-15 22:20:00.194] [gas-forecast] [] [] [c.g.f.d.m.S.selectByUsername] [http-nio-8080-exec-10] [DEBUG] - ==> Parameters: admin(String), admin(String)
[2026-09-15 22:20:00.196] [gas-forecast] [] [] [c.g.f.d.m.S.selectByUsername] [http-nio-8080-exec-10] [DEBUG] - <==      Total: 50
[2026-09-15 22:20:00.200] [gas-forecast] [] [] [c.g.f.d.m.B.selectList_mpCount] [http-nio-8080-exec-10] [DEBUG] - ==>  Preparing: SELECT COUNT(*) AS total FROM base_region_tb
[2026-09-15 22:20:00.200] [gas-forecast] [] [] [c.g.f.d.m.B.selectList_mpCount] [http-nio-8080-exec-10] [DEBUG] - ==> Parameters: 
[2026-09-15 22:20:00.202] [gas-forecast] [] [] [c.g.f.d.m.B.selectList_mpCount] [http-nio-8080-exec-10] [DEBUG] - <==      Total: 1
[2026-09-15 22:20:00.202] [gas-forecast] [] [] [c.g.f.d.m.B.selectList] [http-nio-8080-exec-10] [DEBUG] - ==>  Preparing: SELECT id,region_code,region_name,remark,created_by,created_at,updated_by,updated_at,updated_by_name,created_by_name FROM base_region_tb ORDER BY updated_at DESC,id DESC LIMIT ?
[2026-09-15 22:20:00.202] [gas-forecast] [] [] [c.g.f.d.m.B.selectList] [http-nio-8080-exec-10] [DEBUG] - ==> Parameters: 10(Long)
[2026-09-15 22:20:00.203] [gas-forecast] [] [] [c.g.f.d.m.B.selectList] [http-nio-8080-exec-10] [DEBUG] - <==      Total: 10
[2026-09-15 22:20:01.138] [gas-forecast] [] [] [c.g.f.d.m.S.selectByUsername] [http-nio-8080-exec-1] [DEBUG] - ==>  Preparing: select distinct p.* from sys_permission_tb p where p.status = 1 and ( exists ( select 1 from sys_user_tb u join sys_user_role_ref ur on ur.user_id = u.id join sys_role_permission_ref rp on rp.role_id = ur.role_id where rp.permission_id = p.id and u.username = ? and u.deleted = 0 ) or exists ( select 1 from sys_user_tb u join sys_user_department_ref ud on ud.user_id = u.id join sys_department_permission_ref dp on dp.department_id = ud.department_id where dp.permission_id = p.id and u.username = ? and u.deleted = 0 ) ) order by p.sort_no, p.id
[2026-09-15 22:20:01.138] [gas-forecast] [] [] [c.g.f.d.m.S.selectByUsername] [http-nio-8080-exec-1] [DEBUG] - ==> Parameters: admin(String), admin(String)
[2026-09-15 22:20:01.140] [gas-forecast] [] [] [c.g.f.d.m.S.selectByUsername] [http-nio-8080-exec-1] [DEBUG] - <==      Total: 50
[2026-09-15 22:20:01.143] [gas-forecast] [] [] [c.g.f.d.m.B.selectList_mpCount] [http-nio-8080-exec-1] [DEBUG] - ==>  Preparing: SELECT COUNT(*) AS total FROM base_customer_tb
[2026-09-15 22:20:01.143] [gas-forecast] [] [] [c.g.f.d.m.B.selectList_mpCount] [http-nio-8080-exec-1] [DEBUG] - ==> Parameters: 
[2026-09-15 22:20:01.144] [gas-forecast] [] [] [c.g.f.d.m.B.selectList_mpCount] [http-nio-8080-exec-1] [DEBUG] - <==      Total: 1
[2026-09-15 22:20:01.145] [gas-forecast] [] [] [c.g.f.d.m.B.selectList] [http-nio-8080-exec-1] [DEBUG] - ==>  Preparing: SELECT id,customer_code,customer_name,industry_code,industry_name,region_code,region_name,created_at,updated_at,created_by,created_by_name,updated_by,updated_by_name,raw_region_name,raw_industry_name FROM base_customer_tb ORDER BY updated_at DESC,id DESC LIMIT ?
[2026-09-15 22:20:01.145] [gas-forecast] [] [] [c.g.f.d.m.B.selectList] [http-nio-8080-exec-1] [DEBUG] - ==> Parameters: 10(Long)
[2026-09-15 22:20:01.145] [gas-forecast] [] [] [c.g.f.d.m.B.selectList] [http-nio-8080-exec-1] [DEBUG] - <==      Total: 10
[2026-09-15 22:20:02.911] [gas-forecast] [] [] [c.g.f.d.m.S.selectByUsername] [http-nio-8080-exec-2] [DEBUG] - ==>  Preparing: select distinct p.* from sys_permission_tb p where p.status = 1 and ( exists ( select 1 from sys_user_tb u join sys_user_role_ref ur on ur.user_id = u.id join sys_role_permission_ref rp on rp.role_id = ur.role_id where rp.permission_id = p.id and u.username = ? and u.deleted = 0 ) or exists ( select 1 from sys_user_tb u join sys_user_department_ref ud on ud.user_id = u.id join sys_department_permission_ref dp on dp.department_id = ud.department_id where dp.permission_id = p.id and u.username = ? and u.deleted = 0 ) ) order by p.sort_no, p.id
[2026-09-15 22:20:02.911] [gas-forecast] [] [] [c.g.f.d.m.S.selectByUsername] [http-nio-8080-exec-2] [DEBUG] - ==> Parameters: admin(String), admin(String)
[2026-09-15 22:20:02.913] [gas-forecast] [] [] [c.g.f.d.m.S.selectByUsername] [http-nio-8080-exec-2] [DEBUG] - <==      Total: 50
[2026-09-15 22:20:02.916] [gas-forecast] [] [] [c.g.f.d.m.B.selectList_mpCount] [http-nio-8080-exec-2] [DEBUG] - ==>  Preparing: SELECT COUNT(*) AS total FROM base_region_tb
[2026-09-15 22:20:02.916] [gas-forecast] [] [] [c.g.f.d.m.B.selectList_mpCount] [http-nio-8080-exec-2] [DEBUG] - ==> Parameters: 
[2026-09-15 22:20:02.917] [gas-forecast] [] [] [c.g.f.d.m.B.selectList_mpCount] [http-nio-8080-exec-2] [DEBUG] - <==      Total: 1
[2026-09-15 22:20:02.917] [gas-forecast] [] [] [c.g.f.d.m.B.selectList] [http-nio-8080-exec-2] [DEBUG] - ==>  Preparing: SELECT id,region_code,region_name,remark,created_by,created_at,updated_by,updated_at,updated_by_name,created_by_name FROM base_region_tb ORDER BY updated_at DESC,id DESC LIMIT ?
[2026-09-15 22:20:02.918] [gas-forecast] [] [] [c.g.f.d.m.B.selectList] [http-nio-8080-exec-2] [DEBUG] - ==> Parameters: 10(Long)
[2026-09-15 22:20:02.918] [gas-forecast] [] [] [c.g.f.d.m.B.selectList] [http-nio-8080-exec-2] [DEBUG] - <==      Total: 10
[2026-09-15 22:27:48.288] [gas-forecast] [] [] [c.g.f.d.m.SysUserTbMapper.selectList] [http-nio-8080-exec-3] [DEBUG] - ==>  Preparing: SELECT id,username,real_name,password_hash,password_salt,avatar,email,phone,org_code,status,deleted,created_at,updated_at FROM sys_user_tb WHERE (username = ? AND deleted = ?)
[2026-09-15 22:27:48.289] [gas-forecast] [] [] [c.g.f.d.m.SysUserTbMapper.selectList] [http-nio-8080-exec-3] [DEBUG] - ==> Parameters: admin(String), 0(Integer)
[2026-09-15 22:27:48.294] [gas-forecast] [] [] [c.g.f.d.m.SysUserTbMapper.selectList] [http-nio-8080-exec-3] [DEBUG] - <==      Total: 1
[2026-09-15 22:27:48.294] [gas-forecast] [] [] [c.g.f.d.m.S.selectRoleCodesByUsername] [http-nio-8080-exec-3] [DEBUG] - ==>  Preparing: select r.role_code from sys_user_tb u join sys_user_role_ref ur on ur.user_id = u.id join sys_role_tb r on r.id = ur.role_id where u.username = ? order by r.role_code
[2026-09-15 22:27:48.294] [gas-forecast] [] [] [c.g.f.d.m.S.selectRoleCodesByUsername] [http-nio-8080-exec-3] [DEBUG] - ==> Parameters: admin(String)
[2026-09-15 22:27:48.295] [gas-forecast] [] [] [c.g.f.d.m.S.selectRoleCodesByUsername] [http-nio-8080-exec-3] [DEBUG] - <==      Total: 1
[2026-09-15 22:27:48.296] [gas-forecast] [] [] [c.g.f.d.m.S.selectByUsername] [http-nio-8080-exec-3] [DEBUG] - ==>  Preparing: select distinct p.* from sys_permission_tb p where p.status = 1 and ( exists ( select 1 from sys_user_tb u join sys_user_role_ref ur on ur.user_id = u.id join sys_role_permission_ref rp on rp.role_id = ur.role_id where rp.permission_id = p.id and u.username = ? and u.deleted = 0 ) or exists ( select 1 from sys_user_tb u join sys_user_department_ref ud on ud.user_id = u.id join sys_department_permission_ref dp on dp.department_id = ud.department_id where dp.permission_id = p.id and u.username = ? and u.deleted = 0 ) ) order by p.sort_no, p.id
[2026-09-15 22:27:48.296] [gas-forecast] [] [] [c.g.f.d.m.S.selectByUsername] [http-nio-8080-exec-3] [DEBUG] - ==> Parameters: admin(String), admin(String)
[2026-09-15 22:27:48.298] [gas-forecast] [] [] [c.g.f.d.m.S.selectByUsername] [http-nio-8080-exec-3] [DEBUG] - <==      Total: 50
[2026-09-15 22:27:48.299] [gas-forecast] [] [] [c.g.f.d.m.S.selectByUsername] [http-nio-8080-exec-4] [DEBUG] - ==>  Preparing: select distinct p.* from sys_permission_tb p where p.status = 1 and ( exists ( select 1 from sys_user_tb u join sys_user_role_ref ur on ur.user_id = u.id join sys_role_permission_ref rp on rp.role_id = ur.role_id where rp.permission_id = p.id and u.username = ? and u.deleted = 0 ) or exists ( select 1 from sys_user_tb u join sys_user_department_ref ud on ud.user_id = u.id join sys_department_permission_ref dp on dp.department_id = ud.department_id where dp.permission_id = p.id and u.username = ? and u.deleted = 0 ) ) order by p.sort_no, p.id
[2026-09-15 22:27:48.299] [gas-forecast] [] [] [c.g.f.d.m.S.selectByUsername] [http-nio-8080-exec-4] [DEBUG] - ==> Parameters: admin(String), admin(String)
[2026-09-15 22:27:48.301] [gas-forecast] [] [] [c.g.f.d.m.S.selectByUsername] [http-nio-8080-exec-4] [DEBUG] - <==      Total: 50
[2026-09-15 22:27:48.303] [gas-forecast] [] [] [c.g.f.d.m.B.selectList_mpCount] [http-nio-8080-exec-4] [DEBUG] - ==>  Preparing: SELECT COUNT(*) AS total FROM base_region_tb
[2026-09-15 22:27:48.304] [gas-forecast] [] [] [c.g.f.d.m.B.selectList_mpCount] [http-nio-8080-exec-4] [DEBUG] - ==> Parameters: 
[2026-09-15 22:27:48.306] [gas-forecast] [] [] [c.g.f.d.m.B.selectList_mpCount] [http-nio-8080-exec-4] [DEBUG] - <==      Total: 1
[2026-09-15 22:27:48.307] [gas-forecast] [] [] [c.g.f.d.m.B.selectList] [http-nio-8080-exec-4] [DEBUG] - ==>  Preparing: SELECT id,region_code,region_name,remark,created_by,created_at,updated_by,updated_at,updated_by_name,created_by_name FROM base_region_tb ORDER BY updated_at DESC,id DESC LIMIT ?
[2026-09-15 22:27:48.307] [gas-forecast] [] [] [c.g.f.d.m.B.selectList] [http-nio-8080-exec-4] [DEBUG] - ==> Parameters: 10(Long)
[2026-09-15 22:27:48.308] [gas-forecast] [] [] [c.g.f.d.m.B.selectList] [http-nio-8080-exec-4] [DEBUG] - <==      Total: 10
[2026-09-15 22:27:50.094] [gas-forecast] [] [] [c.g.f.d.m.S.selectByUsername] [http-nio-8080-exec-5] [DEBUG] - ==>  Preparing: select distinct p.* from sys_permission_tb p where p.status = 1 and ( exists ( select 1 from sys_user_tb u join sys_user_role_ref ur on ur.user_id = u.id join sys_role_permission_ref rp on rp.role_id = ur.role_id where rp.permission_id = p.id and u.username = ? and u.deleted = 0 ) or exists ( select 1 from sys_user_tb u join sys_user_department_ref ud on ud.user_id = u.id join sys_department_permission_ref dp on dp.department_id = ud.department_id where dp.permission_id = p.id and u.username = ? and u.deleted = 0 ) ) order by p.sort_no, p.id
[2026-09-15 22:27:50.094] [gas-forecast] [] [] [c.g.f.d.m.S.selectByUsername] [http-nio-8080-exec-5] [DEBUG] - ==> Parameters: admin(String), admin(String)
[2026-09-15 22:27:50.096] [gas-forecast] [] [] [c.g.f.d.m.S.selectByUsername] [http-nio-8080-exec-5] [DEBUG] - <==      Total: 50
[2026-09-15 22:27:50.100] [gas-forecast] [] [] [c.g.f.d.m.B.selectList_mpCount] [http-nio-8080-exec-5] [DEBUG] - ==>  Preparing: SELECT COUNT(*) AS total FROM base_customer_tb
[2026-09-15 22:27:50.100] [gas-forecast] [] [] [c.g.f.d.m.B.selectList_mpCount] [http-nio-8080-exec-5] [DEBUG] - ==> Parameters: 
[2026-09-15 22:27:50.101] [gas-forecast] [] [] [c.g.f.d.m.B.selectList_mpCount] [http-nio-8080-exec-5] [DEBUG] - <==      Total: 1
[2026-09-15 22:27:50.101] [gas-forecast] [] [] [c.g.f.d.m.B.selectList] [http-nio-8080-exec-5] [DEBUG] - ==>  Preparing: SELECT id,customer_code,customer_name,industry_code,industry_name,region_code,region_name,created_at,updated_at,created_by,created_by_name,updated_by,updated_by_name,raw_region_name,raw_industry_name FROM base_customer_tb ORDER BY updated_at DESC,id DESC LIMIT ?
[2026-09-15 22:27:50.102] [gas-forecast] [] [] [c.g.f.d.m.B.selectList] [http-nio-8080-exec-5] [DEBUG] - ==> Parameters: 10(Long)
[2026-09-15 22:27:50.102] [gas-forecast] [] [] [c.g.f.d.m.B.selectList] [http-nio-8080-exec-5] [DEBUG] - <==      Total: 10
[2026-09-15 22:27:50.843] [gas-forecast] [] [] [c.g.f.d.m.S.selectByUsername] [http-nio-8080-exec-6] [DEBUG] - ==>  Preparing: select distinct p.* from sys_permission_tb p where p.status = 1 and ( exists ( select 1 from sys_user_tb u join sys_user_role_ref ur on ur.user_id = u.id join sys_role_permission_ref rp on rp.role_id = ur.role_id where rp.permission_id = p.id and u.username = ? and u.deleted = 0 ) or exists ( select 1 from sys_user_tb u join sys_user_department_ref ud on ud.user_id = u.id join sys_department_permission_ref dp on dp.department_id = ud.department_id where dp.permission_id = p.id and u.username = ? and u.deleted = 0 ) ) order by p.sort_no, p.id
[2026-09-15 22:27:50.843] [gas-forecast] [] [] [c.g.f.d.m.S.selectByUsername] [http-nio-8080-exec-6] [DEBUG] - ==> Parameters: admin(String), admin(String)
[2026-09-15 22:27:50.845] [gas-forecast] [] [] [c.g.f.d.m.S.selectByUsername] [http-nio-8080-exec-6] [DEBUG] - <==      Total: 50
[2026-09-15 22:27:50.848] [gas-forecast] [] [] [c.g.f.d.m.B.selectList_mpCount] [http-nio-8080-exec-6] [DEBUG] - ==>  Preparing: SELECT COUNT(*) AS total FROM base_industry_tb
[2026-09-15 22:27:50.848] [gas-forecast] [] [] [c.g.f.d.m.B.selectList_mpCount] [http-nio-8080-exec-6] [DEBUG] - ==> Parameters: 
[2026-09-15 22:27:50.849] [gas-forecast] [] [] [c.g.f.d.m.B.selectList_mpCount] [http-nio-8080-exec-6] [DEBUG] - <==      Total: 1
[2026-09-15 22:27:50.849] [gas-forecast] [] [] [c.g.f.d.m.B.selectList] [http-nio-8080-exec-6] [DEBUG] - ==>  Preparing: SELECT id,industry_code,industry_name,created_at,updated_at,created_by,created_by_name,updated_by,updated_by_name FROM base_industry_tb ORDER BY updated_at DESC,id DESC LIMIT ?
[2026-09-15 22:27:50.849] [gas-forecast] [] [] [c.g.f.d.m.B.selectList] [http-nio-8080-exec-6] [DEBUG] - ==> Parameters: 10(Long)
[2026-09-15 22:27:50.850] [gas-forecast] [] [] [c.g.f.d.m.B.selectList] [http-nio-8080-exec-6] [DEBUG] - <==      Total: 3
[2026-09-15 22:27:58.482] [gas-forecast] [] [] [c.g.f.d.m.S.selectByUsername] [http-nio-8080-exec-7] [DEBUG] - ==>  Preparing: select distinct p.* from sys_permission_tb p where p.status = 1 and ( exists ( select 1 from sys_user_tb u join sys_user_role_ref ur on ur.user_id = u.id join sys_role_permission_ref rp on rp.role_id = ur.role_id where rp.permission_id = p.id and u.username = ? and u.deleted = 0 ) or exists ( select 1 from sys_user_tb u join sys_user_department_ref ud on ud.user_id = u.id join sys_department_permission_ref dp on dp.department_id = ud.department_id where dp.permission_id = p.id and u.username = ? and u.deleted = 0 ) ) order by p.sort_no, p.id
[2026-09-15 22:27:58.482] [gas-forecast] [] [] [c.g.f.d.m.S.selectByUsername] [http-nio-8080-exec-7] [DEBUG] - ==> Parameters: admin(String), admin(String)
[2026-09-15 22:27:58.485] [gas-forecast] [] [] [c.g.f.d.m.S.selectByUsername] [http-nio-8080-exec-7] [DEBUG] - <==      Total: 50
[2026-09-15 22:27:58.487] [gas-forecast] [] [] [c.g.f.d.m.B.selectList_mpCount] [http-nio-8080-exec-7] [DEBUG] - ==>  Preparing: SELECT COUNT(*) AS total FROM base_customer_tb
[2026-09-15 22:27:58.487] [gas-forecast] [] [] [c.g.f.d.m.B.selectList_mpCount] [http-nio-8080-exec-7] [DEBUG] - ==> Parameters: 
[2026-09-15 22:27:58.489] [gas-forecast] [] [] [c.g.f.d.m.B.selectList_mpCount] [http-nio-8080-exec-7] [DEBUG] - <==      Total: 1
[2026-09-15 22:27:58.489] [gas-forecast] [] [] [c.g.f.d.m.B.selectList] [http-nio-8080-exec-7] [DEBUG] - ==>  Preparing: SELECT id,customer_code,customer_name,industry_code,industry_name,region_code,region_name,created_at,updated_at,created_by,created_by_name,updated_by,updated_by_name,raw_region_name,raw_industry_name FROM base_customer_tb ORDER BY updated_at DESC,id DESC LIMIT ?
[2026-09-15 22:27:58.489] [gas-forecast] [] [] [c.g.f.d.m.B.selectList] [http-nio-8080-exec-7] [DEBUG] - ==> Parameters: 10(Long)
[2026-09-15 22:27:58.490] [gas-forecast] [] [] [c.g.f.d.m.B.selectList] [http-nio-8080-exec-7] [DEBUG] - <==      Total: 10
[2026-09-15 22:28:07.198] [gas-forecast] [] [] [c.g.f.d.m.S.selectByUsername] [http-nio-8080-exec-8] [DEBUG] - ==>  Preparing: select distinct p.* from sys_permission_tb p where p.status = 1 and ( exists ( select 1 from sys_user_tb u join sys_user_role_ref ur on ur.user_id = u.id join sys_role_permission_ref rp on rp.role_id = ur.role_id where rp.permission_id = p.id and u.username = ? and u.deleted = 0 ) or exists ( select 1 from sys_user_tb u join sys_user_department_ref ud on ud.user_id = u.id join sys_department_permission_ref dp on dp.department_id = ud.department_id where dp.permission_id = p.id and u.username = ? and u.deleted = 0 ) ) order by p.sort_no, p.id
[2026-09-15 22:28:07.198] [gas-forecast] [] [] [c.g.f.d.m.S.selectByUsername] [http-nio-8080-exec-8] [DEBUG] - ==> Parameters: admin(String), admin(String)
[2026-09-15 22:28:07.199] [gas-forecast] [] [] [c.g.f.d.m.S.selectByUsername] [http-nio-8080-exec-8] [DEBUG] - <==      Total: 50
[2026-09-15 22:28:07.203] [gas-forecast] [] [] [c.g.f.d.m.B.selectList_mpCount] [http-nio-8080-exec-8] [DEBUG] - ==>  Preparing: SELECT COUNT(*) AS total FROM base_region_tb
[2026-09-15 22:28:07.203] [gas-forecast] [] [] [c.g.f.d.m.B.selectList_mpCount] [http-nio-8080-exec-8] [DEBUG] - ==> Parameters: 
[2026-09-15 22:28:07.204] [gas-forecast] [] [] [c.g.f.d.m.B.selectList_mpCount] [http-nio-8080-exec-8] [DEBUG] - <==      Total: 1
[2026-09-15 22:28:07.204] [gas-forecast] [] [] [c.g.f.d.m.B.selectList] [http-nio-8080-exec-8] [DEBUG] - ==>  Preparing: SELECT id,region_code,region_name,remark,created_by,created_at,updated_by,updated_at,updated_by_name,created_by_name FROM base_region_tb ORDER BY updated_at DESC,id DESC LIMIT ?
[2026-09-15 22:28:07.204] [gas-forecast] [] [] [c.g.f.d.m.B.selectList] [http-nio-8080-exec-8] [DEBUG] - ==> Parameters: 10(Long)
[2026-09-15 22:28:07.205] [gas-forecast] [] [] [c.g.f.d.m.B.selectList] [http-nio-8080-exec-8] [DEBUG] - <==      Total: 10
[2026-09-15 22:28:16.105] [gas-forecast] [] [] [c.g.f.d.m.S.selectByUsername] [http-nio-8080-exec-9] [DEBUG] - ==>  Preparing: select distinct p.* from sys_permission_tb p where p.status = 1 and ( exists ( select 1 from sys_user_tb u join sys_user_role_ref ur on ur.user_id = u.id join sys_role_permission_ref rp on rp.role_id = ur.role_id where rp.permission_id = p.id and u.username = ? and u.deleted = 0 ) or exists ( select 1 from sys_user_tb u join sys_user_department_ref ud on ud.user_id = u.id join sys_department_permission_ref dp on dp.department_id = ud.department_id where dp.permission_id = p.id and u.username = ? and u.deleted = 0 ) ) order by p.sort_no, p.id
[2026-09-15 22:28:16.105] [gas-forecast] [] [] [c.g.f.d.m.S.selectByUsername] [http-nio-8080-exec-9] [DEBUG] - ==> Parameters: admin(String), admin(String)
[2026-09-15 22:28:16.107] [gas-forecast] [] [] [c.g.f.d.m.S.selectByUsername] [http-nio-8080-exec-9] [DEBUG] - <==      Total: 50
[2026-09-15 22:28:16.118] [gas-forecast] [] [] [c.g.f.d.m.D.selectList_mpCount] [http-nio-8080-exec-9] [DEBUG] - ==>  Preparing: SELECT COUNT(*) AS total FROM data_daily_sales_tb
[2026-09-15 22:28:16.119] [gas-forecast] [] [] [c.g.f.d.m.D.selectList_mpCount] [http-nio-8080-exec-9] [DEBUG] - ==> Parameters: 
[2026-09-15 22:28:16.122] [gas-forecast] [] [] [c.g.f.d.m.D.selectList_mpCount] [http-nio-8080-exec-9] [DEBUG] - <==      Total: 1
[2026-09-15 22:28:16.123] [gas-forecast] [] [] [c.g.f.d.m.D.selectList] [http-nio-8080-exec-9] [DEBUG] - ==>  Preparing: SELECT id,stat_date,region_name,industry_name,customer_name,customer_code,gas_sales,unit,file_id,created_at,region_code,industry_code FROM data_daily_sales_tb ORDER BY stat_date DESC,id DESC LIMIT ?
[2026-09-15 22:28:16.123] [gas-forecast] [] [] [c.g.f.d.m.D.selectList] [http-nio-8080-exec-9] [DEBUG] - ==> Parameters: 10(Long)
[2026-09-15 22:28:16.152] [gas-forecast] [] [] [c.g.f.d.m.D.selectList] [http-nio-8080-exec-9] [DEBUG] - <==      Total: 10
[2026-09-15 22:28:18.290] [gas-forecast] [] [] [c.g.f.d.m.S.selectByUsername] [http-nio-8080-exec-10] [DEBUG] - ==>  Preparing: select distinct p.* from sys_permission_tb p where p.status = 1 and ( exists ( select 1 from sys_user_tb u join sys_user_role_ref ur on ur.user_id = u.id join sys_role_permission_ref rp on rp.role_id = ur.role_id where rp.permission_id = p.id and u.username = ? and u.deleted = 0 ) or exists ( select 1 from sys_user_tb u join sys_user_department_ref ud on ud.user_id = u.id join sys_department_permission_ref dp on dp.department_id = ud.department_id where dp.permission_id = p.id and u.username = ? and u.deleted = 0 ) ) order by p.sort_no, p.id
[2026-09-15 22:28:18.291] [gas-forecast] [] [] [c.g.f.d.m.S.selectByUsername] [http-nio-8080-exec-10] [DEBUG] - ==> Parameters: admin(String), admin(String)
[2026-09-15 22:28:18.292] [gas-forecast] [] [] [c.g.f.d.m.S.selectByUsername] [http-nio-8080-exec-10] [DEBUG] - <==      Total: 50
[2026-09-15 22:28:18.294] [gas-forecast] [] [] [c.g.f.d.m.D.selectList_mpCount] [http-nio-8080-exec-10] [DEBUG] - ==>  Preparing: SELECT COUNT(*) AS total FROM data_daily_sales_tb
[2026-09-15 22:28:18.295] [gas-forecast] [] [] [c.g.f.d.m.D.selectList_mpCount] [http-nio-8080-exec-10] [DEBUG] - ==> Parameters: 
[2026-09-15 22:28:18.298] [gas-forecast] [] [] [c.g.f.d.m.D.selectList_mpCount] [http-nio-8080-exec-10] [DEBUG] - <==      Total: 1
[2026-09-15 22:28:18.299] [gas-forecast] [] [] [c.g.f.d.m.D.selectList] [http-nio-8080-exec-10] [DEBUG] - ==>  Preparing: SELECT id,stat_date,region_name,industry_name,customer_name,customer_code,gas_sales,unit,file_id,created_at,region_code,industry_code FROM data_daily_sales_tb ORDER BY stat_date DESC,id DESC LIMIT ?
[2026-09-15 22:28:18.299] [gas-forecast] [] [] [c.g.f.d.m.D.selectList] [http-nio-8080-exec-10] [DEBUG] - ==> Parameters: 10(Long)
[2026-09-15 22:28:18.330] [gas-forecast] [] [] [c.g.f.d.m.D.selectList] [http-nio-8080-exec-10] [DEBUG] - <==      Total: 10
[2026-09-15 22:32:24.865] [gas-forecast] [] [] [c.g.f.d.m.S.selectByUsername] [http-nio-8080-exec-2] [DEBUG] - ==>  Preparing: select distinct p.* from sys_permission_tb p where p.status = 1 and ( exists ( select 1 from sys_user_tb u join sys_user_role_ref ur on ur.user_id = u.id join sys_role_permission_ref rp on rp.role_id = ur.role_id where rp.permission_id = p.id and u.username = ? and u.deleted = 0 ) or exists ( select 1 from sys_user_tb u join sys_user_department_ref ud on ud.user_id = u.id join sys_department_permission_ref dp on dp.department_id = ud.department_id where dp.permission_id = p.id and u.username = ? and u.deleted = 0 ) ) order by p.sort_no, p.id
[2026-09-15 22:32:24.865] [gas-forecast] [] [] [c.g.f.d.m.SysUserTbMapper.selectList] [http-nio-8080-exec-1] [DEBUG] - ==>  Preparing: SELECT id,username,real_name,password_hash,password_salt,avatar,email,phone,org_code,status,deleted,created_at,updated_at FROM sys_user_tb WHERE (username = ? AND deleted = ?)
[2026-09-15 22:32:24.876] [gas-forecast] [] [] [c.g.f.d.m.S.selectByUsername] [http-nio-8080-exec-2] [DEBUG] - ==> Parameters: admin(String), admin(String)
[2026-09-15 22:32:24.876] [gas-forecast] [] [] [c.g.f.d.m.SysUserTbMapper.selectList] [http-nio-8080-exec-1] [DEBUG] - ==> Parameters: admin(String), 0(Integer)
[2026-09-15 22:32:24.889] [gas-forecast] [] [] [c.g.f.d.m.SysUserTbMapper.selectList] [http-nio-8080-exec-1] [DEBUG] - <==      Total: 1
[2026-09-15 22:32:24.891] [gas-forecast] [] [] [c.g.f.d.m.S.selectRoleCodesByUsername] [http-nio-8080-exec-1] [DEBUG] - ==>  Preparing: select r.role_code from sys_user_tb u join sys_user_role_ref ur on ur.user_id = u.id join sys_role_tb r on r.id = ur.role_id where u.username = ? order by r.role_code
[2026-09-15 22:32:24.891] [gas-forecast] [] [] [c.g.f.d.m.S.selectRoleCodesByUsername] [http-nio-8080-exec-1] [DEBUG] - ==> Parameters: admin(String)
[2026-09-15 22:32:24.892] [gas-forecast] [] [] [c.g.f.d.m.S.selectRoleCodesByUsername] [http-nio-8080-exec-1] [DEBUG] - <==      Total: 1
[2026-09-15 22:32:24.893] [gas-forecast] [] [] [c.g.f.d.m.S.selectByUsername] [http-nio-8080-exec-1] [DEBUG] - ==>  Preparing: select distinct p.* from sys_permission_tb p where p.status = 1 and ( exists ( select 1 from sys_user_tb u join sys_user_role_ref ur on ur.user_id = u.id join sys_role_permission_ref rp on rp.role_id = ur.role_id where rp.permission_id = p.id and u.username = ? and u.deleted = 0 ) or exists ( select 1 from sys_user_tb u join sys_user_department_ref ud on ud.user_id = u.id join sys_department_permission_ref dp on dp.department_id = ud.department_id where dp.permission_id = p.id and u.username = ? and u.deleted = 0 ) ) order by p.sort_no, p.id
[2026-09-15 22:32:24.893] [gas-forecast] [] [] [c.g.f.d.m.S.selectByUsername] [http-nio-8080-exec-2] [DEBUG] - <==      Total: 50
[2026-09-15 22:32:24.893] [gas-forecast] [] [] [c.g.f.d.m.S.selectByUsername] [http-nio-8080-exec-1] [DEBUG] - ==> Parameters: admin(String), admin(String)
[2026-09-15 22:32:24.898] [gas-forecast] [] [] [c.g.f.d.m.S.selectByUsername] [http-nio-8080-exec-1] [DEBUG] - <==      Total: 50
[2026-09-15 22:32:24.976] [gas-forecast] [] [] [c.g.f.d.m.D.selectList_mpCount] [http-nio-8080-exec-2] [DEBUG] - ==>  Preparing: SELECT COUNT(*) AS total FROM data_daily_sales_tb
[2026-09-15 22:32:24.976] [gas-forecast] [] [] [c.g.f.d.m.D.selectList_mpCount] [http-nio-8080-exec-2] [DEBUG] - ==> Parameters: 
[2026-09-15 22:32:24.980] [gas-forecast] [] [] [c.g.f.d.m.D.selectList_mpCount] [http-nio-8080-exec-2] [DEBUG] - <==      Total: 1
[2026-09-15 22:32:24.982] [gas-forecast] [] [] [c.g.f.d.m.D.selectList] [http-nio-8080-exec-2] [DEBUG] - ==>  Preparing: SELECT id,stat_date,region_name,industry_name,customer_name,customer_code,gas_sales,file_id,created_at,region_code,industry_code FROM data_daily_sales_tb ORDER BY stat_date DESC,id DESC LIMIT ?
[2026-09-15 22:32:24.983] [gas-forecast] [] [] [c.g.f.d.m.D.selectList] [http-nio-8080-exec-2] [DEBUG] - ==> Parameters: 10(Long)
[2026-09-15 22:32:25.013] [gas-forecast] [] [] [c.g.f.d.m.D.selectList] [http-nio-8080-exec-2] [DEBUG] - <==      Total: 10
[2026-09-15 22:32:28.226] [gas-forecast] [] [] [c.g.f.d.m.SysUserTbMapper.selectList] [http-nio-8080-exec-3] [DEBUG] - ==>  Preparing: SELECT id,username,real_name,password_hash,password_salt,avatar,email,phone,org_code,status,deleted,created_at,updated_at FROM sys_user_tb WHERE (username = ? AND deleted = ?)
[2026-09-15 22:32:28.227] [gas-forecast] [] [] [c.g.f.d.m.SysUserTbMapper.selectList] [http-nio-8080-exec-3] [DEBUG] - ==> Parameters: admin(String), 0(Integer)
[2026-09-15 22:32:28.229] [gas-forecast] [] [] [c.g.f.d.m.SysUserTbMapper.selectList] [http-nio-8080-exec-3] [DEBUG] - <==      Total: 1
[2026-09-15 22:32:28.229] [gas-forecast] [] [] [c.g.f.d.m.S.selectRoleCodesByUsername] [http-nio-8080-exec-3] [DEBUG] - ==>  Preparing: select r.role_code from sys_user_tb u join sys_user_role_ref ur on ur.user_id = u.id join sys_role_tb r on r.id = ur.role_id where u.username = ? order by r.role_code
[2026-09-15 22:32:28.230] [gas-forecast] [] [] [c.g.f.d.m.S.selectRoleCodesByUsername] [http-nio-8080-exec-3] [DEBUG] - ==> Parameters: admin(String)
[2026-09-15 22:32:28.231] [gas-forecast] [] [] [c.g.f.d.m.S.selectRoleCodesByUsername] [http-nio-8080-exec-3] [DEBUG] - <==      Total: 1
[2026-09-15 22:32:28.231] [gas-forecast] [] [] [c.g.f.d.m.S.selectByUsername] [http-nio-8080-exec-3] [DEBUG] - ==>  Preparing: select distinct p.* from sys_permission_tb p where p.status = 1 and ( exists ( select 1 from sys_user_tb u join sys_user_role_ref ur on ur.user_id = u.id join sys_role_permission_ref rp on rp.role_id = ur.role_id where rp.permission_id = p.id and u.username = ? and u.deleted = 0 ) or exists ( select 1 from sys_user_tb u join sys_user_department_ref ud on ud.user_id = u.id join sys_department_permission_ref dp on dp.department_id = ud.department_id where dp.permission_id = p.id and u.username = ? and u.deleted = 0 ) ) order by p.sort_no, p.id
[2026-09-15 22:32:28.232] [gas-forecast] [] [] [c.g.f.d.m.S.selectByUsername] [http-nio-8080-exec-3] [DEBUG] - ==> Parameters: admin(String), admin(String)
[2026-09-15 22:32:28.237] [gas-forecast] [] [] [c.g.f.d.m.S.selectByUsername] [http-nio-8080-exec-3] [DEBUG] - <==      Total: 50
[2026-09-15 22:32:28.251] [gas-forecast] [] [] [c.g.f.d.m.S.selectByUsername] [http-nio-8080-exec-4] [DEBUG] - ==>  Preparing: select distinct p.* from sys_permission_tb p where p.status = 1 and ( exists ( select 1 from sys_user_tb u join sys_user_role_ref ur on ur.user_id = u.id join sys_role_permission_ref rp on rp.role_id = ur.role_id where rp.permission_id = p.id and u.username = ? and u.deleted = 0 ) or exists ( select 1 from sys_user_tb u join sys_user_department_ref ud on ud.user_id = u.id join sys_department_permission_ref dp on dp.department_id = ud.department_id where dp.permission_id = p.id and u.username = ? and u.deleted = 0 ) ) order by p.sort_no, p.id
[2026-09-15 22:32:28.252] [gas-forecast] [] [] [c.g.f.d.m.S.selectByUsername] [http-nio-8080-exec-4] [DEBUG] - ==> Parameters: admin(String), admin(String)
[2026-09-15 22:32:28.256] [gas-forecast] [] [] [c.g.f.d.m.S.selectByUsername] [http-nio-8080-exec-4] [DEBUG] - <==      Total: 50
[2026-09-15 22:32:28.260] [gas-forecast] [] [] [c.g.f.d.m.D.selectList_mpCount] [http-nio-8080-exec-4] [DEBUG] - ==>  Preparing: SELECT COUNT(*) AS total FROM data_daily_sales_tb
[2026-09-15 22:32:28.260] [gas-forecast] [] [] [c.g.f.d.m.D.selectList_mpCount] [http-nio-8080-exec-4] [DEBUG] - ==> Parameters: 
[2026-09-15 22:32:28.263] [gas-forecast] [] [] [c.g.f.d.m.D.selectList_mpCount] [http-nio-8080-exec-4] [DEBUG] - <==      Total: 1
[2026-09-15 22:32:28.263] [gas-forecast] [] [] [c.g.f.d.m.D.selectList] [http-nio-8080-exec-4] [DEBUG] - ==>  Preparing: SELECT id,stat_date,region_name,industry_name,customer_name,customer_code,gas_sales,file_id,created_at,region_code,industry_code FROM data_daily_sales_tb ORDER BY stat_date DESC,id DESC LIMIT ?
[2026-09-15 22:32:28.264] [gas-forecast] [] [] [c.g.f.d.m.D.selectList] [http-nio-8080-exec-4] [DEBUG] - ==> Parameters: 10(Long)
[2026-09-15 22:32:28.291] [gas-forecast] [] [] [c.g.f.d.m.D.selectList] [http-nio-8080-exec-4] [DEBUG] - <==      Total: 10
[2026-09-15 22:32:31.117] [gas-forecast] [] [] [c.g.f.d.m.SysUserTbMapper.selectList] [http-nio-8080-exec-5] [DEBUG] - ==>  Preparing: SELECT id,username,real_name,password_hash,password_salt,avatar,email,phone,org_code,status,deleted,created_at,updated_at FROM sys_user_tb WHERE (username = ? AND deleted = ?)
[2026-09-15 22:32:31.117] [gas-forecast] [] [] [c.g.f.d.m.SysUserTbMapper.selectList] [http-nio-8080-exec-5] [DEBUG] - ==> Parameters: admin(String), 0(Integer)
[2026-09-15 22:32:31.119] [gas-forecast] [] [] [c.g.f.d.m.SysUserTbMapper.selectList] [http-nio-8080-exec-5] [DEBUG] - <==      Total: 1
[2026-09-15 22:32:31.119] [gas-forecast] [] [] [c.g.f.d.m.S.selectRoleCodesByUsername] [http-nio-8080-exec-5] [DEBUG] - ==>  Preparing: select r.role_code from sys_user_tb u join sys_user_role_ref ur on ur.user_id = u.id join sys_role_tb r on r.id = ur.role_id where u.username = ? order by r.role_code
[2026-09-15 22:32:31.120] [gas-forecast] [] [] [c.g.f.d.m.S.selectRoleCodesByUsername] [http-nio-8080-exec-5] [DEBUG] - ==> Parameters: admin(String)
[2026-09-15 22:32:31.121] [gas-forecast] [] [] [c.g.f.d.m.S.selectRoleCodesByUsername] [http-nio-8080-exec-5] [DEBUG] - <==      Total: 1
[2026-09-15 22:32:31.121] [gas-forecast] [] [] [c.g.f.d.m.S.selectByUsername] [http-nio-8080-exec-5] [DEBUG] - ==>  Preparing: select distinct p.* from sys_permission_tb p where p.status = 1 and ( exists ( select 1 from sys_user_tb u join sys_user_role_ref ur on ur.user_id = u.id join sys_role_permission_ref rp on rp.role_id = ur.role_id where rp.permission_id = p.id and u.username = ? and u.deleted = 0 ) or exists ( select 1 from sys_user_tb u join sys_user_department_ref ud on ud.user_id = u.id join sys_department_permission_ref dp on dp.department_id = ud.department_id where dp.permission_id = p.id and u.username = ? and u.deleted = 0 ) ) order by p.sort_no, p.id
[2026-09-15 22:32:31.122] [gas-forecast] [] [] [c.g.f.d.m.S.selectByUsername] [http-nio-8080-exec-5] [DEBUG] - ==> Parameters: admin(String), admin(String)
[2026-09-15 22:32:31.125] [gas-forecast] [] [] [c.g.f.d.m.S.selectByUsername] [http-nio-8080-exec-5] [DEBUG] - <==      Total: 50
[2026-09-15 22:32:31.141] [gas-forecast] [] [] [c.g.f.d.m.S.selectByUsername] [http-nio-8080-exec-7] [DEBUG] - ==>  Preparing: select distinct p.* from sys_permission_tb p where p.status = 1 and ( exists ( select 1 from sys_user_tb u join sys_user_role_ref ur on ur.user_id = u.id join sys_role_permission_ref rp on rp.role_id = ur.role_id where rp.permission_id = p.id and u.username = ? and u.deleted = 0 ) or exists ( select 1 from sys_user_tb u join sys_user_department_ref ud on ud.user_id = u.id join sys_department_permission_ref dp on dp.department_id = ud.department_id where dp.permission_id = p.id and u.username = ? and u.deleted = 0 ) ) order by p.sort_no, p.id
[2026-09-15 22:32:31.141] [gas-forecast] [] [] [c.g.f.d.m.S.selectByUsername] [http-nio-8080-exec-7] [DEBUG] - ==> Parameters: admin(String), admin(String)
[2026-09-15 22:32:31.143] [gas-forecast] [] [] [c.g.f.d.m.S.selectByUsername] [http-nio-8080-exec-7] [DEBUG] - <==      Total: 50
[2026-09-15 22:32:31.148] [gas-forecast] [] [] [c.g.f.d.m.D.selectList_mpCount] [http-nio-8080-exec-7] [DEBUG] - ==>  Preparing: SELECT COUNT(*) AS total FROM data_daily_sales_tb
[2026-09-15 22:32:31.148] [gas-forecast] [] [] [c.g.f.d.m.D.selectList_mpCount] [http-nio-8080-exec-7] [DEBUG] - ==> Parameters: 
[2026-09-15 22:32:31.151] [gas-forecast] [] [] [c.g.f.d.m.D.selectList_mpCount] [http-nio-8080-exec-7] [DEBUG] - <==      Total: 1
[2026-09-15 22:32:31.151] [gas-forecast] [] [] [c.g.f.d.m.D.selectList] [http-nio-8080-exec-7] [DEBUG] - ==>  Preparing: SELECT id,stat_date,region_name,industry_name,customer_name,customer_code,gas_sales,file_id,created_at,region_code,industry_code FROM data_daily_sales_tb ORDER BY stat_date DESC,id DESC LIMIT ?
[2026-09-15 22:32:31.152] [gas-forecast] [] [] [c.g.f.d.m.D.selectList] [http-nio-8080-exec-7] [DEBUG] - ==> Parameters: 10(Long)
[2026-09-15 22:32:31.178] [gas-forecast] [] [] [c.g.f.d.m.D.selectList] [http-nio-8080-exec-7] [DEBUG] - <==      Total: 10
[2026-09-15 22:33:03.753] [gas-forecast] [] [] [c.g.f.d.m.S.selectByUsername] [http-nio-8080-exec-6] [DEBUG] - ==>  Preparing: select distinct p.* from sys_permission_tb p where p.status = 1 and ( exists ( select 1 from sys_user_tb u join sys_user_role_ref ur on ur.user_id = u.id join sys_role_permission_ref rp on rp.role_id = ur.role_id where rp.permission_id = p.id and u.username = ? and u.deleted = 0 ) or exists ( select 1 from sys_user_tb u join sys_user_department_ref ud on ud.user_id = u.id join sys_department_permission_ref dp on dp.department_id = ud.department_id where dp.permission_id = p.id and u.username = ? and u.deleted = 0 ) ) order by p.sort_no, p.id
[2026-09-15 22:33:03.753] [gas-forecast] [] [] [c.g.f.d.m.S.selectByUsername] [http-nio-8080-exec-6] [DEBUG] - ==> Parameters: admin(String), admin(String)
[2026-09-15 22:33:03.756] [gas-forecast] [] [] [c.g.f.d.m.S.selectByUsername] [http-nio-8080-exec-6] [DEBUG] - <==      Total: 50
[2026-09-15 22:33:03.759] [gas-forecast] [] [] [c.g.f.d.m.D.selectList_mpCount] [http-nio-8080-exec-6] [DEBUG] - ==>  Preparing: SELECT COUNT(*) AS total FROM data_daily_sales_tb
[2026-09-15 22:33:03.759] [gas-forecast] [] [] [c.g.f.d.m.D.selectList_mpCount] [http-nio-8080-exec-6] [DEBUG] - ==> Parameters: 
[2026-09-15 22:33:03.762] [gas-forecast] [] [] [c.g.f.d.m.D.selectList_mpCount] [http-nio-8080-exec-6] [DEBUG] - <==      Total: 1
[2026-09-15 22:33:03.762] [gas-forecast] [] [] [c.g.f.d.m.D.selectList] [http-nio-8080-exec-6] [DEBUG] - ==>  Preparing: SELECT id,stat_date,region_name,industry_name,customer_name,customer_code,gas_sales,file_id,created_at,region_code,industry_code FROM data_daily_sales_tb ORDER BY stat_date DESC,id DESC LIMIT ?
[2026-09-15 22:33:03.762] [gas-forecast] [] [] [c.g.f.d.m.D.selectList] [http-nio-8080-exec-6] [DEBUG] - ==> Parameters: 10(Long)
[2026-09-15 22:33:03.794] [gas-forecast] [] [] [c.g.f.d.m.D.selectList] [http-nio-8080-exec-6] [DEBUG] - <==      Total: 10
[2026-09-15 22:33:06.592] [gas-forecast] [] [] [c.g.f.d.m.S.selectByUsername] [http-nio-8080-exec-8] [DEBUG] - ==>  Preparing: select distinct p.* from sys_permission_tb p where p.status = 1 and ( exists ( select 1 from sys_user_tb u join sys_user_role_ref ur on ur.user_id = u.id join sys_role_permission_ref rp on rp.role_id = ur.role_id where rp.permission_id = p.id and u.username = ? and u.deleted = 0 ) or exists ( select 1 from sys_user_tb u join sys_user_department_ref ud on ud.user_id = u.id join sys_department_permission_ref dp on dp.department_id = ud.department_id where dp.permission_id = p.id and u.username = ? and u.deleted = 0 ) ) order by p.sort_no, p.id
[2026-09-15 22:33:06.592] [gas-forecast] [] [] [c.g.f.d.m.S.selectByUsername] [http-nio-8080-exec-8] [DEBUG] - ==> Parameters: admin(String), admin(String)
[2026-09-15 22:33:06.594] [gas-forecast] [] [] [c.g.f.d.m.S.selectByUsername] [http-nio-8080-exec-8] [DEBUG] - <==      Total: 50
[2026-09-15 22:33:06.597] [gas-forecast] [] [] [c.g.f.d.m.D.selectList_mpCount] [http-nio-8080-exec-8] [DEBUG] - ==>  Preparing: SELECT COUNT(*) AS total FROM data_daily_sales_tb
[2026-09-15 22:33:06.597] [gas-forecast] [] [] [c.g.f.d.m.D.selectList_mpCount] [http-nio-8080-exec-8] [DEBUG] - ==> Parameters: 
[2026-09-15 22:33:06.601] [gas-forecast] [] [] [c.g.f.d.m.D.selectList_mpCount] [http-nio-8080-exec-8] [DEBUG] - <==      Total: 1
[2026-09-15 22:33:06.602] [gas-forecast] [] [] [c.g.f.d.m.D.selectList] [http-nio-8080-exec-8] [DEBUG] - ==>  Preparing: SELECT id,stat_date,region_name,industry_name,customer_name,customer_code,gas_sales,file_id,created_at,region_code,industry_code FROM data_daily_sales_tb ORDER BY stat_date DESC,id DESC LIMIT ?
[2026-09-15 22:33:06.602] [gas-forecast] [] [] [c.g.f.d.m.D.selectList] [http-nio-8080-exec-8] [DEBUG] - ==> Parameters: 10(Long)
[2026-09-15 22:33:06.632] [gas-forecast] [] [] [c.g.f.d.m.D.selectList] [http-nio-8080-exec-8] [DEBUG] - <==      Total: 10
[2026-09-15 22:33:07.297] [gas-forecast] [] [] [c.g.f.d.m.S.selectByUsername] [http-nio-8080-exec-9] [DEBUG] - ==>  Preparing: select distinct p.* from sys_permission_tb p where p.status = 1 and ( exists ( select 1 from sys_user_tb u join sys_user_role_ref ur on ur.user_id = u.id join sys_role_permission_ref rp on rp.role_id = ur.role_id where rp.permission_id = p.id and u.username = ? and u.deleted = 0 ) or exists ( select 1 from sys_user_tb u join sys_user_department_ref ud on ud.user_id = u.id join sys_department_permission_ref dp on dp.department_id = ud.department_id where dp.permission_id = p.id and u.username = ? and u.deleted = 0 ) ) order by p.sort_no, p.id
[2026-09-15 22:33:07.297] [gas-forecast] [] [] [c.g.f.d.m.S.selectByUsername] [http-nio-8080-exec-9] [DEBUG] - ==> Parameters: admin(String), admin(String)
[2026-09-15 22:33:07.299] [gas-forecast] [] [] [c.g.f.d.m.S.selectByUsername] [http-nio-8080-exec-9] [DEBUG] - <==      Total: 50
[2026-09-15 22:33:07.302] [gas-forecast] [] [] [c.g.f.d.m.D.selectList_mpCount] [http-nio-8080-exec-9] [DEBUG] - ==>  Preparing: SELECT COUNT(*) AS total FROM data_daily_sales_tb
[2026-09-15 22:33:07.302] [gas-forecast] [] [] [c.g.f.d.m.D.selectList_mpCount] [http-nio-8080-exec-9] [DEBUG] - ==> Parameters: 
[2026-09-15 22:33:07.305] [gas-forecast] [] [] [c.g.f.d.m.D.selectList_mpCount] [http-nio-8080-exec-9] [DEBUG] - <==      Total: 1
[2026-09-15 22:33:07.305] [gas-forecast] [] [] [c.g.f.d.m.D.selectList] [http-nio-8080-exec-9] [DEBUG] - ==>  Preparing: SELECT id,stat_date,region_name,industry_name,customer_name,customer_code,gas_sales,file_id,created_at,region_code,industry_code FROM data_daily_sales_tb ORDER BY stat_date DESC,id DESC LIMIT ?
[2026-09-15 22:33:07.305] [gas-forecast] [] [] [c.g.f.d.m.D.selectList] [http-nio-8080-exec-9] [DEBUG] - ==> Parameters: 10(Long)
[2026-09-15 22:33:07.337] [gas-forecast] [] [] [c.g.f.d.m.D.selectList] [http-nio-8080-exec-9] [DEBUG] - <==      Total: 10
[2026-09-15 22:33:08.197] [gas-forecast] [] [] [c.g.f.d.m.S.selectByUsername] [http-nio-8080-exec-10] [DEBUG] - ==>  Preparing: select distinct p.* from sys_permission_tb p where p.status = 1 and ( exists ( select 1 from sys_user_tb u join sys_user_role_ref ur on ur.user_id = u.id join sys_role_permission_ref rp on rp.role_id = ur.role_id where rp.permission_id = p.id and u.username = ? and u.deleted = 0 ) or exists ( select 1 from sys_user_tb u join sys_user_department_ref ud on ud.user_id = u.id join sys_department_permission_ref dp on dp.department_id = ud.department_id where dp.permission_id = p.id and u.username = ? and u.deleted = 0 ) ) order by p.sort_no, p.id
[2026-09-15 22:33:08.197] [gas-forecast] [] [] [c.g.f.d.m.S.selectByUsername] [http-nio-8080-exec-10] [DEBUG] - ==> Parameters: admin(String), admin(String)
[2026-09-15 22:33:08.199] [gas-forecast] [] [] [c.g.f.d.m.S.selectByUsername] [http-nio-8080-exec-10] [DEBUG] - <==      Total: 50
[2026-09-15 22:33:08.202] [gas-forecast] [] [] [c.g.f.d.m.D.selectList_mpCount] [http-nio-8080-exec-10] [DEBUG] - ==>  Preparing: SELECT COUNT(*) AS total FROM data_daily_sales_tb
[2026-09-15 22:33:08.202] [gas-forecast] [] [] [c.g.f.d.m.D.selectList_mpCount] [http-nio-8080-exec-10] [DEBUG] - ==> Parameters: 
[2026-09-15 22:33:08.206] [gas-forecast] [] [] [c.g.f.d.m.D.selectList_mpCount] [http-nio-8080-exec-10] [DEBUG] - <==      Total: 1
[2026-09-15 22:33:08.206] [gas-forecast] [] [] [c.g.f.d.m.D.selectList] [http-nio-8080-exec-10] [DEBUG] - ==>  Preparing: SELECT id,stat_date,region_name,industry_name,customer_name,customer_code,gas_sales,file_id,created_at,region_code,industry_code FROM data_daily_sales_tb ORDER BY stat_date DESC,id DESC LIMIT ?
[2026-09-15 22:33:08.206] [gas-forecast] [] [] [c.g.f.d.m.D.selectList] [http-nio-8080-exec-10] [DEBUG] - ==> Parameters: 10(Long)
[2026-09-15 22:33:08.238] [gas-forecast] [] [] [c.g.f.d.m.D.selectList] [http-nio-8080-exec-10] [DEBUG] - <==      Total: 10
[2026-09-15 22:33:08.816] [gas-forecast] [] [] [c.g.f.d.m.S.selectByUsername] [http-nio-8080-exec-1] [DEBUG] - ==>  Preparing: select distinct p.* from sys_permission_tb p where p.status = 1 and ( exists ( select 1 from sys_user_tb u join sys_user_role_ref ur on ur.user_id = u.id join sys_role_permission_ref rp on rp.role_id = ur.role_id where rp.permission_id = p.id and u.username = ? and u.deleted = 0 ) or exists ( select 1 from sys_user_tb u join sys_user_department_ref ud on ud.user_id = u.id join sys_department_permission_ref dp on dp.department_id = ud.department_id where dp.permission_id = p.id and u.username = ? and u.deleted = 0 ) ) order by p.sort_no, p.id
[2026-09-15 22:33:08.817] [gas-forecast] [] [] [c.g.f.d.m.S.selectByUsername] [http-nio-8080-exec-1] [DEBUG] - ==> Parameters: admin(String), admin(String)
[2026-09-15 22:33:08.818] [gas-forecast] [] [] [c.g.f.d.m.S.selectByUsername] [http-nio-8080-exec-1] [DEBUG] - <==      Total: 50
[2026-09-15 22:33:08.821] [gas-forecast] [] [] [c.g.f.d.m.D.selectList_mpCount] [http-nio-8080-exec-1] [DEBUG] - ==>  Preparing: SELECT COUNT(*) AS total FROM data_daily_sales_tb
[2026-09-15 22:33:08.821] [gas-forecast] [] [] [c.g.f.d.m.D.selectList_mpCount] [http-nio-8080-exec-1] [DEBUG] - ==> Parameters: 
[2026-09-15 22:33:08.824] [gas-forecast] [] [] [c.g.f.d.m.D.selectList_mpCount] [http-nio-8080-exec-1] [DEBUG] - <==      Total: 1
[2026-09-15 22:33:08.824] [gas-forecast] [] [] [c.g.f.d.m.D.selectList] [http-nio-8080-exec-1] [DEBUG] - ==>  Preparing: SELECT id,stat_date,region_name,industry_name,customer_name,customer_code,gas_sales,file_id,created_at,region_code,industry_code FROM data_daily_sales_tb ORDER BY stat_date DESC,id DESC LIMIT ?
[2026-09-15 22:33:08.825] [gas-forecast] [] [] [c.g.f.d.m.D.selectList] [http-nio-8080-exec-1] [DEBUG] - ==> Parameters: 10(Long)
[2026-09-15 22:33:08.855] [gas-forecast] [] [] [c.g.f.d.m.D.selectList] [http-nio-8080-exec-1] [DEBUG] - <==      Total: 10
[2026-09-15 22:33:09.510] [gas-forecast] [] [] [c.g.f.d.m.S.selectByUsername] [http-nio-8080-exec-2] [DEBUG] - ==>  Preparing: select distinct p.* from sys_permission_tb p where p.status = 1 and ( exists ( select 1 from sys_user_tb u join sys_user_role_ref ur on ur.user_id = u.id join sys_role_permission_ref rp on rp.role_id = ur.role_id where rp.permission_id = p.id and u.username = ? and u.deleted = 0 ) or exists ( select 1 from sys_user_tb u join sys_user_department_ref ud on ud.user_id = u.id join sys_department_permission_ref dp on dp.department_id = ud.department_id where dp.permission_id = p.id and u.username = ? and u.deleted = 0 ) ) order by p.sort_no, p.id
[2026-09-15 22:33:09.511] [gas-forecast] [] [] [c.g.f.d.m.S.selectByUsername] [http-nio-8080-exec-2] [DEBUG] - ==> Parameters: admin(String), admin(String)
[2026-09-15 22:33:09.513] [gas-forecast] [] [] [c.g.f.d.m.S.selectByUsername] [http-nio-8080-exec-2] [DEBUG] - <==      Total: 50
[2026-09-15 22:33:09.515] [gas-forecast] [] [] [c.g.f.d.m.D.selectList_mpCount] [http-nio-8080-exec-2] [DEBUG] - ==>  Preparing: SELECT COUNT(*) AS total FROM data_daily_sales_tb
[2026-09-15 22:33:09.515] [gas-forecast] [] [] [c.g.f.d.m.D.selectList_mpCount] [http-nio-8080-exec-2] [DEBUG] - ==> Parameters: 
[2026-09-15 22:33:09.518] [gas-forecast] [] [] [c.g.f.d.m.D.selectList_mpCount] [http-nio-8080-exec-2] [DEBUG] - <==      Total: 1
[2026-09-15 22:33:09.519] [gas-forecast] [] [] [c.g.f.d.m.D.selectList] [http-nio-8080-exec-2] [DEBUG] - ==>  Preparing: SELECT id,stat_date,region_name,industry_name,customer_name,customer_code,gas_sales,file_id,created_at,region_code,industry_code FROM data_daily_sales_tb ORDER BY stat_date DESC,id DESC LIMIT ?
[2026-09-15 22:33:09.519] [gas-forecast] [] [] [c.g.f.d.m.D.selectList] [http-nio-8080-exec-2] [DEBUG] - ==> Parameters: 10(Long)
[2026-09-15 22:33:09.547] [gas-forecast] [] [] [c.g.f.d.m.D.selectList] [http-nio-8080-exec-2] [DEBUG] - <==      Total: 10
[2026-09-15 22:33:12.891] [gas-forecast] [] [] [c.g.f.d.m.S.selectByUsername] [http-nio-8080-exec-3] [DEBUG] - ==>  Preparing: select distinct p.* from sys_permission_tb p where p.status = 1 and ( exists ( select 1 from sys_user_tb u join sys_user_role_ref ur on ur.user_id = u.id join sys_role_permission_ref rp on rp.role_id = ur.role_id where rp.permission_id = p.id and u.username = ? and u.deleted = 0 ) or exists ( select 1 from sys_user_tb u join sys_user_department_ref ud on ud.user_id = u.id join sys_department_permission_ref dp on dp.department_id = ud.department_id where dp.permission_id = p.id and u.username = ? and u.deleted = 0 ) ) order by p.sort_no, p.id
[2026-09-15 22:33:12.892] [gas-forecast] [] [] [c.g.f.d.m.S.selectByUsername] [http-nio-8080-exec-3] [DEBUG] - ==> Parameters: admin(String), admin(String)
[2026-09-15 22:33:12.894] [gas-forecast] [] [] [c.g.f.d.m.S.selectByUsername] [http-nio-8080-exec-3] [DEBUG] - <==      Total: 50
[2026-09-15 22:33:12.897] [gas-forecast] [] [] [c.g.f.d.m.D.selectList_mpCount] [http-nio-8080-exec-3] [DEBUG] - ==>  Preparing: SELECT COUNT(*) AS total FROM data_daily_sales_tb
[2026-09-15 22:33:12.897] [gas-forecast] [] [] [c.g.f.d.m.D.selectList_mpCount] [http-nio-8080-exec-3] [DEBUG] - ==> Parameters: 
[2026-09-15 22:33:12.900] [gas-forecast] [] [] [c.g.f.d.m.D.selectList_mpCount] [http-nio-8080-exec-3] [DEBUG] - <==      Total: 1
[2026-09-15 22:33:12.900] [gas-forecast] [] [] [c.g.f.d.m.D.selectList] [http-nio-8080-exec-3] [DEBUG] - ==>  Preparing: SELECT id,stat_date,region_name,industry_name,customer_name,customer_code,gas_sales,file_id,created_at,region_code,industry_code FROM data_daily_sales_tb ORDER BY stat_date DESC,id DESC LIMIT ?
[2026-09-15 22:33:12.900] [gas-forecast] [] [] [c.g.f.d.m.D.selectList] [http-nio-8080-exec-3] [DEBUG] - ==> Parameters: 10(Long)
[2026-09-15 22:33:12.933] [gas-forecast] [] [] [c.g.f.d.m.D.selectList] [http-nio-8080-exec-3] [DEBUG] - <==      Total: 10
[2026-09-15 22:33:13.769] [gas-forecast] [] [] [c.g.f.d.m.S.selectByUsername] [http-nio-8080-exec-4] [DEBUG] - ==>  Preparing: select distinct p.* from sys_permission_tb p where p.status = 1 and ( exists ( select 1 from sys_user_tb u join sys_user_role_ref ur on ur.user_id = u.id join sys_role_permission_ref rp on rp.role_id = ur.role_id where rp.permission_id = p.id and u.username = ? and u.deleted = 0 ) or exists ( select 1 from sys_user_tb u join sys_user_department_ref ud on ud.user_id = u.id join sys_department_permission_ref dp on dp.department_id = ud.department_id where dp.permission_id = p.id and u.username = ? and u.deleted = 0 ) ) order by p.sort_no, p.id
[2026-09-15 22:33:13.770] [gas-forecast] [] [] [c.g.f.d.m.S.selectByUsername] [http-nio-8080-exec-4] [DEBUG] - ==> Parameters: admin(String), admin(String)
[2026-09-15 22:33:13.772] [gas-forecast] [] [] [c.g.f.d.m.S.selectByUsername] [http-nio-8080-exec-4] [DEBUG] - <==      Total: 50
[2026-09-15 22:33:13.774] [gas-forecast] [] [] [c.g.f.d.m.D.selectList_mpCount] [http-nio-8080-exec-4] [DEBUG] - ==>  Preparing: SELECT COUNT(*) AS total FROM data_daily_sales_tb
[2026-09-15 22:33:13.774] [gas-forecast] [] [] [c.g.f.d.m.D.selectList_mpCount] [http-nio-8080-exec-4] [DEBUG] - ==> Parameters: 
[2026-09-15 22:33:13.778] [gas-forecast] [] [] [c.g.f.d.m.D.selectList_mpCount] [http-nio-8080-exec-4] [DEBUG] - <==      Total: 1
[2026-09-15 22:33:13.778] [gas-forecast] [] [] [c.g.f.d.m.D.selectList] [http-nio-8080-exec-4] [DEBUG] - ==>  Preparing: SELECT id,stat_date,region_name,industry_name,customer_name,customer_code,gas_sales,file_id,created_at,region_code,industry_code FROM data_daily_sales_tb ORDER BY stat_date DESC,id DESC LIMIT ?
[2026-09-15 22:33:13.778] [gas-forecast] [] [] [c.g.f.d.m.D.selectList] [http-nio-8080-exec-4] [DEBUG] - ==> Parameters: 10(Long)
[2026-09-15 22:33:13.809] [gas-forecast] [] [] [c.g.f.d.m.D.selectList] [http-nio-8080-exec-4] [DEBUG] - <==      Total: 10
[2026-09-15 22:33:14.641] [gas-forecast] [] [] [c.g.f.d.m.S.selectByUsername] [http-nio-8080-exec-5] [DEBUG] - ==>  Preparing: select distinct p.* from sys_permission_tb p where p.status = 1 and ( exists ( select 1 from sys_user_tb u join sys_user_role_ref ur on ur.user_id = u.id join sys_role_permission_ref rp on rp.role_id = ur.role_id where rp.permission_id = p.id and u.username = ? and u.deleted = 0 ) or exists ( select 1 from sys_user_tb u join sys_user_department_ref ud on ud.user_id = u.id join sys_department_permission_ref dp on dp.department_id = ud.department_id where dp.permission_id = p.id and u.username = ? and u.deleted = 0 ) ) order by p.sort_no, p.id
[2026-09-15 22:33:14.641] [gas-forecast] [] [] [c.g.f.d.m.S.selectByUsername] [http-nio-8080-exec-5] [DEBUG] - ==> Parameters: admin(String), admin(String)
[2026-09-15 22:33:14.643] [gas-forecast] [] [] [c.g.f.d.m.S.selectByUsername] [http-nio-8080-exec-5] [DEBUG] - <==      Total: 50
[2026-09-15 22:33:14.645] [gas-forecast] [] [] [c.g.f.d.m.D.selectList_mpCount] [http-nio-8080-exec-5] [DEBUG] - ==>  Preparing: SELECT COUNT(*) AS total FROM data_daily_sales_tb
[2026-09-15 22:33:14.645] [gas-forecast] [] [] [c.g.f.d.m.D.selectList_mpCount] [http-nio-8080-exec-5] [DEBUG] - ==> Parameters: 
[2026-09-15 22:33:14.649] [gas-forecast] [] [] [c.g.f.d.m.D.selectList_mpCount] [http-nio-8080-exec-5] [DEBUG] - <==      Total: 1
[2026-09-15 22:33:14.649] [gas-forecast] [] [] [c.g.f.d.m.D.selectList] [http-nio-8080-exec-5] [DEBUG] - ==>  Preparing: SELECT id,stat_date,region_name,industry_name,customer_name,customer_code,gas_sales,file_id,created_at,region_code,industry_code FROM data_daily_sales_tb ORDER BY stat_date DESC,id DESC LIMIT ?
[2026-09-15 22:33:14.649] [gas-forecast] [] [] [c.g.f.d.m.D.selectList] [http-nio-8080-exec-5] [DEBUG] - ==> Parameters: 10(Long)
[2026-09-15 22:33:14.681] [gas-forecast] [] [] [c.g.f.d.m.D.selectList] [http-nio-8080-exec-5] [DEBUG] - <==      Total: 10
[2026-09-15 22:33:15.091] [gas-forecast] [] [] [c.g.f.d.m.S.selectByUsername] [http-nio-8080-exec-7] [DEBUG] - ==>  Preparing: select distinct p.* from sys_permission_tb p where p.status = 1 and ( exists ( select 1 from sys_user_tb u join sys_user_role_ref ur on ur.user_id = u.id join sys_role_permission_ref rp on rp.role_id = ur.role_id where rp.permission_id = p.id and u.username = ? and u.deleted = 0 ) or exists ( select 1 from sys_user_tb u join sys_user_department_ref ud on ud.user_id = u.id join sys_department_permission_ref dp on dp.department_id = ud.department_id where dp.permission_id = p.id and u.username = ? and u.deleted = 0 ) ) order by p.sort_no, p.id
[2026-09-15 22:33:15.092] [gas-forecast] [] [] [c.g.f.d.m.S.selectByUsername] [http-nio-8080-exec-7] [DEBUG] - ==> Parameters: admin(String), admin(String)
[2026-09-15 22:33:15.094] [gas-forecast] [] [] [c.g.f.d.m.S.selectByUsername] [http-nio-8080-exec-7] [DEBUG] - <==      Total: 50
[2026-09-15 22:33:15.100] [gas-forecast] [] [] [c.g.f.d.m.B.selectList_mpCount] [http-nio-8080-exec-7] [DEBUG] - ==>  Preparing: SELECT COUNT(*) AS total FROM base_industry_tb
[2026-09-15 22:33:15.100] [gas-forecast] [] [] [c.g.f.d.m.B.selectList_mpCount] [http-nio-8080-exec-7] [DEBUG] - ==> Parameters: 
[2026-09-15 22:33:15.101] [gas-forecast] [] [] [c.g.f.d.m.B.selectList_mpCount] [http-nio-8080-exec-7] [DEBUG] - <==      Total: 1
[2026-09-15 22:33:15.102] [gas-forecast] [] [] [c.g.f.d.m.B.selectList] [http-nio-8080-exec-7] [DEBUG] - ==>  Preparing: SELECT id,industry_code,industry_name,created_at,updated_at,created_by,created_by_name,updated_by,updated_by_name FROM base_industry_tb ORDER BY updated_at DESC,id DESC LIMIT ?
[2026-09-15 22:33:15.102] [gas-forecast] [] [] [c.g.f.d.m.B.selectList] [http-nio-8080-exec-7] [DEBUG] - ==> Parameters: 10(Long)
[2026-09-15 22:33:15.102] [gas-forecast] [] [] [c.g.f.d.m.B.selectList] [http-nio-8080-exec-7] [DEBUG] - <==      Total: 3
[2026-09-15 22:33:15.943] [gas-forecast] [] [] [c.g.f.d.m.S.selectByUsername] [http-nio-8080-exec-6] [DEBUG] - ==>  Preparing: select distinct p.* from sys_permission_tb p where p.status = 1 and ( exists ( select 1 from sys_user_tb u join sys_user_role_ref ur on ur.user_id = u.id join sys_role_permission_ref rp on rp.role_id = ur.role_id where rp.permission_id = p.id and u.username = ? and u.deleted = 0 ) or exists ( select 1 from sys_user_tb u join sys_user_department_ref ud on ud.user_id = u.id join sys_department_permission_ref dp on dp.department_id = ud.department_id where dp.permission_id = p.id and u.username = ? and u.deleted = 0 ) ) order by p.sort_no, p.id
[2026-09-15 22:33:15.943] [gas-forecast] [] [] [c.g.f.d.m.S.selectByUsername] [http-nio-8080-exec-6] [DEBUG] - ==> Parameters: admin(String), admin(String)
[2026-09-15 22:33:15.945] [gas-forecast] [] [] [c.g.f.d.m.S.selectByUsername] [http-nio-8080-exec-6] [DEBUG] - <==      Total: 50
[2026-09-15 22:33:15.949] [gas-forecast] [] [] [c.g.f.d.m.D.selectList_mpCount] [http-nio-8080-exec-6] [DEBUG] - ==>  Preparing: SELECT COUNT(*) AS total FROM data_daily_sales_tb
[2026-09-15 22:33:15.949] [gas-forecast] [] [] [c.g.f.d.m.D.selectList_mpCount] [http-nio-8080-exec-6] [DEBUG] - ==> Parameters: 
[2026-09-15 22:33:15.955] [gas-forecast] [] [] [c.g.f.d.m.D.selectList_mpCount] [http-nio-8080-exec-6] [DEBUG] - <==      Total: 1
[2026-09-15 22:33:15.956] [gas-forecast] [] [] [c.g.f.d.m.D.selectList] [http-nio-8080-exec-6] [DEBUG] - ==>  Preparing: SELECT id,stat_date,region_name,industry_name,customer_name,customer_code,gas_sales,file_id,created_at,region_code,industry_code FROM data_daily_sales_tb ORDER BY stat_date DESC,id DESC LIMIT ?
[2026-09-15 22:33:15.956] [gas-forecast] [] [] [c.g.f.d.m.D.selectList] [http-nio-8080-exec-6] [DEBUG] - ==> Parameters: 10(Long)
[2026-09-15 22:33:15.986] [gas-forecast] [] [] [c.g.f.d.m.D.selectList] [http-nio-8080-exec-6] [DEBUG] - <==      Total: 10
[2026-09-15 22:33:16.717] [gas-forecast] [] [] [c.g.f.d.m.S.selectByUsername] [http-nio-8080-exec-8] [DEBUG] - ==>  Preparing: select distinct p.* from sys_permission_tb p where p.status = 1 and ( exists ( select 1 from sys_user_tb u join sys_user_role_ref ur on ur.user_id = u.id join sys_role_permission_ref rp on rp.role_id = ur.role_id where rp.permission_id = p.id and u.username = ? and u.deleted = 0 ) or exists ( select 1 from sys_user_tb u join sys_user_department_ref ud on ud.user_id = u.id join sys_department_permission_ref dp on dp.department_id = ud.department_id where dp.permission_id = p.id and u.username = ? and u.deleted = 0 ) ) order by p.sort_no, p.id
[2026-09-15 22:33:16.718] [gas-forecast] [] [] [c.g.f.d.m.S.selectByUsername] [http-nio-8080-exec-8] [DEBUG] - ==> Parameters: admin(String), admin(String)
[2026-09-15 22:33:16.720] [gas-forecast] [] [] [c.g.f.d.m.S.selectByUsername] [http-nio-8080-exec-8] [DEBUG] - <==      Total: 50
[2026-09-15 22:33:16.722] [gas-forecast] [] [] [c.g.f.d.m.D.selectList_mpCount] [http-nio-8080-exec-8] [DEBUG] - ==>  Preparing: SELECT COUNT(*) AS total FROM data_daily_sales_tb
[2026-09-15 22:33:16.722] [gas-forecast] [] [] [c.g.f.d.m.D.selectList_mpCount] [http-nio-8080-exec-8] [DEBUG] - ==> Parameters: 
[2026-09-15 22:33:16.726] [gas-forecast] [] [] [c.g.f.d.m.D.selectList_mpCount] [http-nio-8080-exec-8] [DEBUG] - <==      Total: 1
[2026-09-15 22:33:16.726] [gas-forecast] [] [] [c.g.f.d.m.D.selectList] [http-nio-8080-exec-8] [DEBUG] - ==>  Preparing: SELECT id,stat_date,region_name,industry_name,customer_name,customer_code,gas_sales,file_id,created_at,region_code,industry_code FROM data_daily_sales_tb ORDER BY stat_date DESC,id DESC LIMIT ?
[2026-09-15 22:33:16.726] [gas-forecast] [] [] [c.g.f.d.m.D.selectList] [http-nio-8080-exec-8] [DEBUG] - ==> Parameters: 10(Long)
[2026-09-15 22:33:16.755] [gas-forecast] [] [] [c.g.f.d.m.D.selectList] [http-nio-8080-exec-8] [DEBUG] - <==      Total: 10
[2026-09-15 22:33:17.746] [gas-forecast] [] [] [c.g.f.d.m.S.selectByUsername] [http-nio-8080-exec-9] [DEBUG] - ==>  Preparing: select distinct p.* from sys_permission_tb p where p.status = 1 and ( exists ( select 1 from sys_user_tb u join sys_user_role_ref ur on ur.user_id = u.id join sys_role_permission_ref rp on rp.role_id = ur.role_id where rp.permission_id = p.id and u.username = ? and u.deleted = 0 ) or exists ( select 1 from sys_user_tb u join sys_user_department_ref ud on ud.user_id = u.id join sys_department_permission_ref dp on dp.department_id = ud.department_id where dp.permission_id = p.id and u.username = ? and u.deleted = 0 ) ) order by p.sort_no, p.id
[2026-09-15 22:33:17.746] [gas-forecast] [] [] [c.g.f.d.m.S.selectByUsername] [http-nio-8080-exec-9] [DEBUG] - ==> Parameters: admin(String), admin(String)
[2026-09-15 22:33:17.748] [gas-forecast] [] [] [c.g.f.d.m.S.selectByUsername] [http-nio-8080-exec-9] [DEBUG] - <==      Total: 50
[2026-09-15 22:33:17.750] [gas-forecast] [] [] [c.g.f.d.m.D.selectList_mpCount] [http-nio-8080-exec-9] [DEBUG] - ==>  Preparing: SELECT COUNT(*) AS total FROM data_daily_sales_tb
[2026-09-15 22:33:17.750] [gas-forecast] [] [] [c.g.f.d.m.D.selectList_mpCount] [http-nio-8080-exec-9] [DEBUG] - ==> Parameters: 
[2026-09-15 22:33:17.754] [gas-forecast] [] [] [c.g.f.d.m.D.selectList_mpCount] [http-nio-8080-exec-9] [DEBUG] - <==      Total: 1
[2026-09-15 22:33:17.754] [gas-forecast] [] [] [c.g.f.d.m.D.selectList] [http-nio-8080-exec-9] [DEBUG] - ==>  Preparing: SELECT id,stat_date,region_name,industry_name,customer_name,customer_code,gas_sales,file_id,created_at,region_code,industry_code FROM data_daily_sales_tb ORDER BY stat_date DESC,id DESC LIMIT ?
[2026-09-15 22:33:17.754] [gas-forecast] [] [] [c.g.f.d.m.D.selectList] [http-nio-8080-exec-9] [DEBUG] - ==> Parameters: 10(Long)
[2026-09-15 22:33:17.785] [gas-forecast] [] [] [c.g.f.d.m.D.selectList] [http-nio-8080-exec-9] [DEBUG] - <==      Total: 10
[2026-09-15 22:33:18.449] [gas-forecast] [] [] [c.g.f.d.m.S.selectByUsername] [http-nio-8080-exec-10] [DEBUG] - ==>  Preparing: select distinct p.* from sys_permission_tb p where p.status = 1 and ( exists ( select 1 from sys_user_tb u join sys_user_role_ref ur on ur.user_id = u.id join sys_role_permission_ref rp on rp.role_id = ur.role_id where rp.permission_id = p.id and u.username = ? and u.deleted = 0 ) or exists ( select 1 from sys_user_tb u join sys_user_department_ref ud on ud.user_id = u.id join sys_department_permission_ref dp on dp.department_id = ud.department_id where dp.permission_id = p.id and u.username = ? and u.deleted = 0 ) ) order by p.sort_no, p.id
[2026-09-15 22:33:18.450] [gas-forecast] [] [] [c.g.f.d.m.S.selectByUsername] [http-nio-8080-exec-10] [DEBUG] - ==> Parameters: admin(String), admin(String)
[2026-09-15 22:33:18.452] [gas-forecast] [] [] [c.g.f.d.m.S.selectByUsername] [http-nio-8080-exec-10] [DEBUG] - <==      Total: 50
[2026-09-15 22:33:18.454] [gas-forecast] [] [] [c.g.f.d.m.D.selectList_mpCount] [http-nio-8080-exec-10] [DEBUG] - ==>  Preparing: SELECT COUNT(*) AS total FROM data_daily_sales_tb
[2026-09-15 22:33:18.454] [gas-forecast] [] [] [c.g.f.d.m.D.selectList_mpCount] [http-nio-8080-exec-10] [DEBUG] - ==> Parameters: 
[2026-09-15 22:33:18.458] [gas-forecast] [] [] [c.g.f.d.m.D.selectList_mpCount] [http-nio-8080-exec-10] [DEBUG] - <==      Total: 1
[2026-09-15 22:33:18.458] [gas-forecast] [] [] [c.g.f.d.m.D.selectList] [http-nio-8080-exec-10] [DEBUG] - ==>  Preparing: SELECT id,stat_date,region_name,industry_name,customer_name,customer_code,gas_sales,file_id,created_at,region_code,industry_code FROM data_daily_sales_tb ORDER BY stat_date DESC,id DESC LIMIT ?
[2026-09-15 22:33:18.458] [gas-forecast] [] [] [c.g.f.d.m.D.selectList] [http-nio-8080-exec-10] [DEBUG] - ==> Parameters: 10(Long)
[2026-09-15 22:33:18.488] [gas-forecast] [] [] [c.g.f.d.m.D.selectList] [http-nio-8080-exec-10] [DEBUG] - <==      Total: 10
[2026-09-15 22:33:19.633] [gas-forecast] [] [] [c.g.f.d.m.S.selectByUsername] [http-nio-8080-exec-1] [DEBUG] - ==>  Preparing: select distinct p.* from sys_permission_tb p where p.status = 1 and ( exists ( select 1 from sys_user_tb u join sys_user_role_ref ur on ur.user_id = u.id join sys_role_permission_ref rp on rp.role_id = ur.role_id where rp.permission_id = p.id and u.username = ? and u.deleted = 0 ) or exists ( select 1 from sys_user_tb u join sys_user_department_ref ud on ud.user_id = u.id join sys_department_permission_ref dp on dp.department_id = ud.department_id where dp.permission_id = p.id and u.username = ? and u.deleted = 0 ) ) order by p.sort_no, p.id
[2026-09-15 22:33:19.633] [gas-forecast] [] [] [c.g.f.d.m.S.selectByUsername] [http-nio-8080-exec-1] [DEBUG] - ==> Parameters: admin(String), admin(String)
[2026-09-15 22:33:19.636] [gas-forecast] [] [] [c.g.f.d.m.S.selectByUsername] [http-nio-8080-exec-1] [DEBUG] - <==      Total: 50
[2026-09-15 22:33:19.638] [gas-forecast] [] [] [c.g.f.d.m.D.selectList_mpCount] [http-nio-8080-exec-1] [DEBUG] - ==>  Preparing: SELECT COUNT(*) AS total FROM data_daily_sales_tb
[2026-09-15 22:33:19.638] [gas-forecast] [] [] [c.g.f.d.m.D.selectList_mpCount] [http-nio-8080-exec-1] [DEBUG] - ==> Parameters: 
[2026-09-15 22:33:19.641] [gas-forecast] [] [] [c.g.f.d.m.D.selectList_mpCount] [http-nio-8080-exec-1] [DEBUG] - <==      Total: 1
[2026-09-15 22:33:19.642] [gas-forecast] [] [] [c.g.f.d.m.D.selectList] [http-nio-8080-exec-1] [DEBUG] - ==>  Preparing: SELECT id,stat_date,region_name,industry_name,customer_name,customer_code,gas_sales,file_id,created_at,region_code,industry_code FROM data_daily_sales_tb ORDER BY stat_date DESC,id DESC LIMIT ?
[2026-09-15 22:33:19.642] [gas-forecast] [] [] [c.g.f.d.m.D.selectList] [http-nio-8080-exec-1] [DEBUG] - ==> Parameters: 10(Long)
[2026-09-15 22:33:19.670] [gas-forecast] [] [] [c.g.f.d.m.D.selectList] [http-nio-8080-exec-1] [DEBUG] - <==      Total: 10
[2026-09-15 22:33:20.279] [gas-forecast] [] [] [c.g.f.d.m.S.selectByUsername] [http-nio-8080-exec-2] [DEBUG] - ==>  Preparing: select distinct p.* from sys_permission_tb p where p.status = 1 and ( exists ( select 1 from sys_user_tb u join sys_user_role_ref ur on ur.user_id = u.id join sys_role_permission_ref rp on rp.role_id = ur.role_id where rp.permission_id = p.id and u.username = ? and u.deleted = 0 ) or exists ( select 1 from sys_user_tb u join sys_user_department_ref ud on ud.user_id = u.id join sys_department_permission_ref dp on dp.department_id = ud.department_id where dp.permission_id = p.id and u.username = ? and u.deleted = 0 ) ) order by p.sort_no, p.id
[2026-09-15 22:33:20.279] [gas-forecast] [] [] [c.g.f.d.m.S.selectByUsername] [http-nio-8080-exec-2] [DEBUG] - ==> Parameters: admin(String), admin(String)
[2026-09-15 22:33:20.281] [gas-forecast] [] [] [c.g.f.d.m.S.selectByUsername] [http-nio-8080-exec-2] [DEBUG] - <==      Total: 50
[2026-09-15 22:33:20.283] [gas-forecast] [] [] [c.g.f.d.m.D.selectList_mpCount] [http-nio-8080-exec-2] [DEBUG] - ==>  Preparing: SELECT COUNT(*) AS total FROM data_daily_sales_tb
[2026-09-15 22:33:20.284] [gas-forecast] [] [] [c.g.f.d.m.D.selectList_mpCount] [http-nio-8080-exec-2] [DEBUG] - ==> Parameters: 
[2026-09-15 22:33:20.287] [gas-forecast] [] [] [c.g.f.d.m.D.selectList_mpCount] [http-nio-8080-exec-2] [DEBUG] - <==      Total: 1
[2026-09-15 22:33:20.287] [gas-forecast] [] [] [c.g.f.d.m.D.selectList] [http-nio-8080-exec-2] [DEBUG] - ==>  Preparing: SELECT id,stat_date,region_name,industry_name,customer_name,customer_code,gas_sales,file_id,created_at,region_code,industry_code FROM data_daily_sales_tb ORDER BY stat_date DESC,id DESC LIMIT ?
[2026-09-15 22:33:20.287] [gas-forecast] [] [] [c.g.f.d.m.D.selectList] [http-nio-8080-exec-2] [DEBUG] - ==> Parameters: 10(Long)
[2026-09-15 22:33:20.316] [gas-forecast] [] [] [c.g.f.d.m.D.selectList] [http-nio-8080-exec-2] [DEBUG] - <==      Total: 10
[2026-09-15 22:33:20.714] [gas-forecast] [] [] [c.g.f.d.m.S.selectByUsername] [http-nio-8080-exec-3] [DEBUG] - ==>  Preparing: select distinct p.* from sys_permission_tb p where p.status = 1 and ( exists ( select 1 from sys_user_tb u join sys_user_role_ref ur on ur.user_id = u.id join sys_role_permission_ref rp on rp.role_id = ur.role_id where rp.permission_id = p.id and u.username = ? and u.deleted = 0 ) or exists ( select 1 from sys_user_tb u join sys_user_department_ref ud on ud.user_id = u.id join sys_department_permission_ref dp on dp.department_id = ud.department_id where dp.permission_id = p.id and u.username = ? and u.deleted = 0 ) ) order by p.sort_no, p.id
[2026-09-15 22:33:20.715] [gas-forecast] [] [] [c.g.f.d.m.S.selectByUsername] [http-nio-8080-exec-3] [DEBUG] - ==> Parameters: admin(String), admin(String)
[2026-09-15 22:33:20.717] [gas-forecast] [] [] [c.g.f.d.m.S.selectByUsername] [http-nio-8080-exec-3] [DEBUG] - <==      Total: 50
[2026-09-15 22:33:20.719] [gas-forecast] [] [] [c.g.f.d.m.D.selectList_mpCount] [http-nio-8080-exec-3] [DEBUG] - ==>  Preparing: SELECT COUNT(*) AS total FROM data_daily_sales_tb
[2026-09-15 22:33:20.720] [gas-forecast] [] [] [c.g.f.d.m.D.selectList_mpCount] [http-nio-8080-exec-3] [DEBUG] - ==> Parameters: 
[2026-09-15 22:33:20.723] [gas-forecast] [] [] [c.g.f.d.m.D.selectList_mpCount] [http-nio-8080-exec-3] [DEBUG] - <==      Total: 1
[2026-09-15 22:33:20.724] [gas-forecast] [] [] [c.g.f.d.m.D.selectList] [http-nio-8080-exec-3] [DEBUG] - ==>  Preparing: SELECT id,stat_date,region_name,industry_name,customer_name,customer_code,gas_sales,file_id,created_at,region_code,industry_code FROM data_daily_sales_tb ORDER BY stat_date DESC,id DESC LIMIT ?
[2026-09-15 22:33:20.724] [gas-forecast] [] [] [c.g.f.d.m.D.selectList] [http-nio-8080-exec-3] [DEBUG] - ==> Parameters: 10(Long)
[2026-09-15 22:33:20.754] [gas-forecast] [] [] [c.g.f.d.m.D.selectList] [http-nio-8080-exec-3] [DEBUG] - <==      Total: 10
[2026-09-15 22:33:21.142] [gas-forecast] [] [] [c.g.f.d.m.S.selectByUsername] [http-nio-8080-exec-4] [DEBUG] - ==>  Preparing: select distinct p.* from sys_permission_tb p where p.status = 1 and ( exists ( select 1 from sys_user_tb u join sys_user_role_ref ur on ur.user_id = u.id join sys_role_permission_ref rp on rp.role_id = ur.role_id where rp.permission_id = p.id and u.username = ? and u.deleted = 0 ) or exists ( select 1 from sys_user_tb u join sys_user_department_ref ud on ud.user_id = u.id join sys_department_permission_ref dp on dp.department_id = ud.department_id where dp.permission_id = p.id and u.username = ? and u.deleted = 0 ) ) order by p.sort_no, p.id
[2026-09-15 22:33:21.143] [gas-forecast] [] [] [c.g.f.d.m.S.selectByUsername] [http-nio-8080-exec-4] [DEBUG] - ==> Parameters: admin(String), admin(String)
[2026-09-15 22:33:21.144] [gas-forecast] [] [] [c.g.f.d.m.S.selectByUsername] [http-nio-8080-exec-4] [DEBUG] - <==      Total: 50
[2026-09-15 22:33:21.146] [gas-forecast] [] [] [c.g.f.d.m.D.selectList_mpCount] [http-nio-8080-exec-4] [DEBUG] - ==>  Preparing: SELECT COUNT(*) AS total FROM data_daily_sales_tb
[2026-09-15 22:33:21.146] [gas-forecast] [] [] [c.g.f.d.m.D.selectList_mpCount] [http-nio-8080-exec-4] [DEBUG] - ==> Parameters: 
[2026-09-15 22:33:21.150] [gas-forecast] [] [] [c.g.f.d.m.D.selectList_mpCount] [http-nio-8080-exec-4] [DEBUG] - <==      Total: 1
[2026-09-15 22:33:21.151] [gas-forecast] [] [] [c.g.f.d.m.D.selectList] [http-nio-8080-exec-4] [DEBUG] - ==>  Preparing: SELECT id,stat_date,region_name,industry_name,customer_name,customer_code,gas_sales,file_id,created_at,region_code,industry_code FROM data_daily_sales_tb ORDER BY stat_date DESC,id DESC LIMIT ?
[2026-09-15 22:33:21.151] [gas-forecast] [] [] [c.g.f.d.m.D.selectList] [http-nio-8080-exec-4] [DEBUG] - ==> Parameters: 10(Long)
[2026-09-15 22:33:21.180] [gas-forecast] [] [] [c.g.f.d.m.D.selectList] [http-nio-8080-exec-4] [DEBUG] - <==      Total: 10
[2026-09-15 22:33:21.921] [gas-forecast] [] [] [c.g.f.d.m.S.selectByUsername] [http-nio-8080-exec-5] [DEBUG] - ==>  Preparing: select distinct p.* from sys_permission_tb p where p.status = 1 and ( exists ( select 1 from sys_user_tb u join sys_user_role_ref ur on ur.user_id = u.id join sys_role_permission_ref rp on rp.role_id = ur.role_id where rp.permission_id = p.id and u.username = ? and u.deleted = 0 ) or exists ( select 1 from sys_user_tb u join sys_user_department_ref ud on ud.user_id = u.id join sys_department_permission_ref dp on dp.department_id = ud.department_id where dp.permission_id = p.id and u.username = ? and u.deleted = 0 ) ) order by p.sort_no, p.id
[2026-09-15 22:33:21.921] [gas-forecast] [] [] [c.g.f.d.m.S.selectByUsername] [http-nio-8080-exec-5] [DEBUG] - ==> Parameters: admin(String), admin(String)
[2026-09-15 22:33:21.922] [gas-forecast] [] [] [c.g.f.d.m.S.selectByUsername] [http-nio-8080-exec-5] [DEBUG] - <==      Total: 50
[2026-09-15 22:33:21.925] [gas-forecast] [] [] [c.g.f.d.m.D.selectList_mpCount] [http-nio-8080-exec-5] [DEBUG] - ==>  Preparing: SELECT COUNT(*) AS total FROM data_daily_sales_tb
[2026-09-15 22:33:21.925] [gas-forecast] [] [] [c.g.f.d.m.D.selectList_mpCount] [http-nio-8080-exec-5] [DEBUG] - ==> Parameters: 
[2026-09-15 22:33:21.928] [gas-forecast] [] [] [c.g.f.d.m.D.selectList_mpCount] [http-nio-8080-exec-5] [DEBUG] - <==      Total: 1
[2026-09-15 22:33:21.929] [gas-forecast] [] [] [c.g.f.d.m.D.selectList] [http-nio-8080-exec-5] [DEBUG] - ==>  Preparing: SELECT id,stat_date,region_name,industry_name,customer_name,customer_code,gas_sales,file_id,created_at,region_code,industry_code FROM data_daily_sales_tb ORDER BY stat_date DESC,id DESC LIMIT ?
[2026-09-15 22:33:21.929] [gas-forecast] [] [] [c.g.f.d.m.D.selectList] [http-nio-8080-exec-5] [DEBUG] - ==> Parameters: 10(Long)
[2026-09-15 22:33:21.962] [gas-forecast] [] [] [c.g.f.d.m.D.selectList] [http-nio-8080-exec-5] [DEBUG] - <==      Total: 10
[2026-09-15 22:33:22.250] [gas-forecast] [] [] [c.g.f.d.m.S.selectByUsername] [http-nio-8080-exec-7] [DEBUG] - ==>  Preparing: select distinct p.* from sys_permission_tb p where p.status = 1 and ( exists ( select 1 from sys_user_tb u join sys_user_role_ref ur on ur.user_id = u.id join sys_role_permission_ref rp on rp.role_id = ur.role_id where rp.permission_id = p.id and u.username = ? and u.deleted = 0 ) or exists ( select 1 from sys_user_tb u join sys_user_department_ref ud on ud.user_id = u.id join sys_department_permission_ref dp on dp.department_id = ud.department_id where dp.permission_id = p.id and u.username = ? and u.deleted = 0 ) ) order by p.sort_no, p.id
[2026-09-15 22:33:22.251] [gas-forecast] [] [] [c.g.f.d.m.S.selectByUsername] [http-nio-8080-exec-7] [DEBUG] - ==> Parameters: admin(String), admin(String)
[2026-09-15 22:33:22.253] [gas-forecast] [] [] [c.g.f.d.m.S.selectByUsername] [http-nio-8080-exec-7] [DEBUG] - <==      Total: 50
[2026-09-15 22:33:22.255] [gas-forecast] [] [] [c.g.f.d.m.D.selectList_mpCount] [http-nio-8080-exec-7] [DEBUG] - ==>  Preparing: SELECT COUNT(*) AS total FROM data_daily_sales_tb
[2026-09-15 22:33:22.255] [gas-forecast] [] [] [c.g.f.d.m.D.selectList_mpCount] [http-nio-8080-exec-7] [DEBUG] - ==> Parameters: 
[2026-09-15 22:33:22.258] [gas-forecast] [] [] [c.g.f.d.m.D.selectList_mpCount] [http-nio-8080-exec-7] [DEBUG] - <==      Total: 1
[2026-09-15 22:33:22.258] [gas-forecast] [] [] [c.g.f.d.m.D.selectList] [http-nio-8080-exec-7] [DEBUG] - ==>  Preparing: SELECT id,stat_date,region_name,industry_name,customer_name,customer_code,gas_sales,file_id,created_at,region_code,industry_code FROM data_daily_sales_tb ORDER BY stat_date DESC,id DESC LIMIT ?
[2026-09-15 22:33:22.258] [gas-forecast] [] [] [c.g.f.d.m.D.selectList] [http-nio-8080-exec-7] [DEBUG] - ==> Parameters: 10(Long)
[2026-09-15 22:33:22.290] [gas-forecast] [] [] [c.g.f.d.m.D.selectList] [http-nio-8080-exec-7] [DEBUG] - <==      Total: 10
[2026-09-15 22:33:25.192] [gas-forecast] [] [] [c.g.f.d.m.S.selectByUsername] [http-nio-8080-exec-6] [DEBUG] - ==>  Preparing: select distinct p.* from sys_permission_tb p where p.status = 1 and ( exists ( select 1 from sys_user_tb u join sys_user_role_ref ur on ur.user_id = u.id join sys_role_permission_ref rp on rp.role_id = ur.role_id where rp.permission_id = p.id and u.username = ? and u.deleted = 0 ) or exists ( select 1 from sys_user_tb u join sys_user_department_ref ud on ud.user_id = u.id join sys_department_permission_ref dp on dp.department_id = ud.department_id where dp.permission_id = p.id and u.username = ? and u.deleted = 0 ) ) order by p.sort_no, p.id
[2026-09-15 22:33:25.193] [gas-forecast] [] [] [c.g.f.d.m.S.selectByUsername] [http-nio-8080-exec-6] [DEBUG] - ==> Parameters: admin(String), admin(String)
[2026-09-15 22:33:25.195] [gas-forecast] [] [] [c.g.f.d.m.S.selectByUsername] [http-nio-8080-exec-6] [DEBUG] - <==      Total: 50
[2026-09-15 22:33:25.199] [gas-forecast] [] [] [c.g.f.d.m.D.selectList_mpCount] [http-nio-8080-exec-6] [DEBUG] - ==>  Preparing: SELECT COUNT(*) AS total FROM data_daily_sales_tb
[2026-09-15 22:33:25.199] [gas-forecast] [] [] [c.g.f.d.m.D.selectList_mpCount] [http-nio-8080-exec-6] [DEBUG] - ==> Parameters: 
[2026-09-15 22:33:25.203] [gas-forecast] [] [] [c.g.f.d.m.D.selectList_mpCount] [http-nio-8080-exec-6] [DEBUG] - <==      Total: 1
[2026-09-15 22:33:25.203] [gas-forecast] [] [] [c.g.f.d.m.D.selectList] [http-nio-8080-exec-6] [DEBUG] - ==>  Preparing: SELECT id,stat_date,region_name,industry_name,customer_name,customer_code,gas_sales,file_id,created_at,region_code,industry_code FROM data_daily_sales_tb ORDER BY stat_date DESC,id DESC LIMIT ?
[2026-09-15 22:33:25.203] [gas-forecast] [] [] [c.g.f.d.m.D.selectList] [http-nio-8080-exec-6] [DEBUG] - ==> Parameters: 10(Long)
[2026-09-15 22:33:25.236] [gas-forecast] [] [] [c.g.f.d.m.D.selectList] [http-nio-8080-exec-6] [DEBUG] - <==      Total: 10
[2026-09-15 22:33:26.219] [gas-forecast] [] [] [c.g.f.d.m.S.selectByUsername] [http-nio-8080-exec-8] [DEBUG] - ==>  Preparing: select distinct p.* from sys_permission_tb p where p.status = 1 and ( exists ( select 1 from sys_user_tb u join sys_user_role_ref ur on ur.user_id = u.id join sys_role_permission_ref rp on rp.role_id = ur.role_id where rp.permission_id = p.id and u.username = ? and u.deleted = 0 ) or exists ( select 1 from sys_user_tb u join sys_user_department_ref ud on ud.user_id = u.id join sys_department_permission_ref dp on dp.department_id = ud.department_id where dp.permission_id = p.id and u.username = ? and u.deleted = 0 ) ) order by p.sort_no, p.id
[2026-09-15 22:33:26.219] [gas-forecast] [] [] [c.g.f.d.m.S.selectByUsername] [http-nio-8080-exec-8] [DEBUG] - ==> Parameters: admin(String), admin(String)
[2026-09-15 22:33:26.221] [gas-forecast] [] [] [c.g.f.d.m.S.selectByUsername] [http-nio-8080-exec-8] [DEBUG] - <==      Total: 50
[2026-09-15 22:33:26.223] [gas-forecast] [] [] [c.g.f.d.m.D.selectList_mpCount] [http-nio-8080-exec-8] [DEBUG] - ==>  Preparing: SELECT COUNT(*) AS total FROM data_daily_sales_tb
[2026-09-15 22:33:26.224] [gas-forecast] [] [] [c.g.f.d.m.D.selectList_mpCount] [http-nio-8080-exec-8] [DEBUG] - ==> Parameters: 
[2026-09-15 22:33:26.227] [gas-forecast] [] [] [c.g.f.d.m.D.selectList_mpCount] [http-nio-8080-exec-8] [DEBUG] - <==      Total: 1
[2026-09-15 22:33:26.228] [gas-forecast] [] [] [c.g.f.d.m.D.selectList] [http-nio-8080-exec-8] [DEBUG] - ==>  Preparing: SELECT id,stat_date,region_name,industry_name,customer_name,customer_code,gas_sales,file_id,created_at,region_code,industry_code FROM data_daily_sales_tb ORDER BY stat_date DESC,id DESC LIMIT ?
[2026-09-15 22:33:26.228] [gas-forecast] [] [] [c.g.f.d.m.D.selectList] [http-nio-8080-exec-8] [DEBUG] - ==> Parameters: 10(Long)
[2026-09-15 22:33:26.258] [gas-forecast] [] [] [c.g.f.d.m.D.selectList] [http-nio-8080-exec-8] [DEBUG] - <==      Total: 10
[2026-09-15 22:33:27.058] [gas-forecast] [] [] [c.g.f.d.m.S.selectByUsername] [http-nio-8080-exec-9] [DEBUG] - ==>  Preparing: select distinct p.* from sys_permission_tb p where p.status = 1 and ( exists ( select 1 from sys_user_tb u join sys_user_role_ref ur on ur.user_id = u.id join sys_role_permission_ref rp on rp.role_id = ur.role_id where rp.permission_id = p.id and u.username = ? and u.deleted = 0 ) or exists ( select 1 from sys_user_tb u join sys_user_department_ref ud on ud.user_id = u.id join sys_department_permission_ref dp on dp.department_id = ud.department_id where dp.permission_id = p.id and u.username = ? and u.deleted = 0 ) ) order by p.sort_no, p.id
[2026-09-15 22:33:27.058] [gas-forecast] [] [] [c.g.f.d.m.S.selectByUsername] [http-nio-8080-exec-9] [DEBUG] - ==> Parameters: admin(String), admin(String)
[2026-09-15 22:33:27.061] [gas-forecast] [] [] [c.g.f.d.m.S.selectByUsername] [http-nio-8080-exec-9] [DEBUG] - <==      Total: 50
[2026-09-15 22:33:27.063] [gas-forecast] [] [] [c.g.f.d.m.D.selectList_mpCount] [http-nio-8080-exec-9] [DEBUG] - ==>  Preparing: SELECT COUNT(*) AS total FROM data_daily_sales_tb
[2026-09-15 22:33:27.064] [gas-forecast] [] [] [c.g.f.d.m.D.selectList_mpCount] [http-nio-8080-exec-9] [DEBUG] - ==> Parameters: 
[2026-09-15 22:33:27.067] [gas-forecast] [] [] [c.g.f.d.m.D.selectList_mpCount] [http-nio-8080-exec-9] [DEBUG] - <==      Total: 1
[2026-09-15 22:33:27.067] [gas-forecast] [] [] [c.g.f.d.m.D.selectList] [http-nio-8080-exec-9] [DEBUG] - ==>  Preparing: SELECT id,stat_date,region_name,industry_name,customer_name,customer_code,gas_sales,file_id,created_at,region_code,industry_code FROM data_daily_sales_tb ORDER BY stat_date DESC,id DESC LIMIT ?
[2026-09-15 22:33:27.067] [gas-forecast] [] [] [c.g.f.d.m.D.selectList] [http-nio-8080-exec-9] [DEBUG] - ==> Parameters: 10(Long)
[2026-09-15 22:33:27.098] [gas-forecast] [] [] [c.g.f.d.m.D.selectList] [http-nio-8080-exec-9] [DEBUG] - <==      Total: 10
[2026-09-15 22:33:27.771] [gas-forecast] [] [] [c.g.f.d.m.S.selectByUsername] [http-nio-8080-exec-10] [DEBUG] - ==>  Preparing: select distinct p.* from sys_permission_tb p where p.status = 1 and ( exists ( select 1 from sys_user_tb u join sys_user_role_ref ur on ur.user_id = u.id join sys_role_permission_ref rp on rp.role_id = ur.role_id where rp.permission_id = p.id and u.username = ? and u.deleted = 0 ) or exists ( select 1 from sys_user_tb u join sys_user_department_ref ud on ud.user_id = u.id join sys_department_permission_ref dp on dp.department_id = ud.department_id where dp.permission_id = p.id and u.username = ? and u.deleted = 0 ) ) order by p.sort_no, p.id
[2026-09-15 22:33:27.771] [gas-forecast] [] [] [c.g.f.d.m.S.selectByUsername] [http-nio-8080-exec-10] [DEBUG] - ==> Parameters: admin(String), admin(String)
[2026-09-15 22:33:27.773] [gas-forecast] [] [] [c.g.f.d.m.S.selectByUsername] [http-nio-8080-exec-10] [DEBUG] - <==      Total: 50
[2026-09-15 22:33:27.775] [gas-forecast] [] [] [c.g.f.d.m.D.selectList_mpCount] [http-nio-8080-exec-10] [DEBUG] - ==>  Preparing: SELECT COUNT(*) AS total FROM data_daily_sales_tb
[2026-09-15 22:33:27.775] [gas-forecast] [] [] [c.g.f.d.m.D.selectList_mpCount] [http-nio-8080-exec-10] [DEBUG] - ==> Parameters: 
[2026-09-15 22:33:27.779] [gas-forecast] [] [] [c.g.f.d.m.D.selectList_mpCount] [http-nio-8080-exec-10] [DEBUG] - <==      Total: 1
[2026-09-15 22:33:27.779] [gas-forecast] [] [] [c.g.f.d.m.D.selectList] [http-nio-8080-exec-10] [DEBUG] - ==>  Preparing: SELECT id,stat_date,region_name,industry_name,customer_name,customer_code,gas_sales,file_id,created_at,region_code,industry_code FROM data_daily_sales_tb ORDER BY stat_date DESC,id DESC LIMIT ?
[2026-09-15 22:33:27.779] [gas-forecast] [] [] [c.g.f.d.m.D.selectList] [http-nio-8080-exec-10] [DEBUG] - ==> Parameters: 10(Long)
[2026-09-15 22:33:27.811] [gas-forecast] [] [] [c.g.f.d.m.D.selectList] [http-nio-8080-exec-10] [DEBUG] - <==      Total: 10
[2026-09-15 22:33:28.378] [gas-forecast] [] [] [c.g.f.d.m.S.selectByUsername] [http-nio-8080-exec-1] [DEBUG] - ==>  Preparing: select distinct p.* from sys_permission_tb p where p.status = 1 and ( exists ( select 1 from sys_user_tb u join sys_user_role_ref ur on ur.user_id = u.id join sys_role_permission_ref rp on rp.role_id = ur.role_id where rp.permission_id = p.id and u.username = ? and u.deleted = 0 ) or exists ( select 1 from sys_user_tb u join sys_user_department_ref ud on ud.user_id = u.id join sys_department_permission_ref dp on dp.department_id = ud.department_id where dp.permission_id = p.id and u.username = ? and u.deleted = 0 ) ) order by p.sort_no, p.id
[2026-09-15 22:33:28.379] [gas-forecast] [] [] [c.g.f.d.m.S.selectByUsername] [http-nio-8080-exec-1] [DEBUG] - ==> Parameters: admin(String), admin(String)
[2026-09-15 22:33:28.381] [gas-forecast] [] [] [c.g.f.d.m.S.selectByUsername] [http-nio-8080-exec-1] [DEBUG] - <==      Total: 50
[2026-09-15 22:33:28.383] [gas-forecast] [] [] [c.g.f.d.m.D.selectList_mpCount] [http-nio-8080-exec-1] [DEBUG] - ==>  Preparing: SELECT COUNT(*) AS total FROM data_daily_sales_tb
[2026-09-15 22:33:28.383] [gas-forecast] [] [] [c.g.f.d.m.D.selectList_mpCount] [http-nio-8080-exec-1] [DEBUG] - ==> Parameters: 
[2026-09-15 22:33:28.387] [gas-forecast] [] [] [c.g.f.d.m.D.selectList_mpCount] [http-nio-8080-exec-1] [DEBUG] - <==      Total: 1
[2026-09-15 22:33:28.387] [gas-forecast] [] [] [c.g.f.d.m.D.selectList] [http-nio-8080-exec-1] [DEBUG] - ==>  Preparing: SELECT id,stat_date,region_name,industry_name,customer_name,customer_code,gas_sales,file_id,created_at,region_code,industry_code FROM data_daily_sales_tb ORDER BY stat_date DESC,id DESC LIMIT ?
[2026-09-15 22:33:28.387] [gas-forecast] [] [] [c.g.f.d.m.D.selectList] [http-nio-8080-exec-1] [DEBUG] - ==> Parameters: 10(Long)
[2026-09-15 22:33:28.419] [gas-forecast] [] [] [c.g.f.d.m.D.selectList] [http-nio-8080-exec-1] [DEBUG] - <==      Total: 10
[2026-09-15 22:33:29.219] [gas-forecast] [] [] [c.g.f.d.m.S.selectByUsername] [http-nio-8080-exec-2] [DEBUG] - ==>  Preparing: select distinct p.* from sys_permission_tb p where p.status = 1 and ( exists ( select 1 from sys_user_tb u join sys_user_role_ref ur on ur.user_id = u.id join sys_role_permission_ref rp on rp.role_id = ur.role_id where rp.permission_id = p.id and u.username = ? and u.deleted = 0 ) or exists ( select 1 from sys_user_tb u join sys_user_department_ref ud on ud.user_id = u.id join sys_department_permission_ref dp on dp.department_id = ud.department_id where dp.permission_id = p.id and u.username = ? and u.deleted = 0 ) ) order by p.sort_no, p.id
[2026-09-15 22:33:29.219] [gas-forecast] [] [] [c.g.f.d.m.S.selectByUsername] [http-nio-8080-exec-2] [DEBUG] - ==> Parameters: admin(String), admin(String)
[2026-09-15 22:33:29.221] [gas-forecast] [] [] [c.g.f.d.m.S.selectByUsername] [http-nio-8080-exec-2] [DEBUG] - <==      Total: 50
[2026-09-15 22:33:29.223] [gas-forecast] [] [] [c.g.f.d.m.D.selectList_mpCount] [http-nio-8080-exec-2] [DEBUG] - ==>  Preparing: SELECT COUNT(*) AS total FROM data_daily_sales_tb
[2026-09-15 22:33:29.223] [gas-forecast] [] [] [c.g.f.d.m.D.selectList_mpCount] [http-nio-8080-exec-2] [DEBUG] - ==> Parameters: 
[2026-09-15 22:33:29.227] [gas-forecast] [] [] [c.g.f.d.m.D.selectList_mpCount] [http-nio-8080-exec-2] [DEBUG] - <==      Total: 1
[2026-09-15 22:33:29.227] [gas-forecast] [] [] [c.g.f.d.m.D.selectList] [http-nio-8080-exec-2] [DEBUG] - ==>  Preparing: SELECT id,stat_date,region_name,industry_name,customer_name,customer_code,gas_sales,file_id,created_at,region_code,industry_code FROM data_daily_sales_tb ORDER BY stat_date DESC,id DESC LIMIT ?
[2026-09-15 22:33:29.227] [gas-forecast] [] [] [c.g.f.d.m.D.selectList] [http-nio-8080-exec-2] [DEBUG] - ==> Parameters: 10(Long)
[2026-09-15 22:33:29.257] [gas-forecast] [] [] [c.g.f.d.m.D.selectList] [http-nio-8080-exec-2] [DEBUG] - <==      Total: 10
[2026-09-15 22:33:30.577] [gas-forecast] [] [] [c.g.f.d.m.S.selectByUsername] [http-nio-8080-exec-3] [DEBUG] - ==>  Preparing: select distinct p.* from sys_permission_tb p where p.status = 1 and ( exists ( select 1 from sys_user_tb u join sys_user_role_ref ur on ur.user_id = u.id join sys_role_permission_ref rp on rp.role_id = ur.role_id where rp.permission_id = p.id and u.username = ? and u.deleted = 0 ) or exists ( select 1 from sys_user_tb u join sys_user_department_ref ud on ud.user_id = u.id join sys_department_permission_ref dp on dp.department_id = ud.department_id where dp.permission_id = p.id and u.username = ? and u.deleted = 0 ) ) order by p.sort_no, p.id
[2026-09-15 22:33:30.577] [gas-forecast] [] [] [c.g.f.d.m.S.selectByUsername] [http-nio-8080-exec-3] [DEBUG] - ==> Parameters: admin(String), admin(String)
[2026-09-15 22:33:30.579] [gas-forecast] [] [] [c.g.f.d.m.S.selectByUsername] [http-nio-8080-exec-3] [DEBUG] - <==      Total: 50
[2026-09-15 22:33:30.582] [gas-forecast] [] [] [c.g.f.d.m.D.selectList_mpCount] [http-nio-8080-exec-3] [DEBUG] - ==>  Preparing: SELECT COUNT(*) AS total FROM data_daily_sales_tb
[2026-09-15 22:33:30.582] [gas-forecast] [] [] [c.g.f.d.m.D.selectList_mpCount] [http-nio-8080-exec-3] [DEBUG] - ==> Parameters: 
[2026-09-15 22:33:30.586] [gas-forecast] [] [] [c.g.f.d.m.D.selectList_mpCount] [http-nio-8080-exec-3] [DEBUG] - <==      Total: 1
[2026-09-15 22:33:30.586] [gas-forecast] [] [] [c.g.f.d.m.D.selectList] [http-nio-8080-exec-3] [DEBUG] - ==>  Preparing: SELECT id,stat_date,region_name,industry_name,customer_name,customer_code,gas_sales,file_id,created_at,region_code,industry_code FROM data_daily_sales_tb ORDER BY stat_date DESC,id DESC LIMIT ?
[2026-09-15 22:33:30.586] [gas-forecast] [] [] [c.g.f.d.m.D.selectList] [http-nio-8080-exec-3] [DEBUG] - ==> Parameters: 10(Long)
[2026-09-15 22:33:30.617] [gas-forecast] [] [] [c.g.f.d.m.D.selectList] [http-nio-8080-exec-3] [DEBUG] - <==      Total: 10
[2026-09-15 22:33:31.062] [gas-forecast] [] [] [c.g.f.d.m.S.selectByUsername] [http-nio-8080-exec-4] [DEBUG] - ==>  Preparing: select distinct p.* from sys_permission_tb p where p.status = 1 and ( exists ( select 1 from sys_user_tb u join sys_user_role_ref ur on ur.user_id = u.id join sys_role_permission_ref rp on rp.role_id = ur.role_id where rp.permission_id = p.id and u.username = ? and u.deleted = 0 ) or exists ( select 1 from sys_user_tb u join sys_user_department_ref ud on ud.user_id = u.id join sys_department_permission_ref dp on dp.department_id = ud.department_id where dp.permission_id = p.id and u.username = ? and u.deleted = 0 ) ) order by p.sort_no, p.id
[2026-09-15 22:33:31.062] [gas-forecast] [] [] [c.g.f.d.m.S.selectByUsername] [http-nio-8080-exec-4] [DEBUG] - ==> Parameters: admin(String), admin(String)
[2026-09-15 22:33:31.065] [gas-forecast] [] [] [c.g.f.d.m.S.selectByUsername] [http-nio-8080-exec-4] [DEBUG] - <==      Total: 50
[2026-09-15 22:33:31.067] [gas-forecast] [] [] [c.g.f.d.m.D.selectList_mpCount] [http-nio-8080-exec-4] [DEBUG] - ==>  Preparing: SELECT COUNT(*) AS total FROM data_daily_sales_tb
[2026-09-15 22:33:31.067] [gas-forecast] [] [] [c.g.f.d.m.D.selectList_mpCount] [http-nio-8080-exec-4] [DEBUG] - ==> Parameters: 
[2026-09-15 22:33:31.071] [gas-forecast] [] [] [c.g.f.d.m.D.selectList_mpCount] [http-nio-8080-exec-4] [DEBUG] - <==      Total: 1
[2026-09-15 22:33:31.071] [gas-forecast] [] [] [c.g.f.d.m.D.selectList] [http-nio-8080-exec-4] [DEBUG] - ==>  Preparing: SELECT id,stat_date,region_name,industry_name,customer_name,customer_code,gas_sales,file_id,created_at,region_code,industry_code FROM data_daily_sales_tb ORDER BY stat_date DESC,id DESC LIMIT ?
[2026-09-15 22:33:31.071] [gas-forecast] [] [] [c.g.f.d.m.D.selectList] [http-nio-8080-exec-4] [DEBUG] - ==> Parameters: 10(Long)
[2026-09-15 22:33:31.103] [gas-forecast] [] [] [c.g.f.d.m.D.selectList] [http-nio-8080-exec-4] [DEBUG] - <==      Total: 10
[2026-09-15 22:38:58.107] [gas-forecast] [] [] [c.g.f.d.m.S.selectByUsername] [http-nio-8080-exec-5] [DEBUG] - ==>  Preparing: select distinct p.* from sys_permission_tb p where p.status = 1 and ( exists ( select 1 from sys_user_tb u join sys_user_role_ref ur on ur.user_id = u.id join sys_role_permission_ref rp on rp.role_id = ur.role_id where rp.permission_id = p.id and u.username = ? and u.deleted = 0 ) or exists ( select 1 from sys_user_tb u join sys_user_department_ref ud on ud.user_id = u.id join sys_department_permission_ref dp on dp.department_id = ud.department_id where dp.permission_id = p.id and u.username = ? and u.deleted = 0 ) ) order by p.sort_no, p.id
[2026-09-15 22:38:58.107] [gas-forecast] [] [] [c.g.f.d.m.S.selectByUsername] [http-nio-8080-exec-5] [DEBUG] - ==> Parameters: admin(String), admin(String)
[2026-09-15 22:38:58.115] [gas-forecast] [] [] [c.g.f.d.m.S.selectByUsername] [http-nio-8080-exec-5] [DEBUG] - <==      Total: 50
[2026-09-15 22:38:58.117] [gas-forecast] [] [] [c.g.f.d.m.D.selectList_mpCount] [http-nio-8080-exec-5] [DEBUG] - ==>  Preparing: SELECT COUNT(*) AS total FROM data_monthly_sales_tb
[2026-09-15 22:38:58.118] [gas-forecast] [] [] [c.g.f.d.m.D.selectList_mpCount] [http-nio-8080-exec-5] [DEBUG] - ==> Parameters: 
[2026-09-15 22:38:58.119] [gas-forecast] [] [] [c.g.f.d.m.D.selectList_mpCount] [http-nio-8080-exec-5] [DEBUG] - <==      Total: 1
[2026-09-15 22:38:58.119] [gas-forecast] [] [] [c.g.f.d.m.D.selectList] [http-nio-8080-exec-5] [DEBUG] - ==>  Preparing: SELECT id,stat_date,region_name,region_code,industry_name,industry_code,customer_name,customer_code,gas_sales,file_id,created_at FROM data_monthly_sales_tb ORDER BY stat_date DESC,id DESC LIMIT ?
[2026-09-15 22:38:58.119] [gas-forecast] [] [] [c.g.f.d.m.D.selectList] [http-nio-8080-exec-5] [DEBUG] - ==> Parameters: 10(Long)
[2026-09-15 22:38:58.121] [gas-forecast] [] [] [c.g.f.d.m.D.selectList] [http-nio-8080-exec-5] [DEBUG] - <==      Total: 10
[2026-09-15 22:40:11.129] [gas-forecast] [] [] [c.g.f.d.m.SysUserTbMapper.selectList] [http-nio-8080-exec-7] [DEBUG] - ==>  Preparing: SELECT id,username,real_name,password_hash,password_salt,avatar,email,phone,org_code,status,deleted,created_at,updated_at FROM sys_user_tb WHERE (username = ? AND deleted = ?)
[2026-09-15 22:40:11.130] [gas-forecast] [] [] [c.g.f.d.m.SysUserTbMapper.selectList] [http-nio-8080-exec-7] [DEBUG] - ==> Parameters: admin(String), 0(Integer)
[2026-09-15 22:40:11.137] [gas-forecast] [] [] [c.g.f.d.m.SysUserTbMapper.selectList] [http-nio-8080-exec-7] [DEBUG] - <==      Total: 1
[2026-09-15 22:40:11.137] [gas-forecast] [] [] [c.g.f.d.m.S.selectRoleCodesByUsername] [http-nio-8080-exec-7] [DEBUG] - ==>  Preparing: select r.role_code from sys_user_tb u join sys_user_role_ref ur on ur.user_id = u.id join sys_role_tb r on r.id = ur.role_id where u.username = ? order by r.role_code
[2026-09-15 22:40:11.137] [gas-forecast] [] [] [c.g.f.d.m.S.selectRoleCodesByUsername] [http-nio-8080-exec-7] [DEBUG] - ==> Parameters: admin(String)
[2026-09-15 22:40:11.138] [gas-forecast] [] [] [c.g.f.d.m.S.selectRoleCodesByUsername] [http-nio-8080-exec-7] [DEBUG] - <==      Total: 1
[2026-09-15 22:40:11.138] [gas-forecast] [] [] [c.g.f.d.m.S.selectByUsername] [http-nio-8080-exec-7] [DEBUG] - ==>  Preparing: select distinct p.* from sys_permission_tb p where p.status = 1 and ( exists ( select 1 from sys_user_tb u join sys_user_role_ref ur on ur.user_id = u.id join sys_role_permission_ref rp on rp.role_id = ur.role_id where rp.permission_id = p.id and u.username = ? and u.deleted = 0 ) or exists ( select 1 from sys_user_tb u join sys_user_department_ref ud on ud.user_id = u.id join sys_department_permission_ref dp on dp.department_id = ud.department_id where dp.permission_id = p.id and u.username = ? and u.deleted = 0 ) ) order by p.sort_no, p.id
[2026-09-15 22:40:11.138] [gas-forecast] [] [] [c.g.f.d.m.S.selectByUsername] [http-nio-8080-exec-7] [DEBUG] - ==> Parameters: admin(String), admin(String)
[2026-09-15 22:40:11.140] [gas-forecast] [] [] [c.g.f.d.m.S.selectByUsername] [http-nio-8080-exec-7] [DEBUG] - <==      Total: 50
[2026-09-15 22:40:11.152] [gas-forecast] [] [] [c.g.f.d.m.S.selectByUsername] [http-nio-8080-exec-6] [DEBUG] - ==>  Preparing: select distinct p.* from sys_permission_tb p where p.status = 1 and ( exists ( select 1 from sys_user_tb u join sys_user_role_ref ur on ur.user_id = u.id join sys_role_permission_ref rp on rp.role_id = ur.role_id where rp.permission_id = p.id and u.username = ? and u.deleted = 0 ) or exists ( select 1 from sys_user_tb u join sys_user_department_ref ud on ud.user_id = u.id join sys_department_permission_ref dp on dp.department_id = ud.department_id where dp.permission_id = p.id and u.username = ? and u.deleted = 0 ) ) order by p.sort_no, p.id
[2026-09-15 22:40:11.153] [gas-forecast] [] [] [c.g.f.d.m.S.selectByUsername] [http-nio-8080-exec-6] [DEBUG] - ==> Parameters: admin(String), admin(String)
[2026-09-15 22:40:11.154] [gas-forecast] [] [] [c.g.f.d.m.S.selectByUsername] [http-nio-8080-exec-6] [DEBUG] - <==      Total: 50
[2026-09-15 22:40:11.156] [gas-forecast] [] [] [c.g.f.d.m.D.selectList_mpCount] [http-nio-8080-exec-6] [DEBUG] - ==>  Preparing: SELECT COUNT(*) AS total FROM data_monthly_sales_tb
[2026-09-15 22:40:11.157] [gas-forecast] [] [] [c.g.f.d.m.D.selectList_mpCount] [http-nio-8080-exec-6] [DEBUG] - ==> Parameters: 
[2026-09-15 22:40:11.158] [gas-forecast] [] [] [c.g.f.d.m.D.selectList_mpCount] [http-nio-8080-exec-6] [DEBUG] - <==      Total: 1
[2026-09-15 22:40:11.158] [gas-forecast] [] [] [c.g.f.d.m.D.selectList] [http-nio-8080-exec-6] [DEBUG] - ==>  Preparing: SELECT id,stat_date,region_name,region_code,industry_name,industry_code,customer_name,customer_code,gas_sales,file_id,created_at FROM data_monthly_sales_tb ORDER BY stat_date DESC,id DESC LIMIT ?
[2026-09-15 22:40:11.159] [gas-forecast] [] [] [c.g.f.d.m.D.selectList] [http-nio-8080-exec-6] [DEBUG] - ==> Parameters: 10(Long)
[2026-09-15 22:40:11.160] [gas-forecast] [] [] [c.g.f.d.m.D.selectList] [http-nio-8080-exec-6] [DEBUG] - <==      Total: 10
[2026-09-15 22:40:12.161] [gas-forecast] [] [] [c.g.f.d.m.S.selectByUsername] [http-nio-8080-exec-8] [DEBUG] - ==>  Preparing: select distinct p.* from sys_permission_tb p where p.status = 1 and ( exists ( select 1 from sys_user_tb u join sys_user_role_ref ur on ur.user_id = u.id join sys_role_permission_ref rp on rp.role_id = ur.role_id where rp.permission_id = p.id and u.username = ? and u.deleted = 0 ) or exists ( select 1 from sys_user_tb u join sys_user_department_ref ud on ud.user_id = u.id join sys_department_permission_ref dp on dp.department_id = ud.department_id where dp.permission_id = p.id and u.username = ? and u.deleted = 0 ) ) order by p.sort_no, p.id
[2026-09-15 22:40:12.162] [gas-forecast] [] [] [c.g.f.d.m.S.selectByUsername] [http-nio-8080-exec-8] [DEBUG] - ==> Parameters: admin(String), admin(String)
[2026-09-15 22:40:12.163] [gas-forecast] [] [] [c.g.f.d.m.S.selectByUsername] [http-nio-8080-exec-8] [DEBUG] - <==      Total: 50
[2026-09-15 22:40:12.165] [gas-forecast] [] [] [c.g.f.d.m.D.selectList_mpCount] [http-nio-8080-exec-8] [DEBUG] - ==>  Preparing: SELECT COUNT(*) AS total FROM data_daily_sales_tb
[2026-09-15 22:40:12.165] [gas-forecast] [] [] [c.g.f.d.m.D.selectList_mpCount] [http-nio-8080-exec-8] [DEBUG] - ==> Parameters: 
[2026-09-15 22:40:12.168] [gas-forecast] [] [] [c.g.f.d.m.D.selectList_mpCount] [http-nio-8080-exec-8] [DEBUG] - <==      Total: 1
[2026-09-15 22:40:12.168] [gas-forecast] [] [] [c.g.f.d.m.D.selectList] [http-nio-8080-exec-8] [DEBUG] - ==>  Preparing: SELECT id,stat_date,region_name,industry_name,customer_name,customer_code,gas_sales,file_id,created_at,region_code,industry_code FROM data_daily_sales_tb ORDER BY stat_date DESC,id DESC LIMIT ?
[2026-09-15 22:40:12.168] [gas-forecast] [] [] [c.g.f.d.m.D.selectList] [http-nio-8080-exec-8] [DEBUG] - ==> Parameters: 10(Long)
[2026-09-15 22:40:12.197] [gas-forecast] [] [] [c.g.f.d.m.D.selectList] [http-nio-8080-exec-8] [DEBUG] - <==      Total: 10
[2026-09-15 22:40:13.007] [gas-forecast] [] [] [c.g.f.d.m.S.selectByUsername] [http-nio-8080-exec-9] [DEBUG] - ==>  Preparing: select distinct p.* from sys_permission_tb p where p.status = 1 and ( exists ( select 1 from sys_user_tb u join sys_user_role_ref ur on ur.user_id = u.id join sys_role_permission_ref rp on rp.role_id = ur.role_id where rp.permission_id = p.id and u.username = ? and u.deleted = 0 ) or exists ( select 1 from sys_user_tb u join sys_user_department_ref ud on ud.user_id = u.id join sys_department_permission_ref dp on dp.department_id = ud.department_id where dp.permission_id = p.id and u.username = ? and u.deleted = 0 ) ) order by p.sort_no, p.id
[2026-09-15 22:40:13.008] [gas-forecast] [] [] [c.g.f.d.m.S.selectByUsername] [http-nio-8080-exec-9] [DEBUG] - ==> Parameters: admin(String), admin(String)
[2026-09-15 22:40:13.009] [gas-forecast] [] [] [c.g.f.d.m.S.selectByUsername] [http-nio-8080-exec-9] [DEBUG] - <==      Total: 50
[2026-09-15 22:40:13.011] [gas-forecast] [] [] [c.g.f.d.m.D.selectList_mpCount] [http-nio-8080-exec-9] [DEBUG] - ==>  Preparing: SELECT COUNT(*) AS total FROM data_monthly_sales_tb
[2026-09-15 22:40:13.011] [gas-forecast] [] [] [c.g.f.d.m.D.selectList_mpCount] [http-nio-8080-exec-9] [DEBUG] - ==> Parameters: 
[2026-09-15 22:40:13.012] [gas-forecast] [] [] [c.g.f.d.m.D.selectList_mpCount] [http-nio-8080-exec-9] [DEBUG] - <==      Total: 1
[2026-09-15 22:40:13.012] [gas-forecast] [] [] [c.g.f.d.m.D.selectList] [http-nio-8080-exec-9] [DEBUG] - ==>  Preparing: SELECT id,stat_date,region_name,region_code,industry_name,industry_code,customer_name,customer_code,gas_sales,file_id,created_at FROM data_monthly_sales_tb ORDER BY stat_date DESC,id DESC LIMIT ?
[2026-09-15 22:40:13.012] [gas-forecast] [] [] [c.g.f.d.m.D.selectList] [http-nio-8080-exec-9] [DEBUG] - ==> Parameters: 10(Long)
[2026-09-15 22:40:13.014] [gas-forecast] [] [] [c.g.f.d.m.D.selectList] [http-nio-8080-exec-9] [DEBUG] - <==      Total: 10
[2026-09-15 22:40:16.367] [gas-forecast] [] [] [c.g.f.d.m.S.selectByUsername] [http-nio-8080-exec-10] [DEBUG] - ==>  Preparing: select distinct p.* from sys_permission_tb p where p.status = 1 and ( exists ( select 1 from sys_user_tb u join sys_user_role_ref ur on ur.user_id = u.id join sys_role_permission_ref rp on rp.role_id = ur.role_id where rp.permission_id = p.id and u.username = ? and u.deleted = 0 ) or exists ( select 1 from sys_user_tb u join sys_user_department_ref ud on ud.user_id = u.id join sys_department_permission_ref dp on dp.department_id = ud.department_id where dp.permission_id = p.id and u.username = ? and u.deleted = 0 ) ) order by p.sort_no, p.id
[2026-09-15 22:40:16.367] [gas-forecast] [] [] [c.g.f.d.m.S.selectByUsername] [http-nio-8080-exec-10] [DEBUG] - ==> Parameters: admin(String), admin(String)
[2026-09-15 22:40:16.368] [gas-forecast] [] [] [c.g.f.d.m.S.selectByUsername] [http-nio-8080-exec-10] [DEBUG] - <==      Total: 50
[2026-09-15 22:40:16.370] [gas-forecast] [] [] [c.g.f.d.m.D.selectList_mpCount] [http-nio-8080-exec-10] [DEBUG] - ==>  Preparing: SELECT COUNT(*) AS total FROM data_daily_sales_tb
[2026-09-15 22:40:16.370] [gas-forecast] [] [] [c.g.f.d.m.D.selectList_mpCount] [http-nio-8080-exec-10] [DEBUG] - ==> Parameters: 
[2026-09-15 22:40:16.374] [gas-forecast] [] [] [c.g.f.d.m.D.selectList_mpCount] [http-nio-8080-exec-10] [DEBUG] - <==      Total: 1
[2026-09-15 22:40:16.374] [gas-forecast] [] [] [c.g.f.d.m.D.selectList] [http-nio-8080-exec-10] [DEBUG] - ==>  Preparing: SELECT id,stat_date,region_name,industry_name,customer_name,customer_code,gas_sales,file_id,created_at,region_code,industry_code FROM data_daily_sales_tb ORDER BY stat_date DESC,id DESC LIMIT ?
[2026-09-15 22:40:16.375] [gas-forecast] [] [] [c.g.f.d.m.D.selectList] [http-nio-8080-exec-10] [DEBUG] - ==> Parameters: 10(Long)
[2026-09-15 22:40:16.407] [gas-forecast] [] [] [c.g.f.d.m.D.selectList] [http-nio-8080-exec-10] [DEBUG] - <==      Total: 10
[2026-09-15 22:40:16.980] [gas-forecast] [] [] [c.g.f.d.m.S.selectByUsername] [http-nio-8080-exec-1] [DEBUG] - ==>  Preparing: select distinct p.* from sys_permission_tb p where p.status = 1 and ( exists ( select 1 from sys_user_tb u join sys_user_role_ref ur on ur.user_id = u.id join sys_role_permission_ref rp on rp.role_id = ur.role_id where rp.permission_id = p.id and u.username = ? and u.deleted = 0 ) or exists ( select 1 from sys_user_tb u join sys_user_department_ref ud on ud.user_id = u.id join sys_department_permission_ref dp on dp.department_id = ud.department_id where dp.permission_id = p.id and u.username = ? and u.deleted = 0 ) ) order by p.sort_no, p.id
[2026-09-15 22:40:16.981] [gas-forecast] [] [] [c.g.f.d.m.S.selectByUsername] [http-nio-8080-exec-1] [DEBUG] - ==> Parameters: admin(String), admin(String)
[2026-09-15 22:40:16.982] [gas-forecast] [] [] [c.g.f.d.m.S.selectByUsername] [http-nio-8080-exec-1] [DEBUG] - <==      Total: 50
[2026-09-15 22:40:16.984] [gas-forecast] [] [] [c.g.f.d.m.D.selectList_mpCount] [http-nio-8080-exec-1] [DEBUG] - ==>  Preparing: SELECT COUNT(*) AS total FROM data_monthly_sales_tb
[2026-09-15 22:40:16.984] [gas-forecast] [] [] [c.g.f.d.m.D.selectList_mpCount] [http-nio-8080-exec-1] [DEBUG] - ==> Parameters: 
[2026-09-15 22:40:16.986] [gas-forecast] [] [] [c.g.f.d.m.D.selectList_mpCount] [http-nio-8080-exec-1] [DEBUG] - <==      Total: 1
[2026-09-15 22:40:16.986] [gas-forecast] [] [] [c.g.f.d.m.D.selectList] [http-nio-8080-exec-1] [DEBUG] - ==>  Preparing: SELECT id,stat_date,region_name,region_code,industry_name,industry_code,customer_name,customer_code,gas_sales,file_id,created_at FROM data_monthly_sales_tb ORDER BY stat_date DESC,id DESC LIMIT ?
[2026-09-15 22:40:16.986] [gas-forecast] [] [] [c.g.f.d.m.D.selectList] [http-nio-8080-exec-1] [DEBUG] - ==> Parameters: 10(Long)
[2026-09-15 22:40:16.988] [gas-forecast] [] [] [c.g.f.d.m.D.selectList] [http-nio-8080-exec-1] [DEBUG] - <==      Total: 10
[2026-09-15 22:40:17.866] [gas-forecast] [] [] [c.g.f.d.m.S.selectByUsername] [http-nio-8080-exec-2] [DEBUG] - ==>  Preparing: select distinct p.* from sys_permission_tb p where p.status = 1 and ( exists ( select 1 from sys_user_tb u join sys_user_role_ref ur on ur.user_id = u.id join sys_role_permission_ref rp on rp.role_id = ur.role_id where rp.permission_id = p.id and u.username = ? and u.deleted = 0 ) or exists ( select 1 from sys_user_tb u join sys_user_department_ref ud on ud.user_id = u.id join sys_department_permission_ref dp on dp.department_id = ud.department_id where dp.permission_id = p.id and u.username = ? and u.deleted = 0 ) ) order by p.sort_no, p.id
[2026-09-15 22:40:17.866] [gas-forecast] [] [] [c.g.f.d.m.S.selectByUsername] [http-nio-8080-exec-2] [DEBUG] - ==> Parameters: admin(String), admin(String)
[2026-09-15 22:40:17.868] [gas-forecast] [] [] [c.g.f.d.m.S.selectByUsername] [http-nio-8080-exec-2] [DEBUG] - <==      Total: 50
[2026-09-15 22:40:17.870] [gas-forecast] [] [] [c.g.f.d.m.D.selectList_mpCount] [http-nio-8080-exec-2] [DEBUG] - ==>  Preparing: SELECT COUNT(*) AS total FROM data_daily_sales_tb
[2026-09-15 22:40:17.870] [gas-forecast] [] [] [c.g.f.d.m.D.selectList_mpCount] [http-nio-8080-exec-2] [DEBUG] - ==> Parameters: 
[2026-09-15 22:40:17.873] [gas-forecast] [] [] [c.g.f.d.m.D.selectList_mpCount] [http-nio-8080-exec-2] [DEBUG] - <==      Total: 1
[2026-09-15 22:40:17.873] [gas-forecast] [] [] [c.g.f.d.m.D.selectList] [http-nio-8080-exec-2] [DEBUG] - ==>  Preparing: SELECT id,stat_date,region_name,industry_name,customer_name,customer_code,gas_sales,file_id,created_at,region_code,industry_code FROM data_daily_sales_tb ORDER BY stat_date DESC,id DESC LIMIT ?
[2026-09-15 22:40:17.873] [gas-forecast] [] [] [c.g.f.d.m.D.selectList] [http-nio-8080-exec-2] [DEBUG] - ==> Parameters: 10(Long)
[2026-09-15 22:40:17.904] [gas-forecast] [] [] [c.g.f.d.m.D.selectList] [http-nio-8080-exec-2] [DEBUG] - <==      Total: 10
[2026-09-15 22:40:18.684] [gas-forecast] [] [] [c.g.f.d.m.S.selectByUsername] [http-nio-8080-exec-3] [DEBUG] - ==>  Preparing: select distinct p.* from sys_permission_tb p where p.status = 1 and ( exists ( select 1 from sys_user_tb u join sys_user_role_ref ur on ur.user_id = u.id join sys_role_permission_ref rp on rp.role_id = ur.role_id where rp.permission_id = p.id and u.username = ? and u.deleted = 0 ) or exists ( select 1 from sys_user_tb u join sys_user_department_ref ud on ud.user_id = u.id join sys_department_permission_ref dp on dp.department_id = ud.department_id where dp.permission_id = p.id and u.username = ? and u.deleted = 0 ) ) order by p.sort_no, p.id
[2026-09-15 22:40:18.685] [gas-forecast] [] [] [c.g.f.d.m.S.selectByUsername] [http-nio-8080-exec-3] [DEBUG] - ==> Parameters: admin(String), admin(String)
[2026-09-15 22:40:18.686] [gas-forecast] [] [] [c.g.f.d.m.S.selectByUsername] [http-nio-8080-exec-3] [DEBUG] - <==      Total: 50
[2026-09-15 22:40:18.688] [gas-forecast] [] [] [c.g.f.d.m.D.selectList_mpCount] [http-nio-8080-exec-3] [DEBUG] - ==>  Preparing: SELECT COUNT(*) AS total FROM data_monthly_sales_tb
[2026-09-15 22:40:18.689] [gas-forecast] [] [] [c.g.f.d.m.D.selectList_mpCount] [http-nio-8080-exec-3] [DEBUG] - ==> Parameters: 
[2026-09-15 22:40:18.690] [gas-forecast] [] [] [c.g.f.d.m.D.selectList_mpCount] [http-nio-8080-exec-3] [DEBUG] - <==      Total: 1
[2026-09-15 22:40:18.690] [gas-forecast] [] [] [c.g.f.d.m.D.selectList] [http-nio-8080-exec-3] [DEBUG] - ==>  Preparing: SELECT id,stat_date,region_name,region_code,industry_name,industry_code,customer_name,customer_code,gas_sales,file_id,created_at FROM data_monthly_sales_tb ORDER BY stat_date DESC,id DESC LIMIT ?
[2026-09-15 22:40:18.691] [gas-forecast] [] [] [c.g.f.d.m.D.selectList] [http-nio-8080-exec-3] [DEBUG] - ==> Parameters: 10(Long)
[2026-09-15 22:40:18.692] [gas-forecast] [] [] [c.g.f.d.m.D.selectList] [http-nio-8080-exec-3] [DEBUG] - <==      Total: 10
[2026-09-15 22:40:20.559] [gas-forecast] [] [] [c.g.f.d.m.S.selectByUsername] [http-nio-8080-exec-4] [DEBUG] - ==>  Preparing: select distinct p.* from sys_permission_tb p where p.status = 1 and ( exists ( select 1 from sys_user_tb u join sys_user_role_ref ur on ur.user_id = u.id join sys_role_permission_ref rp on rp.role_id = ur.role_id where rp.permission_id = p.id and u.username = ? and u.deleted = 0 ) or exists ( select 1 from sys_user_tb u join sys_user_department_ref ud on ud.user_id = u.id join sys_department_permission_ref dp on dp.department_id = ud.department_id where dp.permission_id = p.id and u.username = ? and u.deleted = 0 ) ) order by p.sort_no, p.id
[2026-09-15 22:40:20.559] [gas-forecast] [] [] [c.g.f.d.m.S.selectByUsername] [http-nio-8080-exec-4] [DEBUG] - ==> Parameters: admin(String), admin(String)
[2026-09-15 22:40:20.561] [gas-forecast] [] [] [c.g.f.d.m.S.selectByUsername] [http-nio-8080-exec-4] [DEBUG] - <==      Total: 50
[2026-09-15 22:40:20.563] [gas-forecast] [] [] [c.g.f.d.m.D.selectList_mpCount] [http-nio-8080-exec-4] [DEBUG] - ==>  Preparing: SELECT COUNT(*) AS total FROM data_monthly_sales_tb
[2026-09-15 22:40:20.563] [gas-forecast] [] [] [c.g.f.d.m.D.selectList_mpCount] [http-nio-8080-exec-4] [DEBUG] - ==> Parameters: 
[2026-09-15 22:40:20.564] [gas-forecast] [] [] [c.g.f.d.m.D.selectList_mpCount] [http-nio-8080-exec-4] [DEBUG] - <==      Total: 1
[2026-09-15 22:40:20.565] [gas-forecast] [] [] [c.g.f.d.m.D.selectList] [http-nio-8080-exec-4] [DEBUG] - ==>  Preparing: SELECT id,stat_date,region_name,region_code,industry_name,industry_code,customer_name,customer_code,gas_sales,file_id,created_at FROM data_monthly_sales_tb ORDER BY stat_date DESC,id DESC LIMIT ?
[2026-09-15 22:40:20.565] [gas-forecast] [] [] [c.g.f.d.m.D.selectList] [http-nio-8080-exec-4] [DEBUG] - ==> Parameters: 10(Long)
[2026-09-15 22:40:20.566] [gas-forecast] [] [] [c.g.f.d.m.D.selectList] [http-nio-8080-exec-4] [DEBUG] - <==      Total: 10
[2026-09-15 22:40:20.899] [gas-forecast] [] [] [c.g.f.d.m.S.selectByUsername] [http-nio-8080-exec-5] [DEBUG] - ==>  Preparing: select distinct p.* from sys_permission_tb p where p.status = 1 and ( exists ( select 1 from sys_user_tb u join sys_user_role_ref ur on ur.user_id = u.id join sys_role_permission_ref rp on rp.role_id = ur.role_id where rp.permission_id = p.id and u.username = ? and u.deleted = 0 ) or exists ( select 1 from sys_user_tb u join sys_user_department_ref ud on ud.user_id = u.id join sys_department_permission_ref dp on dp.department_id = ud.department_id where dp.permission_id = p.id and u.username = ? and u.deleted = 0 ) ) order by p.sort_no, p.id
[2026-09-15 22:40:20.899] [gas-forecast] [] [] [c.g.f.d.m.S.selectByUsername] [http-nio-8080-exec-5] [DEBUG] - ==> Parameters: admin(String), admin(String)
[2026-09-15 22:40:20.901] [gas-forecast] [] [] [c.g.f.d.m.S.selectByUsername] [http-nio-8080-exec-5] [DEBUG] - <==      Total: 50
[2026-09-15 22:40:20.902] [gas-forecast] [] [] [c.g.f.d.m.D.selectList_mpCount] [http-nio-8080-exec-5] [DEBUG] - ==>  Preparing: SELECT COUNT(*) AS total FROM data_daily_sales_tb
[2026-09-15 22:40:20.903] [gas-forecast] [] [] [c.g.f.d.m.D.selectList_mpCount] [http-nio-8080-exec-5] [DEBUG] - ==> Parameters: 
[2026-09-15 22:40:20.907] [gas-forecast] [] [] [c.g.f.d.m.D.selectList_mpCount] [http-nio-8080-exec-5] [DEBUG] - <==      Total: 1
[2026-09-15 22:40:20.907] [gas-forecast] [] [] [c.g.f.d.m.D.selectList] [http-nio-8080-exec-5] [DEBUG] - ==>  Preparing: SELECT id,stat_date,region_name,industry_name,customer_name,customer_code,gas_sales,file_id,created_at,region_code,industry_code FROM data_daily_sales_tb ORDER BY stat_date DESC,id DESC LIMIT ?
[2026-09-15 22:40:20.908] [gas-forecast] [] [] [c.g.f.d.m.D.selectList] [http-nio-8080-exec-5] [DEBUG] - ==> Parameters: 10(Long)
[2026-09-15 22:40:20.937] [gas-forecast] [] [] [c.g.f.d.m.D.selectList] [http-nio-8080-exec-5] [DEBUG] - <==      Total: 10
[2026-09-15 22:40:21.898] [gas-forecast] [] [] [c.g.f.d.m.S.selectByUsername] [http-nio-8080-exec-7] [DEBUG] - ==>  Preparing: select distinct p.* from sys_permission_tb p where p.status = 1 and ( exists ( select 1 from sys_user_tb u join sys_user_role_ref ur on ur.user_id = u.id join sys_role_permission_ref rp on rp.role_id = ur.role_id where rp.permission_id = p.id and u.username = ? and u.deleted = 0 ) or exists ( select 1 from sys_user_tb u join sys_user_department_ref ud on ud.user_id = u.id join sys_department_permission_ref dp on dp.department_id = ud.department_id where dp.permission_id = p.id and u.username = ? and u.deleted = 0 ) ) order by p.sort_no, p.id
[2026-09-15 22:40:21.899] [gas-forecast] [] [] [c.g.f.d.m.S.selectByUsername] [http-nio-8080-exec-7] [DEBUG] - ==> Parameters: admin(String), admin(String)
[2026-09-15 22:40:21.900] [gas-forecast] [] [] [c.g.f.d.m.S.selectByUsername] [http-nio-8080-exec-7] [DEBUG] - <==      Total: 50
[2026-09-15 22:40:21.902] [gas-forecast] [] [] [c.g.f.d.m.B.selectList_mpCount] [http-nio-8080-exec-7] [DEBUG] - ==>  Preparing: SELECT COUNT(*) AS total FROM base_industry_tb
[2026-09-15 22:40:21.902] [gas-forecast] [] [] [c.g.f.d.m.B.selectList_mpCount] [http-nio-8080-exec-7] [DEBUG] - ==> Parameters: 
[2026-09-15 22:40:21.903] [gas-forecast] [] [] [c.g.f.d.m.B.selectList_mpCount] [http-nio-8080-exec-7] [DEBUG] - <==      Total: 1
[2026-09-15 22:40:21.903] [gas-forecast] [] [] [c.g.f.d.m.B.selectList] [http-nio-8080-exec-7] [DEBUG] - ==>  Preparing: SELECT id,industry_code,industry_name,created_at,updated_at,created_by,created_by_name,updated_by,updated_by_name FROM base_industry_tb ORDER BY updated_at DESC,id DESC LIMIT ?
[2026-09-15 22:40:21.903] [gas-forecast] [] [] [c.g.f.d.m.B.selectList] [http-nio-8080-exec-7] [DEBUG] - ==> Parameters: 10(Long)
[2026-09-15 22:40:21.904] [gas-forecast] [] [] [c.g.f.d.m.B.selectList] [http-nio-8080-exec-7] [DEBUG] - <==      Total: 3
[2026-09-15 22:40:22.843] [gas-forecast] [] [] [c.g.f.d.m.S.selectByUsername] [http-nio-8080-exec-6] [DEBUG] - ==>  Preparing: select distinct p.* from sys_permission_tb p where p.status = 1 and ( exists ( select 1 from sys_user_tb u join sys_user_role_ref ur on ur.user_id = u.id join sys_role_permission_ref rp on rp.role_id = ur.role_id where rp.permission_id = p.id and u.username = ? and u.deleted = 0 ) or exists ( select 1 from sys_user_tb u join sys_user_department_ref ud on ud.user_id = u.id join sys_department_permission_ref dp on dp.department_id = ud.department_id where dp.permission_id = p.id and u.username = ? and u.deleted = 0 ) ) order by p.sort_no, p.id
[2026-09-15 22:40:22.843] [gas-forecast] [] [] [c.g.f.d.m.S.selectByUsername] [http-nio-8080-exec-6] [DEBUG] - ==> Parameters: admin(String), admin(String)
[2026-09-15 22:40:22.845] [gas-forecast] [] [] [c.g.f.d.m.S.selectByUsername] [http-nio-8080-exec-6] [DEBUG] - <==      Total: 50
[2026-09-15 22:40:22.850] [gas-forecast] [] [] [c.g.f.d.m.B.selectList_mpCount] [http-nio-8080-exec-6] [DEBUG] - ==>  Preparing: SELECT COUNT(*) AS total FROM base_customer_tb
[2026-09-15 22:40:22.850] [gas-forecast] [] [] [c.g.f.d.m.B.selectList_mpCount] [http-nio-8080-exec-6] [DEBUG] - ==> Parameters: 
[2026-09-15 22:40:22.851] [gas-forecast] [] [] [c.g.f.d.m.B.selectList_mpCount] [http-nio-8080-exec-6] [DEBUG] - <==      Total: 1
[2026-09-15 22:40:22.851] [gas-forecast] [] [] [c.g.f.d.m.B.selectList] [http-nio-8080-exec-6] [DEBUG] - ==>  Preparing: SELECT id,customer_code,customer_name,industry_code,industry_name,region_code,region_name,created_at,updated_at,created_by,created_by_name,updated_by,updated_by_name,raw_region_name,raw_industry_name FROM base_customer_tb ORDER BY updated_at DESC,id DESC LIMIT ?
[2026-09-15 22:40:22.851] [gas-forecast] [] [] [c.g.f.d.m.B.selectList] [http-nio-8080-exec-6] [DEBUG] - ==> Parameters: 10(Long)
[2026-09-15 22:40:22.852] [gas-forecast] [] [] [c.g.f.d.m.B.selectList] [http-nio-8080-exec-6] [DEBUG] - <==      Total: 10
[2026-09-15 22:40:23.188] [gas-forecast] [] [] [c.g.f.d.m.S.selectByUsername] [http-nio-8080-exec-8] [DEBUG] - ==>  Preparing: select distinct p.* from sys_permission_tb p where p.status = 1 and ( exists ( select 1 from sys_user_tb u join sys_user_role_ref ur on ur.user_id = u.id join sys_role_permission_ref rp on rp.role_id = ur.role_id where rp.permission_id = p.id and u.username = ? and u.deleted = 0 ) or exists ( select 1 from sys_user_tb u join sys_user_department_ref ud on ud.user_id = u.id join sys_department_permission_ref dp on dp.department_id = ud.department_id where dp.permission_id = p.id and u.username = ? and u.deleted = 0 ) ) order by p.sort_no, p.id
[2026-09-15 22:40:23.189] [gas-forecast] [] [] [c.g.f.d.m.S.selectByUsername] [http-nio-8080-exec-8] [DEBUG] - ==> Parameters: admin(String), admin(String)
[2026-09-15 22:40:23.190] [gas-forecast] [] [] [c.g.f.d.m.S.selectByUsername] [http-nio-8080-exec-8] [DEBUG] - <==      Total: 50
[2026-09-15 22:40:23.195] [gas-forecast] [] [] [c.g.f.d.m.B.selectList_mpCount] [http-nio-8080-exec-8] [DEBUG] - ==>  Preparing: SELECT COUNT(*) AS total FROM base_region_tb
[2026-09-15 22:40:23.195] [gas-forecast] [] [] [c.g.f.d.m.B.selectList_mpCount] [http-nio-8080-exec-8] [DEBUG] - ==> Parameters: 
[2026-09-15 22:40:23.197] [gas-forecast] [] [] [c.g.f.d.m.B.selectList_mpCount] [http-nio-8080-exec-8] [DEBUG] - <==      Total: 1
[2026-09-15 22:40:23.197] [gas-forecast] [] [] [c.g.f.d.m.B.selectList] [http-nio-8080-exec-8] [DEBUG] - ==>  Preparing: SELECT id,region_code,region_name,remark,created_by,created_at,updated_by,updated_at,updated_by_name,created_by_name FROM base_region_tb ORDER BY updated_at DESC,id DESC LIMIT ?
[2026-09-15 22:40:23.197] [gas-forecast] [] [] [c.g.f.d.m.B.selectList] [http-nio-8080-exec-8] [DEBUG] - ==> Parameters: 10(Long)
[2026-09-15 22:40:23.198] [gas-forecast] [] [] [c.g.f.d.m.B.selectList] [http-nio-8080-exec-8] [DEBUG] - <==      Total: 10
[2026-09-15 22:40:48.328] [gas-forecast] [] [] [c.g.f.d.m.SysUserTbMapper.selectList] [http-nio-8080-exec-9] [DEBUG] - ==>  Preparing: SELECT id,username,real_name,password_hash,password_salt,avatar,email,phone,org_code,status,deleted,created_at,updated_at FROM sys_user_tb WHERE (username = ? AND deleted = ?)
[2026-09-15 22:40:48.328] [gas-forecast] [] [] [c.g.f.d.m.SysUserTbMapper.selectList] [http-nio-8080-exec-9] [DEBUG] - ==> Parameters: admin(String), 0(Integer)
[2026-09-15 22:40:48.338] [gas-forecast] [] [] [c.g.f.d.m.SysUserTbMapper.selectList] [http-nio-8080-exec-9] [DEBUG] - <==      Total: 1
[2026-09-15 22:40:48.338] [gas-forecast] [] [] [c.g.f.d.m.S.selectRoleCodesByUsername] [http-nio-8080-exec-9] [DEBUG] - ==>  Preparing: select r.role_code from sys_user_tb u join sys_user_role_ref ur on ur.user_id = u.id join sys_role_tb r on r.id = ur.role_id where u.username = ? order by r.role_code
[2026-09-15 22:40:48.338] [gas-forecast] [] [] [c.g.f.d.m.S.selectRoleCodesByUsername] [http-nio-8080-exec-9] [DEBUG] - ==> Parameters: admin(String)
[2026-09-15 22:40:48.341] [gas-forecast] [] [] [c.g.f.d.m.S.selectRoleCodesByUsername] [http-nio-8080-exec-9] [DEBUG] - <==      Total: 1
[2026-09-15 22:40:48.342] [gas-forecast] [] [] [c.g.f.d.m.S.selectByUsername] [http-nio-8080-exec-9] [DEBUG] - ==>  Preparing: select distinct p.* from sys_permission_tb p where p.status = 1 and ( exists ( select 1 from sys_user_tb u join sys_user_role_ref ur on ur.user_id = u.id join sys_role_permission_ref rp on rp.role_id = ur.role_id where rp.permission_id = p.id and u.username = ? and u.deleted = 0 ) or exists ( select 1 from sys_user_tb u join sys_user_department_ref ud on ud.user_id = u.id join sys_department_permission_ref dp on dp.department_id = ud.department_id where dp.permission_id = p.id and u.username = ? and u.deleted = 0 ) ) order by p.sort_no, p.id
[2026-09-15 22:40:48.342] [gas-forecast] [] [] [c.g.f.d.m.S.selectByUsername] [http-nio-8080-exec-9] [DEBUG] - ==> Parameters: admin(String), admin(String)
[2026-09-15 22:40:48.344] [gas-forecast] [] [] [c.g.f.d.m.S.selectByUsername] [http-nio-8080-exec-9] [DEBUG] - <==      Total: 50
