[2026-09-12 08:54:32.093] [gas-forecast] [] [] [c.g.f.d.m.SysUserTbMapper.selectList] [http-nio-8080-exec-2] [DEBUG] - ==>  Preparing: SELECT id,username,real_name,password_hash,password_salt,avatar,email,phone,org_code,status,deleted,created_at,updated_at FROM sys_user_tb WHERE (username = ? AND deleted = ?)
[2026-09-12 08:54:32.106] [gas-forecast] [] [] [c.g.f.d.m.SysUserTbMapper.selectList] [http-nio-8080-exec-2] [DEBUG] - ==> Parameters: admin(String), 0(Integer)
[2026-09-12 08:54:32.117] [gas-forecast] [] [] [c.g.f.d.m.SysUserTbMapper.selectList] [http-nio-8080-exec-2] [DEBUG] - <==      Total: 1
[2026-09-12 08:54:32.257] [gas-forecast] [] [] [c.g.f.d.m.S.selectRoleCodesByUsername] [http-nio-8080-exec-2] [DEBUG] - ==>  Preparing: select r.role_code from sys_user_tb u join sys_user_role_ref ur on ur.user_id = u.id join sys_role_tb r on r.id = ur.role_id where u.username = ? order by r.role_code
[2026-09-12 08:54:32.257] [gas-forecast] [] [] [c.g.f.d.m.S.selectRoleCodesByUsername] [http-nio-8080-exec-2] [DEBUG] - ==> Parameters: admin(String)
[2026-09-12 08:54:32.258] [gas-forecast] [] [] [c.g.f.d.m.S.selectRoleCodesByUsername] [http-nio-8080-exec-2] [DEBUG] - <==      Total: 1
[2026-09-12 08:54:32.258] [gas-forecast] [] [] [c.g.f.d.m.S.selectByUsername] [http-nio-8080-exec-2] [DEBUG] - ==>  Preparing: select distinct p.* from sys_permission_tb p where p.status = 1 and ( exists ( select 1 from sys_user_tb u join sys_user_role_ref ur on ur.user_id = u.id join sys_role_permission_ref rp on rp.role_id = ur.role_id where rp.permission_id = p.id and u.username = ? and u.deleted = 0 ) or exists ( select 1 from sys_user_tb u join sys_user_department_ref ud on ud.user_id = u.id join sys_department_permission_ref dp on dp.department_id = ud.department_id where dp.permission_id = p.id and u.username = ? and u.deleted = 0 ) ) order by p.sort_no, p.id
[2026-09-12 08:54:32.259] [gas-forecast] [] [] [c.g.f.d.m.S.selectByUsername] [http-nio-8080-exec-2] [DEBUG] - ==> Parameters: admin(String), admin(String)
[2026-09-12 08:54:32.263] [gas-forecast] [] [] [c.g.f.d.m.S.selectByUsername] [http-nio-8080-exec-2] [DEBUG] - <==      Total: 36
[2026-09-12 09:05:54.970] [gas-forecast] [] [] [c.g.f.d.m.S.selectByUsername] [http-nio-8080-exec-1] [DEBUG] - ==>  Preparing: select distinct p.* from sys_permission_tb p where p.status = 1 and ( exists ( select 1 from sys_user_tb u join sys_user_role_ref ur on ur.user_id = u.id join sys_role_permission_ref rp on rp.role_id = ur.role_id where rp.permission_id = p.id and u.username = ? and u.deleted = 0 ) or exists ( select 1 from sys_user_tb u join sys_user_department_ref ud on ud.user_id = u.id join sys_department_permission_ref dp on dp.department_id = ud.department_id where dp.permission_id = p.id and u.username = ? and u.deleted = 0 ) ) order by p.sort_no, p.id
[2026-09-12 09:05:54.981] [gas-forecast] [] [] [c.g.f.d.m.S.selectByUsername] [http-nio-8080-exec-1] [DEBUG] - ==> Parameters: admin(String), admin(String)
[2026-09-12 09:05:54.996] [gas-forecast] [] [] [c.g.f.d.m.S.selectByUsername] [http-nio-8080-exec-1] [DEBUG] - <==      Total: 46
[2026-09-12 09:05:55.017] [gas-forecast] [] [] [c.g.f.d.m.SysRoleTbMapper.selectList] [http-nio-8080-exec-1] [DEBUG] - ==>  Preparing: SELECT id,role_code,role_name,description,created_at,updated_at FROM sys_role_tb ORDER BY id ASC
[2026-09-12 09:05:55.017] [gas-forecast] [] [] [c.g.f.d.m.SysRoleTbMapper.selectList] [http-nio-8080-exec-1] [DEBUG] - ==> Parameters: 
[2026-09-12 09:05:55.018] [gas-forecast] [] [] [c.g.f.d.m.SysRoleTbMapper.selectList] [http-nio-8080-exec-1] [DEBUG] - <==      Total: 1
[2026-09-12 09:05:55.018] [gas-forecast] [] [] [c.g.f.d.m.S.selectList] [http-nio-8080-exec-1] [DEBUG] - ==>  Preparing: SELECT id,parent_id,department_name,org_code,sort_no,status,created_at,updated_at FROM sys_department_tb ORDER BY sort_no ASC,id ASC
[2026-09-12 09:05:55.019] [gas-forecast] [] [] [c.g.f.d.m.S.selectList] [http-nio-8080-exec-1] [DEBUG] - ==> Parameters: 
[2026-09-12 09:05:55.019] [gas-forecast] [] [] [c.g.f.d.m.S.selectList] [http-nio-8080-exec-1] [DEBUG] - <==      Total: 1
[2026-09-12 09:05:55.020] [gas-forecast] [] [] [c.g.f.d.m.S.selectList] [http-nio-8080-exec-1] [DEBUG] - ==>  Preparing: SELECT id,parent_id,permission_name,path,component,permission_type,perms,icon,sort_no,hidden,status,created_at,updated_at FROM sys_permission_tb ORDER BY sort_no ASC,id ASC
[2026-09-12 09:05:55.020] [gas-forecast] [] [] [c.g.f.d.m.S.selectList] [http-nio-8080-exec-1] [DEBUG] - ==> Parameters: 
[2026-09-12 09:05:55.022] [gas-forecast] [] [] [c.g.f.d.m.S.selectList] [http-nio-8080-exec-1] [DEBUG] - <==      Total: 46
[2026-09-12 09:05:55.051] [gas-forecast] [] [] [c.g.f.d.m.S.selectByUsername] [http-nio-8080-exec-2] [DEBUG] - ==>  Preparing: select distinct p.* from sys_permission_tb p where p.status = 1 and ( exists ( select 1 from sys_user_tb u join sys_user_role_ref ur on ur.user_id = u.id join sys_role_permission_ref rp on rp.role_id = ur.role_id where rp.permission_id = p.id and u.username = ? and u.deleted = 0 ) or exists ( select 1 from sys_user_tb u join sys_user_department_ref ud on ud.user_id = u.id join sys_department_permission_ref dp on dp.department_id = ud.department_id where dp.permission_id = p.id and u.username = ? and u.deleted = 0 ) ) order by p.sort_no, p.id
[2026-09-12 09:05:55.051] [gas-forecast] [] [] [c.g.f.d.m.S.selectByUsername] [http-nio-8080-exec-2] [DEBUG] - ==> Parameters: admin(String), admin(String)
[2026-09-12 09:05:55.055] [gas-forecast] [] [] [c.g.f.d.m.S.selectByUsername] [http-nio-8080-exec-2] [DEBUG] - <==      Total: 46
[2026-09-12 09:05:55.069] [gas-forecast] [] [] [c.g.f.d.m.SysUserTbMapper.selectList] [http-nio-8080-exec-2] [DEBUG] - ==>  Preparing: SELECT id,username,real_name,password_hash,password_salt,avatar,email,phone,org_code,status,deleted,created_at,updated_at FROM sys_user_tb WHERE (deleted = ?) ORDER BY id ASC
[2026-09-12 09:05:55.069] [gas-forecast] [] [] [c.g.f.d.m.SysUserTbMapper.selectList] [http-nio-8080-exec-2] [DEBUG] - ==> Parameters: 0(Integer)
[2026-09-12 09:05:55.071] [gas-forecast] [] [] [c.g.f.d.m.SysUserTbMapper.selectList] [http-nio-8080-exec-2] [DEBUG] - <==      Total: 1
[2026-09-12 09:05:55.071] [gas-forecast] [] [] [c.g.f.d.m.SysRoleTbMapper.selectList] [http-nio-8080-exec-2] [DEBUG] - ==>  Preparing: SELECT id,role_code,role_name,description,created_at,updated_at FROM sys_role_tb ORDER BY id ASC
[2026-09-12 09:05:55.071] [gas-forecast] [] [] [c.g.f.d.m.SysRoleTbMapper.selectList] [http-nio-8080-exec-2] [DEBUG] - ==> Parameters: 
[2026-09-12 09:05:55.072] [gas-forecast] [] [] [c.g.f.d.m.SysRoleTbMapper.selectList] [http-nio-8080-exec-2] [DEBUG] - <==      Total: 1
[2026-09-12 09:05:55.072] [gas-forecast] [] [] [c.g.f.d.m.S.selectList] [http-nio-8080-exec-2] [DEBUG] - ==>  Preparing: SELECT id,parent_id,department_name,org_code,sort_no,status,created_at,updated_at FROM sys_department_tb ORDER BY id ASC
[2026-09-12 09:05:55.072] [gas-forecast] [] [] [c.g.f.d.m.S.selectList] [http-nio-8080-exec-2] [DEBUG] - ==> Parameters: 
[2026-09-12 09:05:55.073] [gas-forecast] [] [] [c.g.f.d.m.S.selectList] [http-nio-8080-exec-2] [DEBUG] - <==      Total: 1
[2026-09-12 09:05:55.073] [gas-forecast] [] [] [c.g.f.d.m.S.selectList] [http-nio-8080-exec-2] [DEBUG] - ==>  Preparing: SELECT id,user_id,role_id FROM sys_user_role_ref
[2026-09-12 09:05:55.073] [gas-forecast] [] [] [c.g.f.d.m.S.selectList] [http-nio-8080-exec-2] [DEBUG] - ==> Parameters: 
[2026-09-12 09:05:55.074] [gas-forecast] [] [] [c.g.f.d.m.S.selectList] [http-nio-8080-exec-2] [DEBUG] - <==      Total: 1
[2026-09-12 09:05:55.074] [gas-forecast] [] [] [c.g.f.d.m.S.selectList] [http-nio-8080-exec-2] [DEBUG] - ==>  Preparing: SELECT id,user_id,department_id FROM sys_user_department_ref
[2026-09-12 09:05:55.074] [gas-forecast] [] [] [c.g.f.d.m.S.selectList] [http-nio-8080-exec-2] [DEBUG] - ==> Parameters: 
[2026-09-12 09:05:55.074] [gas-forecast] [] [] [c.g.f.d.m.S.selectList] [http-nio-8080-exec-2] [DEBUG] - <==      Total: 1
[2026-09-12 09:05:57.522] [gas-forecast] [] [] [c.g.f.d.m.S.selectByUsername] [http-nio-8080-exec-3] [DEBUG] - ==>  Preparing: select distinct p.* from sys_permission_tb p where p.status = 1 and ( exists ( select 1 from sys_user_tb u join sys_user_role_ref ur on ur.user_id = u.id join sys_role_permission_ref rp on rp.role_id = ur.role_id where rp.permission_id = p.id and u.username = ? and u.deleted = 0 ) or exists ( select 1 from sys_user_tb u join sys_user_department_ref ud on ud.user_id = u.id join sys_department_permission_ref dp on dp.department_id = ud.department_id where dp.permission_id = p.id and u.username = ? and u.deleted = 0 ) ) order by p.sort_no, p.id
[2026-09-12 09:05:57.523] [gas-forecast] [] [] [c.g.f.d.m.S.selectByUsername] [http-nio-8080-exec-3] [DEBUG] - ==> Parameters: admin(String), admin(String)
[2026-09-12 09:05:57.526] [gas-forecast] [] [] [c.g.f.d.m.S.selectByUsername] [http-nio-8080-exec-3] [DEBUG] - <==      Total: 46
[2026-09-12 09:05:57.526] [gas-forecast] [] [] [c.g.f.d.m.SysRoleTbMapper.selectList] [http-nio-8080-exec-3] [DEBUG] - ==>  Preparing: SELECT id,role_code,role_name,description,created_at,updated_at FROM sys_role_tb ORDER BY id ASC
[2026-09-12 09:05:57.526] [gas-forecast] [] [] [c.g.f.d.m.SysRoleTbMapper.selectList] [http-nio-8080-exec-3] [DEBUG] - ==> Parameters: 
[2026-09-12 09:05:57.527] [gas-forecast] [] [] [c.g.f.d.m.SysRoleTbMapper.selectList] [http-nio-8080-exec-3] [DEBUG] - <==      Total: 1
[2026-09-12 09:05:57.527] [gas-forecast] [] [] [c.g.f.d.m.S.selectList] [http-nio-8080-exec-3] [DEBUG] - ==>  Preparing: SELECT id,parent_id,department_name,org_code,sort_no,status,created_at,updated_at FROM sys_department_tb ORDER BY sort_no ASC,id ASC
[2026-09-12 09:05:57.527] [gas-forecast] [] [] [c.g.f.d.m.S.selectList] [http-nio-8080-exec-3] [DEBUG] - ==> Parameters: 
[2026-09-12 09:05:57.528] [gas-forecast] [] [] [c.g.f.d.m.S.selectList] [http-nio-8080-exec-3] [DEBUG] - <==      Total: 1
[2026-09-12 09:05:57.528] [gas-forecast] [] [] [c.g.f.d.m.S.selectList] [http-nio-8080-exec-3] [DEBUG] - ==>  Preparing: SELECT id,parent_id,permission_name,path,component,permission_type,perms,icon,sort_no,hidden,status,created_at,updated_at FROM sys_permission_tb ORDER BY sort_no ASC,id ASC
[2026-09-12 09:05:57.529] [gas-forecast] [] [] [c.g.f.d.m.S.selectList] [http-nio-8080-exec-3] [DEBUG] - ==> Parameters: 
[2026-09-12 09:05:57.530] [gas-forecast] [] [] [c.g.f.d.m.S.selectList] [http-nio-8080-exec-3] [DEBUG] - <==      Total: 46
[2026-09-12 09:05:57.534] [gas-forecast] [] [] [c.g.f.d.m.S.selectByUsername] [http-nio-8080-exec-4] [DEBUG] - ==>  Preparing: select distinct p.* from sys_permission_tb p where p.status = 1 and ( exists ( select 1 from sys_user_tb u join sys_user_role_ref ur on ur.user_id = u.id join sys_role_permission_ref rp on rp.role_id = ur.role_id where rp.permission_id = p.id and u.username = ? and u.deleted = 0 ) or exists ( select 1 from sys_user_tb u join sys_user_department_ref ud on ud.user_id = u.id join sys_department_permission_ref dp on dp.department_id = ud.department_id where dp.permission_id = p.id and u.username = ? and u.deleted = 0 ) ) order by p.sort_no, p.id
[2026-09-12 09:05:57.535] [gas-forecast] [] [] [c.g.f.d.m.S.selectByUsername] [http-nio-8080-exec-4] [DEBUG] - ==> Parameters: admin(String), admin(String)
[2026-09-12 09:05:57.536] [gas-forecast] [] [] [c.g.f.d.m.S.selectByUsername] [http-nio-8080-exec-4] [DEBUG] - <==      Total: 46
[2026-09-12 09:05:57.537] [gas-forecast] [] [] [c.g.f.d.m.S.selectList] [http-nio-8080-exec-4] [DEBUG] - ==>  Preparing: SELECT id,role_id,permission_id FROM sys_role_permission_ref
[2026-09-12 09:05:57.537] [gas-forecast] [] [] [c.g.f.d.m.S.selectList] [http-nio-8080-exec-4] [DEBUG] - ==> Parameters: 
[2026-09-12 09:05:57.538] [gas-forecast] [] [] [c.g.f.d.m.S.selectList] [http-nio-8080-exec-4] [DEBUG] - <==      Total: 46
[2026-09-12 09:05:57.538] [gas-forecast] [] [] [c.g.f.d.m.SysRoleTbMapper.selectList] [http-nio-8080-exec-4] [DEBUG] - ==>  Preparing: SELECT id,role_code,role_name,description,created_at,updated_at FROM sys_role_tb ORDER BY id ASC
[2026-09-12 09:05:57.538] [gas-forecast] [] [] [c.g.f.d.m.SysRoleTbMapper.selectList] [http-nio-8080-exec-4] [DEBUG] - ==> Parameters: 
[2026-09-12 09:05:57.539] [gas-forecast] [] [] [c.g.f.d.m.SysRoleTbMapper.selectList] [http-nio-8080-exec-4] [DEBUG] - <==      Total: 1
[2026-09-12 09:05:58.619] [gas-forecast] [] [] [c.g.f.d.m.S.selectByUsername] [http-nio-8080-exec-5] [DEBUG] - ==>  Preparing: select distinct p.* from sys_permission_tb p where p.status = 1 and ( exists ( select 1 from sys_user_tb u join sys_user_role_ref ur on ur.user_id = u.id join sys_role_permission_ref rp on rp.role_id = ur.role_id where rp.permission_id = p.id and u.username = ? and u.deleted = 0 ) or exists ( select 1 from sys_user_tb u join sys_user_department_ref ud on ud.user_id = u.id join sys_department_permission_ref dp on dp.department_id = ud.department_id where dp.permission_id = p.id and u.username = ? and u.deleted = 0 ) ) order by p.sort_no, p.id
[2026-09-12 09:05:58.619] [gas-forecast] [] [] [c.g.f.d.m.S.selectByUsername] [http-nio-8080-exec-5] [DEBUG] - ==> Parameters: admin(String), admin(String)
[2026-09-12 09:05:58.621] [gas-forecast] [] [] [c.g.f.d.m.S.selectByUsername] [http-nio-8080-exec-5] [DEBUG] - <==      Total: 46
[2026-09-12 09:05:58.622] [gas-forecast] [] [] [c.g.f.d.m.SysRoleTbMapper.selectList] [http-nio-8080-exec-5] [DEBUG] - ==>  Preparing: SELECT id,role_code,role_name,description,created_at,updated_at FROM sys_role_tb ORDER BY id ASC
[2026-09-12 09:05:58.622] [gas-forecast] [] [] [c.g.f.d.m.SysRoleTbMapper.selectList] [http-nio-8080-exec-5] [DEBUG] - ==> Parameters: 
[2026-09-12 09:05:58.623] [gas-forecast] [] [] [c.g.f.d.m.SysRoleTbMapper.selectList] [http-nio-8080-exec-5] [DEBUG] - <==      Total: 1
[2026-09-12 09:05:58.623] [gas-forecast] [] [] [c.g.f.d.m.S.selectList] [http-nio-8080-exec-5] [DEBUG] - ==>  Preparing: SELECT id,parent_id,department_name,org_code,sort_no,status,created_at,updated_at FROM sys_department_tb ORDER BY sort_no ASC,id ASC
[2026-09-12 09:05:58.623] [gas-forecast] [] [] [c.g.f.d.m.S.selectList] [http-nio-8080-exec-5] [DEBUG] - ==> Parameters: 
[2026-09-12 09:05:58.623] [gas-forecast] [] [] [c.g.f.d.m.S.selectList] [http-nio-8080-exec-5] [DEBUG] - <==      Total: 1
[2026-09-12 09:05:58.624] [gas-forecast] [] [] [c.g.f.d.m.S.selectList] [http-nio-8080-exec-5] [DEBUG] - ==>  Preparing: SELECT id,parent_id,permission_name,path,component,permission_type,perms,icon,sort_no,hidden,status,created_at,updated_at FROM sys_permission_tb ORDER BY sort_no ASC,id ASC
[2026-09-12 09:05:58.624] [gas-forecast] [] [] [c.g.f.d.m.S.selectList] [http-nio-8080-exec-5] [DEBUG] - ==> Parameters: 
[2026-09-12 09:05:58.625] [gas-forecast] [] [] [c.g.f.d.m.S.selectList] [http-nio-8080-exec-5] [DEBUG] - <==      Total: 46
[2026-09-12 09:05:58.629] [gas-forecast] [] [] [c.g.f.d.m.S.selectByUsername] [http-nio-8080-exec-6] [DEBUG] - ==>  Preparing: select distinct p.* from sys_permission_tb p where p.status = 1 and ( exists ( select 1 from sys_user_tb u join sys_user_role_ref ur on ur.user_id = u.id join sys_role_permission_ref rp on rp.role_id = ur.role_id where rp.permission_id = p.id and u.username = ? and u.deleted = 0 ) or exists ( select 1 from sys_user_tb u join sys_user_department_ref ud on ud.user_id = u.id join sys_department_permission_ref dp on dp.department_id = ud.department_id where dp.permission_id = p.id and u.username = ? and u.deleted = 0 ) ) order by p.sort_no, p.id
[2026-09-12 09:05:58.630] [gas-forecast] [] [] [c.g.f.d.m.S.selectByUsername] [http-nio-8080-exec-6] [DEBUG] - ==> Parameters: admin(String), admin(String)
[2026-09-12 09:05:58.632] [gas-forecast] [] [] [c.g.f.d.m.S.selectByUsername] [http-nio-8080-exec-6] [DEBUG] - <==      Total: 46
[2026-09-12 09:05:58.632] [gas-forecast] [] [] [c.g.f.d.m.SysUserTbMapper.selectList] [http-nio-8080-exec-6] [DEBUG] - ==>  Preparing: SELECT id,username,real_name,password_hash,password_salt,avatar,email,phone,org_code,status,deleted,created_at,updated_at FROM sys_user_tb WHERE (deleted = ?) ORDER BY id ASC
[2026-09-12 09:05:58.632] [gas-forecast] [] [] [c.g.f.d.m.SysUserTbMapper.selectList] [http-nio-8080-exec-6] [DEBUG] - ==> Parameters: 0(Integer)
[2026-09-12 09:05:58.633] [gas-forecast] [] [] [c.g.f.d.m.SysUserTbMapper.selectList] [http-nio-8080-exec-6] [DEBUG] - <==      Total: 1
[2026-09-12 09:05:58.633] [gas-forecast] [] [] [c.g.f.d.m.SysRoleTbMapper.selectList] [http-nio-8080-exec-6] [DEBUG] - ==>  Preparing: SELECT id,role_code,role_name,description,created_at,updated_at FROM sys_role_tb ORDER BY id ASC
[2026-09-12 09:05:58.633] [gas-forecast] [] [] [c.g.f.d.m.SysRoleTbMapper.selectList] [http-nio-8080-exec-6] [DEBUG] - ==> Parameters: 
[2026-09-12 09:05:58.634] [gas-forecast] [] [] [c.g.f.d.m.SysRoleTbMapper.selectList] [http-nio-8080-exec-6] [DEBUG] - <==      Total: 1
[2026-09-12 09:05:58.634] [gas-forecast] [] [] [c.g.f.d.m.S.selectList] [http-nio-8080-exec-6] [DEBUG] - ==>  Preparing: SELECT id,parent_id,department_name,org_code,sort_no,status,created_at,updated_at FROM sys_department_tb ORDER BY id ASC
[2026-09-12 09:05:58.634] [gas-forecast] [] [] [c.g.f.d.m.S.selectList] [http-nio-8080-exec-6] [DEBUG] - ==> Parameters: 
[2026-09-12 09:05:58.634] [gas-forecast] [] [] [c.g.f.d.m.S.selectList] [http-nio-8080-exec-6] [DEBUG] - <==      Total: 1
[2026-09-12 09:05:58.635] [gas-forecast] [] [] [c.g.f.d.m.S.selectList] [http-nio-8080-exec-6] [DEBUG] - ==>  Preparing: SELECT id,user_id,role_id FROM sys_user_role_ref
[2026-09-12 09:05:58.635] [gas-forecast] [] [] [c.g.f.d.m.S.selectList] [http-nio-8080-exec-6] [DEBUG] - ==> Parameters: 
[2026-09-12 09:05:58.635] [gas-forecast] [] [] [c.g.f.d.m.S.selectList] [http-nio-8080-exec-6] [DEBUG] - <==      Total: 1
[2026-09-12 09:05:58.635] [gas-forecast] [] [] [c.g.f.d.m.S.selectList] [http-nio-8080-exec-6] [DEBUG] - ==>  Preparing: SELECT id,user_id,department_id FROM sys_user_department_ref
[2026-09-12 09:05:58.635] [gas-forecast] [] [] [c.g.f.d.m.S.selectList] [http-nio-8080-exec-6] [DEBUG] - ==> Parameters: 
[2026-09-12 09:05:58.636] [gas-forecast] [] [] [c.g.f.d.m.S.selectList] [http-nio-8080-exec-6] [DEBUG] - <==      Total: 1
[2026-09-12 09:06:11.172] [gas-forecast] [] [] [c.g.f.d.m.S.selectByUsername] [http-nio-8080-exec-7] [DEBUG] - ==>  Preparing: select distinct p.* from sys_permission_tb p where p.status = 1 and ( exists ( select 1 from sys_user_tb u join sys_user_role_ref ur on ur.user_id = u.id join sys_role_permission_ref rp on rp.role_id = ur.role_id where rp.permission_id = p.id and u.username = ? and u.deleted = 0 ) or exists ( select 1 from sys_user_tb u join sys_user_department_ref ud on ud.user_id = u.id join sys_department_permission_ref dp on dp.department_id = ud.department_id where dp.permission_id = p.id and u.username = ? and u.deleted = 0 ) ) order by p.sort_no, p.id
[2026-09-12 09:06:11.172] [gas-forecast] [] [] [c.g.f.d.m.S.selectByUsername] [http-nio-8080-exec-7] [DEBUG] - ==> Parameters: admin(String), admin(String)
[2026-09-12 09:06:11.175] [gas-forecast] [] [] [c.g.f.d.m.S.selectByUsername] [http-nio-8080-exec-7] [DEBUG] - <==      Total: 46
[2026-09-12 09:06:11.175] [gas-forecast] [] [] [c.g.f.d.m.SysRoleTbMapper.selectList] [http-nio-8080-exec-7] [DEBUG] - ==>  Preparing: SELECT id,role_code,role_name,description,created_at,updated_at FROM sys_role_tb ORDER BY id ASC
[2026-09-12 09:06:11.175] [gas-forecast] [] [] [c.g.f.d.m.SysRoleTbMapper.selectList] [http-nio-8080-exec-7] [DEBUG] - ==> Parameters: 
[2026-09-12 09:06:11.177] [gas-forecast] [] [] [c.g.f.d.m.SysRoleTbMapper.selectList] [http-nio-8080-exec-7] [DEBUG] - <==      Total: 1
[2026-09-12 09:06:11.177] [gas-forecast] [] [] [c.g.f.d.m.S.selectList] [http-nio-8080-exec-7] [DEBUG] - ==>  Preparing: SELECT id,parent_id,department_name,org_code,sort_no,status,created_at,updated_at FROM sys_department_tb ORDER BY sort_no ASC,id ASC
[2026-09-12 09:06:11.177] [gas-forecast] [] [] [c.g.f.d.m.S.selectList] [http-nio-8080-exec-7] [DEBUG] - ==> Parameters: 
[2026-09-12 09:06:11.178] [gas-forecast] [] [] [c.g.f.d.m.S.selectList] [http-nio-8080-exec-7] [DEBUG] - <==      Total: 1
[2026-09-12 09:06:11.178] [gas-forecast] [] [] [c.g.f.d.m.S.selectList] [http-nio-8080-exec-7] [DEBUG] - ==>  Preparing: SELECT id,parent_id,permission_name,path,component,permission_type,perms,icon,sort_no,hidden,status,created_at,updated_at FROM sys_permission_tb ORDER BY sort_no ASC,id ASC
[2026-09-12 09:06:11.178] [gas-forecast] [] [] [c.g.f.d.m.S.selectList] [http-nio-8080-exec-7] [DEBUG] - ==> Parameters: 
[2026-09-12 09:06:11.179] [gas-forecast] [] [] [c.g.f.d.m.S.selectList] [http-nio-8080-exec-7] [DEBUG] - <==      Total: 46
[2026-09-12 09:06:11.194] [gas-forecast] [] [] [c.g.f.d.m.S.selectByUsername] [http-nio-8080-exec-8] [DEBUG] - ==>  Preparing: select distinct p.* from sys_permission_tb p where p.status = 1 and ( exists ( select 1 from sys_user_tb u join sys_user_role_ref ur on ur.user_id = u.id join sys_role_permission_ref rp on rp.role_id = ur.role_id where rp.permission_id = p.id and u.username = ? and u.deleted = 0 ) or exists ( select 1 from sys_user_tb u join sys_user_department_ref ud on ud.user_id = u.id join sys_department_permission_ref dp on dp.department_id = ud.department_id where dp.permission_id = p.id and u.username = ? and u.deleted = 0 ) ) order by p.sort_no, p.id
[2026-09-12 09:06:11.194] [gas-forecast] [] [] [c.g.f.d.m.S.selectByUsername] [http-nio-8080-exec-8] [DEBUG] - ==> Parameters: admin(String), admin(String)
[2026-09-12 09:06:11.196] [gas-forecast] [] [] [c.g.f.d.m.S.selectByUsername] [http-nio-8080-exec-8] [DEBUG] - <==      Total: 46
[2026-09-12 09:06:11.197] [gas-forecast] [] [] [c.g.f.d.m.S.selectList] [http-nio-8080-exec-8] [DEBUG] - ==>  Preparing: SELECT id,role_id,permission_id FROM sys_role_permission_ref
[2026-09-12 09:06:11.198] [gas-forecast] [] [] [c.g.f.d.m.S.selectList] [http-nio-8080-exec-8] [DEBUG] - ==> Parameters: 
[2026-09-12 09:06:11.199] [gas-forecast] [] [] [c.g.f.d.m.S.selectList] [http-nio-8080-exec-8] [DEBUG] - <==      Total: 46
[2026-09-12 09:06:11.199] [gas-forecast] [] [] [c.g.f.d.m.SysRoleTbMapper.selectList] [http-nio-8080-exec-8] [DEBUG] - ==>  Preparing: SELECT id,role_code,role_name,description,created_at,updated_at FROM sys_role_tb ORDER BY id ASC
[2026-09-12 09:06:11.199] [gas-forecast] [] [] [c.g.f.d.m.SysRoleTbMapper.selectList] [http-nio-8080-exec-8] [DEBUG] - ==> Parameters: 
[2026-09-12 09:06:11.200] [gas-forecast] [] [] [c.g.f.d.m.SysRoleTbMapper.selectList] [http-nio-8080-exec-8] [DEBUG] - <==      Total: 1
[2026-09-12 09:06:26.888] [gas-forecast] [] [] [c.g.f.d.m.S.selectByUsername] [http-nio-8080-exec-9] [DEBUG] - ==>  Preparing: select distinct p.* from sys_permission_tb p where p.status = 1 and ( exists ( select 1 from sys_user_tb u join sys_user_role_ref ur on ur.user_id = u.id join sys_role_permission_ref rp on rp.role_id = ur.role_id where rp.permission_id = p.id and u.username = ? and u.deleted = 0 ) or exists ( select 1 from sys_user_tb u join sys_user_department_ref ud on ud.user_id = u.id join sys_department_permission_ref dp on dp.department_id = ud.department_id where dp.permission_id = p.id and u.username = ? and u.deleted = 0 ) ) order by p.sort_no, p.id
[2026-09-12 09:06:26.889] [gas-forecast] [] [] [c.g.f.d.m.S.selectByUsername] [http-nio-8080-exec-9] [DEBUG] - ==> Parameters: admin(String), admin(String)
[2026-09-12 09:06:26.890] [gas-forecast] [] [] [c.g.f.d.m.S.selectByUsername] [http-nio-8080-exec-9] [DEBUG] - <==      Total: 46
[2026-09-12 09:06:26.891] [gas-forecast] [] [] [c.g.f.d.m.SysRoleTbMapper.selectList] [http-nio-8080-exec-9] [DEBUG] - ==>  Preparing: SELECT id,role_code,role_name,description,created_at,updated_at FROM sys_role_tb ORDER BY id ASC
[2026-09-12 09:06:26.891] [gas-forecast] [] [] [c.g.f.d.m.SysRoleTbMapper.selectList] [http-nio-8080-exec-9] [DEBUG] - ==> Parameters: 
[2026-09-12 09:06:26.892] [gas-forecast] [] [] [c.g.f.d.m.SysRoleTbMapper.selectList] [http-nio-8080-exec-9] [DEBUG] - <==      Total: 1
[2026-09-12 09:06:26.892] [gas-forecast] [] [] [c.g.f.d.m.S.selectList] [http-nio-8080-exec-9] [DEBUG] - ==>  Preparing: SELECT id,parent_id,department_name,org_code,sort_no,status,created_at,updated_at FROM sys_department_tb ORDER BY sort_no ASC,id ASC
[2026-09-12 09:06:26.892] [gas-forecast] [] [] [c.g.f.d.m.S.selectList] [http-nio-8080-exec-9] [DEBUG] - ==> Parameters: 
[2026-09-12 09:06:26.893] [gas-forecast] [] [] [c.g.f.d.m.S.selectList] [http-nio-8080-exec-9] [DEBUG] - <==      Total: 1
[2026-09-12 09:06:26.893] [gas-forecast] [] [] [c.g.f.d.m.S.selectList] [http-nio-8080-exec-9] [DEBUG] - ==>  Preparing: SELECT id,parent_id,permission_name,path,component,permission_type,perms,icon,sort_no,hidden,status,created_at,updated_at FROM sys_permission_tb ORDER BY sort_no ASC,id ASC
[2026-09-12 09:06:26.893] [gas-forecast] [] [] [c.g.f.d.m.S.selectList] [http-nio-8080-exec-9] [DEBUG] - ==> Parameters: 
[2026-09-12 09:06:26.894] [gas-forecast] [] [] [c.g.f.d.m.S.selectList] [http-nio-8080-exec-9] [DEBUG] - <==      Total: 46
[2026-09-12 09:06:26.898] [gas-forecast] [] [] [c.g.f.d.m.S.selectByUsername] [http-nio-8080-exec-10] [DEBUG] - ==>  Preparing: select distinct p.* from sys_permission_tb p where p.status = 1 and ( exists ( select 1 from sys_user_tb u join sys_user_role_ref ur on ur.user_id = u.id join sys_role_permission_ref rp on rp.role_id = ur.role_id where rp.permission_id = p.id and u.username = ? and u.deleted = 0 ) or exists ( select 1 from sys_user_tb u join sys_user_department_ref ud on ud.user_id = u.id join sys_department_permission_ref dp on dp.department_id = ud.department_id where dp.permission_id = p.id and u.username = ? and u.deleted = 0 ) ) order by p.sort_no, p.id
[2026-09-12 09:06:26.898] [gas-forecast] [] [] [c.g.f.d.m.S.selectByUsername] [http-nio-8080-exec-10] [DEBUG] - ==> Parameters: admin(String), admin(String)
[2026-09-12 09:06:26.899] [gas-forecast] [] [] [c.g.f.d.m.S.selectByUsername] [http-nio-8080-exec-10] [DEBUG] - <==      Total: 46
[2026-09-12 09:06:26.900] [gas-forecast] [] [] [c.g.f.d.m.S.selectList] [http-nio-8080-exec-10] [DEBUG] - ==>  Preparing: SELECT id,role_id,permission_id FROM sys_role_permission_ref
[2026-09-12 09:06:26.900] [gas-forecast] [] [] [c.g.f.d.m.S.selectList] [http-nio-8080-exec-10] [DEBUG] - ==> Parameters: 
[2026-09-12 09:06:26.901] [gas-forecast] [] [] [c.g.f.d.m.S.selectList] [http-nio-8080-exec-10] [DEBUG] - <==      Total: 46
[2026-09-12 09:06:26.901] [gas-forecast] [] [] [c.g.f.d.m.SysRoleTbMapper.selectList] [http-nio-8080-exec-10] [DEBUG] - ==>  Preparing: SELECT id,role_code,role_name,description,created_at,updated_at FROM sys_role_tb ORDER BY id ASC
[2026-09-12 09:06:26.901] [gas-forecast] [] [] [c.g.f.d.m.SysRoleTbMapper.selectList] [http-nio-8080-exec-10] [DEBUG] - ==> Parameters: 
[2026-09-12 09:06:26.902] [gas-forecast] [] [] [c.g.f.d.m.SysRoleTbMapper.selectList] [http-nio-8080-exec-10] [DEBUG] - <==      Total: 1
[2026-09-12 09:06:27.377] [gas-forecast] [] [] [c.g.f.d.m.S.selectByUsername] [http-nio-8080-exec-1] [DEBUG] - ==>  Preparing: select distinct p.* from sys_permission_tb p where p.status = 1 and ( exists ( select 1 from sys_user_tb u join sys_user_role_ref ur on ur.user_id = u.id join sys_role_permission_ref rp on rp.role_id = ur.role_id where rp.permission_id = p.id and u.username = ? and u.deleted = 0 ) or exists ( select 1 from sys_user_tb u join sys_user_department_ref ud on ud.user_id = u.id join sys_department_permission_ref dp on dp.department_id = ud.department_id where dp.permission_id = p.id and u.username = ? and u.deleted = 0 ) ) order by p.sort_no, p.id
[2026-09-12 09:06:27.377] [gas-forecast] [] [] [c.g.f.d.m.S.selectByUsername] [http-nio-8080-exec-1] [DEBUG] - ==> Parameters: admin(String), admin(String)
[2026-09-12 09:06:27.379] [gas-forecast] [] [] [c.g.f.d.m.S.selectByUsername] [http-nio-8080-exec-1] [DEBUG] - <==      Total: 46
[2026-09-12 09:06:27.381] [gas-forecast] [] [] [c.g.f.d.m.SysRoleTbMapper.selectList] [http-nio-8080-exec-1] [DEBUG] - ==>  Preparing: SELECT id,role_code,role_name,description,created_at,updated_at FROM sys_role_tb ORDER BY id ASC
[2026-09-12 09:06:27.381] [gas-forecast] [] [] [c.g.f.d.m.SysRoleTbMapper.selectList] [http-nio-8080-exec-1] [DEBUG] - ==> Parameters: 
[2026-09-12 09:06:27.382] [gas-forecast] [] [] [c.g.f.d.m.SysRoleTbMapper.selectList] [http-nio-8080-exec-1] [DEBUG] - <==      Total: 1
[2026-09-12 09:06:27.382] [gas-forecast] [] [] [c.g.f.d.m.S.selectList] [http-nio-8080-exec-1] [DEBUG] - ==>  Preparing: SELECT id,parent_id,department_name,org_code,sort_no,status,created_at,updated_at FROM sys_department_tb ORDER BY sort_no ASC,id ASC
[2026-09-12 09:06:27.383] [gas-forecast] [] [] [c.g.f.d.m.S.selectList] [http-nio-8080-exec-1] [DEBUG] - ==> Parameters: 
[2026-09-12 09:06:27.383] [gas-forecast] [] [] [c.g.f.d.m.S.selectList] [http-nio-8080-exec-1] [DEBUG] - <==      Total: 1
[2026-09-12 09:06:27.384] [gas-forecast] [] [] [c.g.f.d.m.S.selectList] [http-nio-8080-exec-1] [DEBUG] - ==>  Preparing: SELECT id,parent_id,permission_name,path,component,permission_type,perms,icon,sort_no,hidden,status,created_at,updated_at FROM sys_permission_tb ORDER BY sort_no ASC,id ASC
[2026-09-12 09:06:27.384] [gas-forecast] [] [] [c.g.f.d.m.S.selectList] [http-nio-8080-exec-1] [DEBUG] - ==> Parameters: 
[2026-09-12 09:06:27.385] [gas-forecast] [] [] [c.g.f.d.m.S.selectList] [http-nio-8080-exec-1] [DEBUG] - <==      Total: 46
[2026-09-12 09:06:27.389] [gas-forecast] [] [] [c.g.f.d.m.S.selectByUsername] [http-nio-8080-exec-2] [DEBUG] - ==>  Preparing: select distinct p.* from sys_permission_tb p where p.status = 1 and ( exists ( select 1 from sys_user_tb u join sys_user_role_ref ur on ur.user_id = u.id join sys_role_permission_ref rp on rp.role_id = ur.role_id where rp.permission_id = p.id and u.username = ? and u.deleted = 0 ) or exists ( select 1 from sys_user_tb u join sys_user_department_ref ud on ud.user_id = u.id join sys_department_permission_ref dp on dp.department_id = ud.department_id where dp.permission_id = p.id and u.username = ? and u.deleted = 0 ) ) order by p.sort_no, p.id
[2026-09-12 09:06:27.390] [gas-forecast] [] [] [c.g.f.d.m.S.selectByUsername] [http-nio-8080-exec-2] [DEBUG] - ==> Parameters: admin(String), admin(String)
[2026-09-12 09:06:27.391] [gas-forecast] [] [] [c.g.f.d.m.S.selectByUsername] [http-nio-8080-exec-2] [DEBUG] - <==      Total: 46
[2026-09-12 09:06:27.392] [gas-forecast] [] [] [c.g.f.d.m.SysUserTbMapper.selectList] [http-nio-8080-exec-2] [DEBUG] - ==>  Preparing: SELECT id,username,real_name,password_hash,password_salt,avatar,email,phone,org_code,status,deleted,created_at,updated_at FROM sys_user_tb WHERE (deleted = ?) ORDER BY id ASC
[2026-09-12 09:06:27.392] [gas-forecast] [] [] [c.g.f.d.m.SysUserTbMapper.selectList] [http-nio-8080-exec-2] [DEBUG] - ==> Parameters: 0(Integer)
[2026-09-12 09:06:27.393] [gas-forecast] [] [] [c.g.f.d.m.SysUserTbMapper.selectList] [http-nio-8080-exec-2] [DEBUG] - <==      Total: 1
[2026-09-12 09:06:27.393] [gas-forecast] [] [] [c.g.f.d.m.SysRoleTbMapper.selectList] [http-nio-8080-exec-2] [DEBUG] - ==>  Preparing: SELECT id,role_code,role_name,description,created_at,updated_at FROM sys_role_tb ORDER BY id ASC
[2026-09-12 09:06:27.393] [gas-forecast] [] [] [c.g.f.d.m.SysRoleTbMapper.selectList] [http-nio-8080-exec-2] [DEBUG] - ==> Parameters: 
[2026-09-12 09:06:27.393] [gas-forecast] [] [] [c.g.f.d.m.SysRoleTbMapper.selectList] [http-nio-8080-exec-2] [DEBUG] - <==      Total: 1
[2026-09-12 09:06:27.394] [gas-forecast] [] [] [c.g.f.d.m.S.selectList] [http-nio-8080-exec-2] [DEBUG] - ==>  Preparing: SELECT id,parent_id,department_name,org_code,sort_no,status,created_at,updated_at FROM sys_department_tb ORDER BY id ASC
[2026-09-12 09:06:27.394] [gas-forecast] [] [] [c.g.f.d.m.S.selectList] [http-nio-8080-exec-2] [DEBUG] - ==> Parameters: 
[2026-09-12 09:06:27.394] [gas-forecast] [] [] [c.g.f.d.m.S.selectList] [http-nio-8080-exec-2] [DEBUG] - <==      Total: 1
[2026-09-12 09:06:27.394] [gas-forecast] [] [] [c.g.f.d.m.S.selectList] [http-nio-8080-exec-2] [DEBUG] - ==>  Preparing: SELECT id,user_id,role_id FROM sys_user_role_ref
[2026-09-12 09:06:27.394] [gas-forecast] [] [] [c.g.f.d.m.S.selectList] [http-nio-8080-exec-2] [DEBUG] - ==> Parameters: 
[2026-09-12 09:06:27.394] [gas-forecast] [] [] [c.g.f.d.m.S.selectList] [http-nio-8080-exec-2] [DEBUG] - <==      Total: 1
[2026-09-12 09:06:27.395] [gas-forecast] [] [] [c.g.f.d.m.S.selectList] [http-nio-8080-exec-2] [DEBUG] - ==>  Preparing: SELECT id,user_id,department_id FROM sys_user_department_ref
[2026-09-12 09:06:27.395] [gas-forecast] [] [] [c.g.f.d.m.S.selectList] [http-nio-8080-exec-2] [DEBUG] - ==> Parameters: 
[2026-09-12 09:06:27.395] [gas-forecast] [] [] [c.g.f.d.m.S.selectList] [http-nio-8080-exec-2] [DEBUG] - <==      Total: 1
[2026-09-12 09:06:28.616] [gas-forecast] [] [] [c.g.f.d.m.S.selectByUsername] [http-nio-8080-exec-3] [DEBUG] - ==>  Preparing: select distinct p.* from sys_permission_tb p where p.status = 1 and ( exists ( select 1 from sys_user_tb u join sys_user_role_ref ur on ur.user_id = u.id join sys_role_permission_ref rp on rp.role_id = ur.role_id where rp.permission_id = p.id and u.username = ? and u.deleted = 0 ) or exists ( select 1 from sys_user_tb u join sys_user_department_ref ud on ud.user_id = u.id join sys_department_permission_ref dp on dp.department_id = ud.department_id where dp.permission_id = p.id and u.username = ? and u.deleted = 0 ) ) order by p.sort_no, p.id
[2026-09-12 09:06:28.617] [gas-forecast] [] [] [c.g.f.d.m.S.selectByUsername] [http-nio-8080-exec-3] [DEBUG] - ==> Parameters: admin(String), admin(String)
[2026-09-12 09:06:28.619] [gas-forecast] [] [] [c.g.f.d.m.S.selectByUsername] [http-nio-8080-exec-3] [DEBUG] - <==      Total: 46
[2026-09-12 09:06:28.619] [gas-forecast] [] [] [c.g.f.d.m.SysRoleTbMapper.selectList] [http-nio-8080-exec-3] [DEBUG] - ==>  Preparing: SELECT id,role_code,role_name,description,created_at,updated_at FROM sys_role_tb ORDER BY id ASC
[2026-09-12 09:06:28.619] [gas-forecast] [] [] [c.g.f.d.m.SysRoleTbMapper.selectList] [http-nio-8080-exec-3] [DEBUG] - ==> Parameters: 
[2026-09-12 09:06:28.619] [gas-forecast] [] [] [c.g.f.d.m.SysRoleTbMapper.selectList] [http-nio-8080-exec-3] [DEBUG] - <==      Total: 1
[2026-09-12 09:06:28.620] [gas-forecast] [] [] [c.g.f.d.m.S.selectList] [http-nio-8080-exec-3] [DEBUG] - ==>  Preparing: SELECT id,parent_id,department_name,org_code,sort_no,status,created_at,updated_at FROM sys_department_tb ORDER BY sort_no ASC,id ASC
[2026-09-12 09:06:28.620] [gas-forecast] [] [] [c.g.f.d.m.S.selectList] [http-nio-8080-exec-3] [DEBUG] - ==> Parameters: 
[2026-09-12 09:06:28.620] [gas-forecast] [] [] [c.g.f.d.m.S.selectList] [http-nio-8080-exec-3] [DEBUG] - <==      Total: 1
[2026-09-12 09:06:28.620] [gas-forecast] [] [] [c.g.f.d.m.S.selectList] [http-nio-8080-exec-3] [DEBUG] - ==>  Preparing: SELECT id,parent_id,permission_name,path,component,permission_type,perms,icon,sort_no,hidden,status,created_at,updated_at FROM sys_permission_tb ORDER BY sort_no ASC,id ASC
[2026-09-12 09:06:28.620] [gas-forecast] [] [] [c.g.f.d.m.S.selectList] [http-nio-8080-exec-3] [DEBUG] - ==> Parameters: 
[2026-09-12 09:06:28.621] [gas-forecast] [] [] [c.g.f.d.m.S.selectList] [http-nio-8080-exec-3] [DEBUG] - <==      Total: 46
[2026-09-12 09:06:28.625] [gas-forecast] [] [] [c.g.f.d.m.S.selectByUsername] [http-nio-8080-exec-4] [DEBUG] - ==>  Preparing: select distinct p.* from sys_permission_tb p where p.status = 1 and ( exists ( select 1 from sys_user_tb u join sys_user_role_ref ur on ur.user_id = u.id join sys_role_permission_ref rp on rp.role_id = ur.role_id where rp.permission_id = p.id and u.username = ? and u.deleted = 0 ) or exists ( select 1 from sys_user_tb u join sys_user_department_ref ud on ud.user_id = u.id join sys_department_permission_ref dp on dp.department_id = ud.department_id where dp.permission_id = p.id and u.username = ? and u.deleted = 0 ) ) order by p.sort_no, p.id
[2026-09-12 09:06:28.625] [gas-forecast] [] [] [c.g.f.d.m.S.selectByUsername] [http-nio-8080-exec-4] [DEBUG] - ==> Parameters: admin(String), admin(String)
[2026-09-12 09:06:28.627] [gas-forecast] [] [] [c.g.f.d.m.S.selectByUsername] [http-nio-8080-exec-4] [DEBUG] - <==      Total: 46
[2026-09-12 09:06:28.627] [gas-forecast] [] [] [c.g.f.d.m.S.selectList] [http-nio-8080-exec-4] [DEBUG] - ==>  Preparing: SELECT id,role_id,permission_id FROM sys_role_permission_ref
[2026-09-12 09:06:28.627] [gas-forecast] [] [] [c.g.f.d.m.S.selectList] [http-nio-8080-exec-4] [DEBUG] - ==> Parameters: 
[2026-09-12 09:06:28.628] [gas-forecast] [] [] [c.g.f.d.m.S.selectList] [http-nio-8080-exec-4] [DEBUG] - <==      Total: 46
[2026-09-12 09:06:28.628] [gas-forecast] [] [] [c.g.f.d.m.SysRoleTbMapper.selectList] [http-nio-8080-exec-4] [DEBUG] - ==>  Preparing: SELECT id,role_code,role_name,description,created_at,updated_at FROM sys_role_tb ORDER BY id ASC
[2026-09-12 09:06:28.628] [gas-forecast] [] [] [c.g.f.d.m.SysRoleTbMapper.selectList] [http-nio-8080-exec-4] [DEBUG] - ==> Parameters: 
[2026-09-12 09:06:28.629] [gas-forecast] [] [] [c.g.f.d.m.SysRoleTbMapper.selectList] [http-nio-8080-exec-4] [DEBUG] - <==      Total: 1
[2026-09-12 09:07:06.619] [gas-forecast] [] [] [c.g.f.d.m.S.selectByUsername] [http-nio-8080-exec-5] [DEBUG] - ==>  Preparing: select distinct p.* from sys_permission_tb p where p.status = 1 and ( exists ( select 1 from sys_user_tb u join sys_user_role_ref ur on ur.user_id = u.id join sys_role_permission_ref rp on rp.role_id = ur.role_id where rp.permission_id = p.id and u.username = ? and u.deleted = 0 ) or exists ( select 1 from sys_user_tb u join sys_user_department_ref ud on ud.user_id = u.id join sys_department_permission_ref dp on dp.department_id = ud.department_id where dp.permission_id = p.id and u.username = ? and u.deleted = 0 ) ) order by p.sort_no, p.id
[2026-09-12 09:07:06.620] [gas-forecast] [] [] [c.g.f.d.m.S.selectByUsername] [http-nio-8080-exec-5] [DEBUG] - ==> Parameters: admin(String), admin(String)
[2026-09-12 09:07:06.624] [gas-forecast] [] [] [c.g.f.d.m.S.selectByUsername] [http-nio-8080-exec-5] [DEBUG] - <==      Total: 46
[2026-09-12 09:07:06.625] [gas-forecast] [] [] [c.g.f.d.m.SysRoleTbMapper.selectList] [http-nio-8080-exec-5] [DEBUG] - ==>  Preparing: SELECT id,role_code,role_name,description,created_at,updated_at FROM sys_role_tb ORDER BY id ASC
[2026-09-12 09:07:06.625] [gas-forecast] [] [] [c.g.f.d.m.SysRoleTbMapper.selectList] [http-nio-8080-exec-5] [DEBUG] - ==> Parameters: 
[2026-09-12 09:07:06.625] [gas-forecast] [] [] [c.g.f.d.m.SysRoleTbMapper.selectList] [http-nio-8080-exec-5] [DEBUG] - <==      Total: 1
[2026-09-12 09:07:06.625] [gas-forecast] [] [] [c.g.f.d.m.S.selectList] [http-nio-8080-exec-5] [DEBUG] - ==>  Preparing: SELECT id,parent_id,department_name,org_code,sort_no,status,created_at,updated_at FROM sys_department_tb ORDER BY sort_no ASC,id ASC
[2026-09-12 09:07:06.625] [gas-forecast] [] [] [c.g.f.d.m.S.selectList] [http-nio-8080-exec-5] [DEBUG] - ==> Parameters: 
[2026-09-12 09:07:06.626] [gas-forecast] [] [] [c.g.f.d.m.S.selectList] [http-nio-8080-exec-5] [DEBUG] - <==      Total: 1
[2026-09-12 09:07:06.626] [gas-forecast] [] [] [c.g.f.d.m.S.selectList] [http-nio-8080-exec-5] [DEBUG] - ==>  Preparing: SELECT id,parent_id,permission_name,path,component,permission_type,perms,icon,sort_no,hidden,status,created_at,updated_at FROM sys_permission_tb ORDER BY sort_no ASC,id ASC
[2026-09-12 09:07:06.626] [gas-forecast] [] [] [c.g.f.d.m.S.selectList] [http-nio-8080-exec-5] [DEBUG] - ==> Parameters: 
[2026-09-12 09:07:06.627] [gas-forecast] [] [] [c.g.f.d.m.S.selectList] [http-nio-8080-exec-5] [DEBUG] - <==      Total: 46
[2026-09-12 09:07:06.631] [gas-forecast] [] [] [c.g.f.d.m.S.selectByUsername] [http-nio-8080-exec-6] [DEBUG] - ==>  Preparing: select distinct p.* from sys_permission_tb p where p.status = 1 and ( exists ( select 1 from sys_user_tb u join sys_user_role_ref ur on ur.user_id = u.id join sys_role_permission_ref rp on rp.role_id = ur.role_id where rp.permission_id = p.id and u.username = ? and u.deleted = 0 ) or exists ( select 1 from sys_user_tb u join sys_user_department_ref ud on ud.user_id = u.id join sys_department_permission_ref dp on dp.department_id = ud.department_id where dp.permission_id = p.id and u.username = ? and u.deleted = 0 ) ) order by p.sort_no, p.id
[2026-09-12 09:07:06.631] [gas-forecast] [] [] [c.g.f.d.m.S.selectByUsername] [http-nio-8080-exec-6] [DEBUG] - ==> Parameters: admin(String), admin(String)
[2026-09-12 09:07:06.633] [gas-forecast] [] [] [c.g.f.d.m.S.selectByUsername] [http-nio-8080-exec-6] [DEBUG] - <==      Total: 46
[2026-09-12 09:07:06.633] [gas-forecast] [] [] [c.g.f.d.m.S.selectList] [http-nio-8080-exec-6] [DEBUG] - ==>  Preparing: SELECT id,role_id,permission_id FROM sys_role_permission_ref
[2026-09-12 09:07:06.633] [gas-forecast] [] [] [c.g.f.d.m.S.selectList] [http-nio-8080-exec-6] [DEBUG] - ==> Parameters: 
[2026-09-12 09:07:06.634] [gas-forecast] [] [] [c.g.f.d.m.S.selectList] [http-nio-8080-exec-6] [DEBUG] - <==      Total: 46
[2026-09-12 09:07:06.634] [gas-forecast] [] [] [c.g.f.d.m.SysRoleTbMapper.selectList] [http-nio-8080-exec-6] [DEBUG] - ==>  Preparing: SELECT id,role_code,role_name,description,created_at,updated_at FROM sys_role_tb ORDER BY id ASC
[2026-09-12 09:07:06.634] [gas-forecast] [] [] [c.g.f.d.m.SysRoleTbMapper.selectList] [http-nio-8080-exec-6] [DEBUG] - ==> Parameters: 
[2026-09-12 09:07:06.635] [gas-forecast] [] [] [c.g.f.d.m.SysRoleTbMapper.selectList] [http-nio-8080-exec-6] [DEBUG] - <==      Total: 1
[2026-09-12 09:08:13.069] [gas-forecast] [] [] [c.g.f.d.m.SysUserTbMapper.selectList] [http-nio-8080-exec-2] [DEBUG] - ==>  Preparing: SELECT id,username,real_name,password_hash,password_salt,avatar,email,phone,org_code,status,deleted,created_at,updated_at FROM sys_user_tb WHERE (username = ? AND deleted = ?)
[2026-09-12 09:08:13.078] [gas-forecast] [] [] [c.g.f.d.m.SysUserTbMapper.selectList] [http-nio-8080-exec-2] [DEBUG] - ==> Parameters: admin(String), 0(Integer)
[2026-09-12 09:08:13.088] [gas-forecast] [] [] [c.g.f.d.m.SysUserTbMapper.selectList] [http-nio-8080-exec-2] [DEBUG] - <==      Total: 1
[2026-09-12 09:08:13.219] [gas-forecast] [] [] [c.g.f.d.m.S.selectRoleCodesByUsername] [http-nio-8080-exec-2] [DEBUG] - ==>  Preparing: select r.role_code from sys_user_tb u join sys_user_role_ref ur on ur.user_id = u.id join sys_role_tb r on r.id = ur.role_id where u.username = ? order by r.role_code
[2026-09-12 09:08:13.219] [gas-forecast] [] [] [c.g.f.d.m.S.selectRoleCodesByUsername] [http-nio-8080-exec-2] [DEBUG] - ==> Parameters: admin(String)
[2026-09-12 09:08:13.222] [gas-forecast] [] [] [c.g.f.d.m.S.selectRoleCodesByUsername] [http-nio-8080-exec-2] [DEBUG] - <==      Total: 1
[2026-09-12 09:08:13.222] [gas-forecast] [] [] [c.g.f.d.m.S.selectByUsername] [http-nio-8080-exec-2] [DEBUG] - ==>  Preparing: select distinct p.* from sys_permission_tb p where p.status = 1 and ( exists ( select 1 from sys_user_tb u join sys_user_role_ref ur on ur.user_id = u.id join sys_role_permission_ref rp on rp.role_id = ur.role_id where rp.permission_id = p.id and u.username = ? and u.deleted = 0 ) or exists ( select 1 from sys_user_tb u join sys_user_department_ref ud on ud.user_id = u.id join sys_department_permission_ref dp on dp.department_id = ud.department_id where dp.permission_id = p.id and u.username = ? and u.deleted = 0 ) ) order by p.sort_no, p.id
[2026-09-12 09:08:13.222] [gas-forecast] [] [] [c.g.f.d.m.S.selectByUsername] [http-nio-8080-exec-2] [DEBUG] - ==> Parameters: admin(String), admin(String)
[2026-09-12 09:08:13.228] [gas-forecast] [] [] [c.g.f.d.m.S.selectByUsername] [http-nio-8080-exec-2] [DEBUG] - <==      Total: 46
[2026-09-12 09:08:19.015] [gas-forecast] [] [] [c.g.f.d.m.S.selectByUsername] [http-nio-8080-exec-3] [DEBUG] - ==>  Preparing: select distinct p.* from sys_permission_tb p where p.status = 1 and ( exists ( select 1 from sys_user_tb u join sys_user_role_ref ur on ur.user_id = u.id join sys_role_permission_ref rp on rp.role_id = ur.role_id where rp.permission_id = p.id and u.username = ? and u.deleted = 0 ) or exists ( select 1 from sys_user_tb u join sys_user_department_ref ud on ud.user_id = u.id join sys_department_permission_ref dp on dp.department_id = ud.department_id where dp.permission_id = p.id and u.username = ? and u.deleted = 0 ) ) order by p.sort_no, p.id
[2026-09-12 09:08:19.016] [gas-forecast] [] [] [c.g.f.d.m.S.selectByUsername] [http-nio-8080-exec-3] [DEBUG] - ==> Parameters: admin(String), admin(String)
[2026-09-12 09:08:19.024] [gas-forecast] [] [] [c.g.f.d.m.S.selectByUsername] [http-nio-8080-exec-3] [DEBUG] - <==      Total: 46
[2026-09-12 09:08:19.026] [gas-forecast] [] [] [c.g.f.d.m.SysRoleTbMapper.selectList] [http-nio-8080-exec-3] [DEBUG] - ==>  Preparing: SELECT id,role_code,role_name,description,created_at,updated_at FROM sys_role_tb ORDER BY id ASC
[2026-09-12 09:08:19.026] [gas-forecast] [] [] [c.g.f.d.m.SysRoleTbMapper.selectList] [http-nio-8080-exec-3] [DEBUG] - ==> Parameters: 
[2026-09-12 09:08:19.027] [gas-forecast] [] [] [c.g.f.d.m.SysRoleTbMapper.selectList] [http-nio-8080-exec-3] [DEBUG] - <==      Total: 1
[2026-09-12 09:08:19.027] [gas-forecast] [] [] [c.g.f.d.m.S.selectList] [http-nio-8080-exec-3] [DEBUG] - ==>  Preparing: SELECT id,parent_id,department_name,org_code,sort_no,status,created_at,updated_at FROM sys_department_tb ORDER BY sort_no ASC,id ASC
[2026-09-12 09:08:19.027] [gas-forecast] [] [] [c.g.f.d.m.S.selectList] [http-nio-8080-exec-3] [DEBUG] - ==> Parameters: 
[2026-09-12 09:08:19.029] [gas-forecast] [] [] [c.g.f.d.m.S.selectList] [http-nio-8080-exec-3] [DEBUG] - <==      Total: 1
[2026-09-12 09:08:19.029] [gas-forecast] [] [] [c.g.f.d.m.S.selectList] [http-nio-8080-exec-3] [DEBUG] - ==>  Preparing: SELECT id,parent_id,permission_name,path,component,permission_type,perms,icon,sort_no,hidden,status,created_at,updated_at FROM sys_permission_tb ORDER BY sort_no ASC,id ASC
[2026-09-12 09:08:19.029] [gas-forecast] [] [] [c.g.f.d.m.S.selectList] [http-nio-8080-exec-3] [DEBUG] - ==> Parameters: 
[2026-09-12 09:08:19.033] [gas-forecast] [] [] [c.g.f.d.m.S.selectList] [http-nio-8080-exec-3] [DEBUG] - <==      Total: 46
[2026-09-12 09:08:19.041] [gas-forecast] [] [] [c.g.f.d.m.S.selectByUsername] [http-nio-8080-exec-4] [DEBUG] - ==>  Preparing: select distinct p.* from sys_permission_tb p where p.status = 1 and ( exists ( select 1 from sys_user_tb u join sys_user_role_ref ur on ur.user_id = u.id join sys_role_permission_ref rp on rp.role_id = ur.role_id where rp.permission_id = p.id and u.username = ? and u.deleted = 0 ) or exists ( select 1 from sys_user_tb u join sys_user_department_ref ud on ud.user_id = u.id join sys_department_permission_ref dp on dp.department_id = ud.department_id where dp.permission_id = p.id and u.username = ? and u.deleted = 0 ) ) order by p.sort_no, p.id
[2026-09-12 09:08:19.041] [gas-forecast] [] [] [c.g.f.d.m.S.selectByUsername] [http-nio-8080-exec-4] [DEBUG] - ==> Parameters: admin(String), admin(String)
[2026-09-12 09:08:19.044] [gas-forecast] [] [] [c.g.f.d.m.S.selectByUsername] [http-nio-8080-exec-4] [DEBUG] - <==      Total: 46
[2026-09-12 09:08:19.045] [gas-forecast] [] [] [c.g.f.d.m.S.selectList] [http-nio-8080-exec-4] [DEBUG] - ==>  Preparing: SELECT id,parent_id,permission_name,path,component,permission_type,perms,icon,sort_no,hidden,status,created_at,updated_at FROM sys_permission_tb ORDER BY sort_no ASC,id ASC
[2026-09-12 09:08:19.045] [gas-forecast] [] [] [c.g.f.d.m.S.selectList] [http-nio-8080-exec-4] [DEBUG] - ==> Parameters: 
[2026-09-12 09:08:19.047] [gas-forecast] [] [] [c.g.f.d.m.S.selectList] [http-nio-8080-exec-4] [DEBUG] - <==      Total: 46
[2026-09-12 09:08:32.242] [gas-forecast] [] [] [c.g.f.d.m.S.selectByUsername] [http-nio-8080-exec-5] [DEBUG] - ==>  Preparing: select distinct p.* from sys_permission_tb p where p.status = 1 and ( exists ( select 1 from sys_user_tb u join sys_user_role_ref ur on ur.user_id = u.id join sys_role_permission_ref rp on rp.role_id = ur.role_id where rp.permission_id = p.id and u.username = ? and u.deleted = 0 ) or exists ( select 1 from sys_user_tb u join sys_user_department_ref ud on ud.user_id = u.id join sys_department_permission_ref dp on dp.department_id = ud.department_id where dp.permission_id = p.id and u.username = ? and u.deleted = 0 ) ) order by p.sort_no, p.id
[2026-09-12 09:08:32.242] [gas-forecast] [] [] [c.g.f.d.m.S.selectByUsername] [http-nio-8080-exec-5] [DEBUG] - ==> Parameters: admin(String), admin(String)
[2026-09-12 09:08:32.245] [gas-forecast] [] [] [c.g.f.d.m.S.selectByUsername] [http-nio-8080-exec-5] [DEBUG] - <==      Total: 46
[2026-09-12 09:08:32.246] [gas-forecast] [] [] [c.g.f.d.m.SysRoleTbMapper.selectList] [http-nio-8080-exec-5] [DEBUG] - ==>  Preparing: SELECT id,role_code,role_name,description,created_at,updated_at FROM sys_role_tb ORDER BY id ASC
[2026-09-12 09:08:32.246] [gas-forecast] [] [] [c.g.f.d.m.SysRoleTbMapper.selectList] [http-nio-8080-exec-5] [DEBUG] - ==> Parameters: 
[2026-09-12 09:08:32.247] [gas-forecast] [] [] [c.g.f.d.m.SysRoleTbMapper.selectList] [http-nio-8080-exec-5] [DEBUG] - <==      Total: 1
[2026-09-12 09:08:32.248] [gas-forecast] [] [] [c.g.f.d.m.S.selectList] [http-nio-8080-exec-5] [DEBUG] - ==>  Preparing: SELECT id,parent_id,department_name,org_code,sort_no,status,created_at,updated_at FROM sys_department_tb ORDER BY sort_no ASC,id ASC
[2026-09-12 09:08:32.248] [gas-forecast] [] [] [c.g.f.d.m.S.selectList] [http-nio-8080-exec-5] [DEBUG] - ==> Parameters: 
[2026-09-12 09:08:32.248] [gas-forecast] [] [] [c.g.f.d.m.S.selectList] [http-nio-8080-exec-5] [DEBUG] - <==      Total: 1
[2026-09-12 09:08:32.249] [gas-forecast] [] [] [c.g.f.d.m.S.selectList] [http-nio-8080-exec-5] [DEBUG] - ==>  Preparing: SELECT id,parent_id,permission_name,path,component,permission_type,perms,icon,sort_no,hidden,status,created_at,updated_at FROM sys_permission_tb ORDER BY sort_no ASC,id ASC
[2026-09-12 09:08:32.249] [gas-forecast] [] [] [c.g.f.d.m.S.selectList] [http-nio-8080-exec-5] [DEBUG] - ==> Parameters: 
[2026-09-12 09:08:32.250] [gas-forecast] [] [] [c.g.f.d.m.S.selectList] [http-nio-8080-exec-5] [DEBUG] - <==      Total: 46
[2026-09-12 09:08:32.255] [gas-forecast] [] [] [c.g.f.d.m.S.selectByUsername] [http-nio-8080-exec-6] [DEBUG] - ==>  Preparing: select distinct p.* from sys_permission_tb p where p.status = 1 and ( exists ( select 1 from sys_user_tb u join sys_user_role_ref ur on ur.user_id = u.id join sys_role_permission_ref rp on rp.role_id = ur.role_id where rp.permission_id = p.id and u.username = ? and u.deleted = 0 ) or exists ( select 1 from sys_user_tb u join sys_user_department_ref ud on ud.user_id = u.id join sys_department_permission_ref dp on dp.department_id = ud.department_id where dp.permission_id = p.id and u.username = ? and u.deleted = 0 ) ) order by p.sort_no, p.id
[2026-09-12 09:08:32.255] [gas-forecast] [] [] [c.g.f.d.m.S.selectByUsername] [http-nio-8080-exec-6] [DEBUG] - ==> Parameters: admin(String), admin(String)
[2026-09-12 09:08:32.257] [gas-forecast] [] [] [c.g.f.d.m.S.selectByUsername] [http-nio-8080-exec-6] [DEBUG] - <==      Total: 46
[2026-09-12 09:08:32.262] [gas-forecast] [] [] [c.g.f.d.m.S.selectList] [http-nio-8080-exec-6] [DEBUG] - ==>  Preparing: SELECT id,role_id,permission_id FROM sys_role_permission_ref
[2026-09-12 09:08:32.262] [gas-forecast] [] [] [c.g.f.d.m.S.selectList] [http-nio-8080-exec-6] [DEBUG] - ==> Parameters: 
[2026-09-12 09:08:32.263] [gas-forecast] [] [] [c.g.f.d.m.S.selectList] [http-nio-8080-exec-6] [DEBUG] - <==      Total: 46
[2026-09-12 09:08:32.263] [gas-forecast] [] [] [c.g.f.d.m.SysRoleTbMapper.selectList] [http-nio-8080-exec-6] [DEBUG] - ==>  Preparing: SELECT id,role_code,role_name,description,created_at,updated_at FROM sys_role_tb ORDER BY id ASC
[2026-09-12 09:08:32.263] [gas-forecast] [] [] [c.g.f.d.m.SysRoleTbMapper.selectList] [http-nio-8080-exec-6] [DEBUG] - ==> Parameters: 
[2026-09-12 09:08:32.264] [gas-forecast] [] [] [c.g.f.d.m.SysRoleTbMapper.selectList] [http-nio-8080-exec-6] [DEBUG] - <==      Total: 1
[2026-09-12 09:08:34.922] [gas-forecast] [] [] [c.g.f.d.m.S.selectByUsername] [http-nio-8080-exec-7] [DEBUG] - ==>  Preparing: select distinct p.* from sys_permission_tb p where p.status = 1 and ( exists ( select 1 from sys_user_tb u join sys_user_role_ref ur on ur.user_id = u.id join sys_role_permission_ref rp on rp.role_id = ur.role_id where rp.permission_id = p.id and u.username = ? and u.deleted = 0 ) or exists ( select 1 from sys_user_tb u join sys_user_department_ref ud on ud.user_id = u.id join sys_department_permission_ref dp on dp.department_id = ud.department_id where dp.permission_id = p.id and u.username = ? and u.deleted = 0 ) ) order by p.sort_no, p.id
[2026-09-12 09:08:34.922] [gas-forecast] [] [] [c.g.f.d.m.S.selectByUsername] [http-nio-8080-exec-7] [DEBUG] - ==> Parameters: admin(String), admin(String)
[2026-09-12 09:08:34.925] [gas-forecast] [] [] [c.g.f.d.m.S.selectByUsername] [http-nio-8080-exec-7] [DEBUG] - <==      Total: 46
[2026-09-12 09:08:34.925] [gas-forecast] [] [] [c.g.f.d.m.SysRoleTbMapper.selectList] [http-nio-8080-exec-7] [DEBUG] - ==>  Preparing: SELECT id,role_code,role_name,description,created_at,updated_at FROM sys_role_tb ORDER BY id ASC
[2026-09-12 09:08:34.925] [gas-forecast] [] [] [c.g.f.d.m.SysRoleTbMapper.selectList] [http-nio-8080-exec-7] [DEBUG] - ==> Parameters: 
[2026-09-12 09:08:34.926] [gas-forecast] [] [] [c.g.f.d.m.SysRoleTbMapper.selectList] [http-nio-8080-exec-7] [DEBUG] - <==      Total: 1
[2026-09-12 09:08:34.926] [gas-forecast] [] [] [c.g.f.d.m.S.selectList] [http-nio-8080-exec-7] [DEBUG] - ==>  Preparing: SELECT id,parent_id,department_name,org_code,sort_no,status,created_at,updated_at FROM sys_department_tb ORDER BY sort_no ASC,id ASC
[2026-09-12 09:08:34.926] [gas-forecast] [] [] [c.g.f.d.m.S.selectList] [http-nio-8080-exec-7] [DEBUG] - ==> Parameters: 
[2026-09-12 09:08:34.927] [gas-forecast] [] [] [c.g.f.d.m.S.selectList] [http-nio-8080-exec-7] [DEBUG] - <==      Total: 1
[2026-09-12 09:08:34.927] [gas-forecast] [] [] [c.g.f.d.m.S.selectList] [http-nio-8080-exec-7] [DEBUG] - ==>  Preparing: SELECT id,parent_id,permission_name,path,component,permission_type,perms,icon,sort_no,hidden,status,created_at,updated_at FROM sys_permission_tb ORDER BY sort_no ASC,id ASC
[2026-09-12 09:08:34.927] [gas-forecast] [] [] [c.g.f.d.m.S.selectList] [http-nio-8080-exec-7] [DEBUG] - ==> Parameters: 
[2026-09-12 09:08:34.928] [gas-forecast] [] [] [c.g.f.d.m.S.selectList] [http-nio-8080-exec-7] [DEBUG] - <==      Total: 46
[2026-09-12 09:08:34.932] [gas-forecast] [] [] [c.g.f.d.m.S.selectByUsername] [http-nio-8080-exec-8] [DEBUG] - ==>  Preparing: select distinct p.* from sys_permission_tb p where p.status = 1 and ( exists ( select 1 from sys_user_tb u join sys_user_role_ref ur on ur.user_id = u.id join sys_role_permission_ref rp on rp.role_id = ur.role_id where rp.permission_id = p.id and u.username = ? and u.deleted = 0 ) or exists ( select 1 from sys_user_tb u join sys_user_department_ref ud on ud.user_id = u.id join sys_department_permission_ref dp on dp.department_id = ud.department_id where dp.permission_id = p.id and u.username = ? and u.deleted = 0 ) ) order by p.sort_no, p.id
[2026-09-12 09:08:34.932] [gas-forecast] [] [] [c.g.f.d.m.S.selectByUsername] [http-nio-8080-exec-8] [DEBUG] - ==> Parameters: admin(String), admin(String)
[2026-09-12 09:08:34.934] [gas-forecast] [] [] [c.g.f.d.m.S.selectByUsername] [http-nio-8080-exec-8] [DEBUG] - <==      Total: 46
[2026-09-12 09:08:34.934] [gas-forecast] [] [] [c.g.f.d.m.S.selectList] [http-nio-8080-exec-8] [DEBUG] - ==>  Preparing: SELECT id,parent_id,department_name,org_code,sort_no,status,created_at,updated_at FROM sys_department_tb ORDER BY sort_no ASC,id ASC
[2026-09-12 09:08:34.934] [gas-forecast] [] [] [c.g.f.d.m.S.selectList] [http-nio-8080-exec-8] [DEBUG] - ==> Parameters: 
[2026-09-12 09:08:34.935] [gas-forecast] [] [] [c.g.f.d.m.S.selectList] [http-nio-8080-exec-8] [DEBUG] - <==      Total: 1
[2026-09-12 09:10:02.038] [gas-forecast] [] [] [c.g.f.d.m.S.selectByUsername] [http-nio-8080-exec-9] [DEBUG] - ==>  Preparing: select distinct p.* from sys_permission_tb p where p.status = 1 and ( exists ( select 1 from sys_user_tb u join sys_user_role_ref ur on ur.user_id = u.id join sys_role_permission_ref rp on rp.role_id = ur.role_id where rp.permission_id = p.id and u.username = ? and u.deleted = 0 ) or exists ( select 1 from sys_user_tb u join sys_user_department_ref ud on ud.user_id = u.id join sys_department_permission_ref dp on dp.department_id = ud.department_id where dp.permission_id = p.id and u.username = ? and u.deleted = 0 ) ) order by p.sort_no, p.id
[2026-09-12 09:10:02.038] [gas-forecast] [] [] [c.g.f.d.m.S.selectByUsername] [http-nio-8080-exec-9] [DEBUG] - ==> Parameters: admin(String), admin(String)
[2026-09-12 09:10:02.042] [gas-forecast] [] [] [c.g.f.d.m.S.selectByUsername] [http-nio-8080-exec-9] [DEBUG] - <==      Total: 46
[2026-09-12 09:10:02.043] [gas-forecast] [] [] [c.g.f.d.m.SysRoleTbMapper.selectList] [http-nio-8080-exec-9] [DEBUG] - ==>  Preparing: SELECT id,role_code,role_name,description,created_at,updated_at FROM sys_role_tb ORDER BY id ASC
[2026-09-12 09:10:02.043] [gas-forecast] [] [] [c.g.f.d.m.SysRoleTbMapper.selectList] [http-nio-8080-exec-9] [DEBUG] - ==> Parameters: 
[2026-09-12 09:10:02.043] [gas-forecast] [] [] [c.g.f.d.m.SysRoleTbMapper.selectList] [http-nio-8080-exec-9] [DEBUG] - <==      Total: 1
[2026-09-12 09:10:02.044] [gas-forecast] [] [] [c.g.f.d.m.S.selectList] [http-nio-8080-exec-9] [DEBUG] - ==>  Preparing: SELECT id,parent_id,department_name,org_code,sort_no,status,created_at,updated_at FROM sys_department_tb ORDER BY sort_no ASC,id ASC
[2026-09-12 09:10:02.044] [gas-forecast] [] [] [c.g.f.d.m.S.selectList] [http-nio-8080-exec-9] [DEBUG] - ==> Parameters: 
[2026-09-12 09:10:02.044] [gas-forecast] [] [] [c.g.f.d.m.S.selectList] [http-nio-8080-exec-9] [DEBUG] - <==      Total: 1
[2026-09-12 09:10:02.044] [gas-forecast] [] [] [c.g.f.d.m.S.selectList] [http-nio-8080-exec-9] [DEBUG] - ==>  Preparing: SELECT id,parent_id,permission_name,path,component,permission_type,perms,icon,sort_no,hidden,status,created_at,updated_at FROM sys_permission_tb ORDER BY sort_no ASC,id ASC
[2026-09-12 09:10:02.044] [gas-forecast] [] [] [c.g.f.d.m.S.selectList] [http-nio-8080-exec-9] [DEBUG] - ==> Parameters: 
[2026-09-12 09:10:02.045] [gas-forecast] [] [] [c.g.f.d.m.S.selectList] [http-nio-8080-exec-9] [DEBUG] - <==      Total: 46
[2026-09-12 09:10:02.050] [gas-forecast] [] [] [c.g.f.d.m.S.selectByUsername] [http-nio-8080-exec-10] [DEBUG] - ==>  Preparing: select distinct p.* from sys_permission_tb p where p.status = 1 and ( exists ( select 1 from sys_user_tb u join sys_user_role_ref ur on ur.user_id = u.id join sys_role_permission_ref rp on rp.role_id = ur.role_id where rp.permission_id = p.id and u.username = ? and u.deleted = 0 ) or exists ( select 1 from sys_user_tb u join sys_user_department_ref ud on ud.user_id = u.id join sys_department_permission_ref dp on dp.department_id = ud.department_id where dp.permission_id = p.id and u.username = ? and u.deleted = 0 ) ) order by p.sort_no, p.id
[2026-09-12 09:10:02.051] [gas-forecast] [] [] [c.g.f.d.m.S.selectByUsername] [http-nio-8080-exec-10] [DEBUG] - ==> Parameters: admin(String), admin(String)
[2026-09-12 09:10:02.052] [gas-forecast] [] [] [c.g.f.d.m.S.selectByUsername] [http-nio-8080-exec-10] [DEBUG] - <==      Total: 46
[2026-09-12 09:10:02.053] [gas-forecast] [] [] [c.g.f.d.m.S.selectList] [http-nio-8080-exec-10] [DEBUG] - ==>  Preparing: SELECT id,parent_id,department_name,org_code,sort_no,status,created_at,updated_at FROM sys_department_tb ORDER BY sort_no ASC,id ASC
[2026-09-12 09:10:02.053] [gas-forecast] [] [] [c.g.f.d.m.S.selectList] [http-nio-8080-exec-10] [DEBUG] - ==> Parameters: 
[2026-09-12 09:10:02.053] [gas-forecast] [] [] [c.g.f.d.m.S.selectList] [http-nio-8080-exec-10] [DEBUG] - <==      Total: 1
[2026-09-12 09:13:59.665] [gas-forecast] [] [] [c.g.f.d.m.S.selectByUsername] [http-nio-8080-exec-1] [DEBUG] - ==>  Preparing: select distinct p.* from sys_permission_tb p where p.status = 1 and ( exists ( select 1 from sys_user_tb u join sys_user_role_ref ur on ur.user_id = u.id join sys_role_permission_ref rp on rp.role_id = ur.role_id where rp.permission_id = p.id and u.username = ? and u.deleted = 0 ) or exists ( select 1 from sys_user_tb u join sys_user_department_ref ud on ud.user_id = u.id join sys_department_permission_ref dp on dp.department_id = ud.department_id where dp.permission_id = p.id and u.username = ? and u.deleted = 0 ) ) order by p.sort_no, p.id
[2026-09-12 09:13:59.676] [gas-forecast] [] [] [c.g.f.d.m.S.selectByUsername] [http-nio-8080-exec-1] [DEBUG] - ==> Parameters: admin(String), admin(String)
[2026-09-12 09:13:59.692] [gas-forecast] [] [] [c.g.f.d.m.S.selectByUsername] [http-nio-8080-exec-1] [DEBUG] - <==      Total: 46
[2026-09-12 09:13:59.713] [gas-forecast] [] [] [c.g.f.d.m.SysRoleTbMapper.selectList] [http-nio-8080-exec-1] [DEBUG] - ==>  Preparing: SELECT id,role_code,role_name,description,created_at,updated_at FROM sys_role_tb ORDER BY id ASC
[2026-09-12 09:13:59.713] [gas-forecast] [] [] [c.g.f.d.m.SysRoleTbMapper.selectList] [http-nio-8080-exec-1] [DEBUG] - ==> Parameters: 
[2026-09-12 09:13:59.714] [gas-forecast] [] [] [c.g.f.d.m.SysRoleTbMapper.selectList] [http-nio-8080-exec-1] [DEBUG] - <==      Total: 1
[2026-09-12 09:13:59.715] [gas-forecast] [] [] [c.g.f.d.m.S.selectList] [http-nio-8080-exec-1] [DEBUG] - ==>  Preparing: SELECT id,parent_id,department_name,org_code,sort_no,status,created_at,updated_at FROM sys_department_tb ORDER BY sort_no ASC,id ASC
[2026-09-12 09:13:59.715] [gas-forecast] [] [] [c.g.f.d.m.S.selectList] [http-nio-8080-exec-1] [DEBUG] - ==> Parameters: 
[2026-09-12 09:13:59.716] [gas-forecast] [] [] [c.g.f.d.m.S.selectList] [http-nio-8080-exec-1] [DEBUG] - <==      Total: 7
[2026-09-12 09:13:59.717] [gas-forecast] [] [] [c.g.f.d.m.S.selectList] [http-nio-8080-exec-1] [DEBUG] - ==>  Preparing: SELECT id,parent_id,permission_name,path,component,permission_type,perms,icon,sort_no,hidden,status,created_at,updated_at FROM sys_permission_tb ORDER BY sort_no ASC,id ASC
[2026-09-12 09:13:59.717] [gas-forecast] [] [] [c.g.f.d.m.S.selectList] [http-nio-8080-exec-1] [DEBUG] - ==> Parameters: 
[2026-09-12 09:13:59.720] [gas-forecast] [] [] [c.g.f.d.m.S.selectList] [http-nio-8080-exec-1] [DEBUG] - <==      Total: 46
[2026-09-12 09:13:59.749] [gas-forecast] [] [] [c.g.f.d.m.S.selectByUsername] [http-nio-8080-exec-2] [DEBUG] - ==>  Preparing: select distinct p.* from sys_permission_tb p where p.status = 1 and ( exists ( select 1 from sys_user_tb u join sys_user_role_ref ur on ur.user_id = u.id join sys_role_permission_ref rp on rp.role_id = ur.role_id where rp.permission_id = p.id and u.username = ? and u.deleted = 0 ) or exists ( select 1 from sys_user_tb u join sys_user_department_ref ud on ud.user_id = u.id join sys_department_permission_ref dp on dp.department_id = ud.department_id where dp.permission_id = p.id and u.username = ? and u.deleted = 0 ) ) order by p.sort_no, p.id
[2026-09-12 09:13:59.750] [gas-forecast] [] [] [c.g.f.d.m.S.selectByUsername] [http-nio-8080-exec-2] [DEBUG] - ==> Parameters: admin(String), admin(String)
[2026-09-12 09:13:59.757] [gas-forecast] [] [] [c.g.f.d.m.S.selectByUsername] [http-nio-8080-exec-2] [DEBUG] - <==      Total: 46
[2026-09-12 09:13:59.763] [gas-forecast] [] [] [c.g.f.d.m.S.selectList] [http-nio-8080-exec-2] [DEBUG] - ==>  Preparing: SELECT id,parent_id,department_name,org_code,sort_no,status,created_at,updated_at FROM sys_department_tb ORDER BY sort_no ASC,id ASC
[2026-09-12 09:13:59.763] [gas-forecast] [] [] [c.g.f.d.m.S.selectList] [http-nio-8080-exec-2] [DEBUG] - ==> Parameters: 
[2026-09-12 09:13:59.764] [gas-forecast] [] [] [c.g.f.d.m.S.selectList] [http-nio-8080-exec-2] [DEBUG] - <==      Total: 7
[2026-09-12 09:14:01.635] [gas-forecast] [] [] [c.g.f.d.m.S.selectByUsername] [http-nio-8080-exec-3] [DEBUG] - ==>  Preparing: select distinct p.* from sys_permission_tb p where p.status = 1 and ( exists ( select 1 from sys_user_tb u join sys_user_role_ref ur on ur.user_id = u.id join sys_role_permission_ref rp on rp.role_id = ur.role_id where rp.permission_id = p.id and u.username = ? and u.deleted = 0 ) or exists ( select 1 from sys_user_tb u join sys_user_department_ref ud on ud.user_id = u.id join sys_department_permission_ref dp on dp.department_id = ud.department_id where dp.permission_id = p.id and u.username = ? and u.deleted = 0 ) ) order by p.sort_no, p.id
[2026-09-12 09:14:01.635] [gas-forecast] [] [] [c.g.f.d.m.S.selectByUsername] [http-nio-8080-exec-3] [DEBUG] - ==> Parameters: admin(String), admin(String)
[2026-09-12 09:14:01.637] [gas-forecast] [] [] [c.g.f.d.m.S.selectByUsername] [http-nio-8080-exec-3] [DEBUG] - <==      Total: 46
[2026-09-12 09:14:01.638] [gas-forecast] [] [] [c.g.f.d.m.SysRoleTbMapper.selectList] [http-nio-8080-exec-3] [DEBUG] - ==>  Preparing: SELECT id,role_code,role_name,description,created_at,updated_at FROM sys_role_tb ORDER BY id ASC
[2026-09-12 09:14:01.638] [gas-forecast] [] [] [c.g.f.d.m.SysRoleTbMapper.selectList] [http-nio-8080-exec-3] [DEBUG] - ==> Parameters: 
[2026-09-12 09:14:01.639] [gas-forecast] [] [] [c.g.f.d.m.SysRoleTbMapper.selectList] [http-nio-8080-exec-3] [DEBUG] - <==      Total: 1
[2026-09-12 09:14:01.639] [gas-forecast] [] [] [c.g.f.d.m.S.selectList] [http-nio-8080-exec-3] [DEBUG] - ==>  Preparing: SELECT id,parent_id,department_name,org_code,sort_no,status,created_at,updated_at FROM sys_department_tb ORDER BY sort_no ASC,id ASC
[2026-09-12 09:14:01.640] [gas-forecast] [] [] [c.g.f.d.m.S.selectList] [http-nio-8080-exec-3] [DEBUG] - ==> Parameters: 
[2026-09-12 09:14:01.640] [gas-forecast] [] [] [c.g.f.d.m.S.selectList] [http-nio-8080-exec-3] [DEBUG] - <==      Total: 7
[2026-09-12 09:14:01.640] [gas-forecast] [] [] [c.g.f.d.m.S.selectList] [http-nio-8080-exec-3] [DEBUG] - ==>  Preparing: SELECT id,parent_id,permission_name,path,component,permission_type,perms,icon,sort_no,hidden,status,created_at,updated_at FROM sys_permission_tb ORDER BY sort_no ASC,id ASC
[2026-09-12 09:14:01.641] [gas-forecast] [] [] [c.g.f.d.m.S.selectList] [http-nio-8080-exec-3] [DEBUG] - ==> Parameters: 
[2026-09-12 09:14:01.642] [gas-forecast] [] [] [c.g.f.d.m.S.selectList] [http-nio-8080-exec-3] [DEBUG] - <==      Total: 46
[2026-09-12 09:14:01.647] [gas-forecast] [] [] [c.g.f.d.m.S.selectByUsername] [http-nio-8080-exec-4] [DEBUG] - ==>  Preparing: select distinct p.* from sys_permission_tb p where p.status = 1 and ( exists ( select 1 from sys_user_tb u join sys_user_role_ref ur on ur.user_id = u.id join sys_role_permission_ref rp on rp.role_id = ur.role_id where rp.permission_id = p.id and u.username = ? and u.deleted = 0 ) or exists ( select 1 from sys_user_tb u join sys_user_department_ref ud on ud.user_id = u.id join sys_department_permission_ref dp on dp.department_id = ud.department_id where dp.permission_id = p.id and u.username = ? and u.deleted = 0 ) ) order by p.sort_no, p.id
[2026-09-12 09:14:01.647] [gas-forecast] [] [] [c.g.f.d.m.S.selectByUsername] [http-nio-8080-exec-4] [DEBUG] - ==> Parameters: admin(String), admin(String)
[2026-09-12 09:14:01.649] [gas-forecast] [] [] [c.g.f.d.m.S.selectByUsername] [http-nio-8080-exec-4] [DEBUG] - <==      Total: 46
[2026-09-12 09:14:01.660] [gas-forecast] [] [] [c.g.f.d.m.S.selectList] [http-nio-8080-exec-4] [DEBUG] - ==>  Preparing: SELECT id,role_id,permission_id FROM sys_role_permission_ref
[2026-09-12 09:14:01.660] [gas-forecast] [] [] [c.g.f.d.m.S.selectList] [http-nio-8080-exec-4] [DEBUG] - ==> Parameters: 
[2026-09-12 09:14:01.661] [gas-forecast] [] [] [c.g.f.d.m.S.selectList] [http-nio-8080-exec-4] [DEBUG] - <==      Total: 46
[2026-09-12 09:14:01.662] [gas-forecast] [] [] [c.g.f.d.m.SysRoleTbMapper.selectList] [http-nio-8080-exec-4] [DEBUG] - ==>  Preparing: SELECT id,role_code,role_name,description,created_at,updated_at FROM sys_role_tb ORDER BY id ASC
[2026-09-12 09:14:01.662] [gas-forecast] [] [] [c.g.f.d.m.SysRoleTbMapper.selectList] [http-nio-8080-exec-4] [DEBUG] - ==> Parameters: 
[2026-09-12 09:14:01.662] [gas-forecast] [] [] [c.g.f.d.m.SysRoleTbMapper.selectList] [http-nio-8080-exec-4] [DEBUG] - <==      Total: 1
[2026-09-12 09:14:02.145] [gas-forecast] [] [] [c.g.f.d.m.S.selectByUsername] [http-nio-8080-exec-5] [DEBUG] - ==>  Preparing: select distinct p.* from sys_permission_tb p where p.status = 1 and ( exists ( select 1 from sys_user_tb u join sys_user_role_ref ur on ur.user_id = u.id join sys_role_permission_ref rp on rp.role_id = ur.role_id where rp.permission_id = p.id and u.username = ? and u.deleted = 0 ) or exists ( select 1 from sys_user_tb u join sys_user_department_ref ud on ud.user_id = u.id join sys_department_permission_ref dp on dp.department_id = ud.department_id where dp.permission_id = p.id and u.username = ? and u.deleted = 0 ) ) order by p.sort_no, p.id
[2026-09-12 09:14:02.145] [gas-forecast] [] [] [c.g.f.d.m.S.selectByUsername] [http-nio-8080-exec-5] [DEBUG] - ==> Parameters: admin(String), admin(String)
[2026-09-12 09:14:02.147] [gas-forecast] [] [] [c.g.f.d.m.S.selectByUsername] [http-nio-8080-exec-5] [DEBUG] - <==      Total: 46
[2026-09-12 09:14:02.148] [gas-forecast] [] [] [c.g.f.d.m.SysRoleTbMapper.selectList] [http-nio-8080-exec-5] [DEBUG] - ==>  Preparing: SELECT id,role_code,role_name,description,created_at,updated_at FROM sys_role_tb ORDER BY id ASC
[2026-09-12 09:14:02.149] [gas-forecast] [] [] [c.g.f.d.m.SysRoleTbMapper.selectList] [http-nio-8080-exec-5] [DEBUG] - ==> Parameters: 
[2026-09-12 09:14:02.150] [gas-forecast] [] [] [c.g.f.d.m.SysRoleTbMapper.selectList] [http-nio-8080-exec-5] [DEBUG] - <==      Total: 1
[2026-09-12 09:14:02.150] [gas-forecast] [] [] [c.g.f.d.m.S.selectList] [http-nio-8080-exec-5] [DEBUG] - ==>  Preparing: SELECT id,parent_id,department_name,org_code,sort_no,status,created_at,updated_at FROM sys_department_tb ORDER BY sort_no ASC,id ASC
[2026-09-12 09:14:02.150] [gas-forecast] [] [] [c.g.f.d.m.S.selectList] [http-nio-8080-exec-5] [DEBUG] - ==> Parameters: 
[2026-09-12 09:14:02.150] [gas-forecast] [] [] [c.g.f.d.m.S.selectList] [http-nio-8080-exec-5] [DEBUG] - <==      Total: 7
[2026-09-12 09:14:02.151] [gas-forecast] [] [] [c.g.f.d.m.S.selectList] [http-nio-8080-exec-5] [DEBUG] - ==>  Preparing: SELECT id,parent_id,permission_name,path,component,permission_type,perms,icon,sort_no,hidden,status,created_at,updated_at FROM sys_permission_tb ORDER BY sort_no ASC,id ASC
[2026-09-12 09:14:02.151] [gas-forecast] [] [] [c.g.f.d.m.S.selectList] [http-nio-8080-exec-5] [DEBUG] - ==> Parameters: 
[2026-09-12 09:14:02.152] [gas-forecast] [] [] [c.g.f.d.m.S.selectList] [http-nio-8080-exec-5] [DEBUG] - <==      Total: 46
[2026-09-12 09:14:02.156] [gas-forecast] [] [] [c.g.f.d.m.S.selectByUsername] [http-nio-8080-exec-6] [DEBUG] - ==>  Preparing: select distinct p.* from sys_permission_tb p where p.status = 1 and ( exists ( select 1 from sys_user_tb u join sys_user_role_ref ur on ur.user_id = u.id join sys_role_permission_ref rp on rp.role_id = ur.role_id where rp.permission_id = p.id and u.username = ? and u.deleted = 0 ) or exists ( select 1 from sys_user_tb u join sys_user_department_ref ud on ud.user_id = u.id join sys_department_permission_ref dp on dp.department_id = ud.department_id where dp.permission_id = p.id and u.username = ? and u.deleted = 0 ) ) order by p.sort_no, p.id
[2026-09-12 09:14:02.156] [gas-forecast] [] [] [c.g.f.d.m.S.selectByUsername] [http-nio-8080-exec-6] [DEBUG] - ==> Parameters: admin(String), admin(String)
[2026-09-12 09:14:02.158] [gas-forecast] [] [] [c.g.f.d.m.S.selectByUsername] [http-nio-8080-exec-6] [DEBUG] - <==      Total: 46
[2026-09-12 09:14:02.158] [gas-forecast] [] [] [c.g.f.d.m.S.selectList] [http-nio-8080-exec-6] [DEBUG] - ==>  Preparing: SELECT id,parent_id,department_name,org_code,sort_no,status,created_at,updated_at FROM sys_department_tb ORDER BY sort_no ASC,id ASC
[2026-09-12 09:14:02.158] [gas-forecast] [] [] [c.g.f.d.m.S.selectList] [http-nio-8080-exec-6] [DEBUG] - ==> Parameters: 
[2026-09-12 09:14:02.159] [gas-forecast] [] [] [c.g.f.d.m.S.selectList] [http-nio-8080-exec-6] [DEBUG] - <==      Total: 7
[2026-09-12 09:17:01.542] [gas-forecast] [] [] [c.g.f.d.m.S.selectByUsername] [http-nio-8080-exec-1] [DEBUG] - ==>  Preparing: select distinct p.* from sys_permission_tb p where p.status = 1 and ( exists ( select 1 from sys_user_tb u join sys_user_role_ref ur on ur.user_id = u.id join sys_role_permission_ref rp on rp.role_id = ur.role_id where rp.permission_id = p.id and u.username = ? and u.deleted = 0 ) or exists ( select 1 from sys_user_tb u join sys_user_department_ref ud on ud.user_id = u.id join sys_department_permission_ref dp on dp.department_id = ud.department_id where dp.permission_id = p.id and u.username = ? and u.deleted = 0 ) ) order by p.sort_no, p.id
[2026-09-12 09:17:01.542] [gas-forecast] [] [] [c.g.f.d.m.S.selectByUsername] [http-nio-8080-exec-1] [DEBUG] - ==> Parameters: admin(String), admin(String)
[2026-09-12 09:17:01.553] [gas-forecast] [] [] [c.g.f.d.m.S.selectByUsername] [http-nio-8080-exec-1] [DEBUG] - <==      Total: 46
[2026-09-12 09:17:01.554] [gas-forecast] [] [] [c.g.f.d.m.SysRoleTbMapper.selectList] [http-nio-8080-exec-1] [DEBUG] - ==>  Preparing: SELECT id,role_code,role_name,description,created_at,updated_at FROM sys_role_tb ORDER BY id ASC
[2026-09-12 09:17:01.554] [gas-forecast] [] [] [c.g.f.d.m.SysRoleTbMapper.selectList] [http-nio-8080-exec-1] [DEBUG] - ==> Parameters: 
[2026-09-12 09:17:01.555] [gas-forecast] [] [] [c.g.f.d.m.SysRoleTbMapper.selectList] [http-nio-8080-exec-1] [DEBUG] - <==      Total: 1
[2026-09-12 09:17:01.555] [gas-forecast] [] [] [c.g.f.d.m.S.selectList] [http-nio-8080-exec-1] [DEBUG] - ==>  Preparing: SELECT id,parent_id,department_name,org_code,sort_no,status,created_at,updated_at FROM sys_department_tb ORDER BY sort_no ASC,id ASC
[2026-09-12 09:17:01.555] [gas-forecast] [] [] [c.g.f.d.m.S.selectList] [http-nio-8080-exec-1] [DEBUG] - ==> Parameters: 
[2026-09-12 09:17:01.556] [gas-forecast] [] [] [c.g.f.d.m.S.selectList] [http-nio-8080-exec-1] [DEBUG] - <==      Total: 7
[2026-09-12 09:17:01.556] [gas-forecast] [] [] [c.g.f.d.m.S.selectList] [http-nio-8080-exec-1] [DEBUG] - ==>  Preparing: SELECT id,parent_id,permission_name,path,component,permission_type,perms,icon,sort_no,hidden,status,created_at,updated_at FROM sys_permission_tb ORDER BY sort_no ASC,id ASC
[2026-09-12 09:17:01.556] [gas-forecast] [] [] [c.g.f.d.m.S.selectList] [http-nio-8080-exec-1] [DEBUG] - ==> Parameters: 
[2026-09-12 09:17:01.557] [gas-forecast] [] [] [c.g.f.d.m.S.selectList] [http-nio-8080-exec-1] [DEBUG] - <==      Total: 46
[2026-09-12 09:17:01.562] [gas-forecast] [] [] [c.g.f.d.m.S.selectByUsername] [http-nio-8080-exec-2] [DEBUG] - ==>  Preparing: select distinct p.* from sys_permission_tb p where p.status = 1 and ( exists ( select 1 from sys_user_tb u join sys_user_role_ref ur on ur.user_id = u.id join sys_role_permission_ref rp on rp.role_id = ur.role_id where rp.permission_id = p.id and u.username = ? and u.deleted = 0 ) or exists ( select 1 from sys_user_tb u join sys_user_department_ref ud on ud.user_id = u.id join sys_department_permission_ref dp on dp.department_id = ud.department_id where dp.permission_id = p.id and u.username = ? and u.deleted = 0 ) ) order by p.sort_no, p.id
[2026-09-12 09:17:01.562] [gas-forecast] [] [] [c.g.f.d.m.S.selectByUsername] [http-nio-8080-exec-2] [DEBUG] - ==> Parameters: admin(String), admin(String)
[2026-09-12 09:17:01.564] [gas-forecast] [] [] [c.g.f.d.m.S.selectByUsername] [http-nio-8080-exec-2] [DEBUG] - <==      Total: 46
[2026-09-12 09:17:01.564] [gas-forecast] [] [] [c.g.f.d.m.S.selectList] [http-nio-8080-exec-2] [DEBUG] - ==>  Preparing: SELECT id,parent_id,department_name,org_code,sort_no,status,created_at,updated_at FROM sys_department_tb ORDER BY sort_no ASC,id ASC
[2026-09-12 09:17:01.564] [gas-forecast] [] [] [c.g.f.d.m.S.selectList] [http-nio-8080-exec-2] [DEBUG] - ==> Parameters: 
[2026-09-12 09:17:01.565] [gas-forecast] [] [] [c.g.f.d.m.S.selectList] [http-nio-8080-exec-2] [DEBUG] - <==      Total: 7
[2026-09-12 09:18:40.417] [gas-forecast] [] [] [c.g.f.d.m.S.selectByUsername] [http-nio-8080-exec-3] [DEBUG] - ==>  Preparing: select distinct p.* from sys_permission_tb p where p.status = 1 and ( exists ( select 1 from sys_user_tb u join sys_user_role_ref ur on ur.user_id = u.id join sys_role_permission_ref rp on rp.role_id = ur.role_id where rp.permission_id = p.id and u.username = ? and u.deleted = 0 ) or exists ( select 1 from sys_user_tb u join sys_user_department_ref ud on ud.user_id = u.id join sys_department_permission_ref dp on dp.department_id = ud.department_id where dp.permission_id = p.id and u.username = ? and u.deleted = 0 ) ) order by p.sort_no, p.id
[2026-09-12 09:18:40.417] [gas-forecast] [] [] [c.g.f.d.m.S.selectByUsername] [http-nio-8080-exec-3] [DEBUG] - ==> Parameters: admin(String), admin(String)
[2026-09-12 09:18:40.427] [gas-forecast] [] [] [c.g.f.d.m.S.selectByUsername] [http-nio-8080-exec-3] [DEBUG] - <==      Total: 46
[2026-09-12 09:18:40.427] [gas-forecast] [] [] [c.g.f.d.m.SysRoleTbMapper.selectList] [http-nio-8080-exec-3] [DEBUG] - ==>  Preparing: SELECT id,role_code,role_name,description,created_at,updated_at FROM sys_role_tb ORDER BY id ASC
[2026-09-12 09:18:40.427] [gas-forecast] [] [] [c.g.f.d.m.SysRoleTbMapper.selectList] [http-nio-8080-exec-3] [DEBUG] - ==> Parameters: 
[2026-09-12 09:18:40.428] [gas-forecast] [] [] [c.g.f.d.m.SysRoleTbMapper.selectList] [http-nio-8080-exec-3] [DEBUG] - <==      Total: 1
[2026-09-12 09:18:40.428] [gas-forecast] [] [] [c.g.f.d.m.S.selectList] [http-nio-8080-exec-3] [DEBUG] - ==>  Preparing: SELECT id,parent_id,department_name,org_code,sort_no,status,created_at,updated_at FROM sys_department_tb ORDER BY sort_no ASC,id ASC
[2026-09-12 09:18:40.428] [gas-forecast] [] [] [c.g.f.d.m.S.selectList] [http-nio-8080-exec-3] [DEBUG] - ==> Parameters: 
[2026-09-12 09:18:40.429] [gas-forecast] [] [] [c.g.f.d.m.S.selectList] [http-nio-8080-exec-3] [DEBUG] - <==      Total: 7
[2026-09-12 09:18:40.429] [gas-forecast] [] [] [c.g.f.d.m.S.selectList] [http-nio-8080-exec-3] [DEBUG] - ==>  Preparing: SELECT id,parent_id,permission_name,path,component,permission_type,perms,icon,sort_no,hidden,status,created_at,updated_at FROM sys_permission_tb ORDER BY sort_no ASC,id ASC
[2026-09-12 09:18:40.429] [gas-forecast] [] [] [c.g.f.d.m.S.selectList] [http-nio-8080-exec-3] [DEBUG] - ==> Parameters: 
[2026-09-12 09:18:40.430] [gas-forecast] [] [] [c.g.f.d.m.S.selectList] [http-nio-8080-exec-3] [DEBUG] - <==      Total: 46
[2026-09-12 09:18:40.434] [gas-forecast] [] [] [c.g.f.d.m.S.selectByUsername] [http-nio-8080-exec-4] [DEBUG] - ==>  Preparing: select distinct p.* from sys_permission_tb p where p.status = 1 and ( exists ( select 1 from sys_user_tb u join sys_user_role_ref ur on ur.user_id = u.id join sys_role_permission_ref rp on rp.role_id = ur.role_id where rp.permission_id = p.id and u.username = ? and u.deleted = 0 ) or exists ( select 1 from sys_user_tb u join sys_user_department_ref ud on ud.user_id = u.id join sys_department_permission_ref dp on dp.department_id = ud.department_id where dp.permission_id = p.id and u.username = ? and u.deleted = 0 ) ) order by p.sort_no, p.id
[2026-09-12 09:18:40.434] [gas-forecast] [] [] [c.g.f.d.m.S.selectByUsername] [http-nio-8080-exec-4] [DEBUG] - ==> Parameters: admin(String), admin(String)
[2026-09-12 09:18:40.436] [gas-forecast] [] [] [c.g.f.d.m.S.selectByUsername] [http-nio-8080-exec-4] [DEBUG] - <==      Total: 46
[2026-09-12 09:18:40.436] [gas-forecast] [] [] [c.g.f.d.m.S.selectList] [http-nio-8080-exec-4] [DEBUG] - ==>  Preparing: SELECT id,parent_id,department_name,org_code,sort_no,status,created_at,updated_at FROM sys_department_tb ORDER BY sort_no ASC,id ASC
[2026-09-12 09:18:40.437] [gas-forecast] [] [] [c.g.f.d.m.S.selectList] [http-nio-8080-exec-4] [DEBUG] - ==> Parameters: 
[2026-09-12 09:18:40.437] [gas-forecast] [] [] [c.g.f.d.m.S.selectList] [http-nio-8080-exec-4] [DEBUG] - <==      Total: 7
[2026-09-12 09:22:45.399] [gas-forecast] [] [] [c.g.f.d.m.S.selectByUsername] [http-nio-8080-exec-5] [DEBUG] - ==>  Preparing: select distinct p.* from sys_permission_tb p where p.status = 1 and ( exists ( select 1 from sys_user_tb u join sys_user_role_ref ur on ur.user_id = u.id join sys_role_permission_ref rp on rp.role_id = ur.role_id where rp.permission_id = p.id and u.username = ? and u.deleted = 0 ) or exists ( select 1 from sys_user_tb u join sys_user_department_ref ud on ud.user_id = u.id join sys_department_permission_ref dp on dp.department_id = ud.department_id where dp.permission_id = p.id and u.username = ? and u.deleted = 0 ) ) order by p.sort_no, p.id
[2026-09-12 09:22:45.400] [gas-forecast] [] [] [c.g.f.d.m.S.selectByUsername] [http-nio-8080-exec-5] [DEBUG] - ==> Parameters: admin(String), admin(String)
[2026-09-12 09:22:45.405] [gas-forecast] [] [] [c.g.f.d.m.S.selectByUsername] [http-nio-8080-exec-5] [DEBUG] - <==      Total: 46
[2026-09-12 09:22:45.406] [gas-forecast] [] [] [c.g.f.d.m.SysRoleTbMapper.selectList] [http-nio-8080-exec-5] [DEBUG] - ==>  Preparing: SELECT id,role_code,role_name,description,created_at,updated_at FROM sys_role_tb ORDER BY id ASC
[2026-09-12 09:22:45.406] [gas-forecast] [] [] [c.g.f.d.m.SysRoleTbMapper.selectList] [http-nio-8080-exec-5] [DEBUG] - ==> Parameters: 
[2026-09-12 09:22:45.406] [gas-forecast] [] [] [c.g.f.d.m.SysRoleTbMapper.selectList] [http-nio-8080-exec-5] [DEBUG] - <==      Total: 1
[2026-09-12 09:22:45.407] [gas-forecast] [] [] [c.g.f.d.m.S.selectList] [http-nio-8080-exec-5] [DEBUG] - ==>  Preparing: SELECT id,parent_id,department_name,org_code,sort_no,status,created_at,updated_at FROM sys_department_tb ORDER BY sort_no ASC,id ASC
[2026-09-12 09:22:45.407] [gas-forecast] [] [] [c.g.f.d.m.S.selectList] [http-nio-8080-exec-5] [DEBUG] - ==> Parameters: 
[2026-09-12 09:22:45.407] [gas-forecast] [] [] [c.g.f.d.m.S.selectList] [http-nio-8080-exec-5] [DEBUG] - <==      Total: 7
[2026-09-12 09:22:45.407] [gas-forecast] [] [] [c.g.f.d.m.S.selectList] [http-nio-8080-exec-5] [DEBUG] - ==>  Preparing: SELECT id,parent_id,permission_name,path,component,permission_type,perms,icon,sort_no,hidden,status,created_at,updated_at FROM sys_permission_tb ORDER BY sort_no ASC,id ASC
[2026-09-12 09:22:45.408] [gas-forecast] [] [] [c.g.f.d.m.S.selectList] [http-nio-8080-exec-5] [DEBUG] - ==> Parameters: 
[2026-09-12 09:22:45.409] [gas-forecast] [] [] [c.g.f.d.m.S.selectList] [http-nio-8080-exec-5] [DEBUG] - <==      Total: 46
[2026-09-12 09:22:45.413] [gas-forecast] [] [] [c.g.f.d.m.S.selectByUsername] [http-nio-8080-exec-6] [DEBUG] - ==>  Preparing: select distinct p.* from sys_permission_tb p where p.status = 1 and ( exists ( select 1 from sys_user_tb u join sys_user_role_ref ur on ur.user_id = u.id join sys_role_permission_ref rp on rp.role_id = ur.role_id where rp.permission_id = p.id and u.username = ? and u.deleted = 0 ) or exists ( select 1 from sys_user_tb u join sys_user_department_ref ud on ud.user_id = u.id join sys_department_permission_ref dp on dp.department_id = ud.department_id where dp.permission_id = p.id and u.username = ? and u.deleted = 0 ) ) order by p.sort_no, p.id
[2026-09-12 09:22:45.413] [gas-forecast] [] [] [c.g.f.d.m.S.selectByUsername] [http-nio-8080-exec-6] [DEBUG] - ==> Parameters: admin(String), admin(String)
[2026-09-12 09:22:45.415] [gas-forecast] [] [] [c.g.f.d.m.S.selectByUsername] [http-nio-8080-exec-6] [DEBUG] - <==      Total: 46
[2026-09-12 09:22:45.415] [gas-forecast] [] [] [c.g.f.d.m.S.selectList] [http-nio-8080-exec-6] [DEBUG] - ==>  Preparing: SELECT id,parent_id,department_name,org_code,sort_no,status,created_at,updated_at FROM sys_department_tb ORDER BY sort_no ASC,id ASC
[2026-09-12 09:22:45.415] [gas-forecast] [] [] [c.g.f.d.m.S.selectList] [http-nio-8080-exec-6] [DEBUG] - ==> Parameters: 
[2026-09-12 09:22:45.416] [gas-forecast] [] [] [c.g.f.d.m.S.selectList] [http-nio-8080-exec-6] [DEBUG] - <==      Total: 7
[2026-09-12 09:24:12.034] [gas-forecast] [] [] [c.g.f.d.m.S.selectByUsername] [http-nio-8080-exec-7] [DEBUG] - ==>  Preparing: select distinct p.* from sys_permission_tb p where p.status = 1 and ( exists ( select 1 from sys_user_tb u join sys_user_role_ref ur on ur.user_id = u.id join sys_role_permission_ref rp on rp.role_id = ur.role_id where rp.permission_id = p.id and u.username = ? and u.deleted = 0 ) or exists ( select 1 from sys_user_tb u join sys_user_department_ref ud on ud.user_id = u.id join sys_department_permission_ref dp on dp.department_id = ud.department_id where dp.permission_id = p.id and u.username = ? and u.deleted = 0 ) ) order by p.sort_no, p.id
[2026-09-12 09:24:12.035] [gas-forecast] [] [] [c.g.f.d.m.S.selectByUsername] [http-nio-8080-exec-7] [DEBUG] - ==> Parameters: admin(String), admin(String)
[2026-09-12 09:24:12.042] [gas-forecast] [] [] [c.g.f.d.m.S.selectByUsername] [http-nio-8080-exec-7] [DEBUG] - <==      Total: 46
[2026-09-12 09:24:12.042] [gas-forecast] [] [] [c.g.f.d.m.SysRoleTbMapper.selectList] [http-nio-8080-exec-7] [DEBUG] - ==>  Preparing: SELECT id,role_code,role_name,description,created_at,updated_at FROM sys_role_tb ORDER BY id ASC
[2026-09-12 09:24:12.043] [gas-forecast] [] [] [c.g.f.d.m.SysRoleTbMapper.selectList] [http-nio-8080-exec-7] [DEBUG] - ==> Parameters: 
[2026-09-12 09:24:12.043] [gas-forecast] [] [] [c.g.f.d.m.SysRoleTbMapper.selectList] [http-nio-8080-exec-7] [DEBUG] - <==      Total: 1
[2026-09-12 09:24:12.043] [gas-forecast] [] [] [c.g.f.d.m.S.selectList] [http-nio-8080-exec-7] [DEBUG] - ==>  Preparing: SELECT id,parent_id,department_name,org_code,sort_no,status,created_at,updated_at FROM sys_department_tb ORDER BY sort_no ASC,id ASC
[2026-09-12 09:24:12.043] [gas-forecast] [] [] [c.g.f.d.m.S.selectList] [http-nio-8080-exec-7] [DEBUG] - ==> Parameters: 
[2026-09-12 09:24:12.044] [gas-forecast] [] [] [c.g.f.d.m.S.selectList] [http-nio-8080-exec-7] [DEBUG] - <==      Total: 7
[2026-09-12 09:24:12.044] [gas-forecast] [] [] [c.g.f.d.m.S.selectList] [http-nio-8080-exec-7] [DEBUG] - ==>  Preparing: SELECT id,parent_id,permission_name,path,component,permission_type,perms,icon,sort_no,hidden,status,created_at,updated_at FROM sys_permission_tb ORDER BY sort_no ASC,id ASC
[2026-09-12 09:24:12.044] [gas-forecast] [] [] [c.g.f.d.m.S.selectList] [http-nio-8080-exec-7] [DEBUG] - ==> Parameters: 
[2026-09-12 09:24:12.045] [gas-forecast] [] [] [c.g.f.d.m.S.selectList] [http-nio-8080-exec-7] [DEBUG] - <==      Total: 46
[2026-09-12 09:24:12.049] [gas-forecast] [] [] [c.g.f.d.m.S.selectByUsername] [http-nio-8080-exec-8] [DEBUG] - ==>  Preparing: select distinct p.* from sys_permission_tb p where p.status = 1 and ( exists ( select 1 from sys_user_tb u join sys_user_role_ref ur on ur.user_id = u.id join sys_role_permission_ref rp on rp.role_id = ur.role_id where rp.permission_id = p.id and u.username = ? and u.deleted = 0 ) or exists ( select 1 from sys_user_tb u join sys_user_department_ref ud on ud.user_id = u.id join sys_department_permission_ref dp on dp.department_id = ud.department_id where dp.permission_id = p.id and u.username = ? and u.deleted = 0 ) ) order by p.sort_no, p.id
[2026-09-12 09:24:12.050] [gas-forecast] [] [] [c.g.f.d.m.S.selectByUsername] [http-nio-8080-exec-8] [DEBUG] - ==> Parameters: admin(String), admin(String)
[2026-09-12 09:24:12.051] [gas-forecast] [] [] [c.g.f.d.m.S.selectByUsername] [http-nio-8080-exec-8] [DEBUG] - <==      Total: 46
[2026-09-12 09:24:12.052] [gas-forecast] [] [] [c.g.f.d.m.S.selectList] [http-nio-8080-exec-8] [DEBUG] - ==>  Preparing: SELECT id,parent_id,department_name,org_code,sort_no,status,created_at,updated_at FROM sys_department_tb ORDER BY sort_no ASC,id ASC
[2026-09-12 09:24:12.052] [gas-forecast] [] [] [c.g.f.d.m.S.selectList] [http-nio-8080-exec-8] [DEBUG] - ==> Parameters: 
[2026-09-12 09:24:12.052] [gas-forecast] [] [] [c.g.f.d.m.S.selectList] [http-nio-8080-exec-8] [DEBUG] - <==      Total: 7
[2026-09-12 09:24:33.983] [gas-forecast] [] [] [c.g.f.d.m.S.selectByUsername] [http-nio-8080-exec-9] [DEBUG] - ==>  Preparing: select distinct p.* from sys_permission_tb p where p.status = 1 and ( exists ( select 1 from sys_user_tb u join sys_user_role_ref ur on ur.user_id = u.id join sys_role_permission_ref rp on rp.role_id = ur.role_id where rp.permission_id = p.id and u.username = ? and u.deleted = 0 ) or exists ( select 1 from sys_user_tb u join sys_user_department_ref ud on ud.user_id = u.id join sys_department_permission_ref dp on dp.department_id = ud.department_id where dp.permission_id = p.id and u.username = ? and u.deleted = 0 ) ) order by p.sort_no, p.id
[2026-09-12 09:24:33.984] [gas-forecast] [] [] [c.g.f.d.m.S.selectByUsername] [http-nio-8080-exec-9] [DEBUG] - ==> Parameters: admin(String), admin(String)
[2026-09-12 09:24:33.986] [gas-forecast] [] [] [c.g.f.d.m.S.selectByUsername] [http-nio-8080-exec-9] [DEBUG] - <==      Total: 46
[2026-09-12 09:24:33.986] [gas-forecast] [] [] [c.g.f.d.m.SysRoleTbMapper.selectList] [http-nio-8080-exec-9] [DEBUG] - ==>  Preparing: SELECT id,role_code,role_name,description,created_at,updated_at FROM sys_role_tb ORDER BY id ASC
[2026-09-12 09:24:33.986] [gas-forecast] [] [] [c.g.f.d.m.SysRoleTbMapper.selectList] [http-nio-8080-exec-9] [DEBUG] - ==> Parameters: 
[2026-09-12 09:24:33.987] [gas-forecast] [] [] [c.g.f.d.m.SysRoleTbMapper.selectList] [http-nio-8080-exec-9] [DEBUG] - <==      Total: 1
[2026-09-12 09:24:33.987] [gas-forecast] [] [] [c.g.f.d.m.S.selectList] [http-nio-8080-exec-9] [DEBUG] - ==>  Preparing: SELECT id,parent_id,department_name,org_code,sort_no,status,created_at,updated_at FROM sys_department_tb ORDER BY sort_no ASC,id ASC
[2026-09-12 09:24:33.987] [gas-forecast] [] [] [c.g.f.d.m.S.selectList] [http-nio-8080-exec-9] [DEBUG] - ==> Parameters: 
[2026-09-12 09:24:33.988] [gas-forecast] [] [] [c.g.f.d.m.S.selectList] [http-nio-8080-exec-9] [DEBUG] - <==      Total: 7
[2026-09-12 09:24:33.988] [gas-forecast] [] [] [c.g.f.d.m.S.selectList] [http-nio-8080-exec-9] [DEBUG] - ==>  Preparing: SELECT id,parent_id,permission_name,path,component,permission_type,perms,icon,sort_no,hidden,status,created_at,updated_at FROM sys_permission_tb ORDER BY sort_no ASC,id ASC
[2026-09-12 09:24:33.988] [gas-forecast] [] [] [c.g.f.d.m.S.selectList] [http-nio-8080-exec-9] [DEBUG] - ==> Parameters: 
[2026-09-12 09:24:33.989] [gas-forecast] [] [] [c.g.f.d.m.S.selectList] [http-nio-8080-exec-9] [DEBUG] - <==      Total: 46
[2026-09-12 09:24:34.026] [gas-forecast] [] [] [c.g.f.d.m.S.selectByUsername] [http-nio-8080-exec-10] [DEBUG] - ==>  Preparing: select distinct p.* from sys_permission_tb p where p.status = 1 and ( exists ( select 1 from sys_user_tb u join sys_user_role_ref ur on ur.user_id = u.id join sys_role_permission_ref rp on rp.role_id = ur.role_id where rp.permission_id = p.id and u.username = ? and u.deleted = 0 ) or exists ( select 1 from sys_user_tb u join sys_user_department_ref ud on ud.user_id = u.id join sys_department_permission_ref dp on dp.department_id = ud.department_id where dp.permission_id = p.id and u.username = ? and u.deleted = 0 ) ) order by p.sort_no, p.id
[2026-09-12 09:24:34.026] [gas-forecast] [] [] [c.g.f.d.m.S.selectByUsername] [http-nio-8080-exec-10] [DEBUG] - ==> Parameters: admin(String), admin(String)
[2026-09-12 09:24:34.028] [gas-forecast] [] [] [c.g.f.d.m.S.selectByUsername] [http-nio-8080-exec-10] [DEBUG] - <==      Total: 46
[2026-09-12 09:24:34.029] [gas-forecast] [] [] [c.g.f.d.m.S.selectList] [http-nio-8080-exec-10] [DEBUG] - ==>  Preparing: SELECT id,role_id,permission_id FROM sys_role_permission_ref
[2026-09-12 09:24:34.029] [gas-forecast] [] [] [c.g.f.d.m.S.selectList] [http-nio-8080-exec-10] [DEBUG] - ==> Parameters: 
[2026-09-12 09:24:34.030] [gas-forecast] [] [] [c.g.f.d.m.S.selectList] [http-nio-8080-exec-10] [DEBUG] - <==      Total: 46
[2026-09-12 09:24:34.030] [gas-forecast] [] [] [c.g.f.d.m.SysRoleTbMapper.selectList] [http-nio-8080-exec-10] [DEBUG] - ==>  Preparing: SELECT id,role_code,role_name,description,created_at,updated_at FROM sys_role_tb ORDER BY id ASC
[2026-09-12 09:24:34.030] [gas-forecast] [] [] [c.g.f.d.m.SysRoleTbMapper.selectList] [http-nio-8080-exec-10] [DEBUG] - ==> Parameters: 
[2026-09-12 09:24:34.030] [gas-forecast] [] [] [c.g.f.d.m.SysRoleTbMapper.selectList] [http-nio-8080-exec-10] [DEBUG] - <==      Total: 1
[2026-09-12 09:24:35.434] [gas-forecast] [] [] [c.g.f.d.m.S.selectByUsername] [http-nio-8080-exec-1] [DEBUG] - ==>  Preparing: select distinct p.* from sys_permission_tb p where p.status = 1 and ( exists ( select 1 from sys_user_tb u join sys_user_role_ref ur on ur.user_id = u.id join sys_role_permission_ref rp on rp.role_id = ur.role_id where rp.permission_id = p.id and u.username = ? and u.deleted = 0 ) or exists ( select 1 from sys_user_tb u join sys_user_department_ref ud on ud.user_id = u.id join sys_department_permission_ref dp on dp.department_id = ud.department_id where dp.permission_id = p.id and u.username = ? and u.deleted = 0 ) ) order by p.sort_no, p.id
[2026-09-12 09:24:35.434] [gas-forecast] [] [] [c.g.f.d.m.S.selectByUsername] [http-nio-8080-exec-1] [DEBUG] - ==> Parameters: admin(String), admin(String)
[2026-09-12 09:24:35.436] [gas-forecast] [] [] [c.g.f.d.m.S.selectByUsername] [http-nio-8080-exec-1] [DEBUG] - <==      Total: 46
[2026-09-12 09:24:35.437] [gas-forecast] [] [] [c.g.f.d.m.SysRoleTbMapper.selectList] [http-nio-8080-exec-1] [DEBUG] - ==>  Preparing: SELECT id,role_code,role_name,description,created_at,updated_at FROM sys_role_tb ORDER BY id ASC
[2026-09-12 09:24:35.437] [gas-forecast] [] [] [c.g.f.d.m.SysRoleTbMapper.selectList] [http-nio-8080-exec-1] [DEBUG] - ==> Parameters: 
[2026-09-12 09:24:35.437] [gas-forecast] [] [] [c.g.f.d.m.SysRoleTbMapper.selectList] [http-nio-8080-exec-1] [DEBUG] - <==      Total: 1
[2026-09-12 09:24:35.438] [gas-forecast] [] [] [c.g.f.d.m.S.selectList] [http-nio-8080-exec-1] [DEBUG] - ==>  Preparing: SELECT id,parent_id,department_name,org_code,sort_no,status,created_at,updated_at FROM sys_department_tb ORDER BY sort_no ASC,id ASC
[2026-09-12 09:24:35.438] [gas-forecast] [] [] [c.g.f.d.m.S.selectList] [http-nio-8080-exec-1] [DEBUG] - ==> Parameters: 
[2026-09-12 09:24:35.438] [gas-forecast] [] [] [c.g.f.d.m.S.selectList] [http-nio-8080-exec-1] [DEBUG] - <==      Total: 7
[2026-09-12 09:24:35.439] [gas-forecast] [] [] [c.g.f.d.m.S.selectList] [http-nio-8080-exec-1] [DEBUG] - ==>  Preparing: SELECT id,parent_id,permission_name,path,component,permission_type,perms,icon,sort_no,hidden,status,created_at,updated_at FROM sys_permission_tb ORDER BY sort_no ASC,id ASC
[2026-09-12 09:24:35.439] [gas-forecast] [] [] [c.g.f.d.m.S.selectList] [http-nio-8080-exec-1] [DEBUG] - ==> Parameters: 
[2026-09-12 09:24:35.440] [gas-forecast] [] [] [c.g.f.d.m.S.selectList] [http-nio-8080-exec-1] [DEBUG] - <==      Total: 46
[2026-09-12 09:24:35.448] [gas-forecast] [] [] [c.g.f.d.m.S.selectByUsername] [http-nio-8080-exec-2] [DEBUG] - ==>  Preparing: select distinct p.* from sys_permission_tb p where p.status = 1 and ( exists ( select 1 from sys_user_tb u join sys_user_role_ref ur on ur.user_id = u.id join sys_role_permission_ref rp on rp.role_id = ur.role_id where rp.permission_id = p.id and u.username = ? and u.deleted = 0 ) or exists ( select 1 from sys_user_tb u join sys_user_department_ref ud on ud.user_id = u.id join sys_department_permission_ref dp on dp.department_id = ud.department_id where dp.permission_id = p.id and u.username = ? and u.deleted = 0 ) ) order by p.sort_no, p.id
[2026-09-12 09:24:35.448] [gas-forecast] [] [] [c.g.f.d.m.S.selectByUsername] [http-nio-8080-exec-2] [DEBUG] - ==> Parameters: admin(String), admin(String)
[2026-09-12 09:24:35.450] [gas-forecast] [] [] [c.g.f.d.m.S.selectByUsername] [http-nio-8080-exec-2] [DEBUG] - <==      Total: 46
[2026-09-12 09:24:35.450] [gas-forecast] [] [] [c.g.f.d.m.S.selectList] [http-nio-8080-exec-2] [DEBUG] - ==>  Preparing: SELECT id,parent_id,department_name,org_code,sort_no,status,created_at,updated_at FROM sys_department_tb ORDER BY sort_no ASC,id ASC
[2026-09-12 09:24:35.450] [gas-forecast] [] [] [c.g.f.d.m.S.selectList] [http-nio-8080-exec-2] [DEBUG] - ==> Parameters: 
[2026-09-12 09:24:35.451] [gas-forecast] [] [] [c.g.f.d.m.S.selectList] [http-nio-8080-exec-2] [DEBUG] - <==      Total: 7
[2026-09-12 09:24:36.241] [gas-forecast] [] [] [c.g.f.d.m.S.selectByUsername] [http-nio-8080-exec-3] [DEBUG] - ==>  Preparing: select distinct p.* from sys_permission_tb p where p.status = 1 and ( exists ( select 1 from sys_user_tb u join sys_user_role_ref ur on ur.user_id = u.id join sys_role_permission_ref rp on rp.role_id = ur.role_id where rp.permission_id = p.id and u.username = ? and u.deleted = 0 ) or exists ( select 1 from sys_user_tb u join sys_user_department_ref ud on ud.user_id = u.id join sys_department_permission_ref dp on dp.department_id = ud.department_id where dp.permission_id = p.id and u.username = ? and u.deleted = 0 ) ) order by p.sort_no, p.id
[2026-09-12 09:24:36.241] [gas-forecast] [] [] [c.g.f.d.m.S.selectByUsername] [http-nio-8080-exec-3] [DEBUG] - ==> Parameters: admin(String), admin(String)
[2026-09-12 09:24:36.243] [gas-forecast] [] [] [c.g.f.d.m.S.selectByUsername] [http-nio-8080-exec-3] [DEBUG] - <==      Total: 46
[2026-09-12 09:24:36.243] [gas-forecast] [] [] [c.g.f.d.m.SysRoleTbMapper.selectList] [http-nio-8080-exec-3] [DEBUG] - ==>  Preparing: SELECT id,role_code,role_name,description,created_at,updated_at FROM sys_role_tb ORDER BY id ASC
[2026-09-12 09:24:36.244] [gas-forecast] [] [] [c.g.f.d.m.SysRoleTbMapper.selectList] [http-nio-8080-exec-3] [DEBUG] - ==> Parameters: 
[2026-09-12 09:24:36.244] [gas-forecast] [] [] [c.g.f.d.m.SysRoleTbMapper.selectList] [http-nio-8080-exec-3] [DEBUG] - <==      Total: 1
[2026-09-12 09:24:36.244] [gas-forecast] [] [] [c.g.f.d.m.S.selectList] [http-nio-8080-exec-3] [DEBUG] - ==>  Preparing: SELECT id,parent_id,department_name,org_code,sort_no,status,created_at,updated_at FROM sys_department_tb ORDER BY sort_no ASC,id ASC
[2026-09-12 09:24:36.245] [gas-forecast] [] [] [c.g.f.d.m.S.selectList] [http-nio-8080-exec-3] [DEBUG] - ==> Parameters: 
[2026-09-12 09:24:36.246] [gas-forecast] [] [] [c.g.f.d.m.S.selectList] [http-nio-8080-exec-3] [DEBUG] - <==      Total: 7
[2026-09-12 09:24:36.246] [gas-forecast] [] [] [c.g.f.d.m.S.selectList] [http-nio-8080-exec-3] [DEBUG] - ==>  Preparing: SELECT id,parent_id,permission_name,path,component,permission_type,perms,icon,sort_no,hidden,status,created_at,updated_at FROM sys_permission_tb ORDER BY sort_no ASC,id ASC
[2026-09-12 09:24:36.246] [gas-forecast] [] [] [c.g.f.d.m.S.selectList] [http-nio-8080-exec-3] [DEBUG] - ==> Parameters: 
[2026-09-12 09:24:36.247] [gas-forecast] [] [] [c.g.f.d.m.S.selectList] [http-nio-8080-exec-3] [DEBUG] - <==      Total: 46
[2026-09-12 09:24:36.261] [gas-forecast] [] [] [c.g.f.d.m.S.selectByUsername] [http-nio-8080-exec-4] [DEBUG] - ==>  Preparing: select distinct p.* from sys_permission_tb p where p.status = 1 and ( exists ( select 1 from sys_user_tb u join sys_user_role_ref ur on ur.user_id = u.id join sys_role_permission_ref rp on rp.role_id = ur.role_id where rp.permission_id = p.id and u.username = ? and u.deleted = 0 ) or exists ( select 1 from sys_user_tb u join sys_user_department_ref ud on ud.user_id = u.id join sys_department_permission_ref dp on dp.department_id = ud.department_id where dp.permission_id = p.id and u.username = ? and u.deleted = 0 ) ) order by p.sort_no, p.id
[2026-09-12 09:24:36.262] [gas-forecast] [] [] [c.g.f.d.m.S.selectByUsername] [http-nio-8080-exec-4] [DEBUG] - ==> Parameters: admin(String), admin(String)
[2026-09-12 09:24:36.263] [gas-forecast] [] [] [c.g.f.d.m.S.selectByUsername] [http-nio-8080-exec-4] [DEBUG] - <==      Total: 46
[2026-09-12 09:24:36.264] [gas-forecast] [] [] [c.g.f.d.m.S.selectList] [http-nio-8080-exec-4] [DEBUG] - ==>  Preparing: SELECT id,parent_id,permission_name,path,component,permission_type,perms,icon,sort_no,hidden,status,created_at,updated_at FROM sys_permission_tb ORDER BY sort_no ASC,id ASC
[2026-09-12 09:24:36.264] [gas-forecast] [] [] [c.g.f.d.m.S.selectList] [http-nio-8080-exec-4] [DEBUG] - ==> Parameters: 
[2026-09-12 09:24:36.266] [gas-forecast] [] [] [c.g.f.d.m.S.selectList] [http-nio-8080-exec-4] [DEBUG] - <==      Total: 46
[2026-09-12 09:28:10.556] [gas-forecast] [] [] [c.g.f.d.m.S.selectByUsername] [http-nio-8080-exec-5] [DEBUG] - ==>  Preparing: select distinct p.* from sys_permission_tb p where p.status = 1 and ( exists ( select 1 from sys_user_tb u join sys_user_role_ref ur on ur.user_id = u.id join sys_role_permission_ref rp on rp.role_id = ur.role_id where rp.permission_id = p.id and u.username = ? and u.deleted = 0 ) or exists ( select 1 from sys_user_tb u join sys_user_department_ref ud on ud.user_id = u.id join sys_department_permission_ref dp on dp.department_id = ud.department_id where dp.permission_id = p.id and u.username = ? and u.deleted = 0 ) ) order by p.sort_no, p.id
[2026-09-12 09:28:10.556] [gas-forecast] [] [] [c.g.f.d.m.S.selectByUsername] [http-nio-8080-exec-5] [DEBUG] - ==> Parameters: admin(String), admin(String)
[2026-09-12 09:28:10.561] [gas-forecast] [] [] [c.g.f.d.m.S.selectByUsername] [http-nio-8080-exec-5] [DEBUG] - <==      Total: 46
[2026-09-12 09:28:10.562] [gas-forecast] [] [] [c.g.f.d.m.SysRoleTbMapper.selectList] [http-nio-8080-exec-5] [DEBUG] - ==>  Preparing: SELECT id,role_code,role_name,description,created_at,updated_at FROM sys_role_tb ORDER BY id ASC
[2026-09-12 09:28:10.562] [gas-forecast] [] [] [c.g.f.d.m.SysRoleTbMapper.selectList] [http-nio-8080-exec-5] [DEBUG] - ==> Parameters: 
[2026-09-12 09:28:10.562] [gas-forecast] [] [] [c.g.f.d.m.SysRoleTbMapper.selectList] [http-nio-8080-exec-5] [DEBUG] - <==      Total: 1
[2026-09-12 09:28:10.563] [gas-forecast] [] [] [c.g.f.d.m.S.selectList] [http-nio-8080-exec-5] [DEBUG] - ==>  Preparing: SELECT id,parent_id,department_name,org_code,sort_no,status,created_at,updated_at FROM sys_department_tb ORDER BY sort_no ASC,id ASC
[2026-09-12 09:28:10.563] [gas-forecast] [] [] [c.g.f.d.m.S.selectList] [http-nio-8080-exec-5] [DEBUG] - ==> Parameters: 
[2026-09-12 09:28:10.564] [gas-forecast] [] [] [c.g.f.d.m.S.selectList] [http-nio-8080-exec-5] [DEBUG] - <==      Total: 7
[2026-09-12 09:28:10.564] [gas-forecast] [] [] [c.g.f.d.m.S.selectList] [http-nio-8080-exec-5] [DEBUG] - ==>  Preparing: SELECT id,parent_id,permission_name,path,component,permission_type,perms,icon,sort_no,hidden,status,created_at,updated_at FROM sys_permission_tb ORDER BY sort_no ASC,id ASC
[2026-09-12 09:28:10.564] [gas-forecast] [] [] [c.g.f.d.m.S.selectList] [http-nio-8080-exec-5] [DEBUG] - ==> Parameters: 
[2026-09-12 09:28:10.565] [gas-forecast] [] [] [c.g.f.d.m.S.selectList] [http-nio-8080-exec-5] [DEBUG] - <==      Total: 46
[2026-09-12 09:28:10.570] [gas-forecast] [] [] [c.g.f.d.m.S.selectByUsername] [http-nio-8080-exec-6] [DEBUG] - ==>  Preparing: select distinct p.* from sys_permission_tb p where p.status = 1 and ( exists ( select 1 from sys_user_tb u join sys_user_role_ref ur on ur.user_id = u.id join sys_role_permission_ref rp on rp.role_id = ur.role_id where rp.permission_id = p.id and u.username = ? and u.deleted = 0 ) or exists ( select 1 from sys_user_tb u join sys_user_department_ref ud on ud.user_id = u.id join sys_department_permission_ref dp on dp.department_id = ud.department_id where dp.permission_id = p.id and u.username = ? and u.deleted = 0 ) ) order by p.sort_no, p.id
[2026-09-12 09:28:10.570] [gas-forecast] [] [] [c.g.f.d.m.S.selectByUsername] [http-nio-8080-exec-6] [DEBUG] - ==> Parameters: admin(String), admin(String)
[2026-09-12 09:28:10.571] [gas-forecast] [] [] [c.g.f.d.m.S.selectByUsername] [http-nio-8080-exec-6] [DEBUG] - <==      Total: 46
[2026-09-12 09:28:10.571] [gas-forecast] [] [] [c.g.f.d.m.S.selectList] [http-nio-8080-exec-6] [DEBUG] - ==>  Preparing: SELECT id,parent_id,permission_name,path,component,permission_type,perms,icon,sort_no,hidden,status,created_at,updated_at FROM sys_permission_tb ORDER BY sort_no ASC,id ASC
[2026-09-12 09:28:10.572] [gas-forecast] [] [] [c.g.f.d.m.S.selectList] [http-nio-8080-exec-6] [DEBUG] - ==> Parameters: 
[2026-09-12 09:28:10.572] [gas-forecast] [] [] [c.g.f.d.m.S.selectList] [http-nio-8080-exec-6] [DEBUG] - <==      Total: 46
[2026-09-12 09:28:31.090] [gas-forecast] [] [] [c.g.f.d.m.S.selectByUsername] [http-nio-8080-exec-7] [DEBUG] - ==>  Preparing: select distinct p.* from sys_permission_tb p where p.status = 1 and ( exists ( select 1 from sys_user_tb u join sys_user_role_ref ur on ur.user_id = u.id join sys_role_permission_ref rp on rp.role_id = ur.role_id where rp.permission_id = p.id and u.username = ? and u.deleted = 0 ) or exists ( select 1 from sys_user_tb u join sys_user_department_ref ud on ud.user_id = u.id join sys_department_permission_ref dp on dp.department_id = ud.department_id where dp.permission_id = p.id and u.username = ? and u.deleted = 0 ) ) order by p.sort_no, p.id
[2026-09-12 09:28:31.090] [gas-forecast] [] [] [c.g.f.d.m.S.selectByUsername] [http-nio-8080-exec-7] [DEBUG] - ==> Parameters: admin(String), admin(String)
[2026-09-12 09:28:31.091] [gas-forecast] [] [] [c.g.f.d.m.S.selectByUsername] [http-nio-8080-exec-7] [DEBUG] - <==      Total: 46
[2026-09-12 09:28:31.092] [gas-forecast] [] [] [c.g.f.d.m.SysRoleTbMapper.selectList] [http-nio-8080-exec-7] [DEBUG] - ==>  Preparing: SELECT id,role_code,role_name,description,created_at,updated_at FROM sys_role_tb ORDER BY id ASC
[2026-09-12 09:28:31.092] [gas-forecast] [] [] [c.g.f.d.m.SysRoleTbMapper.selectList] [http-nio-8080-exec-7] [DEBUG] - ==> Parameters: 
[2026-09-12 09:28:31.092] [gas-forecast] [] [] [c.g.f.d.m.SysRoleTbMapper.selectList] [http-nio-8080-exec-7] [DEBUG] - <==      Total: 1
[2026-09-12 09:28:31.092] [gas-forecast] [] [] [c.g.f.d.m.S.selectList] [http-nio-8080-exec-7] [DEBUG] - ==>  Preparing: SELECT id,parent_id,department_name,org_code,sort_no,status,created_at,updated_at FROM sys_department_tb ORDER BY sort_no ASC,id ASC
[2026-09-12 09:28:31.092] [gas-forecast] [] [] [c.g.f.d.m.S.selectList] [http-nio-8080-exec-7] [DEBUG] - ==> Parameters: 
[2026-09-12 09:28:31.094] [gas-forecast] [] [] [c.g.f.d.m.S.selectList] [http-nio-8080-exec-7] [DEBUG] - <==      Total: 7
[2026-09-12 09:28:31.094] [gas-forecast] [] [] [c.g.f.d.m.S.selectList] [http-nio-8080-exec-7] [DEBUG] - ==>  Preparing: SELECT id,parent_id,permission_name,path,component,permission_type,perms,icon,sort_no,hidden,status,created_at,updated_at FROM sys_permission_tb ORDER BY sort_no ASC,id ASC
[2026-09-12 09:28:31.094] [gas-forecast] [] [] [c.g.f.d.m.S.selectList] [http-nio-8080-exec-7] [DEBUG] - ==> Parameters: 
[2026-09-12 09:28:31.095] [gas-forecast] [] [] [c.g.f.d.m.S.selectList] [http-nio-8080-exec-7] [DEBUG] - <==      Total: 46
[2026-09-12 09:28:31.099] [gas-forecast] [] [] [c.g.f.d.m.S.selectByUsername] [http-nio-8080-exec-8] [DEBUG] - ==>  Preparing: select distinct p.* from sys_permission_tb p where p.status = 1 and ( exists ( select 1 from sys_user_tb u join sys_user_role_ref ur on ur.user_id = u.id join sys_role_permission_ref rp on rp.role_id = ur.role_id where rp.permission_id = p.id and u.username = ? and u.deleted = 0 ) or exists ( select 1 from sys_user_tb u join sys_user_department_ref ud on ud.user_id = u.id join sys_department_permission_ref dp on dp.department_id = ud.department_id where dp.permission_id = p.id and u.username = ? and u.deleted = 0 ) ) order by p.sort_no, p.id
[2026-09-12 09:28:31.099] [gas-forecast] [] [] [c.g.f.d.m.S.selectByUsername] [http-nio-8080-exec-8] [DEBUG] - ==> Parameters: admin(String), admin(String)
[2026-09-12 09:28:31.101] [gas-forecast] [] [] [c.g.f.d.m.S.selectByUsername] [http-nio-8080-exec-8] [DEBUG] - <==      Total: 46
[2026-09-12 09:28:31.101] [gas-forecast] [] [] [c.g.f.d.m.S.selectList] [http-nio-8080-exec-8] [DEBUG] - ==>  Preparing: SELECT id,parent_id,permission_name,path,component,permission_type,perms,icon,sort_no,hidden,status,created_at,updated_at FROM sys_permission_tb ORDER BY sort_no ASC,id ASC
[2026-09-12 09:28:31.101] [gas-forecast] [] [] [c.g.f.d.m.S.selectList] [http-nio-8080-exec-8] [DEBUG] - ==> Parameters: 
[2026-09-12 09:28:31.102] [gas-forecast] [] [] [c.g.f.d.m.S.selectList] [http-nio-8080-exec-8] [DEBUG] - <==      Total: 46
[2026-09-12 09:29:08.578] [gas-forecast] [] [] [c.g.f.d.m.S.selectByUsername] [http-nio-8080-exec-9] [DEBUG] - ==>  Preparing: select distinct p.* from sys_permission_tb p where p.status = 1 and ( exists ( select 1 from sys_user_tb u join sys_user_role_ref ur on ur.user_id = u.id join sys_role_permission_ref rp on rp.role_id = ur.role_id where rp.permission_id = p.id and u.username = ? and u.deleted = 0 ) or exists ( select 1 from sys_user_tb u join sys_user_department_ref ud on ud.user_id = u.id join sys_department_permission_ref dp on dp.department_id = ud.department_id where dp.permission_id = p.id and u.username = ? and u.deleted = 0 ) ) order by p.sort_no, p.id
[2026-09-12 09:29:08.578] [gas-forecast] [] [] [c.g.f.d.m.S.selectByUsername] [http-nio-8080-exec-9] [DEBUG] - ==> Parameters: admin(String), admin(String)
[2026-09-12 09:29:08.580] [gas-forecast] [] [] [c.g.f.d.m.S.selectByUsername] [http-nio-8080-exec-9] [DEBUG] - <==      Total: 46
[2026-09-12 09:29:08.580] [gas-forecast] [] [] [c.g.f.d.m.SysRoleTbMapper.selectList] [http-nio-8080-exec-9] [DEBUG] - ==>  Preparing: SELECT id,role_code,role_name,description,created_at,updated_at FROM sys_role_tb ORDER BY id ASC
[2026-09-12 09:29:08.581] [gas-forecast] [] [] [c.g.f.d.m.SysRoleTbMapper.selectList] [http-nio-8080-exec-9] [DEBUG] - ==> Parameters: 
[2026-09-12 09:29:08.581] [gas-forecast] [] [] [c.g.f.d.m.SysRoleTbMapper.selectList] [http-nio-8080-exec-9] [DEBUG] - <==      Total: 1
[2026-09-12 09:29:08.581] [gas-forecast] [] [] [c.g.f.d.m.S.selectList] [http-nio-8080-exec-9] [DEBUG] - ==>  Preparing: SELECT id,parent_id,department_name,org_code,sort_no,status,created_at,updated_at FROM sys_department_tb ORDER BY sort_no ASC,id ASC
[2026-09-12 09:29:08.581] [gas-forecast] [] [] [c.g.f.d.m.S.selectList] [http-nio-8080-exec-9] [DEBUG] - ==> Parameters: 
[2026-09-12 09:29:08.582] [gas-forecast] [] [] [c.g.f.d.m.S.selectList] [http-nio-8080-exec-9] [DEBUG] - <==      Total: 7
[2026-09-12 09:29:08.582] [gas-forecast] [] [] [c.g.f.d.m.S.selectList] [http-nio-8080-exec-9] [DEBUG] - ==>  Preparing: SELECT id,parent_id,permission_name,path,component,permission_type,perms,icon,sort_no,hidden,status,created_at,updated_at FROM sys_permission_tb ORDER BY sort_no ASC,id ASC
[2026-09-12 09:29:08.582] [gas-forecast] [] [] [c.g.f.d.m.S.selectList] [http-nio-8080-exec-9] [DEBUG] - ==> Parameters: 
[2026-09-12 09:29:08.583] [gas-forecast] [] [] [c.g.f.d.m.S.selectList] [http-nio-8080-exec-9] [DEBUG] - <==      Total: 46
[2026-09-12 09:29:08.587] [gas-forecast] [] [] [c.g.f.d.m.S.selectByUsername] [http-nio-8080-exec-10] [DEBUG] - ==>  Preparing: select distinct p.* from sys_permission_tb p where p.status = 1 and ( exists ( select 1 from sys_user_tb u join sys_user_role_ref ur on ur.user_id = u.id join sys_role_permission_ref rp on rp.role_id = ur.role_id where rp.permission_id = p.id and u.username = ? and u.deleted = 0 ) or exists ( select 1 from sys_user_tb u join sys_user_department_ref ud on ud.user_id = u.id join sys_department_permission_ref dp on dp.department_id = ud.department_id where dp.permission_id = p.id and u.username = ? and u.deleted = 0 ) ) order by p.sort_no, p.id
[2026-09-12 09:29:08.587] [gas-forecast] [] [] [c.g.f.d.m.S.selectByUsername] [http-nio-8080-exec-10] [DEBUG] - ==> Parameters: admin(String), admin(String)
[2026-09-12 09:29:08.588] [gas-forecast] [] [] [c.g.f.d.m.S.selectByUsername] [http-nio-8080-exec-10] [DEBUG] - <==      Total: 46
[2026-09-12 09:29:08.589] [gas-forecast] [] [] [c.g.f.d.m.S.selectList] [http-nio-8080-exec-10] [DEBUG] - ==>  Preparing: SELECT id,parent_id,permission_name,path,component,permission_type,perms,icon,sort_no,hidden,status,created_at,updated_at FROM sys_permission_tb ORDER BY sort_no ASC,id ASC
[2026-09-12 09:29:08.589] [gas-forecast] [] [] [c.g.f.d.m.S.selectList] [http-nio-8080-exec-10] [DEBUG] - ==> Parameters: 
[2026-09-12 09:29:08.590] [gas-forecast] [] [] [c.g.f.d.m.S.selectList] [http-nio-8080-exec-10] [DEBUG] - <==      Total: 46
[2026-09-12 09:30:54.340] [gas-forecast] [] [] [c.g.f.d.m.S.selectByUsername] [http-nio-8080-exec-1] [DEBUG] - ==>  Preparing: select distinct p.* from sys_permission_tb p where p.status = 1 and ( exists ( select 1 from sys_user_tb u join sys_user_role_ref ur on ur.user_id = u.id join sys_role_permission_ref rp on rp.role_id = ur.role_id where rp.permission_id = p.id and u.username = ? and u.deleted = 0 ) or exists ( select 1 from sys_user_tb u join sys_user_department_ref ud on ud.user_id = u.id join sys_department_permission_ref dp on dp.department_id = ud.department_id where dp.permission_id = p.id and u.username = ? and u.deleted = 0 ) ) order by p.sort_no, p.id
[2026-09-12 09:30:54.340] [gas-forecast] [] [] [c.g.f.d.m.S.selectByUsername] [http-nio-8080-exec-1] [DEBUG] - ==> Parameters: admin(String), admin(String)
[2026-09-12 09:30:54.344] [gas-forecast] [] [] [c.g.f.d.m.S.selectByUsername] [http-nio-8080-exec-1] [DEBUG] - <==      Total: 46
[2026-09-12 09:30:54.344] [gas-forecast] [] [] [c.g.f.d.m.SysRoleTbMapper.selectList] [http-nio-8080-exec-1] [DEBUG] - ==>  Preparing: SELECT id,role_code,role_name,description,created_at,updated_at FROM sys_role_tb ORDER BY id ASC
[2026-09-12 09:30:54.344] [gas-forecast] [] [] [c.g.f.d.m.SysRoleTbMapper.selectList] [http-nio-8080-exec-1] [DEBUG] - ==> Parameters: 
[2026-09-12 09:30:54.345] [gas-forecast] [] [] [c.g.f.d.m.SysRoleTbMapper.selectList] [http-nio-8080-exec-1] [DEBUG] - <==      Total: 1
[2026-09-12 09:30:54.345] [gas-forecast] [] [] [c.g.f.d.m.S.selectList] [http-nio-8080-exec-1] [DEBUG] - ==>  Preparing: SELECT id,parent_id,department_name,org_code,sort_no,status,created_at,updated_at FROM sys_department_tb ORDER BY sort_no ASC,id ASC
[2026-09-12 09:30:54.345] [gas-forecast] [] [] [c.g.f.d.m.S.selectList] [http-nio-8080-exec-1] [DEBUG] - ==> Parameters: 
[2026-09-12 09:30:54.346] [gas-forecast] [] [] [c.g.f.d.m.S.selectList] [http-nio-8080-exec-1] [DEBUG] - <==      Total: 7
[2026-09-12 09:30:54.346] [gas-forecast] [] [] [c.g.f.d.m.S.selectList] [http-nio-8080-exec-1] [DEBUG] - ==>  Preparing: SELECT id,parent_id,permission_name,path,component,permission_type,perms,icon,sort_no,hidden,status,created_at,updated_at FROM sys_permission_tb ORDER BY sort_no ASC,id ASC
[2026-09-12 09:30:54.346] [gas-forecast] [] [] [c.g.f.d.m.S.selectList] [http-nio-8080-exec-1] [DEBUG] - ==> Parameters: 
[2026-09-12 09:30:54.347] [gas-forecast] [] [] [c.g.f.d.m.S.selectList] [http-nio-8080-exec-1] [DEBUG] - <==      Total: 46
[2026-09-12 09:30:54.351] [gas-forecast] [] [] [c.g.f.d.m.S.selectByUsername] [http-nio-8080-exec-2] [DEBUG] - ==>  Preparing: select distinct p.* from sys_permission_tb p where p.status = 1 and ( exists ( select 1 from sys_user_tb u join sys_user_role_ref ur on ur.user_id = u.id join sys_role_permission_ref rp on rp.role_id = ur.role_id where rp.permission_id = p.id and u.username = ? and u.deleted = 0 ) or exists ( select 1 from sys_user_tb u join sys_user_department_ref ud on ud.user_id = u.id join sys_department_permission_ref dp on dp.department_id = ud.department_id where dp.permission_id = p.id and u.username = ? and u.deleted = 0 ) ) order by p.sort_no, p.id
[2026-09-12 09:30:54.351] [gas-forecast] [] [] [c.g.f.d.m.S.selectByUsername] [http-nio-8080-exec-2] [DEBUG] - ==> Parameters: admin(String), admin(String)
[2026-09-12 09:30:54.353] [gas-forecast] [] [] [c.g.f.d.m.S.selectByUsername] [http-nio-8080-exec-2] [DEBUG] - <==      Total: 46
[2026-09-12 09:30:54.353] [gas-forecast] [] [] [c.g.f.d.m.S.selectList] [http-nio-8080-exec-2] [DEBUG] - ==>  Preparing: SELECT id,parent_id,permission_name,path,component,permission_type,perms,icon,sort_no,hidden,status,created_at,updated_at FROM sys_permission_tb ORDER BY sort_no ASC,id ASC
[2026-09-12 09:30:54.353] [gas-forecast] [] [] [c.g.f.d.m.S.selectList] [http-nio-8080-exec-2] [DEBUG] - ==> Parameters: 
[2026-09-12 09:30:54.354] [gas-forecast] [] [] [c.g.f.d.m.S.selectList] [http-nio-8080-exec-2] [DEBUG] - <==      Total: 46
[2026-09-12 09:31:01.197] [gas-forecast] [] [] [c.g.f.d.m.S.selectByUsername] [http-nio-8080-exec-3] [DEBUG] - ==>  Preparing: select distinct p.* from sys_permission_tb p where p.status = 1 and ( exists ( select 1 from sys_user_tb u join sys_user_role_ref ur on ur.user_id = u.id join sys_role_permission_ref rp on rp.role_id = ur.role_id where rp.permission_id = p.id and u.username = ? and u.deleted = 0 ) or exists ( select 1 from sys_user_tb u join sys_user_department_ref ud on ud.user_id = u.id join sys_department_permission_ref dp on dp.department_id = ud.department_id where dp.permission_id = p.id and u.username = ? and u.deleted = 0 ) ) order by p.sort_no, p.id
[2026-09-12 09:31:01.197] [gas-forecast] [] [] [c.g.f.d.m.S.selectByUsername] [http-nio-8080-exec-3] [DEBUG] - ==> Parameters: admin(String), admin(String)
[2026-09-12 09:31:01.198] [gas-forecast] [] [] [c.g.f.d.m.S.selectByUsername] [http-nio-8080-exec-3] [DEBUG] - <==      Total: 46
[2026-09-12 09:31:01.199] [gas-forecast] [] [] [c.g.f.d.m.SysRoleTbMapper.selectList] [http-nio-8080-exec-3] [DEBUG] - ==>  Preparing: SELECT id,role_code,role_name,description,created_at,updated_at FROM sys_role_tb ORDER BY id ASC
[2026-09-12 09:31:01.199] [gas-forecast] [] [] [c.g.f.d.m.SysRoleTbMapper.selectList] [http-nio-8080-exec-3] [DEBUG] - ==> Parameters: 
[2026-09-12 09:31:01.199] [gas-forecast] [] [] [c.g.f.d.m.SysRoleTbMapper.selectList] [http-nio-8080-exec-3] [DEBUG] - <==      Total: 1
[2026-09-12 09:31:01.200] [gas-forecast] [] [] [c.g.f.d.m.S.selectList] [http-nio-8080-exec-3] [DEBUG] - ==>  Preparing: SELECT id,parent_id,department_name,org_code,sort_no,status,created_at,updated_at FROM sys_department_tb ORDER BY sort_no ASC,id ASC
[2026-09-12 09:31:01.200] [gas-forecast] [] [] [c.g.f.d.m.S.selectList] [http-nio-8080-exec-3] [DEBUG] - ==> Parameters: 
[2026-09-12 09:31:01.200] [gas-forecast] [] [] [c.g.f.d.m.S.selectList] [http-nio-8080-exec-3] [DEBUG] - <==      Total: 7
[2026-09-12 09:31:01.201] [gas-forecast] [] [] [c.g.f.d.m.S.selectList] [http-nio-8080-exec-3] [DEBUG] - ==>  Preparing: SELECT id,parent_id,permission_name,path,component,permission_type,perms,icon,sort_no,hidden,status,created_at,updated_at FROM sys_permission_tb ORDER BY sort_no ASC,id ASC
[2026-09-12 09:31:01.201] [gas-forecast] [] [] [c.g.f.d.m.S.selectList] [http-nio-8080-exec-3] [DEBUG] - ==> Parameters: 
[2026-09-12 09:31:01.201] [gas-forecast] [] [] [c.g.f.d.m.S.selectList] [http-nio-8080-exec-3] [DEBUG] - <==      Total: 46
[2026-09-12 09:31:01.206] [gas-forecast] [] [] [c.g.f.d.m.S.selectByUsername] [http-nio-8080-exec-4] [DEBUG] - ==>  Preparing: select distinct p.* from sys_permission_tb p where p.status = 1 and ( exists ( select 1 from sys_user_tb u join sys_user_role_ref ur on ur.user_id = u.id join sys_role_permission_ref rp on rp.role_id = ur.role_id where rp.permission_id = p.id and u.username = ? and u.deleted = 0 ) or exists ( select 1 from sys_user_tb u join sys_user_department_ref ud on ud.user_id = u.id join sys_department_permission_ref dp on dp.department_id = ud.department_id where dp.permission_id = p.id and u.username = ? and u.deleted = 0 ) ) order by p.sort_no, p.id
[2026-09-12 09:31:01.206] [gas-forecast] [] [] [c.g.f.d.m.S.selectByUsername] [http-nio-8080-exec-4] [DEBUG] - ==> Parameters: admin(String), admin(String)
[2026-09-12 09:31:01.208] [gas-forecast] [] [] [c.g.f.d.m.S.selectByUsername] [http-nio-8080-exec-4] [DEBUG] - <==      Total: 46
[2026-09-12 09:31:01.208] [gas-forecast] [] [] [c.g.f.d.m.S.selectList] [http-nio-8080-exec-4] [DEBUG] - ==>  Preparing: SELECT id,parent_id,permission_name,path,component,permission_type,perms,icon,sort_no,hidden,status,created_at,updated_at FROM sys_permission_tb ORDER BY sort_no ASC,id ASC
[2026-09-12 09:31:01.208] [gas-forecast] [] [] [c.g.f.d.m.S.selectList] [http-nio-8080-exec-4] [DEBUG] - ==> Parameters: 
[2026-09-12 09:31:01.209] [gas-forecast] [] [] [c.g.f.d.m.S.selectList] [http-nio-8080-exec-4] [DEBUG] - <==      Total: 46
[2026-09-12 09:33:09.176] [gas-forecast] [] [] [c.g.f.d.m.S.selectByUsername] [http-nio-8080-exec-1] [DEBUG] - ==>  Preparing: select distinct p.* from sys_permission_tb p where p.status = 1 and ( exists ( select 1 from sys_user_tb u join sys_user_role_ref ur on ur.user_id = u.id join sys_role_permission_ref rp on rp.role_id = ur.role_id where rp.permission_id = p.id and u.username = ? and u.deleted = 0 ) or exists ( select 1 from sys_user_tb u join sys_user_department_ref ud on ud.user_id = u.id join sys_department_permission_ref dp on dp.department_id = ud.department_id where dp.permission_id = p.id and u.username = ? and u.deleted = 0 ) ) order by p.sort_no, p.id
[2026-09-12 09:33:09.185] [gas-forecast] [] [] [c.g.f.d.m.S.selectByUsername] [http-nio-8080-exec-1] [DEBUG] - ==> Parameters: admin(String), admin(String)
[2026-09-12 09:33:09.201] [gas-forecast] [] [] [c.g.f.d.m.S.selectByUsername] [http-nio-8080-exec-1] [DEBUG] - <==      Total: 46
[2026-09-12 09:33:09.224] [gas-forecast] [] [] [c.g.f.d.m.SysRoleTbMapper.selectList] [http-nio-8080-exec-1] [DEBUG] - ==>  Preparing: SELECT id,role_code,role_name,description,created_at,updated_at FROM sys_role_tb ORDER BY id ASC
[2026-09-12 09:33:09.224] [gas-forecast] [] [] [c.g.f.d.m.SysRoleTbMapper.selectList] [http-nio-8080-exec-1] [DEBUG] - ==> Parameters: 
[2026-09-12 09:33:09.226] [gas-forecast] [] [] [c.g.f.d.m.SysRoleTbMapper.selectList] [http-nio-8080-exec-1] [DEBUG] - <==      Total: 1
[2026-09-12 09:33:09.227] [gas-forecast] [] [] [c.g.f.d.m.S.selectList] [http-nio-8080-exec-1] [DEBUG] - ==>  Preparing: SELECT id,parent_id,department_name,org_code,sort_no,status,created_at,updated_at FROM sys_department_tb ORDER BY sort_no ASC,id ASC
[2026-09-12 09:33:09.227] [gas-forecast] [] [] [c.g.f.d.m.S.selectList] [http-nio-8080-exec-1] [DEBUG] - ==> Parameters: 
[2026-09-12 09:33:09.229] [gas-forecast] [] [] [c.g.f.d.m.S.selectList] [http-nio-8080-exec-1] [DEBUG] - <==      Total: 7
[2026-09-12 09:33:09.229] [gas-forecast] [] [] [c.g.f.d.m.S.selectList] [http-nio-8080-exec-1] [DEBUG] - ==>  Preparing: SELECT id,parent_id,permission_name,path,component,permission_type,perms,icon,sort_no,hidden,status,created_at,updated_at FROM sys_permission_tb ORDER BY sort_no ASC,id ASC
[2026-09-12 09:33:09.229] [gas-forecast] [] [] [c.g.f.d.m.S.selectList] [http-nio-8080-exec-1] [DEBUG] - ==> Parameters: 
[2026-09-12 09:33:09.232] [gas-forecast] [] [] [c.g.f.d.m.S.selectList] [http-nio-8080-exec-1] [DEBUG] - <==      Total: 46
[2026-09-12 09:33:09.269] [gas-forecast] [] [] [c.g.f.d.m.S.selectByUsername] [http-nio-8080-exec-2] [DEBUG] - ==>  Preparing: select distinct p.* from sys_permission_tb p where p.status = 1 and ( exists ( select 1 from sys_user_tb u join sys_user_role_ref ur on ur.user_id = u.id join sys_role_permission_ref rp on rp.role_id = ur.role_id where rp.permission_id = p.id and u.username = ? and u.deleted = 0 ) or exists ( select 1 from sys_user_tb u join sys_user_department_ref ud on ud.user_id = u.id join sys_department_permission_ref dp on dp.department_id = ud.department_id where dp.permission_id = p.id and u.username = ? and u.deleted = 0 ) ) order by p.sort_no, p.id
[2026-09-12 09:33:09.269] [gas-forecast] [] [] [c.g.f.d.m.S.selectByUsername] [http-nio-8080-exec-2] [DEBUG] - ==> Parameters: admin(String), admin(String)
[2026-09-12 09:33:09.273] [gas-forecast] [] [] [c.g.f.d.m.S.selectByUsername] [http-nio-8080-exec-2] [DEBUG] - <==      Total: 46
[2026-09-12 09:33:09.278] [gas-forecast] [] [] [c.g.f.d.m.S.selectList] [http-nio-8080-exec-2] [DEBUG] - ==>  Preparing: SELECT id,parent_id,permission_name,path,component,permission_type,perms,icon,sort_no,hidden,status,created_at,updated_at FROM sys_permission_tb ORDER BY sort_no ASC,id ASC
[2026-09-12 09:33:09.278] [gas-forecast] [] [] [c.g.f.d.m.S.selectList] [http-nio-8080-exec-2] [DEBUG] - ==> Parameters: 
[2026-09-12 09:33:09.280] [gas-forecast] [] [] [c.g.f.d.m.S.selectList] [http-nio-8080-exec-2] [DEBUG] - <==      Total: 46
[2026-09-12 09:33:45.392] [gas-forecast] [] [] [c.g.f.d.m.S.selectByUsername] [http-nio-8080-exec-3] [DEBUG] - ==>  Preparing: select distinct p.* from sys_permission_tb p where p.status = 1 and ( exists ( select 1 from sys_user_tb u join sys_user_role_ref ur on ur.user_id = u.id join sys_role_permission_ref rp on rp.role_id = ur.role_id where rp.permission_id = p.id and u.username = ? and u.deleted = 0 ) or exists ( select 1 from sys_user_tb u join sys_user_department_ref ud on ud.user_id = u.id join sys_department_permission_ref dp on dp.department_id = ud.department_id where dp.permission_id = p.id and u.username = ? and u.deleted = 0 ) ) order by p.sort_no, p.id
[2026-09-12 09:33:45.393] [gas-forecast] [] [] [c.g.f.d.m.S.selectByUsername] [http-nio-8080-exec-3] [DEBUG] - ==> Parameters: admin(String), admin(String)
[2026-09-12 09:33:45.395] [gas-forecast] [] [] [c.g.f.d.m.S.selectByUsername] [http-nio-8080-exec-3] [DEBUG] - <==      Total: 46
[2026-09-12 09:33:45.396] [gas-forecast] [] [] [c.g.f.d.m.SysRoleTbMapper.selectList] [http-nio-8080-exec-3] [DEBUG] - ==>  Preparing: SELECT id,role_code,role_name,description,created_at,updated_at FROM sys_role_tb ORDER BY id ASC
[2026-09-12 09:33:45.396] [gas-forecast] [] [] [c.g.f.d.m.SysRoleTbMapper.selectList] [http-nio-8080-exec-3] [DEBUG] - ==> Parameters: 
[2026-09-12 09:33:45.397] [gas-forecast] [] [] [c.g.f.d.m.SysRoleTbMapper.selectList] [http-nio-8080-exec-3] [DEBUG] - <==      Total: 1
[2026-09-12 09:33:45.397] [gas-forecast] [] [] [c.g.f.d.m.S.selectList] [http-nio-8080-exec-3] [DEBUG] - ==>  Preparing: SELECT id,parent_id,department_name,org_code,sort_no,status,created_at,updated_at FROM sys_department_tb ORDER BY sort_no ASC,id ASC
[2026-09-12 09:33:45.397] [gas-forecast] [] [] [c.g.f.d.m.S.selectList] [http-nio-8080-exec-3] [DEBUG] - ==> Parameters: 
[2026-09-12 09:33:45.398] [gas-forecast] [] [] [c.g.f.d.m.S.selectList] [http-nio-8080-exec-3] [DEBUG] - <==      Total: 7
[2026-09-12 09:33:45.398] [gas-forecast] [] [] [c.g.f.d.m.S.selectList] [http-nio-8080-exec-3] [DEBUG] - ==>  Preparing: SELECT id,parent_id,permission_name,path,component,permission_type,perms,icon,sort_no,hidden,status,created_at,updated_at FROM sys_permission_tb ORDER BY sort_no ASC,id ASC
[2026-09-12 09:33:45.398] [gas-forecast] [] [] [c.g.f.d.m.S.selectList] [http-nio-8080-exec-3] [DEBUG] - ==> Parameters: 
[2026-09-12 09:33:45.399] [gas-forecast] [] [] [c.g.f.d.m.S.selectList] [http-nio-8080-exec-3] [DEBUG] - <==      Total: 46
[2026-09-12 09:33:45.404] [gas-forecast] [] [] [c.g.f.d.m.S.selectByUsername] [http-nio-8080-exec-4] [DEBUG] - ==>  Preparing: select distinct p.* from sys_permission_tb p where p.status = 1 and ( exists ( select 1 from sys_user_tb u join sys_user_role_ref ur on ur.user_id = u.id join sys_role_permission_ref rp on rp.role_id = ur.role_id where rp.permission_id = p.id and u.username = ? and u.deleted = 0 ) or exists ( select 1 from sys_user_tb u join sys_user_department_ref ud on ud.user_id = u.id join sys_department_permission_ref dp on dp.department_id = ud.department_id where dp.permission_id = p.id and u.username = ? and u.deleted = 0 ) ) order by p.sort_no, p.id
[2026-09-12 09:33:45.404] [gas-forecast] [] [] [c.g.f.d.m.S.selectByUsername] [http-nio-8080-exec-4] [DEBUG] - ==> Parameters: admin(String), admin(String)
[2026-09-12 09:33:45.406] [gas-forecast] [] [] [c.g.f.d.m.S.selectByUsername] [http-nio-8080-exec-4] [DEBUG] - <==      Total: 46
[2026-09-12 09:33:45.420] [gas-forecast] [] [] [c.g.f.d.m.SysUserTbMapper.selectList] [http-nio-8080-exec-4] [DEBUG] - ==>  Preparing: SELECT id,username,real_name,password_hash,password_salt,avatar,email,phone,org_code,status,deleted,created_at,updated_at FROM sys_user_tb WHERE (deleted = ?) ORDER BY id ASC
[2026-09-12 09:33:45.420] [gas-forecast] [] [] [c.g.f.d.m.SysUserTbMapper.selectList] [http-nio-8080-exec-4] [DEBUG] - ==> Parameters: 0(Integer)
[2026-09-12 09:33:45.422] [gas-forecast] [] [] [c.g.f.d.m.SysUserTbMapper.selectList] [http-nio-8080-exec-4] [DEBUG] - <==      Total: 1
[2026-09-12 09:33:45.422] [gas-forecast] [] [] [c.g.f.d.m.SysRoleTbMapper.selectList] [http-nio-8080-exec-4] [DEBUG] - ==>  Preparing: SELECT id,role_code,role_name,description,created_at,updated_at FROM sys_role_tb ORDER BY id ASC
[2026-09-12 09:33:45.422] [gas-forecast] [] [] [c.g.f.d.m.SysRoleTbMapper.selectList] [http-nio-8080-exec-4] [DEBUG] - ==> Parameters: 
[2026-09-12 09:33:45.423] [gas-forecast] [] [] [c.g.f.d.m.SysRoleTbMapper.selectList] [http-nio-8080-exec-4] [DEBUG] - <==      Total: 1
[2026-09-12 09:33:45.423] [gas-forecast] [] [] [c.g.f.d.m.S.selectList] [http-nio-8080-exec-4] [DEBUG] - ==>  Preparing: SELECT id,parent_id,department_name,org_code,sort_no,status,created_at,updated_at FROM sys_department_tb ORDER BY id ASC
[2026-09-12 09:33:45.423] [gas-forecast] [] [] [c.g.f.d.m.S.selectList] [http-nio-8080-exec-4] [DEBUG] - ==> Parameters: 
[2026-09-12 09:33:45.423] [gas-forecast] [] [] [c.g.f.d.m.S.selectList] [http-nio-8080-exec-4] [DEBUG] - <==      Total: 7
[2026-09-12 09:33:45.424] [gas-forecast] [] [] [c.g.f.d.m.S.selectList] [http-nio-8080-exec-4] [DEBUG] - ==>  Preparing: SELECT id,user_id,role_id FROM sys_user_role_ref
[2026-09-12 09:33:45.424] [gas-forecast] [] [] [c.g.f.d.m.S.selectList] [http-nio-8080-exec-4] [DEBUG] - ==> Parameters: 
[2026-09-12 09:33:45.424] [gas-forecast] [] [] [c.g.f.d.m.S.selectList] [http-nio-8080-exec-4] [DEBUG] - <==      Total: 1
[2026-09-12 09:33:45.425] [gas-forecast] [] [] [c.g.f.d.m.S.selectList] [http-nio-8080-exec-4] [DEBUG] - ==>  Preparing: SELECT id,user_id,department_id FROM sys_user_department_ref
[2026-09-12 09:33:45.425] [gas-forecast] [] [] [c.g.f.d.m.S.selectList] [http-nio-8080-exec-4] [DEBUG] - ==> Parameters: 
[2026-09-12 09:33:45.425] [gas-forecast] [] [] [c.g.f.d.m.S.selectList] [http-nio-8080-exec-4] [DEBUG] - <==      Total: 1
[2026-09-12 09:33:45.915] [gas-forecast] [] [] [c.g.f.d.m.S.selectByUsername] [http-nio-8080-exec-5] [DEBUG] - ==>  Preparing: select distinct p.* from sys_permission_tb p where p.status = 1 and ( exists ( select 1 from sys_user_tb u join sys_user_role_ref ur on ur.user_id = u.id join sys_role_permission_ref rp on rp.role_id = ur.role_id where rp.permission_id = p.id and u.username = ? and u.deleted = 0 ) or exists ( select 1 from sys_user_tb u join sys_user_department_ref ud on ud.user_id = u.id join sys_department_permission_ref dp on dp.department_id = ud.department_id where dp.permission_id = p.id and u.username = ? and u.deleted = 0 ) ) order by p.sort_no, p.id
[2026-09-12 09:33:45.915] [gas-forecast] [] [] [c.g.f.d.m.S.selectByUsername] [http-nio-8080-exec-5] [DEBUG] - ==> Parameters: admin(String), admin(String)
[2026-09-12 09:33:45.918] [gas-forecast] [] [] [c.g.f.d.m.S.selectByUsername] [http-nio-8080-exec-5] [DEBUG] - <==      Total: 46
[2026-09-12 09:33:45.919] [gas-forecast] [] [] [c.g.f.d.m.SysRoleTbMapper.selectList] [http-nio-8080-exec-5] [DEBUG] - ==>  Preparing: SELECT id,role_code,role_name,description,created_at,updated_at FROM sys_role_tb ORDER BY id ASC
[2026-09-12 09:33:45.919] [gas-forecast] [] [] [c.g.f.d.m.SysRoleTbMapper.selectList] [http-nio-8080-exec-5] [DEBUG] - ==> Parameters: 
[2026-09-12 09:33:45.919] [gas-forecast] [] [] [c.g.f.d.m.SysRoleTbMapper.selectList] [http-nio-8080-exec-5] [DEBUG] - <==      Total: 1
[2026-09-12 09:33:45.920] [gas-forecast] [] [] [c.g.f.d.m.S.selectList] [http-nio-8080-exec-5] [DEBUG] - ==>  Preparing: SELECT id,parent_id,department_name,org_code,sort_no,status,created_at,updated_at FROM sys_department_tb ORDER BY sort_no ASC,id ASC
[2026-09-12 09:33:45.920] [gas-forecast] [] [] [c.g.f.d.m.S.selectList] [http-nio-8080-exec-5] [DEBUG] - ==> Parameters: 
[2026-09-12 09:33:45.920] [gas-forecast] [] [] [c.g.f.d.m.S.selectList] [http-nio-8080-exec-5] [DEBUG] - <==      Total: 7
[2026-09-12 09:33:45.920] [gas-forecast] [] [] [c.g.f.d.m.S.selectList] [http-nio-8080-exec-5] [DEBUG] - ==>  Preparing: SELECT id,parent_id,permission_name,path,component,permission_type,perms,icon,sort_no,hidden,status,created_at,updated_at FROM sys_permission_tb ORDER BY sort_no ASC,id ASC
[2026-09-12 09:33:45.920] [gas-forecast] [] [] [c.g.f.d.m.S.selectList] [http-nio-8080-exec-5] [DEBUG] - ==> Parameters: 
[2026-09-12 09:33:45.921] [gas-forecast] [] [] [c.g.f.d.m.S.selectList] [http-nio-8080-exec-5] [DEBUG] - <==      Total: 46
[2026-09-12 09:33:45.925] [gas-forecast] [] [] [c.g.f.d.m.S.selectByUsername] [http-nio-8080-exec-6] [DEBUG] - ==>  Preparing: select distinct p.* from sys_permission_tb p where p.status = 1 and ( exists ( select 1 from sys_user_tb u join sys_user_role_ref ur on ur.user_id = u.id join sys_role_permission_ref rp on rp.role_id = ur.role_id where rp.permission_id = p.id and u.username = ? and u.deleted = 0 ) or exists ( select 1 from sys_user_tb u join sys_user_department_ref ud on ud.user_id = u.id join sys_department_permission_ref dp on dp.department_id = ud.department_id where dp.permission_id = p.id and u.username = ? and u.deleted = 0 ) ) order by p.sort_no, p.id
[2026-09-12 09:33:45.925] [gas-forecast] [] [] [c.g.f.d.m.S.selectByUsername] [http-nio-8080-exec-6] [DEBUG] - ==> Parameters: admin(String), admin(String)
[2026-09-12 09:33:45.927] [gas-forecast] [] [] [c.g.f.d.m.S.selectByUsername] [http-nio-8080-exec-6] [DEBUG] - <==      Total: 46
[2026-09-12 09:33:45.928] [gas-forecast] [] [] [c.g.f.d.m.S.selectList] [http-nio-8080-exec-6] [DEBUG] - ==>  Preparing: SELECT id,role_id,permission_id FROM sys_role_permission_ref
[2026-09-12 09:33:45.928] [gas-forecast] [] [] [c.g.f.d.m.S.selectList] [http-nio-8080-exec-6] [DEBUG] - ==> Parameters: 
[2026-09-12 09:33:45.929] [gas-forecast] [] [] [c.g.f.d.m.S.selectList] [http-nio-8080-exec-6] [DEBUG] - <==      Total: 46
[2026-09-12 09:33:45.929] [gas-forecast] [] [] [c.g.f.d.m.SysRoleTbMapper.selectList] [http-nio-8080-exec-6] [DEBUG] - ==>  Preparing: SELECT id,role_code,role_name,description,created_at,updated_at FROM sys_role_tb ORDER BY id ASC
[2026-09-12 09:33:45.929] [gas-forecast] [] [] [c.g.f.d.m.SysRoleTbMapper.selectList] [http-nio-8080-exec-6] [DEBUG] - ==> Parameters: 
[2026-09-12 09:33:45.930] [gas-forecast] [] [] [c.g.f.d.m.SysRoleTbMapper.selectList] [http-nio-8080-exec-6] [DEBUG] - <==      Total: 1
[2026-09-12 09:33:46.364] [gas-forecast] [] [] [c.g.f.d.m.S.selectByUsername] [http-nio-8080-exec-7] [DEBUG] - ==>  Preparing: select distinct p.* from sys_permission_tb p where p.status = 1 and ( exists ( select 1 from sys_user_tb u join sys_user_role_ref ur on ur.user_id = u.id join sys_role_permission_ref rp on rp.role_id = ur.role_id where rp.permission_id = p.id and u.username = ? and u.deleted = 0 ) or exists ( select 1 from sys_user_tb u join sys_user_department_ref ud on ud.user_id = u.id join sys_department_permission_ref dp on dp.department_id = ud.department_id where dp.permission_id = p.id and u.username = ? and u.deleted = 0 ) ) order by p.sort_no, p.id
[2026-09-12 09:33:46.364] [gas-forecast] [] [] [c.g.f.d.m.S.selectByUsername] [http-nio-8080-exec-7] [DEBUG] - ==> Parameters: admin(String), admin(String)
[2026-09-12 09:33:46.366] [gas-forecast] [] [] [c.g.f.d.m.S.selectByUsername] [http-nio-8080-exec-7] [DEBUG] - <==      Total: 46
[2026-09-12 09:33:46.367] [gas-forecast] [] [] [c.g.f.d.m.SysRoleTbMapper.selectList] [http-nio-8080-exec-7] [DEBUG] - ==>  Preparing: SELECT id,role_code,role_name,description,created_at,updated_at FROM sys_role_tb ORDER BY id ASC
[2026-09-12 09:33:46.367] [gas-forecast] [] [] [c.g.f.d.m.SysRoleTbMapper.selectList] [http-nio-8080-exec-7] [DEBUG] - ==> Parameters: 
[2026-09-12 09:33:46.368] [gas-forecast] [] [] [c.g.f.d.m.SysRoleTbMapper.selectList] [http-nio-8080-exec-7] [DEBUG] - <==      Total: 1
[2026-09-12 09:33:46.368] [gas-forecast] [] [] [c.g.f.d.m.S.selectList] [http-nio-8080-exec-7] [DEBUG] - ==>  Preparing: SELECT id,parent_id,department_name,org_code,sort_no,status,created_at,updated_at FROM sys_department_tb ORDER BY sort_no ASC,id ASC
[2026-09-12 09:33:46.368] [gas-forecast] [] [] [c.g.f.d.m.S.selectList] [http-nio-8080-exec-7] [DEBUG] - ==> Parameters: 
[2026-09-12 09:33:46.369] [gas-forecast] [] [] [c.g.f.d.m.S.selectList] [http-nio-8080-exec-7] [DEBUG] - <==      Total: 7
[2026-09-12 09:33:46.369] [gas-forecast] [] [] [c.g.f.d.m.S.selectList] [http-nio-8080-exec-7] [DEBUG] - ==>  Preparing: SELECT id,parent_id,permission_name,path,component,permission_type,perms,icon,sort_no,hidden,status,created_at,updated_at FROM sys_permission_tb ORDER BY sort_no ASC,id ASC
[2026-09-12 09:33:46.369] [gas-forecast] [] [] [c.g.f.d.m.S.selectList] [http-nio-8080-exec-7] [DEBUG] - ==> Parameters: 
[2026-09-12 09:33:46.370] [gas-forecast] [] [] [c.g.f.d.m.S.selectList] [http-nio-8080-exec-7] [DEBUG] - <==      Total: 46
[2026-09-12 09:33:46.374] [gas-forecast] [] [] [c.g.f.d.m.S.selectByUsername] [http-nio-8080-exec-8] [DEBUG] - ==>  Preparing: select distinct p.* from sys_permission_tb p where p.status = 1 and ( exists ( select 1 from sys_user_tb u join sys_user_role_ref ur on ur.user_id = u.id join sys_role_permission_ref rp on rp.role_id = ur.role_id where rp.permission_id = p.id and u.username = ? and u.deleted = 0 ) or exists ( select 1 from sys_user_tb u join sys_user_department_ref ud on ud.user_id = u.id join sys_department_permission_ref dp on dp.department_id = ud.department_id where dp.permission_id = p.id and u.username = ? and u.deleted = 0 ) ) order by p.sort_no, p.id
[2026-09-12 09:33:46.375] [gas-forecast] [] [] [c.g.f.d.m.S.selectByUsername] [http-nio-8080-exec-8] [DEBUG] - ==> Parameters: admin(String), admin(String)
[2026-09-12 09:33:46.376] [gas-forecast] [] [] [c.g.f.d.m.S.selectByUsername] [http-nio-8080-exec-8] [DEBUG] - <==      Total: 46
[2026-09-12 09:33:46.377] [gas-forecast] [] [] [c.g.f.d.m.S.selectList] [http-nio-8080-exec-8] [DEBUG] - ==>  Preparing: SELECT id,parent_id,department_name,org_code,sort_no,status,created_at,updated_at FROM sys_department_tb ORDER BY sort_no ASC,id ASC
[2026-09-12 09:33:46.377] [gas-forecast] [] [] [c.g.f.d.m.S.selectList] [http-nio-8080-exec-8] [DEBUG] - ==> Parameters: 
[2026-09-12 09:33:46.378] [gas-forecast] [] [] [c.g.f.d.m.S.selectList] [http-nio-8080-exec-8] [DEBUG] - <==      Total: 7
[2026-09-12 09:33:46.821] [gas-forecast] [] [] [c.g.f.d.m.S.selectByUsername] [http-nio-8080-exec-9] [DEBUG] - ==>  Preparing: select distinct p.* from sys_permission_tb p where p.status = 1 and ( exists ( select 1 from sys_user_tb u join sys_user_role_ref ur on ur.user_id = u.id join sys_role_permission_ref rp on rp.role_id = ur.role_id where rp.permission_id = p.id and u.username = ? and u.deleted = 0 ) or exists ( select 1 from sys_user_tb u join sys_user_department_ref ud on ud.user_id = u.id join sys_department_permission_ref dp on dp.department_id = ud.department_id where dp.permission_id = p.id and u.username = ? and u.deleted = 0 ) ) order by p.sort_no, p.id
[2026-09-12 09:33:46.822] [gas-forecast] [] [] [c.g.f.d.m.S.selectByUsername] [http-nio-8080-exec-9] [DEBUG] - ==> Parameters: admin(String), admin(String)
[2026-09-12 09:33:46.824] [gas-forecast] [] [] [c.g.f.d.m.S.selectByUsername] [http-nio-8080-exec-9] [DEBUG] - <==      Total: 46
[2026-09-12 09:33:46.825] [gas-forecast] [] [] [c.g.f.d.m.SysRoleTbMapper.selectList] [http-nio-8080-exec-9] [DEBUG] - ==>  Preparing: SELECT id,role_code,role_name,description,created_at,updated_at FROM sys_role_tb ORDER BY id ASC
[2026-09-12 09:33:46.825] [gas-forecast] [] [] [c.g.f.d.m.SysRoleTbMapper.selectList] [http-nio-8080-exec-9] [DEBUG] - ==> Parameters: 
[2026-09-12 09:33:46.825] [gas-forecast] [] [] [c.g.f.d.m.SysRoleTbMapper.selectList] [http-nio-8080-exec-9] [DEBUG] - <==      Total: 1
[2026-09-12 09:33:46.825] [gas-forecast] [] [] [c.g.f.d.m.S.selectList] [http-nio-8080-exec-9] [DEBUG] - ==>  Preparing: SELECT id,parent_id,department_name,org_code,sort_no,status,created_at,updated_at FROM sys_department_tb ORDER BY sort_no ASC,id ASC
[2026-09-12 09:33:46.826] [gas-forecast] [] [] [c.g.f.d.m.S.selectList] [http-nio-8080-exec-9] [DEBUG] - ==> Parameters: 
[2026-09-12 09:33:46.826] [gas-forecast] [] [] [c.g.f.d.m.S.selectList] [http-nio-8080-exec-9] [DEBUG] - <==      Total: 7
[2026-09-12 09:33:46.827] [gas-forecast] [] [] [c.g.f.d.m.S.selectList] [http-nio-8080-exec-9] [DEBUG] - ==>  Preparing: SELECT id,parent_id,permission_name,path,component,permission_type,perms,icon,sort_no,hidden,status,created_at,updated_at FROM sys_permission_tb ORDER BY sort_no ASC,id ASC
[2026-09-12 09:33:46.827] [gas-forecast] [] [] [c.g.f.d.m.S.selectList] [http-nio-8080-exec-9] [DEBUG] - ==> Parameters: 
[2026-09-12 09:33:46.828] [gas-forecast] [] [] [c.g.f.d.m.S.selectList] [http-nio-8080-exec-9] [DEBUG] - <==      Total: 46
[2026-09-12 09:33:46.833] [gas-forecast] [] [] [c.g.f.d.m.S.selectByUsername] [http-nio-8080-exec-10] [DEBUG] - ==>  Preparing: select distinct p.* from sys_permission_tb p where p.status = 1 and ( exists ( select 1 from sys_user_tb u join sys_user_role_ref ur on ur.user_id = u.id join sys_role_permission_ref rp on rp.role_id = ur.role_id where rp.permission_id = p.id and u.username = ? and u.deleted = 0 ) or exists ( select 1 from sys_user_tb u join sys_user_department_ref ud on ud.user_id = u.id join sys_department_permission_ref dp on dp.department_id = ud.department_id where dp.permission_id = p.id and u.username = ? and u.deleted = 0 ) ) order by p.sort_no, p.id
[2026-09-12 09:33:46.833] [gas-forecast] [] [] [c.g.f.d.m.S.selectByUsername] [http-nio-8080-exec-10] [DEBUG] - ==> Parameters: admin(String), admin(String)
[2026-09-12 09:33:46.835] [gas-forecast] [] [] [c.g.f.d.m.S.selectByUsername] [http-nio-8080-exec-10] [DEBUG] - <==      Total: 46
[2026-09-12 09:33:46.836] [gas-forecast] [] [] [c.g.f.d.m.S.selectList] [http-nio-8080-exec-10] [DEBUG] - ==>  Preparing: SELECT id,parent_id,permission_name,path,component,permission_type,perms,icon,sort_no,hidden,status,created_at,updated_at FROM sys_permission_tb ORDER BY sort_no ASC,id ASC
[2026-09-12 09:33:46.836] [gas-forecast] [] [] [c.g.f.d.m.S.selectList] [http-nio-8080-exec-10] [DEBUG] - ==> Parameters: 
[2026-09-12 09:33:46.838] [gas-forecast] [] [] [c.g.f.d.m.S.selectList] [http-nio-8080-exec-10] [DEBUG] - <==      Total: 46
[2026-09-12 09:40:57.422] [gas-forecast] [] [] [c.g.f.d.m.S.selectByUsername] [http-nio-8080-exec-1] [DEBUG] - ==>  Preparing: select distinct p.* from sys_permission_tb p where p.status = 1 and ( exists ( select 1 from sys_user_tb u join sys_user_role_ref ur on ur.user_id = u.id join sys_role_permission_ref rp on rp.role_id = ur.role_id where rp.permission_id = p.id and u.username = ? and u.deleted = 0 ) or exists ( select 1 from sys_user_tb u join sys_user_department_ref ud on ud.user_id = u.id join sys_department_permission_ref dp on dp.department_id = ud.department_id where dp.permission_id = p.id and u.username = ? and u.deleted = 0 ) ) order by p.sort_no, p.id
[2026-09-12 09:40:57.423] [gas-forecast] [] [] [c.g.f.d.m.S.selectByUsername] [http-nio-8080-exec-1] [DEBUG] - ==> Parameters: admin(String), admin(String)
[2026-09-12 09:40:57.430] [gas-forecast] [] [] [c.g.f.d.m.S.selectByUsername] [http-nio-8080-exec-1] [DEBUG] - <==      Total: 46
[2026-09-12 09:40:57.431] [gas-forecast] [] [] [c.g.f.d.m.SysRoleTbMapper.selectList] [http-nio-8080-exec-1] [DEBUG] - ==>  Preparing: SELECT id,role_code,role_name,description,created_at,updated_at FROM sys_role_tb ORDER BY id ASC
[2026-09-12 09:40:57.431] [gas-forecast] [] [] [c.g.f.d.m.SysRoleTbMapper.selectList] [http-nio-8080-exec-1] [DEBUG] - ==> Parameters: 
[2026-09-12 09:40:57.432] [gas-forecast] [] [] [c.g.f.d.m.SysRoleTbMapper.selectList] [http-nio-8080-exec-1] [DEBUG] - <==      Total: 1
[2026-09-12 09:40:57.432] [gas-forecast] [] [] [c.g.f.d.m.S.selectList] [http-nio-8080-exec-1] [DEBUG] - ==>  Preparing: SELECT id,parent_id,department_name,org_code,sort_no,status,created_at,updated_at FROM sys_department_tb ORDER BY sort_no ASC,id ASC
[2026-09-12 09:40:57.432] [gas-forecast] [] [] [c.g.f.d.m.S.selectList] [http-nio-8080-exec-1] [DEBUG] - ==> Parameters: 
[2026-09-12 09:40:57.433] [gas-forecast] [] [] [c.g.f.d.m.S.selectList] [http-nio-8080-exec-1] [DEBUG] - <==      Total: 7
[2026-09-12 09:40:57.434] [gas-forecast] [] [] [c.g.f.d.m.S.selectList] [http-nio-8080-exec-1] [DEBUG] - ==>  Preparing: SELECT id,parent_id,permission_name,path,component,permission_type,perms,icon,sort_no,hidden,status,created_at,updated_at FROM sys_permission_tb ORDER BY sort_no ASC,id ASC
[2026-09-12 09:40:57.434] [gas-forecast] [] [] [c.g.f.d.m.S.selectList] [http-nio-8080-exec-1] [DEBUG] - ==> Parameters: 
[2026-09-12 09:40:57.436] [gas-forecast] [] [] [c.g.f.d.m.S.selectList] [http-nio-8080-exec-1] [DEBUG] - <==      Total: 46
[2026-09-12 09:40:57.442] [gas-forecast] [] [] [c.g.f.d.m.S.selectByUsername] [http-nio-8080-exec-2] [DEBUG] - ==>  Preparing: select distinct p.* from sys_permission_tb p where p.status = 1 and ( exists ( select 1 from sys_user_tb u join sys_user_role_ref ur on ur.user_id = u.id join sys_role_permission_ref rp on rp.role_id = ur.role_id where rp.permission_id = p.id and u.username = ? and u.deleted = 0 ) or exists ( select 1 from sys_user_tb u join sys_user_department_ref ud on ud.user_id = u.id join sys_department_permission_ref dp on dp.department_id = ud.department_id where dp.permission_id = p.id and u.username = ? and u.deleted = 0 ) ) order by p.sort_no, p.id
[2026-09-12 09:40:57.443] [gas-forecast] [] [] [c.g.f.d.m.S.selectByUsername] [http-nio-8080-exec-2] [DEBUG] - ==> Parameters: admin(String), admin(String)
[2026-09-12 09:40:57.444] [gas-forecast] [] [] [c.g.f.d.m.S.selectByUsername] [http-nio-8080-exec-2] [DEBUG] - <==      Total: 46
[2026-09-12 09:40:57.445] [gas-forecast] [] [] [c.g.f.d.m.S.selectList] [http-nio-8080-exec-2] [DEBUG] - ==>  Preparing: SELECT id,parent_id,permission_name,path,component,permission_type,perms,icon,sort_no,hidden,status,created_at,updated_at FROM sys_permission_tb ORDER BY sort_no ASC,id ASC
[2026-09-12 09:40:57.446] [gas-forecast] [] [] [c.g.f.d.m.S.selectList] [http-nio-8080-exec-2] [DEBUG] - ==> Parameters: 
[2026-09-12 09:40:57.447] [gas-forecast] [] [] [c.g.f.d.m.S.selectList] [http-nio-8080-exec-2] [DEBUG] - <==      Total: 46
[2026-09-12 09:40:58.617] [gas-forecast] [] [] [c.g.f.d.m.S.selectByUsername] [http-nio-8080-exec-3] [DEBUG] - ==>  Preparing: select distinct p.* from sys_permission_tb p where p.status = 1 and ( exists ( select 1 from sys_user_tb u join sys_user_role_ref ur on ur.user_id = u.id join sys_role_permission_ref rp on rp.role_id = ur.role_id where rp.permission_id = p.id and u.username = ? and u.deleted = 0 ) or exists ( select 1 from sys_user_tb u join sys_user_department_ref ud on ud.user_id = u.id join sys_department_permission_ref dp on dp.department_id = ud.department_id where dp.permission_id = p.id and u.username = ? and u.deleted = 0 ) ) order by p.sort_no, p.id
[2026-09-12 09:40:58.617] [gas-forecast] [] [] [c.g.f.d.m.S.selectByUsername] [http-nio-8080-exec-3] [DEBUG] - ==> Parameters: admin(String), admin(String)
[2026-09-12 09:40:58.620] [gas-forecast] [] [] [c.g.f.d.m.S.selectByUsername] [http-nio-8080-exec-3] [DEBUG] - <==      Total: 46
[2026-09-12 09:40:58.621] [gas-forecast] [] [] [c.g.f.d.m.SysRoleTbMapper.selectList] [http-nio-8080-exec-3] [DEBUG] - ==>  Preparing: SELECT id,role_code,role_name,description,created_at,updated_at FROM sys_role_tb ORDER BY id ASC
[2026-09-12 09:40:58.621] [gas-forecast] [] [] [c.g.f.d.m.SysRoleTbMapper.selectList] [http-nio-8080-exec-3] [DEBUG] - ==> Parameters: 
[2026-09-12 09:40:58.622] [gas-forecast] [] [] [c.g.f.d.m.SysRoleTbMapper.selectList] [http-nio-8080-exec-3] [DEBUG] - <==      Total: 1
[2026-09-12 09:40:58.623] [gas-forecast] [] [] [c.g.f.d.m.S.selectList] [http-nio-8080-exec-3] [DEBUG] - ==>  Preparing: SELECT id,parent_id,department_name,org_code,sort_no,status,created_at,updated_at FROM sys_department_tb ORDER BY sort_no ASC,id ASC
[2026-09-12 09:40:58.623] [gas-forecast] [] [] [c.g.f.d.m.S.selectList] [http-nio-8080-exec-3] [DEBUG] - ==> Parameters: 
[2026-09-12 09:40:58.624] [gas-forecast] [] [] [c.g.f.d.m.S.selectList] [http-nio-8080-exec-3] [DEBUG] - <==      Total: 7
[2026-09-12 09:40:58.624] [gas-forecast] [] [] [c.g.f.d.m.S.selectList] [http-nio-8080-exec-3] [DEBUG] - ==>  Preparing: SELECT id,parent_id,permission_name,path,component,permission_type,perms,icon,sort_no,hidden,status,created_at,updated_at FROM sys_permission_tb ORDER BY sort_no ASC,id ASC
[2026-09-12 09:40:58.624] [gas-forecast] [] [] [c.g.f.d.m.S.selectList] [http-nio-8080-exec-3] [DEBUG] - ==> Parameters: 
[2026-09-12 09:40:58.626] [gas-forecast] [] [] [c.g.f.d.m.S.selectList] [http-nio-8080-exec-3] [DEBUG] - <==      Total: 46
[2026-09-12 09:40:58.635] [gas-forecast] [] [] [c.g.f.d.m.S.selectByUsername] [http-nio-8080-exec-4] [DEBUG] - ==>  Preparing: select distinct p.* from sys_permission_tb p where p.status = 1 and ( exists ( select 1 from sys_user_tb u join sys_user_role_ref ur on ur.user_id = u.id join sys_role_permission_ref rp on rp.role_id = ur.role_id where rp.permission_id = p.id and u.username = ? and u.deleted = 0 ) or exists ( select 1 from sys_user_tb u join sys_user_department_ref ud on ud.user_id = u.id join sys_department_permission_ref dp on dp.department_id = ud.department_id where dp.permission_id = p.id and u.username = ? and u.deleted = 0 ) ) order by p.sort_no, p.id
[2026-09-12 09:40:58.635] [gas-forecast] [] [] [c.g.f.d.m.S.selectByUsername] [http-nio-8080-exec-4] [DEBUG] - ==> Parameters: admin(String), admin(String)
[2026-09-12 09:40:58.637] [gas-forecast] [] [] [c.g.f.d.m.S.selectByUsername] [http-nio-8080-exec-4] [DEBUG] - <==      Total: 46
[2026-09-12 09:40:58.638] [gas-forecast] [] [] [c.g.f.d.m.S.selectList] [http-nio-8080-exec-4] [DEBUG] - ==>  Preparing: SELECT id,parent_id,permission_name,path,component,permission_type,perms,icon,sort_no,hidden,status,created_at,updated_at FROM sys_permission_tb ORDER BY sort_no ASC,id ASC
[2026-09-12 09:40:58.638] [gas-forecast] [] [] [c.g.f.d.m.S.selectList] [http-nio-8080-exec-4] [DEBUG] - ==> Parameters: 
[2026-09-12 09:40:58.639] [gas-forecast] [] [] [c.g.f.d.m.S.selectList] [http-nio-8080-exec-4] [DEBUG] - <==      Total: 46
[2026-09-12 09:41:42.075] [gas-forecast] [] [] [c.g.f.d.m.S.selectByUsername] [http-nio-8080-exec-5] [DEBUG] - ==>  Preparing: select distinct p.* from sys_permission_tb p where p.status = 1 and ( exists ( select 1 from sys_user_tb u join sys_user_role_ref ur on ur.user_id = u.id join sys_role_permission_ref rp on rp.role_id = ur.role_id where rp.permission_id = p.id and u.username = ? and u.deleted = 0 ) or exists ( select 1 from sys_user_tb u join sys_user_department_ref ud on ud.user_id = u.id join sys_department_permission_ref dp on dp.department_id = ud.department_id where dp.permission_id = p.id and u.username = ? and u.deleted = 0 ) ) order by p.sort_no, p.id
[2026-09-12 09:41:42.076] [gas-forecast] [] [] [c.g.f.d.m.S.selectByUsername] [http-nio-8080-exec-5] [DEBUG] - ==> Parameters: admin(String), admin(String)
[2026-09-12 09:41:42.078] [gas-forecast] [] [] [c.g.f.d.m.S.selectByUsername] [http-nio-8080-exec-5] [DEBUG] - <==      Total: 46
[2026-09-12 09:41:42.079] [gas-forecast] [] [] [c.g.f.d.m.SysRoleTbMapper.selectList] [http-nio-8080-exec-5] [DEBUG] - ==>  Preparing: SELECT id,role_code,role_name,description,created_at,updated_at FROM sys_role_tb ORDER BY id ASC
[2026-09-12 09:41:42.079] [gas-forecast] [] [] [c.g.f.d.m.SysRoleTbMapper.selectList] [http-nio-8080-exec-5] [DEBUG] - ==> Parameters: 
[2026-09-12 09:41:42.080] [gas-forecast] [] [] [c.g.f.d.m.SysRoleTbMapper.selectList] [http-nio-8080-exec-5] [DEBUG] - <==      Total: 1
[2026-09-12 09:41:42.080] [gas-forecast] [] [] [c.g.f.d.m.S.selectList] [http-nio-8080-exec-5] [DEBUG] - ==>  Preparing: SELECT id,parent_id,department_name,org_code,sort_no,status,created_at,updated_at FROM sys_department_tb ORDER BY sort_no ASC,id ASC
[2026-09-12 09:41:42.080] [gas-forecast] [] [] [c.g.f.d.m.S.selectList] [http-nio-8080-exec-5] [DEBUG] - ==> Parameters: 
[2026-09-12 09:41:42.081] [gas-forecast] [] [] [c.g.f.d.m.S.selectList] [http-nio-8080-exec-5] [DEBUG] - <==      Total: 7
[2026-09-12 09:41:42.081] [gas-forecast] [] [] [c.g.f.d.m.S.selectList] [http-nio-8080-exec-5] [DEBUG] - ==>  Preparing: SELECT id,parent_id,permission_name,path,component,permission_type,perms,icon,sort_no,hidden,status,created_at,updated_at FROM sys_permission_tb ORDER BY sort_no ASC,id ASC
[2026-09-12 09:41:42.081] [gas-forecast] [] [] [c.g.f.d.m.S.selectList] [http-nio-8080-exec-5] [DEBUG] - ==> Parameters: 
[2026-09-12 09:41:42.082] [gas-forecast] [] [] [c.g.f.d.m.S.selectList] [http-nio-8080-exec-5] [DEBUG] - <==      Total: 46
[2026-09-12 09:41:42.090] [gas-forecast] [] [] [c.g.f.d.m.S.selectByUsername] [http-nio-8080-exec-6] [DEBUG] - ==>  Preparing: select distinct p.* from sys_permission_tb p where p.status = 1 and ( exists ( select 1 from sys_user_tb u join sys_user_role_ref ur on ur.user_id = u.id join sys_role_permission_ref rp on rp.role_id = ur.role_id where rp.permission_id = p.id and u.username = ? and u.deleted = 0 ) or exists ( select 1 from sys_user_tb u join sys_user_department_ref ud on ud.user_id = u.id join sys_department_permission_ref dp on dp.department_id = ud.department_id where dp.permission_id = p.id and u.username = ? and u.deleted = 0 ) ) order by p.sort_no, p.id
[2026-09-12 09:41:42.090] [gas-forecast] [] [] [c.g.f.d.m.S.selectByUsername] [http-nio-8080-exec-6] [DEBUG] - ==> Parameters: admin(String), admin(String)
[2026-09-12 09:41:42.091] [gas-forecast] [] [] [c.g.f.d.m.S.selectByUsername] [http-nio-8080-exec-6] [DEBUG] - <==      Total: 46
[2026-09-12 09:41:42.092] [gas-forecast] [] [] [c.g.f.d.m.S.selectList] [http-nio-8080-exec-6] [DEBUG] - ==>  Preparing: SELECT id,parent_id,permission_name,path,component,permission_type,perms,icon,sort_no,hidden,status,created_at,updated_at FROM sys_permission_tb ORDER BY sort_no ASC,id ASC
[2026-09-12 09:41:42.092] [gas-forecast] [] [] [c.g.f.d.m.S.selectList] [http-nio-8080-exec-6] [DEBUG] - ==> Parameters: 
[2026-09-12 09:41:42.093] [gas-forecast] [] [] [c.g.f.d.m.S.selectList] [http-nio-8080-exec-6] [DEBUG] - <==      Total: 46
[2026-09-12 12:42:05.878] [gas-forecast] [] [] [c.g.f.d.m.S.selectByUsername] [http-nio-8080-exec-7] [DEBUG] - ==>  Preparing: select distinct p.* from sys_permission_tb p where p.status = 1 and ( exists ( select 1 from sys_user_tb u join sys_user_role_ref ur on ur.user_id = u.id join sys_role_permission_ref rp on rp.role_id = ur.role_id where rp.permission_id = p.id and u.username = ? and u.deleted = 0 ) or exists ( select 1 from sys_user_tb u join sys_user_department_ref ud on ud.user_id = u.id join sys_department_permission_ref dp on dp.department_id = ud.department_id where dp.permission_id = p.id and u.username = ? and u.deleted = 0 ) ) order by p.sort_no, p.id
[2026-09-12 12:42:05.878] [gas-forecast] [] [] [c.g.f.d.m.S.selectByUsername] [http-nio-8080-exec-7] [DEBUG] - ==> Parameters: admin(String), admin(String)
[2026-09-12 12:42:05.884] [gas-forecast] [] [] [c.g.f.d.m.S.selectByUsername] [http-nio-8080-exec-7] [DEBUG] - <==      Total: 46
[2026-09-12 12:42:05.885] [gas-forecast] [] [] [c.g.f.d.m.SysRoleTbMapper.selectList] [http-nio-8080-exec-7] [DEBUG] - ==>  Preparing: SELECT id,role_code,role_name,description,created_at,updated_at FROM sys_role_tb ORDER BY id ASC
[2026-09-12 12:42:05.885] [gas-forecast] [] [] [c.g.f.d.m.SysRoleTbMapper.selectList] [http-nio-8080-exec-7] [DEBUG] - ==> Parameters: 
[2026-09-12 12:42:05.885] [gas-forecast] [] [] [c.g.f.d.m.SysRoleTbMapper.selectList] [http-nio-8080-exec-7] [DEBUG] - <==      Total: 1
[2026-09-12 12:42:05.885] [gas-forecast] [] [] [c.g.f.d.m.S.selectList] [http-nio-8080-exec-7] [DEBUG] - ==>  Preparing: SELECT id,parent_id,department_name,org_code,sort_no,status,created_at,updated_at FROM sys_department_tb ORDER BY sort_no ASC,id ASC
[2026-09-12 12:42:05.885] [gas-forecast] [] [] [c.g.f.d.m.S.selectList] [http-nio-8080-exec-7] [DEBUG] - ==> Parameters: 
[2026-09-12 12:42:05.886] [gas-forecast] [] [] [c.g.f.d.m.S.selectList] [http-nio-8080-exec-7] [DEBUG] - <==      Total: 7
[2026-09-12 12:42:05.886] [gas-forecast] [] [] [c.g.f.d.m.S.selectList] [http-nio-8080-exec-7] [DEBUG] - ==>  Preparing: SELECT id,parent_id,permission_name,path,component,permission_type,perms,icon,sort_no,hidden,status,created_at,updated_at FROM sys_permission_tb ORDER BY sort_no ASC,id ASC
[2026-09-12 12:42:05.886] [gas-forecast] [] [] [c.g.f.d.m.S.selectList] [http-nio-8080-exec-7] [DEBUG] - ==> Parameters: 
[2026-09-12 12:42:05.887] [gas-forecast] [] [] [c.g.f.d.m.S.selectList] [http-nio-8080-exec-7] [DEBUG] - <==      Total: 46
[2026-09-12 12:42:05.891] [gas-forecast] [] [] [c.g.f.d.m.S.selectByUsername] [http-nio-8080-exec-8] [DEBUG] - ==>  Preparing: select distinct p.* from sys_permission_tb p where p.status = 1 and ( exists ( select 1 from sys_user_tb u join sys_user_role_ref ur on ur.user_id = u.id join sys_role_permission_ref rp on rp.role_id = ur.role_id where rp.permission_id = p.id and u.username = ? and u.deleted = 0 ) or exists ( select 1 from sys_user_tb u join sys_user_department_ref ud on ud.user_id = u.id join sys_department_permission_ref dp on dp.department_id = ud.department_id where dp.permission_id = p.id and u.username = ? and u.deleted = 0 ) ) order by p.sort_no, p.id
[2026-09-12 12:42:05.891] [gas-forecast] [] [] [c.g.f.d.m.S.selectByUsername] [http-nio-8080-exec-8] [DEBUG] - ==> Parameters: admin(String), admin(String)
[2026-09-12 12:42:05.893] [gas-forecast] [] [] [c.g.f.d.m.S.selectByUsername] [http-nio-8080-exec-8] [DEBUG] - <==      Total: 46
[2026-09-12 12:42:05.893] [gas-forecast] [] [] [c.g.f.d.m.S.selectList] [http-nio-8080-exec-8] [DEBUG] - ==>  Preparing: SELECT id,parent_id,permission_name,path,component,permission_type,perms,icon,sort_no,hidden,status,created_at,updated_at FROM sys_permission_tb ORDER BY sort_no ASC,id ASC
[2026-09-12 12:42:05.893] [gas-forecast] [] [] [c.g.f.d.m.S.selectList] [http-nio-8080-exec-8] [DEBUG] - ==> Parameters: 
[2026-09-12 12:42:05.894] [gas-forecast] [] [] [c.g.f.d.m.S.selectList] [http-nio-8080-exec-8] [DEBUG] - <==      Total: 46
[2026-09-12 20:43:27.114] [gas-forecast] [] [] [c.g.f.d.m.S.selectByUsername] [http-nio-8080-exec-9] [DEBUG] - ==>  Preparing: select distinct p.* from sys_permission_tb p where p.status = 1 and ( exists ( select 1 from sys_user_tb u join sys_user_role_ref ur on ur.user_id = u.id join sys_role_permission_ref rp on rp.role_id = ur.role_id where rp.permission_id = p.id and u.username = ? and u.deleted = 0 ) or exists ( select 1 from sys_user_tb u join sys_user_department_ref ud on ud.user_id = u.id join sys_department_permission_ref dp on dp.department_id = ud.department_id where dp.permission_id = p.id and u.username = ? and u.deleted = 0 ) ) order by p.sort_no, p.id
[2026-09-12 20:43:27.115] [gas-forecast] [] [] [c.g.f.d.m.S.selectByUsername] [http-nio-8080-exec-9] [DEBUG] - ==> Parameters: admin(String), admin(String)
[2026-09-12 20:43:27.126] [gas-forecast] [] [] [c.g.f.d.m.S.selectByUsername] [http-nio-8080-exec-9] [DEBUG] - <==      Total: 46
[2026-09-12 20:43:27.128] [gas-forecast] [] [] [c.g.f.d.m.SysRoleTbMapper.selectList] [http-nio-8080-exec-9] [DEBUG] - ==>  Preparing: SELECT id,role_code,role_name,description,created_at,updated_at FROM sys_role_tb ORDER BY id ASC
[2026-09-12 20:43:27.128] [gas-forecast] [] [] [c.g.f.d.m.SysRoleTbMapper.selectList] [http-nio-8080-exec-9] [DEBUG] - ==> Parameters: 
[2026-09-12 20:43:27.128] [gas-forecast] [] [] [c.g.f.d.m.SysRoleTbMapper.selectList] [http-nio-8080-exec-9] [DEBUG] - <==      Total: 1
[2026-09-12 20:43:27.129] [gas-forecast] [] [] [c.g.f.d.m.S.selectList] [http-nio-8080-exec-9] [DEBUG] - ==>  Preparing: SELECT id,parent_id,department_name,org_code,sort_no,status,created_at,updated_at FROM sys_department_tb ORDER BY sort_no ASC,id ASC
[2026-09-12 20:43:27.129] [gas-forecast] [] [] [c.g.f.d.m.S.selectList] [http-nio-8080-exec-9] [DEBUG] - ==> Parameters: 
[2026-09-12 20:43:27.130] [gas-forecast] [] [] [c.g.f.d.m.S.selectList] [http-nio-8080-exec-9] [DEBUG] - <==      Total: 7
[2026-09-12 20:43:27.130] [gas-forecast] [] [] [c.g.f.d.m.S.selectList] [http-nio-8080-exec-9] [DEBUG] - ==>  Preparing: SELECT id,parent_id,permission_name,path,component,permission_type,perms,icon,sort_no,hidden,status,created_at,updated_at FROM sys_permission_tb ORDER BY sort_no ASC,id ASC
[2026-09-12 20:43:27.130] [gas-forecast] [] [] [c.g.f.d.m.S.selectList] [http-nio-8080-exec-9] [DEBUG] - ==> Parameters: 
[2026-09-12 20:43:27.131] [gas-forecast] [] [] [c.g.f.d.m.S.selectList] [http-nio-8080-exec-9] [DEBUG] - <==      Total: 46
[2026-09-12 20:43:27.136] [gas-forecast] [] [] [c.g.f.d.m.S.selectByUsername] [http-nio-8080-exec-10] [DEBUG] - ==>  Preparing: select distinct p.* from sys_permission_tb p where p.status = 1 and ( exists ( select 1 from sys_user_tb u join sys_user_role_ref ur on ur.user_id = u.id join sys_role_permission_ref rp on rp.role_id = ur.role_id where rp.permission_id = p.id and u.username = ? and u.deleted = 0 ) or exists ( select 1 from sys_user_tb u join sys_user_department_ref ud on ud.user_id = u.id join sys_department_permission_ref dp on dp.department_id = ud.department_id where dp.permission_id = p.id and u.username = ? and u.deleted = 0 ) ) order by p.sort_no, p.id
[2026-09-12 20:43:27.136] [gas-forecast] [] [] [c.g.f.d.m.S.selectByUsername] [http-nio-8080-exec-10] [DEBUG] - ==> Parameters: admin(String), admin(String)
[2026-09-12 20:43:27.138] [gas-forecast] [] [] [c.g.f.d.m.S.selectByUsername] [http-nio-8080-exec-10] [DEBUG] - <==      Total: 46
[2026-09-12 20:43:27.141] [gas-forecast] [] [] [c.g.f.d.m.S.selectList] [http-nio-8080-exec-10] [DEBUG] - ==>  Preparing: SELECT id,parent_id,permission_name,path,component,permission_type,perms,icon,sort_no,hidden,status,created_at,updated_at FROM sys_permission_tb ORDER BY sort_no ASC,id ASC
[2026-09-12 20:43:27.141] [gas-forecast] [] [] [c.g.f.d.m.S.selectList] [http-nio-8080-exec-10] [DEBUG] - ==> Parameters: 
[2026-09-12 20:43:27.142] [gas-forecast] [] [] [c.g.f.d.m.S.selectList] [http-nio-8080-exec-10] [DEBUG] - <==      Total: 46
[2026-09-12 20:45:50.112] [gas-forecast] [] [] [c.g.f.d.m.S.selectByUsername] [http-nio-8080-exec-1] [DEBUG] - ==>  Preparing: select distinct p.* from sys_permission_tb p where p.status = 1 and ( exists ( select 1 from sys_user_tb u join sys_user_role_ref ur on ur.user_id = u.id join sys_role_permission_ref rp on rp.role_id = ur.role_id where rp.permission_id = p.id and u.username = ? and u.deleted = 0 ) or exists ( select 1 from sys_user_tb u join sys_user_department_ref ud on ud.user_id = u.id join sys_department_permission_ref dp on dp.department_id = ud.department_id where dp.permission_id = p.id and u.username = ? and u.deleted = 0 ) ) order by p.sort_no, p.id
[2026-09-12 20:45:50.112] [gas-forecast] [] [] [c.g.f.d.m.S.selectByUsername] [http-nio-8080-exec-1] [DEBUG] - ==> Parameters: admin(String), admin(String)
[2026-09-12 20:45:50.120] [gas-forecast] [] [] [c.g.f.d.m.S.selectByUsername] [http-nio-8080-exec-1] [DEBUG] - <==      Total: 46
[2026-09-12 20:45:50.120] [gas-forecast] [] [] [c.g.f.d.m.SysRoleTbMapper.selectList] [http-nio-8080-exec-1] [DEBUG] - ==>  Preparing: SELECT id,role_code,role_name,description,created_at,updated_at FROM sys_role_tb ORDER BY id ASC
[2026-09-12 20:45:50.120] [gas-forecast] [] [] [c.g.f.d.m.SysRoleTbMapper.selectList] [http-nio-8080-exec-1] [DEBUG] - ==> Parameters: 
[2026-09-12 20:45:50.121] [gas-forecast] [] [] [c.g.f.d.m.SysRoleTbMapper.selectList] [http-nio-8080-exec-1] [DEBUG] - <==      Total: 1
[2026-09-12 20:45:50.121] [gas-forecast] [] [] [c.g.f.d.m.S.selectList] [http-nio-8080-exec-1] [DEBUG] - ==>  Preparing: SELECT id,parent_id,department_name,org_code,sort_no,status,created_at,updated_at FROM sys_department_tb ORDER BY sort_no ASC,id ASC
[2026-09-12 20:45:50.121] [gas-forecast] [] [] [c.g.f.d.m.S.selectList] [http-nio-8080-exec-1] [DEBUG] - ==> Parameters: 
[2026-09-12 20:45:50.122] [gas-forecast] [] [] [c.g.f.d.m.S.selectList] [http-nio-8080-exec-1] [DEBUG] - <==      Total: 7
[2026-09-12 20:45:50.122] [gas-forecast] [] [] [c.g.f.d.m.S.selectList] [http-nio-8080-exec-1] [DEBUG] - ==>  Preparing: SELECT id,parent_id,permission_name,path,component,permission_type,perms,icon,sort_no,hidden,status,created_at,updated_at FROM sys_permission_tb ORDER BY sort_no ASC,id ASC
[2026-09-12 20:45:50.122] [gas-forecast] [] [] [c.g.f.d.m.S.selectList] [http-nio-8080-exec-1] [DEBUG] - ==> Parameters: 
[2026-09-12 20:45:50.123] [gas-forecast] [] [] [c.g.f.d.m.S.selectList] [http-nio-8080-exec-1] [DEBUG] - <==      Total: 46
[2026-09-12 20:45:50.127] [gas-forecast] [] [] [c.g.f.d.m.S.selectByUsername] [http-nio-8080-exec-2] [DEBUG] - ==>  Preparing: select distinct p.* from sys_permission_tb p where p.status = 1 and ( exists ( select 1 from sys_user_tb u join sys_user_role_ref ur on ur.user_id = u.id join sys_role_permission_ref rp on rp.role_id = ur.role_id where rp.permission_id = p.id and u.username = ? and u.deleted = 0 ) or exists ( select 1 from sys_user_tb u join sys_user_department_ref ud on ud.user_id = u.id join sys_department_permission_ref dp on dp.department_id = ud.department_id where dp.permission_id = p.id and u.username = ? and u.deleted = 0 ) ) order by p.sort_no, p.id
[2026-09-12 20:45:50.127] [gas-forecast] [] [] [c.g.f.d.m.S.selectByUsername] [http-nio-8080-exec-2] [DEBUG] - ==> Parameters: admin(String), admin(String)
[2026-09-12 20:45:50.129] [gas-forecast] [] [] [c.g.f.d.m.S.selectByUsername] [http-nio-8080-exec-2] [DEBUG] - <==      Total: 46
[2026-09-12 20:45:50.129] [gas-forecast] [] [] [c.g.f.d.m.S.selectList] [http-nio-8080-exec-2] [DEBUG] - ==>  Preparing: SELECT id,parent_id,permission_name,path,component,permission_type,perms,icon,sort_no,hidden,status,created_at,updated_at FROM sys_permission_tb ORDER BY sort_no ASC,id ASC
[2026-09-12 20:45:50.129] [gas-forecast] [] [] [c.g.f.d.m.S.selectList] [http-nio-8080-exec-2] [DEBUG] - ==> Parameters: 
[2026-09-12 20:45:50.131] [gas-forecast] [] [] [c.g.f.d.m.S.selectList] [http-nio-8080-exec-2] [DEBUG] - <==      Total: 46
[2026-09-12 20:57:26.278] [gas-forecast] [] [] [c.g.f.d.m.S.selectByUsername] [http-nio-8080-exec-3] [DEBUG] - ==>  Preparing: select distinct p.* from sys_permission_tb p where p.status = 1 and ( exists ( select 1 from sys_user_tb u join sys_user_role_ref ur on ur.user_id = u.id join sys_role_permission_ref rp on rp.role_id = ur.role_id where rp.permission_id = p.id and u.username = ? and u.deleted = 0 ) or exists ( select 1 from sys_user_tb u join sys_user_department_ref ud on ud.user_id = u.id join sys_department_permission_ref dp on dp.department_id = ud.department_id where dp.permission_id = p.id and u.username = ? and u.deleted = 0 ) ) order by p.sort_no, p.id
[2026-09-12 20:57:26.278] [gas-forecast] [] [] [c.g.f.d.m.S.selectByUsername] [http-nio-8080-exec-3] [DEBUG] - ==> Parameters: admin(String), admin(String)
[2026-09-12 20:57:26.284] [gas-forecast] [] [] [c.g.f.d.m.S.selectByUsername] [http-nio-8080-exec-3] [DEBUG] - <==      Total: 46
[2026-09-12 20:57:26.285] [gas-forecast] [] [] [c.g.f.d.m.SysRoleTbMapper.selectList] [http-nio-8080-exec-3] [DEBUG] - ==>  Preparing: SELECT id,role_code,role_name,description,created_at,updated_at FROM sys_role_tb ORDER BY id ASC
[2026-09-12 20:57:26.285] [gas-forecast] [] [] [c.g.f.d.m.SysRoleTbMapper.selectList] [http-nio-8080-exec-3] [DEBUG] - ==> Parameters: 
[2026-09-12 20:57:26.286] [gas-forecast] [] [] [c.g.f.d.m.SysRoleTbMapper.selectList] [http-nio-8080-exec-3] [DEBUG] - <==      Total: 1
[2026-09-12 20:57:26.286] [gas-forecast] [] [] [c.g.f.d.m.S.selectList] [http-nio-8080-exec-3] [DEBUG] - ==>  Preparing: SELECT id,parent_id,department_name,org_code,sort_no,status,created_at,updated_at FROM sys_department_tb ORDER BY sort_no ASC,id ASC
[2026-09-12 20:57:26.286] [gas-forecast] [] [] [c.g.f.d.m.S.selectList] [http-nio-8080-exec-3] [DEBUG] - ==> Parameters: 
[2026-09-12 20:57:26.320] [gas-forecast] [] [] [c.g.f.d.m.S.selectList] [http-nio-8080-exec-3] [DEBUG] - <==      Total: 7
[2026-09-12 20:57:26.321] [gas-forecast] [] [] [c.g.f.d.m.S.selectList] [http-nio-8080-exec-3] [DEBUG] - ==>  Preparing: SELECT id,parent_id,permission_name,path,component,permission_type,perms,icon,sort_no,hidden,status,created_at,updated_at FROM sys_permission_tb ORDER BY sort_no ASC,id ASC
[2026-09-12 20:57:26.321] [gas-forecast] [] [] [c.g.f.d.m.S.selectList] [http-nio-8080-exec-3] [DEBUG] - ==> Parameters: 
[2026-09-12 20:57:26.323] [gas-forecast] [] [] [c.g.f.d.m.S.selectList] [http-nio-8080-exec-3] [DEBUG] - <==      Total: 46
[2026-09-12 20:57:26.371] [gas-forecast] [] [] [c.g.f.d.m.S.selectByUsername] [http-nio-8080-exec-4] [DEBUG] - ==>  Preparing: select distinct p.* from sys_permission_tb p where p.status = 1 and ( exists ( select 1 from sys_user_tb u join sys_user_role_ref ur on ur.user_id = u.id join sys_role_permission_ref rp on rp.role_id = ur.role_id where rp.permission_id = p.id and u.username = ? and u.deleted = 0 ) or exists ( select 1 from sys_user_tb u join sys_user_department_ref ud on ud.user_id = u.id join sys_department_permission_ref dp on dp.department_id = ud.department_id where dp.permission_id = p.id and u.username = ? and u.deleted = 0 ) ) order by p.sort_no, p.id
[2026-09-12 20:57:26.371] [gas-forecast] [] [] [c.g.f.d.m.S.selectByUsername] [http-nio-8080-exec-4] [DEBUG] - ==> Parameters: admin(String), admin(String)
[2026-09-12 20:57:26.374] [gas-forecast] [] [] [c.g.f.d.m.S.selectByUsername] [http-nio-8080-exec-4] [DEBUG] - <==      Total: 46
[2026-09-12 20:57:26.375] [gas-forecast] [] [] [c.g.f.d.m.S.selectList] [http-nio-8080-exec-4] [DEBUG] - ==>  Preparing: SELECT id,parent_id,permission_name,path,component,permission_type,perms,icon,sort_no,hidden,status,created_at,updated_at FROM sys_permission_tb ORDER BY sort_no ASC,id ASC
[2026-09-12 20:57:26.375] [gas-forecast] [] [] [c.g.f.d.m.S.selectList] [http-nio-8080-exec-4] [DEBUG] - ==> Parameters: 
[2026-09-12 20:57:26.376] [gas-forecast] [] [] [c.g.f.d.m.S.selectList] [http-nio-8080-exec-4] [DEBUG] - <==      Total: 46
[2026-09-12 21:02:01.432] [gas-forecast] [] [] [c.g.f.d.m.S.selectByUsername] [http-nio-8080-exec-5] [DEBUG] - ==>  Preparing: select distinct p.* from sys_permission_tb p where p.status = 1 and ( exists ( select 1 from sys_user_tb u join sys_user_role_ref ur on ur.user_id = u.id join sys_role_permission_ref rp on rp.role_id = ur.role_id where rp.permission_id = p.id and u.username = ? and u.deleted = 0 ) or exists ( select 1 from sys_user_tb u join sys_user_department_ref ud on ud.user_id = u.id join sys_department_permission_ref dp on dp.department_id = ud.department_id where dp.permission_id = p.id and u.username = ? and u.deleted = 0 ) ) order by p.sort_no, p.id
[2026-09-12 21:02:01.433] [gas-forecast] [] [] [c.g.f.d.m.S.selectByUsername] [http-nio-8080-exec-5] [DEBUG] - ==> Parameters: admin(String), admin(String)
[2026-09-12 21:02:01.440] [gas-forecast] [] [] [c.g.f.d.m.S.selectByUsername] [http-nio-8080-exec-5] [DEBUG] - <==      Total: 46
[2026-09-12 21:02:01.441] [gas-forecast] [] [] [c.g.f.d.m.SysRoleTbMapper.selectList] [http-nio-8080-exec-5] [DEBUG] - ==>  Preparing: SELECT id,role_code,role_name,description,created_at,updated_at FROM sys_role_tb ORDER BY id ASC
[2026-09-12 21:02:01.441] [gas-forecast] [] [] [c.g.f.d.m.SysRoleTbMapper.selectList] [http-nio-8080-exec-5] [DEBUG] - ==> Parameters: 
[2026-09-12 21:02:01.442] [gas-forecast] [] [] [c.g.f.d.m.SysRoleTbMapper.selectList] [http-nio-8080-exec-5] [DEBUG] - <==      Total: 1
[2026-09-12 21:02:01.442] [gas-forecast] [] [] [c.g.f.d.m.S.selectList] [http-nio-8080-exec-5] [DEBUG] - ==>  Preparing: SELECT id,parent_id,department_name,org_code,sort_no,status,created_at,updated_at FROM sys_department_tb ORDER BY sort_no ASC,id ASC
[2026-09-12 21:02:01.442] [gas-forecast] [] [] [c.g.f.d.m.S.selectList] [http-nio-8080-exec-5] [DEBUG] - ==> Parameters: 
[2026-09-12 21:02:01.442] [gas-forecast] [] [] [c.g.f.d.m.S.selectList] [http-nio-8080-exec-5] [DEBUG] - <==      Total: 7
[2026-09-12 21:02:01.443] [gas-forecast] [] [] [c.g.f.d.m.S.selectList] [http-nio-8080-exec-5] [DEBUG] - ==>  Preparing: SELECT id,parent_id,permission_name,path,component,permission_type,perms,icon,sort_no,hidden,status,created_at,updated_at FROM sys_permission_tb ORDER BY sort_no ASC,id ASC
[2026-09-12 21:02:01.443] [gas-forecast] [] [] [c.g.f.d.m.S.selectList] [http-nio-8080-exec-5] [DEBUG] - ==> Parameters: 
[2026-09-12 21:02:01.443] [gas-forecast] [] [] [c.g.f.d.m.S.selectList] [http-nio-8080-exec-5] [DEBUG] - <==      Total: 46
[2026-09-12 21:02:01.447] [gas-forecast] [] [] [c.g.f.d.m.S.selectByUsername] [http-nio-8080-exec-6] [DEBUG] - ==>  Preparing: select distinct p.* from sys_permission_tb p where p.status = 1 and ( exists ( select 1 from sys_user_tb u join sys_user_role_ref ur on ur.user_id = u.id join sys_role_permission_ref rp on rp.role_id = ur.role_id where rp.permission_id = p.id and u.username = ? and u.deleted = 0 ) or exists ( select 1 from sys_user_tb u join sys_user_department_ref ud on ud.user_id = u.id join sys_department_permission_ref dp on dp.department_id = ud.department_id where dp.permission_id = p.id and u.username = ? and u.deleted = 0 ) ) order by p.sort_no, p.id
[2026-09-12 21:02:01.447] [gas-forecast] [] [] [c.g.f.d.m.S.selectByUsername] [http-nio-8080-exec-6] [DEBUG] - ==> Parameters: admin(String), admin(String)
[2026-09-12 21:02:01.449] [gas-forecast] [] [] [c.g.f.d.m.S.selectByUsername] [http-nio-8080-exec-6] [DEBUG] - <==      Total: 46
[2026-09-12 21:02:01.449] [gas-forecast] [] [] [c.g.f.d.m.S.selectList] [http-nio-8080-exec-6] [DEBUG] - ==>  Preparing: SELECT id,parent_id,permission_name,path,component,permission_type,perms,icon,sort_no,hidden,status,created_at,updated_at FROM sys_permission_tb ORDER BY sort_no ASC,id ASC
[2026-09-12 21:02:01.449] [gas-forecast] [] [] [c.g.f.d.m.S.selectList] [http-nio-8080-exec-6] [DEBUG] - ==> Parameters: 
[2026-09-12 21:02:01.450] [gas-forecast] [] [] [c.g.f.d.m.S.selectList] [http-nio-8080-exec-6] [DEBUG] - <==      Total: 46
[2026-09-12 21:05:32.849] [gas-forecast] [] [] [c.g.f.d.m.S.selectByUsername] [http-nio-8080-exec-1] [DEBUG] - ==>  Preparing: select distinct p.* from sys_permission_tb p where p.status = 1 and ( exists ( select 1 from sys_user_tb u join sys_user_role_ref ur on ur.user_id = u.id join sys_role_permission_ref rp on rp.role_id = ur.role_id where rp.permission_id = p.id and u.username = ? and u.deleted = 0 ) or exists ( select 1 from sys_user_tb u join sys_user_department_ref ud on ud.user_id = u.id join sys_department_permission_ref dp on dp.department_id = ud.department_id where dp.permission_id = p.id and u.username = ? and u.deleted = 0 ) ) order by p.sort_no, p.id
[2026-09-12 21:05:32.859] [gas-forecast] [] [] [c.g.f.d.m.S.selectByUsername] [http-nio-8080-exec-1] [DEBUG] - ==> Parameters: admin(String), admin(String)
[2026-09-12 21:05:32.876] [gas-forecast] [] [] [c.g.f.d.m.S.selectByUsername] [http-nio-8080-exec-1] [DEBUG] - <==      Total: 46
[2026-09-12 21:05:32.898] [gas-forecast] [] [] [c.g.f.d.m.SysRoleTbMapper.selectList] [http-nio-8080-exec-1] [DEBUG] - ==>  Preparing: SELECT id,role_code,role_name,description,created_at,updated_at FROM sys_role_tb ORDER BY id ASC
[2026-09-12 21:05:32.898] [gas-forecast] [] [] [c.g.f.d.m.SysRoleTbMapper.selectList] [http-nio-8080-exec-1] [DEBUG] - ==> Parameters: 
[2026-09-12 21:05:32.900] [gas-forecast] [] [] [c.g.f.d.m.SysRoleTbMapper.selectList] [http-nio-8080-exec-1] [DEBUG] - <==      Total: 1
[2026-09-12 21:05:32.901] [gas-forecast] [] [] [c.g.f.d.m.S.selectList] [http-nio-8080-exec-1] [DEBUG] - ==>  Preparing: SELECT id,parent_id,department_name,org_code,sort_no,status,created_at,updated_at FROM sys_department_tb ORDER BY sort_no ASC,id ASC
[2026-09-12 21:05:32.901] [gas-forecast] [] [] [c.g.f.d.m.S.selectList] [http-nio-8080-exec-1] [DEBUG] - ==> Parameters: 
[2026-09-12 21:05:32.902] [gas-forecast] [] [] [c.g.f.d.m.S.selectList] [http-nio-8080-exec-1] [DEBUG] - <==      Total: 7
[2026-09-12 21:05:32.902] [gas-forecast] [] [] [c.g.f.d.m.S.selectList] [http-nio-8080-exec-1] [DEBUG] - ==>  Preparing: SELECT id,parent_id,permission_name,path,component,permission_type,perms,icon,sort_no,hidden,status,created_at,updated_at FROM sys_permission_tb ORDER BY sort_no ASC,id ASC
[2026-09-12 21:05:32.902] [gas-forecast] [] [] [c.g.f.d.m.S.selectList] [http-nio-8080-exec-1] [DEBUG] - ==> Parameters: 
[2026-09-12 21:05:32.905] [gas-forecast] [] [] [c.g.f.d.m.S.selectList] [http-nio-8080-exec-1] [DEBUG] - <==      Total: 46
[2026-09-12 21:05:32.933] [gas-forecast] [] [] [c.g.f.d.m.S.selectByUsername] [http-nio-8080-exec-2] [DEBUG] - ==>  Preparing: select distinct p.* from sys_permission_tb p where p.status = 1 and ( exists ( select 1 from sys_user_tb u join sys_user_role_ref ur on ur.user_id = u.id join sys_role_permission_ref rp on rp.role_id = ur.role_id where rp.permission_id = p.id and u.username = ? and u.deleted = 0 ) or exists ( select 1 from sys_user_tb u join sys_user_department_ref ud on ud.user_id = u.id join sys_department_permission_ref dp on dp.department_id = ud.department_id where dp.permission_id = p.id and u.username = ? and u.deleted = 0 ) ) order by p.sort_no, p.id
[2026-09-12 21:05:32.933] [gas-forecast] [] [] [c.g.f.d.m.S.selectByUsername] [http-nio-8080-exec-2] [DEBUG] - ==> Parameters: admin(String), admin(String)
[2026-09-12 21:05:32.936] [gas-forecast] [] [] [c.g.f.d.m.S.selectByUsername] [http-nio-8080-exec-2] [DEBUG] - <==      Total: 46
[2026-09-12 21:05:32.940] [gas-forecast] [] [] [c.g.f.d.m.S.selectList] [http-nio-8080-exec-2] [DEBUG] - ==>  Preparing: SELECT id,parent_id,permission_name,path,component,permission_type,perms,icon,sort_no,hidden,status,created_at,updated_at FROM sys_permission_tb ORDER BY sort_no ASC,id ASC
[2026-09-12 21:05:32.940] [gas-forecast] [] [] [c.g.f.d.m.S.selectList] [http-nio-8080-exec-2] [DEBUG] - ==> Parameters: 
[2026-09-12 21:05:32.942] [gas-forecast] [] [] [c.g.f.d.m.S.selectList] [http-nio-8080-exec-2] [DEBUG] - <==      Total: 46
[2026-09-12 21:47:37.130] [gas-forecast] [] [] [c.g.f.d.m.S.selectByUsername] [http-nio-8080-exec-1] [DEBUG] - ==>  Preparing: select distinct p.* from sys_permission_tb p where p.status = 1 and ( exists ( select 1 from sys_user_tb u join sys_user_role_ref ur on ur.user_id = u.id join sys_role_permission_ref rp on rp.role_id = ur.role_id where rp.permission_id = p.id and u.username = ? and u.deleted = 0 ) or exists ( select 1 from sys_user_tb u join sys_user_department_ref ud on ud.user_id = u.id join sys_department_permission_ref dp on dp.department_id = ud.department_id where dp.permission_id = p.id and u.username = ? and u.deleted = 0 ) ) order by p.sort_no, p.id
[2026-09-12 21:47:37.141] [gas-forecast] [] [] [c.g.f.d.m.S.selectByUsername] [http-nio-8080-exec-1] [DEBUG] - ==> Parameters: admin(String), admin(String)
[2026-09-12 21:47:37.162] [gas-forecast] [] [] [c.g.f.d.m.S.selectByUsername] [http-nio-8080-exec-1] [DEBUG] - <==      Total: 46
[2026-09-12 21:47:37.182] [gas-forecast] [] [] [c.g.f.d.m.SysRoleTbMapper.selectList] [http-nio-8080-exec-1] [DEBUG] - ==>  Preparing: SELECT id,role_code,role_name,description,created_at,updated_at FROM sys_role_tb ORDER BY id ASC
[2026-09-12 21:47:37.183] [gas-forecast] [] [] [c.g.f.d.m.SysRoleTbMapper.selectList] [http-nio-8080-exec-1] [DEBUG] - ==> Parameters: 
[2026-09-12 21:47:37.184] [gas-forecast] [] [] [c.g.f.d.m.SysRoleTbMapper.selectList] [http-nio-8080-exec-1] [DEBUG] - <==      Total: 1
[2026-09-12 21:47:37.185] [gas-forecast] [] [] [c.g.f.d.m.S.selectList] [http-nio-8080-exec-1] [DEBUG] - ==>  Preparing: SELECT id,parent_id,department_name,org_code,sort_no,status,created_at,updated_at FROM sys_department_tb ORDER BY sort_no ASC,id ASC
[2026-09-12 21:47:37.185] [gas-forecast] [] [] [c.g.f.d.m.S.selectList] [http-nio-8080-exec-1] [DEBUG] - ==> Parameters: 
[2026-09-12 21:47:37.187] [gas-forecast] [] [] [c.g.f.d.m.S.selectList] [http-nio-8080-exec-1] [DEBUG] - <==      Total: 7
[2026-09-12 21:47:37.187] [gas-forecast] [] [] [c.g.f.d.m.S.selectList] [http-nio-8080-exec-1] [DEBUG] - ==>  Preparing: SELECT id,parent_id,permission_name,path,component,permission_type,perms,icon,sort_no,hidden,status,created_at,updated_at FROM sys_permission_tb ORDER BY sort_no ASC,id ASC
[2026-09-12 21:47:37.187] [gas-forecast] [] [] [c.g.f.d.m.S.selectList] [http-nio-8080-exec-1] [DEBUG] - ==> Parameters: 
[2026-09-12 21:47:37.190] [gas-forecast] [] [] [c.g.f.d.m.S.selectList] [http-nio-8080-exec-1] [DEBUG] - <==      Total: 46
[2026-09-12 21:47:37.218] [gas-forecast] [] [] [c.g.f.d.m.S.selectByUsername] [http-nio-8080-exec-2] [DEBUG] - ==>  Preparing: select distinct p.* from sys_permission_tb p where p.status = 1 and ( exists ( select 1 from sys_user_tb u join sys_user_role_ref ur on ur.user_id = u.id join sys_role_permission_ref rp on rp.role_id = ur.role_id where rp.permission_id = p.id and u.username = ? and u.deleted = 0 ) or exists ( select 1 from sys_user_tb u join sys_user_department_ref ud on ud.user_id = u.id join sys_department_permission_ref dp on dp.department_id = ud.department_id where dp.permission_id = p.id and u.username = ? and u.deleted = 0 ) ) order by p.sort_no, p.id
[2026-09-12 21:47:37.218] [gas-forecast] [] [] [c.g.f.d.m.S.selectByUsername] [http-nio-8080-exec-2] [DEBUG] - ==> Parameters: admin(String), admin(String)
[2026-09-12 21:47:37.222] [gas-forecast] [] [] [c.g.f.d.m.S.selectByUsername] [http-nio-8080-exec-2] [DEBUG] - <==      Total: 46
[2026-09-12 21:47:37.225] [gas-forecast] [] [] [c.g.f.d.m.S.selectList] [http-nio-8080-exec-2] [DEBUG] - ==>  Preparing: SELECT id,parent_id,permission_name,path,component,permission_type,perms,icon,sort_no,hidden,status,created_at,updated_at FROM sys_permission_tb ORDER BY sort_no ASC,id ASC
[2026-09-12 21:47:37.225] [gas-forecast] [] [] [c.g.f.d.m.S.selectList] [http-nio-8080-exec-2] [DEBUG] - ==> Parameters: 
[2026-09-12 21:47:37.227] [gas-forecast] [] [] [c.g.f.d.m.S.selectList] [http-nio-8080-exec-2] [DEBUG] - <==      Total: 46
[2026-09-12 21:47:48.834] [gas-forecast] [] [] [c.g.f.d.m.S.selectByUsername] [http-nio-8080-exec-3] [DEBUG] - ==>  Preparing: select distinct p.* from sys_permission_tb p where p.status = 1 and ( exists ( select 1 from sys_user_tb u join sys_user_role_ref ur on ur.user_id = u.id join sys_role_permission_ref rp on rp.role_id = ur.role_id where rp.permission_id = p.id and u.username = ? and u.deleted = 0 ) or exists ( select 1 from sys_user_tb u join sys_user_department_ref ud on ud.user_id = u.id join sys_department_permission_ref dp on dp.department_id = ud.department_id where dp.permission_id = p.id and u.username = ? and u.deleted = 0 ) ) order by p.sort_no, p.id
[2026-09-12 21:47:48.835] [gas-forecast] [] [] [c.g.f.d.m.S.selectByUsername] [http-nio-8080-exec-3] [DEBUG] - ==> Parameters: admin(String), admin(String)
[2026-09-12 21:47:48.837] [gas-forecast] [] [] [c.g.f.d.m.S.selectByUsername] [http-nio-8080-exec-3] [DEBUG] - <==      Total: 46
[2026-09-12 21:47:48.907] [gas-forecast] [] [] [c.g.f.d.m.D.selectList_mpCount] [http-nio-8080-exec-3] [DEBUG] - ==>  Preparing: SELECT COUNT(*) AS total FROM data_monthly_sales_tb
[2026-09-12 21:47:48.907] [gas-forecast] [] [] [c.g.f.d.m.D.selectList_mpCount] [http-nio-8080-exec-3] [DEBUG] - ==> Parameters: 
[2026-09-12 21:47:48.915] [gas-forecast] [] [] [c.g.f.d.m.D.selectList_mpCount] [http-nio-8080-exec-3] [DEBUG] - <==      Total: 1
[2026-09-12 21:47:48.916] [gas-forecast] [] [] [c.g.f.d.m.D.selectList] [http-nio-8080-exec-3] [DEBUG] - ==>  Preparing: SELECT id,stat_date,region_name,region_code,industry_name,industry_code,customer_name,customer_code,gas_sales,unit,file_id,created_at FROM data_monthly_sales_tb ORDER BY stat_date DESC,id DESC LIMIT ?
[2026-09-12 21:47:48.917] [gas-forecast] [] [] [c.g.f.d.m.D.selectList] [http-nio-8080-exec-3] [DEBUG] - ==> Parameters: 10(Long)
[2026-09-12 21:47:48.920] [gas-forecast] [] [] [c.g.f.d.m.D.selectList] [http-nio-8080-exec-3] [DEBUG] - <==      Total: 10
[2026-09-12 21:47:49.652] [gas-forecast] [] [] [c.g.f.d.m.S.selectByUsername] [http-nio-8080-exec-4] [DEBUG] - ==>  Preparing: select distinct p.* from sys_permission_tb p where p.status = 1 and ( exists ( select 1 from sys_user_tb u join sys_user_role_ref ur on ur.user_id = u.id join sys_role_permission_ref rp on rp.role_id = ur.role_id where rp.permission_id = p.id and u.username = ? and u.deleted = 0 ) or exists ( select 1 from sys_user_tb u join sys_user_department_ref ud on ud.user_id = u.id join sys_department_permission_ref dp on dp.department_id = ud.department_id where dp.permission_id = p.id and u.username = ? and u.deleted = 0 ) ) order by p.sort_no, p.id
[2026-09-12 21:47:49.652] [gas-forecast] [] [] [c.g.f.d.m.S.selectByUsername] [http-nio-8080-exec-4] [DEBUG] - ==> Parameters: admin(String), admin(String)
[2026-09-12 21:47:49.663] [gas-forecast] [] [] [c.g.f.d.m.S.selectByUsername] [http-nio-8080-exec-4] [DEBUG] - <==      Total: 46
[2026-09-12 21:47:49.668] [gas-forecast] [] [] [c.g.f.d.m.B.selectList_mpCount] [http-nio-8080-exec-4] [DEBUG] - ==>  Preparing: SELECT COUNT(*) AS total FROM base_industry_tb
[2026-09-12 21:47:49.669] [gas-forecast] [] [] [c.g.f.d.m.B.selectList_mpCount] [http-nio-8080-exec-4] [DEBUG] - ==> Parameters: 
[2026-09-12 21:47:49.673] [gas-forecast] [] [] [c.g.f.d.m.B.selectList_mpCount] [http-nio-8080-exec-4] [DEBUG] - <==      Total: 1
[2026-09-12 21:47:49.673] [gas-forecast] [] [] [c.g.f.d.m.B.selectList] [http-nio-8080-exec-4] [DEBUG] - ==>  Preparing: SELECT id,industry_code,industry_name,parent_id,industry_level,sort_no,created_at,updated_at,created_by,created_by_name,updated_by,updated_by_name FROM base_industry_tb ORDER BY sort_no ASC,updated_at DESC,id DESC LIMIT ?
[2026-09-12 21:47:49.673] [gas-forecast] [] [] [c.g.f.d.m.B.selectList] [http-nio-8080-exec-4] [DEBUG] - ==> Parameters: 10(Long)
[2026-09-12 21:47:49.674] [gas-forecast] [] [] [c.g.f.d.m.B.selectList] [http-nio-8080-exec-4] [DEBUG] - <==      Total: 3
[2026-09-12 21:47:50.818] [gas-forecast] [] [] [c.g.f.d.m.S.selectByUsername] [http-nio-8080-exec-5] [DEBUG] - ==>  Preparing: select distinct p.* from sys_permission_tb p where p.status = 1 and ( exists ( select 1 from sys_user_tb u join sys_user_role_ref ur on ur.user_id = u.id join sys_role_permission_ref rp on rp.role_id = ur.role_id where rp.permission_id = p.id and u.username = ? and u.deleted = 0 ) or exists ( select 1 from sys_user_tb u join sys_user_department_ref ud on ud.user_id = u.id join sys_department_permission_ref dp on dp.department_id = ud.department_id where dp.permission_id = p.id and u.username = ? and u.deleted = 0 ) ) order by p.sort_no, p.id
[2026-09-12 21:47:50.819] [gas-forecast] [] [] [c.g.f.d.m.S.selectByUsername] [http-nio-8080-exec-5] [DEBUG] - ==> Parameters: admin(String), admin(String)
[2026-09-12 21:47:50.821] [gas-forecast] [] [] [c.g.f.d.m.S.selectByUsername] [http-nio-8080-exec-5] [DEBUG] - <==      Total: 46
[2026-09-12 21:47:50.827] [gas-forecast] [] [] [c.g.f.d.m.B.selectList_mpCount] [http-nio-8080-exec-5] [DEBUG] - ==>  Preparing: SELECT COUNT(*) AS total FROM base_customer_tb
[2026-09-12 21:47:50.827] [gas-forecast] [] [] [c.g.f.d.m.B.selectList_mpCount] [http-nio-8080-exec-5] [DEBUG] - ==> Parameters: 
[2026-09-12 21:47:50.828] [gas-forecast] [] [] [c.g.f.d.m.B.selectList_mpCount] [http-nio-8080-exec-5] [DEBUG] - <==      Total: 1
[2026-09-12 21:47:50.829] [gas-forecast] [] [] [c.g.f.d.m.B.selectList] [http-nio-8080-exec-5] [DEBUG] - ==>  Preparing: SELECT id,customer_code,customer_name,industry_code,industry_name,region_code,region_name,created_at,updated_at,created_by,created_by_name,updated_by,update_by_name,raw_region_name,raw_industry_name FROM base_customer_tb ORDER BY updated_at DESC,id DESC LIMIT ?
[2026-09-12 21:47:50.829] [gas-forecast] [] [] [c.g.f.d.m.B.selectList] [http-nio-8080-exec-5] [DEBUG] - ==> Parameters: 10(Long)
[2026-09-12 21:47:50.829] [gas-forecast] [] [] [c.g.f.d.m.B.selectList] [http-nio-8080-exec-5] [DEBUG] - <==      Total: 10
[2026-09-12 21:47:51.280] [gas-forecast] [] [] [c.g.f.d.m.S.selectByUsername] [http-nio-8080-exec-6] [DEBUG] - ==>  Preparing: select distinct p.* from sys_permission_tb p where p.status = 1 and ( exists ( select 1 from sys_user_tb u join sys_user_role_ref ur on ur.user_id = u.id join sys_role_permission_ref rp on rp.role_id = ur.role_id where rp.permission_id = p.id and u.username = ? and u.deleted = 0 ) or exists ( select 1 from sys_user_tb u join sys_user_department_ref ud on ud.user_id = u.id join sys_department_permission_ref dp on dp.department_id = ud.department_id where dp.permission_id = p.id and u.username = ? and u.deleted = 0 ) ) order by p.sort_no, p.id
[2026-09-12 21:47:51.280] [gas-forecast] [] [] [c.g.f.d.m.S.selectByUsername] [http-nio-8080-exec-6] [DEBUG] - ==> Parameters: admin(String), admin(String)
[2026-09-12 21:47:51.282] [gas-forecast] [] [] [c.g.f.d.m.S.selectByUsername] [http-nio-8080-exec-6] [DEBUG] - <==      Total: 46
[2026-09-12 21:47:51.288] [gas-forecast] [] [] [c.g.f.d.m.B.selectList_mpCount] [http-nio-8080-exec-6] [DEBUG] - ==>  Preparing: SELECT COUNT(*) AS total FROM base_region_tb
[2026-09-12 21:47:51.288] [gas-forecast] [] [] [c.g.f.d.m.B.selectList_mpCount] [http-nio-8080-exec-6] [DEBUG] - ==> Parameters: 
[2026-09-12 21:47:51.289] [gas-forecast] [] [] [c.g.f.d.m.B.selectList_mpCount] [http-nio-8080-exec-6] [DEBUG] - <==      Total: 1
[2026-09-12 21:47:51.289] [gas-forecast] [] [] [c.g.f.d.m.B.selectList] [http-nio-8080-exec-6] [DEBUG] - ==>  Preparing: SELECT id,region_code,region_name,region_type,parent_id,sort_no,enabled,remark,created_by,created_at,updated_by,updated_at,update_by_name,created_by_name FROM base_region_tb ORDER BY sort_no ASC,updated_at DESC,id DESC LIMIT ?
[2026-09-12 21:47:51.290] [gas-forecast] [] [] [c.g.f.d.m.B.selectList] [http-nio-8080-exec-6] [DEBUG] - ==> Parameters: 10(Long)
[2026-09-12 21:47:51.290] [gas-forecast] [] [] [c.g.f.d.m.B.selectList] [http-nio-8080-exec-6] [DEBUG] - <==      Total: 10
[2026-09-12 21:49:40.088] [gas-forecast] [] [] [c.g.f.d.m.S.selectByUsername] [http-nio-8080-exec-7] [DEBUG] - ==>  Preparing: select distinct p.* from sys_permission_tb p where p.status = 1 and ( exists ( select 1 from sys_user_tb u join sys_user_role_ref ur on ur.user_id = u.id join sys_role_permission_ref rp on rp.role_id = ur.role_id where rp.permission_id = p.id and u.username = ? and u.deleted = 0 ) or exists ( select 1 from sys_user_tb u join sys_user_department_ref ud on ud.user_id = u.id join sys_department_permission_ref dp on dp.department_id = ud.department_id where dp.permission_id = p.id and u.username = ? and u.deleted = 0 ) ) order by p.sort_no, p.id
[2026-09-12 21:49:40.088] [gas-forecast] [] [] [c.g.f.d.m.S.selectByUsername] [http-nio-8080-exec-7] [DEBUG] - ==> Parameters: admin(String), admin(String)
[2026-09-12 21:49:40.094] [gas-forecast] [] [] [c.g.f.d.m.S.selectByUsername] [http-nio-8080-exec-7] [DEBUG] - <==      Total: 46
[2026-09-12 21:49:40.098] [gas-forecast] [] [] [c.g.f.d.m.B.selectList_mpCount] [http-nio-8080-exec-7] [DEBUG] - ==>  Preparing: SELECT COUNT(*) AS total FROM base_region_tb
[2026-09-12 21:49:40.098] [gas-forecast] [] [] [c.g.f.d.m.B.selectList_mpCount] [http-nio-8080-exec-7] [DEBUG] - ==> Parameters: 
[2026-09-12 21:49:40.100] [gas-forecast] [] [] [c.g.f.d.m.B.selectList_mpCount] [http-nio-8080-exec-7] [DEBUG] - <==      Total: 1
[2026-09-12 21:49:40.100] [gas-forecast] [] [] [c.g.f.d.m.B.selectList] [http-nio-8080-exec-7] [DEBUG] - ==>  Preparing: SELECT id,region_code,region_name,region_type,parent_id,sort_no,enabled,remark,created_by,created_at,updated_by,updated_at,update_by_name,created_by_name FROM base_region_tb ORDER BY sort_no ASC,updated_at DESC,id DESC LIMIT ?
[2026-09-12 21:49:40.101] [gas-forecast] [] [] [c.g.f.d.m.B.selectList] [http-nio-8080-exec-7] [DEBUG] - ==> Parameters: 10(Long)
[2026-09-12 21:49:40.101] [gas-forecast] [] [] [c.g.f.d.m.B.selectList] [http-nio-8080-exec-7] [DEBUG] - <==      Total: 10
[2026-09-12 21:49:40.149] [gas-forecast] [] [] [c.g.f.d.m.S.selectByUsername] [http-nio-8080-exec-8] [DEBUG] - ==>  Preparing: select distinct p.* from sys_permission_tb p where p.status = 1 and ( exists ( select 1 from sys_user_tb u join sys_user_role_ref ur on ur.user_id = u.id join sys_role_permission_ref rp on rp.role_id = ur.role_id where rp.permission_id = p.id and u.username = ? and u.deleted = 0 ) or exists ( select 1 from sys_user_tb u join sys_user_department_ref ud on ud.user_id = u.id join sys_department_permission_ref dp on dp.department_id = ud.department_id where dp.permission_id = p.id and u.username = ? and u.deleted = 0 ) ) order by p.sort_no, p.id
[2026-09-12 21:49:40.149] [gas-forecast] [] [] [c.g.f.d.m.S.selectByUsername] [http-nio-8080-exec-8] [DEBUG] - ==> Parameters: admin(String), admin(String)
[2026-09-12 21:49:40.151] [gas-forecast] [] [] [c.g.f.d.m.S.selectByUsername] [http-nio-8080-exec-8] [DEBUG] - <==      Total: 46
[2026-09-12 21:49:40.154] [gas-forecast] [] [] [c.g.f.d.m.B.selectList_mpCount] [http-nio-8080-exec-8] [DEBUG] - ==>  Preparing: SELECT COUNT(*) AS total FROM base_region_tb
[2026-09-12 21:49:40.154] [gas-forecast] [] [] [c.g.f.d.m.B.selectList_mpCount] [http-nio-8080-exec-8] [DEBUG] - ==> Parameters: 
[2026-09-12 21:49:40.156] [gas-forecast] [] [] [c.g.f.d.m.B.selectList_mpCount] [http-nio-8080-exec-8] [DEBUG] - <==      Total: 1
[2026-09-12 21:49:40.156] [gas-forecast] [] [] [c.g.f.d.m.B.selectList] [http-nio-8080-exec-8] [DEBUG] - ==>  Preparing: SELECT id,region_code,region_name,region_type,parent_id,sort_no,enabled,remark,created_by,created_at,updated_by,updated_at,update_by_name,created_by_name FROM base_region_tb ORDER BY sort_no ASC,updated_at DESC,id DESC LIMIT ?
[2026-09-12 21:49:40.156] [gas-forecast] [] [] [c.g.f.d.m.B.selectList] [http-nio-8080-exec-8] [DEBUG] - ==> Parameters: 10(Long)
[2026-09-12 21:49:40.157] [gas-forecast] [] [] [c.g.f.d.m.B.selectList] [http-nio-8080-exec-8] [DEBUG] - <==      Total: 10
[2026-09-12 21:49:40.256] [gas-forecast] [] [] [c.g.f.d.m.S.selectByUsername] [http-nio-8080-exec-9] [DEBUG] - ==>  Preparing: select distinct p.* from sys_permission_tb p where p.status = 1 and ( exists ( select 1 from sys_user_tb u join sys_user_role_ref ur on ur.user_id = u.id join sys_role_permission_ref rp on rp.role_id = ur.role_id where rp.permission_id = p.id and u.username = ? and u.deleted = 0 ) or exists ( select 1 from sys_user_tb u join sys_user_department_ref ud on ud.user_id = u.id join sys_department_permission_ref dp on dp.department_id = ud.department_id where dp.permission_id = p.id and u.username = ? and u.deleted = 0 ) ) order by p.sort_no, p.id
[2026-09-12 21:49:40.257] [gas-forecast] [] [] [c.g.f.d.m.S.selectByUsername] [http-nio-8080-exec-9] [DEBUG] - ==> Parameters: admin(String), admin(String)
[2026-09-12 21:49:40.259] [gas-forecast] [] [] [c.g.f.d.m.S.selectByUsername] [http-nio-8080-exec-9] [DEBUG] - <==      Total: 46
[2026-09-12 21:49:40.262] [gas-forecast] [] [] [c.g.f.d.m.B.selectList_mpCount] [http-nio-8080-exec-9] [DEBUG] - ==>  Preparing: SELECT COUNT(*) AS total FROM base_region_tb
[2026-09-12 21:49:40.263] [gas-forecast] [] [] [c.g.f.d.m.B.selectList_mpCount] [http-nio-8080-exec-9] [DEBUG] - ==> Parameters: 
[2026-09-12 21:49:40.264] [gas-forecast] [] [] [c.g.f.d.m.B.selectList_mpCount] [http-nio-8080-exec-9] [DEBUG] - <==      Total: 1
[2026-09-12 21:49:40.264] [gas-forecast] [] [] [c.g.f.d.m.B.selectList] [http-nio-8080-exec-9] [DEBUG] - ==>  Preparing: SELECT id,region_code,region_name,region_type,parent_id,sort_no,enabled,remark,created_by,created_at,updated_by,updated_at,update_by_name,created_by_name FROM base_region_tb ORDER BY sort_no ASC,updated_at DESC,id DESC LIMIT ?
[2026-09-12 21:49:40.264] [gas-forecast] [] [] [c.g.f.d.m.B.selectList] [http-nio-8080-exec-9] [DEBUG] - ==> Parameters: 10(Long)
[2026-09-12 21:49:40.265] [gas-forecast] [] [] [c.g.f.d.m.B.selectList] [http-nio-8080-exec-9] [DEBUG] - <==      Total: 10
[2026-09-12 21:49:41.284] [gas-forecast] [] [] [c.g.f.d.m.S.selectByUsername] [http-nio-8080-exec-10] [DEBUG] - ==>  Preparing: select distinct p.* from sys_permission_tb p where p.status = 1 and ( exists ( select 1 from sys_user_tb u join sys_user_role_ref ur on ur.user_id = u.id join sys_role_permission_ref rp on rp.role_id = ur.role_id where rp.permission_id = p.id and u.username = ? and u.deleted = 0 ) or exists ( select 1 from sys_user_tb u join sys_user_department_ref ud on ud.user_id = u.id join sys_department_permission_ref dp on dp.department_id = ud.department_id where dp.permission_id = p.id and u.username = ? and u.deleted = 0 ) ) order by p.sort_no, p.id
[2026-09-12 21:49:41.284] [gas-forecast] [] [] [c.g.f.d.m.S.selectByUsername] [http-nio-8080-exec-10] [DEBUG] - ==> Parameters: admin(String), admin(String)
[2026-09-12 21:49:41.287] [gas-forecast] [] [] [c.g.f.d.m.S.selectByUsername] [http-nio-8080-exec-10] [DEBUG] - <==      Total: 46
[2026-09-12 21:49:41.291] [gas-forecast] [] [] [c.g.f.d.m.B.selectList_mpCount] [http-nio-8080-exec-10] [DEBUG] - ==>  Preparing: SELECT COUNT(*) AS total FROM base_region_tb
[2026-09-12 21:49:41.291] [gas-forecast] [] [] [c.g.f.d.m.B.selectList_mpCount] [http-nio-8080-exec-10] [DEBUG] - ==> Parameters: 
[2026-09-12 21:49:41.292] [gas-forecast] [] [] [c.g.f.d.m.B.selectList_mpCount] [http-nio-8080-exec-10] [DEBUG] - <==      Total: 1
[2026-09-12 21:49:41.293] [gas-forecast] [] [] [c.g.f.d.m.B.selectList] [http-nio-8080-exec-10] [DEBUG] - ==>  Preparing: SELECT id,region_code,region_name,region_type,parent_id,sort_no,enabled,remark,created_by,created_at,updated_by,updated_at,update_by_name,created_by_name FROM base_region_tb ORDER BY sort_no ASC,updated_at DESC,id DESC LIMIT ?
[2026-09-12 21:49:41.293] [gas-forecast] [] [] [c.g.f.d.m.B.selectList] [http-nio-8080-exec-10] [DEBUG] - ==> Parameters: 10(Long)
[2026-09-12 21:49:41.294] [gas-forecast] [] [] [c.g.f.d.m.B.selectList] [http-nio-8080-exec-10] [DEBUG] - <==      Total: 10
[2026-09-12 21:53:41.602] [gas-forecast] [] [] [c.g.f.d.m.S.selectByUsername] [http-nio-8080-exec-1] [DEBUG] - ==>  Preparing: select distinct p.* from sys_permission_tb p where p.status = 1 and ( exists ( select 1 from sys_user_tb u join sys_user_role_ref ur on ur.user_id = u.id join sys_role_permission_ref rp on rp.role_id = ur.role_id where rp.permission_id = p.id and u.username = ? and u.deleted = 0 ) or exists ( select 1 from sys_user_tb u join sys_user_department_ref ud on ud.user_id = u.id join sys_department_permission_ref dp on dp.department_id = ud.department_id where dp.permission_id = p.id and u.username = ? and u.deleted = 0 ) ) order by p.sort_no, p.id
[2026-09-12 21:53:41.613] [gas-forecast] [] [] [c.g.f.d.m.S.selectByUsername] [http-nio-8080-exec-1] [DEBUG] - ==> Parameters: admin(String), admin(String)
[2026-09-12 21:53:41.636] [gas-forecast] [] [] [c.g.f.d.m.S.selectByUsername] [http-nio-8080-exec-1] [DEBUG] - <==      Total: 46
[2026-09-12 21:53:41.742] [gas-forecast] [] [] [c.g.f.d.m.B.selectList_mpCount] [http-nio-8080-exec-1] [DEBUG] - ==>  Preparing: SELECT COUNT(*) AS total FROM base_region_tb
[2026-09-12 21:53:41.742] [gas-forecast] [] [] [c.g.f.d.m.B.selectList_mpCount] [http-nio-8080-exec-1] [DEBUG] - ==> Parameters: 
[2026-09-12 21:53:41.744] [gas-forecast] [] [] [c.g.f.d.m.B.selectList_mpCount] [http-nio-8080-exec-1] [DEBUG] - <==      Total: 1
[2026-09-12 21:53:41.745] [gas-forecast] [] [] [c.g.f.d.m.B.selectList] [http-nio-8080-exec-1] [DEBUG] - ==>  Preparing: SELECT id,region_code,region_name,region_type,parent_id,sort_no,enabled,remark,created_by,created_at,updated_by,updated_at,update_by_name,created_by_name FROM base_region_tb ORDER BY sort_no ASC,updated_at DESC,id DESC LIMIT ?
[2026-09-12 21:53:41.746] [gas-forecast] [] [] [c.g.f.d.m.B.selectList] [http-nio-8080-exec-1] [DEBUG] - ==> Parameters: 10(Long)
[2026-09-12 21:53:41.748] [gas-forecast] [] [] [c.g.f.d.m.B.selectList] [http-nio-8080-exec-1] [DEBUG] - <==      Total: 10
[2026-09-12 21:53:56.408] [gas-forecast] [] [] [c.g.f.d.m.SysUserTbMapper.selectList] [http-nio-8080-exec-3] [DEBUG] - ==>  Preparing: SELECT id,username,real_name,password_hash,password_salt,avatar,email,phone,org_code,status,deleted,created_at,updated_at FROM sys_user_tb WHERE (username = ? AND deleted = ?)
[2026-09-12 21:53:56.408] [gas-forecast] [] [] [c.g.f.d.m.SysUserTbMapper.selectList] [http-nio-8080-exec-3] [DEBUG] - ==> Parameters: admin(String), 0(Integer)
[2026-09-12 21:53:56.409] [gas-forecast] [] [] [c.g.f.d.m.SysUserTbMapper.selectList] [http-nio-8080-exec-3] [DEBUG] - <==      Total: 1
[2026-09-12 21:53:56.413] [gas-forecast] [] [] [c.g.f.d.m.S.selectRoleCodesByUsername] [http-nio-8080-exec-3] [DEBUG] - ==>  Preparing: select r.role_code from sys_user_tb u join sys_user_role_ref ur on ur.user_id = u.id join sys_role_tb r on r.id = ur.role_id where u.username = ? order by r.role_code
[2026-09-12 21:53:56.413] [gas-forecast] [] [] [c.g.f.d.m.S.selectRoleCodesByUsername] [http-nio-8080-exec-3] [DEBUG] - ==> Parameters: admin(String)
[2026-09-12 21:53:56.414] [gas-forecast] [] [] [c.g.f.d.m.S.selectRoleCodesByUsername] [http-nio-8080-exec-3] [DEBUG] - <==      Total: 1
[2026-09-12 21:53:56.414] [gas-forecast] [] [] [c.g.f.d.m.S.selectByUsername] [http-nio-8080-exec-3] [DEBUG] - ==>  Preparing: select distinct p.* from sys_permission_tb p where p.status = 1 and ( exists ( select 1 from sys_user_tb u join sys_user_role_ref ur on ur.user_id = u.id join sys_role_permission_ref rp on rp.role_id = ur.role_id where rp.permission_id = p.id and u.username = ? and u.deleted = 0 ) or exists ( select 1 from sys_user_tb u join sys_user_department_ref ud on ud.user_id = u.id join sys_department_permission_ref dp on dp.department_id = ud.department_id where dp.permission_id = p.id and u.username = ? and u.deleted = 0 ) ) order by p.sort_no, p.id
[2026-09-12 21:53:56.415] [gas-forecast] [] [] [c.g.f.d.m.S.selectByUsername] [http-nio-8080-exec-3] [DEBUG] - ==> Parameters: admin(String), admin(String)
[2026-09-12 21:53:56.417] [gas-forecast] [] [] [c.g.f.d.m.S.selectByUsername] [http-nio-8080-exec-3] [DEBUG] - <==      Total: 46
[2026-09-12 21:54:03.868] [gas-forecast] [] [] [c.g.f.d.m.S.selectByUsername] [http-nio-8080-exec-4] [DEBUG] - ==>  Preparing: select distinct p.* from sys_permission_tb p where p.status = 1 and ( exists ( select 1 from sys_user_tb u join sys_user_role_ref ur on ur.user_id = u.id join sys_role_permission_ref rp on rp.role_id = ur.role_id where rp.permission_id = p.id and u.username = ? and u.deleted = 0 ) or exists ( select 1 from sys_user_tb u join sys_user_department_ref ud on ud.user_id = u.id join sys_department_permission_ref dp on dp.department_id = ud.department_id where dp.permission_id = p.id and u.username = ? and u.deleted = 0 ) ) order by p.sort_no, p.id
[2026-09-12 21:54:03.869] [gas-forecast] [] [] [c.g.f.d.m.S.selectByUsername] [http-nio-8080-exec-4] [DEBUG] - ==> Parameters: admin(String), admin(String)
[2026-09-12 21:54:03.873] [gas-forecast] [] [] [c.g.f.d.m.S.selectByUsername] [http-nio-8080-exec-4] [DEBUG] - <==      Total: 46
[2026-09-12 21:54:03.874] [gas-forecast] [] [] [c.g.f.d.m.SysRoleTbMapper.selectList] [http-nio-8080-exec-4] [DEBUG] - ==>  Preparing: SELECT id,role_code,role_name,description,created_at,updated_at FROM sys_role_tb ORDER BY id ASC
[2026-09-12 21:54:03.875] [gas-forecast] [] [] [c.g.f.d.m.SysRoleTbMapper.selectList] [http-nio-8080-exec-4] [DEBUG] - ==> Parameters: 
[2026-09-12 21:54:03.876] [gas-forecast] [] [] [c.g.f.d.m.SysRoleTbMapper.selectList] [http-nio-8080-exec-4] [DEBUG] - <==      Total: 1
[2026-09-12 21:54:03.877] [gas-forecast] [] [] [c.g.f.d.m.S.selectList] [http-nio-8080-exec-4] [DEBUG] - ==>  Preparing: SELECT id,parent_id,department_name,org_code,sort_no,status,created_at,updated_at FROM sys_department_tb ORDER BY sort_no ASC,id ASC
[2026-09-12 21:54:03.877] [gas-forecast] [] [] [c.g.f.d.m.S.selectList] [http-nio-8080-exec-4] [DEBUG] - ==> Parameters: 
[2026-09-12 21:54:03.879] [gas-forecast] [] [] [c.g.f.d.m.S.selectList] [http-nio-8080-exec-4] [DEBUG] - <==      Total: 7
[2026-09-12 21:54:03.879] [gas-forecast] [] [] [c.g.f.d.m.S.selectList] [http-nio-8080-exec-4] [DEBUG] - ==>  Preparing: SELECT id,parent_id,permission_name,path,component,permission_type,perms,icon,sort_no,hidden,status,created_at,updated_at FROM sys_permission_tb ORDER BY sort_no ASC,id ASC
[2026-09-12 21:54:03.879] [gas-forecast] [] [] [c.g.f.d.m.S.selectList] [http-nio-8080-exec-4] [DEBUG] - ==> Parameters: 
[2026-09-12 21:54:03.881] [gas-forecast] [] [] [c.g.f.d.m.S.selectList] [http-nio-8080-exec-4] [DEBUG] - <==      Total: 46
[2026-09-12 21:54:03.888] [gas-forecast] [] [] [c.g.f.d.m.S.selectByUsername] [http-nio-8080-exec-5] [DEBUG] - ==>  Preparing: select distinct p.* from sys_permission_tb p where p.status = 1 and ( exists ( select 1 from sys_user_tb u join sys_user_role_ref ur on ur.user_id = u.id join sys_role_permission_ref rp on rp.role_id = ur.role_id where rp.permission_id = p.id and u.username = ? and u.deleted = 0 ) or exists ( select 1 from sys_user_tb u join sys_user_department_ref ud on ud.user_id = u.id join sys_department_permission_ref dp on dp.department_id = ud.department_id where dp.permission_id = p.id and u.username = ? and u.deleted = 0 ) ) order by p.sort_no, p.id
[2026-09-12 21:54:03.888] [gas-forecast] [] [] [c.g.f.d.m.S.selectByUsername] [http-nio-8080-exec-5] [DEBUG] - ==> Parameters: admin(String), admin(String)
[2026-09-12 21:54:03.890] [gas-forecast] [] [] [c.g.f.d.m.S.selectByUsername] [http-nio-8080-exec-5] [DEBUG] - <==      Total: 46
[2026-09-12 21:54:03.893] [gas-forecast] [] [] [c.g.f.d.m.SysUserTbMapper.selectList] [http-nio-8080-exec-5] [DEBUG] - ==>  Preparing: SELECT id,username,real_name,password_hash,password_salt,avatar,email,phone,org_code,status,deleted,created_at,updated_at FROM sys_user_tb WHERE (deleted = ?) ORDER BY id ASC
[2026-09-12 21:54:03.893] [gas-forecast] [] [] [c.g.f.d.m.SysUserTbMapper.selectList] [http-nio-8080-exec-5] [DEBUG] - ==> Parameters: 0(Integer)
[2026-09-12 21:54:03.894] [gas-forecast] [] [] [c.g.f.d.m.SysUserTbMapper.selectList] [http-nio-8080-exec-5] [DEBUG] - <==      Total: 1
[2026-09-12 21:54:03.895] [gas-forecast] [] [] [c.g.f.d.m.SysRoleTbMapper.selectList] [http-nio-8080-exec-5] [DEBUG] - ==>  Preparing: SELECT id,role_code,role_name,description,created_at,updated_at FROM sys_role_tb ORDER BY id ASC
[2026-09-12 21:54:03.895] [gas-forecast] [] [] [c.g.f.d.m.SysRoleTbMapper.selectList] [http-nio-8080-exec-5] [DEBUG] - ==> Parameters: 
[2026-09-12 21:54:03.895] [gas-forecast] [] [] [c.g.f.d.m.SysRoleTbMapper.selectList] [http-nio-8080-exec-5] [DEBUG] - <==      Total: 1
[2026-09-12 21:54:03.896] [gas-forecast] [] [] [c.g.f.d.m.S.selectList] [http-nio-8080-exec-5] [DEBUG] - ==>  Preparing: SELECT id,parent_id,department_name,org_code,sort_no,status,created_at,updated_at FROM sys_department_tb ORDER BY id ASC
[2026-09-12 21:54:03.896] [gas-forecast] [] [] [c.g.f.d.m.S.selectList] [http-nio-8080-exec-5] [DEBUG] - ==> Parameters: 
[2026-09-12 21:54:03.896] [gas-forecast] [] [] [c.g.f.d.m.S.selectList] [http-nio-8080-exec-5] [DEBUG] - <==      Total: 7
[2026-09-12 21:54:03.897] [gas-forecast] [] [] [c.g.f.d.m.S.selectList] [http-nio-8080-exec-5] [DEBUG] - ==>  Preparing: SELECT id,user_id,role_id FROM sys_user_role_ref
[2026-09-12 21:54:03.897] [gas-forecast] [] [] [c.g.f.d.m.S.selectList] [http-nio-8080-exec-5] [DEBUG] - ==> Parameters: 
[2026-09-12 21:54:03.897] [gas-forecast] [] [] [c.g.f.d.m.S.selectList] [http-nio-8080-exec-5] [DEBUG] - <==      Total: 1
[2026-09-12 21:54:03.897] [gas-forecast] [] [] [c.g.f.d.m.S.selectList] [http-nio-8080-exec-5] [DEBUG] - ==>  Preparing: SELECT id,user_id,department_id FROM sys_user_department_ref
[2026-09-12 21:54:03.897] [gas-forecast] [] [] [c.g.f.d.m.S.selectList] [http-nio-8080-exec-5] [DEBUG] - ==> Parameters: 
[2026-09-12 21:54:03.898] [gas-forecast] [] [] [c.g.f.d.m.S.selectList] [http-nio-8080-exec-5] [DEBUG] - <==      Total: 1
[2026-09-12 21:54:04.460] [gas-forecast] [] [] [c.g.f.d.m.S.selectByUsername] [http-nio-8080-exec-6] [DEBUG] - ==>  Preparing: select distinct p.* from sys_permission_tb p where p.status = 1 and ( exists ( select 1 from sys_user_tb u join sys_user_role_ref ur on ur.user_id = u.id join sys_role_permission_ref rp on rp.role_id = ur.role_id where rp.permission_id = p.id and u.username = ? and u.deleted = 0 ) or exists ( select 1 from sys_user_tb u join sys_user_department_ref ud on ud.user_id = u.id join sys_department_permission_ref dp on dp.department_id = ud.department_id where dp.permission_id = p.id and u.username = ? and u.deleted = 0 ) ) order by p.sort_no, p.id
[2026-09-12 21:54:04.460] [gas-forecast] [] [] [c.g.f.d.m.S.selectByUsername] [http-nio-8080-exec-6] [DEBUG] - ==> Parameters: admin(String), admin(String)
[2026-09-12 21:54:04.463] [gas-forecast] [] [] [c.g.f.d.m.S.selectByUsername] [http-nio-8080-exec-6] [DEBUG] - <==      Total: 46
[2026-09-12 21:54:04.463] [gas-forecast] [] [] [c.g.f.d.m.SysRoleTbMapper.selectList] [http-nio-8080-exec-6] [DEBUG] - ==>  Preparing: SELECT id,role_code,role_name,description,created_at,updated_at FROM sys_role_tb ORDER BY id ASC
[2026-09-12 21:54:04.463] [gas-forecast] [] [] [c.g.f.d.m.SysRoleTbMapper.selectList] [http-nio-8080-exec-6] [DEBUG] - ==> Parameters: 
[2026-09-12 21:54:04.464] [gas-forecast] [] [] [c.g.f.d.m.SysRoleTbMapper.selectList] [http-nio-8080-exec-6] [DEBUG] - <==      Total: 1
[2026-09-12 21:54:04.464] [gas-forecast] [] [] [c.g.f.d.m.S.selectList] [http-nio-8080-exec-6] [DEBUG] - ==>  Preparing: SELECT id,parent_id,department_name,org_code,sort_no,status,created_at,updated_at FROM sys_department_tb ORDER BY sort_no ASC,id ASC
[2026-09-12 21:54:04.464] [gas-forecast] [] [] [c.g.f.d.m.S.selectList] [http-nio-8080-exec-6] [DEBUG] - ==> Parameters: 
[2026-09-12 21:54:04.465] [gas-forecast] [] [] [c.g.f.d.m.S.selectList] [http-nio-8080-exec-6] [DEBUG] - <==      Total: 7
[2026-09-12 21:54:04.465] [gas-forecast] [] [] [c.g.f.d.m.S.selectList] [http-nio-8080-exec-6] [DEBUG] - ==>  Preparing: SELECT id,parent_id,permission_name,path,component,permission_type,perms,icon,sort_no,hidden,status,created_at,updated_at FROM sys_permission_tb ORDER BY sort_no ASC,id ASC
[2026-09-12 21:54:04.465] [gas-forecast] [] [] [c.g.f.d.m.S.selectList] [http-nio-8080-exec-6] [DEBUG] - ==> Parameters: 
[2026-09-12 21:54:04.466] [gas-forecast] [] [] [c.g.f.d.m.S.selectList] [http-nio-8080-exec-6] [DEBUG] - <==      Total: 46
[2026-09-12 21:54:04.470] [gas-forecast] [] [] [c.g.f.d.m.S.selectByUsername] [http-nio-8080-exec-7] [DEBUG] - ==>  Preparing: select distinct p.* from sys_permission_tb p where p.status = 1 and ( exists ( select 1 from sys_user_tb u join sys_user_role_ref ur on ur.user_id = u.id join sys_role_permission_ref rp on rp.role_id = ur.role_id where rp.permission_id = p.id and u.username = ? and u.deleted = 0 ) or exists ( select 1 from sys_user_tb u join sys_user_department_ref ud on ud.user_id = u.id join sys_department_permission_ref dp on dp.department_id = ud.department_id where dp.permission_id = p.id and u.username = ? and u.deleted = 0 ) ) order by p.sort_no, p.id
[2026-09-12 21:54:04.471] [gas-forecast] [] [] [c.g.f.d.m.S.selectByUsername] [http-nio-8080-exec-7] [DEBUG] - ==> Parameters: admin(String), admin(String)
[2026-09-12 21:54:04.472] [gas-forecast] [] [] [c.g.f.d.m.S.selectByUsername] [http-nio-8080-exec-7] [DEBUG] - <==      Total: 46
[2026-09-12 21:54:04.473] [gas-forecast] [] [] [c.g.f.d.m.S.selectList] [http-nio-8080-exec-7] [DEBUG] - ==>  Preparing: SELECT id,role_id,permission_id FROM sys_role_permission_ref
[2026-09-12 21:54:04.473] [gas-forecast] [] [] [c.g.f.d.m.S.selectList] [http-nio-8080-exec-7] [DEBUG] - ==> Parameters: 
[2026-09-12 21:54:04.474] [gas-forecast] [] [] [c.g.f.d.m.S.selectList] [http-nio-8080-exec-7] [DEBUG] - <==      Total: 46
[2026-09-12 21:54:04.474] [gas-forecast] [] [] [c.g.f.d.m.SysRoleTbMapper.selectList] [http-nio-8080-exec-7] [DEBUG] - ==>  Preparing: SELECT id,role_code,role_name,description,created_at,updated_at FROM sys_role_tb ORDER BY id ASC
[2026-09-12 21:54:04.474] [gas-forecast] [] [] [c.g.f.d.m.SysRoleTbMapper.selectList] [http-nio-8080-exec-7] [DEBUG] - ==> Parameters: 
[2026-09-12 21:54:04.475] [gas-forecast] [] [] [c.g.f.d.m.SysRoleTbMapper.selectList] [http-nio-8080-exec-7] [DEBUG] - <==      Total: 1
[2026-09-12 21:58:28.622] [gas-forecast] [] [] [c.g.f.d.m.SysUserTbMapper.selectList] [http-nio-8080-exec-9] [DEBUG] - ==>  Preparing: SELECT id,username,real_name,password_hash,password_salt,avatar,email,phone,org_code,status,deleted,created_at,updated_at FROM sys_user_tb WHERE (username = ? AND deleted = ?)
[2026-09-12 21:58:28.622] [gas-forecast] [] [] [c.g.f.d.m.S.selectByUsername] [http-nio-8080-exec-8] [DEBUG] - ==>  Preparing: select distinct p.* from sys_permission_tb p where p.status = 1 and ( exists ( select 1 from sys_user_tb u join sys_user_role_ref ur on ur.user_id = u.id join sys_role_permission_ref rp on rp.role_id = ur.role_id where rp.permission_id = p.id and u.username = ? and u.deleted = 0 ) or exists ( select 1 from sys_user_tb u join sys_user_department_ref ud on ud.user_id = u.id join sys_department_permission_ref dp on dp.department_id = ud.department_id where dp.permission_id = p.id and u.username = ? and u.deleted = 0 ) ) order by p.sort_no, p.id
[2026-09-12 21:58:28.622] [gas-forecast] [] [] [c.g.f.d.m.SysUserTbMapper.selectList] [http-nio-8080-exec-9] [DEBUG] - ==> Parameters: admin(String), 0(Integer)
[2026-09-12 21:58:28.622] [gas-forecast] [] [] [c.g.f.d.m.S.selectByUsername] [http-nio-8080-exec-8] [DEBUG] - ==> Parameters: admin(String), admin(String)
[2026-09-12 21:58:28.628] [gas-forecast] [] [] [c.g.f.d.m.SysUserTbMapper.selectList] [http-nio-8080-exec-9] [DEBUG] - <==      Total: 1
[2026-09-12 21:58:28.628] [gas-forecast] [] [] [c.g.f.d.m.S.selectRoleCodesByUsername] [http-nio-8080-exec-9] [DEBUG] - ==>  Preparing: select r.role_code from sys_user_tb u join sys_user_role_ref ur on ur.user_id = u.id join sys_role_tb r on r.id = ur.role_id where u.username = ? order by r.role_code
[2026-09-12 21:58:28.628] [gas-forecast] [] [] [c.g.f.d.m.S.selectRoleCodesByUsername] [http-nio-8080-exec-9] [DEBUG] - ==> Parameters: admin(String)
[2026-09-12 21:58:28.628] [gas-forecast] [] [] [c.g.f.d.m.S.selectByUsername] [http-nio-8080-exec-8] [DEBUG] - <==      Total: 46
[2026-09-12 21:58:28.629] [gas-forecast] [] [] [c.g.f.d.m.SysRoleTbMapper.selectList] [http-nio-8080-exec-8] [DEBUG] - ==>  Preparing: SELECT id,role_code,role_name,description,created_at,updated_at FROM sys_role_tb ORDER BY id ASC
[2026-09-12 21:58:28.629] [gas-forecast] [] [] [c.g.f.d.m.SysRoleTbMapper.selectList] [http-nio-8080-exec-8] [DEBUG] - ==> Parameters: 
[2026-09-12 21:58:28.630] [gas-forecast] [] [] [c.g.f.d.m.SysRoleTbMapper.selectList] [http-nio-8080-exec-8] [DEBUG] - <==      Total: 1
[2026-09-12 21:58:28.631] [gas-forecast] [] [] [c.g.f.d.m.S.selectList] [http-nio-8080-exec-8] [DEBUG] - ==>  Preparing: SELECT id,parent_id,department_name,org_code,sort_no,status,created_at,updated_at FROM sys_department_tb ORDER BY sort_no ASC,id ASC
[2026-09-12 21:58:28.631] [gas-forecast] [] [] [c.g.f.d.m.S.selectList] [http-nio-8080-exec-8] [DEBUG] - ==> Parameters: 
[2026-09-12 21:58:28.631] [gas-forecast] [] [] [c.g.f.d.m.S.selectRoleCodesByUsername] [http-nio-8080-exec-9] [DEBUG] - <==      Total: 1
[2026-09-12 21:58:28.632] [gas-forecast] [] [] [c.g.f.d.m.S.selectByUsername] [http-nio-8080-exec-9] [DEBUG] - ==>  Preparing: select distinct p.* from sys_permission_tb p where p.status = 1 and ( exists ( select 1 from sys_user_tb u join sys_user_role_ref ur on ur.user_id = u.id join sys_role_permission_ref rp on rp.role_id = ur.role_id where rp.permission_id = p.id and u.username = ? and u.deleted = 0 ) or exists ( select 1 from sys_user_tb u join sys_user_department_ref ud on ud.user_id = u.id join sys_department_permission_ref dp on dp.department_id = ud.department_id where dp.permission_id = p.id and u.username = ? and u.deleted = 0 ) ) order by p.sort_no, p.id
[2026-09-12 21:58:28.632] [gas-forecast] [] [] [c.g.f.d.m.S.selectByUsername] [http-nio-8080-exec-9] [DEBUG] - ==> Parameters: admin(String), admin(String)
[2026-09-12 21:58:28.632] [gas-forecast] [] [] [c.g.f.d.m.S.selectList] [http-nio-8080-exec-8] [DEBUG] - <==      Total: 7
[2026-09-12 21:58:28.632] [gas-forecast] [] [] [c.g.f.d.m.S.selectList] [http-nio-8080-exec-8] [DEBUG] - ==>  Preparing: SELECT id,parent_id,permission_name,path,component,permission_type,perms,icon,sort_no,hidden,status,created_at,updated_at FROM sys_permission_tb ORDER BY sort_no ASC,id ASC
[2026-09-12 21:58:28.632] [gas-forecast] [] [] [c.g.f.d.m.S.selectList] [http-nio-8080-exec-8] [DEBUG] - ==> Parameters: 
[2026-09-12 21:58:28.635] [gas-forecast] [] [] [c.g.f.d.m.S.selectList] [http-nio-8080-exec-8] [DEBUG] - <==      Total: 46
[2026-09-12 21:58:28.636] [gas-forecast] [] [] [c.g.f.d.m.S.selectByUsername] [http-nio-8080-exec-9] [DEBUG] - <==      Total: 46
[2026-09-12 21:58:28.641] [gas-forecast] [] [] [c.g.f.d.m.S.selectByUsername] [http-nio-8080-exec-10] [DEBUG] - ==>  Preparing: select distinct p.* from sys_permission_tb p where p.status = 1 and ( exists ( select 1 from sys_user_tb u join sys_user_role_ref ur on ur.user_id = u.id join sys_role_permission_ref rp on rp.role_id = ur.role_id where rp.permission_id = p.id and u.username = ? and u.deleted = 0 ) or exists ( select 1 from sys_user_tb u join sys_user_department_ref ud on ud.user_id = u.id join sys_department_permission_ref dp on dp.department_id = ud.department_id where dp.permission_id = p.id and u.username = ? and u.deleted = 0 ) ) order by p.sort_no, p.id
[2026-09-12 21:58:28.641] [gas-forecast] [] [] [c.g.f.d.m.S.selectByUsername] [http-nio-8080-exec-10] [DEBUG] - ==> Parameters: admin(String), admin(String)
[2026-09-12 21:58:28.644] [gas-forecast] [] [] [c.g.f.d.m.S.selectByUsername] [http-nio-8080-exec-10] [DEBUG] - <==      Total: 46
[2026-09-12 21:58:28.645] [gas-forecast] [] [] [c.g.f.d.m.S.selectList] [http-nio-8080-exec-10] [DEBUG] - ==>  Preparing: SELECT id,role_id,permission_id FROM sys_role_permission_ref
[2026-09-12 21:58:28.645] [gas-forecast] [] [] [c.g.f.d.m.S.selectList] [http-nio-8080-exec-10] [DEBUG] - ==> Parameters: 
[2026-09-12 21:58:28.646] [gas-forecast] [] [] [c.g.f.d.m.S.selectList] [http-nio-8080-exec-10] [DEBUG] - <==      Total: 46
[2026-09-12 21:58:28.647] [gas-forecast] [] [] [c.g.f.d.m.SysRoleTbMapper.selectList] [http-nio-8080-exec-10] [DEBUG] - ==>  Preparing: SELECT id,role_code,role_name,description,created_at,updated_at FROM sys_role_tb ORDER BY id ASC
[2026-09-12 21:58:28.647] [gas-forecast] [] [] [c.g.f.d.m.SysRoleTbMapper.selectList] [http-nio-8080-exec-10] [DEBUG] - ==> Parameters: 
[2026-09-12 21:58:28.648] [gas-forecast] [] [] [c.g.f.d.m.SysRoleTbMapper.selectList] [http-nio-8080-exec-10] [DEBUG] - <==      Total: 1
[2026-09-12 21:58:29.162] [gas-forecast] [] [] [c.g.f.d.m.SysUserTbMapper.selectList] [http-nio-8080-exec-1] [DEBUG] - ==>  Preparing: SELECT id,username,real_name,password_hash,password_salt,avatar,email,phone,org_code,status,deleted,created_at,updated_at FROM sys_user_tb WHERE (username = ? AND deleted = ?)
[2026-09-12 21:58:29.162] [gas-forecast] [] [] [c.g.f.d.m.SysUserTbMapper.selectList] [http-nio-8080-exec-1] [DEBUG] - ==> Parameters: admin(String), 0(Integer)
[2026-09-12 21:58:29.163] [gas-forecast] [] [] [c.g.f.d.m.SysUserTbMapper.selectList] [http-nio-8080-exec-1] [DEBUG] - <==      Total: 1
[2026-09-12 21:58:29.163] [gas-forecast] [] [] [c.g.f.d.m.S.selectRoleCodesByUsername] [http-nio-8080-exec-1] [DEBUG] - ==>  Preparing: select r.role_code from sys_user_tb u join sys_user_role_ref ur on ur.user_id = u.id join sys_role_tb r on r.id = ur.role_id where u.username = ? order by r.role_code
[2026-09-12 21:58:29.163] [gas-forecast] [] [] [c.g.f.d.m.S.selectRoleCodesByUsername] [http-nio-8080-exec-1] [DEBUG] - ==> Parameters: admin(String)
[2026-09-12 21:58:29.164] [gas-forecast] [] [] [c.g.f.d.m.S.selectRoleCodesByUsername] [http-nio-8080-exec-1] [DEBUG] - <==      Total: 1
[2026-09-12 21:58:29.164] [gas-forecast] [] [] [c.g.f.d.m.S.selectByUsername] [http-nio-8080-exec-1] [DEBUG] - ==>  Preparing: select distinct p.* from sys_permission_tb p where p.status = 1 and ( exists ( select 1 from sys_user_tb u join sys_user_role_ref ur on ur.user_id = u.id join sys_role_permission_ref rp on rp.role_id = ur.role_id where rp.permission_id = p.id and u.username = ? and u.deleted = 0 ) or exists ( select 1 from sys_user_tb u join sys_user_department_ref ud on ud.user_id = u.id join sys_department_permission_ref dp on dp.department_id = ud.department_id where dp.permission_id = p.id and u.username = ? and u.deleted = 0 ) ) order by p.sort_no, p.id
[2026-09-12 21:58:29.165] [gas-forecast] [] [] [c.g.f.d.m.S.selectByUsername] [http-nio-8080-exec-1] [DEBUG] - ==> Parameters: admin(String), admin(String)
[2026-09-12 21:58:29.167] [gas-forecast] [] [] [c.g.f.d.m.S.selectByUsername] [http-nio-8080-exec-1] [DEBUG] - <==      Total: 46
[2026-09-12 21:58:29.204] [gas-forecast] [] [] [c.g.f.d.m.S.selectByUsername] [http-nio-8080-exec-2] [DEBUG] - ==>  Preparing: select distinct p.* from sys_permission_tb p where p.status = 1 and ( exists ( select 1 from sys_user_tb u join sys_user_role_ref ur on ur.user_id = u.id join sys_role_permission_ref rp on rp.role_id = ur.role_id where rp.permission_id = p.id and u.username = ? and u.deleted = 0 ) or exists ( select 1 from sys_user_tb u join sys_user_department_ref ud on ud.user_id = u.id join sys_department_permission_ref dp on dp.department_id = ud.department_id where dp.permission_id = p.id and u.username = ? and u.deleted = 0 ) ) order by p.sort_no, p.id
[2026-09-12 21:58:29.204] [gas-forecast] [] [] [c.g.f.d.m.S.selectByUsername] [http-nio-8080-exec-2] [DEBUG] - ==> Parameters: admin(String), admin(String)
[2026-09-12 21:58:29.206] [gas-forecast] [] [] [c.g.f.d.m.S.selectByUsername] [http-nio-8080-exec-2] [DEBUG] - <==      Total: 46
[2026-09-12 21:58:29.207] [gas-forecast] [] [] [c.g.f.d.m.SysRoleTbMapper.selectList] [http-nio-8080-exec-2] [DEBUG] - ==>  Preparing: SELECT id,role_code,role_name,description,created_at,updated_at FROM sys_role_tb ORDER BY id ASC
[2026-09-12 21:58:29.207] [gas-forecast] [] [] [c.g.f.d.m.SysRoleTbMapper.selectList] [http-nio-8080-exec-2] [DEBUG] - ==> Parameters: 
[2026-09-12 21:58:29.208] [gas-forecast] [] [] [c.g.f.d.m.SysRoleTbMapper.selectList] [http-nio-8080-exec-2] [DEBUG] - <==      Total: 1
[2026-09-12 21:58:29.208] [gas-forecast] [] [] [c.g.f.d.m.S.selectList] [http-nio-8080-exec-2] [DEBUG] - ==>  Preparing: SELECT id,parent_id,department_name,org_code,sort_no,status,created_at,updated_at FROM sys_department_tb ORDER BY sort_no ASC,id ASC
[2026-09-12 21:58:29.209] [gas-forecast] [] [] [c.g.f.d.m.S.selectList] [http-nio-8080-exec-2] [DEBUG] - ==> Parameters: 
[2026-09-12 21:58:29.209] [gas-forecast] [] [] [c.g.f.d.m.S.selectList] [http-nio-8080-exec-2] [DEBUG] - <==      Total: 7
[2026-09-12 21:58:29.210] [gas-forecast] [] [] [c.g.f.d.m.S.selectList] [http-nio-8080-exec-2] [DEBUG] - ==>  Preparing: SELECT id,parent_id,permission_name,path,component,permission_type,perms,icon,sort_no,hidden,status,created_at,updated_at FROM sys_permission_tb ORDER BY sort_no ASC,id ASC
[2026-09-12 21:58:29.210] [gas-forecast] [] [] [c.g.f.d.m.S.selectList] [http-nio-8080-exec-2] [DEBUG] - ==> Parameters: 
[2026-09-12 21:58:29.212] [gas-forecast] [] [] [c.g.f.d.m.S.selectList] [http-nio-8080-exec-2] [DEBUG] - <==      Total: 46
[2026-09-12 21:58:29.217] [gas-forecast] [] [] [c.g.f.d.m.S.selectByUsername] [http-nio-8080-exec-3] [DEBUG] - ==>  Preparing: select distinct p.* from sys_permission_tb p where p.status = 1 and ( exists ( select 1 from sys_user_tb u join sys_user_role_ref ur on ur.user_id = u.id join sys_role_permission_ref rp on rp.role_id = ur.role_id where rp.permission_id = p.id and u.username = ? and u.deleted = 0 ) or exists ( select 1 from sys_user_tb u join sys_user_department_ref ud on ud.user_id = u.id join sys_department_permission_ref dp on dp.department_id = ud.department_id where dp.permission_id = p.id and u.username = ? and u.deleted = 0 ) ) order by p.sort_no, p.id
[2026-09-12 21:58:29.218] [gas-forecast] [] [] [c.g.f.d.m.S.selectByUsername] [http-nio-8080-exec-3] [DEBUG] - ==> Parameters: admin(String), admin(String)
[2026-09-12 21:58:29.221] [gas-forecast] [] [] [c.g.f.d.m.S.selectByUsername] [http-nio-8080-exec-3] [DEBUG] - <==      Total: 46
[2026-09-12 21:58:29.222] [gas-forecast] [] [] [c.g.f.d.m.S.selectList] [http-nio-8080-exec-3] [DEBUG] - ==>  Preparing: SELECT id,role_id,permission_id FROM sys_role_permission_ref
[2026-09-12 21:58:29.223] [gas-forecast] [] [] [c.g.f.d.m.S.selectList] [http-nio-8080-exec-3] [DEBUG] - ==> Parameters: 
[2026-09-12 21:58:29.225] [gas-forecast] [] [] [c.g.f.d.m.S.selectList] [http-nio-8080-exec-3] [DEBUG] - <==      Total: 46
[2026-09-12 21:58:29.225] [gas-forecast] [] [] [c.g.f.d.m.SysRoleTbMapper.selectList] [http-nio-8080-exec-3] [DEBUG] - ==>  Preparing: SELECT id,role_code,role_name,description,created_at,updated_at FROM sys_role_tb ORDER BY id ASC
[2026-09-12 21:58:29.225] [gas-forecast] [] [] [c.g.f.d.m.SysRoleTbMapper.selectList] [http-nio-8080-exec-3] [DEBUG] - ==> Parameters: 
[2026-09-12 21:58:29.226] [gas-forecast] [] [] [c.g.f.d.m.SysRoleTbMapper.selectList] [http-nio-8080-exec-3] [DEBUG] - <==      Total: 1
[2026-09-12 21:59:19.393] [gas-forecast] [] [] [c.g.f.d.m.S.selectByUsername] [http-nio-8080-exec-2] [DEBUG] - ==>  Preparing: select distinct p.* from sys_permission_tb p where p.status = 1 and ( exists ( select 1 from sys_user_tb u join sys_user_role_ref ur on ur.user_id = u.id join sys_role_permission_ref rp on rp.role_id = ur.role_id where rp.permission_id = p.id and u.username = ? and u.deleted = 0 ) or exists ( select 1 from sys_user_tb u join sys_user_department_ref ud on ud.user_id = u.id join sys_department_permission_ref dp on dp.department_id = ud.department_id where dp.permission_id = p.id and u.username = ? and u.deleted = 0 ) ) order by p.sort_no, p.id
[2026-09-12 21:59:19.394] [gas-forecast] [] [] [c.g.f.d.m.SysUserTbMapper.selectList] [http-nio-8080-exec-1] [DEBUG] - ==>  Preparing: SELECT id,username,real_name,password_hash,password_salt,avatar,email,phone,org_code,status,deleted,created_at,updated_at FROM sys_user_tb WHERE (username = ? AND deleted = ?)
[2026-09-12 21:59:19.404] [gas-forecast] [] [] [c.g.f.d.m.S.selectByUsername] [http-nio-8080-exec-2] [DEBUG] - ==> Parameters: admin(String), admin(String)
[2026-09-12 21:59:19.404] [gas-forecast] [] [] [c.g.f.d.m.SysUserTbMapper.selectList] [http-nio-8080-exec-1] [DEBUG] - ==> Parameters: admin(String), 0(Integer)
[2026-09-12 21:59:19.416] [gas-forecast] [] [] [c.g.f.d.m.SysUserTbMapper.selectList] [http-nio-8080-exec-1] [DEBUG] - <==      Total: 1
[2026-09-12 21:59:19.418] [gas-forecast] [] [] [c.g.f.d.m.S.selectRoleCodesByUsername] [http-nio-8080-exec-1] [DEBUG] - ==>  Preparing: select r.role_code from sys_user_tb u join sys_user_role_ref ur on ur.user_id = u.id join sys_role_tb r on r.id = ur.role_id where u.username = ? order by r.role_code
[2026-09-12 21:59:19.418] [gas-forecast] [] [] [c.g.f.d.m.S.selectRoleCodesByUsername] [http-nio-8080-exec-1] [DEBUG] - ==> Parameters: admin(String)
[2026-09-12 21:59:19.419] [gas-forecast] [] [] [c.g.f.d.m.S.selectByUsername] [http-nio-8080-exec-2] [DEBUG] - <==      Total: 46
[2026-09-12 21:59:19.420] [gas-forecast] [] [] [c.g.f.d.m.SysRoleTbMapper.selectList] [http-nio-8080-exec-2] [DEBUG] - ==>  Preparing: SELECT id,role_code,role_name,description,created_at,updated_at FROM sys_role_tb ORDER BY id ASC
[2026-09-12 21:59:19.421] [gas-forecast] [] [] [c.g.f.d.m.SysRoleTbMapper.selectList] [http-nio-8080-exec-2] [DEBUG] - ==> Parameters: 
[2026-09-12 21:59:19.421] [gas-forecast] [] [] [c.g.f.d.m.S.selectRoleCodesByUsername] [http-nio-8080-exec-1] [DEBUG] - <==      Total: 1
[2026-09-12 21:59:19.421] [gas-forecast] [] [] [c.g.f.d.m.S.selectByUsername] [http-nio-8080-exec-1] [DEBUG] - ==>  Preparing: select distinct p.* from sys_permission_tb p where p.status = 1 and ( exists ( select 1 from sys_user_tb u join sys_user_role_ref ur on ur.user_id = u.id join sys_role_permission_ref rp on rp.role_id = ur.role_id where rp.permission_id = p.id and u.username = ? and u.deleted = 0 ) or exists ( select 1 from sys_user_tb u join sys_user_department_ref ud on ud.user_id = u.id join sys_department_permission_ref dp on dp.department_id = ud.department_id where dp.permission_id = p.id and u.username = ? and u.deleted = 0 ) ) order by p.sort_no, p.id
[2026-09-12 21:59:19.421] [gas-forecast] [] [] [c.g.f.d.m.S.selectByUsername] [http-nio-8080-exec-1] [DEBUG] - ==> Parameters: admin(String), admin(String)
[2026-09-12 21:59:19.421] [gas-forecast] [] [] [c.g.f.d.m.SysRoleTbMapper.selectList] [http-nio-8080-exec-2] [DEBUG] - <==      Total: 1
[2026-09-12 21:59:19.422] [gas-forecast] [] [] [c.g.f.d.m.S.selectList] [http-nio-8080-exec-2] [DEBUG] - ==>  Preparing: SELECT id,parent_id,department_name,org_code,sort_no,status,created_at,updated_at FROM sys_department_tb ORDER BY sort_no ASC,id ASC
[2026-09-12 21:59:19.422] [gas-forecast] [] [] [c.g.f.d.m.S.selectList] [http-nio-8080-exec-2] [DEBUG] - ==> Parameters: 
[2026-09-12 21:59:19.423] [gas-forecast] [] [] [c.g.f.d.m.S.selectList] [http-nio-8080-exec-2] [DEBUG] - <==      Total: 7
[2026-09-12 21:59:19.423] [gas-forecast] [] [] [c.g.f.d.m.S.selectList] [http-nio-8080-exec-2] [DEBUG] - ==>  Preparing: SELECT id,parent_id,permission_name,path,component,permission_type,perms,icon,sort_no,hidden,status,created_at,updated_at FROM sys_permission_tb ORDER BY sort_no ASC,id ASC
[2026-09-12 21:59:19.423] [gas-forecast] [] [] [c.g.f.d.m.S.selectList] [http-nio-8080-exec-2] [DEBUG] - ==> Parameters: 
[2026-09-12 21:59:19.426] [gas-forecast] [] [] [c.g.f.d.m.S.selectList] [http-nio-8080-exec-2] [DEBUG] - <==      Total: 46
[2026-09-12 21:59:19.429] [gas-forecast] [] [] [c.g.f.d.m.S.selectByUsername] [http-nio-8080-exec-1] [DEBUG] - <==      Total: 46
[2026-09-12 21:59:19.454] [gas-forecast] [] [] [c.g.f.d.m.S.selectByUsername] [http-nio-8080-exec-3] [DEBUG] - ==>  Preparing: select distinct p.* from sys_permission_tb p where p.status = 1 and ( exists ( select 1 from sys_user_tb u join sys_user_role_ref ur on ur.user_id = u.id join sys_role_permission_ref rp on rp.role_id = ur.role_id where rp.permission_id = p.id and u.username = ? and u.deleted = 0 ) or exists ( select 1 from sys_user_tb u join sys_user_department_ref ud on ud.user_id = u.id join sys_department_permission_ref dp on dp.department_id = ud.department_id where dp.permission_id = p.id and u.username = ? and u.deleted = 0 ) ) order by p.sort_no, p.id
[2026-09-12 21:59:19.454] [gas-forecast] [] [] [c.g.f.d.m.S.selectByUsername] [http-nio-8080-exec-3] [DEBUG] - ==> Parameters: admin(String), admin(String)
[2026-09-12 21:59:19.457] [gas-forecast] [] [] [c.g.f.d.m.S.selectByUsername] [http-nio-8080-exec-3] [DEBUG] - <==      Total: 46
[2026-09-12 21:59:19.468] [gas-forecast] [] [] [c.g.f.d.m.S.selectList] [http-nio-8080-exec-3] [DEBUG] - ==>  Preparing: SELECT id,role_id,permission_id FROM sys_role_permission_ref
[2026-09-12 21:59:19.468] [gas-forecast] [] [] [c.g.f.d.m.S.selectList] [http-nio-8080-exec-3] [DEBUG] - ==> Parameters: 
[2026-09-12 21:59:19.470] [gas-forecast] [] [] [c.g.f.d.m.S.selectList] [http-nio-8080-exec-3] [DEBUG] - <==      Total: 46
[2026-09-12 21:59:19.470] [gas-forecast] [] [] [c.g.f.d.m.SysRoleTbMapper.selectList] [http-nio-8080-exec-3] [DEBUG] - ==>  Preparing: SELECT id,role_code,role_name,description,created_at,updated_at FROM sys_role_tb ORDER BY id ASC
[2026-09-12 21:59:19.470] [gas-forecast] [] [] [c.g.f.d.m.SysRoleTbMapper.selectList] [http-nio-8080-exec-3] [DEBUG] - ==> Parameters: 
[2026-09-12 21:59:19.471] [gas-forecast] [] [] [c.g.f.d.m.SysRoleTbMapper.selectList] [http-nio-8080-exec-3] [DEBUG] - <==      Total: 1
[2026-09-12 21:59:19.797] [gas-forecast] [] [] [c.g.f.d.m.SysUserTbMapper.selectList] [http-nio-8080-exec-4] [DEBUG] - ==>  Preparing: SELECT id,username,real_name,password_hash,password_salt,avatar,email,phone,org_code,status,deleted,created_at,updated_at FROM sys_user_tb WHERE (username = ? AND deleted = ?)
[2026-09-12 21:59:19.798] [gas-forecast] [] [] [c.g.f.d.m.SysUserTbMapper.selectList] [http-nio-8080-exec-4] [DEBUG] - ==> Parameters: admin(String), 0(Integer)
[2026-09-12 21:59:19.799] [gas-forecast] [] [] [c.g.f.d.m.SysUserTbMapper.selectList] [http-nio-8080-exec-4] [DEBUG] - <==      Total: 1
[2026-09-12 21:59:19.800] [gas-forecast] [] [] [c.g.f.d.m.S.selectRoleCodesByUsername] [http-nio-8080-exec-4] [DEBUG] - ==>  Preparing: select r.role_code from sys_user_tb u join sys_user_role_ref ur on ur.user_id = u.id join sys_role_tb r on r.id = ur.role_id where u.username = ? order by r.role_code
[2026-09-12 21:59:19.800] [gas-forecast] [] [] [c.g.f.d.m.S.selectRoleCodesByUsername] [http-nio-8080-exec-4] [DEBUG] - ==> Parameters: admin(String)
[2026-09-12 21:59:19.801] [gas-forecast] [] [] [c.g.f.d.m.S.selectRoleCodesByUsername] [http-nio-8080-exec-4] [DEBUG] - <==      Total: 1
[2026-09-12 21:59:19.801] [gas-forecast] [] [] [c.g.f.d.m.S.selectByUsername] [http-nio-8080-exec-4] [DEBUG] - ==>  Preparing: select distinct p.* from sys_permission_tb p where p.status = 1 and ( exists ( select 1 from sys_user_tb u join sys_user_role_ref ur on ur.user_id = u.id join sys_role_permission_ref rp on rp.role_id = ur.role_id where rp.permission_id = p.id and u.username = ? and u.deleted = 0 ) or exists ( select 1 from sys_user_tb u join sys_user_department_ref ud on ud.user_id = u.id join sys_department_permission_ref dp on dp.department_id = ud.department_id where dp.permission_id = p.id and u.username = ? and u.deleted = 0 ) ) order by p.sort_no, p.id
[2026-09-12 21:59:19.802] [gas-forecast] [] [] [c.g.f.d.m.S.selectByUsername] [http-nio-8080-exec-4] [DEBUG] - ==> Parameters: admin(String), admin(String)
[2026-09-12 21:59:19.805] [gas-forecast] [] [] [c.g.f.d.m.S.selectByUsername] [http-nio-8080-exec-4] [DEBUG] - <==      Total: 46
[2026-09-12 21:59:19.816] [gas-forecast] [] [] [c.g.f.d.m.S.selectByUsername] [http-nio-8080-exec-5] [DEBUG] - ==>  Preparing: select distinct p.* from sys_permission_tb p where p.status = 1 and ( exists ( select 1 from sys_user_tb u join sys_user_role_ref ur on ur.user_id = u.id join sys_role_permission_ref rp on rp.role_id = ur.role_id where rp.permission_id = p.id and u.username = ? and u.deleted = 0 ) or exists ( select 1 from sys_user_tb u join sys_user_department_ref ud on ud.user_id = u.id join sys_department_permission_ref dp on dp.department_id = ud.department_id where dp.permission_id = p.id and u.username = ? and u.deleted = 0 ) ) order by p.sort_no, p.id
[2026-09-12 21:59:19.816] [gas-forecast] [] [] [c.g.f.d.m.S.selectByUsername] [http-nio-8080-exec-5] [DEBUG] - ==> Parameters: admin(String), admin(String)
[2026-09-12 21:59:19.818] [gas-forecast] [] [] [c.g.f.d.m.S.selectByUsername] [http-nio-8080-exec-5] [DEBUG] - <==      Total: 46
[2026-09-12 21:59:19.819] [gas-forecast] [] [] [c.g.f.d.m.SysRoleTbMapper.selectList] [http-nio-8080-exec-5] [DEBUG] - ==>  Preparing: SELECT id,role_code,role_name,description,created_at,updated_at FROM sys_role_tb ORDER BY id ASC
[2026-09-12 21:59:19.819] [gas-forecast] [] [] [c.g.f.d.m.SysRoleTbMapper.selectList] [http-nio-8080-exec-5] [DEBUG] - ==> Parameters: 
[2026-09-12 21:59:19.820] [gas-forecast] [] [] [c.g.f.d.m.SysRoleTbMapper.selectList] [http-nio-8080-exec-5] [DEBUG] - <==      Total: 1
[2026-09-12 21:59:19.820] [gas-forecast] [] [] [c.g.f.d.m.S.selectList] [http-nio-8080-exec-5] [DEBUG] - ==>  Preparing: SELECT id,parent_id,department_name,org_code,sort_no,status,created_at,updated_at FROM sys_department_tb ORDER BY sort_no ASC,id ASC
[2026-09-12 21:59:19.820] [gas-forecast] [] [] [c.g.f.d.m.S.selectList] [http-nio-8080-exec-5] [DEBUG] - ==> Parameters: 
[2026-09-12 21:59:19.820] [gas-forecast] [] [] [c.g.f.d.m.S.selectList] [http-nio-8080-exec-5] [DEBUG] - <==      Total: 7
[2026-09-12 21:59:19.821] [gas-forecast] [] [] [c.g.f.d.m.S.selectList] [http-nio-8080-exec-5] [DEBUG] - ==>  Preparing: SELECT id,parent_id,permission_name,path,component,permission_type,perms,icon,sort_no,hidden,status,created_at,updated_at FROM sys_permission_tb ORDER BY sort_no ASC,id ASC
[2026-09-12 21:59:19.821] [gas-forecast] [] [] [c.g.f.d.m.S.selectList] [http-nio-8080-exec-5] [DEBUG] - ==> Parameters: 
[2026-09-12 21:59:19.822] [gas-forecast] [] [] [c.g.f.d.m.S.selectList] [http-nio-8080-exec-5] [DEBUG] - <==      Total: 46
[2026-09-12 21:59:19.826] [gas-forecast] [] [] [c.g.f.d.m.S.selectByUsername] [http-nio-8080-exec-6] [DEBUG] - ==>  Preparing: select distinct p.* from sys_permission_tb p where p.status = 1 and ( exists ( select 1 from sys_user_tb u join sys_user_role_ref ur on ur.user_id = u.id join sys_role_permission_ref rp on rp.role_id = ur.role_id where rp.permission_id = p.id and u.username = ? and u.deleted = 0 ) or exists ( select 1 from sys_user_tb u join sys_user_department_ref ud on ud.user_id = u.id join sys_department_permission_ref dp on dp.department_id = ud.department_id where dp.permission_id = p.id and u.username = ? and u.deleted = 0 ) ) order by p.sort_no, p.id
[2026-09-12 21:59:19.826] [gas-forecast] [] [] [c.g.f.d.m.S.selectByUsername] [http-nio-8080-exec-6] [DEBUG] - ==> Parameters: admin(String), admin(String)
[2026-09-12 21:59:19.828] [gas-forecast] [] [] [c.g.f.d.m.S.selectByUsername] [http-nio-8080-exec-6] [DEBUG] - <==      Total: 46
[2026-09-12 21:59:19.828] [gas-forecast] [] [] [c.g.f.d.m.S.selectList] [http-nio-8080-exec-6] [DEBUG] - ==>  Preparing: SELECT id,role_id,permission_id FROM sys_role_permission_ref
[2026-09-12 21:59:19.829] [gas-forecast] [] [] [c.g.f.d.m.S.selectList] [http-nio-8080-exec-6] [DEBUG] - ==> Parameters: 
[2026-09-12 21:59:19.829] [gas-forecast] [] [] [c.g.f.d.m.S.selectList] [http-nio-8080-exec-6] [DEBUG] - <==      Total: 46
[2026-09-12 21:59:19.829] [gas-forecast] [] [] [c.g.f.d.m.SysRoleTbMapper.selectList] [http-nio-8080-exec-6] [DEBUG] - ==>  Preparing: SELECT id,role_code,role_name,description,created_at,updated_at FROM sys_role_tb ORDER BY id ASC
[2026-09-12 21:59:19.829] [gas-forecast] [] [] [c.g.f.d.m.SysRoleTbMapper.selectList] [http-nio-8080-exec-6] [DEBUG] - ==> Parameters: 
[2026-09-12 21:59:19.830] [gas-forecast] [] [] [c.g.f.d.m.SysRoleTbMapper.selectList] [http-nio-8080-exec-6] [DEBUG] - <==      Total: 1
[2026-09-12 21:59:20.038] [gas-forecast] [] [] [c.g.f.d.m.SysUserTbMapper.selectList] [http-nio-8080-exec-7] [DEBUG] - ==>  Preparing: SELECT id,username,real_name,password_hash,password_salt,avatar,email,phone,org_code,status,deleted,created_at,updated_at FROM sys_user_tb WHERE (username = ? AND deleted = ?)
[2026-09-12 21:59:20.039] [gas-forecast] [] [] [c.g.f.d.m.SysUserTbMapper.selectList] [http-nio-8080-exec-7] [DEBUG] - ==> Parameters: admin(String), 0(Integer)
[2026-09-12 21:59:20.040] [gas-forecast] [] [] [c.g.f.d.m.SysUserTbMapper.selectList] [http-nio-8080-exec-7] [DEBUG] - <==      Total: 1
[2026-09-12 21:59:20.041] [gas-forecast] [] [] [c.g.f.d.m.S.selectRoleCodesByUsername] [http-nio-8080-exec-7] [DEBUG] - ==>  Preparing: select r.role_code from sys_user_tb u join sys_user_role_ref ur on ur.user_id = u.id join sys_role_tb r on r.id = ur.role_id where u.username = ? order by r.role_code
[2026-09-12 21:59:20.041] [gas-forecast] [] [] [c.g.f.d.m.S.selectRoleCodesByUsername] [http-nio-8080-exec-7] [DEBUG] - ==> Parameters: admin(String)
[2026-09-12 21:59:20.042] [gas-forecast] [] [] [c.g.f.d.m.S.selectRoleCodesByUsername] [http-nio-8080-exec-7] [DEBUG] - <==      Total: 1
[2026-09-12 21:59:20.043] [gas-forecast] [] [] [c.g.f.d.m.S.selectByUsername] [http-nio-8080-exec-7] [DEBUG] - ==>  Preparing: select distinct p.* from sys_permission_tb p where p.status = 1 and ( exists ( select 1 from sys_user_tb u join sys_user_role_ref ur on ur.user_id = u.id join sys_role_permission_ref rp on rp.role_id = ur.role_id where rp.permission_id = p.id and u.username = ? and u.deleted = 0 ) or exists ( select 1 from sys_user_tb u join sys_user_department_ref ud on ud.user_id = u.id join sys_department_permission_ref dp on dp.department_id = ud.department_id where dp.permission_id = p.id and u.username = ? and u.deleted = 0 ) ) order by p.sort_no, p.id
[2026-09-12 21:59:20.043] [gas-forecast] [] [] [c.g.f.d.m.S.selectByUsername] [http-nio-8080-exec-7] [DEBUG] - ==> Parameters: admin(String), admin(String)
[2026-09-12 21:59:20.046] [gas-forecast] [] [] [c.g.f.d.m.S.selectByUsername] [http-nio-8080-exec-7] [DEBUG] - <==      Total: 46
[2026-09-12 21:59:20.056] [gas-forecast] [] [] [c.g.f.d.m.S.selectByUsername] [http-nio-8080-exec-8] [DEBUG] - ==>  Preparing: select distinct p.* from sys_permission_tb p where p.status = 1 and ( exists ( select 1 from sys_user_tb u join sys_user_role_ref ur on ur.user_id = u.id join sys_role_permission_ref rp on rp.role_id = ur.role_id where rp.permission_id = p.id and u.username = ? and u.deleted = 0 ) or exists ( select 1 from sys_user_tb u join sys_user_department_ref ud on ud.user_id = u.id join sys_department_permission_ref dp on dp.department_id = ud.department_id where dp.permission_id = p.id and u.username = ? and u.deleted = 0 ) ) order by p.sort_no, p.id
[2026-09-12 21:59:20.057] [gas-forecast] [] [] [c.g.f.d.m.S.selectByUsername] [http-nio-8080-exec-8] [DEBUG] - ==> Parameters: admin(String), admin(String)
[2026-09-12 21:59:20.058] [gas-forecast] [] [] [c.g.f.d.m.S.selectByUsername] [http-nio-8080-exec-8] [DEBUG] - <==      Total: 46
[2026-09-12 21:59:20.059] [gas-forecast] [] [] [c.g.f.d.m.SysRoleTbMapper.selectList] [http-nio-8080-exec-8] [DEBUG] - ==>  Preparing: SELECT id,role_code,role_name,description,created_at,updated_at FROM sys_role_tb ORDER BY id ASC
[2026-09-12 21:59:20.060] [gas-forecast] [] [] [c.g.f.d.m.SysRoleTbMapper.selectList] [http-nio-8080-exec-8] [DEBUG] - ==> Parameters: 
[2026-09-12 21:59:20.060] [gas-forecast] [] [] [c.g.f.d.m.SysRoleTbMapper.selectList] [http-nio-8080-exec-8] [DEBUG] - <==      Total: 1
[2026-09-12 21:59:20.061] [gas-forecast] [] [] [c.g.f.d.m.S.selectList] [http-nio-8080-exec-8] [DEBUG] - ==>  Preparing: SELECT id,parent_id,department_name,org_code,sort_no,status,created_at,updated_at FROM sys_department_tb ORDER BY sort_no ASC,id ASC
[2026-09-12 21:59:20.061] [gas-forecast] [] [] [c.g.f.d.m.S.selectList] [http-nio-8080-exec-8] [DEBUG] - ==> Parameters: 
[2026-09-12 21:59:20.061] [gas-forecast] [] [] [c.g.f.d.m.S.selectList] [http-nio-8080-exec-8] [DEBUG] - <==      Total: 7
[2026-09-12 21:59:20.061] [gas-forecast] [] [] [c.g.f.d.m.S.selectList] [http-nio-8080-exec-8] [DEBUG] - ==>  Preparing: SELECT id,parent_id,permission_name,path,component,permission_type,perms,icon,sort_no,hidden,status,created_at,updated_at FROM sys_permission_tb ORDER BY sort_no ASC,id ASC
[2026-09-12 21:59:20.061] [gas-forecast] [] [] [c.g.f.d.m.S.selectList] [http-nio-8080-exec-8] [DEBUG] - ==> Parameters: 
[2026-09-12 21:59:20.062] [gas-forecast] [] [] [c.g.f.d.m.S.selectList] [http-nio-8080-exec-8] [DEBUG] - <==      Total: 46
[2026-09-12 21:59:20.067] [gas-forecast] [] [] [c.g.f.d.m.S.selectByUsername] [http-nio-8080-exec-9] [DEBUG] - ==>  Preparing: select distinct p.* from sys_permission_tb p where p.status = 1 and ( exists ( select 1 from sys_user_tb u join sys_user_role_ref ur on ur.user_id = u.id join sys_role_permission_ref rp on rp.role_id = ur.role_id where rp.permission_id = p.id and u.username = ? and u.deleted = 0 ) or exists ( select 1 from sys_user_tb u join sys_user_department_ref ud on ud.user_id = u.id join sys_department_permission_ref dp on dp.department_id = ud.department_id where dp.permission_id = p.id and u.username = ? and u.deleted = 0 ) ) order by p.sort_no, p.id
[2026-09-12 21:59:20.067] [gas-forecast] [] [] [c.g.f.d.m.S.selectByUsername] [http-nio-8080-exec-9] [DEBUG] - ==> Parameters: admin(String), admin(String)
[2026-09-12 21:59:20.068] [gas-forecast] [] [] [c.g.f.d.m.S.selectByUsername] [http-nio-8080-exec-9] [DEBUG] - <==      Total: 46
[2026-09-12 21:59:20.069] [gas-forecast] [] [] [c.g.f.d.m.S.selectList] [http-nio-8080-exec-9] [DEBUG] - ==>  Preparing: SELECT id,role_id,permission_id FROM sys_role_permission_ref
[2026-09-12 21:59:20.069] [gas-forecast] [] [] [c.g.f.d.m.S.selectList] [http-nio-8080-exec-9] [DEBUG] - ==> Parameters: 
[2026-09-12 21:59:20.070] [gas-forecast] [] [] [c.g.f.d.m.S.selectList] [http-nio-8080-exec-9] [DEBUG] - <==      Total: 46
[2026-09-12 21:59:20.070] [gas-forecast] [] [] [c.g.f.d.m.SysRoleTbMapper.selectList] [http-nio-8080-exec-9] [DEBUG] - ==>  Preparing: SELECT id,role_code,role_name,description,created_at,updated_at FROM sys_role_tb ORDER BY id ASC
[2026-09-12 21:59:20.070] [gas-forecast] [] [] [c.g.f.d.m.SysRoleTbMapper.selectList] [http-nio-8080-exec-9] [DEBUG] - ==> Parameters: 
[2026-09-12 21:59:20.071] [gas-forecast] [] [] [c.g.f.d.m.SysRoleTbMapper.selectList] [http-nio-8080-exec-9] [DEBUG] - <==      Total: 1
[2026-09-12 22:02:01.904] [gas-forecast] [] [] [c.g.f.d.m.S.selectByUsername] [http-nio-8080-exec-10] [DEBUG] - ==>  Preparing: select distinct p.* from sys_permission_tb p where p.status = 1 and ( exists ( select 1 from sys_user_tb u join sys_user_role_ref ur on ur.user_id = u.id join sys_role_permission_ref rp on rp.role_id = ur.role_id where rp.permission_id = p.id and u.username = ? and u.deleted = 0 ) or exists ( select 1 from sys_user_tb u join sys_user_department_ref ud on ud.user_id = u.id join sys_department_permission_ref dp on dp.department_id = ud.department_id where dp.permission_id = p.id and u.username = ? and u.deleted = 0 ) ) order by p.sort_no, p.id
[2026-09-12 22:02:01.904] [gas-forecast] [] [] [c.g.f.d.m.S.selectByUsername] [http-nio-8080-exec-10] [DEBUG] - ==> Parameters: admin(String), admin(String)
[2026-09-12 22:02:01.908] [gas-forecast] [] [] [c.g.f.d.m.S.selectByUsername] [http-nio-8080-exec-10] [DEBUG] - <==      Total: 46
[2026-09-12 22:02:01.909] [gas-forecast] [] [] [c.g.f.d.m.SysRoleTbMapper.selectList] [http-nio-8080-exec-10] [DEBUG] - ==>  Preparing: SELECT id,role_code,role_name,description,created_at,updated_at FROM sys_role_tb ORDER BY id ASC
[2026-09-12 22:02:01.909] [gas-forecast] [] [] [c.g.f.d.m.SysRoleTbMapper.selectList] [http-nio-8080-exec-10] [DEBUG] - ==> Parameters: 
[2026-09-12 22:02:01.910] [gas-forecast] [] [] [c.g.f.d.m.SysRoleTbMapper.selectList] [http-nio-8080-exec-10] [DEBUG] - <==      Total: 1
[2026-09-12 22:02:01.910] [gas-forecast] [] [] [c.g.f.d.m.S.selectList] [http-nio-8080-exec-10] [DEBUG] - ==>  Preparing: SELECT id,parent_id,department_name,org_code,sort_no,status,created_at,updated_at FROM sys_department_tb ORDER BY sort_no ASC,id ASC
[2026-09-12 22:02:01.910] [gas-forecast] [] [] [c.g.f.d.m.S.selectList] [http-nio-8080-exec-10] [DEBUG] - ==> Parameters: 
[2026-09-12 22:02:01.911] [gas-forecast] [] [] [c.g.f.d.m.S.selectList] [http-nio-8080-exec-10] [DEBUG] - <==      Total: 7
[2026-09-12 22:02:01.911] [gas-forecast] [] [] [c.g.f.d.m.S.selectList] [http-nio-8080-exec-10] [DEBUG] - ==>  Preparing: SELECT id,parent_id,permission_name,path,component,permission_type,perms,icon,sort_no,hidden,status,created_at,updated_at FROM sys_permission_tb ORDER BY sort_no ASC,id ASC
[2026-09-12 22:02:01.911] [gas-forecast] [] [] [c.g.f.d.m.S.selectList] [http-nio-8080-exec-10] [DEBUG] - ==> Parameters: 
[2026-09-12 22:02:01.913] [gas-forecast] [] [] [c.g.f.d.m.S.selectList] [http-nio-8080-exec-10] [DEBUG] - <==      Total: 46
[2026-09-12 22:02:01.918] [gas-forecast] [] [] [c.g.f.d.m.S.selectByUsername] [http-nio-8080-exec-1] [DEBUG] - ==>  Preparing: select distinct p.* from sys_permission_tb p where p.status = 1 and ( exists ( select 1 from sys_user_tb u join sys_user_role_ref ur on ur.user_id = u.id join sys_role_permission_ref rp on rp.role_id = ur.role_id where rp.permission_id = p.id and u.username = ? and u.deleted = 0 ) or exists ( select 1 from sys_user_tb u join sys_user_department_ref ud on ud.user_id = u.id join sys_department_permission_ref dp on dp.department_id = ud.department_id where dp.permission_id = p.id and u.username = ? and u.deleted = 0 ) ) order by p.sort_no, p.id
[2026-09-12 22:02:01.918] [gas-forecast] [] [] [c.g.f.d.m.S.selectByUsername] [http-nio-8080-exec-1] [DEBUG] - ==> Parameters: admin(String), admin(String)
[2026-09-12 22:02:01.921] [gas-forecast] [] [] [c.g.f.d.m.S.selectByUsername] [http-nio-8080-exec-1] [DEBUG] - <==      Total: 46
[2026-09-12 22:02:01.922] [gas-forecast] [] [] [c.g.f.d.m.S.selectList] [http-nio-8080-exec-1] [DEBUG] - ==>  Preparing: SELECT id,role_id,permission_id FROM sys_role_permission_ref
[2026-09-12 22:02:01.922] [gas-forecast] [] [] [c.g.f.d.m.S.selectList] [http-nio-8080-exec-1] [DEBUG] - ==> Parameters: 
[2026-09-12 22:02:01.923] [gas-forecast] [] [] [c.g.f.d.m.S.selectList] [http-nio-8080-exec-1] [DEBUG] - <==      Total: 46
[2026-09-12 22:02:01.923] [gas-forecast] [] [] [c.g.f.d.m.SysRoleTbMapper.selectList] [http-nio-8080-exec-1] [DEBUG] - ==>  Preparing: SELECT id,role_code,role_name,description,created_at,updated_at FROM sys_role_tb ORDER BY id ASC
[2026-09-12 22:02:01.923] [gas-forecast] [] [] [c.g.f.d.m.SysRoleTbMapper.selectList] [http-nio-8080-exec-1] [DEBUG] - ==> Parameters: 
[2026-09-12 22:02:01.923] [gas-forecast] [] [] [c.g.f.d.m.SysRoleTbMapper.selectList] [http-nio-8080-exec-1] [DEBUG] - <==      Total: 1
[2026-09-12 22:04:08.636] [gas-forecast] [] [] [c.g.f.d.m.S.selectByUsername] [http-nio-8080-exec-2] [DEBUG] - ==>  Preparing: select distinct p.* from sys_permission_tb p where p.status = 1 and ( exists ( select 1 from sys_user_tb u join sys_user_role_ref ur on ur.user_id = u.id join sys_role_permission_ref rp on rp.role_id = ur.role_id where rp.permission_id = p.id and u.username = ? and u.deleted = 0 ) or exists ( select 1 from sys_user_tb u join sys_user_department_ref ud on ud.user_id = u.id join sys_department_permission_ref dp on dp.department_id = ud.department_id where dp.permission_id = p.id and u.username = ? and u.deleted = 0 ) ) order by p.sort_no, p.id
[2026-09-12 22:04:08.637] [gas-forecast] [] [] [c.g.f.d.m.SysUserTbMapper.selectList] [http-nio-8080-exec-1] [DEBUG] - ==>  Preparing: SELECT id,username,real_name,password_hash,password_salt,avatar,email,phone,org_code,status,deleted,created_at,updated_at FROM sys_user_tb WHERE (username = ? AND deleted = ?)
[2026-09-12 22:04:08.647] [gas-forecast] [] [] [c.g.f.d.m.S.selectByUsername] [http-nio-8080-exec-2] [DEBUG] - ==> Parameters: admin(String), admin(String)
[2026-09-12 22:04:08.648] [gas-forecast] [] [] [c.g.f.d.m.SysUserTbMapper.selectList] [http-nio-8080-exec-1] [DEBUG] - ==> Parameters: admin(String), 0(Integer)
[2026-09-12 22:04:08.662] [gas-forecast] [] [] [c.g.f.d.m.SysUserTbMapper.selectList] [http-nio-8080-exec-1] [DEBUG] - <==      Total: 1
[2026-09-12 22:04:08.664] [gas-forecast] [] [] [c.g.f.d.m.S.selectRoleCodesByUsername] [http-nio-8080-exec-1] [DEBUG] - ==>  Preparing: select r.role_code from sys_user_tb u join sys_user_role_ref ur on ur.user_id = u.id join sys_role_tb r on r.id = ur.role_id where u.username = ? order by r.role_code
[2026-09-12 22:04:08.665] [gas-forecast] [] [] [c.g.f.d.m.S.selectRoleCodesByUsername] [http-nio-8080-exec-1] [DEBUG] - ==> Parameters: admin(String)
[2026-09-12 22:04:08.665] [gas-forecast] [] [] [c.g.f.d.m.S.selectByUsername] [http-nio-8080-exec-2] [DEBUG] - <==      Total: 46
[2026-09-12 22:04:08.666] [gas-forecast] [] [] [c.g.f.d.m.S.selectRoleCodesByUsername] [http-nio-8080-exec-1] [DEBUG] - <==      Total: 1
[2026-09-12 22:04:08.666] [gas-forecast] [] [] [c.g.f.d.m.S.selectByUsername] [http-nio-8080-exec-1] [DEBUG] - ==>  Preparing: select distinct p.* from sys_permission_tb p where p.status = 1 and ( exists ( select 1 from sys_user_tb u join sys_user_role_ref ur on ur.user_id = u.id join sys_role_permission_ref rp on rp.role_id = ur.role_id where rp.permission_id = p.id and u.username = ? and u.deleted = 0 ) or exists ( select 1 from sys_user_tb u join sys_user_department_ref ud on ud.user_id = u.id join sys_department_permission_ref dp on dp.department_id = ud.department_id where dp.permission_id = p.id and u.username = ? and u.deleted = 0 ) ) order by p.sort_no, p.id
[2026-09-12 22:04:08.666] [gas-forecast] [] [] [c.g.f.d.m.S.selectByUsername] [http-nio-8080-exec-1] [DEBUG] - ==> Parameters: admin(String), admin(String)
[2026-09-12 22:04:08.667] [gas-forecast] [] [] [c.g.f.d.m.SysRoleTbMapper.selectList] [http-nio-8080-exec-2] [DEBUG] - ==>  Preparing: SELECT id,role_code,role_name,description,created_at,updated_at FROM sys_role_tb ORDER BY id ASC
[2026-09-12 22:04:08.667] [gas-forecast] [] [] [c.g.f.d.m.SysRoleTbMapper.selectList] [http-nio-8080-exec-2] [DEBUG] - ==> Parameters: 
[2026-09-12 22:04:08.668] [gas-forecast] [] [] [c.g.f.d.m.SysRoleTbMapper.selectList] [http-nio-8080-exec-2] [DEBUG] - <==      Total: 1
[2026-09-12 22:04:08.669] [gas-forecast] [] [] [c.g.f.d.m.S.selectList] [http-nio-8080-exec-2] [DEBUG] - ==>  Preparing: SELECT id,parent_id,department_name,org_code,sort_no,status,created_at,updated_at FROM sys_department_tb ORDER BY sort_no ASC,id ASC
[2026-09-12 22:04:08.669] [gas-forecast] [] [] [c.g.f.d.m.S.selectList] [http-nio-8080-exec-2] [DEBUG] - ==> Parameters: 
[2026-09-12 22:04:08.670] [gas-forecast] [] [] [c.g.f.d.m.S.selectList] [http-nio-8080-exec-2] [DEBUG] - <==      Total: 7
[2026-09-12 22:04:08.670] [gas-forecast] [] [] [c.g.f.d.m.S.selectList] [http-nio-8080-exec-2] [DEBUG] - ==>  Preparing: SELECT id,parent_id,permission_name,path,component,permission_type,perms,icon,sort_no,hidden,status,created_at,updated_at FROM sys_permission_tb ORDER BY sort_no ASC,id ASC
[2026-09-12 22:04:08.670] [gas-forecast] [] [] [c.g.f.d.m.S.selectByUsername] [http-nio-8080-exec-1] [DEBUG] - <==      Total: 46
[2026-09-12 22:04:08.670] [gas-forecast] [] [] [c.g.f.d.m.S.selectList] [http-nio-8080-exec-2] [DEBUG] - ==> Parameters: 
[2026-09-12 22:04:08.674] [gas-forecast] [] [] [c.g.f.d.m.S.selectList] [http-nio-8080-exec-2] [DEBUG] - <==      Total: 46
[2026-09-12 22:04:08.699] [gas-forecast] [] [] [c.g.f.d.m.S.selectByUsername] [http-nio-8080-exec-3] [DEBUG] - ==>  Preparing: select distinct p.* from sys_permission_tb p where p.status = 1 and ( exists ( select 1 from sys_user_tb u join sys_user_role_ref ur on ur.user_id = u.id join sys_role_permission_ref rp on rp.role_id = ur.role_id where rp.permission_id = p.id and u.username = ? and u.deleted = 0 ) or exists ( select 1 from sys_user_tb u join sys_user_department_ref ud on ud.user_id = u.id join sys_department_permission_ref dp on dp.department_id = ud.department_id where dp.permission_id = p.id and u.username = ? and u.deleted = 0 ) ) order by p.sort_no, p.id
[2026-09-12 22:04:08.700] [gas-forecast] [] [] [c.g.f.d.m.S.selectByUsername] [http-nio-8080-exec-3] [DEBUG] - ==> Parameters: admin(String), admin(String)
[2026-09-12 22:04:08.702] [gas-forecast] [] [] [c.g.f.d.m.S.selectByUsername] [http-nio-8080-exec-3] [DEBUG] - <==      Total: 46
[2026-09-12 22:04:08.714] [gas-forecast] [] [] [c.g.f.d.m.S.selectList] [http-nio-8080-exec-3] [DEBUG] - ==>  Preparing: SELECT id,role_id,permission_id FROM sys_role_permission_ref
[2026-09-12 22:04:08.714] [gas-forecast] [] [] [c.g.f.d.m.S.selectList] [http-nio-8080-exec-3] [DEBUG] - ==> Parameters: 
[2026-09-12 22:04:08.715] [gas-forecast] [] [] [c.g.f.d.m.S.selectList] [http-nio-8080-exec-3] [DEBUG] - <==      Total: 46
[2026-09-12 22:04:08.716] [gas-forecast] [] [] [c.g.f.d.m.SysRoleTbMapper.selectList] [http-nio-8080-exec-3] [DEBUG] - ==>  Preparing: SELECT id,role_code,role_name,description,created_at,updated_at FROM sys_role_tb ORDER BY id ASC
[2026-09-12 22:04:08.716] [gas-forecast] [] [] [c.g.f.d.m.SysRoleTbMapper.selectList] [http-nio-8080-exec-3] [DEBUG] - ==> Parameters: 
[2026-09-12 22:04:08.717] [gas-forecast] [] [] [c.g.f.d.m.SysRoleTbMapper.selectList] [http-nio-8080-exec-3] [DEBUG] - <==      Total: 1
[2026-09-12 22:05:39.635] [gas-forecast] [] [] [c.g.f.d.m.S.selectByUsername] [http-nio-8080-exec-4] [DEBUG] - ==>  Preparing: select distinct p.* from sys_permission_tb p where p.status = 1 and ( exists ( select 1 from sys_user_tb u join sys_user_role_ref ur on ur.user_id = u.id join sys_role_permission_ref rp on rp.role_id = ur.role_id where rp.permission_id = p.id and u.username = ? and u.deleted = 0 ) or exists ( select 1 from sys_user_tb u join sys_user_department_ref ud on ud.user_id = u.id join sys_department_permission_ref dp on dp.department_id = ud.department_id where dp.permission_id = p.id and u.username = ? and u.deleted = 0 ) ) order by p.sort_no, p.id
[2026-09-12 22:05:39.635] [gas-forecast] [] [] [c.g.f.d.m.S.selectByUsername] [http-nio-8080-exec-4] [DEBUG] - ==> Parameters: admin(String), admin(String)
[2026-09-12 22:05:39.645] [gas-forecast] [] [] [c.g.f.d.m.S.selectByUsername] [http-nio-8080-exec-4] [DEBUG] - <==      Total: 46
[2026-09-12 22:05:39.646] [gas-forecast] [] [] [c.g.f.d.m.SysRoleTbMapper.selectList] [http-nio-8080-exec-4] [DEBUG] - ==>  Preparing: SELECT id,role_code,role_name,description,created_at,updated_at FROM sys_role_tb ORDER BY id ASC
[2026-09-12 22:05:39.646] [gas-forecast] [] [] [c.g.f.d.m.SysRoleTbMapper.selectList] [http-nio-8080-exec-4] [DEBUG] - ==> Parameters: 
[2026-09-12 22:05:39.647] [gas-forecast] [] [] [c.g.f.d.m.SysRoleTbMapper.selectList] [http-nio-8080-exec-4] [DEBUG] - <==      Total: 1
[2026-09-12 22:05:39.647] [gas-forecast] [] [] [c.g.f.d.m.S.selectList] [http-nio-8080-exec-4] [DEBUG] - ==>  Preparing: SELECT id,parent_id,department_name,org_code,sort_no,status,created_at,updated_at FROM sys_department_tb ORDER BY sort_no ASC,id ASC
[2026-09-12 22:05:39.647] [gas-forecast] [] [] [c.g.f.d.m.S.selectList] [http-nio-8080-exec-4] [DEBUG] - ==> Parameters: 
[2026-09-12 22:05:39.648] [gas-forecast] [] [] [c.g.f.d.m.S.selectList] [http-nio-8080-exec-4] [DEBUG] - <==      Total: 7
[2026-09-12 22:05:39.648] [gas-forecast] [] [] [c.g.f.d.m.S.selectList] [http-nio-8080-exec-4] [DEBUG] - ==>  Preparing: SELECT id,parent_id,permission_name,path,component,permission_type,perms,icon,sort_no,hidden,status,created_at,updated_at FROM sys_permission_tb ORDER BY sort_no ASC,id ASC
[2026-09-12 22:05:39.649] [gas-forecast] [] [] [c.g.f.d.m.S.selectList] [http-nio-8080-exec-4] [DEBUG] - ==> Parameters: 
[2026-09-12 22:05:39.650] [gas-forecast] [] [] [c.g.f.d.m.S.selectList] [http-nio-8080-exec-4] [DEBUG] - <==      Total: 46
[2026-09-12 22:05:39.654] [gas-forecast] [] [] [c.g.f.d.m.S.selectByUsername] [http-nio-8080-exec-5] [DEBUG] - ==>  Preparing: select distinct p.* from sys_permission_tb p where p.status = 1 and ( exists ( select 1 from sys_user_tb u join sys_user_role_ref ur on ur.user_id = u.id join sys_role_permission_ref rp on rp.role_id = ur.role_id where rp.permission_id = p.id and u.username = ? and u.deleted = 0 ) or exists ( select 1 from sys_user_tb u join sys_user_department_ref ud on ud.user_id = u.id join sys_department_permission_ref dp on dp.department_id = ud.department_id where dp.permission_id = p.id and u.username = ? and u.deleted = 0 ) ) order by p.sort_no, p.id
[2026-09-12 22:05:39.654] [gas-forecast] [] [] [c.g.f.d.m.S.selectByUsername] [http-nio-8080-exec-5] [DEBUG] - ==> Parameters: admin(String), admin(String)
[2026-09-12 22:05:39.656] [gas-forecast] [] [] [c.g.f.d.m.S.selectByUsername] [http-nio-8080-exec-5] [DEBUG] - <==      Total: 46
[2026-09-12 22:05:39.657] [gas-forecast] [] [] [c.g.f.d.m.S.selectList] [http-nio-8080-exec-5] [DEBUG] - ==>  Preparing: SELECT id,role_id,permission_id FROM sys_role_permission_ref
[2026-09-12 22:05:39.657] [gas-forecast] [] [] [c.g.f.d.m.S.selectList] [http-nio-8080-exec-5] [DEBUG] - ==> Parameters: 
[2026-09-12 22:05:39.657] [gas-forecast] [] [] [c.g.f.d.m.S.selectList] [http-nio-8080-exec-5] [DEBUG] - <==      Total: 46
[2026-09-12 22:05:39.658] [gas-forecast] [] [] [c.g.f.d.m.SysRoleTbMapper.selectList] [http-nio-8080-exec-5] [DEBUG] - ==>  Preparing: SELECT id,role_code,role_name,description,created_at,updated_at FROM sys_role_tb ORDER BY id ASC
[2026-09-12 22:05:39.658] [gas-forecast] [] [] [c.g.f.d.m.SysRoleTbMapper.selectList] [http-nio-8080-exec-5] [DEBUG] - ==> Parameters: 
[2026-09-12 22:05:39.658] [gas-forecast] [] [] [c.g.f.d.m.SysRoleTbMapper.selectList] [http-nio-8080-exec-5] [DEBUG] - <==      Total: 1
[2026-09-12 22:18:32.369] [gas-forecast] [] [] [c.g.f.d.m.SysUserTbMapper.selectList] [http-nio-8080-exec-6] [DEBUG] - ==>  Preparing: SELECT id,username,real_name,password_hash,password_salt,avatar,email,phone,org_code,status,deleted,created_at,updated_at FROM sys_user_tb WHERE (username = ? AND deleted = ?)
[2026-09-12 22:18:32.369] [gas-forecast] [] [] [c.g.f.d.m.SysUserTbMapper.selectList] [http-nio-8080-exec-6] [DEBUG] - ==> Parameters: admin(String), 0(Integer)
[2026-09-12 22:18:32.374] [gas-forecast] [] [] [c.g.f.d.m.SysUserTbMapper.selectList] [http-nio-8080-exec-6] [DEBUG] - <==      Total: 1
[2026-09-12 22:18:32.374] [gas-forecast] [] [] [c.g.f.d.m.S.selectRoleCodesByUsername] [http-nio-8080-exec-6] [DEBUG] - ==>  Preparing: select r.role_code from sys_user_tb u join sys_user_role_ref ur on ur.user_id = u.id join sys_role_tb r on r.id = ur.role_id where u.username = ? order by r.role_code
[2026-09-12 22:18:32.375] [gas-forecast] [] [] [c.g.f.d.m.S.selectRoleCodesByUsername] [http-nio-8080-exec-6] [DEBUG] - ==> Parameters: admin(String)
[2026-09-12 22:18:32.376] [gas-forecast] [] [] [c.g.f.d.m.S.selectRoleCodesByUsername] [http-nio-8080-exec-6] [DEBUG] - <==      Total: 1
[2026-09-12 22:18:32.376] [gas-forecast] [] [] [c.g.f.d.m.S.selectByUsername] [http-nio-8080-exec-6] [DEBUG] - ==>  Preparing: select distinct p.* from sys_permission_tb p where p.status = 1 and ( exists ( select 1 from sys_user_tb u join sys_user_role_ref ur on ur.user_id = u.id join sys_role_permission_ref rp on rp.role_id = ur.role_id where rp.permission_id = p.id and u.username = ? and u.deleted = 0 ) or exists ( select 1 from sys_user_tb u join sys_user_department_ref ud on ud.user_id = u.id join sys_department_permission_ref dp on dp.department_id = ud.department_id where dp.permission_id = p.id and u.username = ? and u.deleted = 0 ) ) order by p.sort_no, p.id
[2026-09-12 22:18:32.376] [gas-forecast] [] [] [c.g.f.d.m.S.selectByUsername] [http-nio-8080-exec-6] [DEBUG] - ==> Parameters: admin(String), admin(String)
[2026-09-12 22:18:32.378] [gas-forecast] [] [] [c.g.f.d.m.S.selectByUsername] [http-nio-8080-exec-6] [DEBUG] - <==      Total: 46
[2026-09-12 22:18:32.381] [gas-forecast] [] [] [c.g.f.d.m.S.selectByUsername] [http-nio-8080-exec-7] [DEBUG] - ==>  Preparing: select distinct p.* from sys_permission_tb p where p.status = 1 and ( exists ( select 1 from sys_user_tb u join sys_user_role_ref ur on ur.user_id = u.id join sys_role_permission_ref rp on rp.role_id = ur.role_id where rp.permission_id = p.id and u.username = ? and u.deleted = 0 ) or exists ( select 1 from sys_user_tb u join sys_user_department_ref ud on ud.user_id = u.id join sys_department_permission_ref dp on dp.department_id = ud.department_id where dp.permission_id = p.id and u.username = ? and u.deleted = 0 ) ) order by p.sort_no, p.id
[2026-09-12 22:18:32.382] [gas-forecast] [] [] [c.g.f.d.m.S.selectByUsername] [http-nio-8080-exec-7] [DEBUG] - ==> Parameters: admin(String), admin(String)
[2026-09-12 22:18:32.383] [gas-forecast] [] [] [c.g.f.d.m.S.selectByUsername] [http-nio-8080-exec-7] [DEBUG] - <==      Total: 46
[2026-09-12 22:18:32.384] [gas-forecast] [] [] [c.g.f.d.m.SysRoleTbMapper.selectList] [http-nio-8080-exec-7] [DEBUG] - ==>  Preparing: SELECT id,role_code,role_name,description,created_at,updated_at FROM sys_role_tb ORDER BY id ASC
[2026-09-12 22:18:32.384] [gas-forecast] [] [] [c.g.f.d.m.SysRoleTbMapper.selectList] [http-nio-8080-exec-7] [DEBUG] - ==> Parameters: 
[2026-09-12 22:18:32.384] [gas-forecast] [] [] [c.g.f.d.m.SysRoleTbMapper.selectList] [http-nio-8080-exec-7] [DEBUG] - <==      Total: 1
[2026-09-12 22:18:32.385] [gas-forecast] [] [] [c.g.f.d.m.S.selectList] [http-nio-8080-exec-7] [DEBUG] - ==>  Preparing: SELECT id,parent_id,department_name,org_code,sort_no,status,created_at,updated_at FROM sys_department_tb ORDER BY sort_no ASC,id ASC
[2026-09-12 22:18:32.385] [gas-forecast] [] [] [c.g.f.d.m.S.selectList] [http-nio-8080-exec-7] [DEBUG] - ==> Parameters: 
[2026-09-12 22:18:32.385] [gas-forecast] [] [] [c.g.f.d.m.S.selectList] [http-nio-8080-exec-7] [DEBUG] - <==      Total: 7
[2026-09-12 22:18:32.386] [gas-forecast] [] [] [c.g.f.d.m.S.selectList] [http-nio-8080-exec-7] [DEBUG] - ==>  Preparing: SELECT id,parent_id,permission_name,path,component,permission_type,perms,icon,sort_no,hidden,status,created_at,updated_at FROM sys_permission_tb ORDER BY sort_no ASC,id ASC
[2026-09-12 22:18:32.386] [gas-forecast] [] [] [c.g.f.d.m.S.selectList] [http-nio-8080-exec-7] [DEBUG] - ==> Parameters: 
[2026-09-12 22:18:32.387] [gas-forecast] [] [] [c.g.f.d.m.S.selectList] [http-nio-8080-exec-7] [DEBUG] - <==      Total: 46
[2026-09-12 22:18:32.391] [gas-forecast] [] [] [c.g.f.d.m.S.selectByUsername] [http-nio-8080-exec-8] [DEBUG] - ==>  Preparing: select distinct p.* from sys_permission_tb p where p.status = 1 and ( exists ( select 1 from sys_user_tb u join sys_user_role_ref ur on ur.user_id = u.id join sys_role_permission_ref rp on rp.role_id = ur.role_id where rp.permission_id = p.id and u.username = ? and u.deleted = 0 ) or exists ( select 1 from sys_user_tb u join sys_user_department_ref ud on ud.user_id = u.id join sys_department_permission_ref dp on dp.department_id = ud.department_id where dp.permission_id = p.id and u.username = ? and u.deleted = 0 ) ) order by p.sort_no, p.id
[2026-09-12 22:18:32.391] [gas-forecast] [] [] [c.g.f.d.m.S.selectByUsername] [http-nio-8080-exec-8] [DEBUG] - ==> Parameters: admin(String), admin(String)
[2026-09-12 22:18:32.393] [gas-forecast] [] [] [c.g.f.d.m.S.selectByUsername] [http-nio-8080-exec-8] [DEBUG] - <==      Total: 46
[2026-09-12 22:18:32.393] [gas-forecast] [] [] [c.g.f.d.m.S.selectList] [http-nio-8080-exec-8] [DEBUG] - ==>  Preparing: SELECT id,role_id,permission_id FROM sys_role_permission_ref
[2026-09-12 22:18:32.393] [gas-forecast] [] [] [c.g.f.d.m.S.selectList] [http-nio-8080-exec-8] [DEBUG] - ==> Parameters: 
[2026-09-12 22:18:32.394] [gas-forecast] [] [] [c.g.f.d.m.S.selectList] [http-nio-8080-exec-8] [DEBUG] - <==      Total: 46
[2026-09-12 22:18:32.395] [gas-forecast] [] [] [c.g.f.d.m.SysRoleTbMapper.selectList] [http-nio-8080-exec-8] [DEBUG] - ==>  Preparing: SELECT id,role_code,role_name,description,created_at,updated_at FROM sys_role_tb ORDER BY id ASC
[2026-09-12 22:18:32.395] [gas-forecast] [] [] [c.g.f.d.m.SysRoleTbMapper.selectList] [http-nio-8080-exec-8] [DEBUG] - ==> Parameters: 
[2026-09-12 22:18:32.395] [gas-forecast] [] [] [c.g.f.d.m.SysRoleTbMapper.selectList] [http-nio-8080-exec-8] [DEBUG] - <==      Total: 1
[2026-09-12 22:18:32.944] [gas-forecast] [] [] [c.g.f.d.m.SysUserTbMapper.selectList] [http-nio-8080-exec-9] [DEBUG] - ==>  Preparing: SELECT id,username,real_name,password_hash,password_salt,avatar,email,phone,org_code,status,deleted,created_at,updated_at FROM sys_user_tb WHERE (username = ? AND deleted = ?)
[2026-09-12 22:18:32.944] [gas-forecast] [] [] [c.g.f.d.m.SysUserTbMapper.selectList] [http-nio-8080-exec-9] [DEBUG] - ==> Parameters: admin(String), 0(Integer)
[2026-09-12 22:18:32.945] [gas-forecast] [] [] [c.g.f.d.m.SysUserTbMapper.selectList] [http-nio-8080-exec-9] [DEBUG] - <==      Total: 1
[2026-09-12 22:18:32.945] [gas-forecast] [] [] [c.g.f.d.m.S.selectRoleCodesByUsername] [http-nio-8080-exec-9] [DEBUG] - ==>  Preparing: select r.role_code from sys_user_tb u join sys_user_role_ref ur on ur.user_id = u.id join sys_role_tb r on r.id = ur.role_id where u.username = ? order by r.role_code
[2026-09-12 22:18:32.946] [gas-forecast] [] [] [c.g.f.d.m.S.selectRoleCodesByUsername] [http-nio-8080-exec-9] [DEBUG] - ==> Parameters: admin(String)
[2026-09-12 22:18:32.947] [gas-forecast] [] [] [c.g.f.d.m.S.selectRoleCodesByUsername] [http-nio-8080-exec-9] [DEBUG] - <==      Total: 1
[2026-09-12 22:18:32.947] [gas-forecast] [] [] [c.g.f.d.m.S.selectByUsername] [http-nio-8080-exec-9] [DEBUG] - ==>  Preparing: select distinct p.* from sys_permission_tb p where p.status = 1 and ( exists ( select 1 from sys_user_tb u join sys_user_role_ref ur on ur.user_id = u.id join sys_role_permission_ref rp on rp.role_id = ur.role_id where rp.permission_id = p.id and u.username = ? and u.deleted = 0 ) or exists ( select 1 from sys_user_tb u join sys_user_department_ref ud on ud.user_id = u.id join sys_department_permission_ref dp on dp.department_id = ud.department_id where dp.permission_id = p.id and u.username = ? and u.deleted = 0 ) ) order by p.sort_no, p.id
[2026-09-12 22:18:32.947] [gas-forecast] [] [] [c.g.f.d.m.S.selectByUsername] [http-nio-8080-exec-9] [DEBUG] - ==> Parameters: admin(String), admin(String)
[2026-09-12 22:18:32.949] [gas-forecast] [] [] [c.g.f.d.m.S.selectByUsername] [http-nio-8080-exec-9] [DEBUG] - <==      Total: 46
[2026-09-12 22:18:32.959] [gas-forecast] [] [] [c.g.f.d.m.S.selectByUsername] [http-nio-8080-exec-10] [DEBUG] - ==>  Preparing: select distinct p.* from sys_permission_tb p where p.status = 1 and ( exists ( select 1 from sys_user_tb u join sys_user_role_ref ur on ur.user_id = u.id join sys_role_permission_ref rp on rp.role_id = ur.role_id where rp.permission_id = p.id and u.username = ? and u.deleted = 0 ) or exists ( select 1 from sys_user_tb u join sys_user_department_ref ud on ud.user_id = u.id join sys_department_permission_ref dp on dp.department_id = ud.department_id where dp.permission_id = p.id and u.username = ? and u.deleted = 0 ) ) order by p.sort_no, p.id
[2026-09-12 22:18:32.960] [gas-forecast] [] [] [c.g.f.d.m.S.selectByUsername] [http-nio-8080-exec-10] [DEBUG] - ==> Parameters: admin(String), admin(String)
[2026-09-12 22:18:32.962] [gas-forecast] [] [] [c.g.f.d.m.S.selectByUsername] [http-nio-8080-exec-10] [DEBUG] - <==      Total: 46
[2026-09-12 22:18:32.962] [gas-forecast] [] [] [c.g.f.d.m.SysRoleTbMapper.selectList] [http-nio-8080-exec-10] [DEBUG] - ==>  Preparing: SELECT id,role_code,role_name,description,created_at,updated_at FROM sys_role_tb ORDER BY id ASC
[2026-09-12 22:18:32.962] [gas-forecast] [] [] [c.g.f.d.m.SysRoleTbMapper.selectList] [http-nio-8080-exec-10] [DEBUG] - ==> Parameters: 
[2026-09-12 22:18:32.963] [gas-forecast] [] [] [c.g.f.d.m.SysRoleTbMapper.selectList] [http-nio-8080-exec-10] [DEBUG] - <==      Total: 1
[2026-09-12 22:18:32.964] [gas-forecast] [] [] [c.g.f.d.m.S.selectList] [http-nio-8080-exec-10] [DEBUG] - ==>  Preparing: SELECT id,parent_id,department_name,org_code,sort_no,status,created_at,updated_at FROM sys_department_tb ORDER BY sort_no ASC,id ASC
[2026-09-12 22:18:32.964] [gas-forecast] [] [] [c.g.f.d.m.S.selectList] [http-nio-8080-exec-10] [DEBUG] - ==> Parameters: 
[2026-09-12 22:18:32.964] [gas-forecast] [] [] [c.g.f.d.m.S.selectList] [http-nio-8080-exec-10] [DEBUG] - <==      Total: 7
[2026-09-12 22:18:32.965] [gas-forecast] [] [] [c.g.f.d.m.S.selectList] [http-nio-8080-exec-10] [DEBUG] - ==>  Preparing: SELECT id,parent_id,permission_name,path,component,permission_type,perms,icon,sort_no,hidden,status,created_at,updated_at FROM sys_permission_tb ORDER BY sort_no ASC,id ASC
[2026-09-12 22:18:32.965] [gas-forecast] [] [] [c.g.f.d.m.S.selectList] [http-nio-8080-exec-10] [DEBUG] - ==> Parameters: 
[2026-09-12 22:18:32.966] [gas-forecast] [] [] [c.g.f.d.m.S.selectList] [http-nio-8080-exec-10] [DEBUG] - <==      Total: 46
[2026-09-12 22:18:32.970] [gas-forecast] [] [] [c.g.f.d.m.S.selectByUsername] [http-nio-8080-exec-1] [DEBUG] - ==>  Preparing: select distinct p.* from sys_permission_tb p where p.status = 1 and ( exists ( select 1 from sys_user_tb u join sys_user_role_ref ur on ur.user_id = u.id join sys_role_permission_ref rp on rp.role_id = ur.role_id where rp.permission_id = p.id and u.username = ? and u.deleted = 0 ) or exists ( select 1 from sys_user_tb u join sys_user_department_ref ud on ud.user_id = u.id join sys_department_permission_ref dp on dp.department_id = ud.department_id where dp.permission_id = p.id and u.username = ? and u.deleted = 0 ) ) order by p.sort_no, p.id
[2026-09-12 22:18:32.970] [gas-forecast] [] [] [c.g.f.d.m.S.selectByUsername] [http-nio-8080-exec-1] [DEBUG] - ==> Parameters: admin(String), admin(String)
[2026-09-12 22:18:32.972] [gas-forecast] [] [] [c.g.f.d.m.S.selectByUsername] [http-nio-8080-exec-1] [DEBUG] - <==      Total: 46
[2026-09-12 22:18:32.973] [gas-forecast] [] [] [c.g.f.d.m.S.selectList] [http-nio-8080-exec-1] [DEBUG] - ==>  Preparing: SELECT id,role_id,permission_id FROM sys_role_permission_ref
[2026-09-12 22:18:32.973] [gas-forecast] [] [] [c.g.f.d.m.S.selectList] [http-nio-8080-exec-1] [DEBUG] - ==> Parameters: 
[2026-09-12 22:18:32.974] [gas-forecast] [] [] [c.g.f.d.m.S.selectList] [http-nio-8080-exec-1] [DEBUG] - <==      Total: 46
[2026-09-12 22:18:32.974] [gas-forecast] [] [] [c.g.f.d.m.SysRoleTbMapper.selectList] [http-nio-8080-exec-1] [DEBUG] - ==>  Preparing: SELECT id,role_code,role_name,description,created_at,updated_at FROM sys_role_tb ORDER BY id ASC
[2026-09-12 22:18:32.974] [gas-forecast] [] [] [c.g.f.d.m.SysRoleTbMapper.selectList] [http-nio-8080-exec-1] [DEBUG] - ==> Parameters: 
[2026-09-12 22:18:32.974] [gas-forecast] [] [] [c.g.f.d.m.SysRoleTbMapper.selectList] [http-nio-8080-exec-1] [DEBUG] - <==      Total: 1
[2026-09-12 22:18:42.443] [gas-forecast] [] [] [c.g.f.d.m.SysUserTbMapper.selectList] [http-nio-8080-exec-4] [DEBUG] - ==>  Preparing: SELECT id,username,real_name,password_hash,password_salt,avatar,email,phone,org_code,status,deleted,created_at,updated_at FROM sys_user_tb WHERE (username = ? AND deleted = ?)
[2026-09-12 22:18:42.443] [gas-forecast] [] [] [c.g.f.d.m.SysUserTbMapper.selectList] [http-nio-8080-exec-4] [DEBUG] - ==> Parameters: admin(String), 0(Integer)
[2026-09-12 22:18:42.444] [gas-forecast] [] [] [c.g.f.d.m.SysUserTbMapper.selectList] [http-nio-8080-exec-4] [DEBUG] - <==      Total: 1
[2026-09-12 22:18:42.447] [gas-forecast] [] [] [c.g.f.d.m.S.selectRoleCodesByUsername] [http-nio-8080-exec-4] [DEBUG] - ==>  Preparing: select r.role_code from sys_user_tb u join sys_user_role_ref ur on ur.user_id = u.id join sys_role_tb r on r.id = ur.role_id where u.username = ? order by r.role_code
[2026-09-12 22:18:42.447] [gas-forecast] [] [] [c.g.f.d.m.S.selectRoleCodesByUsername] [http-nio-8080-exec-4] [DEBUG] - ==> Parameters: admin(String)
[2026-09-12 22:18:42.448] [gas-forecast] [] [] [c.g.f.d.m.S.selectRoleCodesByUsername] [http-nio-8080-exec-4] [DEBUG] - <==      Total: 1
[2026-09-12 22:18:42.448] [gas-forecast] [] [] [c.g.f.d.m.S.selectByUsername] [http-nio-8080-exec-4] [DEBUG] - ==>  Preparing: select distinct p.* from sys_permission_tb p where p.status = 1 and ( exists ( select 1 from sys_user_tb u join sys_user_role_ref ur on ur.user_id = u.id join sys_role_permission_ref rp on rp.role_id = ur.role_id where rp.permission_id = p.id and u.username = ? and u.deleted = 0 ) or exists ( select 1 from sys_user_tb u join sys_user_department_ref ud on ud.user_id = u.id join sys_department_permission_ref dp on dp.department_id = ud.department_id where dp.permission_id = p.id and u.username = ? and u.deleted = 0 ) ) order by p.sort_no, p.id
[2026-09-12 22:18:42.448] [gas-forecast] [] [] [c.g.f.d.m.S.selectByUsername] [http-nio-8080-exec-4] [DEBUG] - ==> Parameters: admin(String), admin(String)
[2026-09-12 22:18:42.449] [gas-forecast] [] [] [c.g.f.d.m.S.selectByUsername] [http-nio-8080-exec-4] [DEBUG] - <==      Total: 46
[2026-09-12 22:18:53.678] [gas-forecast] [] [] [c.g.f.d.m.S.selectByUsername] [http-nio-8080-exec-5] [DEBUG] - ==>  Preparing: select distinct p.* from sys_permission_tb p where p.status = 1 and ( exists ( select 1 from sys_user_tb u join sys_user_role_ref ur on ur.user_id = u.id join sys_role_permission_ref rp on rp.role_id = ur.role_id where rp.permission_id = p.id and u.username = ? and u.deleted = 0 ) or exists ( select 1 from sys_user_tb u join sys_user_department_ref ud on ud.user_id = u.id join sys_department_permission_ref dp on dp.department_id = ud.department_id where dp.permission_id = p.id and u.username = ? and u.deleted = 0 ) ) order by p.sort_no, p.id
[2026-09-12 22:18:53.679] [gas-forecast] [] [] [c.g.f.d.m.S.selectByUsername] [http-nio-8080-exec-5] [DEBUG] - ==> Parameters: admin(String), admin(String)
[2026-09-12 22:18:53.681] [gas-forecast] [] [] [c.g.f.d.m.S.selectByUsername] [http-nio-8080-exec-5] [DEBUG] - <==      Total: 46
[2026-09-12 22:18:53.681] [gas-forecast] [] [] [c.g.f.d.m.SysRoleTbMapper.selectList] [http-nio-8080-exec-5] [DEBUG] - ==>  Preparing: SELECT id,role_code,role_name,description,created_at,updated_at FROM sys_role_tb ORDER BY id ASC
[2026-09-12 22:18:53.681] [gas-forecast] [] [] [c.g.f.d.m.SysRoleTbMapper.selectList] [http-nio-8080-exec-5] [DEBUG] - ==> Parameters: 
[2026-09-12 22:18:53.682] [gas-forecast] [] [] [c.g.f.d.m.SysRoleTbMapper.selectList] [http-nio-8080-exec-5] [DEBUG] - <==      Total: 1
[2026-09-12 22:18:53.682] [gas-forecast] [] [] [c.g.f.d.m.S.selectList] [http-nio-8080-exec-5] [DEBUG] - ==>  Preparing: SELECT id,parent_id,department_name,org_code,sort_no,status,created_at,updated_at FROM sys_department_tb ORDER BY sort_no ASC,id ASC
[2026-09-12 22:18:53.682] [gas-forecast] [] [] [c.g.f.d.m.S.selectList] [http-nio-8080-exec-5] [DEBUG] - ==> Parameters: 
[2026-09-12 22:18:53.683] [gas-forecast] [] [] [c.g.f.d.m.S.selectList] [http-nio-8080-exec-5] [DEBUG] - <==      Total: 7
[2026-09-12 22:18:53.683] [gas-forecast] [] [] [c.g.f.d.m.S.selectList] [http-nio-8080-exec-5] [DEBUG] - ==>  Preparing: SELECT id,parent_id,permission_name,path,component,permission_type,perms,icon,sort_no,hidden,status,created_at,updated_at FROM sys_permission_tb ORDER BY sort_no ASC,id ASC
[2026-09-12 22:18:53.683] [gas-forecast] [] [] [c.g.f.d.m.S.selectList] [http-nio-8080-exec-5] [DEBUG] - ==> Parameters: 
[2026-09-12 22:18:53.684] [gas-forecast] [] [] [c.g.f.d.m.S.selectList] [http-nio-8080-exec-5] [DEBUG] - <==      Total: 46
[2026-09-12 22:18:53.688] [gas-forecast] [] [] [c.g.f.d.m.S.selectByUsername] [http-nio-8080-exec-6] [DEBUG] - ==>  Preparing: select distinct p.* from sys_permission_tb p where p.status = 1 and ( exists ( select 1 from sys_user_tb u join sys_user_role_ref ur on ur.user_id = u.id join sys_role_permission_ref rp on rp.role_id = ur.role_id where rp.permission_id = p.id and u.username = ? and u.deleted = 0 ) or exists ( select 1 from sys_user_tb u join sys_user_department_ref ud on ud.user_id = u.id join sys_department_permission_ref dp on dp.department_id = ud.department_id where dp.permission_id = p.id and u.username = ? and u.deleted = 0 ) ) order by p.sort_no, p.id
[2026-09-12 22:18:53.688] [gas-forecast] [] [] [c.g.f.d.m.S.selectByUsername] [http-nio-8080-exec-6] [DEBUG] - ==> Parameters: admin(String), admin(String)
[2026-09-12 22:18:53.690] [gas-forecast] [] [] [c.g.f.d.m.S.selectByUsername] [http-nio-8080-exec-6] [DEBUG] - <==      Total: 46
[2026-09-12 22:18:53.690] [gas-forecast] [] [] [c.g.f.d.m.S.selectList] [http-nio-8080-exec-6] [DEBUG] - ==>  Preparing: SELECT id,role_id,permission_id FROM sys_role_permission_ref
[2026-09-12 22:18:53.690] [gas-forecast] [] [] [c.g.f.d.m.S.selectList] [http-nio-8080-exec-6] [DEBUG] - ==> Parameters: 
[2026-09-12 22:18:53.691] [gas-forecast] [] [] [c.g.f.d.m.S.selectList] [http-nio-8080-exec-6] [DEBUG] - <==      Total: 46
[2026-09-12 22:18:53.692] [gas-forecast] [] [] [c.g.f.d.m.SysRoleTbMapper.selectList] [http-nio-8080-exec-6] [DEBUG] - ==>  Preparing: SELECT id,role_code,role_name,description,created_at,updated_at FROM sys_role_tb ORDER BY id ASC
[2026-09-12 22:18:53.692] [gas-forecast] [] [] [c.g.f.d.m.SysRoleTbMapper.selectList] [http-nio-8080-exec-6] [DEBUG] - ==> Parameters: 
[2026-09-12 22:18:53.692] [gas-forecast] [] [] [c.g.f.d.m.SysRoleTbMapper.selectList] [http-nio-8080-exec-6] [DEBUG] - <==      Total: 1
[2026-09-12 22:21:58.904] [gas-forecast] [] [] [c.g.f.d.m.SysUserTbMapper.selectList] [http-nio-8080-exec-7] [DEBUG] - ==>  Preparing: SELECT id,username,real_name,password_hash,password_salt,avatar,email,phone,org_code,status,deleted,created_at,updated_at FROM sys_user_tb WHERE (username = ? AND deleted = ?)
[2026-09-12 22:21:58.905] [gas-forecast] [] [] [c.g.f.d.m.SysUserTbMapper.selectList] [http-nio-8080-exec-7] [DEBUG] - ==> Parameters: admin(String), 0(Integer)
[2026-09-12 22:21:58.913] [gas-forecast] [] [] [c.g.f.d.m.SysUserTbMapper.selectList] [http-nio-8080-exec-7] [DEBUG] - <==      Total: 1
[2026-09-12 22:21:58.914] [gas-forecast] [] [] [c.g.f.d.m.S.selectRoleCodesByUsername] [http-nio-8080-exec-7] [DEBUG] - ==>  Preparing: select r.role_code from sys_user_tb u join sys_user_role_ref ur on ur.user_id = u.id join sys_role_tb r on r.id = ur.role_id where u.username = ? order by r.role_code
[2026-09-12 22:21:58.914] [gas-forecast] [] [] [c.g.f.d.m.S.selectRoleCodesByUsername] [http-nio-8080-exec-7] [DEBUG] - ==> Parameters: admin(String)
[2026-09-12 22:21:58.916] [gas-forecast] [] [] [c.g.f.d.m.S.selectRoleCodesByUsername] [http-nio-8080-exec-7] [DEBUG] - <==      Total: 1
[2026-09-12 22:21:58.916] [gas-forecast] [] [] [c.g.f.d.m.S.selectByUsername] [http-nio-8080-exec-7] [DEBUG] - ==>  Preparing: select distinct p.* from sys_permission_tb p where p.status = 1 and ( exists ( select 1 from sys_user_tb u join sys_user_role_ref ur on ur.user_id = u.id join sys_role_permission_ref rp on rp.role_id = ur.role_id where rp.permission_id = p.id and u.username = ? and u.deleted = 0 ) or exists ( select 1 from sys_user_tb u join sys_user_department_ref ud on ud.user_id = u.id join sys_department_permission_ref dp on dp.department_id = ud.department_id where dp.permission_id = p.id and u.username = ? and u.deleted = 0 ) ) order by p.sort_no, p.id
[2026-09-12 22:21:58.917] [gas-forecast] [] [] [c.g.f.d.m.S.selectByUsername] [http-nio-8080-exec-7] [DEBUG] - ==> Parameters: admin(String), admin(String)
[2026-09-12 22:21:58.919] [gas-forecast] [] [] [c.g.f.d.m.S.selectByUsername] [http-nio-8080-exec-7] [DEBUG] - <==      Total: 46
