[2026-09-20 08:04:24.667] [gas-forecast] [] [] [o.a.c.c.C.[.[.[/gas-forecast]] [http-nio-8080-exec-1] [INFO] - Initializing Spring DispatcherServlet 'dispatcherServlet'
[2026-09-20 08:04:24.672] [gas-forecast] [] [] [o.s.web.servlet.DispatcherServlet] [http-nio-8080-exec-1] [INFO] - Initializing Servlet 'dispatcherServlet'
[2026-09-20 08:04:24.675] [gas-forecast] [] [] [o.s.web.servlet.DispatcherServlet] [http-nio-8080-exec-1] [INFO] - Completed initialization in 3 ms
[2026-09-20 08:04:24.812] [gas-forecast] [] [] [c.g.forecast.common.web.WebLogAspect] [http-nio-8080-exec-2] [INFO] - Request [模型列表查询] POST /gas-forecast/model-config/listPage args={reqDTO=ModelConfigPageReqDTO[page=1, size=1000, keyword=null]}
[2026-09-20 08:04:24.813] [gas-forecast] [] [] [c.g.forecast.common.web.WebLogAspect] [http-nio-8080-exec-4] [INFO] - Request [模型训练配置列表查询] POST /gas-forecast/model-train-config/listPage args={reqDTO=ModelTrainConfigPageReqDTO[page=1, size=10, keyword=null, agentCode=null, timeGranularity=null]}
[2026-09-20 08:04:24.889] [gas-forecast] [] [] [com.zaxxer.hikari.HikariDataSource] [http-nio-8080-exec-2] [INFO] - HikariPool-1 - Starting...
[2026-09-20 08:04:24.905] [gas-forecast] [] [] [c.g.forecast.common.web.WebLogAspect] [http-nio-8080-exec-1] [INFO] - Request [获取当前登录用户权限] GET /gas-forecast/auth/permissions args={}
[2026-09-20 08:04:24.971] [gas-forecast] [] [] [com.zaxxer.hikari.pool.HikariPool] [http-nio-8080-exec-2] [INFO] - HikariPool-1 - Added connection com.mysql.cj.jdbc.ConnectionImpl@22c19fb8
[2026-09-20 08:04:24.972] [gas-forecast] [] [] [com.zaxxer.hikari.HikariDataSource] [http-nio-8080-exec-2] [INFO] - HikariPool-1 - Start completed.
[2026-09-20 08:04:25.010] [gas-forecast] [] [] [c.g.forecast.common.web.WebLogAspect] [http-nio-8080-exec-4] [INFO] - Request [模型训练配置列表查询] completed in 199 ms
[2026-09-20 08:04:25.013] [gas-forecast] [] [] [c.g.forecast.common.web.WebLogAspect] [http-nio-8080-exec-6] [INFO] - Request [行业列表查询] POST /gas-forecast/base-industry/listPage args={reqDTO=BaseIndustryPageReqDTO[page=1, size=1000, keyword=null]}
[2026-09-20 08:04:25.013] [gas-forecast] [] [] [c.g.forecast.common.web.WebLogAspect] [http-nio-8080-exec-3] [INFO] - Request [区域列表查询] POST /gas-forecast/base-region/listPage args={reqDTO=BaseRegionPageReqDTO[page=1, size=1000, keyword=null]}
[2026-09-20 08:04:25.017] [gas-forecast] [] [] [c.g.forecast.common.web.WebLogAspect] [http-nio-8080-exec-1] [INFO] - Request [获取当前登录用户权限] completed in 112 ms
[2026-09-20 08:04:25.017] [gas-forecast] [] [] [c.g.forecast.common.web.WebLogAspect] [http-nio-8080-exec-5] [INFO] - Request [客户列表分页查询] POST /gas-forecast/base-customer/listPage args={reqDTO=BaseCustomerPageReqDTO[page=1, size=1000, keyword=null]}
[2026-09-20 08:04:25.021] [gas-forecast] [] [] [c.g.forecast.common.web.WebLogAspect] [http-nio-8080-exec-3] [INFO] - Request [区域列表查询] completed in 8 ms
[2026-09-20 08:04:25.021] [gas-forecast] [] [] [c.g.forecast.common.web.WebLogAspect] [http-nio-8080-exec-6] [INFO] - Request [行业列表查询] completed in 8 ms
[2026-09-20 08:04:25.027] [gas-forecast] [] [] [c.g.forecast.common.web.WebLogAspect] [http-nio-8080-exec-5] [INFO] - Request [客户列表分页查询] completed in 10 ms
[2026-09-20 08:04:25.028] [gas-forecast] [] [] [c.g.forecast.common.web.WebLogAspect] [http-nio-8080-exec-2] [INFO] - Request [模型列表查询] completed in 217 ms
[2026-09-20 08:12:39.794] [gas-forecast] [] [] [c.g.forecast.common.web.WebLogAspect] [http-nio-8080-exec-7] [INFO] - Request [获取当前登录用户权限] GET /gas-forecast/auth/permissions args={}
[2026-09-20 08:12:39.812] [gas-forecast] [] [] [c.g.forecast.common.web.WebLogAspect] [http-nio-8080-exec-7] [INFO] - Request [获取当前登录用户权限] completed in 18 ms
[2026-09-20 08:12:39.834] [gas-forecast] [] [] [c.g.forecast.common.web.WebLogAspect] [http-nio-8080-exec-9] [INFO] - Request [模型列表查询] POST /gas-forecast/model-config/listPage args={reqDTO=ModelConfigPageReqDTO[page=1, size=1000, keyword=null]}
[2026-09-20 08:12:39.834] [gas-forecast] [] [] [c.g.forecast.common.web.WebLogAspect] [http-nio-8080-exec-6] [INFO] - Request [模型训练配置列表查询] POST /gas-forecast/model-train-config/listPage args={reqDTO=ModelTrainConfigPageReqDTO[page=1, size=10, keyword=null, agentCode=null, timeGranularity=null]}
[2026-09-20 08:12:39.839] [gas-forecast] [] [] [c.g.forecast.common.web.WebLogAspect] [http-nio-8080-exec-4] [INFO] - Request [客户列表分页查询] POST /gas-forecast/base-customer/listPage args={reqDTO=BaseCustomerPageReqDTO[page=1, size=1000, keyword=null]}
[2026-09-20 08:12:39.839] [gas-forecast] [] [] [c.g.forecast.common.web.WebLogAspect] [http-nio-8080-exec-8] [INFO] - Request [行业列表查询] POST /gas-forecast/base-industry/listPage args={reqDTO=BaseIndustryPageReqDTO[page=1, size=1000, keyword=null]}
[2026-09-20 08:12:39.839] [gas-forecast] [] [] [c.g.forecast.common.web.WebLogAspect] [http-nio-8080-exec-10] [INFO] - Request [区域列表查询] POST /gas-forecast/base-region/listPage args={reqDTO=BaseRegionPageReqDTO[page=1, size=1000, keyword=null]}
[2026-09-20 08:12:39.844] [gas-forecast] [] [] [c.g.forecast.common.web.WebLogAspect] [http-nio-8080-exec-6] [INFO] - Request [模型训练配置列表查询] completed in 10 ms
[2026-09-20 08:12:39.844] [gas-forecast] [] [] [c.g.forecast.common.web.WebLogAspect] [http-nio-8080-exec-8] [INFO] - Request [行业列表查询] completed in 5 ms
[2026-09-20 08:12:39.844] [gas-forecast] [] [] [c.g.forecast.common.web.WebLogAspect] [http-nio-8080-exec-10] [INFO] - Request [区域列表查询] completed in 5 ms
[2026-09-20 08:12:39.847] [gas-forecast] [] [] [c.g.forecast.common.web.WebLogAspect] [http-nio-8080-exec-4] [INFO] - Request [客户列表分页查询] completed in 8 ms
[2026-09-20 08:12:39.850] [gas-forecast] [] [] [c.g.forecast.common.web.WebLogAspect] [http-nio-8080-exec-9] [INFO] - Request [模型列表查询] completed in 16 ms
[2026-09-20 08:12:42.676] [gas-forecast] [] [] [c.g.forecast.common.web.WebLogAspect] [http-nio-8080-exec-5] [INFO] - Request [查看模型训练结果] POST /gas-forecast/model-train-execution/result args={reqDTO={"id":1,"trainCode":"TRAIN-20260918165056-9486","trainName":"测试北京训练","agentCode":"winter-supply","modelCode":"MODEL000001","modelName":"冬季保供模型","regionCode":"REG000005","regionName":"北京","industryCode":"","industryName":"","customerCode":"","customerName":"","trainStartDate":null,"trainEndDate":null,"trainMode":"RECENT","timeGranularity":"TENDAY","recentPeriods":36,"enabled":1,"remark":"","createdBy":"system","createdByName":"系统","createdAt":"2026-09-18 16:50:57","updatedAt":"2026-09-19 07:54:17"}}
[2026-09-20 08:12:42.679] [gas-forecast] [] [] [c.g.forecast.common.web.WebLogAspect] [http-nio-8080-exec-5] [INFO] - Request [查看模型训练结果] completed in 6 ms
[2026-09-20 08:12:53.022] [gas-forecast] [] [] [c.g.forecast.common.web.WebLogAspect] [http-nio-8080-exec-2] [INFO] - Request [获取当前登录用户权限] GET /gas-forecast/auth/permissions args={}
[2026-09-20 08:12:53.030] [gas-forecast] [] [] [c.g.forecast.common.web.WebLogAspect] [http-nio-8080-exec-2] [INFO] - Request [获取当前登录用户权限] completed in 8 ms
[2026-09-20 08:12:53.050] [gas-forecast] [] [] [c.g.forecast.common.web.WebLogAspect] [http-nio-8080-exec-3] [INFO] - Request [模型列表查询] POST /gas-forecast/model-config/listPage args={reqDTO=ModelConfigPageReqDTO[page=1, size=1000, keyword=null]}
[2026-09-20 08:12:53.051] [gas-forecast] [] [] [c.g.forecast.common.web.WebLogAspect] [http-nio-8080-exec-8] [INFO] - Request [模型训练配置列表查询] POST /gas-forecast/model-train-config/listPage args={reqDTO=ModelTrainConfigPageReqDTO[page=1, size=10, keyword=null, agentCode=null, timeGranularity=null]}
[2026-09-20 08:12:53.054] [gas-forecast] [] [] [c.g.forecast.common.web.WebLogAspect] [http-nio-8080-exec-7] [INFO] - Request [区域列表查询] POST /gas-forecast/base-region/listPage args={reqDTO=BaseRegionPageReqDTO[page=1, size=1000, keyword=null]}
[2026-09-20 08:12:53.054] [gas-forecast] [] [] [c.g.forecast.common.web.WebLogAspect] [http-nio-8080-exec-1] [INFO] - Request [行业列表查询] POST /gas-forecast/base-industry/listPage args={reqDTO=BaseIndustryPageReqDTO[page=1, size=1000, keyword=null]}
[2026-09-20 08:12:53.054] [gas-forecast] [] [] [c.g.forecast.common.web.WebLogAspect] [http-nio-8080-exec-10] [INFO] - Request [客户列表分页查询] POST /gas-forecast/base-customer/listPage args={reqDTO=BaseCustomerPageReqDTO[page=1, size=1000, keyword=null]}
[2026-09-20 08:12:53.055] [gas-forecast] [] [] [c.g.forecast.common.web.WebLogAspect] [http-nio-8080-exec-8] [INFO] - Request [模型训练配置列表查询] completed in 4 ms
[2026-09-20 08:12:53.059] [gas-forecast] [] [] [c.g.forecast.common.web.WebLogAspect] [http-nio-8080-exec-7] [INFO] - Request [区域列表查询] completed in 5 ms
[2026-09-20 08:12:53.059] [gas-forecast] [] [] [c.g.forecast.common.web.WebLogAspect] [http-nio-8080-exec-10] [INFO] - Request [客户列表分页查询] completed in 5 ms
[2026-09-20 08:12:53.061] [gas-forecast] [] [] [c.g.forecast.common.web.WebLogAspect] [http-nio-8080-exec-1] [INFO] - Request [行业列表查询] completed in 7 ms
[2026-09-20 08:12:53.062] [gas-forecast] [] [] [c.g.forecast.common.web.WebLogAspect] [http-nio-8080-exec-3] [INFO] - Request [模型列表查询] completed in 12 ms
[2026-09-20 08:13:02.451] [gas-forecast] [] [] [c.g.forecast.common.web.WebLogAspect] [http-nio-8080-exec-6] [INFO] - Request [模型列表查询] POST /gas-forecast/model-config/listPage args={reqDTO=ModelConfigPageReqDTO[page=1, size=1000, keyword=null]}
[2026-09-20 08:13:02.455] [gas-forecast] [] [] [c.g.forecast.common.web.WebLogAspect] [http-nio-8080-exec-9] [INFO] - Request [行业列表查询] POST /gas-forecast/base-industry/listPage args={reqDTO=BaseIndustryPageReqDTO[page=1, size=1000, keyword=null]}
[2026-09-20 08:13:02.455] [gas-forecast] [] [] [c.g.forecast.common.web.WebLogAspect] [http-nio-8080-exec-4] [INFO] - Request [区域列表查询] POST /gas-forecast/base-region/listPage args={reqDTO=BaseRegionPageReqDTO[page=1, size=1000, keyword=null]}
[2026-09-20 08:13:02.456] [gas-forecast] [] [] [c.g.forecast.common.web.WebLogAspect] [http-nio-8080-exec-5] [INFO] - Request [客户列表分页查询] POST /gas-forecast/base-customer/listPage args={reqDTO=BaseCustomerPageReqDTO[page=1, size=1000, keyword=null]}
[2026-09-20 08:13:02.458] [gas-forecast] [] [] [c.g.forecast.common.web.WebLogAspect] [http-nio-8080-exec-9] [INFO] - Request [行业列表查询] completed in 3 ms
[2026-09-20 08:13:02.459] [gas-forecast] [] [] [c.g.forecast.common.web.WebLogAspect] [http-nio-8080-exec-4] [INFO] - Request [区域列表查询] completed in 4 ms
[2026-09-20 08:13:02.460] [gas-forecast] [] [] [c.g.forecast.common.web.WebLogAspect] [http-nio-8080-exec-5] [INFO] - Request [客户列表分页查询] completed in 4 ms
[2026-09-20 08:13:02.463] [gas-forecast] [] [] [c.g.forecast.common.web.WebLogAspect] [http-nio-8080-exec-6] [INFO] - Request [模型列表查询] completed in 12 ms
[2026-09-20 08:13:03.811] [gas-forecast] [] [] [c.g.forecast.common.web.WebLogAspect] [http-nio-8080-exec-2] [INFO] - Request [编辑模型训练配置] POST /gas-forecast/model-train-config/update args={reqDTO=ModelTrainConfigUpdateReqDTO[id=1, trainCode=TRAIN-20260918165056-9486, trainName=测试北京训练, agentCode=winter-supply, modelCode=MODEL000001, modelName=冬季保供模型, regionCode=REG000005, regionName=北京, industryCode=, industryName=, customerCode=, customerName=, trainStartDate=null, trainEndDate=null, trainMode=RECENT, timeGranularity=TENDAY, recentPeriods=36, enabled=1, remark=]}
[2026-09-20 08:13:03.828] [gas-forecast] [] [] [c.g.forecast.common.web.WebLogAspect] [http-nio-8080-exec-2] [INFO] - Request [编辑模型训练配置] completed in 20 ms
[2026-09-20 08:13:03.837] [gas-forecast] [] [] [c.g.forecast.common.web.WebLogAspect] [http-nio-8080-exec-8] [INFO] - Request [训练特征数据列表查询] POST /gas-forecast/model-train-feature-data/listPage args={reqDTO=ModelTrainFeatureDataPageReqDTO[page=1, size=36, keyword=null, timeGranularity=TENDAY, statDate=null, regionCode=REG000005, industryCode=null, customerCode=null, statDateStart=null, statDateEnd=null, sortField=statDate, sortOrder=desc]}
[2026-09-20 08:13:03.899] [gas-forecast] [] [] [c.g.forecast.common.web.WebLogAspect] [http-nio-8080-exec-8] [INFO] - Request [训练特征数据列表查询] completed in 63 ms
[2026-09-20 08:13:03.914] [gas-forecast] [] [] [c.g.forecast.common.web.WebLogAspect] [http-nio-8080-exec-7] [INFO] - Request [模型训练配置列表查询] POST /gas-forecast/model-train-config/listPage args={reqDTO=ModelTrainConfigPageReqDTO[page=1, size=10, keyword=null, agentCode=null, timeGranularity=null]}
[2026-09-20 08:13:03.918] [gas-forecast] [] [] [c.g.forecast.common.web.WebLogAspect] [http-nio-8080-exec-7] [INFO] - Request [模型训练配置列表查询] completed in 5 ms
[2026-09-20 08:13:05.475] [gas-forecast] [] [] [c.g.forecast.common.web.WebLogAspect] [http-nio-8080-exec-10] [INFO] - Request [执行模型训练] POST /gas-forecast/model-train-execution/execute args={reqDTO=ModelTrainExecuteReqDTO[trainCode=TRAIN-20260918165056-9486, configCode=null]}
[2026-09-20 08:45:48.902] [gas-forecast] [] [] [com.zaxxer.hikari.HikariDataSource] [SpringApplicationShutdownHook] [INFO] - HikariPool-1 - Shutdown initiated...
[2026-09-20 08:45:48.903] [gas-forecast] [] [] [com.zaxxer.hikari.HikariDataSource] [SpringApplicationShutdownHook] [INFO] - HikariPool-1 - Shutdown completed.
[2026-09-20 08:45:50.826] [gas-forecast] [] [] [o.h.validator.internal.util.Version] [background-preinit] [INFO] - HV000001: Hibernate Validator 8.0.1.Final
[2026-09-20 08:45:50.835] [gas-forecast] [] [] [c.g.f.GasForecastStartupApplication] [main] [INFO] - Starting GasForecastStartupApplication using Java 21.0.11 with PID 79578 (/Users/zoujun/work/workspace/shiyou/gas-forecast/gas-forecast-startup/target/classes started by zoujun in /Users/zoujun/work/workspace/shiyou/gas-forecast)
[2026-09-20 08:45:50.836] [gas-forecast] [] [] [c.g.f.GasForecastStartupApplication] [main] [INFO] - The following 1 profile is active: "dev"
[2026-09-20 08:45:51.097] [gas-forecast] [] [] [o.s.d.r.c.RepositoryConfigurationDelegate] [main] [INFO] - Multiple Spring Data modules found, entering strict repository configuration mode
[2026-09-20 08:45:51.098] [gas-forecast] [] [] [o.s.d.r.c.RepositoryConfigurationDelegate] [main] [INFO] - Bootstrapping Spring Data Redis repositories in DEFAULT mode.
[2026-09-20 08:45:51.115] [gas-forecast] [] [] [o.s.d.r.c.RepositoryConfigurationDelegate] [main] [INFO] - Finished Spring Data repository scanning in 10 ms. Found 0 Redis repository interfaces.
[2026-09-20 08:45:51.388] [gas-forecast] [] [] [o.s.b.w.e.tomcat.TomcatWebServer] [main] [INFO] - Tomcat initialized with port 8080 (http)
[2026-09-20 08:45:51.392] [gas-forecast] [] [] [o.a.coyote.http11.Http11NioProtocol] [main] [INFO] - Initializing ProtocolHandler ["http-nio-8080"]
[2026-09-20 08:45:51.392] [gas-forecast] [] [] [o.a.catalina.core.StandardService] [main] [INFO] - Starting service [Tomcat]
[2026-09-20 08:45:51.392] [gas-forecast] [] [] [o.a.catalina.core.StandardEngine] [main] [INFO] - Starting Servlet engine: [Apache Tomcat/10.1.20]
[2026-09-20 08:45:51.408] [gas-forecast] [] [] [o.a.c.c.C.[.[.[/gas-forecast]] [main] [INFO] - Initializing Spring embedded WebApplicationContext
[2026-09-20 08:45:51.408] [gas-forecast] [] [] [o.s.b.w.s.c.ServletWebServerApplicationContext] [main] [INFO] - Root WebApplicationContext: initialization completed in 557 ms
[2026-09-20 08:45:52.076] [gas-forecast] [] [] [o.a.coyote.http11.Http11NioProtocol] [main] [INFO] - Starting ProtocolHandler ["http-nio-8080"]
[2026-09-20 08:45:52.084] [gas-forecast] [] [] [o.s.b.w.e.tomcat.TomcatWebServer] [main] [INFO] - Tomcat started on port 8080 (http) with context path '/gas-forecast'
[2026-09-20 08:45:52.087] [gas-forecast] [] [] [c.g.f.GasForecastStartupApplication] [main] [INFO] - Started GasForecastStartupApplication in 1.433 seconds (process running for 1.725)
[2026-09-20 08:45:57.614] [gas-forecast] [] [] [o.a.c.c.C.[.[.[/gas-forecast]] [http-nio-8080-exec-1] [INFO] - Initializing Spring DispatcherServlet 'dispatcherServlet'
[2026-09-20 08:45:57.615] [gas-forecast] [] [] [o.s.web.servlet.DispatcherServlet] [http-nio-8080-exec-1] [INFO] - Initializing Servlet 'dispatcherServlet'
[2026-09-20 08:45:57.616] [gas-forecast] [] [] [o.s.web.servlet.DispatcherServlet] [http-nio-8080-exec-1] [INFO] - Completed initialization in 0 ms
[2026-09-20 08:45:57.671] [gas-forecast] [] [] [c.g.forecast.common.web.WebLogAspect] [http-nio-8080-exec-1] [INFO] - Request [执行模型训练] POST /gas-forecast/model-train-execution/execute args={reqDTO=ModelTrainExecuteReqDTO[trainCode=TRAIN-20260918165056-9486, configCode=null]}
[2026-09-20 08:45:57.673] [gas-forecast] [] [] [com.zaxxer.hikari.HikariDataSource] [http-nio-8080-exec-1] [INFO] - HikariPool-1 - Starting...
[2026-09-20 08:45:57.730] [gas-forecast] [] [] [com.zaxxer.hikari.pool.HikariPool] [http-nio-8080-exec-1] [INFO] - HikariPool-1 - Added connection com.mysql.cj.jdbc.ConnectionImpl@66fbb82b
[2026-09-20 08:45:57.731] [gas-forecast] [] [] [com.zaxxer.hikari.HikariDataSource] [http-nio-8080-exec-1] [INFO] - HikariPool-1 - Start completed.
[2026-09-20 08:46:00.243] [gas-forecast] [] [] [c.g.forecast.common.web.WebLogAspect] [http-nio-8080-exec-6] [INFO] - Request [模型列表查询] POST /gas-forecast/model-config/listPage args={reqDTO=ModelConfigPageReqDTO[page=1, size=1000, keyword=null]}
[2026-09-20 08:46:00.244] [gas-forecast] [] [] [c.g.forecast.common.web.WebLogAspect] [http-nio-8080-exec-7] [INFO] - Request [模型训练配置列表查询] POST /gas-forecast/model-train-config/listPage args={reqDTO=ModelTrainConfigPageReqDTO[page=1, size=10, keyword=null, agentCode=null, timeGranularity=null]}
[2026-09-20 08:46:00.285] [gas-forecast] [] [] [c.g.forecast.common.web.WebLogAspect] [http-nio-8080-exec-7] [INFO] - Request [模型训练配置列表查询] completed in 42 ms
[2026-09-20 08:46:00.296] [gas-forecast] [] [] [c.g.forecast.common.web.WebLogAspect] [http-nio-8080-exec-6] [INFO] - Request [模型列表查询] completed in 53 ms
[2026-09-20 08:46:00.364] [gas-forecast] [] [] [c.g.forecast.common.web.WebLogAspect] [http-nio-8080-exec-2] [INFO] - Request [获取当前登录用户权限] GET /gas-forecast/auth/permissions args={}
[2026-09-20 08:46:00.372] [gas-forecast] [] [] [c.g.forecast.common.web.WebLogAspect] [http-nio-8080-exec-5] [INFO] - Request [行业列表查询] POST /gas-forecast/base-industry/listPage args={reqDTO=BaseIndustryPageReqDTO[page=1, size=1000, keyword=null]}
[2026-09-20 08:46:00.372] [gas-forecast] [] [] [c.g.forecast.common.web.WebLogAspect] [http-nio-8080-exec-4] [INFO] - Request [客户列表分页查询] POST /gas-forecast/base-customer/listPage args={reqDTO=BaseCustomerPageReqDTO[page=1, size=1000, keyword=null]}
[2026-09-20 08:46:00.372] [gas-forecast] [] [] [c.g.forecast.common.web.WebLogAspect] [http-nio-8080-exec-2] [INFO] - Request [获取当前登录用户权限] completed in 8 ms
[2026-09-20 08:46:00.372] [gas-forecast] [] [] [c.g.forecast.common.web.WebLogAspect] [http-nio-8080-exec-3] [INFO] - Request [区域列表查询] POST /gas-forecast/base-region/listPage args={reqDTO=BaseRegionPageReqDTO[page=1, size=1000, keyword=null]}
[2026-09-20 08:46:00.379] [gas-forecast] [] [] [c.g.forecast.common.web.WebLogAspect] [http-nio-8080-exec-5] [INFO] - Request [行业列表查询] completed in 8 ms
[2026-09-20 08:46:00.379] [gas-forecast] [] [] [c.g.forecast.common.web.WebLogAspect] [http-nio-8080-exec-4] [INFO] - Request [客户列表分页查询] completed in 7 ms
[2026-09-20 08:46:00.379] [gas-forecast] [] [] [c.g.forecast.common.web.WebLogAspect] [http-nio-8080-exec-3] [INFO] - Request [区域列表查询] completed in 7 ms
[2026-09-20 08:46:01.700] [gas-forecast] [] [] [c.g.forecast.common.web.WebLogAspect] [http-nio-8080-exec-8] [INFO] - Request [模型列表查询] POST /gas-forecast/model-config/listPage args={reqDTO=ModelConfigPageReqDTO[page=1, size=1000, keyword=null]}
[2026-09-20 08:46:01.705] [gas-forecast] [] [] [c.g.forecast.common.web.WebLogAspect] [http-nio-8080-exec-9] [INFO] - Request [行业列表查询] POST /gas-forecast/base-industry/listPage args={reqDTO=BaseIndustryPageReqDTO[page=1, size=1000, keyword=null]}
[2026-09-20 08:46:01.705] [gas-forecast] [] [] [c.g.forecast.common.web.WebLogAspect] [http-nio-8080-exec-1] [INFO] - Request [客户列表分页查询] POST /gas-forecast/base-customer/listPage args={reqDTO=BaseCustomerPageReqDTO[page=1, size=1000, keyword=null]}
[2026-09-20 08:46:01.705] [gas-forecast] [] [] [c.g.forecast.common.web.WebLogAspect] [http-nio-8080-exec-10] [INFO] - Request [区域列表查询] POST /gas-forecast/base-region/listPage args={reqDTO=BaseRegionPageReqDTO[page=1, size=1000, keyword=null]}
[2026-09-20 08:46:01.709] [gas-forecast] [] [] [c.g.forecast.common.web.WebLogAspect] [http-nio-8080-exec-10] [INFO] - Request [区域列表查询] completed in 4 ms
[2026-09-20 08:46:01.710] [gas-forecast] [] [] [c.g.forecast.common.web.WebLogAspect] [http-nio-8080-exec-1] [INFO] - Request [客户列表分页查询] completed in 5 ms
[2026-09-20 08:46:01.712] [gas-forecast] [] [] [c.g.forecast.common.web.WebLogAspect] [http-nio-8080-exec-8] [INFO] - Request [模型列表查询] completed in 12 ms
[2026-09-20 08:46:01.713] [gas-forecast] [] [] [c.g.forecast.common.web.WebLogAspect] [http-nio-8080-exec-9] [INFO] - Request [行业列表查询] completed in 8 ms
[2026-09-20 08:46:06.118] [gas-forecast] [] [] [c.g.forecast.common.web.WebLogAspect] [http-nio-8080-exec-7] [INFO] - Request [编辑模型训练配置] POST /gas-forecast/model-train-config/update args={reqDTO=ModelTrainConfigUpdateReqDTO[id=1, trainCode=TRAIN-20260918165056-9486, trainName=测试北京训练, agentCode=winter-supply, modelCode=MODEL000001, modelName=冬季保供模型, regionCode=REG000005, regionName=北京, industryCode=, industryName=, customerCode=, customerName=, trainStartDate=null, trainEndDate=null, trainMode=RECENT, timeGranularity=TENDAY, recentPeriods=36, enabled=1, remark=]}
[2026-09-20 08:46:06.129] [gas-forecast] [] [] [c.g.forecast.common.web.WebLogAspect] [http-nio-8080-exec-7] [INFO] - Request [编辑模型训练配置] completed in 13 ms
[2026-09-20 08:46:06.137] [gas-forecast] [] [] [c.g.forecast.common.web.WebLogAspect] [http-nio-8080-exec-6] [INFO] - Request [训练特征数据列表查询] POST /gas-forecast/model-train-feature-data/listPage args={reqDTO=ModelTrainFeatureDataPageReqDTO[page=1, size=36, keyword=null, timeGranularity=TENDAY, statDate=null, regionCode=REG000005, industryCode=null, customerCode=null, statDateStart=null, statDateEnd=null, sortField=statDate, sortOrder=desc]}
[2026-09-20 08:46:06.197] [gas-forecast] [] [] [c.g.forecast.common.web.WebLogAspect] [http-nio-8080-exec-6] [INFO] - Request [训练特征数据列表查询] completed in 61 ms
[2026-09-20 08:46:06.208] [gas-forecast] [] [] [c.g.forecast.common.web.WebLogAspect] [http-nio-8080-exec-2] [INFO] - Request [模型训练配置列表查询] POST /gas-forecast/model-train-config/listPage args={reqDTO=ModelTrainConfigPageReqDTO[page=1, size=10, keyword=null, agentCode=null, timeGranularity=null]}
[2026-09-20 08:46:06.213] [gas-forecast] [] [] [c.g.forecast.common.web.WebLogAspect] [http-nio-8080-exec-2] [INFO] - Request [模型训练配置列表查询] completed in 5 ms
[2026-09-20 08:46:07.488] [gas-forecast] [] [] [c.g.forecast.common.web.WebLogAspect] [http-nio-8080-exec-5] [INFO] - Request [执行模型训练] POST /gas-forecast/model-train-execution/execute args={reqDTO=ModelTrainExecuteReqDTO[trainCode=TRAIN-20260918165056-9486, configCode=null]}
[2026-09-20 08:48:35.214] [gas-forecast] [] [] [com.zaxxer.hikari.HikariDataSource] [SpringApplicationShutdownHook] [INFO] - HikariPool-1 - Shutdown initiated...
[2026-09-20 08:48:35.215] [gas-forecast] [] [] [com.zaxxer.hikari.HikariDataSource] [SpringApplicationShutdownHook] [INFO] - HikariPool-1 - Shutdown completed.
[2026-09-20 08:48:36.887] [gas-forecast] [] [] [o.h.validator.internal.util.Version] [background-preinit] [INFO] - HV000001: Hibernate Validator 8.0.1.Final
[2026-09-20 08:48:36.898] [gas-forecast] [] [] [c.g.f.GasForecastStartupApplication] [main] [INFO] - Starting GasForecastStartupApplication using Java 21.0.11 with PID 80581 (/Users/zoujun/work/workspace/shiyou/gas-forecast/gas-forecast-startup/target/classes started by zoujun in /Users/zoujun/work/workspace/shiyou/gas-forecast)
[2026-09-20 08:48:36.898] [gas-forecast] [] [] [c.g.f.GasForecastStartupApplication] [main] [INFO] - The following 1 profile is active: "dev"
[2026-09-20 08:48:37.170] [gas-forecast] [] [] [o.s.d.r.c.RepositoryConfigurationDelegate] [main] [INFO] - Multiple Spring Data modules found, entering strict repository configuration mode
[2026-09-20 08:48:37.171] [gas-forecast] [] [] [o.s.d.r.c.RepositoryConfigurationDelegate] [main] [INFO] - Bootstrapping Spring Data Redis repositories in DEFAULT mode.
[2026-09-20 08:48:37.189] [gas-forecast] [] [] [o.s.d.r.c.RepositoryConfigurationDelegate] [main] [INFO] - Finished Spring Data repository scanning in 12 ms. Found 0 Redis repository interfaces.
[2026-09-20 08:48:37.470] [gas-forecast] [] [] [o.s.b.w.e.tomcat.TomcatWebServer] [main] [INFO] - Tomcat initialized with port 8080 (http)
[2026-09-20 08:48:37.474] [gas-forecast] [] [] [o.a.coyote.http11.Http11NioProtocol] [main] [INFO] - Initializing ProtocolHandler ["http-nio-8080"]
[2026-09-20 08:48:37.475] [gas-forecast] [] [] [o.a.catalina.core.StandardService] [main] [INFO] - Starting service [Tomcat]
[2026-09-20 08:48:37.475] [gas-forecast] [] [] [o.a.catalina.core.StandardEngine] [main] [INFO] - Starting Servlet engine: [Apache Tomcat/10.1.20]
[2026-09-20 08:48:37.492] [gas-forecast] [] [] [o.a.c.c.C.[.[.[/gas-forecast]] [main] [INFO] - Initializing Spring embedded WebApplicationContext
[2026-09-20 08:48:37.492] [gas-forecast] [] [] [o.s.b.w.s.c.ServletWebServerApplicationContext] [main] [INFO] - Root WebApplicationContext: initialization completed in 578 ms
[2026-09-20 08:48:38.171] [gas-forecast] [] [] [o.a.coyote.http11.Http11NioProtocol] [main] [INFO] - Starting ProtocolHandler ["http-nio-8080"]
[2026-09-20 08:48:38.178] [gas-forecast] [] [] [o.s.b.w.e.tomcat.TomcatWebServer] [main] [INFO] - Tomcat started on port 8080 (http) with context path '/gas-forecast'
[2026-09-20 08:48:38.182] [gas-forecast] [] [] [c.g.f.GasForecastStartupApplication] [main] [INFO] - Started GasForecastStartupApplication in 1.488 seconds (process running for 1.738)
[2026-09-20 08:48:42.890] [gas-forecast] [] [] [o.a.c.c.C.[.[.[/gas-forecast]] [http-nio-8080-exec-1] [INFO] - Initializing Spring DispatcherServlet 'dispatcherServlet'
[2026-09-20 08:48:42.890] [gas-forecast] [] [] [o.s.web.servlet.DispatcherServlet] [http-nio-8080-exec-1] [INFO] - Initializing Servlet 'dispatcherServlet'
[2026-09-20 08:48:42.891] [gas-forecast] [] [] [o.s.web.servlet.DispatcherServlet] [http-nio-8080-exec-1] [INFO] - Completed initialization in 1 ms
[2026-09-20 08:48:42.948] [gas-forecast] [] [] [c.g.forecast.common.web.WebLogAspect] [http-nio-8080-exec-1] [INFO] - Request [执行模型训练] POST /gas-forecast/model-train-execution/execute args={reqDTO=ModelTrainExecuteReqDTO[trainCode=TRAIN-20260918165056-9486, configCode=null]}
[2026-09-20 08:48:42.950] [gas-forecast] [] [] [com.zaxxer.hikari.HikariDataSource] [http-nio-8080-exec-1] [INFO] - HikariPool-1 - Starting...
[2026-09-20 08:48:43.008] [gas-forecast] [] [] [com.zaxxer.hikari.pool.HikariPool] [http-nio-8080-exec-1] [INFO] - HikariPool-1 - Added connection com.mysql.cj.jdbc.ConnectionImpl@2bd8db17
[2026-09-20 08:48:43.008] [gas-forecast] [] [] [com.zaxxer.hikari.HikariDataSource] [http-nio-8080-exec-1] [INFO] - HikariPool-1 - Start completed.
[2026-09-20 08:49:37.353] [gas-forecast] [] [] [c.g.forecast.common.web.WebLogAspect] [http-nio-8080-exec-2] [INFO] - Request [执行模型训练] POST /gas-forecast/model-train-execution/execute args={reqDTO=ModelTrainExecuteReqDTO[trainCode=TRAIN-20260918165056-9486, configCode=null]}
[2026-09-20 08:49:37.397] [gas-forecast] [] [] [c.g.forecast.common.web.WebLogAspect] [http-nio-8080-exec-2] [INFO] - Request [执行模型训练] completed in 45 ms
[2026-09-20 08:49:41.649] [gas-forecast] [] [] [c.g.forecast.common.web.WebLogAspect] [http-nio-8080-exec-3] [INFO] - Request [查看模型训练结果] POST /gas-forecast/model-train-execution/result args={reqDTO={"id":1,"trainCode":"TRAIN-20260918165056-9486","trainName":"测试北京训练","agentCode":"winter-supply","modelCode":"MODEL000001","modelName":"冬季保供模型","regionCode":"REG000005","regionName":"北京","industryCode":"","industryName":"","customerCode":"","customerName":"","trainStartDate":null,"trainEndDate":null,"trainMode":"RECENT","timeGranularity":"TENDAY","recentPeriods":36,"enabled":1,"remark":"","createdBy":"system","createdByName":"系统","createdAt":"2026-09-18 16:50:57","updatedAt":"2026-09-20 08:46:06"}}
[2026-09-20 08:49:41.654] [gas-forecast] [] [] [c.g.forecast.common.web.WebLogAspect] [http-nio-8080-exec-3] [INFO] - Request [查看模型训练结果] completed in 5 ms
[2026-09-20 08:51:25.837] [gas-forecast] [] [] [c.g.forecast.common.web.WebLogAspect] [http-nio-8080-exec-4] [INFO] - Request [模型列表查询] POST /gas-forecast/model-config/listPage args={reqDTO=ModelConfigPageReqDTO[page=1, size=1000, keyword=null]}
[2026-09-20 08:51:25.838] [gas-forecast] [] [] [c.g.forecast.common.web.WebLogAspect] [http-nio-8080-exec-8] [INFO] - Request [模型训练配置列表查询] POST /gas-forecast/model-train-config/listPage args={reqDTO=ModelTrainConfigPageReqDTO[page=1, size=10, keyword=null, agentCode=null, timeGranularity=null]}
[2026-09-20 08:51:25.881] [gas-forecast] [] [] [c.g.forecast.common.web.WebLogAspect] [http-nio-8080-exec-8] [INFO] - Request [模型训练配置列表查询] completed in 44 ms
[2026-09-20 08:51:25.893] [gas-forecast] [] [] [c.g.forecast.common.web.WebLogAspect] [http-nio-8080-exec-4] [INFO] - Request [模型列表查询] completed in 56 ms
[2026-09-20 08:51:25.990] [gas-forecast] [] [] [c.g.forecast.common.web.WebLogAspect] [http-nio-8080-exec-6] [INFO] - Request [行业列表查询] POST /gas-forecast/base-industry/listPage args={reqDTO=BaseIndustryPageReqDTO[page=1, size=1000, keyword=null]}
[2026-09-20 08:51:25.990] [gas-forecast] [] [] [c.g.forecast.common.web.WebLogAspect] [http-nio-8080-exec-5] [INFO] - Request [区域列表查询] POST /gas-forecast/base-region/listPage args={reqDTO=BaseRegionPageReqDTO[page=1, size=1000, keyword=null]}
[2026-09-20 08:51:25.990] [gas-forecast] [] [] [c.g.forecast.common.web.WebLogAspect] [http-nio-8080-exec-7] [INFO] - Request [客户列表分页查询] POST /gas-forecast/base-customer/listPage args={reqDTO=BaseCustomerPageReqDTO[page=1, size=1000, keyword=null]}
[2026-09-20 08:51:25.997] [gas-forecast] [] [] [c.g.forecast.common.web.WebLogAspect] [http-nio-8080-exec-6] [INFO] - Request [行业列表查询] completed in 8 ms
[2026-09-20 08:51:25.997] [gas-forecast] [] [] [c.g.forecast.common.web.WebLogAspect] [http-nio-8080-exec-5] [INFO] - Request [区域列表查询] completed in 8 ms
[2026-09-20 08:51:25.997] [gas-forecast] [] [] [c.g.forecast.common.web.WebLogAspect] [http-nio-8080-exec-7] [INFO] - Request [客户列表分页查询] completed in 7 ms
[2026-09-20 08:51:42.340] [gas-forecast] [] [] [c.g.forecast.common.web.WebLogAspect] [http-nio-8080-exec-9] [INFO] - Request [模型列表查询] POST /gas-forecast/model-config/listPage args={reqDTO=ModelConfigPageReqDTO[page=1, size=1000, keyword=null]}
[2026-09-20 08:51:42.341] [gas-forecast] [] [] [c.g.forecast.common.web.WebLogAspect] [http-nio-8080-exec-2] [INFO] - Request [模型训练配置列表查询] POST /gas-forecast/model-train-config/listPage args={reqDTO=ModelTrainConfigPageReqDTO[page=1, size=10, keyword=null, agentCode=null, timeGranularity=null]}
[2026-09-20 08:51:42.345] [gas-forecast] [] [] [c.g.forecast.common.web.WebLogAspect] [http-nio-8080-exec-1] [INFO] - Request [区域列表查询] POST /gas-forecast/base-region/listPage args={reqDTO=BaseRegionPageReqDTO[page=1, size=1000, keyword=null]}
[2026-09-20 08:51:42.346] [gas-forecast] [] [] [c.g.forecast.common.web.WebLogAspect] [http-nio-8080-exec-3] [INFO] - Request [客户列表分页查询] POST /gas-forecast/base-customer/listPage args={reqDTO=BaseCustomerPageReqDTO[page=1, size=1000, keyword=null]}
[2026-09-20 08:51:42.346] [gas-forecast] [] [] [c.g.forecast.common.web.WebLogAspect] [http-nio-8080-exec-10] [INFO] - Request [行业列表查询] POST /gas-forecast/base-industry/listPage args={reqDTO=BaseIndustryPageReqDTO[page=1, size=1000, keyword=null]}
[2026-09-20 08:51:42.346] [gas-forecast] [] [] [c.g.forecast.common.web.WebLogAspect] [http-nio-8080-exec-2] [INFO] - Request [模型训练配置列表查询] completed in 5 ms
[2026-09-20 08:51:42.348] [gas-forecast] [] [] [c.g.forecast.common.web.WebLogAspect] [http-nio-8080-exec-1] [INFO] - Request [区域列表查询] completed in 3 ms
[2026-09-20 08:51:42.350] [gas-forecast] [] [] [c.g.forecast.common.web.WebLogAspect] [http-nio-8080-exec-3] [INFO] - Request [客户列表分页查询] completed in 4 ms
[2026-09-20 08:51:42.351] [gas-forecast] [] [] [c.g.forecast.common.web.WebLogAspect] [http-nio-8080-exec-9] [INFO] - Request [模型列表查询] completed in 11 ms
[2026-09-20 08:51:42.352] [gas-forecast] [] [] [c.g.forecast.common.web.WebLogAspect] [http-nio-8080-exec-10] [INFO] - Request [行业列表查询] completed in 6 ms
[2026-09-20 08:53:30.976] [gas-forecast] [] [] [com.zaxxer.hikari.HikariDataSource] [SpringApplicationShutdownHook] [INFO] - HikariPool-1 - Shutdown initiated...
[2026-09-20 08:53:30.978] [gas-forecast] [] [] [com.zaxxer.hikari.HikariDataSource] [SpringApplicationShutdownHook] [INFO] - HikariPool-1 - Shutdown completed.
[2026-09-20 08:53:33.907] [gas-forecast] [] [] [o.h.validator.internal.util.Version] [background-preinit] [INFO] - HV000001: Hibernate Validator 8.0.1.Final
[2026-09-20 08:53:33.918] [gas-forecast] [] [] [c.g.f.GasForecastStartupApplication] [main] [INFO] - Starting GasForecastStartupApplication using Java 21.0.11 with PID 82601 (/Users/zoujun/work/workspace/shiyou/gas-forecast/gas-forecast-startup/target/classes started by zoujun in /Users/zoujun/work/workspace/shiyou/gas-forecast)
[2026-09-20 08:53:33.918] [gas-forecast] [] [] [c.g.f.GasForecastStartupApplication] [main] [INFO] - The following 1 profile is active: "dev"
[2026-09-20 08:53:34.205] [gas-forecast] [] [] [o.s.d.r.c.RepositoryConfigurationDelegate] [main] [INFO] - Multiple Spring Data modules found, entering strict repository configuration mode
[2026-09-20 08:53:34.206] [gas-forecast] [] [] [o.s.d.r.c.RepositoryConfigurationDelegate] [main] [INFO] - Bootstrapping Spring Data Redis repositories in DEFAULT mode.
[2026-09-20 08:53:34.224] [gas-forecast] [] [] [o.s.d.r.c.RepositoryConfigurationDelegate] [main] [INFO] - Finished Spring Data repository scanning in 11 ms. Found 0 Redis repository interfaces.
[2026-09-20 08:53:34.523] [gas-forecast] [] [] [o.s.b.w.e.tomcat.TomcatWebServer] [main] [INFO] - Tomcat initialized with port 8080 (http)
[2026-09-20 08:53:34.528] [gas-forecast] [] [] [o.a.coyote.http11.Http11NioProtocol] [main] [INFO] - Initializing ProtocolHandler ["http-nio-8080"]
[2026-09-20 08:53:34.528] [gas-forecast] [] [] [o.a.catalina.core.StandardService] [main] [INFO] - Starting service [Tomcat]
[2026-09-20 08:53:34.528] [gas-forecast] [] [] [o.a.catalina.core.StandardEngine] [main] [INFO] - Starting Servlet engine: [Apache Tomcat/10.1.20]
[2026-09-20 08:53:34.547] [gas-forecast] [] [] [o.a.c.c.C.[.[.[/gas-forecast]] [main] [INFO] - Initializing Spring embedded WebApplicationContext
[2026-09-20 08:53:34.548] [gas-forecast] [] [] [o.s.b.w.s.c.ServletWebServerApplicationContext] [main] [INFO] - Root WebApplicationContext: initialization completed in 614 ms
[2026-09-20 08:53:35.256] [gas-forecast] [] [] [o.a.coyote.http11.Http11NioProtocol] [main] [INFO] - Starting ProtocolHandler ["http-nio-8080"]
[2026-09-20 08:53:35.263] [gas-forecast] [] [] [o.s.b.w.e.tomcat.TomcatWebServer] [main] [INFO] - Tomcat started on port 8080 (http) with context path '/gas-forecast'
[2026-09-20 08:53:35.267] [gas-forecast] [] [] [c.g.f.GasForecastStartupApplication] [main] [INFO] - Started GasForecastStartupApplication in 1.559 seconds (process running for 1.843)
[2026-09-20 08:53:44.728] [gas-forecast] [] [] [o.a.c.c.C.[.[.[/gas-forecast]] [http-nio-8080-exec-1] [INFO] - Initializing Spring DispatcherServlet 'dispatcherServlet'
[2026-09-20 08:53:44.728] [gas-forecast] [] [] [o.s.web.servlet.DispatcherServlet] [http-nio-8080-exec-1] [INFO] - Initializing Servlet 'dispatcherServlet'
[2026-09-20 08:53:44.728] [gas-forecast] [] [] [o.s.web.servlet.DispatcherServlet] [http-nio-8080-exec-1] [INFO] - Completed initialization in 0 ms
[2026-09-20 08:53:44.794] [gas-forecast] [] [] [c.g.forecast.common.web.WebLogAspect] [http-nio-8080-exec-1] [INFO] - Request [特征定义列表查询] POST /gas-forecast/model-feature-definition/listPage args={reqDTO=ModelFeatureDefinitionPageReqDTO[page=1, size=10, keyword=null, timeGranularity=null]}
[2026-09-20 08:53:44.843] [gas-forecast] [] [] [com.zaxxer.hikari.HikariDataSource] [http-nio-8080-exec-1] [INFO] - HikariPool-1 - Starting...
[2026-09-20 08:53:44.903] [gas-forecast] [] [] [com.zaxxer.hikari.pool.HikariPool] [http-nio-8080-exec-1] [INFO] - HikariPool-1 - Added connection com.mysql.cj.jdbc.ConnectionImpl@4423d403
[2026-09-20 08:53:44.904] [gas-forecast] [] [] [com.zaxxer.hikari.HikariDataSource] [http-nio-8080-exec-1] [INFO] - HikariPool-1 - Start completed.
[2026-09-20 08:53:44.937] [gas-forecast] [] [] [c.g.forecast.common.web.WebLogAspect] [http-nio-8080-exec-1] [INFO] - Request [特征定义列表查询] completed in 144 ms
[2026-09-20 08:53:46.360] [gas-forecast] [] [] [c.g.forecast.common.web.WebLogAspect] [http-nio-8080-exec-2] [INFO] - Request [训练特征数据列表查询] POST /gas-forecast/model-train-feature-data/listPage args={reqDTO=ModelTrainFeatureDataPageReqDTO[page=1, size=10, keyword=null, timeGranularity=null, statDate=null, regionCode=null, industryCode=null, customerCode=null, statDateStart=null, statDateEnd=null, sortField=null, sortOrder=null]}
[2026-09-20 08:53:46.404] [gas-forecast] [] [] [c.g.forecast.common.web.WebLogAspect] [http-nio-8080-exec-2] [INFO] - Request [训练特征数据列表查询] completed in 48 ms
[2026-09-20 08:53:50.316] [gas-forecast] [] [] [c.g.forecast.common.web.WebLogAspect] [http-nio-8080-exec-3] [INFO] - Request [模型列表查询] POST /gas-forecast/model-config/listPage args={reqDTO=ModelConfigPageReqDTO[page=1, size=10, keyword=null]}
[2026-09-20 08:53:50.338] [gas-forecast] [] [] [c.g.forecast.common.web.WebLogAspect] [http-nio-8080-exec-3] [INFO] - Request [模型列表查询] completed in 22 ms
[2026-09-20 09:01:45.739] [gas-forecast] [] [] [c.g.forecast.common.web.WebLogAspect] [http-nio-8080-exec-4] [INFO] - Request [模型列表查询] POST /gas-forecast/model-config/listPage args={reqDTO=ModelConfigPageReqDTO[page=1, size=10, keyword=null]}
[2026-09-20 09:01:45.762] [gas-forecast] [] [] [c.g.forecast.common.web.WebLogAspect] [http-nio-8080-exec-4] [INFO] - Request [模型列表查询] completed in 23 ms
[2026-09-20 09:03:36.268] [gas-forecast] [] [] [c.g.forecast.common.web.WebLogAspect] [http-nio-8080-exec-5] [INFO] - Request [模型列表查询] POST /gas-forecast/model-config/listPage args={reqDTO=ModelConfigPageReqDTO[page=1, size=10, keyword=null]}
[2026-09-20 09:03:36.292] [gas-forecast] [] [] [c.g.forecast.common.web.WebLogAspect] [http-nio-8080-exec-5] [INFO] - Request [模型列表查询] completed in 24 ms
[2026-09-20 09:04:41.873] [gas-forecast] [] [] [com.zaxxer.hikari.HikariDataSource] [SpringApplicationShutdownHook] [INFO] - HikariPool-1 - Shutdown initiated...
[2026-09-20 09:04:41.874] [gas-forecast] [] [] [com.zaxxer.hikari.HikariDataSource] [SpringApplicationShutdownHook] [INFO] - HikariPool-1 - Shutdown completed.
[2026-09-20 09:04:43.858] [gas-forecast] [] [] [o.h.validator.internal.util.Version] [background-preinit] [INFO] - HV000001: Hibernate Validator 8.0.1.Final
[2026-09-20 09:04:43.867] [gas-forecast] [] [] [c.g.f.GasForecastStartupApplication] [main] [INFO] - Starting GasForecastStartupApplication using Java 21.0.11 with PID 86568 (/Users/zoujun/work/workspace/shiyou/gas-forecast/gas-forecast-startup/target/classes started by zoujun in /Users/zoujun/work/workspace/shiyou/gas-forecast)
[2026-09-20 09:04:43.867] [gas-forecast] [] [] [c.g.f.GasForecastStartupApplication] [main] [INFO] - The following 1 profile is active: "dev"
[2026-09-20 09:04:44.130] [gas-forecast] [] [] [o.s.d.r.c.RepositoryConfigurationDelegate] [main] [INFO] - Multiple Spring Data modules found, entering strict repository configuration mode
[2026-09-20 09:04:44.132] [gas-forecast] [] [] [o.s.d.r.c.RepositoryConfigurationDelegate] [main] [INFO] - Bootstrapping Spring Data Redis repositories in DEFAULT mode.
[2026-09-20 09:04:44.148] [gas-forecast] [] [] [o.s.d.r.c.RepositoryConfigurationDelegate] [main] [INFO] - Finished Spring Data repository scanning in 10 ms. Found 0 Redis repository interfaces.
[2026-09-20 09:04:44.420] [gas-forecast] [] [] [o.s.b.w.e.tomcat.TomcatWebServer] [main] [INFO] - Tomcat initialized with port 8080 (http)
[2026-09-20 09:04:44.424] [gas-forecast] [] [] [o.a.coyote.http11.Http11NioProtocol] [main] [INFO] - Initializing ProtocolHandler ["http-nio-8080"]
[2026-09-20 09:04:44.425] [gas-forecast] [] [] [o.a.catalina.core.StandardService] [main] [INFO] - Starting service [Tomcat]
[2026-09-20 09:04:44.425] [gas-forecast] [] [] [o.a.catalina.core.StandardEngine] [main] [INFO] - Starting Servlet engine: [Apache Tomcat/10.1.20]
[2026-09-20 09:04:44.441] [gas-forecast] [] [] [o.a.c.c.C.[.[.[/gas-forecast]] [main] [INFO] - Initializing Spring embedded WebApplicationContext
[2026-09-20 09:04:44.441] [gas-forecast] [] [] [o.s.b.w.s.c.ServletWebServerApplicationContext] [main] [INFO] - Root WebApplicationContext: initialization completed in 558 ms
[2026-09-20 09:04:45.121] [gas-forecast] [] [] [o.a.coyote.http11.Http11NioProtocol] [main] [INFO] - Starting ProtocolHandler ["http-nio-8080"]
[2026-09-20 09:04:45.129] [gas-forecast] [] [] [o.s.b.w.e.tomcat.TomcatWebServer] [main] [INFO] - Tomcat started on port 8080 (http) with context path '/gas-forecast'
[2026-09-20 09:04:45.132] [gas-forecast] [] [] [c.g.f.GasForecastStartupApplication] [main] [INFO] - Started GasForecastStartupApplication in 1.444 seconds (process running for 1.714)
[2026-09-20 09:04:52.301] [gas-forecast] [] [] [o.a.c.c.C.[.[.[/gas-forecast]] [http-nio-8080-exec-1] [INFO] - Initializing Spring DispatcherServlet 'dispatcherServlet'
[2026-09-20 09:04:52.302] [gas-forecast] [] [] [o.s.web.servlet.DispatcherServlet] [http-nio-8080-exec-1] [INFO] - Initializing Servlet 'dispatcherServlet'
[2026-09-20 09:04:52.303] [gas-forecast] [] [] [o.s.web.servlet.DispatcherServlet] [http-nio-8080-exec-1] [INFO] - Completed initialization in 1 ms
[2026-09-20 09:04:52.370] [gas-forecast] [] [] [c.g.forecast.common.web.WebLogAspect] [http-nio-8080-exec-2] [INFO] - Request [模型列表查询] POST /gas-forecast/model-config/listPage args={reqDTO=ModelConfigPageReqDTO[page=1, size=10, keyword=null]}
[2026-09-20 09:04:52.426] [gas-forecast] [] [] [com.zaxxer.hikari.HikariDataSource] [http-nio-8080-exec-2] [INFO] - HikariPool-1 - Starting...
[2026-09-20 09:04:52.475] [gas-forecast] [] [] [c.g.forecast.common.web.WebLogAspect] [http-nio-8080-exec-1] [INFO] - Request [获取当前登录用户权限] GET /gas-forecast/auth/permissions args={}
[2026-09-20 09:04:52.501] [gas-forecast] [] [] [com.zaxxer.hikari.pool.HikariPool] [http-nio-8080-exec-2] [INFO] - HikariPool-1 - Added connection com.mysql.cj.jdbc.ConnectionImpl@2c9d9c44
[2026-09-20 09:04:52.502] [gas-forecast] [] [] [com.zaxxer.hikari.HikariDataSource] [http-nio-8080-exec-2] [INFO] - HikariPool-1 - Start completed.
[2026-09-20 09:04:52.546] [gas-forecast] [] [] [c.g.forecast.common.web.WebLogAspect] [http-nio-8080-exec-1] [INFO] - Request [获取当前登录用户权限] completed in 71 ms
[2026-09-20 09:04:55.809] [gas-forecast] [] [] [c.g.forecast.common.web.WebLogAspect] [http-nio-8080-exec-3] [INFO] - Request [获取当前登录用户权限] GET /gas-forecast/auth/permissions args={}
[2026-09-20 09:04:55.822] [gas-forecast] [] [] [c.g.forecast.common.web.WebLogAspect] [http-nio-8080-exec-3] [INFO] - Request [获取当前登录用户权限] completed in 13 ms
[2026-09-20 09:04:55.828] [gas-forecast] [] [] [c.g.forecast.common.web.WebLogAspect] [http-nio-8080-exec-4] [INFO] - Request [模型列表查询] POST /gas-forecast/model-config/listPage args={reqDTO=ModelConfigPageReqDTO[page=1, size=10, keyword=null]}
[2026-09-20 09:04:56.456] [gas-forecast] [] [] [c.g.forecast.common.web.WebLogAspect] [http-nio-8080-exec-5] [INFO] - Request [获取当前登录用户权限] GET /gas-forecast/auth/permissions args={}
[2026-09-20 09:04:56.467] [gas-forecast] [] [] [c.g.forecast.common.web.WebLogAspect] [http-nio-8080-exec-5] [INFO] - Request [获取当前登录用户权限] completed in 11 ms
[2026-09-20 09:04:56.475] [gas-forecast] [] [] [c.g.forecast.common.web.WebLogAspect] [http-nio-8080-exec-6] [INFO] - Request [模型列表查询] POST /gas-forecast/model-config/listPage args={reqDTO=ModelConfigPageReqDTO[page=1, size=10, keyword=null]}
[2026-09-20 09:04:56.736] [gas-forecast] [] [] [c.g.forecast.common.web.WebLogAspect] [http-nio-8080-exec-7] [INFO] - Request [获取当前登录用户权限] GET /gas-forecast/auth/permissions args={}
[2026-09-20 09:04:56.747] [gas-forecast] [] [] [c.g.forecast.common.web.WebLogAspect] [http-nio-8080-exec-7] [INFO] - Request [获取当前登录用户权限] completed in 11 ms
[2026-09-20 09:04:56.757] [gas-forecast] [] [] [c.g.forecast.common.web.WebLogAspect] [http-nio-8080-exec-8] [INFO] - Request [模型列表查询] POST /gas-forecast/model-config/listPage args={reqDTO=ModelConfigPageReqDTO[page=1, size=10, keyword=null]}
[2026-09-20 09:04:57.158] [gas-forecast] [] [] [c.g.forecast.common.web.WebLogAspect] [http-nio-8080-exec-9] [INFO] - Request [获取当前登录用户权限] GET /gas-forecast/auth/permissions args={}
[2026-09-20 09:04:57.166] [gas-forecast] [] [] [c.g.forecast.common.web.WebLogAspect] [http-nio-8080-exec-9] [INFO] - Request [获取当前登录用户权限] completed in 8 ms
[2026-09-20 09:04:57.176] [gas-forecast] [] [] [c.g.forecast.common.web.WebLogAspect] [http-nio-8080-exec-10] [INFO] - Request [模型列表查询] POST /gas-forecast/model-config/listPage args={reqDTO=ModelConfigPageReqDTO[page=1, size=10, keyword=null]}
[2026-09-20 09:06:44.908] [gas-forecast] [] [] [c.g.forecast.common.web.WebLogAspect] [http-nio-8080-exec-1] [INFO] - Request [模型列表查询] POST /gas-forecast/model-config/listPage args={reqDTO=ModelConfigPageReqDTO[page=1, size=10, keyword=null]}
[2026-09-20 09:06:44.922] [gas-forecast] [] [] [c.g.forecast.common.web.WebLogAspect] [http-nio-8080-exec-1] [INFO] - Request [模型列表查询] completed in 14 ms
[2026-09-20 09:07:02.418] [gas-forecast] [] [] [c.g.forecast.common.web.WebLogAspect] [http-nio-8080-exec-2] [INFO] - Request [编辑模型] POST /gas-forecast/model-config/update args={reqDTO=ModelConfigUpdateReqDTO[id=1, configCode=WINTER_MODEL_V1.0, configName=冬季保供模型, modelVersion=V1.0, agentCode=winter-supply, sceneCode=WINTER_SUPPLY, regionCode=null, industryCode=null, customerCode=null, regionCodes=null, industryCodes=null, customerCodes=null, description=该模型支持所有省份，是多个模型的组合，会自动选择最佳模型进行预测]}
[2026-09-20 09:07:02.441] [gas-forecast] [] [] [c.g.forecast.common.web.WebLogAspect] [http-nio-8080-exec-2] [INFO] - Request [编辑模型] completed in 24 ms
[2026-09-20 09:07:02.445] [gas-forecast] [] [] [c.g.forecast.common.web.WebLogAspect] [http-nio-8080-exec-3] [INFO] - Request [模型列表查询] POST /gas-forecast/model-config/listPage args={reqDTO=ModelConfigPageReqDTO[page=1, size=10, keyword=null]}
[2026-09-20 09:07:02.456] [gas-forecast] [] [] [c.g.forecast.common.web.WebLogAspect] [http-nio-8080-exec-3] [INFO] - Request [模型列表查询] completed in 11 ms
[2026-09-20 09:07:06.969] [gas-forecast] [] [] [c.g.forecast.common.web.WebLogAspect] [http-nio-8080-exec-4] [INFO] - Request [模型列表查询] POST /gas-forecast/model-config/listPage args={reqDTO=ModelConfigPageReqDTO[page=1, size=1000, keyword=null]}
[2026-09-20 09:07:06.973] [gas-forecast] [] [] [c.g.forecast.common.web.WebLogAspect] [http-nio-8080-exec-8] [INFO] - Request [模型训练配置列表查询] POST /gas-forecast/model-train-config/listPage args={reqDTO=ModelTrainConfigPageReqDTO[page=1, size=10, keyword=null, agentCode=null, timeGranularity=null]}
[2026-09-20 09:07:06.976] [gas-forecast] [] [] [c.g.forecast.common.web.WebLogAspect] [http-nio-8080-exec-5] [INFO] - Request [区域列表查询] POST /gas-forecast/base-region/listPage args={reqDTO=BaseRegionPageReqDTO[page=1, size=1000, keyword=null]}
[2026-09-20 09:07:06.977] [gas-forecast] [] [] [c.g.forecast.common.web.WebLogAspect] [http-nio-8080-exec-7] [INFO] - Request [客户列表分页查询] POST /gas-forecast/base-customer/listPage args={reqDTO=BaseCustomerPageReqDTO[page=1, size=1000, keyword=null]}
[2026-09-20 09:07:06.977] [gas-forecast] [] [] [c.g.forecast.common.web.WebLogAspect] [http-nio-8080-exec-6] [INFO] - Request [行业列表查询] POST /gas-forecast/base-industry/listPage args={reqDTO=BaseIndustryPageReqDTO[page=1, size=1000, keyword=null]}
[2026-09-20 09:07:06.980] [gas-forecast] [] [] [c.g.forecast.common.web.WebLogAspect] [http-nio-8080-exec-8] [INFO] - Request [模型训练配置列表查询] completed in 8 ms
[2026-09-20 09:07:06.983] [gas-forecast] [] [] [c.g.forecast.common.web.WebLogAspect] [http-nio-8080-exec-6] [INFO] - Request [行业列表查询] completed in 6 ms
[2026-09-20 09:07:06.983] [gas-forecast] [] [] [c.g.forecast.common.web.WebLogAspect] [http-nio-8080-exec-5] [INFO] - Request [区域列表查询] completed in 7 ms
[2026-09-20 09:07:06.984] [gas-forecast] [] [] [c.g.forecast.common.web.WebLogAspect] [http-nio-8080-exec-7] [INFO] - Request [客户列表分页查询] completed in 7 ms
[2026-09-20 09:07:06.987] [gas-forecast] [] [] [c.g.forecast.common.web.WebLogAspect] [http-nio-8080-exec-4] [INFO] - Request [模型列表查询] completed in 18 ms
[2026-09-20 09:07:09.244] [gas-forecast] [] [] [c.g.forecast.common.web.WebLogAspect] [http-nio-8080-exec-9] [INFO] - Request [模型列表查询] POST /gas-forecast/model-config/listPage args={reqDTO=ModelConfigPageReqDTO[page=1, size=1000, keyword=null]}
[2026-09-20 09:07:09.248] [gas-forecast] [] [] [c.g.forecast.common.web.WebLogAspect] [http-nio-8080-exec-2] [INFO] - Request [行业列表查询] POST /gas-forecast/base-industry/listPage args={reqDTO=BaseIndustryPageReqDTO[page=1, size=1000, keyword=null]}
[2026-09-20 09:07:09.248] [gas-forecast] [] [] [c.g.forecast.common.web.WebLogAspect] [http-nio-8080-exec-1] [INFO] - Request [客户列表分页查询] POST /gas-forecast/base-customer/listPage args={reqDTO=BaseCustomerPageReqDTO[page=1, size=1000, keyword=null]}
[2026-09-20 09:07:09.248] [gas-forecast] [] [] [c.g.forecast.common.web.WebLogAspect] [http-nio-8080-exec-10] [INFO] - Request [区域列表查询] POST /gas-forecast/base-region/listPage args={reqDTO=BaseRegionPageReqDTO[page=1, size=1000, keyword=null]}
[2026-09-20 09:07:09.253] [gas-forecast] [] [] [c.g.forecast.common.web.WebLogAspect] [http-nio-8080-exec-2] [INFO] - Request [行业列表查询] completed in 5 ms
[2026-09-20 09:07:09.253] [gas-forecast] [] [] [c.g.forecast.common.web.WebLogAspect] [http-nio-8080-exec-10] [INFO] - Request [区域列表查询] completed in 5 ms
[2026-09-20 09:07:09.254] [gas-forecast] [] [] [c.g.forecast.common.web.WebLogAspect] [http-nio-8080-exec-1] [INFO] - Request [客户列表分页查询] completed in 6 ms
[2026-09-20 09:07:09.256] [gas-forecast] [] [] [c.g.forecast.common.web.WebLogAspect] [http-nio-8080-exec-9] [INFO] - Request [模型列表查询] completed in 12 ms
[2026-09-20 09:07:13.819] [gas-forecast] [] [] [c.g.forecast.common.web.WebLogAspect] [http-nio-8080-exec-3] [INFO] - Request [编辑模型训练配置] POST /gas-forecast/model-train-config/update args={reqDTO=ModelTrainConfigUpdateReqDTO[id=1, trainCode=TRAIN-20260918165056-9486, trainName=测试北京训练, agentCode=winter-supply, modelId=1, modelCode=WINTER_MODEL_V1.0, modelName=冬季保供模型, regionCode=REG000005, regionName=北京, industryCode=, industryName=, customerCode=, customerName=, trainStartDate=null, trainEndDate=null, trainMode=RECENT, timeGranularity=TENDAY, recentPeriods=36, enabled=1, remark=]}
[2026-09-20 09:07:13.827] [gas-forecast] [] [] [c.g.forecast.common.web.WebLogAspect] [http-nio-8080-exec-3] [INFO] - Request [编辑模型训练配置] completed in 10 ms
[2026-09-20 09:07:13.835] [gas-forecast] [] [] [c.g.forecast.common.web.WebLogAspect] [http-nio-8080-exec-8] [INFO] - Request [训练特征数据列表查询] POST /gas-forecast/model-train-feature-data/listPage args={reqDTO=ModelTrainFeatureDataPageReqDTO[page=1, size=36, keyword=null, timeGranularity=TENDAY, statDate=null, regionCode=REG000005, industryCode=null, customerCode=null, statDateStart=null, statDateEnd=null, sortField=statDate, sortOrder=desc]}
[2026-09-20 09:07:13.901] [gas-forecast] [] [] [c.g.forecast.common.web.WebLogAspect] [http-nio-8080-exec-8] [INFO] - Request [训练特征数据列表查询] completed in 67 ms
[2026-09-20 09:07:13.912] [gas-forecast] [] [] [c.g.forecast.common.web.WebLogAspect] [http-nio-8080-exec-6] [INFO] - Request [模型训练配置列表查询] POST /gas-forecast/model-train-config/listPage args={reqDTO=ModelTrainConfigPageReqDTO[page=1, size=10, keyword=null, agentCode=null, timeGranularity=null]}
[2026-09-20 09:07:13.917] [gas-forecast] [] [] [c.g.forecast.common.web.WebLogAspect] [http-nio-8080-exec-6] [INFO] - Request [模型训练配置列表查询] completed in 5 ms
[2026-09-20 09:07:15.286] [gas-forecast] [] [] [c.g.forecast.common.web.WebLogAspect] [http-nio-8080-exec-5] [INFO] - Request [执行模型训练] POST /gas-forecast/model-train-execution/execute args={reqDTO=ModelTrainExecuteReqDTO[trainCode=TRAIN-20260918165056-9486, configCode=null]}
[2026-09-20 09:07:15.327] [gas-forecast] [] [] [c.g.forecast.common.web.WebLogAspect] [http-nio-8080-exec-5] [INFO] - Request [执行模型训练] completed in 42 ms
[2026-09-20 09:07:16.902] [gas-forecast] [] [] [c.g.forecast.common.web.WebLogAspect] [http-nio-8080-exec-7] [INFO] - Request [查看模型训练结果] POST /gas-forecast/model-train-execution/result args={reqDTO={"id":1,"trainCode":"TRAIN-20260918165056-9486","trainName":"测试北京训练","agentCode":"winter-supply","modelId":1,"modelCode":"WINTER_MODEL_V1.0","modelName":"冬季保供模型","regionCode":"REG000005","regionName":"北京","industryCode":"","industryName":"","customerCode":"","customerName":"","trainStartDate":null,"trainEndDate":null,"trainMode":"RECENT","timeGranularity":"TENDAY","recentPeriods":36,"enabled":1,"remark":"","createdBy":"system","createdByName":"系统","createdAt":"2026-09-18 16:50:57","updatedAt":"2026-09-20 09:07:14"}}
[2026-09-20 09:07:16.907] [gas-forecast] [] [] [c.g.forecast.common.web.WebLogAspect] [http-nio-8080-exec-7] [INFO] - Request [查看模型训练结果] completed in 5 ms
[2026-09-20 09:08:01.230] [gas-forecast] [] [] [c.g.forecast.common.web.WebLogAspect] [http-nio-8080-exec-4] [INFO] - Request [模型列表查询] POST /gas-forecast/model-config/listPage args={reqDTO=ModelConfigPageReqDTO[page=1, size=1000, keyword=null]}
[2026-09-20 09:08:01.238] [gas-forecast] [] [] [c.g.forecast.common.web.WebLogAspect] [http-nio-8080-exec-2] [INFO] - Request [行业列表查询] POST /gas-forecast/base-industry/listPage args={reqDTO=BaseIndustryPageReqDTO[page=1, size=1000, keyword=null]}
[2026-09-20 09:08:01.238] [gas-forecast] [] [] [c.g.forecast.common.web.WebLogAspect] [http-nio-8080-exec-1] [INFO] - Request [客户列表分页查询] POST /gas-forecast/base-customer/listPage args={reqDTO=BaseCustomerPageReqDTO[page=1, size=1000, keyword=null]}
[2026-09-20 09:08:01.238] [gas-forecast] [] [] [c.g.forecast.common.web.WebLogAspect] [http-nio-8080-exec-10] [INFO] - Request [区域列表查询] POST /gas-forecast/base-region/listPage args={reqDTO=BaseRegionPageReqDTO[page=1, size=1000, keyword=null]}
[2026-09-20 09:08:01.243] [gas-forecast] [] [] [c.g.forecast.common.web.WebLogAspect] [http-nio-8080-exec-10] [INFO] - Request [区域列表查询] completed in 5 ms
[2026-09-20 09:08:01.245] [gas-forecast] [] [] [c.g.forecast.common.web.WebLogAspect] [http-nio-8080-exec-4] [INFO] - Request [模型列表查询] completed in 15 ms
[2026-09-20 09:08:01.245] [gas-forecast] [] [] [c.g.forecast.common.web.WebLogAspect] [http-nio-8080-exec-1] [INFO] - Request [客户列表分页查询] completed in 7 ms
[2026-09-20 09:08:01.246] [gas-forecast] [] [] [c.g.forecast.common.web.WebLogAspect] [http-nio-8080-exec-2] [INFO] - Request [行业列表查询] completed in 8 ms
[2026-09-20 09:08:02.862] [gas-forecast] [] [] [c.g.forecast.common.web.WebLogAspect] [http-nio-8080-exec-9] [INFO] - Request [查看模型训练结果] POST /gas-forecast/model-train-execution/result args={reqDTO={"id":1,"trainCode":"TRAIN-20260918165056-9486","trainName":"测试北京训练","agentCode":"winter-supply","modelId":1,"modelCode":"WINTER_MODEL_V1.0","modelName":"冬季保供模型","regionCode":"REG000005","regionName":"北京","industryCode":"","industryName":"","customerCode":"","customerName":"","trainStartDate":null,"trainEndDate":null,"trainMode":"RECENT","timeGranularity":"TENDAY","recentPeriods":36,"enabled":1,"remark":"","createdBy":"system","createdByName":"系统","createdAt":"2026-09-18 16:50:57","updatedAt":"2026-09-20 09:07:14"}}
[2026-09-20 09:08:02.865] [gas-forecast] [] [] [c.g.forecast.common.web.WebLogAspect] [http-nio-8080-exec-9] [INFO] - Request [查看模型训练结果] completed in 3 ms
[2026-09-20 09:10:44.791] [gas-forecast] [] [] [com.zaxxer.hikari.HikariDataSource] [SpringApplicationShutdownHook] [INFO] - HikariPool-1 - Shutdown initiated...
[2026-09-20 09:10:44.793] [gas-forecast] [] [] [com.zaxxer.hikari.HikariDataSource] [SpringApplicationShutdownHook] [INFO] - HikariPool-1 - Shutdown completed.
[2026-09-20 09:10:46.089] [gas-forecast] [] [] [o.h.validator.internal.util.Version] [background-preinit] [INFO] - HV000001: Hibernate Validator 8.0.1.Final
[2026-09-20 09:10:46.100] [gas-forecast] [] [] [c.g.f.GasForecastStartupApplication] [main] [INFO] - Starting GasForecastStartupApplication using Java 21.0.11 with PID 88543 (/Users/zoujun/work/workspace/shiyou/gas-forecast/gas-forecast-startup/target/classes started by zoujun in /Users/zoujun/work/workspace/shiyou/gas-forecast)
[2026-09-20 09:10:46.100] [gas-forecast] [] [] [c.g.f.GasForecastStartupApplication] [main] [INFO] - The following 1 profile is active: "dev"
[2026-09-20 09:10:46.397] [gas-forecast] [] [] [o.s.d.r.c.RepositoryConfigurationDelegate] [main] [INFO] - Multiple Spring Data modules found, entering strict repository configuration mode
[2026-09-20 09:10:46.398] [gas-forecast] [] [] [o.s.d.r.c.RepositoryConfigurationDelegate] [main] [INFO] - Bootstrapping Spring Data Redis repositories in DEFAULT mode.
[2026-09-20 09:10:46.417] [gas-forecast] [] [] [o.s.d.r.c.RepositoryConfigurationDelegate] [main] [INFO] - Finished Spring Data repository scanning in 12 ms. Found 0 Redis repository interfaces.
[2026-09-20 09:10:46.705] [gas-forecast] [] [] [o.s.b.w.e.tomcat.TomcatWebServer] [main] [INFO] - Tomcat initialized with port 8080 (http)
[2026-09-20 09:10:46.709] [gas-forecast] [] [] [o.a.coyote.http11.Http11NioProtocol] [main] [INFO] - Initializing ProtocolHandler ["http-nio-8080"]
[2026-09-20 09:10:46.710] [gas-forecast] [] [] [o.a.catalina.core.StandardService] [main] [INFO] - Starting service [Tomcat]
[2026-09-20 09:10:46.710] [gas-forecast] [] [] [o.a.catalina.core.StandardEngine] [main] [INFO] - Starting Servlet engine: [Apache Tomcat/10.1.20]
[2026-09-20 09:10:46.728] [gas-forecast] [] [] [o.a.c.c.C.[.[.[/gas-forecast]] [main] [INFO] - Initializing Spring embedded WebApplicationContext
[2026-09-20 09:10:46.728] [gas-forecast] [] [] [o.s.b.w.s.c.ServletWebServerApplicationContext] [main] [INFO] - Root WebApplicationContext: initialization completed in 611 ms
[2026-09-20 09:10:47.437] [gas-forecast] [] [] [o.a.coyote.http11.Http11NioProtocol] [main] [INFO] - Starting ProtocolHandler ["http-nio-8080"]
[2026-09-20 09:10:47.446] [gas-forecast] [] [] [o.s.b.w.e.tomcat.TomcatWebServer] [main] [INFO] - Tomcat started on port 8080 (http) with context path '/gas-forecast'
[2026-09-20 09:10:47.449] [gas-forecast] [] [] [c.g.f.GasForecastStartupApplication] [main] [INFO] - Started GasForecastStartupApplication in 1.539 seconds (process running for 1.961)
[2026-09-20 09:11:00.973] [gas-forecast] [] [] [o.a.c.c.C.[.[.[/gas-forecast]] [http-nio-8080-exec-1] [INFO] - Initializing Spring DispatcherServlet 'dispatcherServlet'
[2026-09-20 09:11:00.973] [gas-forecast] [] [] [o.s.web.servlet.DispatcherServlet] [http-nio-8080-exec-1] [INFO] - Initializing Servlet 'dispatcherServlet'
[2026-09-20 09:11:00.974] [gas-forecast] [] [] [o.s.web.servlet.DispatcherServlet] [http-nio-8080-exec-1] [INFO] - Completed initialization in 1 ms
[2026-09-20 09:11:01.069] [gas-forecast] [] [] [c.g.forecast.common.web.WebLogAspect] [http-nio-8080-exec-2] [INFO] - Request [模型列表查询] POST /gas-forecast/model-config/listPage args={reqDTO=ModelConfigPageReqDTO[page=1, size=1000, keyword=null]}
[2026-09-20 09:11:01.069] [gas-forecast] [] [] [c.g.forecast.common.web.WebLogAspect] [http-nio-8080-exec-6] [INFO] - Request [模型训练配置列表查询] POST /gas-forecast/model-train-config/listPage args={reqDTO=ModelTrainConfigPageReqDTO[page=1, size=10, keyword=null, agentCode=null, timeGranularity=null]}
[2026-09-20 09:11:01.122] [gas-forecast] [] [] [com.zaxxer.hikari.HikariDataSource] [http-nio-8080-exec-2] [INFO] - HikariPool-1 - Starting...
[2026-09-20 09:11:01.147] [gas-forecast] [] [] [c.g.forecast.common.web.WebLogAspect] [http-nio-8080-exec-1] [INFO] - Request [获取当前登录用户权限] GET /gas-forecast/auth/permissions args={}
[2026-09-20 09:11:01.190] [gas-forecast] [] [] [com.zaxxer.hikari.pool.HikariPool] [http-nio-8080-exec-2] [INFO] - HikariPool-1 - Added connection com.mysql.cj.jdbc.ConnectionImpl@5629499d
[2026-09-20 09:11:01.190] [gas-forecast] [] [] [com.zaxxer.hikari.HikariDataSource] [http-nio-8080-exec-2] [INFO] - HikariPool-1 - Start completed.
[2026-09-20 09:11:01.231] [gas-forecast] [] [] [c.g.forecast.common.web.WebLogAspect] [http-nio-8080-exec-5] [INFO] - Request [客户列表分页查询] POST /gas-forecast/base-customer/listPage args={reqDTO=BaseCustomerPageReqDTO[page=1, size=1000, keyword=null]}
[2026-09-20 09:11:01.232] [gas-forecast] [] [] [c.g.forecast.common.web.WebLogAspect] [http-nio-8080-exec-6] [INFO] - Request [模型训练配置列表查询] completed in 164 ms
[2026-09-20 09:11:01.235] [gas-forecast] [] [] [c.g.forecast.common.web.WebLogAspect] [http-nio-8080-exec-4] [INFO] - Request [行业列表查询] POST /gas-forecast/base-industry/listPage args={reqDTO=BaseIndustryPageReqDTO[page=1, size=1000, keyword=null]}
[2026-09-20 09:11:01.237] [gas-forecast] [] [] [c.g.forecast.common.web.WebLogAspect] [http-nio-8080-exec-3] [INFO] - Request [区域列表查询] POST /gas-forecast/base-region/listPage args={reqDTO=BaseRegionPageReqDTO[page=1, size=1000, keyword=null]}
[2026-09-20 09:11:01.239] [gas-forecast] [] [] [c.g.forecast.common.web.WebLogAspect] [http-nio-8080-exec-1] [INFO] - Request [获取当前登录用户权限] completed in 92 ms
[2026-09-20 09:11:01.239] [gas-forecast] [] [] [c.g.forecast.common.web.WebLogAspect] [http-nio-8080-exec-4] [INFO] - Request [行业列表查询] completed in 4 ms
[2026-09-20 09:11:01.240] [gas-forecast] [] [] [c.g.forecast.common.web.WebLogAspect] [http-nio-8080-exec-5] [INFO] - Request [客户列表分页查询] completed in 9 ms
[2026-09-20 09:11:01.243] [gas-forecast] [] [] [c.g.forecast.common.web.WebLogAspect] [http-nio-8080-exec-3] [INFO] - Request [区域列表查询] completed in 7 ms
[2026-09-20 09:11:01.246] [gas-forecast] [] [] [c.g.forecast.common.web.WebLogAspect] [http-nio-8080-exec-2] [INFO] - Request [模型列表查询] completed in 177 ms
[2026-09-20 09:11:02.668] [gas-forecast] [] [] [c.g.forecast.common.web.WebLogAspect] [http-nio-8080-exec-7] [INFO] - Request [查看模型训练结果] POST /gas-forecast/model-train-execution/result args={reqDTO={"id":1,"trainCode":"TRAIN-20260918165056-9486","trainName":"测试北京训练","agentCode":"winter-supply","modelId":1,"modelCode":"WINTER_MODEL_V1.0","modelName":"冬季保供模型","regionCode":"REG000005","regionName":"北京","industryCode":"","industryName":"","customerCode":"","customerName":"","trainStartDate":null,"trainEndDate":null,"trainMode":"RECENT","timeGranularity":"TENDAY","recentPeriods":36,"enabled":1,"remark":"","createdBy":"system","createdByName":"系统","createdAt":"2026-09-18 16:50:57","updatedAt":"2026-09-20 09:07:14"}}
[2026-09-20 09:11:02.674] [gas-forecast] [] [] [c.g.forecast.common.web.WebLogAspect] [http-nio-8080-exec-7] [INFO] - Request [查看模型训练结果] completed in 8 ms
[2026-09-20 09:13:30.478] [gas-forecast] [] [] [c.g.forecast.common.web.WebLogAspect] [http-nio-8080-exec-8] [INFO] - Request [模型列表查询] POST /gas-forecast/model-config/listPage args={reqDTO=ModelConfigPageReqDTO[page=1, size=1000, keyword=null]}
[2026-09-20 09:13:30.489] [gas-forecast] [] [] [c.g.forecast.common.web.WebLogAspect] [http-nio-8080-exec-9] [INFO] - Request [区域列表查询] POST /gas-forecast/base-region/listPage args={reqDTO=BaseRegionPageReqDTO[page=1, size=1000, keyword=null]}
[2026-09-20 09:13:30.489] [gas-forecast] [] [] [c.g.forecast.common.web.WebLogAspect] [http-nio-8080-exec-3] [INFO] - Request [行业列表查询] POST /gas-forecast/base-industry/listPage args={reqDTO=BaseIndustryPageReqDTO[page=1, size=1000, keyword=null]}
[2026-09-20 09:13:30.490] [gas-forecast] [] [] [c.g.forecast.common.web.WebLogAspect] [http-nio-8080-exec-10] [INFO] - Request [客户列表分页查询] POST /gas-forecast/base-customer/listPage args={reqDTO=BaseCustomerPageReqDTO[page=1, size=1000, keyword=null]}
[2026-09-20 09:13:30.493] [gas-forecast] [] [] [c.g.forecast.common.web.WebLogAspect] [http-nio-8080-exec-3] [INFO] - Request [行业列表查询] completed in 4 ms
[2026-09-20 09:13:30.495] [gas-forecast] [] [] [c.g.forecast.common.web.WebLogAspect] [http-nio-8080-exec-9] [INFO] - Request [区域列表查询] completed in 6 ms
[2026-09-20 09:13:30.495] [gas-forecast] [] [] [c.g.forecast.common.web.WebLogAspect] [http-nio-8080-exec-10] [INFO] - Request [客户列表分页查询] completed in 5 ms
[2026-09-20 09:13:30.499] [gas-forecast] [] [] [c.g.forecast.common.web.WebLogAspect] [http-nio-8080-exec-8] [INFO] - Request [模型列表查询] completed in 21 ms
[2026-09-20 09:13:31.640] [gas-forecast] [] [] [c.g.forecast.common.web.WebLogAspect] [http-nio-8080-exec-6] [INFO] - Request [编辑模型训练配置] POST /gas-forecast/model-train-config/update args={reqDTO=ModelTrainConfigUpdateReqDTO[id=1, trainCode=TRAIN-20260918165056-9486, trainName=测试北京训练, agentCode=winter-supply, modelId=1, modelCode=WINTER_MODEL_V1.0, modelName=冬季保供模型, regionCode=REG000005, regionName=北京, industryCode=, industryName=, customerCode=, customerName=, trainStartDate=null, trainEndDate=null, trainMode=RECENT, timeGranularity=TENDAY, recentPeriods=36, enabled=1, remark=]}
[2026-09-20 09:13:31.660] [gas-forecast] [] [] [c.g.forecast.common.web.WebLogAspect] [http-nio-8080-exec-6] [INFO] - Request [编辑模型训练配置] completed in 23 ms
[2026-09-20 09:13:31.672] [gas-forecast] [] [] [c.g.forecast.common.web.WebLogAspect] [http-nio-8080-exec-1] [INFO] - Request [训练特征数据列表查询] POST /gas-forecast/model-train-feature-data/listPage args={reqDTO=ModelTrainFeatureDataPageReqDTO[page=1, size=36, keyword=null, timeGranularity=TENDAY, statDate=null, regionCode=REG000005, industryCode=null, customerCode=null, statDateStart=null, statDateEnd=null, sortField=statDate, sortOrder=desc]}
[2026-09-20 09:13:31.739] [gas-forecast] [] [] [c.g.forecast.common.web.WebLogAspect] [http-nio-8080-exec-1] [INFO] - Request [训练特征数据列表查询] completed in 70 ms
[2026-09-20 09:13:31.753] [gas-forecast] [] [] [c.g.forecast.common.web.WebLogAspect] [http-nio-8080-exec-5] [INFO] - Request [模型训练配置列表查询] POST /gas-forecast/model-train-config/listPage args={reqDTO=ModelTrainConfigPageReqDTO[page=1, size=10, keyword=null, agentCode=null, timeGranularity=null]}
[2026-09-20 09:13:31.759] [gas-forecast] [] [] [c.g.forecast.common.web.WebLogAspect] [http-nio-8080-exec-5] [INFO] - Request [模型训练配置列表查询] completed in 6 ms
[2026-09-20 09:13:32.850] [gas-forecast] [] [] [c.g.forecast.common.web.WebLogAspect] [http-nio-8080-exec-4] [INFO] - Request [执行模型训练] POST /gas-forecast/model-train-execution/execute args={reqDTO=ModelTrainExecuteReqDTO[trainCode=TRAIN-20260918165056-9486, configCode=null]}
[2026-09-20 09:13:32.892] [gas-forecast] [] [] [c.g.forecast.common.web.WebLogAspect] [http-nio-8080-exec-4] [INFO] - Request [执行模型训练] completed in 43 ms
[2026-09-20 09:13:34.602] [gas-forecast] [] [] [c.g.forecast.common.web.WebLogAspect] [http-nio-8080-exec-2] [INFO] - Request [查看模型训练结果] POST /gas-forecast/model-train-execution/result args={reqDTO={"id":1,"trainCode":"TRAIN-20260918165056-9486","trainName":"测试北京训练","agentCode":"winter-supply","modelId":1,"modelCode":"WINTER_MODEL_V1.0","modelName":"冬季保供模型","regionCode":"REG000005","regionName":"北京","industryCode":"","industryName":"","customerCode":"","customerName":"","trainStartDate":null,"trainEndDate":null,"trainMode":"RECENT","timeGranularity":"TENDAY","recentPeriods":36,"enabled":1,"remark":"","createdBy":"system","createdByName":"系统","createdAt":"2026-09-18 16:50:57","updatedAt":"2026-09-20 09:13:32"}}
[2026-09-20 09:13:34.605] [gas-forecast] [] [] [c.g.forecast.common.web.WebLogAspect] [http-nio-8080-exec-2] [INFO] - Request [查看模型训练结果] completed in 3 ms
[2026-09-20 09:14:52.327] [gas-forecast] [] [] [c.g.forecast.common.web.WebLogAspect] [http-nio-8080-exec-7] [INFO] - Request [训练特征数据列表查询] POST /gas-forecast/model-train-feature-data/listPage args={reqDTO=ModelTrainFeatureDataPageReqDTO[page=1, size=10, keyword=null, timeGranularity=null, statDate=null, regionCode=null, industryCode=null, customerCode=null, statDateStart=null, statDateEnd=null, sortField=null, sortOrder=null]}
[2026-09-20 09:14:52.372] [gas-forecast] [] [] [c.g.forecast.common.web.WebLogAspect] [http-nio-8080-exec-7] [INFO] - Request [训练特征数据列表查询] completed in 45 ms
[2026-09-20 09:14:55.402] [gas-forecast] [] [] [c.g.forecast.common.web.WebLogAspect] [http-nio-8080-exec-3] [INFO] - Request [训练特征数据列表查询] POST /gas-forecast/model-train-feature-data/listPage args={reqDTO=ModelTrainFeatureDataPageReqDTO[page=1, size=10, keyword=null, timeGranularity=null, statDate=null, regionCode=null, industryCode=null, customerCode=null, statDateStart=null, statDateEnd=null, sortField=null, sortOrder=null]}
[2026-09-20 09:14:55.431] [gas-forecast] [] [] [c.g.forecast.common.web.WebLogAspect] [http-nio-8080-exec-3] [INFO] - Request [训练特征数据列表查询] completed in 29 ms
[2026-09-20 09:14:59.017] [gas-forecast] [] [] [c.g.forecast.common.web.WebLogAspect] [http-nio-8080-exec-9] [INFO] - Request [训练特征数据列表查询] POST /gas-forecast/model-train-feature-data/listPage args={reqDTO=ModelTrainFeatureDataPageReqDTO[page=569, size=10, keyword=null, timeGranularity=null, statDate=null, regionCode=null, industryCode=null, customerCode=null, statDateStart=null, statDateEnd=null, sortField=null, sortOrder=null]}
[2026-09-20 09:14:59.077] [gas-forecast] [] [] [c.g.forecast.common.web.WebLogAspect] [http-nio-8080-exec-9] [INFO] - Request [训练特征数据列表查询] completed in 61 ms
[2026-09-20 09:15:02.533] [gas-forecast] [] [] [c.g.forecast.common.web.WebLogAspect] [http-nio-8080-exec-10] [INFO] - Request [训练特征数据列表查询] POST /gas-forecast/model-train-feature-data/listPage args={reqDTO=ModelTrainFeatureDataPageReqDTO[page=1, size=50, keyword=null, timeGranularity=null, statDate=null, regionCode=null, industryCode=null, customerCode=null, statDateStart=null, statDateEnd=null, sortField=null, sortOrder=null]}
[2026-09-20 09:15:02.592] [gas-forecast] [] [] [c.g.forecast.common.web.WebLogAspect] [http-nio-8080-exec-10] [INFO] - Request [训练特征数据列表查询] completed in 59 ms
[2026-09-20 09:15:11.976] [gas-forecast] [] [] [c.g.forecast.common.web.WebLogAspect] [http-nio-8080-exec-8] [INFO] - Request [训练特征数据列表查询] POST /gas-forecast/model-train-feature-data/listPage args={reqDTO=ModelTrainFeatureDataPageReqDTO[page=1, size=50, keyword=null, timeGranularity=TENDAY, statDate=null, regionCode=null, industryCode=null, customerCode=null, statDateStart=null, statDateEnd=null, sortField=null, sortOrder=null]}
[2026-09-20 09:15:12.042] [gas-forecast] [] [] [c.g.forecast.common.web.WebLogAspect] [http-nio-8080-exec-8] [INFO] - Request [训练特征数据列表查询] completed in 66 ms
[2026-09-20 09:15:13.170] [gas-forecast] [] [] [c.g.forecast.common.web.WebLogAspect] [http-nio-8080-exec-6] [INFO] - Request [训练特征数据列表查询] POST /gas-forecast/model-train-feature-data/listPage args={reqDTO=ModelTrainFeatureDataPageReqDTO[page=1, size=50, keyword=null, timeGranularity=TENDAY, statDate=null, regionCode=null, industryCode=null, customerCode=null, statDateStart=null, statDateEnd=null, sortField=null, sortOrder=null]}
[2026-09-20 09:15:13.224] [gas-forecast] [] [] [c.g.forecast.common.web.WebLogAspect] [http-nio-8080-exec-6] [INFO] - Request [训练特征数据列表查询] completed in 54 ms
[2026-09-20 09:15:16.372] [gas-forecast] [] [] [c.g.forecast.common.web.WebLogAspect] [http-nio-8080-exec-1] [INFO] - Request [训练特征数据列表查询] POST /gas-forecast/model-train-feature-data/listPage args={reqDTO=ModelTrainFeatureDataPageReqDTO[page=2, size=50, keyword=null, timeGranularity=TENDAY, statDate=null, regionCode=null, industryCode=null, customerCode=null, statDateStart=null, statDateEnd=null, sortField=null, sortOrder=null]}
[2026-09-20 09:15:16.432] [gas-forecast] [] [] [c.g.forecast.common.web.WebLogAspect] [http-nio-8080-exec-1] [INFO] - Request [训练特征数据列表查询] completed in 60 ms
[2026-09-20 09:15:18.007] [gas-forecast] [] [] [c.g.forecast.common.web.WebLogAspect] [http-nio-8080-exec-5] [INFO] - Request [训练特征数据列表查询] POST /gas-forecast/model-train-feature-data/listPage args={reqDTO=ModelTrainFeatureDataPageReqDTO[page=3, size=50, keyword=null, timeGranularity=TENDAY, statDate=null, regionCode=null, industryCode=null, customerCode=null, statDateStart=null, statDateEnd=null, sortField=null, sortOrder=null]}
[2026-09-20 09:15:18.077] [gas-forecast] [] [] [c.g.forecast.common.web.WebLogAspect] [http-nio-8080-exec-5] [INFO] - Request [训练特征数据列表查询] completed in 70 ms
[2026-09-20 09:15:21.345] [gas-forecast] [] [] [c.g.forecast.common.web.WebLogAspect] [http-nio-8080-exec-4] [INFO] - Request [训练特征数据列表查询] POST /gas-forecast/model-train-feature-data/listPage args={reqDTO=ModelTrainFeatureDataPageReqDTO[page=4, size=50, keyword=null, timeGranularity=TENDAY, statDate=null, regionCode=null, industryCode=null, customerCode=null, statDateStart=null, statDateEnd=null, sortField=null, sortOrder=null]}
[2026-09-20 09:15:21.415] [gas-forecast] [] [] [c.g.forecast.common.web.WebLogAspect] [http-nio-8080-exec-4] [INFO] - Request [训练特征数据列表查询] completed in 70 ms
[2026-09-20 09:15:22.972] [gas-forecast] [] [] [c.g.forecast.common.web.WebLogAspect] [http-nio-8080-exec-2] [INFO] - Request [训练特征数据列表查询] POST /gas-forecast/model-train-feature-data/listPage args={reqDTO=ModelTrainFeatureDataPageReqDTO[page=5, size=50, keyword=null, timeGranularity=TENDAY, statDate=null, regionCode=null, industryCode=null, customerCode=null, statDateStart=null, statDateEnd=null, sortField=null, sortOrder=null]}
[2026-09-20 09:15:23.043] [gas-forecast] [] [] [c.g.forecast.common.web.WebLogAspect] [http-nio-8080-exec-2] [INFO] - Request [训练特征数据列表查询] completed in 71 ms
[2026-09-20 09:15:24.577] [gas-forecast] [] [] [c.g.forecast.common.web.WebLogAspect] [http-nio-8080-exec-7] [INFO] - Request [训练特征数据列表查询] POST /gas-forecast/model-train-feature-data/listPage args={reqDTO=ModelTrainFeatureDataPageReqDTO[page=7, size=50, keyword=null, timeGranularity=TENDAY, statDate=null, regionCode=null, industryCode=null, customerCode=null, statDateStart=null, statDateEnd=null, sortField=null, sortOrder=null]}
[2026-09-20 09:15:24.647] [gas-forecast] [] [] [c.g.forecast.common.web.WebLogAspect] [http-nio-8080-exec-7] [INFO] - Request [训练特征数据列表查询] completed in 70 ms
[2026-09-20 09:15:28.208] [gas-forecast] [] [] [c.g.forecast.common.web.WebLogAspect] [http-nio-8080-exec-3] [INFO] - Request [训练特征数据列表查询] POST /gas-forecast/model-train-feature-data/listPage args={reqDTO=ModelTrainFeatureDataPageReqDTO[page=12, size=50, keyword=null, timeGranularity=TENDAY, statDate=null, regionCode=null, industryCode=null, customerCode=null, statDateStart=null, statDateEnd=null, sortField=null, sortOrder=null]}
[2026-09-20 09:15:28.287] [gas-forecast] [] [] [c.g.forecast.common.web.WebLogAspect] [http-nio-8080-exec-3] [INFO] - Request [训练特征数据列表查询] completed in 79 ms
[2026-09-20 09:15:28.966] [gas-forecast] [] [] [c.g.forecast.common.web.WebLogAspect] [http-nio-8080-exec-9] [INFO] - Request [训练特征数据列表查询] POST /gas-forecast/model-train-feature-data/listPage args={reqDTO=ModelTrainFeatureDataPageReqDTO[page=17, size=50, keyword=null, timeGranularity=TENDAY, statDate=null, regionCode=null, industryCode=null, customerCode=null, statDateStart=null, statDateEnd=null, sortField=null, sortOrder=null]}
[2026-09-20 09:15:29.034] [gas-forecast] [] [] [c.g.forecast.common.web.WebLogAspect] [http-nio-8080-exec-9] [INFO] - Request [训练特征数据列表查询] completed in 68 ms
[2026-09-20 09:15:29.534] [gas-forecast] [] [] [c.g.forecast.common.web.WebLogAspect] [http-nio-8080-exec-10] [INFO] - Request [训练特征数据列表查询] POST /gas-forecast/model-train-feature-data/listPage args={reqDTO=ModelTrainFeatureDataPageReqDTO[page=22, size=50, keyword=null, timeGranularity=TENDAY, statDate=null, regionCode=null, industryCode=null, customerCode=null, statDateStart=null, statDateEnd=null, sortField=null, sortOrder=null]}
[2026-09-20 09:15:29.604] [gas-forecast] [] [] [c.g.forecast.common.web.WebLogAspect] [http-nio-8080-exec-10] [INFO] - Request [训练特征数据列表查询] completed in 70 ms
[2026-09-20 09:15:30.023] [gas-forecast] [] [] [c.g.forecast.common.web.WebLogAspect] [http-nio-8080-exec-8] [INFO] - Request [训练特征数据列表查询] POST /gas-forecast/model-train-feature-data/listPage args={reqDTO=ModelTrainFeatureDataPageReqDTO[page=27, size=50, keyword=null, timeGranularity=TENDAY, statDate=null, regionCode=null, industryCode=null, customerCode=null, statDateStart=null, statDateEnd=null, sortField=null, sortOrder=null]}
[2026-09-20 09:15:30.091] [gas-forecast] [] [] [c.g.forecast.common.web.WebLogAspect] [http-nio-8080-exec-8] [INFO] - Request [训练特征数据列表查询] completed in 68 ms
[2026-09-20 09:15:30.276] [gas-forecast] [] [] [c.g.forecast.common.web.WebLogAspect] [http-nio-8080-exec-6] [INFO] - Request [训练特征数据列表查询] POST /gas-forecast/model-train-feature-data/listPage args={reqDTO=ModelTrainFeatureDataPageReqDTO[page=32, size=50, keyword=null, timeGranularity=TENDAY, statDate=null, regionCode=null, industryCode=null, customerCode=null, statDateStart=null, statDateEnd=null, sortField=null, sortOrder=null]}
[2026-09-20 09:15:30.348] [gas-forecast] [] [] [c.g.forecast.common.web.WebLogAspect] [http-nio-8080-exec-6] [INFO] - Request [训练特征数据列表查询] completed in 72 ms
[2026-09-20 09:15:30.898] [gas-forecast] [] [] [c.g.forecast.common.web.WebLogAspect] [http-nio-8080-exec-1] [INFO] - Request [训练特征数据列表查询] POST /gas-forecast/model-train-feature-data/listPage args={reqDTO=ModelTrainFeatureDataPageReqDTO[page=37, size=50, keyword=null, timeGranularity=TENDAY, statDate=null, regionCode=null, industryCode=null, customerCode=null, statDateStart=null, statDateEnd=null, sortField=null, sortOrder=null]}
[2026-09-20 09:15:30.971] [gas-forecast] [] [] [c.g.forecast.common.web.WebLogAspect] [http-nio-8080-exec-1] [INFO] - Request [训练特征数据列表查询] completed in 73 ms
[2026-09-20 09:15:33.541] [gas-forecast] [] [] [c.g.forecast.common.web.WebLogAspect] [http-nio-8080-exec-5] [INFO] - Request [训练特征数据列表查询] POST /gas-forecast/model-train-feature-data/listPage args={reqDTO=ModelTrainFeatureDataPageReqDTO[page=38, size=50, keyword=null, timeGranularity=TENDAY, statDate=null, regionCode=null, industryCode=null, customerCode=null, statDateStart=null, statDateEnd=null, sortField=null, sortOrder=null]}
[2026-09-20 09:15:33.601] [gas-forecast] [] [] [c.g.forecast.common.web.WebLogAspect] [http-nio-8080-exec-5] [INFO] - Request [训练特征数据列表查询] completed in 60 ms
[2026-09-20 09:22:39.188] [gas-forecast] [] [] [c.g.forecast.common.web.WebLogAspect] [http-nio-8080-exec-4] [INFO] - Request [模型列表查询] POST /gas-forecast/model-config/listPage args={reqDTO=ModelConfigPageReqDTO[page=1, size=1000, keyword=null]}
[2026-09-20 09:22:39.188] [gas-forecast] [] [] [c.g.forecast.common.web.WebLogAspect] [http-nio-8080-exec-9] [INFO] - Request [模型训练配置列表查询] POST /gas-forecast/model-train-config/listPage args={reqDTO=ModelTrainConfigPageReqDTO[page=1, size=10, keyword=null, agentCode=null, timeGranularity=null]}
[2026-09-20 09:22:39.203] [gas-forecast] [] [] [c.g.forecast.common.web.WebLogAspect] [http-nio-8080-exec-9] [INFO] - Request [模型训练配置列表查询] completed in 15 ms
[2026-09-20 09:22:39.206] [gas-forecast] [] [] [c.g.forecast.common.web.WebLogAspect] [http-nio-8080-exec-7] [INFO] - Request [客户列表分页查询] POST /gas-forecast/base-customer/listPage args={reqDTO=BaseCustomerPageReqDTO[page=1, size=1000, keyword=null]}
[2026-09-20 09:22:39.206] [gas-forecast] [] [] [c.g.forecast.common.web.WebLogAspect] [http-nio-8080-exec-2] [INFO] - Request [区域列表查询] POST /gas-forecast/base-region/listPage args={reqDTO=BaseRegionPageReqDTO[page=1, size=1000, keyword=null]}
[2026-09-20 09:22:39.209] [gas-forecast] [] [] [c.g.forecast.common.web.WebLogAspect] [http-nio-8080-exec-2] [INFO] - Request [区域列表查询] completed in 3 ms
[2026-09-20 09:22:39.209] [gas-forecast] [] [] [c.g.forecast.common.web.WebLogAspect] [http-nio-8080-exec-4] [INFO] - Request [模型列表查询] completed in 21 ms
[2026-09-20 09:22:39.209] [gas-forecast] [] [] [c.g.forecast.common.web.WebLogAspect] [http-nio-8080-exec-7] [INFO] - Request [客户列表分页查询] completed in 3 ms
[2026-09-20 09:22:39.394] [gas-forecast] [] [] [c.g.forecast.common.web.WebLogAspect] [http-nio-8080-exec-3] [INFO] - Request [行业列表查询] POST /gas-forecast/base-industry/listPage args={reqDTO=BaseIndustryPageReqDTO[page=1, size=1000, keyword=null]}
[2026-09-20 09:22:39.398] [gas-forecast] [] [] [c.g.forecast.common.web.WebLogAspect] [http-nio-8080-exec-3] [INFO] - Request [行业列表查询] completed in 4 ms
[2026-09-20 09:22:43.237] [gas-forecast] [] [] [c.g.forecast.common.web.WebLogAspect] [http-nio-8080-exec-10] [INFO] - Request [模型列表查询] POST /gas-forecast/model-config/listPage args={reqDTO=ModelConfigPageReqDTO[page=1, size=1000, keyword=null]}
[2026-09-20 09:22:43.240] [gas-forecast] [] [] [c.g.forecast.common.web.WebLogAspect] [http-nio-8080-exec-1] [INFO] - Request [客户列表分页查询] POST /gas-forecast/base-customer/listPage args={reqDTO=BaseCustomerPageReqDTO[page=1, size=1000, keyword=null]}
[2026-09-20 09:22:43.240] [gas-forecast] [] [] [c.g.forecast.common.web.WebLogAspect] [http-nio-8080-exec-6] [INFO] - Request [行业列表查询] POST /gas-forecast/base-industry/listPage args={reqDTO=BaseIndustryPageReqDTO[page=1, size=1000, keyword=null]}
[2026-09-20 09:22:43.240] [gas-forecast] [] [] [c.g.forecast.common.web.WebLogAspect] [http-nio-8080-exec-8] [INFO] - Request [区域列表查询] POST /gas-forecast/base-region/listPage args={reqDTO=BaseRegionPageReqDTO[page=1, size=1000, keyword=null]}
[2026-09-20 09:22:43.244] [gas-forecast] [] [] [c.g.forecast.common.web.WebLogAspect] [http-nio-8080-exec-8] [INFO] - Request [区域列表查询] completed in 4 ms
[2026-09-20 09:22:43.244] [gas-forecast] [] [] [c.g.forecast.common.web.WebLogAspect] [http-nio-8080-exec-6] [INFO] - Request [行业列表查询] completed in 4 ms
[2026-09-20 09:22:43.245] [gas-forecast] [] [] [c.g.forecast.common.web.WebLogAspect] [http-nio-8080-exec-1] [INFO] - Request [客户列表分页查询] completed in 5 ms
[2026-09-20 09:22:43.246] [gas-forecast] [] [] [c.g.forecast.common.web.WebLogAspect] [http-nio-8080-exec-10] [INFO] - Request [模型列表查询] completed in 9 ms
[2026-09-20 09:23:11.289] [gas-forecast] [] [] [c.g.forecast.common.web.WebLogAspect] [http-nio-8080-exec-5] [INFO] - Request [编辑模型训练配置] POST /gas-forecast/model-train-config/update args={reqDTO=ModelTrainConfigUpdateReqDTO[id=1, trainCode=TRAIN-20260918165056-9486, trainName=测试北京训练, agentCode=winter-supply, modelId=1, modelCode=WINTER_MODEL_V1.0, modelName=冬季保供模型, regionCode=REG000005, regionName=北京, industryCode=, industryName=, customerCode=, customerName=, trainStartDate=2015-01-01, trainEndDate=2026-09-01, trainMode=RANGE, timeGranularity=TENDAY, recentPeriods=36, enabled=1, remark=]}
[2026-09-20 09:23:11.298] [gas-forecast] [] [] [c.g.forecast.common.web.WebLogAspect] [http-nio-8080-exec-5] [INFO] - Request [编辑模型训练配置] completed in 9 ms
[2026-09-20 09:23:11.301] [gas-forecast] [] [] [c.g.forecast.common.web.WebLogAspect] [http-nio-8080-exec-9] [INFO] - Request [训练特征数据列表查询] POST /gas-forecast/model-train-feature-data/listPage args={reqDTO=ModelTrainFeatureDataPageReqDTO[page=1, size=20, keyword=null, timeGranularity=TENDAY, statDate=null, regionCode=REG000005, industryCode=null, customerCode=null, statDateStart=2015-01-01, statDateEnd=2026-09-01, sortField=statDate, sortOrder=asc]}
[2026-09-20 09:23:11.339] [gas-forecast] [] [] [c.g.forecast.common.web.WebLogAspect] [http-nio-8080-exec-9] [INFO] - Request [训练特征数据列表查询] completed in 38 ms
[2026-09-20 09:23:11.343] [gas-forecast] [] [] [c.g.forecast.common.web.WebLogAspect] [http-nio-8080-exec-4] [INFO] - Request [模型训练配置列表查询] POST /gas-forecast/model-train-config/listPage args={reqDTO=ModelTrainConfigPageReqDTO[page=1, size=10, keyword=null, agentCode=null, timeGranularity=null]}
[2026-09-20 09:23:11.347] [gas-forecast] [] [] [c.g.forecast.common.web.WebLogAspect] [http-nio-8080-exec-4] [INFO] - Request [模型训练配置列表查询] completed in 4 ms
[2026-09-20 09:23:16.380] [gas-forecast] [] [] [c.g.forecast.common.web.WebLogAspect] [http-nio-8080-exec-2] [INFO] - Request [执行模型训练] POST /gas-forecast/model-train-execution/execute args={reqDTO=ModelTrainExecuteReqDTO[trainCode=TRAIN-20260918165056-9486, configCode=null]}
[2026-09-20 09:23:16.458] [gas-forecast] [] [] [c.g.forecast.common.web.WebLogAspect] [http-nio-8080-exec-2] [INFO] - Request [执行模型训练] completed in 78 ms
[2026-09-20 09:23:18.129] [gas-forecast] [] [] [c.g.forecast.common.web.WebLogAspect] [http-nio-8080-exec-7] [INFO] - Request [查看模型训练结果] POST /gas-forecast/model-train-execution/result args={reqDTO={"id":1,"trainCode":"TRAIN-20260918165056-9486","trainName":"测试北京训练","agentCode":"winter-supply","modelId":1,"modelCode":"WINTER_MODEL_V1.0","modelName":"冬季保供模型","regionCode":"REG000005","regionName":"北京","industryCode":"","industryName":"","customerCode":"","customerName":"","trainStartDate":"2015-01-01","trainEndDate":"2026-09-01","trainMode":"RANGE","timeGranularity":"TENDAY","recentPeriods":36,"enabled":1,"remark":"","createdBy":"system","createdByName":"系统","createdAt":"2026-09-18 16:50:57","updatedAt":"2026-09-20 09:23:11"}}
[2026-09-20 09:23:18.132] [gas-forecast] [] [] [c.g.forecast.common.web.WebLogAspect] [http-nio-8080-exec-7] [INFO] - Request [查看模型训练结果] completed in 3 ms
[2026-09-20 09:24:17.140] [gas-forecast] [] [] [c.g.forecast.common.web.WebLogAspect] [http-nio-8080-exec-3] [INFO] - Request [查看模型训练结果] POST /gas-forecast/model-train-execution/result args={reqDTO={"id":1,"trainCode":"TRAIN-20260918165056-9486","trainName":"测试北京训练","agentCode":"winter-supply","modelId":1,"modelCode":"WINTER_MODEL_V1.0","modelName":"冬季保供模型","regionCode":"REG000005","regionName":"北京","industryCode":"","industryName":"","customerCode":"","customerName":"","trainStartDate":"2015-01-01","trainEndDate":"2026-09-01","trainMode":"RANGE","timeGranularity":"TENDAY","recentPeriods":36,"enabled":1,"remark":"","createdBy":"system","createdByName":"系统","createdAt":"2026-09-18 16:50:57","updatedAt":"2026-09-20 09:23:11"}}
[2026-09-20 09:24:17.171] [gas-forecast] [] [] [c.g.forecast.common.web.WebLogAspect] [http-nio-8080-exec-3] [INFO] - Request [查看模型训练结果] completed in 31 ms
[2026-09-20 09:24:57.377] [gas-forecast] [] [] [c.g.forecast.common.web.WebLogAspect] [http-nio-8080-exec-6] [INFO] - Request [查看模型训练结果] POST /gas-forecast/model-train-execution/result args={reqDTO={"id":1,"trainCode":"TRAIN-20260918165056-9486","trainName":"测试北京训练","agentCode":"winter-supply","modelId":1,"modelCode":"WINTER_MODEL_V1.0","modelName":"冬季保供模型","regionCode":"REG000005","regionName":"北京","industryCode":"","industryName":"","customerCode":"","customerName":"","trainStartDate":"2015-01-01","trainEndDate":"2026-09-01","trainMode":"RANGE","timeGranularity":"TENDAY","recentPeriods":36,"enabled":1,"remark":"","createdBy":"system","createdByName":"系统","createdAt":"2026-09-18 16:50:57","updatedAt":"2026-09-20 09:23:11"}}
[2026-09-20 09:24:57.390] [gas-forecast] [] [] [c.g.forecast.common.web.WebLogAspect] [http-nio-8080-exec-6] [INFO] - Request [查看模型训练结果] completed in 13 ms
[2026-09-20 09:29:20.195] [gas-forecast] [] [] [c.g.forecast.common.web.WebLogAspect] [http-nio-8080-exec-8] [INFO] - Request [模型列表查询] POST /gas-forecast/model-config/listPage args={reqDTO=ModelConfigPageReqDTO[page=1, size=1000, keyword=null]}
[2026-09-20 09:29:20.195] [gas-forecast] [] [] [c.g.forecast.common.web.WebLogAspect] [http-nio-8080-exec-9] [INFO] - Request [模型训练配置列表查询] POST /gas-forecast/model-train-config/listPage args={reqDTO=ModelTrainConfigPageReqDTO[page=1, size=10, keyword=null, agentCode=null, timeGranularity=null]}
[2026-09-20 09:29:20.207] [gas-forecast] [] [] [c.g.forecast.common.web.WebLogAspect] [http-nio-8080-exec-9] [INFO] - Request [模型训练配置列表查询] completed in 12 ms
[2026-09-20 09:29:20.207] [gas-forecast] [] [] [c.g.forecast.common.web.WebLogAspect] [http-nio-8080-exec-10] [INFO] - Request [行业列表查询] POST /gas-forecast/base-industry/listPage args={reqDTO=BaseIndustryPageReqDTO[page=1, size=1000, keyword=null]}
[2026-09-20 09:29:20.207] [gas-forecast] [] [] [c.g.forecast.common.web.WebLogAspect] [http-nio-8080-exec-5] [INFO] - Request [客户列表分页查询] POST /gas-forecast/base-customer/listPage args={reqDTO=BaseCustomerPageReqDTO[page=1, size=1000, keyword=null]}
[2026-09-20 09:29:20.207] [gas-forecast] [] [] [c.g.forecast.common.web.WebLogAspect] [http-nio-8080-exec-1] [INFO] - Request [区域列表查询] POST /gas-forecast/base-region/listPage args={reqDTO=BaseRegionPageReqDTO[page=1, size=1000, keyword=null]}
[2026-09-20 09:29:20.212] [gas-forecast] [] [] [c.g.forecast.common.web.WebLogAspect] [http-nio-8080-exec-1] [INFO] - Request [区域列表查询] completed in 5 ms
[2026-09-20 09:29:20.212] [gas-forecast] [] [] [c.g.forecast.common.web.WebLogAspect] [http-nio-8080-exec-10] [INFO] - Request [行业列表查询] completed in 5 ms
[2026-09-20 09:29:20.213] [gas-forecast] [] [] [c.g.forecast.common.web.WebLogAspect] [http-nio-8080-exec-5] [INFO] - Request [客户列表分页查询] completed in 6 ms
[2026-09-20 09:29:20.216] [gas-forecast] [] [] [c.g.forecast.common.web.WebLogAspect] [http-nio-8080-exec-8] [INFO] - Request [模型列表查询] completed in 21 ms
[2026-09-20 09:29:55.007] [gas-forecast] [] [] [c.g.forecast.common.web.WebLogAspect] [http-nio-8080-exec-4] [INFO] - Request [获取当前登录用户权限] GET /gas-forecast/auth/permissions args={}
[2026-09-20 09:29:55.011] [gas-forecast] [] [] [c.g.forecast.common.web.WebLogAspect] [http-nio-8080-exec-4] [INFO] - Request [获取当前登录用户权限] completed in 4 ms
[2026-09-20 09:29:55.047] [gas-forecast] [] [] [c.g.forecast.common.web.WebLogAspect] [http-nio-8080-exec-9] [INFO] - Request [模型训练配置列表查询] POST /gas-forecast/model-train-config/listPage args={reqDTO=ModelTrainConfigPageReqDTO[page=1, size=10, keyword=null, agentCode=null, timeGranularity=null]}
[2026-09-20 09:29:55.047] [gas-forecast] [] [] [c.g.forecast.common.web.WebLogAspect] [http-nio-8080-exec-2] [INFO] - Request [模型列表查询] POST /gas-forecast/model-config/listPage args={reqDTO=ModelConfigPageReqDTO[page=1, size=1000, keyword=null]}
[2026-09-20 09:29:55.051] [gas-forecast] [] [] [c.g.forecast.common.web.WebLogAspect] [http-nio-8080-exec-3] [INFO] - Request [区域列表查询] POST /gas-forecast/base-region/listPage args={reqDTO=BaseRegionPageReqDTO[page=1, size=1000, keyword=null]}
[2026-09-20 09:29:55.051] [gas-forecast] [] [] [c.g.forecast.common.web.WebLogAspect] [http-nio-8080-exec-7] [INFO] - Request [行业列表查询] POST /gas-forecast/base-industry/listPage args={reqDTO=BaseIndustryPageReqDTO[page=1, size=1000, keyword=null]}
[2026-09-20 09:29:55.051] [gas-forecast] [] [] [c.g.forecast.common.web.WebLogAspect] [http-nio-8080-exec-6] [INFO] - Request [客户列表分页查询] POST /gas-forecast/base-customer/listPage args={reqDTO=BaseCustomerPageReqDTO[page=1, size=1000, keyword=null]}
[2026-09-20 09:29:55.051] [gas-forecast] [] [] [c.g.forecast.common.web.WebLogAspect] [http-nio-8080-exec-9] [INFO] - Request [模型训练配置列表查询] completed in 4 ms
[2026-09-20 09:29:55.055] [gas-forecast] [] [] [c.g.forecast.common.web.WebLogAspect] [http-nio-8080-exec-3] [INFO] - Request [区域列表查询] completed in 4 ms
[2026-09-20 09:29:55.056] [gas-forecast] [] [] [c.g.forecast.common.web.WebLogAspect] [http-nio-8080-exec-2] [INFO] - Request [模型列表查询] completed in 9 ms
[2026-09-20 09:29:55.058] [gas-forecast] [] [] [c.g.forecast.common.web.WebLogAspect] [http-nio-8080-exec-7] [INFO] - Request [行业列表查询] completed in 7 ms
[2026-09-20 09:29:55.059] [gas-forecast] [] [] [c.g.forecast.common.web.WebLogAspect] [http-nio-8080-exec-6] [INFO] - Request [客户列表分页查询] completed in 8 ms
[2026-09-20 09:29:56.460] [gas-forecast] [] [] [c.g.forecast.common.web.WebLogAspect] [http-nio-8080-exec-1] [INFO] - Request [查看模型训练结果] POST /gas-forecast/model-train-execution/result args={reqDTO={"id":1,"trainCode":"TRAIN-20260918165056-9486","trainName":"测试北京训练","agentCode":"winter-supply","modelId":1,"modelCode":"WINTER_MODEL_V1.0","modelName":"冬季保供模型","regionCode":"REG000005","regionName":"北京","industryCode":"","industryName":"","customerCode":"","customerName":"","trainStartDate":"2015-01-01","trainEndDate":"2026-09-01","trainMode":"RANGE","timeGranularity":"TENDAY","recentPeriods":36,"enabled":1,"remark":"","createdBy":"system","createdByName":"系统","createdAt":"2026-09-18 16:50:57","updatedAt":"2026-09-20 09:23:11"}}
[2026-09-20 09:29:56.466] [gas-forecast] [] [] [c.g.forecast.common.web.WebLogAspect] [http-nio-8080-exec-1] [INFO] - Request [查看模型训练结果] completed in 6 ms
[2026-09-20 09:33:46.863] [gas-forecast] [] [] [c.g.forecast.common.web.WebLogAspect] [http-nio-8080-exec-10] [INFO] - Request [模型列表查询] POST /gas-forecast/model-config/listPage args={reqDTO=ModelConfigPageReqDTO[page=1, size=1000, keyword=null]}
[2026-09-20 09:33:46.863] [gas-forecast] [] [] [c.g.forecast.common.web.WebLogAspect] [http-nio-8080-exec-9] [INFO] - Request [模型训练配置列表查询] POST /gas-forecast/model-train-config/listPage args={reqDTO=ModelTrainConfigPageReqDTO[page=1, size=10, keyword=null, agentCode=null, timeGranularity=null]}
[2026-09-20 09:33:46.873] [gas-forecast] [] [] [c.g.forecast.common.web.WebLogAspect] [http-nio-8080-exec-8] [INFO] - Request [行业列表查询] POST /gas-forecast/base-industry/listPage args={reqDTO=BaseIndustryPageReqDTO[page=1, size=1000, keyword=null]}
[2026-09-20 09:33:46.873] [gas-forecast] [] [] [c.g.forecast.common.web.WebLogAspect] [http-nio-8080-exec-4] [INFO] - Request [客户列表分页查询] POST /gas-forecast/base-customer/listPage args={reqDTO=BaseCustomerPageReqDTO[page=1, size=1000, keyword=null]}
[2026-09-20 09:33:46.874] [gas-forecast] [] [] [c.g.forecast.common.web.WebLogAspect] [http-nio-8080-exec-5] [INFO] - Request [区域列表查询] POST /gas-forecast/base-region/listPage args={reqDTO=BaseRegionPageReqDTO[page=1, size=1000, keyword=null]}
[2026-09-20 09:33:46.877] [gas-forecast] [] [] [c.g.forecast.common.web.WebLogAspect] [http-nio-8080-exec-9] [INFO] - Request [模型训练配置列表查询] completed in 14 ms
[2026-09-20 09:33:46.879] [gas-forecast] [] [] [c.g.forecast.common.web.WebLogAspect] [http-nio-8080-exec-5] [INFO] - Request [区域列表查询] completed in 5 ms
[2026-09-20 09:33:46.879] [gas-forecast] [] [] [c.g.forecast.common.web.WebLogAspect] [http-nio-8080-exec-8] [INFO] - Request [行业列表查询] completed in 6 ms
[2026-09-20 09:33:46.879] [gas-forecast] [] [] [c.g.forecast.common.web.WebLogAspect] [http-nio-8080-exec-4] [INFO] - Request [客户列表分页查询] completed in 6 ms
[2026-09-20 09:33:46.880] [gas-forecast] [] [] [c.g.forecast.common.web.WebLogAspect] [http-nio-8080-exec-10] [INFO] - Request [模型列表查询] completed in 17 ms
[2026-09-20 09:33:58.802] [gas-forecast] [] [] [c.g.forecast.common.web.WebLogAspect] [http-nio-8080-exec-3] [INFO] - Request [模型列表查询] POST /gas-forecast/model-config/listPage args={reqDTO=ModelConfigPageReqDTO[page=1, size=1000, keyword=null]}
[2026-09-20 09:33:58.803] [gas-forecast] [] [] [c.g.forecast.common.web.WebLogAspect] [http-nio-8080-exec-1] [INFO] - Request [模型训练配置列表查询] POST /gas-forecast/model-train-config/listPage args={reqDTO=ModelTrainConfigPageReqDTO[page=1, size=10, keyword=null, agentCode=null, timeGranularity=null]}
[2026-09-20 09:33:58.806] [gas-forecast] [] [] [c.g.forecast.common.web.WebLogAspect] [http-nio-8080-exec-6] [INFO] - Request [客户列表分页查询] POST /gas-forecast/base-customer/listPage args={reqDTO=BaseCustomerPageReqDTO[page=1, size=1000, keyword=null]}
[2026-09-20 09:33:58.806] [gas-forecast] [] [] [c.g.forecast.common.web.WebLogAspect] [http-nio-8080-exec-2] [INFO] - Request [区域列表查询] POST /gas-forecast/base-region/listPage args={reqDTO=BaseRegionPageReqDTO[page=1, size=1000, keyword=null]}
[2026-09-20 09:33:58.806] [gas-forecast] [] [] [c.g.forecast.common.web.WebLogAspect] [http-nio-8080-exec-7] [INFO] - Request [行业列表查询] POST /gas-forecast/base-industry/listPage args={reqDTO=BaseIndustryPageReqDTO[page=1, size=1000, keyword=null]}
[2026-09-20 09:33:58.811] [gas-forecast] [] [] [c.g.forecast.common.web.WebLogAspect] [http-nio-8080-exec-7] [INFO] - Request [行业列表查询] completed in 5 ms
[2026-09-20 09:33:58.811] [gas-forecast] [] [] [c.g.forecast.common.web.WebLogAspect] [http-nio-8080-exec-2] [INFO] - Request [区域列表查询] completed in 5 ms
[2026-09-20 09:33:58.812] [gas-forecast] [] [] [c.g.forecast.common.web.WebLogAspect] [http-nio-8080-exec-6] [INFO] - Request [客户列表分页查询] completed in 6 ms
[2026-09-20 09:33:58.812] [gas-forecast] [] [] [c.g.forecast.common.web.WebLogAspect] [http-nio-8080-exec-1] [INFO] - Request [模型训练配置列表查询] completed in 9 ms
[2026-09-20 09:33:58.812] [gas-forecast] [] [] [c.g.forecast.common.web.WebLogAspect] [http-nio-8080-exec-3] [INFO] - Request [模型列表查询] completed in 10 ms
[2026-09-20 09:34:29.143] [gas-forecast] [] [] [c.g.forecast.common.web.WebLogAspect] [http-nio-8080-exec-9] [INFO] - Request [模型列表查询] POST /gas-forecast/model-config/listPage args={reqDTO=ModelConfigPageReqDTO[page=1, size=1000, keyword=null]}
[2026-09-20 09:34:29.143] [gas-forecast] [] [] [c.g.forecast.common.web.WebLogAspect] [http-nio-8080-exec-4] [INFO] - Request [模型训练配置列表查询] POST /gas-forecast/model-train-config/listPage args={reqDTO=ModelTrainConfigPageReqDTO[page=1, size=10, keyword=null, agentCode=null, timeGranularity=null]}
[2026-09-20 09:34:29.146] [gas-forecast] [] [] [c.g.forecast.common.web.WebLogAspect] [http-nio-8080-exec-8] [INFO] - Request [区域列表查询] POST /gas-forecast/base-region/listPage args={reqDTO=BaseRegionPageReqDTO[page=1, size=1000, keyword=null]}
[2026-09-20 09:34:29.146] [gas-forecast] [] [] [c.g.forecast.common.web.WebLogAspect] [http-nio-8080-exec-10] [INFO] - Request [客户列表分页查询] POST /gas-forecast/base-customer/listPage args={reqDTO=BaseCustomerPageReqDTO[page=1, size=1000, keyword=null]}
[2026-09-20 09:34:29.146] [gas-forecast] [] [] [c.g.forecast.common.web.WebLogAspect] [http-nio-8080-exec-5] [INFO] - Request [行业列表查询] POST /gas-forecast/base-industry/listPage args={reqDTO=BaseIndustryPageReqDTO[page=1, size=1000, keyword=null]}
[2026-09-20 09:34:29.151] [gas-forecast] [] [] [c.g.forecast.common.web.WebLogAspect] [http-nio-8080-exec-4] [INFO] - Request [模型训练配置列表查询] completed in 8 ms
[2026-09-20 09:34:29.151] [gas-forecast] [] [] [c.g.forecast.common.web.WebLogAspect] [http-nio-8080-exec-5] [INFO] - Request [行业列表查询] completed in 5 ms
[2026-09-20 09:34:29.152] [gas-forecast] [] [] [c.g.forecast.common.web.WebLogAspect] [http-nio-8080-exec-10] [INFO] - Request [客户列表分页查询] completed in 6 ms
[2026-09-20 09:34:29.152] [gas-forecast] [] [] [c.g.forecast.common.web.WebLogAspect] [http-nio-8080-exec-8] [INFO] - Request [区域列表查询] completed in 6 ms
[2026-09-20 09:34:29.154] [gas-forecast] [] [] [c.g.forecast.common.web.WebLogAspect] [http-nio-8080-exec-9] [INFO] - Request [模型列表查询] completed in 11 ms
[2026-09-20 09:34:51.708] [gas-forecast] [] [] [c.g.forecast.common.web.WebLogAspect] [http-nio-8080-exec-7] [INFO] - Request [查看模型训练结果] POST /gas-forecast/model-train-execution/result args={reqDTO={"id":1,"trainCode":"TRAIN-20260918165056-9486","trainName":"测试北京训练","agentCode":"winter-supply","modelId":1,"modelCode":"WINTER_MODEL_V1.0","modelName":"冬季保供模型","regionCode":"REG000005","regionName":"北京","industryCode":"","industryName":"","customerCode":"","customerName":"","trainStartDate":"2015-01-01","trainEndDate":"2026-09-01","trainMode":"RANGE","timeGranularity":"TENDAY","recentPeriods":36,"enabled":1,"remark":"","createdBy":"system","createdByName":"系统","createdAt":"2026-09-18 16:50:57","updatedAt":"2026-09-20 09:23:11"}}
[2026-09-20 09:34:51.732] [gas-forecast] [] [] [c.g.forecast.common.web.WebLogAspect] [http-nio-8080-exec-7] [INFO] - Request [查看模型训练结果] completed in 24 ms
[2026-09-20 09:34:55.550] [gas-forecast] [] [] [c.g.forecast.common.web.WebLogAspect] [http-nio-8080-exec-2] [INFO] - Request [获取当前登录用户权限] GET /gas-forecast/auth/permissions args={}
[2026-09-20 09:34:55.556] [gas-forecast] [] [] [c.g.forecast.common.web.WebLogAspect] [http-nio-8080-exec-2] [INFO] - Request [获取当前登录用户权限] completed in 6 ms
[2026-09-20 09:34:55.611] [gas-forecast] [] [] [c.g.forecast.common.web.WebLogAspect] [http-nio-8080-exec-6] [INFO] - Request [模型列表查询] POST /gas-forecast/model-config/listPage args={reqDTO=ModelConfigPageReqDTO[page=1, size=1000, keyword=null]}
[2026-09-20 09:34:55.611] [gas-forecast] [] [] [c.g.forecast.common.web.WebLogAspect] [http-nio-8080-exec-5] [INFO] - Request [模型训练配置列表查询] POST /gas-forecast/model-train-config/listPage args={reqDTO=ModelTrainConfigPageReqDTO[page=1, size=10, keyword=null, agentCode=null, timeGranularity=null]}
[2026-09-20 09:34:55.615] [gas-forecast] [] [] [c.g.forecast.common.web.WebLogAspect] [http-nio-8080-exec-1] [INFO] - Request [区域列表查询] POST /gas-forecast/base-region/listPage args={reqDTO=BaseRegionPageReqDTO[page=1, size=1000, keyword=null]}
[2026-09-20 09:34:55.615] [gas-forecast] [] [] [c.g.forecast.common.web.WebLogAspect] [http-nio-8080-exec-3] [INFO] - Request [行业列表查询] POST /gas-forecast/base-industry/listPage args={reqDTO=BaseIndustryPageReqDTO[page=1, size=1000, keyword=null]}
[2026-09-20 09:34:55.616] [gas-forecast] [] [] [c.g.forecast.common.web.WebLogAspect] [http-nio-8080-exec-4] [INFO] - Request [客户列表分页查询] POST /gas-forecast/base-customer/listPage args={reqDTO=BaseCustomerPageReqDTO[page=1, size=1000, keyword=null]}
[2026-09-20 09:34:55.620] [gas-forecast] [] [] [c.g.forecast.common.web.WebLogAspect] [http-nio-8080-exec-5] [INFO] - Request [模型训练配置列表查询] completed in 9 ms
[2026-09-20 09:34:55.620] [gas-forecast] [] [] [c.g.forecast.common.web.WebLogAspect] [http-nio-8080-exec-4] [INFO] - Request [客户列表分页查询] completed in 4 ms
[2026-09-20 09:34:55.621] [gas-forecast] [] [] [c.g.forecast.common.web.WebLogAspect] [http-nio-8080-exec-6] [INFO] - Request [模型列表查询] completed in 10 ms
[2026-09-20 09:34:55.621] [gas-forecast] [] [] [c.g.forecast.common.web.WebLogAspect] [http-nio-8080-exec-1] [INFO] - Request [区域列表查询] completed in 6 ms
[2026-09-20 09:34:55.622] [gas-forecast] [] [] [c.g.forecast.common.web.WebLogAspect] [http-nio-8080-exec-3] [INFO] - Request [行业列表查询] completed in 7 ms
[2026-09-20 09:34:57.458] [gas-forecast] [] [] [c.g.forecast.common.web.WebLogAspect] [http-nio-8080-exec-10] [INFO] - Request [查看模型训练结果] POST /gas-forecast/model-train-execution/result args={reqDTO={"id":1,"trainCode":"TRAIN-20260918165056-9486","trainName":"测试北京训练","agentCode":"winter-supply","modelId":1,"modelCode":"WINTER_MODEL_V1.0","modelName":"冬季保供模型","regionCode":"REG000005","regionName":"北京","industryCode":"","industryName":"","customerCode":"","customerName":"","trainStartDate":"2015-01-01","trainEndDate":"2026-09-01","trainMode":"RANGE","timeGranularity":"TENDAY","recentPeriods":36,"enabled":1,"remark":"","createdBy":"system","createdByName":"系统","createdAt":"2026-09-18 16:50:57","updatedAt":"2026-09-20 09:23:11"}}
[2026-09-20 09:34:57.463] [gas-forecast] [] [] [c.g.forecast.common.web.WebLogAspect] [http-nio-8080-exec-10] [INFO] - Request [查看模型训练结果] completed in 5 ms
[2026-09-20 09:37:01.529] [gas-forecast] [] [] [c.g.forecast.common.web.WebLogAspect] [http-nio-8080-exec-8] [INFO] - Request [模型列表查询] POST /gas-forecast/model-config/listPage args={reqDTO=ModelConfigPageReqDTO[page=1, size=1000, keyword=null]}
[2026-09-20 09:37:01.529] [gas-forecast] [] [] [c.g.forecast.common.web.WebLogAspect] [http-nio-8080-exec-5] [INFO] - Request [模型训练配置列表查询] POST /gas-forecast/model-train-config/listPage args={reqDTO=ModelTrainConfigPageReqDTO[page=1, size=10, keyword=null, agentCode=null, timeGranularity=null]}
[2026-09-20 09:37:01.543] [gas-forecast] [] [] [c.g.forecast.common.web.WebLogAspect] [http-nio-8080-exec-9] [INFO] - Request [区域列表查询] POST /gas-forecast/base-region/listPage args={reqDTO=BaseRegionPageReqDTO[page=1, size=1000, keyword=null]}
[2026-09-20 09:37:01.543] [gas-forecast] [] [] [c.g.forecast.common.web.WebLogAspect] [http-nio-8080-exec-7] [INFO] - Request [行业列表查询] POST /gas-forecast/base-industry/listPage args={reqDTO=BaseIndustryPageReqDTO[page=1, size=1000, keyword=null]}
[2026-09-20 09:37:01.544] [gas-forecast] [] [] [c.g.forecast.common.web.WebLogAspect] [http-nio-8080-exec-2] [INFO] - Request [客户列表分页查询] POST /gas-forecast/base-customer/listPage args={reqDTO=BaseCustomerPageReqDTO[page=1, size=1000, keyword=null]}
[2026-09-20 09:37:01.547] [gas-forecast] [] [] [c.g.forecast.common.web.WebLogAspect] [http-nio-8080-exec-5] [INFO] - Request [模型训练配置列表查询] completed in 18 ms
[2026-09-20 09:37:01.549] [gas-forecast] [] [] [c.g.forecast.common.web.WebLogAspect] [http-nio-8080-exec-9] [INFO] - Request [区域列表查询] completed in 6 ms
[2026-09-20 09:37:01.551] [gas-forecast] [] [] [c.g.forecast.common.web.WebLogAspect] [http-nio-8080-exec-7] [INFO] - Request [行业列表查询] completed in 8 ms
[2026-09-20 09:37:01.551] [gas-forecast] [] [] [c.g.forecast.common.web.WebLogAspect] [http-nio-8080-exec-2] [INFO] - Request [客户列表分页查询] completed in 7 ms
[2026-09-20 09:37:01.553] [gas-forecast] [] [] [c.g.forecast.common.web.WebLogAspect] [http-nio-8080-exec-8] [INFO] - Request [模型列表查询] completed in 24 ms
[2026-09-20 09:37:22.897] [gas-forecast] [] [] [c.g.forecast.common.web.WebLogAspect] [http-nio-8080-exec-4] [INFO] - Request [查看模型训练结果] POST /gas-forecast/model-train-execution/result args={reqDTO={"id":1,"trainCode":"TRAIN-20260918165056-9486","trainName":"测试北京训练","agentCode":"winter-supply","modelId":1,"modelCode":"WINTER_MODEL_V1.0","modelName":"冬季保供模型","regionCode":"REG000005","regionName":"北京","industryCode":"","industryName":"","customerCode":"","customerName":"","trainStartDate":"2015-01-01","trainEndDate":"2026-09-01","trainMode":"RANGE","timeGranularity":"TENDAY","recentPeriods":36,"enabled":1,"remark":"","createdBy":"system","createdByName":"系统","createdAt":"2026-09-18 16:50:57","updatedAt":"2026-09-20 09:23:11"}}
[2026-09-20 09:37:22.903] [gas-forecast] [] [] [c.g.forecast.common.web.WebLogAspect] [http-nio-8080-exec-4] [INFO] - Request [查看模型训练结果] completed in 6 ms
[2026-09-20 09:44:27.043] [gas-forecast] [] [] [c.g.forecast.common.web.WebLogAspect] [http-nio-8080-exec-6] [INFO] - Request [模型列表查询] POST /gas-forecast/model-config/listPage args={reqDTO=ModelConfigPageReqDTO[page=1, size=1000, keyword=null]}
[2026-09-20 09:44:27.044] [gas-forecast] [] [] [c.g.forecast.common.web.WebLogAspect] [http-nio-8080-exec-5] [INFO] - Request [模型训练配置列表查询] POST /gas-forecast/model-train-config/listPage args={reqDTO=ModelTrainConfigPageReqDTO[page=1, size=10, keyword=null, agentCode=null, timeGranularity=null]}
[2026-09-20 09:44:27.057] [gas-forecast] [] [] [c.g.forecast.common.web.WebLogAspect] [http-nio-8080-exec-5] [INFO] - Request [模型训练配置列表查询] completed in 13 ms
[2026-09-20 09:44:27.057] [gas-forecast] [] [] [c.g.forecast.common.web.WebLogAspect] [http-nio-8080-exec-10] [INFO] - Request [客户列表分页查询] POST /gas-forecast/base-customer/listPage args={reqDTO=BaseCustomerPageReqDTO[page=1, size=1000, keyword=null]}
[2026-09-20 09:44:27.057] [gas-forecast] [] [] [c.g.forecast.common.web.WebLogAspect] [http-nio-8080-exec-1] [INFO] - Request [区域列表查询] POST /gas-forecast/base-region/listPage args={reqDTO=BaseRegionPageReqDTO[page=1, size=1000, keyword=null]}
[2026-09-20 09:44:27.061] [gas-forecast] [] [] [c.g.forecast.common.web.WebLogAspect] [http-nio-8080-exec-1] [INFO] - Request [区域列表查询] completed in 4 ms
[2026-09-20 09:44:27.062] [gas-forecast] [] [] [c.g.forecast.common.web.WebLogAspect] [http-nio-8080-exec-10] [INFO] - Request [客户列表分页查询] completed in 5 ms
[2026-09-20 09:44:27.062] [gas-forecast] [] [] [c.g.forecast.common.web.WebLogAspect] [http-nio-8080-exec-6] [INFO] - Request [模型列表查询] completed in 19 ms
[2026-09-20 09:44:27.248] [gas-forecast] [] [] [c.g.forecast.common.web.WebLogAspect] [http-nio-8080-exec-3] [INFO] - Request [行业列表查询] POST /gas-forecast/base-industry/listPage args={reqDTO=BaseIndustryPageReqDTO[page=1, size=1000, keyword=null]}
[2026-09-20 09:44:27.251] [gas-forecast] [] [] [c.g.forecast.common.web.WebLogAspect] [http-nio-8080-exec-3] [INFO] - Request [行业列表查询] completed in 3 ms
[2026-09-20 09:44:53.877] [gas-forecast] [] [] [c.g.forecast.common.web.WebLogAspect] [http-nio-8080-exec-9] [INFO] - Request [模型列表查询] POST /gas-forecast/model-config/listPage args={reqDTO=ModelConfigPageReqDTO[page=1, size=1000, keyword=null]}
[2026-09-20 09:44:53.877] [gas-forecast] [] [] [c.g.forecast.common.web.WebLogAspect] [http-nio-8080-exec-4] [INFO] - Request [模型训练配置列表查询] POST /gas-forecast/model-train-config/listPage args={reqDTO=ModelTrainConfigPageReqDTO[page=1, size=10, keyword=null, agentCode=null, timeGranularity=null]}
[2026-09-20 09:44:53.880] [gas-forecast] [] [] [c.g.forecast.common.web.WebLogAspect] [http-nio-8080-exec-2] [INFO] - Request [行业列表查询] POST /gas-forecast/base-industry/listPage args={reqDTO=BaseIndustryPageReqDTO[page=1, size=1000, keyword=null]}
[2026-09-20 09:44:53.880] [gas-forecast] [] [] [c.g.forecast.common.web.WebLogAspect] [http-nio-8080-exec-8] [INFO] - Request [客户列表分页查询] POST /gas-forecast/base-customer/listPage args={reqDTO=BaseCustomerPageReqDTO[page=1, size=1000, keyword=null]}
[2026-09-20 09:44:53.881] [gas-forecast] [] [] [c.g.forecast.common.web.WebLogAspect] [http-nio-8080-exec-7] [INFO] - Request [区域列表查询] POST /gas-forecast/base-region/listPage args={reqDTO=BaseRegionPageReqDTO[page=1, size=1000, keyword=null]}
[2026-09-20 09:44:53.884] [gas-forecast] [] [] [c.g.forecast.common.web.WebLogAspect] [http-nio-8080-exec-4] [INFO] - Request [模型训练配置列表查询] completed in 7 ms
[2026-09-20 09:44:53.885] [gas-forecast] [] [] [c.g.forecast.common.web.WebLogAspect] [http-nio-8080-exec-7] [INFO] - Request [区域列表查询] completed in 4 ms
[2026-09-20 09:44:53.885] [gas-forecast] [] [] [c.g.forecast.common.web.WebLogAspect] [http-nio-8080-exec-2] [INFO] - Request [行业列表查询] completed in 5 ms
[2026-09-20 09:44:53.886] [gas-forecast] [] [] [c.g.forecast.common.web.WebLogAspect] [http-nio-8080-exec-8] [INFO] - Request [客户列表分页查询] completed in 6 ms
[2026-09-20 09:44:53.888] [gas-forecast] [] [] [c.g.forecast.common.web.WebLogAspect] [http-nio-8080-exec-9] [INFO] - Request [模型列表查询] completed in 11 ms
[2026-09-20 09:45:10.992] [gas-forecast] [] [] [c.g.forecast.common.web.WebLogAspect] [http-nio-8080-exec-5] [INFO] - Request [模型列表查询] POST /gas-forecast/model-config/listPage args={reqDTO=ModelConfigPageReqDTO[page=1, size=1000, keyword=null]}
[2026-09-20 09:45:10.992] [gas-forecast] [] [] [c.g.forecast.common.web.WebLogAspect] [http-nio-8080-exec-3] [INFO] - Request [模型训练配置列表查询] POST /gas-forecast/model-train-config/listPage args={reqDTO=ModelTrainConfigPageReqDTO[page=1, size=10, keyword=null, agentCode=null, timeGranularity=null]}
[2026-09-20 09:45:10.995] [gas-forecast] [] [] [c.g.forecast.common.web.WebLogAspect] [http-nio-8080-exec-1] [INFO] - Request [区域列表查询] POST /gas-forecast/base-region/listPage args={reqDTO=BaseRegionPageReqDTO[page=1, size=1000, keyword=null]}
[2026-09-20 09:45:10.995] [gas-forecast] [] [] [c.g.forecast.common.web.WebLogAspect] [http-nio-8080-exec-10] [INFO] - Request [行业列表查询] POST /gas-forecast/base-industry/listPage args={reqDTO=BaseIndustryPageReqDTO[page=1, size=1000, keyword=null]}
[2026-09-20 09:45:10.995] [gas-forecast] [] [] [c.g.forecast.common.web.WebLogAspect] [http-nio-8080-exec-6] [INFO] - Request [客户列表分页查询] POST /gas-forecast/base-customer/listPage args={reqDTO=BaseCustomerPageReqDTO[page=1, size=1000, keyword=null]}
[2026-09-20 09:45:11.001] [gas-forecast] [] [] [c.g.forecast.common.web.WebLogAspect] [http-nio-8080-exec-3] [INFO] - Request [模型训练配置列表查询] completed in 9 ms
[2026-09-20 09:45:11.001] [gas-forecast] [] [] [c.g.forecast.common.web.WebLogAspect] [http-nio-8080-exec-1] [INFO] - Request [区域列表查询] completed in 6 ms
[2026-09-20 09:45:11.001] [gas-forecast] [] [] [c.g.forecast.common.web.WebLogAspect] [http-nio-8080-exec-10] [INFO] - Request [行业列表查询] completed in 6 ms
[2026-09-20 09:45:11.003] [gas-forecast] [] [] [c.g.forecast.common.web.WebLogAspect] [http-nio-8080-exec-5] [INFO] - Request [模型列表查询] completed in 11 ms
[2026-09-20 09:45:11.004] [gas-forecast] [] [] [c.g.forecast.common.web.WebLogAspect] [http-nio-8080-exec-6] [INFO] - Request [客户列表分页查询] completed in 9 ms
[2026-09-20 09:45:59.482] [gas-forecast] [] [] [c.g.forecast.common.web.WebLogAspect] [http-nio-8080-exec-4] [INFO] - Request [查看模型训练结果] POST /gas-forecast/model-train-execution/result args={reqDTO={"id":1,"trainCode":"TRAIN-20260918165056-9486","trainName":"测试北京训练","agentCode":"winter-supply","modelId":1,"modelCode":"WINTER_MODEL_V1.0","modelName":"冬季保供模型","regionCode":"REG000005","regionName":"北京","industryCode":"","industryName":"","customerCode":"","customerName":"","trainStartDate":"2015-01-01","trainEndDate":"2026-09-01","trainMode":"RANGE","timeGranularity":"TENDAY","recentPeriods":36,"enabled":1,"remark":"","createdBy":"system","createdByName":"系统","createdAt":"2026-09-18 16:50:57","updatedAt":"2026-09-20 09:23:11"}}
[2026-09-20 09:45:59.501] [gas-forecast] [] [] [c.g.forecast.common.web.WebLogAspect] [http-nio-8080-exec-4] [INFO] - Request [查看模型训练结果] completed in 19 ms
[2026-09-20 09:48:41.838] [gas-forecast] [] [] [c.g.forecast.common.web.WebLogAspect] [http-nio-8080-exec-1] [INFO] - Request [模型训练配置列表查询] POST /gas-forecast/model-train-config/listPage args={reqDTO=ModelTrainConfigPageReqDTO[page=1, size=10, keyword=null, agentCode=null, timeGranularity=null]}
[2026-09-20 09:48:41.838] [gas-forecast] [] [] [c.g.forecast.common.web.WebLogAspect] [http-nio-8080-exec-2] [INFO] - Request [模型列表查询] POST /gas-forecast/model-config/listPage args={reqDTO=ModelConfigPageReqDTO[page=1, size=1000, keyword=null]}
[2026-09-20 09:48:41.852] [gas-forecast] [] [] [c.g.forecast.common.web.WebLogAspect] [http-nio-8080-exec-9] [INFO] - Request [客户列表分页查询] POST /gas-forecast/base-customer/listPage args={reqDTO=BaseCustomerPageReqDTO[page=1, size=1000, keyword=null]}
[2026-09-20 09:48:41.852] [gas-forecast] [] [] [c.g.forecast.common.web.WebLogAspect] [http-nio-8080-exec-8] [INFO] - Request [行业列表查询] POST /gas-forecast/base-industry/listPage args={reqDTO=BaseIndustryPageReqDTO[page=1, size=1000, keyword=null]}
[2026-09-20 09:48:41.852] [gas-forecast] [] [] [c.g.forecast.common.web.WebLogAspect] [http-nio-8080-exec-1] [INFO] - Request [模型训练配置列表查询] completed in 14 ms
[2026-09-20 09:48:41.852] [gas-forecast] [] [] [c.g.forecast.common.web.WebLogAspect] [http-nio-8080-exec-7] [INFO] - Request [区域列表查询] POST /gas-forecast/base-region/listPage args={reqDTO=BaseRegionPageReqDTO[page=1, size=1000, keyword=null]}
[2026-09-20 09:48:41.857] [gas-forecast] [] [] [c.g.forecast.common.web.WebLogAspect] [http-nio-8080-exec-8] [INFO] - Request [行业列表查询] completed in 5 ms
[2026-09-20 09:48:41.857] [gas-forecast] [] [] [c.g.forecast.common.web.WebLogAspect] [http-nio-8080-exec-7] [INFO] - Request [区域列表查询] completed in 5 ms
[2026-09-20 09:48:41.858] [gas-forecast] [] [] [c.g.forecast.common.web.WebLogAspect] [http-nio-8080-exec-9] [INFO] - Request [客户列表分页查询] completed in 6 ms
[2026-09-20 09:48:41.858] [gas-forecast] [] [] [c.g.forecast.common.web.WebLogAspect] [http-nio-8080-exec-2] [INFO] - Request [模型列表查询] completed in 20 ms
[2026-09-20 09:49:33.475] [gas-forecast] [] [] [c.g.forecast.common.web.WebLogAspect] [http-nio-8080-exec-3] [INFO] - Request [模型列表查询] POST /gas-forecast/model-config/listPage args={reqDTO=ModelConfigPageReqDTO[page=1, size=1000, keyword=null]}
[2026-09-20 09:49:33.478] [gas-forecast] [] [] [c.g.forecast.common.web.WebLogAspect] [http-nio-8080-exec-4] [INFO] - Request [模型训练配置列表查询] POST /gas-forecast/model-train-config/listPage args={reqDTO=ModelTrainConfigPageReqDTO[page=1, size=10, keyword=null, agentCode=null, timeGranularity=null]}
[2026-09-20 09:49:33.481] [gas-forecast] [] [] [c.g.forecast.common.web.WebLogAspect] [http-nio-8080-exec-6] [INFO] - Request [行业列表查询] POST /gas-forecast/base-industry/listPage args={reqDTO=BaseIndustryPageReqDTO[page=1, size=1000, keyword=null]}
[2026-09-20 09:49:33.481] [gas-forecast] [] [] [c.g.forecast.common.web.WebLogAspect] [http-nio-8080-exec-5] [INFO] - Request [客户列表分页查询] POST /gas-forecast/base-customer/listPage args={reqDTO=BaseCustomerPageReqDTO[page=1, size=1000, keyword=null]}
[2026-09-20 09:49:33.481] [gas-forecast] [] [] [c.g.forecast.common.web.WebLogAspect] [http-nio-8080-exec-10] [INFO] - Request [区域列表查询] POST /gas-forecast/base-region/listPage args={reqDTO=BaseRegionPageReqDTO[page=1, size=1000, keyword=null]}
[2026-09-20 09:49:33.483] [gas-forecast] [] [] [c.g.forecast.common.web.WebLogAspect] [http-nio-8080-exec-4] [INFO] - Request [模型训练配置列表查询] completed in 5 ms
[2026-09-20 09:49:33.486] [gas-forecast] [] [] [c.g.forecast.common.web.WebLogAspect] [http-nio-8080-exec-6] [INFO] - Request [行业列表查询] completed in 5 ms
[2026-09-20 09:49:33.487] [gas-forecast] [] [] [c.g.forecast.common.web.WebLogAspect] [http-nio-8080-exec-5] [INFO] - Request [客户列表分页查询] completed in 6 ms
[2026-09-20 09:49:33.487] [gas-forecast] [] [] [c.g.forecast.common.web.WebLogAspect] [http-nio-8080-exec-3] [INFO] - Request [模型列表查询] completed in 12 ms
[2026-09-20 09:49:33.488] [gas-forecast] [] [] [c.g.forecast.common.web.WebLogAspect] [http-nio-8080-exec-10] [INFO] - Request [区域列表查询] completed in 7 ms
[2026-09-20 09:49:41.126] [gas-forecast] [] [] [c.g.forecast.common.web.WebLogAspect] [http-nio-8080-exec-1] [INFO] - Request [查看模型训练结果] POST /gas-forecast/model-train-execution/result args={reqDTO={"id":1,"trainCode":"TRAIN-20260918165056-9486","trainName":"测试北京训练","agentCode":"winter-supply","modelId":1,"modelCode":"WINTER_MODEL_V1.0","modelName":"冬季保供模型","regionCode":"REG000005","regionName":"北京","industryCode":"","industryName":"","customerCode":"","customerName":"","trainStartDate":"2015-01-01","trainEndDate":"2026-09-01","trainMode":"RANGE","timeGranularity":"TENDAY","recentPeriods":36,"enabled":1,"remark":"","createdBy":"system","createdByName":"系统","createdAt":"2026-09-18 16:50:57","updatedAt":"2026-09-20 09:23:11"}}
[2026-09-20 09:49:41.131] [gas-forecast] [] [] [c.g.forecast.common.web.WebLogAspect] [http-nio-8080-exec-1] [INFO] - Request [查看模型训练结果] completed in 5 ms
[2026-09-20 09:50:36.301] [gas-forecast] [] [] [c.g.forecast.common.web.WebLogAspect] [http-nio-8080-exec-8] [INFO] - Request [模型列表查询] POST /gas-forecast/model-config/listPage args={reqDTO=ModelConfigPageReqDTO[page=1, size=1000, keyword=null]}
[2026-09-20 09:50:36.322] [gas-forecast] [] [] [c.g.forecast.common.web.WebLogAspect] [http-nio-8080-exec-7] [INFO] - Request [区域列表查询] POST /gas-forecast/base-region/listPage args={reqDTO=BaseRegionPageReqDTO[page=1, size=1000, keyword=null]}
[2026-09-20 09:50:36.322] [gas-forecast] [] [] [c.g.forecast.common.web.WebLogAspect] [http-nio-8080-exec-2] [INFO] - Request [客户列表分页查询] POST /gas-forecast/base-customer/listPage args={reqDTO=BaseCustomerPageReqDTO[page=1, size=1000, keyword=null]}
[2026-09-20 09:50:36.322] [gas-forecast] [] [] [c.g.forecast.common.web.WebLogAspect] [http-nio-8080-exec-9] [INFO] - Request [行业列表查询] POST /gas-forecast/base-industry/listPage args={reqDTO=BaseIndustryPageReqDTO[page=1, size=1000, keyword=null]}
[2026-09-20 09:50:36.325] [gas-forecast] [] [] [c.g.forecast.common.web.WebLogAspect] [http-nio-8080-exec-7] [INFO] - Request [区域列表查询] completed in 3 ms
[2026-09-20 09:50:36.325] [gas-forecast] [] [] [c.g.forecast.common.web.WebLogAspect] [http-nio-8080-exec-9] [INFO] - Request [行业列表查询] completed in 3 ms
[2026-09-20 09:50:36.326] [gas-forecast] [] [] [c.g.forecast.common.web.WebLogAspect] [http-nio-8080-exec-2] [INFO] - Request [客户列表分页查询] completed in 4 ms
[2026-09-20 09:50:36.326] [gas-forecast] [] [] [c.g.forecast.common.web.WebLogAspect] [http-nio-8080-exec-8] [INFO] - Request [模型列表查询] completed in 25 ms
[2026-09-20 09:50:40.679] [gas-forecast] [] [] [c.g.forecast.common.web.WebLogAspect] [http-nio-8080-exec-4] [INFO] - Request [查看模型训练结果] POST /gas-forecast/model-train-execution/result args={reqDTO={"id":1,"trainCode":"TRAIN-20260918165056-9486","trainName":"测试北京训练","agentCode":"winter-supply","modelId":1,"modelCode":"WINTER_MODEL_V1.0","modelName":"冬季保供模型","regionCode":"REG000005","regionName":"北京","industryCode":"","industryName":"","customerCode":"","customerName":"","trainStartDate":"2015-01-01","trainEndDate":"2026-09-01","trainMode":"RANGE","timeGranularity":"TENDAY","recentPeriods":36,"enabled":1,"remark":"","createdBy":"system","createdByName":"系统","createdAt":"2026-09-18 16:50:57","updatedAt":"2026-09-20 09:23:11"}}
[2026-09-20 09:50:40.686] [gas-forecast] [] [] [c.g.forecast.common.web.WebLogAspect] [http-nio-8080-exec-4] [INFO] - Request [查看模型训练结果] completed in 7 ms
[2026-09-20 09:50:59.385] [gas-forecast] [] [] [c.g.forecast.common.web.WebLogAspect] [http-nio-8080-exec-6] [INFO] - Request [查看模型训练结果] POST /gas-forecast/model-train-execution/result args={reqDTO={"id":1,"trainCode":"TRAIN-20260918165056-9486","trainName":"测试北京训练","agentCode":"winter-supply","modelId":1,"modelCode":"WINTER_MODEL_V1.0","modelName":"冬季保供模型","regionCode":"REG000005","regionName":"北京","industryCode":"","industryName":"","customerCode":"","customerName":"","trainStartDate":"2015-01-01","trainEndDate":"2026-09-01","trainMode":"RANGE","timeGranularity":"TENDAY","recentPeriods":36,"enabled":1,"remark":"","createdBy":"system","createdByName":"系统","createdAt":"2026-09-18 16:50:57","updatedAt":"2026-09-20 09:23:11"}}
[2026-09-20 09:50:59.394] [gas-forecast] [] [] [c.g.forecast.common.web.WebLogAspect] [http-nio-8080-exec-6] [INFO] - Request [查看模型训练结果] completed in 9 ms
[2026-09-20 09:53:01.938] [gas-forecast] [] [] [c.g.forecast.common.web.WebLogAspect] [http-nio-8080-exec-5] [INFO] - Request [模型列表查询] POST /gas-forecast/model-config/listPage args={reqDTO=ModelConfigPageReqDTO[page=1, size=1000, keyword=null]}
[2026-09-20 09:53:01.939] [gas-forecast] [] [] [c.g.forecast.common.web.WebLogAspect] [http-nio-8080-exec-9] [INFO] - Request [模型训练配置列表查询] POST /gas-forecast/model-train-config/listPage args={reqDTO=ModelTrainConfigPageReqDTO[page=1, size=10, keyword=null, agentCode=null, timeGranularity=null]}
[2026-09-20 09:53:01.956] [gas-forecast] [] [] [c.g.forecast.common.web.WebLogAspect] [http-nio-8080-exec-1] [INFO] - Request [客户列表分页查询] POST /gas-forecast/base-customer/listPage args={reqDTO=BaseCustomerPageReqDTO[page=1, size=1000, keyword=null]}
[2026-09-20 09:53:01.956] [gas-forecast] [] [] [c.g.forecast.common.web.WebLogAspect] [http-nio-8080-exec-10] [INFO] - Request [行业列表查询] POST /gas-forecast/base-industry/listPage args={reqDTO=BaseIndustryPageReqDTO[page=1, size=1000, keyword=null]}
[2026-09-20 09:53:01.956] [gas-forecast] [] [] [c.g.forecast.common.web.WebLogAspect] [http-nio-8080-exec-3] [INFO] - Request [区域列表查询] POST /gas-forecast/base-region/listPage args={reqDTO=BaseRegionPageReqDTO[page=1, size=1000, keyword=null]}
[2026-09-20 09:53:01.956] [gas-forecast] [] [] [c.g.forecast.common.web.WebLogAspect] [http-nio-8080-exec-9] [INFO] - Request [模型训练配置列表查询] completed in 17 ms
[2026-09-20 09:53:01.959] [gas-forecast] [] [] [c.g.forecast.common.web.WebLogAspect] [http-nio-8080-exec-5] [INFO] - Request [模型列表查询] completed in 21 ms
[2026-09-20 09:53:01.960] [gas-forecast] [] [] [c.g.forecast.common.web.WebLogAspect] [http-nio-8080-exec-3] [INFO] - Request [区域列表查询] completed in 4 ms
[2026-09-20 09:53:01.960] [gas-forecast] [] [] [c.g.forecast.common.web.WebLogAspect] [http-nio-8080-exec-10] [INFO] - Request [行业列表查询] completed in 4 ms
[2026-09-20 09:53:01.960] [gas-forecast] [] [] [c.g.forecast.common.web.WebLogAspect] [http-nio-8080-exec-1] [INFO] - Request [客户列表分页查询] completed in 4 ms
[2026-09-20 09:58:07.562] [gas-forecast] [] [] [com.zaxxer.hikari.HikariDataSource] [SpringApplicationShutdownHook] [INFO] - HikariPool-1 - Shutdown initiated...
[2026-09-20 09:58:07.563] [gas-forecast] [] [] [com.zaxxer.hikari.HikariDataSource] [SpringApplicationShutdownHook] [INFO] - HikariPool-1 - Shutdown completed.
[2026-09-20 09:58:09.541] [gas-forecast] [] [] [o.h.validator.internal.util.Version] [background-preinit] [INFO] - HV000001: Hibernate Validator 8.0.1.Final
[2026-09-20 09:58:09.551] [gas-forecast] [] [] [c.g.f.GasForecastStartupApplication] [main] [INFO] - Starting GasForecastStartupApplication using Java 21.0.11 with PID 7008 (/Users/zoujun/work/workspace/shiyou/gas-forecast/gas-forecast-startup/target/classes started by zoujun in /Users/zoujun/work/workspace/shiyou/gas-forecast)
[2026-09-20 09:58:09.552] [gas-forecast] [] [] [c.g.f.GasForecastStartupApplication] [main] [INFO] - The following 1 profile is active: "dev"
[2026-09-20 09:58:09.840] [gas-forecast] [] [] [o.s.d.r.c.RepositoryConfigurationDelegate] [main] [INFO] - Multiple Spring Data modules found, entering strict repository configuration mode
[2026-09-20 09:58:09.842] [gas-forecast] [] [] [o.s.d.r.c.RepositoryConfigurationDelegate] [main] [INFO] - Bootstrapping Spring Data Redis repositories in DEFAULT mode.
[2026-09-20 09:58:09.860] [gas-forecast] [] [] [o.s.d.r.c.RepositoryConfigurationDelegate] [main] [INFO] - Finished Spring Data repository scanning in 12 ms. Found 0 Redis repository interfaces.
[2026-09-20 09:58:10.161] [gas-forecast] [] [] [o.s.b.w.e.tomcat.TomcatWebServer] [main] [INFO] - Tomcat initialized with port 8080 (http)
[2026-09-20 09:58:10.165] [gas-forecast] [] [] [o.a.coyote.http11.Http11NioProtocol] [main] [INFO] - Initializing ProtocolHandler ["http-nio-8080"]
[2026-09-20 09:58:10.166] [gas-forecast] [] [] [o.a.catalina.core.StandardService] [main] [INFO] - Starting service [Tomcat]
[2026-09-20 09:58:10.166] [gas-forecast] [] [] [o.a.catalina.core.StandardEngine] [main] [INFO] - Starting Servlet engine: [Apache Tomcat/10.1.20]
[2026-09-20 09:58:10.184] [gas-forecast] [] [] [o.a.c.c.C.[.[.[/gas-forecast]] [main] [INFO] - Initializing Spring embedded WebApplicationContext
[2026-09-20 09:58:10.184] [gas-forecast] [] [] [o.s.b.w.s.c.ServletWebServerApplicationContext] [main] [INFO] - Root WebApplicationContext: initialization completed in 616 ms
[2026-09-20 09:58:10.865] [gas-forecast] [] [] [o.a.coyote.http11.Http11NioProtocol] [main] [INFO] - Starting ProtocolHandler ["http-nio-8080"]
[2026-09-20 09:58:10.872] [gas-forecast] [] [] [o.s.b.w.e.tomcat.TomcatWebServer] [main] [INFO] - Tomcat started on port 8080 (http) with context path '/gas-forecast'
[2026-09-20 09:58:10.876] [gas-forecast] [] [] [c.g.f.GasForecastStartupApplication] [main] [INFO] - Started GasForecastStartupApplication in 1.513 seconds (process running for 1.815)
[2026-09-20 09:58:15.579] [gas-forecast] [] [] [o.a.c.c.C.[.[.[/gas-forecast]] [http-nio-8080-exec-1] [INFO] - Initializing Spring DispatcherServlet 'dispatcherServlet'
[2026-09-20 09:58:15.579] [gas-forecast] [] [] [o.s.web.servlet.DispatcherServlet] [http-nio-8080-exec-1] [INFO] - Initializing Servlet 'dispatcherServlet'
[2026-09-20 09:58:15.580] [gas-forecast] [] [] [o.s.web.servlet.DispatcherServlet] [http-nio-8080-exec-1] [INFO] - Completed initialization in 1 ms
[2026-09-20 09:58:15.675] [gas-forecast] [] [] [c.g.forecast.common.web.WebLogAspect] [http-nio-8080-exec-3] [INFO] - Request [模型列表查询] POST /gas-forecast/model-config/listPage args={reqDTO=ModelConfigPageReqDTO[page=1, size=1000, keyword=null]}
[2026-09-20 09:58:15.675] [gas-forecast] [] [] [c.g.forecast.common.web.WebLogAspect] [http-nio-8080-exec-4] [INFO] - Request [模型训练配置列表查询] POST /gas-forecast/model-train-config/listPage args={reqDTO=ModelTrainConfigPageReqDTO[page=1, size=10, keyword=null, agentCode=null, timeGranularity=null]}
[2026-09-20 09:58:15.727] [gas-forecast] [] [] [com.zaxxer.hikari.HikariDataSource] [http-nio-8080-exec-3] [INFO] - HikariPool-1 - Starting...
[2026-09-20 09:58:15.746] [gas-forecast] [] [] [c.g.forecast.common.web.WebLogAspect] [http-nio-8080-exec-1] [INFO] - Request [获取当前登录用户权限] GET /gas-forecast/auth/permissions args={}
[2026-09-20 09:58:15.795] [gas-forecast] [] [] [com.zaxxer.hikari.pool.HikariPool] [http-nio-8080-exec-3] [INFO] - HikariPool-1 - Added connection com.mysql.cj.jdbc.ConnectionImpl@19305225
[2026-09-20 09:58:15.796] [gas-forecast] [] [] [com.zaxxer.hikari.HikariDataSource] [http-nio-8080-exec-3] [INFO] - HikariPool-1 - Start completed.
[2026-09-20 09:58:15.829] [gas-forecast] [] [] [c.g.forecast.common.web.WebLogAspect] [http-nio-8080-exec-6] [INFO] - Request [客户列表分页查询] POST /gas-forecast/base-customer/listPage args={reqDTO=BaseCustomerPageReqDTO[page=1, size=1000, keyword=null]}
[2026-09-20 09:58:15.832] [gas-forecast] [] [] [c.g.forecast.common.web.WebLogAspect] [http-nio-8080-exec-2] [INFO] - Request [区域列表查询] POST /gas-forecast/base-region/listPage args={reqDTO=BaseRegionPageReqDTO[page=1, size=1000, keyword=null]}
[2026-09-20 09:58:15.832] [gas-forecast] [] [] [c.g.forecast.common.web.WebLogAspect] [http-nio-8080-exec-4] [INFO] - Request [模型训练配置列表查询] completed in 158 ms
[2026-09-20 09:58:15.833] [gas-forecast] [] [] [c.g.forecast.common.web.WebLogAspect] [http-nio-8080-exec-5] [INFO] - Request [行业列表查询] POST /gas-forecast/base-industry/listPage args={reqDTO=BaseIndustryPageReqDTO[page=1, size=1000, keyword=null]}
[2026-09-20 09:58:15.835] [gas-forecast] [] [] [c.g.forecast.common.web.WebLogAspect] [http-nio-8080-exec-1] [INFO] - Request [获取当前登录用户权限] completed in 89 ms
[2026-09-20 09:58:15.836] [gas-forecast] [] [] [c.g.forecast.common.web.WebLogAspect] [http-nio-8080-exec-2] [INFO] - Request [区域列表查询] completed in 4 ms
[2026-09-20 09:58:15.837] [gas-forecast] [] [] [c.g.forecast.common.web.WebLogAspect] [http-nio-8080-exec-6] [INFO] - Request [客户列表分页查询] completed in 9 ms
[2026-09-20 09:58:15.837] [gas-forecast] [] [] [c.g.forecast.common.web.WebLogAspect] [http-nio-8080-exec-5] [INFO] - Request [行业列表查询] completed in 4 ms
[2026-09-20 09:58:15.843] [gas-forecast] [] [] [c.g.forecast.common.web.WebLogAspect] [http-nio-8080-exec-3] [INFO] - Request [模型列表查询] completed in 169 ms
[2026-09-20 09:58:16.407] [gas-forecast] [] [] [c.g.forecast.common.web.WebLogAspect] [http-nio-8080-exec-7] [INFO] - Request [获取当前登录用户权限] GET /gas-forecast/auth/permissions args={}
[2026-09-20 09:58:16.418] [gas-forecast] [] [] [c.g.forecast.common.web.WebLogAspect] [http-nio-8080-exec-7] [INFO] - Request [获取当前登录用户权限] completed in 11 ms
[2026-09-20 09:58:16.452] [gas-forecast] [] [] [c.g.forecast.common.web.WebLogAspect] [http-nio-8080-exec-8] [INFO] - Request [模型列表查询] POST /gas-forecast/model-config/listPage args={reqDTO=ModelConfigPageReqDTO[page=1, size=1000, keyword=null]}
[2026-09-20 09:58:16.452] [gas-forecast] [] [] [c.g.forecast.common.web.WebLogAspect] [http-nio-8080-exec-4] [INFO] - Request [模型训练配置列表查询] POST /gas-forecast/model-train-config/listPage args={reqDTO=ModelTrainConfigPageReqDTO[page=1, size=10, keyword=null, agentCode=null, timeGranularity=null]}
[2026-09-20 09:58:16.455] [gas-forecast] [] [] [c.g.forecast.common.web.WebLogAspect] [http-nio-8080-exec-5] [INFO] - Request [客户列表分页查询] POST /gas-forecast/base-customer/listPage args={reqDTO=BaseCustomerPageReqDTO[page=1, size=1000, keyword=null]}
[2026-09-20 09:58:16.456] [gas-forecast] [] [] [c.g.forecast.common.web.WebLogAspect] [http-nio-8080-exec-10] [INFO] - Request [行业列表查询] POST /gas-forecast/base-industry/listPage args={reqDTO=BaseIndustryPageReqDTO[page=1, size=1000, keyword=null]}
[2026-09-20 09:58:16.456] [gas-forecast] [] [] [c.g.forecast.common.web.WebLogAspect] [http-nio-8080-exec-9] [INFO] - Request [区域列表查询] POST /gas-forecast/base-region/listPage args={reqDTO=BaseRegionPageReqDTO[page=1, size=1000, keyword=null]}
[2026-09-20 09:58:16.457] [gas-forecast] [] [] [c.g.forecast.common.web.WebLogAspect] [http-nio-8080-exec-4] [INFO] - Request [模型训练配置列表查询] completed in 5 ms
[2026-09-20 09:58:16.461] [gas-forecast] [] [] [c.g.forecast.common.web.WebLogAspect] [http-nio-8080-exec-9] [INFO] - Request [区域列表查询] completed in 5 ms
[2026-09-20 09:58:16.461] [gas-forecast] [] [] [c.g.forecast.common.web.WebLogAspect] [http-nio-8080-exec-5] [INFO] - Request [客户列表分页查询] completed in 6 ms
[2026-09-20 09:58:16.461] [gas-forecast] [] [] [c.g.forecast.common.web.WebLogAspect] [http-nio-8080-exec-10] [INFO] - Request [行业列表查询] completed in 5 ms
[2026-09-20 09:58:16.465] [gas-forecast] [] [] [c.g.forecast.common.web.WebLogAspect] [http-nio-8080-exec-8] [INFO] - Request [模型列表查询] completed in 13 ms
[2026-09-20 09:58:17.843] [gas-forecast] [] [] [c.g.forecast.common.web.WebLogAspect] [http-nio-8080-exec-1] [INFO] - Request [查看模型训练结果] POST /gas-forecast/model-train-execution/result args={reqDTO={"id":1,"trainCode":"TRAIN-20260918165056-9486","trainName":"测试北京训练","agentCode":"winter-supply","modelId":1,"modelCode":"WINTER_MODEL_V1.0","modelName":"冬季保供模型","regionCode":"REG000005","regionName":"北京","industryCode":"","industryName":"","customerCode":"","customerName":"","trainStartDate":"2015-01-01","trainEndDate":"2026-09-01","trainMode":"RANGE","timeGranularity":"TENDAY","recentPeriods":36,"enabled":1,"remark":"","createdBy":"system","createdByName":"系统","createdAt":"2026-09-18 16:50:57","updatedAt":"2026-09-20 09:23:11"}}
[2026-09-20 09:58:17.857] [gas-forecast] [] [] [c.g.forecast.common.web.WebLogAspect] [http-nio-8080-exec-1] [INFO] - Request [查看模型训练结果] completed in 16 ms
[2026-09-20 10:08:17.757] [gas-forecast] [] [] [c.g.forecast.common.web.WebLogAspect] [http-nio-8080-exec-4] [INFO] - Request [模型训练配置列表查询] POST /gas-forecast/model-train-config/listPage args={reqDTO=ModelTrainConfigPageReqDTO[page=1, size=10, keyword=null, agentCode=null, timeGranularity=null]}
[2026-09-20 10:08:17.757] [gas-forecast] [] [] [c.g.forecast.common.web.WebLogAspect] [http-nio-8080-exec-3] [INFO] - Request [模型列表查询] POST /gas-forecast/model-config/listPage args={reqDTO=ModelConfigPageReqDTO[page=1, size=1000, keyword=null]}
[2026-09-20 10:08:17.770] [gas-forecast] [] [] [c.g.forecast.common.web.WebLogAspect] [http-nio-8080-exec-4] [INFO] - Request [模型训练配置列表查询] completed in 13 ms
[2026-09-20 10:08:17.770] [gas-forecast] [] [] [c.g.forecast.common.web.WebLogAspect] [http-nio-8080-exec-7] [INFO] - Request [客户列表分页查询] POST /gas-forecast/base-customer/listPage args={reqDTO=BaseCustomerPageReqDTO[page=1, size=1000, keyword=null]}
[2026-09-20 10:08:17.771] [gas-forecast] [] [] [c.g.forecast.common.web.WebLogAspect] [http-nio-8080-exec-2] [INFO] - Request [区域列表查询] POST /gas-forecast/base-region/listPage args={reqDTO=BaseRegionPageReqDTO[page=1, size=1000, keyword=null]}
[2026-09-20 10:08:17.776] [gas-forecast] [] [] [c.g.forecast.common.web.WebLogAspect] [http-nio-8080-exec-2] [INFO] - Request [区域列表查询] completed in 5 ms
[2026-09-20 10:08:17.777] [gas-forecast] [] [] [c.g.forecast.common.web.WebLogAspect] [http-nio-8080-exec-3] [INFO] - Request [模型列表查询] completed in 20 ms
[2026-09-20 10:08:17.779] [gas-forecast] [] [] [c.g.forecast.common.web.WebLogAspect] [http-nio-8080-exec-7] [INFO] - Request [客户列表分页查询] completed in 9 ms
[2026-09-20 10:08:17.961] [gas-forecast] [] [] [c.g.forecast.common.web.WebLogAspect] [http-nio-8080-exec-6] [INFO] - Request [行业列表查询] POST /gas-forecast/base-industry/listPage args={reqDTO=BaseIndustryPageReqDTO[page=1, size=1000, keyword=null]}
[2026-09-20 10:08:17.964] [gas-forecast] [] [] [c.g.forecast.common.web.WebLogAspect] [http-nio-8080-exec-6] [INFO] - Request [行业列表查询] completed in 3 ms
[2026-09-20 10:11:09.412] [gas-forecast] [] [] [c.g.forecast.common.web.WebLogAspect] [http-nio-8080-exec-10] [INFO] - Request [查看模型训练结果] POST /gas-forecast/model-train-execution/result args={reqDTO={"id":1,"trainCode":"TRAIN-20260918165056-9486","trainName":"测试北京训练","agentCode":"winter-supply","modelId":1,"modelCode":"WINTER_MODEL_V1.0","modelName":"冬季保供模型","regionCode":"REG000005","regionName":"北京","industryCode":"","industryName":"","customerCode":"","customerName":"","trainStartDate":"2015-01-01","trainEndDate":"2026-09-01","trainMode":"RANGE","timeGranularity":"TENDAY","recentPeriods":36,"enabled":1,"remark":"","createdBy":"system","createdByName":"系统","createdAt":"2026-09-18 16:50:57","updatedAt":"2026-09-20 09:23:11"}}
[2026-09-20 10:11:09.435] [gas-forecast] [] [] [c.g.forecast.common.web.WebLogAspect] [http-nio-8080-exec-10] [INFO] - Request [查看模型训练结果] completed in 23 ms
[2026-09-20 10:21:31.141] [gas-forecast] [] [] [c.g.forecast.common.web.WebLogAspect] [http-nio-8080-exec-9] [INFO] - Request [获取当前登录用户权限] GET /gas-forecast/auth/permissions args={}
[2026-09-20 10:21:31.158] [gas-forecast] [] [] [c.g.forecast.common.web.WebLogAspect] [http-nio-8080-exec-9] [INFO] - Request [获取当前登录用户权限] completed in 17 ms
[2026-09-20 10:21:31.216] [gas-forecast] [] [] [c.g.forecast.common.web.WebLogAspect] [http-nio-8080-exec-5] [INFO] - Request [模型列表查询] POST /gas-forecast/model-config/listPage args={reqDTO=ModelConfigPageReqDTO[page=1, size=1000, keyword=null]}
[2026-09-20 10:21:31.217] [gas-forecast] [] [] [c.g.forecast.common.web.WebLogAspect] [http-nio-8080-exec-2] [INFO] - Request [模型训练配置列表查询] POST /gas-forecast/model-train-config/listPage args={reqDTO=ModelTrainConfigPageReqDTO[page=1, size=10, keyword=null, agentCode=null, timeGranularity=null]}
[2026-09-20 10:21:31.220] [gas-forecast] [] [] [c.g.forecast.common.web.WebLogAspect] [http-nio-8080-exec-1] [INFO] - Request [行业列表查询] POST /gas-forecast/base-industry/listPage args={reqDTO=BaseIndustryPageReqDTO[page=1, size=1000, keyword=null]}
[2026-09-20 10:21:31.220] [gas-forecast] [] [] [c.g.forecast.common.web.WebLogAspect] [http-nio-8080-exec-8] [INFO] - Request [区域列表查询] POST /gas-forecast/base-region/listPage args={reqDTO=BaseRegionPageReqDTO[page=1, size=1000, keyword=null]}
[2026-09-20 10:21:31.221] [gas-forecast] [] [] [c.g.forecast.common.web.WebLogAspect] [http-nio-8080-exec-4] [INFO] - Request [客户列表分页查询] POST /gas-forecast/base-customer/listPage args={reqDTO=BaseCustomerPageReqDTO[page=1, size=1000, keyword=null]}
[2026-09-20 10:21:31.222] [gas-forecast] [] [] [c.g.forecast.common.web.WebLogAspect] [http-nio-8080-exec-2] [INFO] - Request [模型训练配置列表查询] completed in 5 ms
[2026-09-20 10:21:31.224] [gas-forecast] [] [] [c.g.forecast.common.web.WebLogAspect] [http-nio-8080-exec-1] [INFO] - Request [行业列表查询] completed in 4 ms
[2026-09-20 10:21:31.224] [gas-forecast] [] [] [c.g.forecast.common.web.WebLogAspect] [http-nio-8080-exec-8] [INFO] - Request [区域列表查询] completed in 4 ms
[2026-09-20 10:21:31.227] [gas-forecast] [] [] [c.g.forecast.common.web.WebLogAspect] [http-nio-8080-exec-4] [INFO] - Request [客户列表分页查询] completed in 6 ms
[2026-09-20 10:21:31.228] [gas-forecast] [] [] [c.g.forecast.common.web.WebLogAspect] [http-nio-8080-exec-5] [INFO] - Request [模型列表查询] completed in 12 ms
[2026-09-20 10:23:07.574] [gas-forecast] [] [] [c.g.forecast.common.web.WebLogAspect] [http-nio-8080-exec-3] [INFO] - Request [查看模型训练结果] POST /gas-forecast/model-train-execution/result args={reqDTO={"id":1,"trainCode":"TRAIN-20260918165056-9486","trainName":"测试北京训练","agentCode":"winter-supply","modelId":1,"modelCode":"WINTER_MODEL_V1.0","modelName":"冬季保供模型","regionCode":"REG000005","regionName":"北京","industryCode":"","industryName":"","customerCode":"","customerName":"","trainStartDate":"2015-01-01","trainEndDate":"2026-09-01","trainMode":"RANGE","timeGranularity":"TENDAY","recentPeriods":36,"enabled":1,"remark":"","createdBy":"system","createdByName":"系统","createdAt":"2026-09-18 16:50:57","updatedAt":"2026-09-20 09:23:11"}}
[2026-09-20 10:23:07.583] [gas-forecast] [] [] [c.g.forecast.common.web.WebLogAspect] [http-nio-8080-exec-3] [INFO] - Request [查看模型训练结果] completed in 9 ms
[2026-09-20 10:26:05.255] [gas-forecast] [] [] [c.g.forecast.common.web.WebLogAspect] [http-nio-8080-exec-7] [INFO] - Request [模型列表查询] POST /gas-forecast/model-config/listPage args={reqDTO=ModelConfigPageReqDTO[page=1, size=1000, keyword=null]}
[2026-09-20 10:26:05.255] [gas-forecast] [] [] [c.g.forecast.common.web.WebLogAspect] [http-nio-8080-exec-2] [INFO] - Request [模型训练配置列表查询] POST /gas-forecast/model-train-config/listPage args={reqDTO=ModelTrainConfigPageReqDTO[page=1, size=10, keyword=null, agentCode=null, timeGranularity=null]}
[2026-09-20 10:26:05.267] [gas-forecast] [] [] [c.g.forecast.common.web.WebLogAspect] [http-nio-8080-exec-6] [INFO] - Request [区域列表查询] POST /gas-forecast/base-region/listPage args={reqDTO=BaseRegionPageReqDTO[page=1, size=1000, keyword=null]}
[2026-09-20 10:26:05.267] [gas-forecast] [] [] [c.g.forecast.common.web.WebLogAspect] [http-nio-8080-exec-9] [INFO] - Request [客户列表分页查询] POST /gas-forecast/base-customer/listPage args={reqDTO=BaseCustomerPageReqDTO[page=1, size=1000, keyword=null]}
[2026-09-20 10:26:05.267] [gas-forecast] [] [] [c.g.forecast.common.web.WebLogAspect] [http-nio-8080-exec-10] [INFO] - Request [行业列表查询] POST /gas-forecast/base-industry/listPage args={reqDTO=BaseIndustryPageReqDTO[page=1, size=1000, keyword=null]}
[2026-09-20 10:26:05.268] [gas-forecast] [] [] [c.g.forecast.common.web.WebLogAspect] [http-nio-8080-exec-2] [INFO] - Request [模型训练配置列表查询] completed in 13 ms
[2026-09-20 10:26:05.273] [gas-forecast] [] [] [c.g.forecast.common.web.WebLogAspect] [http-nio-8080-exec-6] [INFO] - Request [区域列表查询] completed in 6 ms
[2026-09-20 10:26:05.273] [gas-forecast] [] [] [c.g.forecast.common.web.WebLogAspect] [http-nio-8080-exec-10] [INFO] - Request [行业列表查询] completed in 6 ms
[2026-09-20 10:26:05.273] [gas-forecast] [] [] [c.g.forecast.common.web.WebLogAspect] [http-nio-8080-exec-9] [INFO] - Request [客户列表分页查询] completed in 6 ms
[2026-09-20 10:26:05.274] [gas-forecast] [] [] [c.g.forecast.common.web.WebLogAspect] [http-nio-8080-exec-7] [INFO] - Request [模型列表查询] completed in 19 ms
[2026-09-20 10:33:14.235] [gas-forecast] [] [] [com.zaxxer.hikari.HikariDataSource] [SpringApplicationShutdownHook] [INFO] - HikariPool-1 - Shutdown initiated...
[2026-09-20 10:33:14.236] [gas-forecast] [] [] [com.zaxxer.hikari.HikariDataSource] [SpringApplicationShutdownHook] [INFO] - HikariPool-1 - Shutdown completed.
[2026-09-20 10:39:05.636] [gas-forecast] [] [] [o.h.validator.internal.util.Version] [background-preinit] [INFO] - HV000001: Hibernate Validator 8.0.1.Final
[2026-09-20 10:39:05.652] [gas-forecast] [] [] [c.g.f.GasForecastStartupApplication] [main] [INFO] - Starting GasForecastStartupApplication using Java 21.0.11 with PID 25524 (/Users/zoujun/work/workspace/shiyou/gas-forecast/gas-forecast-startup/target/classes started by zoujun in /Users/zoujun/work/workspace/shiyou/gas-forecast)
[2026-09-20 10:39:05.652] [gas-forecast] [] [] [c.g.f.GasForecastStartupApplication] [main] [INFO] - The following 1 profile is active: "dev"
[2026-09-20 10:39:05.985] [gas-forecast] [] [] [o.s.d.r.c.RepositoryConfigurationDelegate] [main] [INFO] - Multiple Spring Data modules found, entering strict repository configuration mode
[2026-09-20 10:39:05.986] [gas-forecast] [] [] [o.s.d.r.c.RepositoryConfigurationDelegate] [main] [INFO] - Bootstrapping Spring Data Redis repositories in DEFAULT mode.
[2026-09-20 10:39:06.009] [gas-forecast] [] [] [o.s.d.r.c.RepositoryConfigurationDelegate] [main] [INFO] - Finished Spring Data repository scanning in 14 ms. Found 0 Redis repository interfaces.
[2026-09-20 10:39:06.327] [gas-forecast] [] [] [o.s.b.w.e.tomcat.TomcatWebServer] [main] [INFO] - Tomcat initialized with port 8080 (http)
[2026-09-20 10:39:06.332] [gas-forecast] [] [] [o.a.coyote.http11.Http11NioProtocol] [main] [INFO] - Initializing ProtocolHandler ["http-nio-8080"]
[2026-09-20 10:39:06.332] [gas-forecast] [] [] [o.a.catalina.core.StandardService] [main] [INFO] - Starting service [Tomcat]
[2026-09-20 10:39:06.332] [gas-forecast] [] [] [o.a.catalina.core.StandardEngine] [main] [INFO] - Starting Servlet engine: [Apache Tomcat/10.1.20]
[2026-09-20 10:39:06.351] [gas-forecast] [] [] [o.a.c.c.C.[.[.[/gas-forecast]] [main] [INFO] - Initializing Spring embedded WebApplicationContext
[2026-09-20 10:39:06.352] [gas-forecast] [] [] [o.s.b.w.s.c.ServletWebServerApplicationContext] [main] [INFO] - Root WebApplicationContext: initialization completed in 680 ms
[2026-09-20 10:39:07.131] [gas-forecast] [] [] [o.a.coyote.http11.Http11NioProtocol] [main] [INFO] - Starting ProtocolHandler ["http-nio-8080"]
[2026-09-20 10:39:07.139] [gas-forecast] [] [] [o.s.b.w.e.tomcat.TomcatWebServer] [main] [INFO] - Tomcat started on port 8080 (http) with context path '/gas-forecast'
[2026-09-20 10:39:07.143] [gas-forecast] [] [] [c.g.f.GasForecastStartupApplication] [main] [INFO] - Started GasForecastStartupApplication in 1.719 seconds (process running for 2.1)
[2026-09-20 10:39:13.577] [gas-forecast] [] [] [o.a.c.c.C.[.[.[/gas-forecast]] [http-nio-8080-exec-1] [INFO] - Initializing Spring DispatcherServlet 'dispatcherServlet'
[2026-09-20 10:39:13.577] [gas-forecast] [] [] [o.s.web.servlet.DispatcherServlet] [http-nio-8080-exec-1] [INFO] - Initializing Servlet 'dispatcherServlet'
[2026-09-20 10:39:13.578] [gas-forecast] [] [] [o.s.web.servlet.DispatcherServlet] [http-nio-8080-exec-1] [INFO] - Completed initialization in 1 ms
[2026-09-20 10:39:13.653] [gas-forecast] [] [] [c.g.forecast.common.web.WebLogAspect] [http-nio-8080-exec-1] [INFO] - Request [训练特征数据列表查询] POST /gas-forecast/model-train-feature-data/listPage args={reqDTO=ModelTrainFeatureDataPageReqDTO[page=1, size=10, keyword=null, timeGranularity=null, statDate=null, regionCode=null, industryCode=null, customerCode=null, statDateStart=null, statDateEnd=null, sortField=null, sortOrder=null]}
[2026-09-20 10:39:13.728] [gas-forecast] [] [] [com.zaxxer.hikari.HikariDataSource] [http-nio-8080-exec-1] [INFO] - HikariPool-1 - Starting...
[2026-09-20 10:39:13.812] [gas-forecast] [] [] [com.zaxxer.hikari.pool.HikariPool] [http-nio-8080-exec-1] [INFO] - HikariPool-1 - Added connection com.mysql.cj.jdbc.ConnectionImpl@6ee2614e
[2026-09-20 10:39:13.813] [gas-forecast] [] [] [com.zaxxer.hikari.HikariDataSource] [http-nio-8080-exec-1] [INFO] - HikariPool-1 - Start completed.
[2026-09-20 10:39:13.876] [gas-forecast] [] [] [c.g.forecast.common.web.WebLogAspect] [http-nio-8080-exec-1] [INFO] - Request [训练特征数据列表查询] completed in 226 ms
[2026-09-20 10:39:16.074] [gas-forecast] [] [] [c.g.forecast.common.web.WebLogAspect] [http-nio-8080-exec-2] [INFO] - Request [特征定义列表查询] POST /gas-forecast/model-feature-definition/listPage args={reqDTO=ModelFeatureDefinitionPageReqDTO[page=1, size=10, keyword=null, timeGranularity=null]}
[2026-09-20 10:39:16.084] [gas-forecast] [] [] [c.g.forecast.common.web.WebLogAspect] [http-nio-8080-exec-2] [INFO] - Request [特征定义列表查询] completed in 11 ms
[2026-09-20 10:43:35.428] [gas-forecast] [] [] [c.g.forecast.common.web.WebLogAspect] [http-nio-8080-exec-3] [INFO] - Request [获取当前登录用户权限] GET /gas-forecast/auth/permissions args={}
[2026-09-20 10:43:35.464] [gas-forecast] [] [] [c.g.forecast.common.web.WebLogAspect] [http-nio-8080-exec-3] [INFO] - Request [获取当前登录用户权限] completed in 36 ms
[2026-09-20 10:43:37.911] [gas-forecast] [] [] [c.g.forecast.common.web.WebLogAspect] [http-nio-8080-exec-4] [INFO] - Request [模型列表查询] POST /gas-forecast/model-config/listPage args={reqDTO=ModelConfigPageReqDTO[page=1, size=1000, keyword=null]}
[2026-09-20 10:43:37.914] [gas-forecast] [] [] [c.g.forecast.common.web.WebLogAspect] [http-nio-8080-exec-9] [INFO] - Request [模型训练配置列表查询] POST /gas-forecast/model-train-config/listPage args={reqDTO=ModelTrainConfigPageReqDTO[page=1, size=10, keyword=null, agentCode=null, timeGranularity=null]}
[2026-09-20 10:43:37.919] [gas-forecast] [] [] [c.g.forecast.common.web.WebLogAspect] [http-nio-8080-exec-6] [INFO] - Request [行业列表查询] POST /gas-forecast/base-industry/listPage args={reqDTO=BaseIndustryPageReqDTO[page=1, size=1000, keyword=null]}
[2026-09-20 10:43:37.919] [gas-forecast] [] [] [c.g.forecast.common.web.WebLogAspect] [http-nio-8080-exec-5] [INFO] - Request [区域列表查询] POST /gas-forecast/base-region/listPage args={reqDTO=BaseRegionPageReqDTO[page=1, size=1000, keyword=null]}
[2026-09-20 10:43:37.919] [gas-forecast] [] [] [c.g.forecast.common.web.WebLogAspect] [http-nio-8080-exec-8] [INFO] - Request [客户列表分页查询] POST /gas-forecast/base-customer/listPage args={reqDTO=BaseCustomerPageReqDTO[page=1, size=1000, keyword=null]}
[2026-09-20 10:43:37.925] [gas-forecast] [] [] [c.g.forecast.common.web.WebLogAspect] [http-nio-8080-exec-9] [INFO] - Request [模型训练配置列表查询] completed in 13 ms
[2026-09-20 10:43:37.927] [gas-forecast] [] [] [c.g.forecast.common.web.WebLogAspect] [http-nio-8080-exec-6] [INFO] - Request [行业列表查询] completed in 8 ms
[2026-09-20 10:43:37.928] [gas-forecast] [] [] [c.g.forecast.common.web.WebLogAspect] [http-nio-8080-exec-5] [INFO] - Request [区域列表查询] completed in 9 ms
[2026-09-20 10:43:37.929] [gas-forecast] [] [] [c.g.forecast.common.web.WebLogAspect] [http-nio-8080-exec-8] [INFO] - Request [客户列表分页查询] completed in 10 ms
[2026-09-20 10:43:37.941] [gas-forecast] [] [] [c.g.forecast.common.web.WebLogAspect] [http-nio-8080-exec-4] [INFO] - Request [模型列表查询] completed in 31 ms
[2026-09-20 10:43:39.531] [gas-forecast] [] [] [c.g.forecast.common.web.WebLogAspect] [http-nio-8080-exec-10] [INFO] - Request [查看模型训练结果] POST /gas-forecast/model-train-execution/result args={reqDTO={"id":1,"trainCode":"TRAIN-20260918165056-9486","trainName":"测试北京训练","agentCode":"winter-supply","modelId":1,"modelCode":"WINTER_MODEL_V1.0","modelName":"冬季保供模型","regionCode":"REG000005","regionName":"北京","industryCode":"","industryName":"","customerCode":"","customerName":"","trainStartDate":"2015-01-01","trainEndDate":"2026-09-01","trainMode":"RANGE","timeGranularity":"TENDAY","recentPeriods":36,"enabled":1,"remark":"","createdBy":"system","createdByName":"系统","createdAt":"2026-09-18 16:50:57","updatedAt":"2026-09-20 09:23:11"}}
[2026-09-20 10:43:39.566] [gas-forecast] [] [] [c.g.forecast.common.web.WebLogAspect] [http-nio-8080-exec-10] [INFO] - Request [查看模型训练结果] completed in 39 ms
[2026-09-20 10:46:13.158] [gas-forecast] [] [] [c.g.forecast.common.web.WebLogAspect] [http-nio-8080-exec-7] [INFO] - Request [获取当前登录用户权限] GET /gas-forecast/auth/permissions args={}
[2026-09-20 10:46:13.181] [gas-forecast] [] [] [c.g.forecast.common.web.WebLogAspect] [http-nio-8080-exec-7] [INFO] - Request [获取当前登录用户权限] completed in 23 ms
[2026-09-20 10:46:13.188] [gas-forecast] [] [] [c.g.forecast.common.web.WebLogAspect] [http-nio-8080-exec-2] [INFO] - Request [模型列表查询] POST /gas-forecast/model-config/listPage args={reqDTO=ModelConfigPageReqDTO[page=1, size=1000, keyword=null]}
[2026-09-20 10:46:13.188] [gas-forecast] [] [] [c.g.forecast.common.web.WebLogAspect] [http-nio-8080-exec-3] [INFO] - Request [模型训练配置列表查询] POST /gas-forecast/model-train-config/listPage args={reqDTO=ModelTrainConfigPageReqDTO[page=1, size=10, keyword=null, agentCode=null, timeGranularity=null]}
[2026-09-20 10:46:13.192] [gas-forecast] [] [] [c.g.forecast.common.web.WebLogAspect] [http-nio-8080-exec-1] [INFO] - Request [区域列表查询] POST /gas-forecast/base-region/listPage args={reqDTO=BaseRegionPageReqDTO[page=1, size=1000, keyword=null]}
[2026-09-20 10:46:13.192] [gas-forecast] [] [] [c.g.forecast.common.web.WebLogAspect] [http-nio-8080-exec-6] [INFO] - Request [客户列表分页查询] POST /gas-forecast/base-customer/listPage args={reqDTO=BaseCustomerPageReqDTO[page=1, size=1000, keyword=null]}
[2026-09-20 10:46:13.193] [gas-forecast] [] [] [c.g.forecast.common.web.WebLogAspect] [http-nio-8080-exec-9] [INFO] - Request [行业列表查询] POST /gas-forecast/base-industry/listPage args={reqDTO=BaseIndustryPageReqDTO[page=1, size=1000, keyword=null]}
[2026-09-20 10:46:13.194] [gas-forecast] [] [] [c.g.forecast.common.web.WebLogAspect] [http-nio-8080-exec-3] [INFO] - Request [模型训练配置列表查询] completed in 6 ms
[2026-09-20 10:46:13.197] [gas-forecast] [] [] [c.g.forecast.common.web.WebLogAspect] [http-nio-8080-exec-9] [INFO] - Request [行业列表查询] completed in 4 ms
[2026-09-20 10:46:13.197] [gas-forecast] [] [] [c.g.forecast.common.web.WebLogAspect] [http-nio-8080-exec-6] [INFO] - Request [客户列表分页查询] completed in 5 ms
[2026-09-20 10:46:13.201] [gas-forecast] [] [] [c.g.forecast.common.web.WebLogAspect] [http-nio-8080-exec-1] [INFO] - Request [区域列表查询] completed in 9 ms
[2026-09-20 10:46:13.201] [gas-forecast] [] [] [c.g.forecast.common.web.WebLogAspect] [http-nio-8080-exec-2] [INFO] - Request [模型列表查询] completed in 13 ms
[2026-09-20 10:46:14.785] [gas-forecast] [] [] [c.g.forecast.common.web.WebLogAspect] [http-nio-8080-exec-5] [INFO] - Request [查看模型训练结果] POST /gas-forecast/model-train-execution/result args={reqDTO={"id":1,"trainCode":"TRAIN-20260918165056-9486","trainName":"测试北京训练","agentCode":"winter-supply","modelId":1,"modelCode":"WINTER_MODEL_V1.0","modelName":"冬季保供模型","regionCode":"REG000005","regionName":"北京","industryCode":"","industryName":"","customerCode":"","customerName":"","trainStartDate":"2015-01-01","trainEndDate":"2026-09-01","trainMode":"RANGE","timeGranularity":"TENDAY","recentPeriods":36,"enabled":1,"remark":"","createdBy":"system","createdByName":"系统","createdAt":"2026-09-18 16:50:57","updatedAt":"2026-09-20 09:23:11"}}
[2026-09-20 10:46:14.791] [gas-forecast] [] [] [c.g.forecast.common.web.WebLogAspect] [http-nio-8080-exec-5] [INFO] - Request [查看模型训练结果] completed in 7 ms
[2026-09-20 10:47:19.462] [gas-forecast] [] [] [c.g.forecast.common.web.WebLogAspect] [http-nio-8080-exec-8] [INFO] - Request [获取当前登录用户权限] GET /gas-forecast/auth/permissions args={}
[2026-09-20 10:47:19.471] [gas-forecast] [] [] [c.g.forecast.common.web.WebLogAspect] [http-nio-8080-exec-8] [INFO] - Request [获取当前登录用户权限] completed in 9 ms
[2026-09-20 10:47:19.499] [gas-forecast] [] [] [c.g.forecast.common.web.WebLogAspect] [http-nio-8080-exec-4] [INFO] - Request [模型列表查询] POST /gas-forecast/model-config/listPage args={reqDTO=ModelConfigPageReqDTO[page=1, size=1000, keyword=null]}
[2026-09-20 10:47:19.499] [gas-forecast] [] [] [c.g.forecast.common.web.WebLogAspect] [http-nio-8080-exec-7] [INFO] - Request [模型训练配置列表查询] POST /gas-forecast/model-train-config/listPage args={reqDTO=ModelTrainConfigPageReqDTO[page=1, size=10, keyword=null, agentCode=null, timeGranularity=null]}
[2026-09-20 10:47:19.503] [gas-forecast] [] [] [c.g.forecast.common.web.WebLogAspect] [http-nio-8080-exec-10] [INFO] - Request [区域列表查询] POST /gas-forecast/base-region/listPage args={reqDTO=BaseRegionPageReqDTO[page=1, size=1000, keyword=null]}
[2026-09-20 10:47:19.503] [gas-forecast] [] [] [c.g.forecast.common.web.WebLogAspect] [http-nio-8080-exec-3] [INFO] - Request [行业列表查询] POST /gas-forecast/base-industry/listPage args={reqDTO=BaseIndustryPageReqDTO[page=1, size=1000, keyword=null]}
[2026-09-20 10:47:19.503] [gas-forecast] [] [] [c.g.forecast.common.web.WebLogAspect] [http-nio-8080-exec-9] [INFO] - Request [客户列表分页查询] POST /gas-forecast/base-customer/listPage args={reqDTO=BaseCustomerPageReqDTO[page=1, size=1000, keyword=null]}
[2026-09-20 10:47:19.508] [gas-forecast] [] [] [c.g.forecast.common.web.WebLogAspect] [http-nio-8080-exec-7] [INFO] - Request [模型训练配置列表查询] completed in 9 ms
[2026-09-20 10:47:19.509] [gas-forecast] [] [] [c.g.forecast.common.web.WebLogAspect] [http-nio-8080-exec-3] [INFO] - Request [行业列表查询] completed in 6 ms
[2026-09-20 10:47:19.510] [gas-forecast] [] [] [c.g.forecast.common.web.WebLogAspect] [http-nio-8080-exec-9] [INFO] - Request [客户列表分页查询] completed in 7 ms
[2026-09-20 10:47:19.513] [gas-forecast] [] [] [c.g.forecast.common.web.WebLogAspect] [http-nio-8080-exec-10] [INFO] - Request [区域列表查询] completed in 10 ms
[2026-09-20 10:47:19.513] [gas-forecast] [] [] [c.g.forecast.common.web.WebLogAspect] [http-nio-8080-exec-4] [INFO] - Request [模型列表查询] completed in 14 ms
[2026-09-20 10:47:20.964] [gas-forecast] [] [] [c.g.forecast.common.web.WebLogAspect] [http-nio-8080-exec-6] [INFO] - Request [查看模型训练结果] POST /gas-forecast/model-train-execution/result args={reqDTO={"id":1,"trainCode":"TRAIN-20260918165056-9486","trainName":"测试北京训练","agentCode":"winter-supply","modelId":1,"modelCode":"WINTER_MODEL_V1.0","modelName":"冬季保供模型","regionCode":"REG000005","regionName":"北京","industryCode":"","industryName":"","customerCode":"","customerName":"","trainStartDate":"2015-01-01","trainEndDate":"2026-09-01","trainMode":"RANGE","timeGranularity":"TENDAY","recentPeriods":36,"enabled":1,"remark":"","createdBy":"system","createdByName":"系统","createdAt":"2026-09-18 16:50:57","updatedAt":"2026-09-20 09:23:11"}}
[2026-09-20 10:47:20.971] [gas-forecast] [] [] [c.g.forecast.common.web.WebLogAspect] [http-nio-8080-exec-6] [INFO] - Request [查看模型训练结果] completed in 7 ms
[2026-09-20 10:52:45.327] [gas-forecast] [] [] [c.g.forecast.common.web.WebLogAspect] [http-nio-8080-exec-1] [INFO] - Request [模型列表查询] POST /gas-forecast/model-config/listPage args={reqDTO=ModelConfigPageReqDTO[page=1, size=1000, keyword=null]}
[2026-09-20 10:52:45.328] [gas-forecast] [] [] [c.g.forecast.common.web.WebLogAspect] [http-nio-8080-exec-7] [INFO] - Request [模型训练配置列表查询] POST /gas-forecast/model-train-config/listPage args={reqDTO=ModelTrainConfigPageReqDTO[page=1, size=10, keyword=null, agentCode=null, timeGranularity=null]}
[2026-09-20 10:52:45.343] [gas-forecast] [] [] [c.g.forecast.common.web.WebLogAspect] [http-nio-8080-exec-7] [INFO] - Request [模型训练配置列表查询] completed in 15 ms
[2026-09-20 10:52:45.343] [gas-forecast] [] [] [c.g.forecast.common.web.WebLogAspect] [http-nio-8080-exec-2] [INFO] - Request [区域列表查询] POST /gas-forecast/base-region/listPage args={reqDTO=BaseRegionPageReqDTO[page=1, size=1000, keyword=null]}
[2026-09-20 10:52:45.353] [gas-forecast] [] [] [c.g.forecast.common.web.WebLogAspect] [http-nio-8080-exec-2] [INFO] - Request [区域列表查询] completed in 10 ms
[2026-09-20 10:52:45.366] [gas-forecast] [] [] [c.g.forecast.common.web.WebLogAspect] [http-nio-8080-exec-1] [INFO] - Request [模型列表查询] completed in 39 ms
[2026-09-20 10:52:45.532] [gas-forecast] [] [] [c.g.forecast.common.web.WebLogAspect] [http-nio-8080-exec-5] [INFO] - Request [行业列表查询] POST /gas-forecast/base-industry/listPage args={reqDTO=BaseIndustryPageReqDTO[page=1, size=1000, keyword=null]}
[2026-09-20 10:52:45.532] [gas-forecast] [] [] [c.g.forecast.common.web.WebLogAspect] [http-nio-8080-exec-8] [INFO] - Request [客户列表分页查询] POST /gas-forecast/base-customer/listPage args={reqDTO=BaseCustomerPageReqDTO[page=1, size=1000, keyword=null]}
[2026-09-20 10:52:45.538] [gas-forecast] [] [] [c.g.forecast.common.web.WebLogAspect] [http-nio-8080-exec-8] [INFO] - Request [客户列表分页查询] completed in 6 ms
[2026-09-20 10:52:45.541] [gas-forecast] [] [] [c.g.forecast.common.web.WebLogAspect] [http-nio-8080-exec-5] [INFO] - Request [行业列表查询] completed in 9 ms
[2026-09-20 10:55:58.160] [gas-forecast] [] [] [c.g.forecast.common.web.WebLogAspect] [http-nio-8080-exec-3] [INFO] - Request [查看模型训练结果] POST /gas-forecast/model-train-execution/result args={reqDTO={"id":1,"trainCode":"TRAIN-20260918165056-9486","trainName":"测试北京训练","agentCode":"winter-supply","modelId":1,"modelCode":"WINTER_MODEL_V1.0","modelName":"冬季保供模型","regionCode":"REG000005","regionName":"北京","industryCode":"","industryName":"","customerCode":"","customerName":"","trainStartDate":"2015-01-01","trainEndDate":"2026-09-01","trainMode":"RANGE","timeGranularity":"TENDAY","recentPeriods":36,"enabled":1,"remark":"","createdBy":"system","createdByName":"系统","createdAt":"2026-09-18 16:50:57","updatedAt":"2026-09-20 09:23:11"}}
[2026-09-20 10:55:58.181] [gas-forecast] [] [] [c.g.forecast.common.web.WebLogAspect] [http-nio-8080-exec-3] [INFO] - Request [查看模型训练结果] completed in 21 ms
[2026-09-20 10:56:00.668] [gas-forecast] [] [] [c.g.forecast.common.web.WebLogAspect] [http-nio-8080-exec-9] [INFO] - Request [获取当前登录用户权限] GET /gas-forecast/auth/permissions args={}
[2026-09-20 10:56:00.673] [gas-forecast] [] [] [c.g.forecast.common.web.WebLogAspect] [http-nio-8080-exec-9] [INFO] - Request [获取当前登录用户权限] completed in 5 ms
[2026-09-20 10:56:00.749] [gas-forecast] [] [] [c.g.forecast.common.web.WebLogAspect] [http-nio-8080-exec-2] [INFO] - Request [模型训练配置列表查询] POST /gas-forecast/model-train-config/listPage args={reqDTO=ModelTrainConfigPageReqDTO[page=1, size=10, keyword=null, agentCode=null, timeGranularity=null]}
[2026-09-20 10:56:00.749] [gas-forecast] [] [] [c.g.forecast.common.web.WebLogAspect] [http-nio-8080-exec-10] [INFO] - Request [模型列表查询] POST /gas-forecast/model-config/listPage args={reqDTO=ModelConfigPageReqDTO[page=1, size=1000, keyword=null]}
[2026-09-20 10:56:00.751] [gas-forecast] [] [] [c.g.forecast.common.web.WebLogAspect] [http-nio-8080-exec-6] [INFO] - Request [行业列表查询] POST /gas-forecast/base-industry/listPage args={reqDTO=BaseIndustryPageReqDTO[page=1, size=1000, keyword=null]}
[2026-09-20 10:56:00.752] [gas-forecast] [] [] [c.g.forecast.common.web.WebLogAspect] [http-nio-8080-exec-4] [INFO] - Request [区域列表查询] POST /gas-forecast/base-region/listPage args={reqDTO=BaseRegionPageReqDTO[page=1, size=1000, keyword=null]}
[2026-09-20 10:56:00.752] [gas-forecast] [] [] [c.g.forecast.common.web.WebLogAspect] [http-nio-8080-exec-7] [INFO] - Request [客户列表分页查询] POST /gas-forecast/base-customer/listPage args={reqDTO=BaseCustomerPageReqDTO[page=1, size=1000, keyword=null]}
[2026-09-20 10:56:00.753] [gas-forecast] [] [] [c.g.forecast.common.web.WebLogAspect] [http-nio-8080-exec-2] [INFO] - Request [模型训练配置列表查询] completed in 4 ms
[2026-09-20 10:56:00.756] [gas-forecast] [] [] [c.g.forecast.common.web.WebLogAspect] [http-nio-8080-exec-6] [INFO] - Request [行业列表查询] completed in 5 ms
[2026-09-20 10:56:00.756] [gas-forecast] [] [] [c.g.forecast.common.web.WebLogAspect] [http-nio-8080-exec-4] [INFO] - Request [区域列表查询] completed in 4 ms
[2026-09-20 10:56:00.759] [gas-forecast] [] [] [c.g.forecast.common.web.WebLogAspect] [http-nio-8080-exec-10] [INFO] - Request [模型列表查询] completed in 10 ms
[2026-09-20 10:56:00.760] [gas-forecast] [] [] [c.g.forecast.common.web.WebLogAspect] [http-nio-8080-exec-7] [INFO] - Request [客户列表分页查询] completed in 8 ms
[2026-09-20 10:56:02.742] [gas-forecast] [] [] [c.g.forecast.common.web.WebLogAspect] [http-nio-8080-exec-1] [INFO] - Request [查看模型训练结果] POST /gas-forecast/model-train-execution/result args={reqDTO={"id":1,"trainCode":"TRAIN-20260918165056-9486","trainName":"测试北京训练","agentCode":"winter-supply","modelId":1,"modelCode":"WINTER_MODEL_V1.0","modelName":"冬季保供模型","regionCode":"REG000005","regionName":"北京","industryCode":"","industryName":"","customerCode":"","customerName":"","trainStartDate":"2015-01-01","trainEndDate":"2026-09-01","trainMode":"RANGE","timeGranularity":"TENDAY","recentPeriods":36,"enabled":1,"remark":"","createdBy":"system","createdByName":"系统","createdAt":"2026-09-18 16:50:57","updatedAt":"2026-09-20 09:23:11"}}
[2026-09-20 10:56:02.748] [gas-forecast] [] [] [c.g.forecast.common.web.WebLogAspect] [http-nio-8080-exec-1] [INFO] - Request [查看模型训练结果] completed in 6 ms
[2026-09-20 10:59:35.742] [gas-forecast] [] [] [c.g.forecast.common.web.WebLogAspect] [http-nio-8080-exec-8] [INFO] - Request [模型列表查询] POST /gas-forecast/model-config/listPage args={reqDTO=ModelConfigPageReqDTO[page=1, size=1000, keyword=null]}
[2026-09-20 10:59:35.742] [gas-forecast] [] [] [c.g.forecast.common.web.WebLogAspect] [http-nio-8080-exec-2] [INFO] - Request [模型训练配置列表查询] POST /gas-forecast/model-train-config/listPage args={reqDTO=ModelTrainConfigPageReqDTO[page=1, size=10, keyword=null, agentCode=null, timeGranularity=null]}
[2026-09-20 10:59:35.753] [gas-forecast] [] [] [c.g.forecast.common.web.WebLogAspect] [http-nio-8080-exec-9] [INFO] - Request [客户列表分页查询] POST /gas-forecast/base-customer/listPage args={reqDTO=BaseCustomerPageReqDTO[page=1, size=1000, keyword=null]}
[2026-09-20 10:59:35.753] [gas-forecast] [] [] [c.g.forecast.common.web.WebLogAspect] [http-nio-8080-exec-5] [INFO] - Request [区域列表查询] POST /gas-forecast/base-region/listPage args={reqDTO=BaseRegionPageReqDTO[page=1, size=1000, keyword=null]}
[2026-09-20 10:59:35.754] [gas-forecast] [] [] [c.g.forecast.common.web.WebLogAspect] [http-nio-8080-exec-2] [INFO] - Request [模型训练配置列表查询] completed in 12 ms
[2026-09-20 10:59:35.754] [gas-forecast] [] [] [c.g.forecast.common.web.WebLogAspect] [http-nio-8080-exec-3] [INFO] - Request [行业列表查询] POST /gas-forecast/base-industry/listPage args={reqDTO=BaseIndustryPageReqDTO[page=1, size=1000, keyword=null]}
[2026-09-20 10:59:35.760] [gas-forecast] [] [] [c.g.forecast.common.web.WebLogAspect] [http-nio-8080-exec-3] [INFO] - Request [行业列表查询] completed in 6 ms
[2026-09-20 10:59:35.761] [gas-forecast] [] [] [c.g.forecast.common.web.WebLogAspect] [http-nio-8080-exec-5] [INFO] - Request [区域列表查询] completed in 8 ms
[2026-09-20 10:59:35.762] [gas-forecast] [] [] [c.g.forecast.common.web.WebLogAspect] [http-nio-8080-exec-9] [INFO] - Request [客户列表分页查询] completed in 9 ms
[2026-09-20 10:59:35.764] [gas-forecast] [] [] [c.g.forecast.common.web.WebLogAspect] [http-nio-8080-exec-8] [INFO] - Request [模型列表查询] completed in 22 ms
[2026-09-20 11:00:33.061] [gas-forecast] [] [] [c.g.forecast.common.web.WebLogAspect] [http-nio-8080-exec-6] [INFO] - Request [获取当前登录用户权限] GET /gas-forecast/auth/permissions args={}
[2026-09-20 11:00:33.082] [gas-forecast] [] [] [c.g.forecast.common.web.WebLogAspect] [http-nio-8080-exec-6] [INFO] - Request [获取当前登录用户权限] completed in 21 ms
[2026-09-20 11:00:33.144] [gas-forecast] [] [] [c.g.forecast.common.web.WebLogAspect] [http-nio-8080-exec-4] [INFO] - Request [模型列表查询] POST /gas-forecast/model-config/listPage args={reqDTO=ModelConfigPageReqDTO[page=1, size=1000, keyword=null]}
[2026-09-20 11:00:33.144] [gas-forecast] [] [] [c.g.forecast.common.web.WebLogAspect] [http-nio-8080-exec-2] [INFO] - Request [模型训练配置列表查询] POST /gas-forecast/model-train-config/listPage args={reqDTO=ModelTrainConfigPageReqDTO[page=1, size=10, keyword=null, agentCode=null, timeGranularity=null]}
[2026-09-20 11:00:33.147] [gas-forecast] [] [] [c.g.forecast.common.web.WebLogAspect] [http-nio-8080-exec-10] [INFO] - Request [行业列表查询] POST /gas-forecast/base-industry/listPage args={reqDTO=BaseIndustryPageReqDTO[page=1, size=1000, keyword=null]}
[2026-09-20 11:00:33.147] [gas-forecast] [] [] [c.g.forecast.common.web.WebLogAspect] [http-nio-8080-exec-7] [INFO] - Request [区域列表查询] POST /gas-forecast/base-region/listPage args={reqDTO=BaseRegionPageReqDTO[page=1, size=1000, keyword=null]}
[2026-09-20 11:00:33.147] [gas-forecast] [] [] [c.g.forecast.common.web.WebLogAspect] [http-nio-8080-exec-1] [INFO] - Request [客户列表分页查询] POST /gas-forecast/base-customer/listPage args={reqDTO=BaseCustomerPageReqDTO[page=1, size=1000, keyword=null]}
[2026-09-20 11:00:33.148] [gas-forecast] [] [] [c.g.forecast.common.web.WebLogAspect] [http-nio-8080-exec-2] [INFO] - Request [模型训练配置列表查询] completed in 4 ms
[2026-09-20 11:00:33.150] [gas-forecast] [] [] [c.g.forecast.common.web.WebLogAspect] [http-nio-8080-exec-10] [INFO] - Request [行业列表查询] completed in 3 ms
[2026-09-20 11:00:33.151] [gas-forecast] [] [] [c.g.forecast.common.web.WebLogAspect] [http-nio-8080-exec-7] [INFO] - Request [区域列表查询] completed in 4 ms
[2026-09-20 11:00:33.152] [gas-forecast] [] [] [c.g.forecast.common.web.WebLogAspect] [http-nio-8080-exec-1] [INFO] - Request [客户列表分页查询] completed in 5 ms
[2026-09-20 11:00:33.153] [gas-forecast] [] [] [c.g.forecast.common.web.WebLogAspect] [http-nio-8080-exec-4] [INFO] - Request [模型列表查询] completed in 9 ms
[2026-09-20 11:00:34.199] [gas-forecast] [] [] [c.g.forecast.common.web.WebLogAspect] [http-nio-8080-exec-3] [INFO] - Request [查看模型训练结果] POST /gas-forecast/model-train-execution/result args={reqDTO={"id":1,"trainCode":"TRAIN-20260918165056-9486","trainName":"测试北京训练","agentCode":"winter-supply","modelId":1,"modelCode":"WINTER_MODEL_V1.0","modelName":"冬季保供模型","regionCode":"REG000005","regionName":"北京","industryCode":"","industryName":"","customerCode":"","customerName":"","trainStartDate":"2015-01-01","trainEndDate":"2026-09-01","trainMode":"RANGE","timeGranularity":"TENDAY","recentPeriods":36,"enabled":1,"remark":"","createdBy":"system","createdByName":"系统","createdAt":"2026-09-18 16:50:57","updatedAt":"2026-09-20 09:23:11"}}
[2026-09-20 11:00:34.205] [gas-forecast] [] [] [c.g.forecast.common.web.WebLogAspect] [http-nio-8080-exec-3] [INFO] - Request [查看模型训练结果] completed in 6 ms
[2026-09-20 11:02:06.155] [gas-forecast] [] [] [c.g.forecast.common.web.WebLogAspect] [http-nio-8080-exec-6] [INFO] - Request [模型训练配置列表查询] POST /gas-forecast/model-train-config/listPage args={reqDTO=ModelTrainConfigPageReqDTO[page=1, size=10, keyword=null, agentCode=null, timeGranularity=null]}
[2026-09-20 11:02:06.155] [gas-forecast] [] [] [c.g.forecast.common.web.WebLogAspect] [http-nio-8080-exec-5] [INFO] - Request [模型列表查询] POST /gas-forecast/model-config/listPage args={reqDTO=ModelConfigPageReqDTO[page=1, size=1000, keyword=null]}
[2026-09-20 11:02:06.168] [gas-forecast] [] [] [c.g.forecast.common.web.WebLogAspect] [http-nio-8080-exec-9] [INFO] - Request [区域列表查询] POST /gas-forecast/base-region/listPage args={reqDTO=BaseRegionPageReqDTO[page=1, size=1000, keyword=null]}
[2026-09-20 11:02:06.168] [gas-forecast] [] [] [c.g.forecast.common.web.WebLogAspect] [http-nio-8080-exec-8] [INFO] - Request [行业列表查询] POST /gas-forecast/base-industry/listPage args={reqDTO=BaseIndustryPageReqDTO[page=1, size=1000, keyword=null]}
[2026-09-20 11:02:06.168] [gas-forecast] [] [] [c.g.forecast.common.web.WebLogAspect] [http-nio-8080-exec-6] [INFO] - Request [模型训练配置列表查询] completed in 13 ms
[2026-09-20 11:02:06.168] [gas-forecast] [] [] [c.g.forecast.common.web.WebLogAspect] [http-nio-8080-exec-2] [INFO] - Request [客户列表分页查询] POST /gas-forecast/base-customer/listPage args={reqDTO=BaseCustomerPageReqDTO[page=1, size=1000, keyword=null]}
[2026-09-20 11:02:06.173] [gas-forecast] [] [] [c.g.forecast.common.web.WebLogAspect] [http-nio-8080-exec-8] [INFO] - Request [行业列表查询] completed in 5 ms
[2026-09-20 11:02:06.175] [gas-forecast] [] [] [c.g.forecast.common.web.WebLogAspect] [http-nio-8080-exec-9] [INFO] - Request [区域列表查询] completed in 7 ms
[2026-09-20 11:02:06.175] [gas-forecast] [] [] [c.g.forecast.common.web.WebLogAspect] [http-nio-8080-exec-2] [INFO] - Request [客户列表分页查询] completed in 7 ms
[2026-09-20 11:02:06.178] [gas-forecast] [] [] [c.g.forecast.common.web.WebLogAspect] [http-nio-8080-exec-5] [INFO] - Request [模型列表查询] completed in 23 ms
[2026-09-20 11:04:26.283] [gas-forecast] [] [] [c.g.forecast.common.web.WebLogAspect] [http-nio-8080-exec-10] [INFO] - Request [模型列表查询] POST /gas-forecast/model-config/listPage args={reqDTO=ModelConfigPageReqDTO[page=1, size=1000, keyword=null]}
[2026-09-20 11:04:26.284] [gas-forecast] [] [] [c.g.forecast.common.web.WebLogAspect] [http-nio-8080-exec-3] [INFO] - Request [模型训练配置列表查询] POST /gas-forecast/model-train-config/listPage args={reqDTO=ModelTrainConfigPageReqDTO[page=1, size=10, keyword=null, agentCode=null, timeGranularity=null]}
[2026-09-20 11:04:26.294] [gas-forecast] [] [] [c.g.forecast.common.web.WebLogAspect] [http-nio-8080-exec-3] [INFO] - Request [模型训练配置列表查询] completed in 10 ms
[2026-09-20 11:04:26.294] [gas-forecast] [] [] [c.g.forecast.common.web.WebLogAspect] [http-nio-8080-exec-1] [INFO] - Request [行业列表查询] POST /gas-forecast/base-industry/listPage args={reqDTO=BaseIndustryPageReqDTO[page=1, size=1000, keyword=null]}
[2026-09-20 11:04:26.294] [gas-forecast] [] [] [c.g.forecast.common.web.WebLogAspect] [http-nio-8080-exec-7] [INFO] - Request [区域列表查询] POST /gas-forecast/base-region/listPage args={reqDTO=BaseRegionPageReqDTO[page=1, size=1000, keyword=null]}
[2026-09-20 11:04:26.294] [gas-forecast] [] [] [c.g.forecast.common.web.WebLogAspect] [http-nio-8080-exec-4] [INFO] - Request [客户列表分页查询] POST /gas-forecast/base-customer/listPage args={reqDTO=BaseCustomerPageReqDTO[page=1, size=1000, keyword=null]}
[2026-09-20 11:04:26.299] [gas-forecast] [] [] [c.g.forecast.common.web.WebLogAspect] [http-nio-8080-exec-1] [INFO] - Request [行业列表查询] completed in 5 ms
[2026-09-20 11:04:26.300] [gas-forecast] [] [] [c.g.forecast.common.web.WebLogAspect] [http-nio-8080-exec-10] [INFO] - Request [模型列表查询] completed in 17 ms
[2026-09-20 11:04:26.301] [gas-forecast] [] [] [c.g.forecast.common.web.WebLogAspect] [http-nio-8080-exec-7] [INFO] - Request [区域列表查询] completed in 7 ms
[2026-09-20 11:04:26.302] [gas-forecast] [] [] [c.g.forecast.common.web.WebLogAspect] [http-nio-8080-exec-4] [INFO] - Request [客户列表分页查询] completed in 8 ms
[2026-09-20 11:07:01.473] [gas-forecast] [] [] [com.zaxxer.hikari.HikariDataSource] [SpringApplicationShutdownHook] [INFO] - HikariPool-1 - Shutdown initiated...
[2026-09-20 11:07:01.476] [gas-forecast] [] [] [com.zaxxer.hikari.HikariDataSource] [SpringApplicationShutdownHook] [INFO] - HikariPool-1 - Shutdown completed.
[2026-09-20 11:07:02.681] [gas-forecast] [] [] [o.h.validator.internal.util.Version] [background-preinit] [INFO] - HV000001: Hibernate Validator 8.0.1.Final
[2026-09-20 11:07:02.691] [gas-forecast] [] [] [c.g.f.GasForecastStartupApplication] [main] [INFO] - Starting GasForecastStartupApplication using Java 21.0.11 with PID 34843 (/Users/zoujun/work/workspace/shiyou/gas-forecast/gas-forecast-startup/target/classes started by zoujun in /Users/zoujun/work/workspace/shiyou/gas-forecast)
[2026-09-20 11:07:02.691] [gas-forecast] [] [] [c.g.f.GasForecastStartupApplication] [main] [INFO] - The following 1 profile is active: "dev"
[2026-09-20 11:07:02.984] [gas-forecast] [] [] [o.s.d.r.c.RepositoryConfigurationDelegate] [main] [INFO] - Multiple Spring Data modules found, entering strict repository configuration mode
[2026-09-20 11:07:02.985] [gas-forecast] [] [] [o.s.d.r.c.RepositoryConfigurationDelegate] [main] [INFO] - Bootstrapping Spring Data Redis repositories in DEFAULT mode.
[2026-09-20 11:07:03.004] [gas-forecast] [] [] [o.s.d.r.c.RepositoryConfigurationDelegate] [main] [INFO] - Finished Spring Data repository scanning in 12 ms. Found 0 Redis repository interfaces.
[2026-09-20 11:07:03.316] [gas-forecast] [] [] [o.s.b.w.e.tomcat.TomcatWebServer] [main] [INFO] - Tomcat initialized with port 8080 (http)
[2026-09-20 11:07:03.320] [gas-forecast] [] [] [o.a.coyote.http11.Http11NioProtocol] [main] [INFO] - Initializing ProtocolHandler ["http-nio-8080"]
[2026-09-20 11:07:03.321] [gas-forecast] [] [] [o.a.catalina.core.StandardService] [main] [INFO] - Starting service [Tomcat]
[2026-09-20 11:07:03.321] [gas-forecast] [] [] [o.a.catalina.core.StandardEngine] [main] [INFO] - Starting Servlet engine: [Apache Tomcat/10.1.20]
[2026-09-20 11:07:03.339] [gas-forecast] [] [] [o.a.c.c.C.[.[.[/gas-forecast]] [main] [INFO] - Initializing Spring embedded WebApplicationContext
[2026-09-20 11:07:03.339] [gas-forecast] [] [] [o.s.b.w.s.c.ServletWebServerApplicationContext] [main] [INFO] - Root WebApplicationContext: initialization completed in 632 ms
[2026-09-20 11:07:04.024] [gas-forecast] [] [] [o.a.coyote.http11.Http11NioProtocol] [main] [INFO] - Starting ProtocolHandler ["http-nio-8080"]
[2026-09-20 11:07:04.032] [gas-forecast] [] [] [o.s.b.w.e.tomcat.TomcatWebServer] [main] [INFO] - Tomcat started on port 8080 (http) with context path '/gas-forecast'
[2026-09-20 11:07:04.036] [gas-forecast] [] [] [c.g.f.GasForecastStartupApplication] [main] [INFO] - Started GasForecastStartupApplication in 1.53 seconds (process running for 1.801)
[2026-09-20 11:07:14.374] [gas-forecast] [] [] [o.a.c.c.C.[.[.[/gas-forecast]] [http-nio-8080-exec-1] [INFO] - Initializing Spring DispatcherServlet 'dispatcherServlet'
[2026-09-20 11:07:14.374] [gas-forecast] [] [] [o.s.web.servlet.DispatcherServlet] [http-nio-8080-exec-1] [INFO] - Initializing Servlet 'dispatcherServlet'
[2026-09-20 11:07:14.375] [gas-forecast] [] [] [o.s.web.servlet.DispatcherServlet] [http-nio-8080-exec-1] [INFO] - Completed initialization in 1 ms
[2026-09-20 11:07:14.407] [gas-forecast] [] [] [c.g.forecast.common.web.WebLogAspect] [http-nio-8080-exec-1] [INFO] - Request [查看模型训练结果] POST /gas-forecast/model-train-execution/result args={reqDTO={"id":1,"trainCode":"TRAIN-20260918165056-9486","trainName":"测试北京训练","agentCode":"winter-supply","modelId":1,"modelCode":"WINTER_MODEL_V1.0","modelName":"冬季保供模型","regionCode":"REG000005","regionName":"北京","industryCode":"","industryName":"","customerCode":"","customerName":"","trainStartDate":"2015-01-01","trainEndDate":"2026-09-01","trainMode":"RANGE","timeGranularity":"TENDAY","recentPeriods":36,"enabled":1,"remark":"","createdBy":"system","createdByName":"系统","createdAt":"2026-09-18 16:50:57","updatedAt":"2026-09-20 09:23:11"}}
[2026-09-20 11:07:14.434] [gas-forecast] [] [] [com.zaxxer.hikari.HikariDataSource] [http-nio-8080-exec-1] [INFO] - HikariPool-1 - Starting...
[2026-09-20 11:07:14.502] [gas-forecast] [] [] [com.zaxxer.hikari.pool.HikariPool] [http-nio-8080-exec-1] [INFO] - HikariPool-1 - Added connection com.mysql.cj.jdbc.ConnectionImpl@524d0957
[2026-09-20 11:07:14.503] [gas-forecast] [] [] [com.zaxxer.hikari.HikariDataSource] [http-nio-8080-exec-1] [INFO] - HikariPool-1 - Start completed.
[2026-09-20 11:07:14.548] [gas-forecast] [] [] [c.g.forecast.common.web.WebLogAspect] [http-nio-8080-exec-1] [INFO] - Request [查看模型训练结果] completed in 145 ms
[2026-09-20 11:09:42.453] [gas-forecast] [] [] [c.g.forecast.common.web.WebLogAspect] [http-nio-8080-exec-2] [INFO] - Request [模型列表查询] POST /gas-forecast/model-config/listPage args={reqDTO=ModelConfigPageReqDTO[page=1, size=1000, keyword=null]}
[2026-09-20 11:09:42.453] [gas-forecast] [] [] [c.g.forecast.common.web.WebLogAspect] [http-nio-8080-exec-6] [INFO] - Request [模型训练配置列表查询] POST /gas-forecast/model-train-config/listPage args={reqDTO=ModelTrainConfigPageReqDTO[page=1, size=10, keyword=null, agentCode=null, timeGranularity=null]}
[2026-09-20 11:09:42.507] [gas-forecast] [] [] [c.g.forecast.common.web.WebLogAspect] [http-nio-8080-exec-6] [INFO] - Request [模型训练配置列表查询] completed in 55 ms
[2026-09-20 11:09:42.525] [gas-forecast] [] [] [c.g.forecast.common.web.WebLogAspect] [http-nio-8080-exec-2] [INFO] - Request [模型列表查询] completed in 73 ms
[2026-09-20 11:09:42.614] [gas-forecast] [] [] [c.g.forecast.common.web.WebLogAspect] [http-nio-8080-exec-4] [INFO] - Request [行业列表查询] POST /gas-forecast/base-industry/listPage args={reqDTO=BaseIndustryPageReqDTO[page=1, size=1000, keyword=null]}
[2026-09-20 11:09:42.614] [gas-forecast] [] [] [c.g.forecast.common.web.WebLogAspect] [http-nio-8080-exec-3] [INFO] - Request [区域列表查询] POST /gas-forecast/base-region/listPage args={reqDTO=BaseRegionPageReqDTO[page=1, size=1000, keyword=null]}
[2026-09-20 11:09:42.614] [gas-forecast] [] [] [c.g.forecast.common.web.WebLogAspect] [http-nio-8080-exec-5] [INFO] - Request [客户列表分页查询] POST /gas-forecast/base-customer/listPage args={reqDTO=BaseCustomerPageReqDTO[page=1, size=1000, keyword=null]}
[2026-09-20 11:09:42.622] [gas-forecast] [] [] [c.g.forecast.common.web.WebLogAspect] [http-nio-8080-exec-4] [INFO] - Request [行业列表查询] completed in 8 ms
[2026-09-20 11:09:42.622] [gas-forecast] [] [] [c.g.forecast.common.web.WebLogAspect] [http-nio-8080-exec-3] [INFO] - Request [区域列表查询] completed in 8 ms
[2026-09-20 11:09:42.622] [gas-forecast] [] [] [c.g.forecast.common.web.WebLogAspect] [http-nio-8080-exec-5] [INFO] - Request [客户列表分页查询] completed in 8 ms
[2026-09-20 11:09:52.409] [gas-forecast] [] [] [c.g.forecast.common.web.WebLogAspect] [http-nio-8080-exec-7] [INFO] - Request [查看模型训练结果] POST /gas-forecast/model-train-execution/result args={reqDTO={"id":1,"trainCode":"TRAIN-20260918165056-9486","trainName":"测试北京训练","agentCode":"winter-supply","modelId":1,"modelCode":"WINTER_MODEL_V1.0","modelName":"冬季保供模型","regionCode":"REG000005","regionName":"北京","industryCode":"","industryName":"","customerCode":"","customerName":"","trainStartDate":"2015-01-01","trainEndDate":"2026-09-01","trainMode":"RANGE","timeGranularity":"TENDAY","recentPeriods":36,"enabled":1,"remark":"","createdBy":"system","createdByName":"系统","createdAt":"2026-09-18 16:50:57","updatedAt":"2026-09-20 09:23:11"}}
[2026-09-20 11:09:52.417] [gas-forecast] [] [] [c.g.forecast.common.web.WebLogAspect] [http-nio-8080-exec-7] [INFO] - Request [查看模型训练结果] completed in 8 ms
[2026-09-20 11:10:44.100] [gas-forecast] [] [] [c.g.forecast.common.web.WebLogAspect] [http-nio-8080-exec-8] [INFO] - Request [模型列表查询] POST /gas-forecast/model-config/listPage args={reqDTO=ModelConfigPageReqDTO[page=1, size=1000, keyword=null]}
[2026-09-20 11:10:44.101] [gas-forecast] [] [] [c.g.forecast.common.web.WebLogAspect] [http-nio-8080-exec-6] [INFO] - Request [模型训练配置列表查询] POST /gas-forecast/model-train-config/listPage args={reqDTO=ModelTrainConfigPageReqDTO[page=1, size=10, keyword=null, agentCode=null, timeGranularity=null]}
[2026-09-20 11:10:44.106] [gas-forecast] [] [] [c.g.forecast.common.web.WebLogAspect] [http-nio-8080-exec-10] [INFO] - Request [行业列表查询] POST /gas-forecast/base-industry/listPage args={reqDTO=BaseIndustryPageReqDTO[page=1, size=1000, keyword=null]}
[2026-09-20 11:10:44.106] [gas-forecast] [] [] [c.g.forecast.common.web.WebLogAspect] [http-nio-8080-exec-1] [INFO] - Request [客户列表分页查询] POST /gas-forecast/base-customer/listPage args={reqDTO=BaseCustomerPageReqDTO[page=1, size=1000, keyword=null]}
[2026-09-20 11:10:44.106] [gas-forecast] [] [] [c.g.forecast.common.web.WebLogAspect] [http-nio-8080-exec-9] [INFO] - Request [区域列表查询] POST /gas-forecast/base-region/listPage args={reqDTO=BaseRegionPageReqDTO[page=1, size=1000, keyword=null]}
[2026-09-20 11:10:44.108] [gas-forecast] [] [] [c.g.forecast.common.web.WebLogAspect] [http-nio-8080-exec-6] [INFO] - Request [模型训练配置列表查询] completed in 7 ms
[2026-09-20 11:10:44.112] [gas-forecast] [] [] [c.g.forecast.common.web.WebLogAspect] [http-nio-8080-exec-10] [INFO] - Request [行业列表查询] completed in 6 ms
[2026-09-20 11:10:44.112] [gas-forecast] [] [] [c.g.forecast.common.web.WebLogAspect] [http-nio-8080-exec-9] [INFO] - Request [区域列表查询] completed in 6 ms
[2026-09-20 11:10:44.112] [gas-forecast] [] [] [c.g.forecast.common.web.WebLogAspect] [http-nio-8080-exec-1] [INFO] - Request [客户列表分页查询] completed in 6 ms
[2026-09-20 11:10:44.115] [gas-forecast] [] [] [c.g.forecast.common.web.WebLogAspect] [http-nio-8080-exec-8] [INFO] - Request [模型列表查询] completed in 15 ms
[2026-09-20 11:10:56.055] [gas-forecast] [] [] [c.g.forecast.common.web.WebLogAspect] [http-nio-8080-exec-2] [INFO] - Request [模型列表查询] POST /gas-forecast/model-config/listPage args={reqDTO=ModelConfigPageReqDTO[page=1, size=1000, keyword=null]}
[2026-09-20 11:10:56.056] [gas-forecast] [] [] [c.g.forecast.common.web.WebLogAspect] [http-nio-8080-exec-7] [INFO] - Request [模型训练配置列表查询] POST /gas-forecast/model-train-config/listPage args={reqDTO=ModelTrainConfigPageReqDTO[page=1, size=10, keyword=null, agentCode=null, timeGranularity=null]}
[2026-09-20 11:10:56.065] [gas-forecast] [] [] [c.g.forecast.common.web.WebLogAspect] [http-nio-8080-exec-5] [INFO] - Request [客户列表分页查询] POST /gas-forecast/base-customer/listPage args={reqDTO=BaseCustomerPageReqDTO[page=1, size=1000, keyword=null]}
[2026-09-20 11:10:56.065] [gas-forecast] [] [] [c.g.forecast.common.web.WebLogAspect] [http-nio-8080-exec-3] [INFO] - Request [区域列表查询] POST /gas-forecast/base-region/listPage args={reqDTO=BaseRegionPageReqDTO[page=1, size=1000, keyword=null]}
[2026-09-20 11:10:56.065] [gas-forecast] [] [] [c.g.forecast.common.web.WebLogAspect] [http-nio-8080-exec-7] [INFO] - Request [模型训练配置列表查询] completed in 10 ms
[2026-09-20 11:10:56.065] [gas-forecast] [] [] [c.g.forecast.common.web.WebLogAspect] [http-nio-8080-exec-4] [INFO] - Request [行业列表查询] POST /gas-forecast/base-industry/listPage args={reqDTO=BaseIndustryPageReqDTO[page=1, size=1000, keyword=null]}
[2026-09-20 11:10:56.070] [gas-forecast] [] [] [c.g.forecast.common.web.WebLogAspect] [http-nio-8080-exec-3] [INFO] - Request [区域列表查询] completed in 5 ms
[2026-09-20 11:10:56.072] [gas-forecast] [] [] [c.g.forecast.common.web.WebLogAspect] [http-nio-8080-exec-4] [INFO] - Request [行业列表查询] completed in 7 ms
[2026-09-20 11:10:56.072] [gas-forecast] [] [] [c.g.forecast.common.web.WebLogAspect] [http-nio-8080-exec-5] [INFO] - Request [客户列表分页查询] completed in 7 ms
[2026-09-20 11:10:56.075] [gas-forecast] [] [] [c.g.forecast.common.web.WebLogAspect] [http-nio-8080-exec-2] [INFO] - Request [模型列表查询] completed in 20 ms
[2026-09-20 11:11:21.478] [gas-forecast] [] [] [c.g.forecast.common.web.WebLogAspect] [http-nio-8080-exec-6] [INFO] - Request [模型列表查询] POST /gas-forecast/model-config/listPage args={reqDTO=ModelConfigPageReqDTO[page=1, size=1000, keyword=null]}
[2026-09-20 11:11:21.479] [gas-forecast] [] [] [c.g.forecast.common.web.WebLogAspect] [http-nio-8080-exec-8] [INFO] - Request [模型训练配置列表查询] POST /gas-forecast/model-train-config/listPage args={reqDTO=ModelTrainConfigPageReqDTO[page=1, size=10, keyword=null, agentCode=null, timeGranularity=null]}
[2026-09-20 11:11:21.482] [gas-forecast] [] [] [c.g.forecast.common.web.WebLogAspect] [http-nio-8080-exec-9] [INFO] - Request [行业列表查询] POST /gas-forecast/base-industry/listPage args={reqDTO=BaseIndustryPageReqDTO[page=1, size=1000, keyword=null]}
[2026-09-20 11:11:21.482] [gas-forecast] [] [] [c.g.forecast.common.web.WebLogAspect] [http-nio-8080-exec-10] [INFO] - Request [区域列表查询] POST /gas-forecast/base-region/listPage args={reqDTO=BaseRegionPageReqDTO[page=1, size=1000, keyword=null]}
[2026-09-20 11:11:21.482] [gas-forecast] [] [] [c.g.forecast.common.web.WebLogAspect] [http-nio-8080-exec-1] [INFO] - Request [客户列表分页查询] POST /gas-forecast/base-customer/listPage args={reqDTO=BaseCustomerPageReqDTO[page=1, size=1000, keyword=null]}
[2026-09-20 11:11:21.488] [gas-forecast] [] [] [c.g.forecast.common.web.WebLogAspect] [http-nio-8080-exec-8] [INFO] - Request [模型训练配置列表查询] completed in 9 ms
[2026-09-20 11:11:21.488] [gas-forecast] [] [] [c.g.forecast.common.web.WebLogAspect] [http-nio-8080-exec-10] [INFO] - Request [区域列表查询] completed in 6 ms
[2026-09-20 11:11:21.491] [gas-forecast] [] [] [c.g.forecast.common.web.WebLogAspect] [http-nio-8080-exec-9] [INFO] - Request [行业列表查询] completed in 9 ms
[2026-09-20 11:11:21.491] [gas-forecast] [] [] [c.g.forecast.common.web.WebLogAspect] [http-nio-8080-exec-6] [INFO] - Request [模型列表查询] completed in 13 ms
[2026-09-20 11:11:21.492] [gas-forecast] [] [] [c.g.forecast.common.web.WebLogAspect] [http-nio-8080-exec-1] [INFO] - Request [客户列表分页查询] completed in 10 ms
[2026-09-20 11:11:36.400] [gas-forecast] [] [] [c.g.forecast.common.web.WebLogAspect] [http-nio-8080-exec-7] [INFO] - Request [模型列表查询] POST /gas-forecast/model-config/listPage args={reqDTO=ModelConfigPageReqDTO[page=1, size=1000, keyword=null]}
[2026-09-20 11:11:36.400] [gas-forecast] [] [] [c.g.forecast.common.web.WebLogAspect] [http-nio-8080-exec-2] [INFO] - Request [模型训练配置列表查询] POST /gas-forecast/model-train-config/listPage args={reqDTO=ModelTrainConfigPageReqDTO[page=1, size=10, keyword=null, agentCode=null, timeGranularity=null]}
[2026-09-20 11:11:36.404] [gas-forecast] [] [] [c.g.forecast.common.web.WebLogAspect] [http-nio-8080-exec-5] [INFO] - Request [客户列表分页查询] POST /gas-forecast/base-customer/listPage args={reqDTO=BaseCustomerPageReqDTO[page=1, size=1000, keyword=null]}
[2026-09-20 11:11:36.405] [gas-forecast] [] [] [c.g.forecast.common.web.WebLogAspect] [http-nio-8080-exec-4] [INFO] - Request [行业列表查询] POST /gas-forecast/base-industry/listPage args={reqDTO=BaseIndustryPageReqDTO[page=1, size=1000, keyword=null]}
[2026-09-20 11:11:36.405] [gas-forecast] [] [] [c.g.forecast.common.web.WebLogAspect] [http-nio-8080-exec-3] [INFO] - Request [区域列表查询] POST /gas-forecast/base-region/listPage args={reqDTO=BaseRegionPageReqDTO[page=1, size=1000, keyword=null]}
[2026-09-20 11:11:36.407] [gas-forecast] [] [] [c.g.forecast.common.web.WebLogAspect] [http-nio-8080-exec-2] [INFO] - Request [模型训练配置列表查询] completed in 7 ms
[2026-09-20 11:11:36.411] [gas-forecast] [] [] [c.g.forecast.common.web.WebLogAspect] [http-nio-8080-exec-4] [INFO] - Request [行业列表查询] completed in 6 ms
[2026-09-20 11:11:36.411] [gas-forecast] [] [] [c.g.forecast.common.web.WebLogAspect] [http-nio-8080-exec-3] [INFO] - Request [区域列表查询] completed in 6 ms
[2026-09-20 11:11:36.411] [gas-forecast] [] [] [c.g.forecast.common.web.WebLogAspect] [http-nio-8080-exec-5] [INFO] - Request [客户列表分页查询] completed in 7 ms
[2026-09-20 11:11:36.414] [gas-forecast] [] [] [c.g.forecast.common.web.WebLogAspect] [http-nio-8080-exec-7] [INFO] - Request [模型列表查询] completed in 14 ms
[2026-09-20 11:12:46.048] [gas-forecast] [] [] [c.g.forecast.common.web.WebLogAspect] [http-nio-8080-exec-8] [INFO] - Request [查看模型训练结果] POST /gas-forecast/model-train-execution/result args={reqDTO={"id":1,"trainCode":"TRAIN-20260918165056-9486","trainName":"测试北京训练","agentCode":"winter-supply","modelId":1,"modelCode":"WINTER_MODEL_V1.0","modelName":"冬季保供模型","regionCode":"REG000005","regionName":"北京","industryCode":"","industryName":"","customerCode":"","customerName":"","trainStartDate":"2015-01-01","trainEndDate":"2026-09-01","trainMode":"RANGE","timeGranularity":"TENDAY","recentPeriods":36,"enabled":1,"remark":"","createdBy":"system","createdByName":"系统","createdAt":"2026-09-18 16:50:57","updatedAt":"2026-09-20 09:23:11"}}
[2026-09-20 11:12:46.067] [gas-forecast] [] [] [c.g.forecast.common.web.WebLogAspect] [http-nio-8080-exec-8] [INFO] - Request [查看模型训练结果] completed in 19 ms
[2026-09-20 11:17:02.839] [gas-forecast] [] [] [c.g.forecast.common.web.WebLogAspect] [http-nio-8080-exec-2] [INFO] - Request [模型训练配置列表查询] POST /gas-forecast/model-train-config/listPage args={reqDTO=ModelTrainConfigPageReqDTO[page=1, size=10, keyword=null, agentCode=null, timeGranularity=null]}
[2026-09-20 11:17:02.839] [gas-forecast] [] [] [c.g.forecast.common.web.WebLogAspect] [http-nio-8080-exec-10] [INFO] - Request [模型列表查询] POST /gas-forecast/model-config/listPage args={reqDTO=ModelConfigPageReqDTO[page=1, size=1000, keyword=null]}
[2026-09-20 11:17:02.852] [gas-forecast] [] [] [c.g.forecast.common.web.WebLogAspect] [http-nio-8080-exec-2] [INFO] - Request [模型训练配置列表查询] completed in 13 ms
[2026-09-20 11:17:02.852] [gas-forecast] [] [] [c.g.forecast.common.web.WebLogAspect] [http-nio-8080-exec-9] [INFO] - Request [区域列表查询] POST /gas-forecast/base-region/listPage args={reqDTO=BaseRegionPageReqDTO[page=1, size=1000, keyword=null]}
[2026-09-20 11:17:02.853] [gas-forecast] [] [] [c.g.forecast.common.web.WebLogAspect] [http-nio-8080-exec-1] [INFO] - Request [客户列表分页查询] POST /gas-forecast/base-customer/listPage args={reqDTO=BaseCustomerPageReqDTO[page=1, size=1000, keyword=null]}
[2026-09-20 11:17:02.853] [gas-forecast] [] [] [c.g.forecast.common.web.WebLogAspect] [http-nio-8080-exec-6] [INFO] - Request [行业列表查询] POST /gas-forecast/base-industry/listPage args={reqDTO=BaseIndustryPageReqDTO[page=1, size=1000, keyword=null]}
[2026-09-20 11:17:02.858] [gas-forecast] [] [] [c.g.forecast.common.web.WebLogAspect] [http-nio-8080-exec-6] [INFO] - Request [行业列表查询] completed in 5 ms
[2026-09-20 11:17:02.858] [gas-forecast] [] [] [c.g.forecast.common.web.WebLogAspect] [http-nio-8080-exec-9] [INFO] - Request [区域列表查询] completed in 6 ms
[2026-09-20 11:17:02.859] [gas-forecast] [] [] [c.g.forecast.common.web.WebLogAspect] [http-nio-8080-exec-10] [INFO] - Request [模型列表查询] completed in 20 ms
[2026-09-20 11:17:02.859] [gas-forecast] [] [] [c.g.forecast.common.web.WebLogAspect] [http-nio-8080-exec-1] [INFO] - Request [客户列表分页查询] completed in 6 ms
[2026-09-20 11:17:23.618] [gas-forecast] [] [] [c.g.forecast.common.web.WebLogAspect] [http-nio-8080-exec-4] [INFO] - Request [模型列表查询] POST /gas-forecast/model-config/listPage args={reqDTO=ModelConfigPageReqDTO[page=1, size=1000, keyword=null]}
[2026-09-20 11:17:23.618] [gas-forecast] [] [] [c.g.forecast.common.web.WebLogAspect] [http-nio-8080-exec-8] [INFO] - Request [模型训练配置列表查询] POST /gas-forecast/model-train-config/listPage args={reqDTO=ModelTrainConfigPageReqDTO[page=1, size=10, keyword=null, agentCode=null, timeGranularity=null]}
[2026-09-20 11:17:23.623] [gas-forecast] [] [] [c.g.forecast.common.web.WebLogAspect] [http-nio-8080-exec-5] [INFO] - Request [行业列表查询] POST /gas-forecast/base-industry/listPage args={reqDTO=BaseIndustryPageReqDTO[page=1, size=1000, keyword=null]}
[2026-09-20 11:17:23.623] [gas-forecast] [] [] [c.g.forecast.common.web.WebLogAspect] [http-nio-8080-exec-3] [INFO] - Request [区域列表查询] POST /gas-forecast/base-region/listPage args={reqDTO=BaseRegionPageReqDTO[page=1, size=1000, keyword=null]}
[2026-09-20 11:17:23.623] [gas-forecast] [] [] [c.g.forecast.common.web.WebLogAspect] [http-nio-8080-exec-7] [INFO] - Request [客户列表分页查询] POST /gas-forecast/base-customer/listPage args={reqDTO=BaseCustomerPageReqDTO[page=1, size=1000, keyword=null]}
[2026-09-20 11:17:23.624] [gas-forecast] [] [] [c.g.forecast.common.web.WebLogAspect] [http-nio-8080-exec-8] [INFO] - Request [模型训练配置列表查询] completed in 6 ms
[2026-09-20 11:17:23.630] [gas-forecast] [] [] [c.g.forecast.common.web.WebLogAspect] [http-nio-8080-exec-3] [INFO] - Request [区域列表查询] completed in 7 ms
[2026-09-20 11:17:23.630] [gas-forecast] [] [] [c.g.forecast.common.web.WebLogAspect] [http-nio-8080-exec-5] [INFO] - Request [行业列表查询] completed in 7 ms
[2026-09-20 11:17:23.630] [gas-forecast] [] [] [c.g.forecast.common.web.WebLogAspect] [http-nio-8080-exec-7] [INFO] - Request [客户列表分页查询] completed in 7 ms
[2026-09-20 11:17:23.632] [gas-forecast] [] [] [c.g.forecast.common.web.WebLogAspect] [http-nio-8080-exec-4] [INFO] - Request [模型列表查询] completed in 14 ms
[2026-09-20 11:18:13.998] [gas-forecast] [] [] [com.zaxxer.hikari.HikariDataSource] [SpringApplicationShutdownHook] [INFO] - HikariPool-1 - Shutdown initiated...
[2026-09-20 11:18:14.000] [gas-forecast] [] [] [com.zaxxer.hikari.HikariDataSource] [SpringApplicationShutdownHook] [INFO] - HikariPool-1 - Shutdown completed.
[2026-09-20 11:18:15.388] [gas-forecast] [] [] [o.h.validator.internal.util.Version] [background-preinit] [INFO] - HV000001: Hibernate Validator 8.0.1.Final
[2026-09-20 11:18:15.399] [gas-forecast] [] [] [c.g.f.GasForecastStartupApplication] [main] [INFO] - Starting GasForecastStartupApplication using Java 21.0.11 with PID 38617 (/Users/zoujun/work/workspace/shiyou/gas-forecast/gas-forecast-startup/target/classes started by zoujun in /Users/zoujun/work/workspace/shiyou/gas-forecast)
[2026-09-20 11:18:15.399] [gas-forecast] [] [] [c.g.f.GasForecastStartupApplication] [main] [INFO] - The following 1 profile is active: "dev"
[2026-09-20 11:18:15.703] [gas-forecast] [] [] [o.s.d.r.c.RepositoryConfigurationDelegate] [main] [INFO] - Multiple Spring Data modules found, entering strict repository configuration mode
[2026-09-20 11:18:15.704] [gas-forecast] [] [] [o.s.d.r.c.RepositoryConfigurationDelegate] [main] [INFO] - Bootstrapping Spring Data Redis repositories in DEFAULT mode.
[2026-09-20 11:18:15.721] [gas-forecast] [] [] [o.s.d.r.c.RepositoryConfigurationDelegate] [main] [INFO] - Finished Spring Data repository scanning in 11 ms. Found 0 Redis repository interfaces.
[2026-09-20 11:18:16.028] [gas-forecast] [] [] [o.s.b.w.e.tomcat.TomcatWebServer] [main] [INFO] - Tomcat initialized with port 8080 (http)
[2026-09-20 11:18:16.036] [gas-forecast] [] [] [o.a.coyote.http11.Http11NioProtocol] [main] [INFO] - Initializing ProtocolHandler ["http-nio-8080"]
[2026-09-20 11:18:16.037] [gas-forecast] [] [] [o.a.catalina.core.StandardService] [main] [INFO] - Starting service [Tomcat]
[2026-09-20 11:18:16.037] [gas-forecast] [] [] [o.a.catalina.core.StandardEngine] [main] [INFO] - Starting Servlet engine: [Apache Tomcat/10.1.20]
[2026-09-20 11:18:16.067] [gas-forecast] [] [] [o.a.c.c.C.[.[.[/gas-forecast]] [main] [INFO] - Initializing Spring embedded WebApplicationContext
[2026-09-20 11:18:16.068] [gas-forecast] [] [] [o.s.b.w.s.c.ServletWebServerApplicationContext] [main] [INFO] - Root WebApplicationContext: initialization completed in 652 ms
[2026-09-20 11:18:16.807] [gas-forecast] [] [] [o.a.coyote.http11.Http11NioProtocol] [main] [INFO] - Starting ProtocolHandler ["http-nio-8080"]
[2026-09-20 11:18:16.815] [gas-forecast] [] [] [o.s.b.w.e.tomcat.TomcatWebServer] [main] [INFO] - Tomcat started on port 8080 (http) with context path '/gas-forecast'
[2026-09-20 11:18:16.818] [gas-forecast] [] [] [c.g.f.GasForecastStartupApplication] [main] [INFO] - Started GasForecastStartupApplication in 1.606 seconds (process running for 1.902)
[2026-09-20 11:18:23.753] [gas-forecast] [] [] [o.a.c.c.C.[.[.[/gas-forecast]] [http-nio-8080-exec-1] [INFO] - Initializing Spring DispatcherServlet 'dispatcherServlet'
[2026-09-20 11:18:23.753] [gas-forecast] [] [] [o.s.web.servlet.DispatcherServlet] [http-nio-8080-exec-1] [INFO] - Initializing Servlet 'dispatcherServlet'
[2026-09-20 11:18:23.754] [gas-forecast] [] [] [o.s.web.servlet.DispatcherServlet] [http-nio-8080-exec-1] [INFO] - Completed initialization in 0 ms
[2026-09-20 11:18:23.785] [gas-forecast] [] [] [c.g.forecast.common.web.WebLogAspect] [http-nio-8080-exec-1] [INFO] - Request [查看模型训练结果] POST /gas-forecast/model-train-execution/result args={reqDTO={"id":1,"trainCode":"TRAIN-20260918165056-9486","trainName":"测试北京训练","agentCode":"winter-supply","modelId":1,"modelCode":"WINTER_MODEL_V1.0","modelName":"冬季保供模型","regionCode":"REG000005","regionName":"北京","industryCode":"","industryName":"","customerCode":"","customerName":"","trainStartDate":"2015-01-01","trainEndDate":"2026-09-01","trainMode":"RANGE","timeGranularity":"TENDAY","recentPeriods":36,"enabled":1,"remark":"","createdBy":"system","createdByName":"系统","createdAt":"2026-09-18 16:50:57","updatedAt":"2026-09-20 09:23:11"}}
[2026-09-20 11:18:23.812] [gas-forecast] [] [] [com.zaxxer.hikari.HikariDataSource] [http-nio-8080-exec-1] [INFO] - HikariPool-1 - Starting...
[2026-09-20 11:18:23.880] [gas-forecast] [] [] [com.zaxxer.hikari.pool.HikariPool] [http-nio-8080-exec-1] [INFO] - HikariPool-1 - Added connection com.mysql.cj.jdbc.ConnectionImpl@476d1f4
[2026-09-20 11:18:23.881] [gas-forecast] [] [] [com.zaxxer.hikari.HikariDataSource] [http-nio-8080-exec-1] [INFO] - HikariPool-1 - Start completed.
[2026-09-20 11:18:23.925] [gas-forecast] [] [] [c.g.forecast.common.web.WebLogAspect] [http-nio-8080-exec-1] [INFO] - Request [查看模型训练结果] completed in 144 ms
[2026-09-20 11:21:15.814] [gas-forecast] [] [] [c.g.forecast.common.web.WebLogAspect] [http-nio-8080-exec-3] [INFO] - Request [模型列表查询] POST /gas-forecast/model-config/listPage args={reqDTO=ModelConfigPageReqDTO[page=1, size=1000, keyword=null]}
[2026-09-20 11:21:15.815] [gas-forecast] [] [] [c.g.forecast.common.web.WebLogAspect] [http-nio-8080-exec-7] [INFO] - Request [模型训练配置列表查询] POST /gas-forecast/model-train-config/listPage args={reqDTO=ModelTrainConfigPageReqDTO[page=1, size=10, keyword=null, agentCode=null, timeGranularity=null]}
[2026-09-20 11:21:15.859] [gas-forecast] [] [] [c.g.forecast.common.web.WebLogAspect] [http-nio-8080-exec-7] [INFO] - Request [模型训练配置列表查询] completed in 45 ms
[2026-09-20 11:21:15.869] [gas-forecast] [] [] [c.g.forecast.common.web.WebLogAspect] [http-nio-8080-exec-2] [INFO] - Request [获取当前登录用户权限] GET /gas-forecast/auth/permissions args={}
[2026-09-20 11:21:15.875] [gas-forecast] [] [] [c.g.forecast.common.web.WebLogAspect] [http-nio-8080-exec-3] [INFO] - Request [模型列表查询] completed in 61 ms
[2026-09-20 11:21:15.878] [gas-forecast] [] [] [c.g.forecast.common.web.WebLogAspect] [http-nio-8080-exec-2] [INFO] - Request [获取当前登录用户权限] completed in 9 ms
[2026-09-20 11:21:15.878] [gas-forecast] [] [] [c.g.forecast.common.web.WebLogAspect] [http-nio-8080-exec-6] [INFO] - Request [客户列表分页查询] POST /gas-forecast/base-customer/listPage args={reqDTO=BaseCustomerPageReqDTO[page=1, size=1000, keyword=null]}
[2026-09-20 11:21:15.879] [gas-forecast] [] [] [c.g.forecast.common.web.WebLogAspect] [http-nio-8080-exec-5] [INFO] - Request [行业列表查询] POST /gas-forecast/base-industry/listPage args={reqDTO=BaseIndustryPageReqDTO[page=1, size=1000, keyword=null]}
[2026-09-20 11:21:15.879] [gas-forecast] [] [] [c.g.forecast.common.web.WebLogAspect] [http-nio-8080-exec-4] [INFO] - Request [区域列表查询] POST /gas-forecast/base-region/listPage args={reqDTO=BaseRegionPageReqDTO[page=1, size=1000, keyword=null]}
[2026-09-20 11:21:15.886] [gas-forecast] [] [] [c.g.forecast.common.web.WebLogAspect] [http-nio-8080-exec-4] [INFO] - Request [区域列表查询] completed in 7 ms
[2026-09-20 11:21:15.886] [gas-forecast] [] [] [c.g.forecast.common.web.WebLogAspect] [http-nio-8080-exec-6] [INFO] - Request [客户列表分页查询] completed in 8 ms
[2026-09-20 11:21:15.886] [gas-forecast] [] [] [c.g.forecast.common.web.WebLogAspect] [http-nio-8080-exec-5] [INFO] - Request [行业列表查询] completed in 7 ms
[2026-09-20 11:21:17.214] [gas-forecast] [] [] [c.g.forecast.common.web.WebLogAspect] [http-nio-8080-exec-8] [INFO] - Request [查看模型训练结果] POST /gas-forecast/model-train-execution/result args={reqDTO={"id":1,"trainCode":"TRAIN-20260918165056-9486","trainName":"测试北京训练","agentCode":"winter-supply","modelId":1,"modelCode":"WINTER_MODEL_V1.0","modelName":"冬季保供模型","regionCode":"REG000005","regionName":"北京","industryCode":"","industryName":"","customerCode":"","customerName":"","trainStartDate":"2015-01-01","trainEndDate":"2026-09-01","trainMode":"RANGE","timeGranularity":"TENDAY","recentPeriods":36,"enabled":1,"remark":"","createdBy":"system","createdByName":"系统","createdAt":"2026-09-18 16:50:57","updatedAt":"2026-09-20 09:23:11"}}
[2026-09-20 11:21:17.220] [gas-forecast] [] [] [c.g.forecast.common.web.WebLogAspect] [http-nio-8080-exec-8] [INFO] - Request [查看模型训练结果] completed in 6 ms
[2026-09-20 11:23:34.907] [gas-forecast] [] [] [c.g.forecast.common.web.WebLogAspect] [http-nio-8080-exec-9] [INFO] - Request [模型列表查询] POST /gas-forecast/model-config/listPage args={reqDTO=ModelConfigPageReqDTO[page=1, size=1000, keyword=null]}
[2026-09-20 11:23:34.920] [gas-forecast] [] [] [c.g.forecast.common.web.WebLogAspect] [http-nio-8080-exec-1] [INFO] - Request [行业列表查询] POST /gas-forecast/base-industry/listPage args={reqDTO=BaseIndustryPageReqDTO[page=1, size=1000, keyword=null]}
[2026-09-20 11:23:34.920] [gas-forecast] [] [] [c.g.forecast.common.web.WebLogAspect] [http-nio-8080-exec-7] [INFO] - Request [客户列表分页查询] POST /gas-forecast/base-customer/listPage args={reqDTO=BaseCustomerPageReqDTO[page=1, size=1000, keyword=null]}
[2026-09-20 11:23:34.920] [gas-forecast] [] [] [c.g.forecast.common.web.WebLogAspect] [http-nio-8080-exec-10] [INFO] - Request [区域列表查询] POST /gas-forecast/base-region/listPage args={reqDTO=BaseRegionPageReqDTO[page=1, size=1000, keyword=null]}
[2026-09-20 11:23:34.926] [gas-forecast] [] [] [c.g.forecast.common.web.WebLogAspect] [http-nio-8080-exec-9] [INFO] - Request [模型列表查询] completed in 19 ms
[2026-09-20 11:23:34.928] [gas-forecast] [] [] [c.g.forecast.common.web.WebLogAspect] [http-nio-8080-exec-1] [INFO] - Request [行业列表查询] completed in 8 ms
[2026-09-20 11:23:34.928] [gas-forecast] [] [] [c.g.forecast.common.web.WebLogAspect] [http-nio-8080-exec-10] [INFO] - Request [区域列表查询] completed in 8 ms
[2026-09-20 11:23:34.929] [gas-forecast] [] [] [c.g.forecast.common.web.WebLogAspect] [http-nio-8080-exec-7] [INFO] - Request [客户列表分页查询] completed in 9 ms
[2026-09-20 11:23:36.831] [gas-forecast] [] [] [c.g.forecast.common.web.WebLogAspect] [http-nio-8080-exec-3] [INFO] - Request [查看模型训练结果] POST /gas-forecast/model-train-execution/result args={reqDTO={"id":1,"trainCode":"TRAIN-20260918165056-9486","trainName":"测试北京训练","agentCode":"winter-supply","modelId":1,"modelCode":"WINTER_MODEL_V1.0","modelName":"冬季保供模型","regionCode":"REG000005","regionName":"北京","industryCode":"","industryName":"","customerCode":"","customerName":"","trainStartDate":"2015-01-01","trainEndDate":"2026-09-01","trainMode":"RANGE","timeGranularity":"TENDAY","recentPeriods":36,"enabled":1,"remark":"","createdBy":"system","createdByName":"系统","createdAt":"2026-09-18 16:50:57","updatedAt":"2026-09-20 09:23:11"}}
[2026-09-20 11:23:36.838] [gas-forecast] [] [] [c.g.forecast.common.web.WebLogAspect] [http-nio-8080-exec-3] [INFO] - Request [查看模型训练结果] completed in 7 ms
[2026-09-20 11:23:56.377] [gas-forecast] [] [] [c.g.forecast.common.web.WebLogAspect] [http-nio-8080-exec-2] [INFO] - Request [查看模型训练结果] POST /gas-forecast/model-train-execution/result args={reqDTO={"id":1,"trainCode":"TRAIN-20260918165056-9486","trainName":"测试北京训练","agentCode":"winter-supply","modelId":1,"modelCode":"WINTER_MODEL_V1.0","modelName":"冬季保供模型","regionCode":"REG000005","regionName":"北京","industryCode":"","industryName":"","customerCode":"","customerName":"","trainStartDate":"2015-01-01","trainEndDate":"2026-09-01","trainMode":"RANGE","timeGranularity":"TENDAY","recentPeriods":36,"enabled":1,"remark":"","createdBy":"system","createdByName":"系统","createdAt":"2026-09-18 16:50:57","updatedAt":"2026-09-20 09:23:11"}}
[2026-09-20 11:23:56.387] [gas-forecast] [] [] [c.g.forecast.common.web.WebLogAspect] [http-nio-8080-exec-2] [INFO] - Request [查看模型训练结果] completed in 10 ms
[2026-09-20 11:24:00.791] [gas-forecast] [] [] [c.g.forecast.common.web.WebLogAspect] [http-nio-8080-exec-4] [INFO] - Request [模型列表查询] POST /gas-forecast/model-config/listPage args={reqDTO=ModelConfigPageReqDTO[page=1, size=1000, keyword=null]}
[2026-09-20 11:24:00.792] [gas-forecast] [] [] [c.g.forecast.common.web.WebLogAspect] [http-nio-8080-exec-9] [INFO] - Request [模型训练配置列表查询] POST /gas-forecast/model-train-config/listPage args={reqDTO=ModelTrainConfigPageReqDTO[page=1, size=10, keyword=null, agentCode=null, timeGranularity=null]}
[2026-09-20 11:24:00.796] [gas-forecast] [] [] [c.g.forecast.common.web.WebLogAspect] [http-nio-8080-exec-5] [INFO] - Request [行业列表查询] POST /gas-forecast/base-industry/listPage args={reqDTO=BaseIndustryPageReqDTO[page=1, size=1000, keyword=null]}
[2026-09-20 11:24:00.796] [gas-forecast] [] [] [c.g.forecast.common.web.WebLogAspect] [http-nio-8080-exec-6] [INFO] - Request [区域列表查询] POST /gas-forecast/base-region/listPage args={reqDTO=BaseRegionPageReqDTO[page=1, size=1000, keyword=null]}
[2026-09-20 11:24:00.797] [gas-forecast] [] [] [c.g.forecast.common.web.WebLogAspect] [http-nio-8080-exec-8] [INFO] - Request [客户列表分页查询] POST /gas-forecast/base-customer/listPage args={reqDTO=BaseCustomerPageReqDTO[page=1, size=1000, keyword=null]}
[2026-09-20 11:24:00.797] [gas-forecast] [] [] [c.g.forecast.common.web.WebLogAspect] [http-nio-8080-exec-9] [INFO] - Request [模型训练配置列表查询] completed in 5 ms
[2026-09-20 11:24:00.801] [gas-forecast] [] [] [c.g.forecast.common.web.WebLogAspect] [http-nio-8080-exec-5] [INFO] - Request [行业列表查询] completed in 5 ms
[2026-09-20 11:24:00.801] [gas-forecast] [] [] [c.g.forecast.common.web.WebLogAspect] [http-nio-8080-exec-6] [INFO] - Request [区域列表查询] completed in 5 ms
[2026-09-20 11:24:00.802] [gas-forecast] [] [] [c.g.forecast.common.web.WebLogAspect] [http-nio-8080-exec-8] [INFO] - Request [客户列表分页查询] completed in 5 ms
[2026-09-20 11:24:00.802] [gas-forecast] [] [] [c.g.forecast.common.web.WebLogAspect] [http-nio-8080-exec-4] [INFO] - Request [模型列表查询] completed in 11 ms
[2026-09-20 11:24:02.872] [gas-forecast] [] [] [c.g.forecast.common.web.WebLogAspect] [http-nio-8080-exec-10] [INFO] - Request [查看模型训练结果] POST /gas-forecast/model-train-execution/result args={reqDTO={"id":1,"trainCode":"TRAIN-20260918165056-9486","trainName":"测试北京训练","agentCode":"winter-supply","modelId":1,"modelCode":"WINTER_MODEL_V1.0","modelName":"冬季保供模型","regionCode":"REG000005","regionName":"北京","industryCode":"","industryName":"","customerCode":"","customerName":"","trainStartDate":"2015-01-01","trainEndDate":"2026-09-01","trainMode":"RANGE","timeGranularity":"TENDAY","recentPeriods":36,"enabled":1,"remark":"","createdBy":"system","createdByName":"系统","createdAt":"2026-09-18 16:50:57","updatedAt":"2026-09-20 09:23:11"}}
[2026-09-20 11:24:02.878] [gas-forecast] [] [] [c.g.forecast.common.web.WebLogAspect] [http-nio-8080-exec-10] [INFO] - Request [查看模型训练结果] completed in 6 ms
[2026-09-20 11:28:58.886] [gas-forecast] [] [] [c.g.forecast.common.web.WebLogAspect] [http-nio-8080-exec-1] [INFO] - Request [模型列表查询] POST /gas-forecast/model-config/listPage args={reqDTO=ModelConfigPageReqDTO[page=1, size=1000, keyword=null]}
[2026-09-20 11:28:58.887] [gas-forecast] [] [] [c.g.forecast.common.web.WebLogAspect] [http-nio-8080-exec-9] [INFO] - Request [模型训练配置列表查询] POST /gas-forecast/model-train-config/listPage args={reqDTO=ModelTrainConfigPageReqDTO[page=1, size=10, keyword=null, agentCode=null, timeGranularity=null]}
[2026-09-20 11:28:58.907] [gas-forecast] [] [] [c.g.forecast.common.web.WebLogAspect] [http-nio-8080-exec-7] [INFO] - Request [区域列表查询] POST /gas-forecast/base-region/listPage args={reqDTO=BaseRegionPageReqDTO[page=1, size=1000, keyword=null]}
[2026-09-20 11:28:58.907] [gas-forecast] [] [] [c.g.forecast.common.web.WebLogAspect] [http-nio-8080-exec-2] [INFO] - Request [客户列表分页查询] POST /gas-forecast/base-customer/listPage args={reqDTO=BaseCustomerPageReqDTO[page=1, size=1000, keyword=null]}
[2026-09-20 11:28:58.907] [gas-forecast] [] [] [c.g.forecast.common.web.WebLogAspect] [http-nio-8080-exec-3] [INFO] - Request [行业列表查询] POST /gas-forecast/base-industry/listPage args={reqDTO=BaseIndustryPageReqDTO[page=1, size=1000, keyword=null]}
[2026-09-20 11:28:58.911] [gas-forecast] [] [] [c.g.forecast.common.web.WebLogAspect] [http-nio-8080-exec-9] [INFO] - Request [模型训练配置列表查询] completed in 24 ms
[2026-09-20 11:28:58.915] [gas-forecast] [] [] [c.g.forecast.common.web.WebLogAspect] [http-nio-8080-exec-7] [INFO] - Request [区域列表查询] completed in 8 ms
[2026-09-20 11:28:58.915] [gas-forecast] [] [] [c.g.forecast.common.web.WebLogAspect] [http-nio-8080-exec-3] [INFO] - Request [行业列表查询] completed in 8 ms
[2026-09-20 11:28:58.916] [gas-forecast] [] [] [c.g.forecast.common.web.WebLogAspect] [http-nio-8080-exec-2] [INFO] - Request [客户列表分页查询] completed in 9 ms
[2026-09-20 11:28:58.919] [gas-forecast] [] [] [c.g.forecast.common.web.WebLogAspect] [http-nio-8080-exec-1] [INFO] - Request [模型列表查询] completed in 33 ms
[2026-09-20 11:29:03.501] [gas-forecast] [] [] [c.g.forecast.common.web.WebLogAspect] [http-nio-8080-exec-5] [INFO] - Request [查看模型训练结果] POST /gas-forecast/model-train-execution/result args={reqDTO={"id":1,"trainCode":"TRAIN-20260918165056-9486","trainName":"测试北京训练","agentCode":"winter-supply","modelId":1,"modelCode":"WINTER_MODEL_V1.0","modelName":"冬季保供模型","regionCode":"REG000005","regionName":"北京","industryCode":"","industryName":"","customerCode":"","customerName":"","trainStartDate":"2015-01-01","trainEndDate":"2026-09-01","trainMode":"RANGE","timeGranularity":"TENDAY","recentPeriods":36,"enabled":1,"remark":"","createdBy":"system","createdByName":"系统","createdAt":"2026-09-18 16:50:57","updatedAt":"2026-09-20 09:23:11"}}
[2026-09-20 11:29:03.507] [gas-forecast] [] [] [c.g.forecast.common.web.WebLogAspect] [http-nio-8080-exec-5] [INFO] - Request [查看模型训练结果] completed in 6 ms
[2026-09-20 11:29:40.162] [gas-forecast] [] [] [c.g.forecast.common.web.WebLogAspect] [http-nio-8080-exec-6] [INFO] - Request [模型列表查询] POST /gas-forecast/model-config/listPage args={reqDTO=ModelConfigPageReqDTO[page=1, size=1000, keyword=null]}
[2026-09-20 11:29:40.163] [gas-forecast] [] [] [c.g.forecast.common.web.WebLogAspect] [http-nio-8080-exec-10] [INFO] - Request [模型训练配置列表查询] POST /gas-forecast/model-train-config/listPage args={reqDTO=ModelTrainConfigPageReqDTO[page=1, size=10, keyword=null, agentCode=null, timeGranularity=null]}
[2026-09-20 11:29:40.167] [gas-forecast] [] [] [c.g.forecast.common.web.WebLogAspect] [http-nio-8080-exec-9] [INFO] - Request [行业列表查询] POST /gas-forecast/base-industry/listPage args={reqDTO=BaseIndustryPageReqDTO[page=1, size=1000, keyword=null]}
[2026-09-20 11:29:40.167] [gas-forecast] [] [] [c.g.forecast.common.web.WebLogAspect] [http-nio-8080-exec-4] [INFO] - Request [区域列表查询] POST /gas-forecast/base-region/listPage args={reqDTO=BaseRegionPageReqDTO[page=1, size=1000, keyword=null]}
[2026-09-20 11:29:40.167] [gas-forecast] [] [] [c.g.forecast.common.web.WebLogAspect] [http-nio-8080-exec-8] [INFO] - Request [客户列表分页查询] POST /gas-forecast/base-customer/listPage args={reqDTO=BaseCustomerPageReqDTO[page=1, size=1000, keyword=null]}
[2026-09-20 11:29:40.171] [gas-forecast] [] [] [c.g.forecast.common.web.WebLogAspect] [http-nio-8080-exec-10] [INFO] - Request [模型训练配置列表查询] completed in 8 ms
[2026-09-20 11:29:40.171] [gas-forecast] [] [] [c.g.forecast.common.web.WebLogAspect] [http-nio-8080-exec-9] [INFO] - Request [行业列表查询] completed in 4 ms
[2026-09-20 11:29:40.172] [gas-forecast] [] [] [c.g.forecast.common.web.WebLogAspect] [http-nio-8080-exec-4] [INFO] - Request [区域列表查询] completed in 5 ms
[2026-09-20 11:29:40.174] [gas-forecast] [] [] [c.g.forecast.common.web.WebLogAspect] [http-nio-8080-exec-6] [INFO] - Request [模型列表查询] completed in 12 ms
[2026-09-20 11:29:40.174] [gas-forecast] [] [] [c.g.forecast.common.web.WebLogAspect] [http-nio-8080-exec-8] [INFO] - Request [客户列表分页查询] completed in 7 ms
[2026-09-20 11:30:28.776] [gas-forecast] [] [] [c.g.forecast.common.web.WebLogAspect] [http-nio-8080-exec-7] [INFO] - Request [查看模型训练结果] POST /gas-forecast/model-train-execution/result args={reqDTO={"id":1,"trainCode":"TRAIN-20260918165056-9486","trainName":"测试北京训练","agentCode":"winter-supply","modelId":1,"modelCode":"WINTER_MODEL_V1.0","modelName":"冬季保供模型","regionCode":"REG000005","regionName":"北京","industryCode":"","industryName":"","customerCode":"","customerName":"","trainStartDate":"2015-01-01","trainEndDate":"2026-09-01","trainMode":"RANGE","timeGranularity":"TENDAY","recentPeriods":36,"enabled":1,"remark":"","createdBy":"system","createdByName":"系统","createdAt":"2026-09-18 16:50:57","updatedAt":"2026-09-20 09:23:11"}}
[2026-09-20 11:30:28.799] [gas-forecast] [] [] [c.g.forecast.common.web.WebLogAspect] [http-nio-8080-exec-7] [INFO] - Request [查看模型训练结果] completed in 23 ms
[2026-09-20 12:00:23.119] [gas-forecast] [] [] [c.g.forecast.common.web.WebLogAspect] [http-nio-8080-exec-3] [INFO] - Request [获取当前登录用户权限] GET /gas-forecast/auth/permissions args={}
[2026-09-20 12:00:23.136] [gas-forecast] [] [] [c.g.forecast.common.web.WebLogAspect] [http-nio-8080-exec-3] [INFO] - Request [获取当前登录用户权限] completed in 17 ms
[2026-09-20 12:00:23.238] [gas-forecast] [] [] [c.g.forecast.common.web.WebLogAspect] [http-nio-8080-exec-2] [INFO] - Request [模型列表查询] POST /gas-forecast/model-config/listPage args={reqDTO=ModelConfigPageReqDTO[page=1, size=1000, keyword=null]}
[2026-09-20 12:00:23.238] [gas-forecast] [] [] [c.g.forecast.common.web.WebLogAspect] [http-nio-8080-exec-10] [INFO] - Request [模型训练配置列表查询] POST /gas-forecast/model-train-config/listPage args={reqDTO=ModelTrainConfigPageReqDTO[page=1, size=10, keyword=null, agentCode=null, timeGranularity=null]}
[2026-09-20 12:00:23.242] [gas-forecast] [] [] [c.g.forecast.common.web.WebLogAspect] [http-nio-8080-exec-9] [INFO] - Request [行业列表查询] POST /gas-forecast/base-industry/listPage args={reqDTO=BaseIndustryPageReqDTO[page=1, size=1000, keyword=null]}
[2026-09-20 12:00:23.242] [gas-forecast] [] [] [c.g.forecast.common.web.WebLogAspect] [http-nio-8080-exec-1] [INFO] - Request [区域列表查询] POST /gas-forecast/base-region/listPage args={reqDTO=BaseRegionPageReqDTO[page=1, size=1000, keyword=null]}
[2026-09-20 12:00:23.253] [gas-forecast] [] [] [c.g.forecast.common.web.WebLogAspect] [http-nio-8080-exec-5] [INFO] - Request [客户列表分页查询] POST /gas-forecast/base-customer/listPage args={reqDTO=BaseCustomerPageReqDTO[page=1, size=1000, keyword=null]}
[2026-09-20 12:00:23.255] [gas-forecast] [] [] [c.g.forecast.common.web.WebLogAspect] [http-nio-8080-exec-10] [INFO] - Request [模型训练配置列表查询] completed in 17 ms
[2026-09-20 12:00:23.255] [gas-forecast] [] [] [c.g.forecast.common.web.WebLogAspect] [http-nio-8080-exec-1] [INFO] - Request [区域列表查询] completed in 13 ms
[2026-09-20 12:00:23.255] [gas-forecast] [] [] [c.g.forecast.common.web.WebLogAspect] [http-nio-8080-exec-9] [INFO] - Request [行业列表查询] completed in 13 ms
[2026-09-20 12:00:23.259] [gas-forecast] [] [] [c.g.forecast.common.web.WebLogAspect] [http-nio-8080-exec-5] [INFO] - Request [客户列表分页查询] completed in 6 ms
[2026-09-20 12:00:23.262] [gas-forecast] [] [] [c.g.forecast.common.web.WebLogAspect] [http-nio-8080-exec-2] [INFO] - Request [模型列表查询] completed in 24 ms
[2026-09-20 12:14:51.744] [gas-forecast] [] [] [c.g.forecast.common.web.WebLogAspect] [http-nio-8080-exec-4] [INFO] - Request [获取当前登录用户权限] GET /gas-forecast/auth/permissions args={}
[2026-09-20 12:14:51.766] [gas-forecast] [] [] [c.g.forecast.common.web.WebLogAspect] [http-nio-8080-exec-4] [INFO] - Request [获取当前登录用户权限] completed in 22 ms
[2026-09-20 12:14:51.850] [gas-forecast] [] [] [c.g.forecast.common.web.WebLogAspect] [http-nio-8080-exec-6] [INFO] - Request [模型列表查询] POST /gas-forecast/model-config/listPage args={reqDTO=ModelConfigPageReqDTO[page=1, size=1000, keyword=null]}
[2026-09-20 12:14:51.850] [gas-forecast] [] [] [c.g.forecast.common.web.WebLogAspect] [http-nio-8080-exec-10] [INFO] - Request [模型训练配置列表查询] POST /gas-forecast/model-train-config/listPage args={reqDTO=ModelTrainConfigPageReqDTO[page=1, size=10, keyword=null, agentCode=null, timeGranularity=null]}
[2026-09-20 12:14:51.853] [gas-forecast] [] [] [c.g.forecast.common.web.WebLogAspect] [http-nio-8080-exec-3] [INFO] - Request [行业列表查询] POST /gas-forecast/base-industry/listPage args={reqDTO=BaseIndustryPageReqDTO[page=1, size=1000, keyword=null]}
[2026-09-20 12:14:51.853] [gas-forecast] [] [] [c.g.forecast.common.web.WebLogAspect] [http-nio-8080-exec-8] [INFO] - Request [区域列表查询] POST /gas-forecast/base-region/listPage args={reqDTO=BaseRegionPageReqDTO[page=1, size=1000, keyword=null]}
[2026-09-20 12:14:51.854] [gas-forecast] [] [] [c.g.forecast.common.web.WebLogAspect] [http-nio-8080-exec-7] [INFO] - Request [客户列表分页查询] POST /gas-forecast/base-customer/listPage args={reqDTO=BaseCustomerPageReqDTO[page=1, size=1000, keyword=null]}
[2026-09-20 12:14:51.856] [gas-forecast] [] [] [c.g.forecast.common.web.WebLogAspect] [http-nio-8080-exec-10] [INFO] - Request [模型训练配置列表查询] completed in 6 ms
[2026-09-20 12:14:51.863] [gas-forecast] [] [] [c.g.forecast.common.web.WebLogAspect] [http-nio-8080-exec-8] [INFO] - Request [区域列表查询] completed in 10 ms
[2026-09-20 12:14:51.863] [gas-forecast] [] [] [c.g.forecast.common.web.WebLogAspect] [http-nio-8080-exec-3] [INFO] - Request [行业列表查询] completed in 10 ms
[2026-09-20 12:14:51.864] [gas-forecast] [] [] [c.g.forecast.common.web.WebLogAspect] [http-nio-8080-exec-7] [INFO] - Request [客户列表分页查询] completed in 10 ms
[2026-09-20 12:14:51.873] [gas-forecast] [] [] [c.g.forecast.common.web.WebLogAspect] [http-nio-8080-exec-6] [INFO] - Request [模型列表查询] completed in 23 ms
[2026-09-20 12:33:47.809] [gas-forecast] [] [] [c.g.forecast.common.web.WebLogAspect] [http-nio-8080-exec-1] [INFO] - Request [获取当前登录用户权限] GET /gas-forecast/auth/permissions args={}
[2026-09-20 12:33:47.828] [gas-forecast] [] [] [c.g.forecast.common.web.WebLogAspect] [http-nio-8080-exec-1] [INFO] - Request [获取当前登录用户权限] completed in 19 ms
[2026-09-20 12:33:47.904] [gas-forecast] [] [] [c.g.forecast.common.web.WebLogAspect] [http-nio-8080-exec-9] [INFO] - Request [模型列表查询] POST /gas-forecast/model-config/listPage args={reqDTO=ModelConfigPageReqDTO[page=1, size=1000, keyword=null]}
[2026-09-20 12:33:47.905] [gas-forecast] [] [] [c.g.forecast.common.web.WebLogAspect] [http-nio-8080-exec-10] [INFO] - Request [模型训练配置列表查询] POST /gas-forecast/model-train-config/listPage args={reqDTO=ModelTrainConfigPageReqDTO[page=1, size=10, keyword=null, agentCode=null, timeGranularity=null]}
[2026-09-20 12:33:47.907] [gas-forecast] [] [] [c.g.forecast.common.web.WebLogAspect] [http-nio-8080-exec-5] [INFO] - Request [行业列表查询] POST /gas-forecast/base-industry/listPage args={reqDTO=BaseIndustryPageReqDTO[page=1, size=1000, keyword=null]}
[2026-09-20 12:33:47.907] [gas-forecast] [] [] [c.g.forecast.common.web.WebLogAspect] [http-nio-8080-exec-4] [INFO] - Request [客户列表分页查询] POST /gas-forecast/base-customer/listPage args={reqDTO=BaseCustomerPageReqDTO[page=1, size=1000, keyword=null]}
[2026-09-20 12:33:47.908] [gas-forecast] [] [] [c.g.forecast.common.web.WebLogAspect] [http-nio-8080-exec-2] [INFO] - Request [区域列表查询] POST /gas-forecast/base-region/listPage args={reqDTO=BaseRegionPageReqDTO[page=1, size=1000, keyword=null]}
[2026-09-20 12:33:47.910] [gas-forecast] [] [] [c.g.forecast.common.web.WebLogAspect] [http-nio-8080-exec-10] [INFO] - Request [模型训练配置列表查询] completed in 5 ms
[2026-09-20 12:33:47.910] [gas-forecast] [] [] [c.g.forecast.common.web.WebLogAspect] [http-nio-8080-exec-5] [INFO] - Request [行业列表查询] completed in 3 ms
[2026-09-20 12:33:47.911] [gas-forecast] [] [] [c.g.forecast.common.web.WebLogAspect] [http-nio-8080-exec-2] [INFO] - Request [区域列表查询] completed in 3 ms
[2026-09-20 12:33:47.911] [gas-forecast] [] [] [c.g.forecast.common.web.WebLogAspect] [http-nio-8080-exec-4] [INFO] - Request [客户列表分页查询] completed in 4 ms
[2026-09-20 12:33:47.913] [gas-forecast] [] [] [c.g.forecast.common.web.WebLogAspect] [http-nio-8080-exec-9] [INFO] - Request [模型列表查询] completed in 9 ms
[2026-09-20 12:52:36.930] [gas-forecast] [] [] [c.g.forecast.common.web.WebLogAspect] [http-nio-8080-exec-8] [INFO] - Request [获取当前登录用户权限] GET /gas-forecast/auth/permissions args={}
[2026-09-20 12:52:36.937] [gas-forecast] [] [] [c.g.forecast.common.web.WebLogAspect] [http-nio-8080-exec-8] [INFO] - Request [获取当前登录用户权限] completed in 7 ms
[2026-09-20 12:52:37.056] [gas-forecast] [] [] [c.g.forecast.common.web.WebLogAspect] [http-nio-8080-exec-3] [INFO] - Request [模型列表查询] POST /gas-forecast/model-config/listPage args={reqDTO=ModelConfigPageReqDTO[page=1, size=1000, keyword=null]}
[2026-09-20 12:52:37.059] [gas-forecast] [] [] [c.g.forecast.common.web.WebLogAspect] [http-nio-8080-exec-5] [INFO] - Request [模型训练配置列表查询] POST /gas-forecast/model-train-config/listPage args={reqDTO=ModelTrainConfigPageReqDTO[page=1, size=10, keyword=null, agentCode=null, timeGranularity=null]}
[2026-09-20 12:52:37.067] [gas-forecast] [] [] [c.g.forecast.common.web.WebLogAspect] [http-nio-8080-exec-6] [INFO] - Request [客户列表分页查询] POST /gas-forecast/base-customer/listPage args={reqDTO=BaseCustomerPageReqDTO[page=1, size=1000, keyword=null]}
[2026-09-20 12:52:37.067] [gas-forecast] [] [] [c.g.forecast.common.web.WebLogAspect] [http-nio-8080-exec-1] [INFO] - Request [行业列表查询] POST /gas-forecast/base-industry/listPage args={reqDTO=BaseIndustryPageReqDTO[page=1, size=1000, keyword=null]}
[2026-09-20 12:52:37.067] [gas-forecast] [] [] [c.g.forecast.common.web.WebLogAspect] [http-nio-8080-exec-5] [INFO] - Request [模型训练配置列表查询] completed in 8 ms
[2026-09-20 12:52:37.067] [gas-forecast] [] [] [c.g.forecast.common.web.WebLogAspect] [http-nio-8080-exec-7] [INFO] - Request [区域列表查询] POST /gas-forecast/base-region/listPage args={reqDTO=BaseRegionPageReqDTO[page=1, size=1000, keyword=null]}
[2026-09-20 12:52:37.070] [gas-forecast] [] [] [c.g.forecast.common.web.WebLogAspect] [http-nio-8080-exec-3] [INFO] - Request [模型列表查询] completed in 14 ms
[2026-09-20 12:52:37.071] [gas-forecast] [] [] [c.g.forecast.common.web.WebLogAspect] [http-nio-8080-exec-1] [INFO] - Request [行业列表查询] completed in 4 ms
[2026-09-20 12:52:37.072] [gas-forecast] [] [] [c.g.forecast.common.web.WebLogAspect] [http-nio-8080-exec-6] [INFO] - Request [客户列表分页查询] completed in 5 ms
[2026-09-20 12:52:37.072] [gas-forecast] [] [] [c.g.forecast.common.web.WebLogAspect] [http-nio-8080-exec-7] [INFO] - Request [区域列表查询] completed in 5 ms
[2026-09-20 13:02:39.005] [gas-forecast] [] [] [c.g.forecast.common.web.WebLogAspect] [http-nio-8080-exec-10] [INFO] - Request [查看模型训练结果] POST /gas-forecast/model-train-execution/result args={reqDTO={"id":1,"trainCode":"TRAIN-20260918165056-9486","trainName":"测试北京训练","agentCode":"winter-supply","modelId":1,"modelCode":"WINTER_MODEL_V1.0","modelName":"冬季保供模型","regionCode":"REG000005","regionName":"北京","industryCode":"","industryName":"","customerCode":"","customerName":"","trainStartDate":"2015-01-01","trainEndDate":"2026-09-01","trainMode":"RANGE","timeGranularity":"TENDAY","recentPeriods":36,"enabled":1,"remark":"","createdBy":"system","createdByName":"系统","createdAt":"2026-09-18 16:50:57","updatedAt":"2026-09-20 09:23:11"}}
[2026-09-20 13:02:39.020] [gas-forecast] [] [] [c.g.forecast.common.web.WebLogAspect] [http-nio-8080-exec-10] [INFO] - Request [查看模型训练结果] completed in 15 ms
[2026-09-20 13:03:34.471] [gas-forecast] [] [] [c.g.forecast.common.web.WebLogAspect] [http-nio-8080-exec-2] [INFO] - Request [获取当前登录用户权限] GET /gas-forecast/auth/permissions args={}
[2026-09-20 13:03:34.496] [gas-forecast] [] [] [c.g.forecast.common.web.WebLogAspect] [http-nio-8080-exec-2] [INFO] - Request [获取当前登录用户权限] completed in 25 ms
[2026-09-20 13:03:34.531] [gas-forecast] [] [] [c.g.forecast.common.web.WebLogAspect] [http-nio-8080-exec-5] [INFO] - Request [模型训练配置列表查询] POST /gas-forecast/model-train-config/listPage args={reqDTO=ModelTrainConfigPageReqDTO[page=1, size=10, keyword=null, agentCode=null, timeGranularity=null]}
[2026-09-20 13:03:34.531] [gas-forecast] [] [] [c.g.forecast.common.web.WebLogAspect] [http-nio-8080-exec-4] [INFO] - Request [模型列表查询] POST /gas-forecast/model-config/listPage args={reqDTO=ModelConfigPageReqDTO[page=1, size=1000, keyword=null]}
[2026-09-20 13:03:34.535] [gas-forecast] [] [] [c.g.forecast.common.web.WebLogAspect] [http-nio-8080-exec-3] [INFO] - Request [客户列表分页查询] POST /gas-forecast/base-customer/listPage args={reqDTO=BaseCustomerPageReqDTO[page=1, size=1000, keyword=null]}
[2026-09-20 13:03:34.535] [gas-forecast] [] [] [c.g.forecast.common.web.WebLogAspect] [http-nio-8080-exec-8] [INFO] - Request [区域列表查询] POST /gas-forecast/base-region/listPage args={reqDTO=BaseRegionPageReqDTO[page=1, size=1000, keyword=null]}
[2026-09-20 13:03:34.536] [gas-forecast] [] [] [c.g.forecast.common.web.WebLogAspect] [http-nio-8080-exec-9] [INFO] - Request [行业列表查询] POST /gas-forecast/base-industry/listPage args={reqDTO=BaseIndustryPageReqDTO[page=1, size=1000, keyword=null]}
[2026-09-20 13:03:34.537] [gas-forecast] [] [] [c.g.forecast.common.web.WebLogAspect] [http-nio-8080-exec-5] [INFO] - Request [模型训练配置列表查询] completed in 6 ms
[2026-09-20 13:03:34.540] [gas-forecast] [] [] [c.g.forecast.common.web.WebLogAspect] [http-nio-8080-exec-9] [INFO] - Request [行业列表查询] completed in 4 ms
[2026-09-20 13:03:34.540] [gas-forecast] [] [] [c.g.forecast.common.web.WebLogAspect] [http-nio-8080-exec-8] [INFO] - Request [区域列表查询] completed in 5 ms
[2026-09-20 13:03:34.540] [gas-forecast] [] [] [c.g.forecast.common.web.WebLogAspect] [http-nio-8080-exec-3] [INFO] - Request [客户列表分页查询] completed in 5 ms
[2026-09-20 13:03:34.546] [gas-forecast] [] [] [c.g.forecast.common.web.WebLogAspect] [http-nio-8080-exec-4] [INFO] - Request [模型列表查询] completed in 15 ms
[2026-09-20 13:03:36.467] [gas-forecast] [] [] [c.g.forecast.common.web.WebLogAspect] [http-nio-8080-exec-1] [INFO] - Request [查看模型训练结果] POST /gas-forecast/model-train-execution/result args={reqDTO={"id":1,"trainCode":"TRAIN-20260918165056-9486","trainName":"测试北京训练","agentCode":"winter-supply","modelId":1,"modelCode":"WINTER_MODEL_V1.0","modelName":"冬季保供模型","regionCode":"REG000005","regionName":"北京","industryCode":"","industryName":"","customerCode":"","customerName":"","trainStartDate":"2015-01-01","trainEndDate":"2026-09-01","trainMode":"RANGE","timeGranularity":"TENDAY","recentPeriods":36,"enabled":1,"remark":"","createdBy":"system","createdByName":"系统","createdAt":"2026-09-18 16:50:57","updatedAt":"2026-09-20 09:23:11"}}
[2026-09-20 13:03:36.473] [gas-forecast] [] [] [c.g.forecast.common.web.WebLogAspect] [http-nio-8080-exec-1] [INFO] - Request [查看模型训练结果] completed in 6 ms
[2026-09-20 13:04:40.510] [gas-forecast] [] [] [c.g.forecast.common.web.WebLogAspect] [http-nio-8080-exec-5] [INFO] - Request [模型训练配置列表查询] POST /gas-forecast/model-train-config/listPage args={reqDTO=ModelTrainConfigPageReqDTO[page=1, size=10, keyword=null, agentCode=null, timeGranularity=null]}
[2026-09-20 13:04:40.510] [gas-forecast] [] [] [c.g.forecast.common.web.WebLogAspect] [http-nio-8080-exec-7] [INFO] - Request [模型列表查询] POST /gas-forecast/model-config/listPage args={reqDTO=ModelConfigPageReqDTO[page=1, size=1000, keyword=null]}
[2026-09-20 13:04:40.514] [gas-forecast] [] [] [c.g.forecast.common.web.WebLogAspect] [http-nio-8080-exec-6] [INFO] - Request [区域列表查询] POST /gas-forecast/base-region/listPage args={reqDTO=BaseRegionPageReqDTO[page=1, size=1000, keyword=null]}
[2026-09-20 13:04:40.514] [gas-forecast] [] [] [c.g.forecast.common.web.WebLogAspect] [http-nio-8080-exec-10] [INFO] - Request [行业列表查询] POST /gas-forecast/base-industry/listPage args={reqDTO=BaseIndustryPageReqDTO[page=1, size=1000, keyword=null]}
[2026-09-20 13:04:40.514] [gas-forecast] [] [] [c.g.forecast.common.web.WebLogAspect] [http-nio-8080-exec-2] [INFO] - Request [客户列表分页查询] POST /gas-forecast/base-customer/listPage args={reqDTO=BaseCustomerPageReqDTO[page=1, size=1000, keyword=null]}
[2026-09-20 13:04:40.519] [gas-forecast] [] [] [c.g.forecast.common.web.WebLogAspect] [http-nio-8080-exec-6] [INFO] - Request [区域列表查询] completed in 5 ms
[2026-09-20 13:04:40.519] [gas-forecast] [] [] [c.g.forecast.common.web.WebLogAspect] [http-nio-8080-exec-5] [INFO] - Request [模型训练配置列表查询] completed in 9 ms
[2026-09-20 13:04:40.519] [gas-forecast] [] [] [c.g.forecast.common.web.WebLogAspect] [http-nio-8080-exec-10] [INFO] - Request [行业列表查询] completed in 5 ms
[2026-09-20 13:04:40.520] [gas-forecast] [] [] [c.g.forecast.common.web.WebLogAspect] [http-nio-8080-exec-2] [INFO] - Request [客户列表分页查询] completed in 6 ms
[2026-09-20 13:04:40.521] [gas-forecast] [] [] [c.g.forecast.common.web.WebLogAspect] [http-nio-8080-exec-7] [INFO] - Request [模型列表查询] completed in 12 ms
[2026-09-20 13:05:26.065] [gas-forecast] [] [] [c.g.forecast.common.web.WebLogAspect] [http-nio-8080-exec-8] [INFO] - Request [获取当前登录用户权限] GET /gas-forecast/auth/permissions args={}
[2026-09-20 13:05:26.078] [gas-forecast] [] [] [c.g.forecast.common.web.WebLogAspect] [http-nio-8080-exec-8] [INFO] - Request [获取当前登录用户权限] completed in 13 ms
[2026-09-20 13:05:26.114] [gas-forecast] [] [] [c.g.forecast.common.web.WebLogAspect] [http-nio-8080-exec-9] [INFO] - Request [模型列表查询] POST /gas-forecast/model-config/listPage args={reqDTO=ModelConfigPageReqDTO[page=1, size=1000, keyword=null]}
[2026-09-20 13:05:26.115] [gas-forecast] [] [] [c.g.forecast.common.web.WebLogAspect] [http-nio-8080-exec-6] [INFO] - Request [模型训练配置列表查询] POST /gas-forecast/model-train-config/listPage args={reqDTO=ModelTrainConfigPageReqDTO[page=1, size=10, keyword=null, agentCode=null, timeGranularity=null]}
[2026-09-20 13:05:26.118] [gas-forecast] [] [] [c.g.forecast.common.web.WebLogAspect] [http-nio-8080-exec-4] [INFO] - Request [区域列表查询] POST /gas-forecast/base-region/listPage args={reqDTO=BaseRegionPageReqDTO[page=1, size=1000, keyword=null]}
[2026-09-20 13:05:26.118] [gas-forecast] [] [] [c.g.forecast.common.web.WebLogAspect] [http-nio-8080-exec-1] [INFO] - Request [客户列表分页查询] POST /gas-forecast/base-customer/listPage args={reqDTO=BaseCustomerPageReqDTO[page=1, size=1000, keyword=null]}
[2026-09-20 13:05:26.118] [gas-forecast] [] [] [c.g.forecast.common.web.WebLogAspect] [http-nio-8080-exec-3] [INFO] - Request [行业列表查询] POST /gas-forecast/base-industry/listPage args={reqDTO=BaseIndustryPageReqDTO[page=1, size=1000, keyword=null]}
[2026-09-20 13:05:26.119] [gas-forecast] [] [] [c.g.forecast.common.web.WebLogAspect] [http-nio-8080-exec-6] [INFO] - Request [模型训练配置列表查询] completed in 4 ms
[2026-09-20 13:05:26.124] [gas-forecast] [] [] [c.g.forecast.common.web.WebLogAspect] [http-nio-8080-exec-3] [INFO] - Request [行业列表查询] completed in 6 ms
[2026-09-20 13:05:26.124] [gas-forecast] [] [] [c.g.forecast.common.web.WebLogAspect] [http-nio-8080-exec-4] [INFO] - Request [区域列表查询] completed in 6 ms
[2026-09-20 13:05:26.125] [gas-forecast] [] [] [c.g.forecast.common.web.WebLogAspect] [http-nio-8080-exec-1] [INFO] - Request [客户列表分页查询] completed in 7 ms
[2026-09-20 13:05:26.126] [gas-forecast] [] [] [c.g.forecast.common.web.WebLogAspect] [http-nio-8080-exec-9] [INFO] - Request [模型列表查询] completed in 12 ms
[2026-09-20 13:05:27.372] [gas-forecast] [] [] [c.g.forecast.common.web.WebLogAspect] [http-nio-8080-exec-5] [INFO] - Request [查看模型训练结果] POST /gas-forecast/model-train-execution/result args={reqDTO={"id":1,"trainCode":"TRAIN-20260918165056-9486","trainName":"测试北京训练","agentCode":"winter-supply","modelId":1,"modelCode":"WINTER_MODEL_V1.0","modelName":"冬季保供模型","regionCode":"REG000005","regionName":"北京","industryCode":"","industryName":"","customerCode":"","customerName":"","trainStartDate":"2015-01-01","trainEndDate":"2026-09-01","trainMode":"RANGE","timeGranularity":"TENDAY","recentPeriods":36,"enabled":1,"remark":"","createdBy":"system","createdByName":"系统","createdAt":"2026-09-18 16:50:57","updatedAt":"2026-09-20 09:23:11"}}
[2026-09-20 13:05:27.377] [gas-forecast] [] [] [c.g.forecast.common.web.WebLogAspect] [http-nio-8080-exec-5] [INFO] - Request [查看模型训练结果] completed in 5 ms
[2026-09-20 13:06:01.557] [gas-forecast] [] [] [c.g.forecast.common.web.WebLogAspect] [http-nio-8080-exec-10] [INFO] - Request [特征定义列表查询] POST /gas-forecast/model-feature-definition/listPage args={reqDTO=ModelFeatureDefinitionPageReqDTO[page=1, size=10, keyword=null, timeGranularity=null]}
[2026-09-20 13:06:01.564] [gas-forecast] [] [] [c.g.forecast.common.web.WebLogAspect] [http-nio-8080-exec-10] [INFO] - Request [特征定义列表查询] completed in 8 ms
[2026-09-20 13:06:02.057] [gas-forecast] [] [] [c.g.forecast.common.web.WebLogAspect] [http-nio-8080-exec-7] [INFO] - Request [训练特征数据列表查询] POST /gas-forecast/model-train-feature-data/listPage args={reqDTO=ModelTrainFeatureDataPageReqDTO[page=1, size=10, keyword=null, timeGranularity=null, statDate=null, regionCode=null, industryCode=null, customerCode=null, statDateStart=null, statDateEnd=null, sortField=null, sortOrder=null]}
[2026-09-20 13:06:02.098] [gas-forecast] [] [] [c.g.forecast.common.web.WebLogAspect] [http-nio-8080-exec-7] [INFO] - Request [训练特征数据列表查询] completed in 42 ms
[2026-09-20 13:06:04.075] [gas-forecast] [] [] [c.g.forecast.common.web.WebLogAspect] [http-nio-8080-exec-2] [INFO] - Request [特征定义列表查询] POST /gas-forecast/model-feature-definition/listPage args={reqDTO=ModelFeatureDefinitionPageReqDTO[page=1, size=10, keyword=null, timeGranularity=null]}
[2026-09-20 13:06:04.079] [gas-forecast] [] [] [c.g.forecast.common.web.WebLogAspect] [http-nio-8080-exec-2] [INFO] - Request [特征定义列表查询] completed in 4 ms
[2026-09-20 13:06:04.571] [gas-forecast] [] [] [c.g.forecast.common.web.WebLogAspect] [http-nio-8080-exec-6] [INFO] - Request [模型列表查询] POST /gas-forecast/model-config/listPage args={reqDTO=ModelConfigPageReqDTO[page=1, size=1000, keyword=null]}
[2026-09-20 13:06:04.571] [gas-forecast] [] [] [c.g.forecast.common.web.WebLogAspect] [http-nio-8080-exec-4] [INFO] - Request [模型训练配置列表查询] POST /gas-forecast/model-train-config/listPage args={reqDTO=ModelTrainConfigPageReqDTO[page=1, size=10, keyword=null, agentCode=null, timeGranularity=null]}
[2026-09-20 13:06:04.574] [gas-forecast] [] [] [c.g.forecast.common.web.WebLogAspect] [http-nio-8080-exec-3] [INFO] - Request [行业列表查询] POST /gas-forecast/base-industry/listPage args={reqDTO=BaseIndustryPageReqDTO[page=1, size=1000, keyword=null]}
[2026-09-20 13:06:04.574] [gas-forecast] [] [] [c.g.forecast.common.web.WebLogAspect] [http-nio-8080-exec-1] [INFO] - Request [客户列表分页查询] POST /gas-forecast/base-customer/listPage args={reqDTO=BaseCustomerPageReqDTO[page=1, size=1000, keyword=null]}
[2026-09-20 13:06:04.575] [gas-forecast] [] [] [c.g.forecast.common.web.WebLogAspect] [http-nio-8080-exec-8] [INFO] - Request [区域列表查询] POST /gas-forecast/base-region/listPage args={reqDTO=BaseRegionPageReqDTO[page=1, size=1000, keyword=null]}
[2026-09-20 13:06:04.576] [gas-forecast] [] [] [c.g.forecast.common.web.WebLogAspect] [http-nio-8080-exec-4] [INFO] - Request [模型训练配置列表查询] completed in 5 ms
[2026-09-20 13:06:04.577] [gas-forecast] [] [] [c.g.forecast.common.web.WebLogAspect] [http-nio-8080-exec-3] [INFO] - Request [行业列表查询] completed in 3 ms
[2026-09-20 13:06:04.579] [gas-forecast] [] [] [c.g.forecast.common.web.WebLogAspect] [http-nio-8080-exec-8] [INFO] - Request [区域列表查询] completed in 4 ms
[2026-09-20 13:06:04.581] [gas-forecast] [] [] [c.g.forecast.common.web.WebLogAspect] [http-nio-8080-exec-6] [INFO] - Request [模型列表查询] completed in 10 ms
[2026-09-20 13:06:04.581] [gas-forecast] [] [] [c.g.forecast.common.web.WebLogAspect] [http-nio-8080-exec-1] [INFO] - Request [客户列表分页查询] completed in 7 ms
[2026-09-20 13:06:07.225] [gas-forecast] [] [] [c.g.forecast.common.web.WebLogAspect] [http-nio-8080-exec-9] [INFO] - Request [特征定义列表查询] POST /gas-forecast/model-feature-definition/listPage args={reqDTO=ModelFeatureDefinitionPageReqDTO[page=1, size=10, keyword=null, timeGranularity=null]}
[2026-09-20 13:06:07.229] [gas-forecast] [] [] [c.g.forecast.common.web.WebLogAspect] [http-nio-8080-exec-9] [INFO] - Request [特征定义列表查询] completed in 4 ms
[2026-09-20 13:06:07.998] [gas-forecast] [] [] [c.g.forecast.common.web.WebLogAspect] [http-nio-8080-exec-5] [INFO] - Request [模型列表查询] POST /gas-forecast/model-config/listPage args={reqDTO=ModelConfigPageReqDTO[page=1, size=1000, keyword=null]}
[2026-09-20 13:06:07.998] [gas-forecast] [] [] [c.g.forecast.common.web.WebLogAspect] [http-nio-8080-exec-2] [INFO] - Request [模型训练配置列表查询] POST /gas-forecast/model-train-config/listPage args={reqDTO=ModelTrainConfigPageReqDTO[page=1, size=10, keyword=null, agentCode=null, timeGranularity=null]}
[2026-09-20 13:06:08.000] [gas-forecast] [] [] [c.g.forecast.common.web.WebLogAspect] [http-nio-8080-exec-4] [INFO] - Request [行业列表查询] POST /gas-forecast/base-industry/listPage args={reqDTO=BaseIndustryPageReqDTO[page=1, size=1000, keyword=null]}
[2026-09-20 13:06:08.001] [gas-forecast] [] [] [c.g.forecast.common.web.WebLogAspect] [http-nio-8080-exec-7] [INFO] - Request [客户列表分页查询] POST /gas-forecast/base-customer/listPage args={reqDTO=BaseCustomerPageReqDTO[page=1, size=1000, keyword=null]}
[2026-09-20 13:06:08.001] [gas-forecast] [] [] [c.g.forecast.common.web.WebLogAspect] [http-nio-8080-exec-10] [INFO] - Request [区域列表查询] POST /gas-forecast/base-region/listPage args={reqDTO=BaseRegionPageReqDTO[page=1, size=1000, keyword=null]}
[2026-09-20 13:06:08.002] [gas-forecast] [] [] [c.g.forecast.common.web.WebLogAspect] [http-nio-8080-exec-2] [INFO] - Request [模型训练配置列表查询] completed in 4 ms
[2026-09-20 13:06:08.004] [gas-forecast] [] [] [c.g.forecast.common.web.WebLogAspect] [http-nio-8080-exec-10] [INFO] - Request [区域列表查询] completed in 3 ms
[2026-09-20 13:06:08.004] [gas-forecast] [] [] [c.g.forecast.common.web.WebLogAspect] [http-nio-8080-exec-4] [INFO] - Request [行业列表查询] completed in 4 ms
[2026-09-20 13:06:08.005] [gas-forecast] [] [] [c.g.forecast.common.web.WebLogAspect] [http-nio-8080-exec-7] [INFO] - Request [客户列表分页查询] completed in 4 ms
[2026-09-20 13:06:08.006] [gas-forecast] [] [] [c.g.forecast.common.web.WebLogAspect] [http-nio-8080-exec-5] [INFO] - Request [模型列表查询] completed in 8 ms
[2026-09-20 13:16:03.795] [gas-forecast] [] [] [c.g.forecast.common.web.WebLogAspect] [http-nio-8080-exec-3] [INFO] - Request [模型列表查询] POST /gas-forecast/model-config/listPage args={reqDTO=ModelConfigPageReqDTO[page=1, size=1000, keyword=null]}
[2026-09-20 13:16:03.795] [gas-forecast] [] [] [c.g.forecast.common.web.WebLogAspect] [http-nio-8080-exec-9] [INFO] - Request [模型训练配置列表查询] POST /gas-forecast/model-train-config/listPage args={reqDTO=ModelTrainConfigPageReqDTO[page=1, size=10, keyword=null, agentCode=null, timeGranularity=null]}
[2026-09-20 13:16:03.810] [gas-forecast] [] [] [c.g.forecast.common.web.WebLogAspect] [http-nio-8080-exec-9] [INFO] - Request [模型训练配置列表查询] completed in 15 ms
[2026-09-20 13:16:03.810] [gas-forecast] [] [] [c.g.forecast.common.web.WebLogAspect] [http-nio-8080-exec-8] [INFO] - Request [区域列表查询] POST /gas-forecast/base-region/listPage args={reqDTO=BaseRegionPageReqDTO[page=1, size=1000, keyword=null]}
[2026-09-20 13:16:03.810] [gas-forecast] [] [] [c.g.forecast.common.web.WebLogAspect] [http-nio-8080-exec-1] [INFO] - Request [客户列表分页查询] POST /gas-forecast/base-customer/listPage args={reqDTO=BaseCustomerPageReqDTO[page=1, size=1000, keyword=null]}
[2026-09-20 13:16:03.811] [gas-forecast] [] [] [c.g.forecast.common.web.WebLogAspect] [http-nio-8080-exec-6] [INFO] - Request [行业列表查询] POST /gas-forecast/base-industry/listPage args={reqDTO=BaseIndustryPageReqDTO[page=1, size=1000, keyword=null]}
[2026-09-20 13:16:03.814] [gas-forecast] [] [] [c.g.forecast.common.web.WebLogAspect] [http-nio-8080-exec-8] [INFO] - Request [区域列表查询] completed in 4 ms
[2026-09-20 13:16:03.815] [gas-forecast] [] [] [c.g.forecast.common.web.WebLogAspect] [http-nio-8080-exec-1] [INFO] - Request [客户列表分页查询] completed in 5 ms
[2026-09-20 13:16:03.815] [gas-forecast] [] [] [c.g.forecast.common.web.WebLogAspect] [http-nio-8080-exec-6] [INFO] - Request [行业列表查询] completed in 4 ms
[2026-09-20 13:16:03.816] [gas-forecast] [] [] [c.g.forecast.common.web.WebLogAspect] [http-nio-8080-exec-3] [INFO] - Request [模型列表查询] completed in 21 ms
[2026-09-20 13:16:11.505] [gas-forecast] [] [] [c.g.forecast.common.web.WebLogAspect] [http-nio-8080-exec-2] [INFO] - Request [模型列表查询] POST /gas-forecast/model-config/listPage args={reqDTO=ModelConfigPageReqDTO[page=1, size=1000, keyword=null]}
[2026-09-20 13:16:11.505] [gas-forecast] [] [] [c.g.forecast.common.web.WebLogAspect] [http-nio-8080-exec-5] [INFO] - Request [模型训练配置列表查询] POST /gas-forecast/model-train-config/listPage args={reqDTO=ModelTrainConfigPageReqDTO[page=1, size=10, keyword=null, agentCode=null, timeGranularity=null]}
[2026-09-20 13:16:11.508] [gas-forecast] [] [] [c.g.forecast.common.web.WebLogAspect] [http-nio-8080-exec-4] [INFO] - Request [区域列表查询] POST /gas-forecast/base-region/listPage args={reqDTO=BaseRegionPageReqDTO[page=1, size=1000, keyword=null]}
[2026-09-20 13:16:11.509] [gas-forecast] [] [] [c.g.forecast.common.web.WebLogAspect] [http-nio-8080-exec-10] [INFO] - Request [行业列表查询] POST /gas-forecast/base-industry/listPage args={reqDTO=BaseIndustryPageReqDTO[page=1, size=1000, keyword=null]}
[2026-09-20 13:16:11.509] [gas-forecast] [] [] [c.g.forecast.common.web.WebLogAspect] [http-nio-8080-exec-7] [INFO] - Request [客户列表分页查询] POST /gas-forecast/base-customer/listPage args={reqDTO=BaseCustomerPageReqDTO[page=1, size=1000, keyword=null]}
[2026-09-20 13:16:11.511] [gas-forecast] [] [] [c.g.forecast.common.web.WebLogAspect] [http-nio-8080-exec-5] [INFO] - Request [模型训练配置列表查询] completed in 6 ms
[2026-09-20 13:16:11.514] [gas-forecast] [] [] [c.g.forecast.common.web.WebLogAspect] [http-nio-8080-exec-10] [INFO] - Request [行业列表查询] completed in 5 ms
[2026-09-20 13:16:11.514] [gas-forecast] [] [] [c.g.forecast.common.web.WebLogAspect] [http-nio-8080-exec-4] [INFO] - Request [区域列表查询] completed in 6 ms
[2026-09-20 13:16:11.514] [gas-forecast] [] [] [c.g.forecast.common.web.WebLogAspect] [http-nio-8080-exec-7] [INFO] - Request [客户列表分页查询] completed in 5 ms
[2026-09-20 13:16:11.516] [gas-forecast] [] [] [c.g.forecast.common.web.WebLogAspect] [http-nio-8080-exec-2] [INFO] - Request [模型列表查询] completed in 11 ms
[2026-09-20 13:22:38.483] [gas-forecast] [] [] [com.zaxxer.hikari.HikariDataSource] [SpringApplicationShutdownHook] [INFO] - HikariPool-1 - Shutdown initiated...
[2026-09-20 13:22:38.484] [gas-forecast] [] [] [com.zaxxer.hikari.HikariDataSource] [SpringApplicationShutdownHook] [INFO] - HikariPool-1 - Shutdown completed.
[2026-09-20 13:22:40.346] [gas-forecast] [] [] [o.h.validator.internal.util.Version] [background-preinit] [INFO] - HV000001: Hibernate Validator 8.0.1.Final
[2026-09-20 13:22:40.356] [gas-forecast] [] [] [c.g.f.GasForecastStartupApplication] [main] [INFO] - Starting GasForecastStartupApplication using Java 21.0.11 with PID 64458 (/Users/zoujun/work/workspace/shiyou/gas-forecast/gas-forecast-startup/target/classes started by zoujun in /Users/zoujun/work/workspace/shiyou/gas-forecast)
[2026-09-20 13:22:40.357] [gas-forecast] [] [] [c.g.f.GasForecastStartupApplication] [main] [INFO] - The following 1 profile is active: "dev"
[2026-09-20 13:22:40.637] [gas-forecast] [] [] [o.s.d.r.c.RepositoryConfigurationDelegate] [main] [INFO] - Multiple Spring Data modules found, entering strict repository configuration mode
[2026-09-20 13:22:40.638] [gas-forecast] [] [] [o.s.d.r.c.RepositoryConfigurationDelegate] [main] [INFO] - Bootstrapping Spring Data Redis repositories in DEFAULT mode.
[2026-09-20 13:22:40.656] [gas-forecast] [] [] [o.s.d.r.c.RepositoryConfigurationDelegate] [main] [INFO] - Finished Spring Data repository scanning in 11 ms. Found 0 Redis repository interfaces.
[2026-09-20 13:22:40.945] [gas-forecast] [] [] [o.s.b.w.e.tomcat.TomcatWebServer] [main] [INFO] - Tomcat initialized with port 8080 (http)
[2026-09-20 13:22:40.949] [gas-forecast] [] [] [o.a.coyote.http11.Http11NioProtocol] [main] [INFO] - Initializing ProtocolHandler ["http-nio-8080"]
[2026-09-20 13:22:40.949] [gas-forecast] [] [] [o.a.catalina.core.StandardService] [main] [INFO] - Starting service [Tomcat]
[2026-09-20 13:22:40.949] [gas-forecast] [] [] [o.a.catalina.core.StandardEngine] [main] [INFO] - Starting Servlet engine: [Apache Tomcat/10.1.20]
[2026-09-20 13:22:40.968] [gas-forecast] [] [] [o.a.c.c.C.[.[.[/gas-forecast]] [main] [INFO] - Initializing Spring embedded WebApplicationContext
[2026-09-20 13:22:40.968] [gas-forecast] [] [] [o.s.b.w.s.c.ServletWebServerApplicationContext] [main] [INFO] - Root WebApplicationContext: initialization completed in 595 ms
[2026-09-20 13:22:41.661] [gas-forecast] [] [] [o.a.coyote.http11.Http11NioProtocol] [main] [INFO] - Starting ProtocolHandler ["http-nio-8080"]
[2026-09-20 13:22:41.669] [gas-forecast] [] [] [o.s.b.w.e.tomcat.TomcatWebServer] [main] [INFO] - Tomcat started on port 8080 (http) with context path '/gas-forecast'
[2026-09-20 13:22:41.672] [gas-forecast] [] [] [c.g.f.GasForecastStartupApplication] [main] [INFO] - Started GasForecastStartupApplication in 1.497 seconds (process running for 1.775)
[2026-09-20 13:22:45.801] [gas-forecast] [] [] [o.a.c.c.C.[.[.[/gas-forecast]] [http-nio-8080-exec-1] [INFO] - Initializing Spring DispatcherServlet 'dispatcherServlet'
[2026-09-20 13:22:45.801] [gas-forecast] [] [] [o.s.web.servlet.DispatcherServlet] [http-nio-8080-exec-1] [INFO] - Initializing Servlet 'dispatcherServlet'
[2026-09-20 13:22:45.802] [gas-forecast] [] [] [o.s.web.servlet.DispatcherServlet] [http-nio-8080-exec-1] [INFO] - Completed initialization in 1 ms
[2026-09-20 13:22:45.899] [gas-forecast] [] [] [c.g.forecast.common.web.WebLogAspect] [http-nio-8080-exec-2] [INFO] - Request [模型列表查询] POST /gas-forecast/model-config/listPage args={reqDTO=ModelConfigPageReqDTO[page=1, size=1000, keyword=null]}
[2026-09-20 13:22:45.900] [gas-forecast] [] [] [c.g.forecast.common.web.WebLogAspect] [http-nio-8080-exec-5] [INFO] - Request [模型训练配置列表查询] POST /gas-forecast/model-train-config/listPage args={reqDTO=ModelTrainConfigPageReqDTO[page=1, size=10, keyword=null, agentCode=null, timeGranularity=null]}
[2026-09-20 13:22:45.954] [gas-forecast] [] [] [com.zaxxer.hikari.HikariDataSource] [http-nio-8080-exec-5] [INFO] - HikariPool-1 - Starting...
[2026-09-20 13:22:45.975] [gas-forecast] [] [] [c.g.forecast.common.web.WebLogAspect] [http-nio-8080-exec-1] [INFO] - Request [获取当前登录用户权限] GET /gas-forecast/auth/permissions args={}
[2026-09-20 13:22:46.020] [gas-forecast] [] [] [com.zaxxer.hikari.pool.HikariPool] [http-nio-8080-exec-5] [INFO] - HikariPool-1 - Added connection com.mysql.cj.jdbc.ConnectionImpl@3a72f6a2
[2026-09-20 13:22:46.021] [gas-forecast] [] [] [com.zaxxer.hikari.HikariDataSource] [http-nio-8080-exec-5] [INFO] - HikariPool-1 - Start completed.
[2026-09-20 13:22:46.058] [gas-forecast] [] [] [c.g.forecast.common.web.WebLogAspect] [http-nio-8080-exec-6] [INFO] - Request [客户列表分页查询] POST /gas-forecast/base-customer/listPage args={reqDTO=BaseCustomerPageReqDTO[page=1, size=1000, keyword=null]}
[2026-09-20 13:22:46.058] [gas-forecast] [] [] [c.g.forecast.common.web.WebLogAspect] [http-nio-8080-exec-3] [INFO] - Request [区域列表查询] POST /gas-forecast/base-region/listPage args={reqDTO=BaseRegionPageReqDTO[page=1, size=1000, keyword=null]}
[2026-09-20 13:22:46.059] [gas-forecast] [] [] [c.g.forecast.common.web.WebLogAspect] [http-nio-8080-exec-5] [INFO] - Request [模型训练配置列表查询] completed in 161 ms
[2026-09-20 13:22:46.062] [gas-forecast] [] [] [c.g.forecast.common.web.WebLogAspect] [http-nio-8080-exec-1] [INFO] - Request [获取当前登录用户权限] completed in 87 ms
[2026-09-20 13:22:46.063] [gas-forecast] [] [] [c.g.forecast.common.web.WebLogAspect] [http-nio-8080-exec-4] [INFO] - Request [行业列表查询] POST /gas-forecast/base-industry/listPage args={reqDTO=BaseIndustryPageReqDTO[page=1, size=1000, keyword=null]}
[2026-09-20 13:22:46.070] [gas-forecast] [] [] [c.g.forecast.common.web.WebLogAspect] [http-nio-8080-exec-3] [INFO] - Request [区域列表查询] completed in 12 ms
[2026-09-20 13:22:46.070] [gas-forecast] [] [] [c.g.forecast.common.web.WebLogAspect] [http-nio-8080-exec-6] [INFO] - Request [客户列表分页查询] completed in 12 ms
[2026-09-20 13:22:46.074] [gas-forecast] [] [] [c.g.forecast.common.web.WebLogAspect] [http-nio-8080-exec-4] [INFO] - Request [行业列表查询] completed in 11 ms
[2026-09-20 13:22:46.077] [gas-forecast] [] [] [c.g.forecast.common.web.WebLogAspect] [http-nio-8080-exec-2] [INFO] - Request [模型列表查询] completed in 179 ms
[2026-09-20 13:22:46.648] [gas-forecast] [] [] [c.g.forecast.common.web.WebLogAspect] [http-nio-8080-exec-7] [INFO] - Request [获取当前登录用户权限] GET /gas-forecast/auth/permissions args={}
[2026-09-20 13:22:46.659] [gas-forecast] [] [] [c.g.forecast.common.web.WebLogAspect] [http-nio-8080-exec-7] [INFO] - Request [获取当前登录用户权限] completed in 11 ms
[2026-09-20 13:22:46.700] [gas-forecast] [] [] [c.g.forecast.common.web.WebLogAspect] [http-nio-8080-exec-8] [INFO] - Request [模型列表查询] POST /gas-forecast/model-config/listPage args={reqDTO=ModelConfigPageReqDTO[page=1, size=1000, keyword=null]}
[2026-09-20 13:22:46.701] [gas-forecast] [] [] [c.g.forecast.common.web.WebLogAspect] [http-nio-8080-exec-4] [INFO] - Request [模型训练配置列表查询] POST /gas-forecast/model-train-config/listPage args={reqDTO=ModelTrainConfigPageReqDTO[page=1, size=10, keyword=null, agentCode=null, timeGranularity=null]}
[2026-09-20 13:22:46.705] [gas-forecast] [] [] [c.g.forecast.common.web.WebLogAspect] [http-nio-8080-exec-3] [INFO] - Request [客户列表分页查询] POST /gas-forecast/base-customer/listPage args={reqDTO=BaseCustomerPageReqDTO[page=1, size=1000, keyword=null]}
[2026-09-20 13:22:46.705] [gas-forecast] [] [] [c.g.forecast.common.web.WebLogAspect] [http-nio-8080-exec-9] [INFO] - Request [区域列表查询] POST /gas-forecast/base-region/listPage args={reqDTO=BaseRegionPageReqDTO[page=1, size=1000, keyword=null]}
[2026-09-20 13:22:46.705] [gas-forecast] [] [] [c.g.forecast.common.web.WebLogAspect] [http-nio-8080-exec-10] [INFO] - Request [行业列表查询] POST /gas-forecast/base-industry/listPage args={reqDTO=BaseIndustryPageReqDTO[page=1, size=1000, keyword=null]}
[2026-09-20 13:22:46.709] [gas-forecast] [] [] [c.g.forecast.common.web.WebLogAspect] [http-nio-8080-exec-4] [INFO] - Request [模型训练配置列表查询] completed in 8 ms
[2026-09-20 13:22:46.712] [gas-forecast] [] [] [c.g.forecast.common.web.WebLogAspect] [http-nio-8080-exec-3] [INFO] - Request [客户列表分页查询] completed in 7 ms
[2026-09-20 13:22:46.712] [gas-forecast] [] [] [c.g.forecast.common.web.WebLogAspect] [http-nio-8080-exec-10] [INFO] - Request [行业列表查询] completed in 7 ms
[2026-09-20 13:22:46.714] [gas-forecast] [] [] [c.g.forecast.common.web.WebLogAspect] [http-nio-8080-exec-9] [INFO] - Request [区域列表查询] completed in 9 ms
[2026-09-20 13:22:46.715] [gas-forecast] [] [] [c.g.forecast.common.web.WebLogAspect] [http-nio-8080-exec-8] [INFO] - Request [模型列表查询] completed in 15 ms
[2026-09-20 13:22:47.903] [gas-forecast] [] [] [c.g.forecast.common.web.WebLogAspect] [http-nio-8080-exec-2] [INFO] - Request [查看模型训练结果] POST /gas-forecast/model-train-execution/result args={reqDTO={"id":1,"trainCode":"TRAIN-20260918165056-9486","trainName":"测试北京训练","agentCode":"winter-supply","modelId":1,"modelCode":"WINTER_MODEL_V1.0","modelName":"冬季保供模型","regionCode":"REG000005","regionName":"北京","industryCode":"","industryName":"","customerCode":"","customerName":"","trainStartDate":"2015-01-01","trainEndDate":"2026-09-01","trainMode":"RANGE","timeGranularity":"TENDAY","recentPeriods":36,"enabled":1,"remark":"","createdBy":"system","createdByName":"系统","createdAt":"2026-09-18 16:50:57","updatedAt":"2026-09-20 09:23:11"}}
[2026-09-20 13:22:47.917] [gas-forecast] [] [] [c.g.forecast.common.web.WebLogAspect] [http-nio-8080-exec-2] [INFO] - Request [查看模型训练结果] completed in 16 ms
[2026-09-20 13:25:38.320] [gas-forecast] [] [] [c.g.forecast.common.web.WebLogAspect] [http-nio-8080-exec-6] [INFO] - Request [获取当前登录用户权限] GET /gas-forecast/auth/permissions args={}
[2026-09-20 13:25:38.329] [gas-forecast] [] [] [c.g.forecast.common.web.WebLogAspect] [http-nio-8080-exec-6] [INFO] - Request [获取当前登录用户权限] completed in 9 ms
[2026-09-20 13:25:38.374] [gas-forecast] [] [] [c.g.forecast.common.web.WebLogAspect] [http-nio-8080-exec-1] [INFO] - Request [模型列表查询] POST /gas-forecast/model-config/listPage args={reqDTO=ModelConfigPageReqDTO[page=1, size=1000, keyword=null]}
[2026-09-20 13:25:38.374] [gas-forecast] [] [] [c.g.forecast.common.web.WebLogAspect] [http-nio-8080-exec-4] [INFO] - Request [模型训练配置列表查询] POST /gas-forecast/model-train-config/listPage args={reqDTO=ModelTrainConfigPageReqDTO[page=1, size=10, keyword=null, agentCode=null, timeGranularity=null]}
[2026-09-20 13:25:38.377] [gas-forecast] [] [] [c.g.forecast.common.web.WebLogAspect] [http-nio-8080-exec-3] [INFO] - Request [客户列表分页查询] POST /gas-forecast/base-customer/listPage args={reqDTO=BaseCustomerPageReqDTO[page=1, size=1000, keyword=null]}
[2026-09-20 13:25:38.378] [gas-forecast] [] [] [c.g.forecast.common.web.WebLogAspect] [http-nio-8080-exec-5] [INFO] - Request [区域列表查询] POST /gas-forecast/base-region/listPage args={reqDTO=BaseRegionPageReqDTO[page=1, size=1000, keyword=null]}
[2026-09-20 13:25:38.378] [gas-forecast] [] [] [c.g.forecast.common.web.WebLogAspect] [http-nio-8080-exec-7] [INFO] - Request [行业列表查询] POST /gas-forecast/base-industry/listPage args={reqDTO=BaseIndustryPageReqDTO[page=1, size=1000, keyword=null]}
[2026-09-20 13:25:38.380] [gas-forecast] [] [] [c.g.forecast.common.web.WebLogAspect] [http-nio-8080-exec-4] [INFO] - Request [模型训练配置列表查询] completed in 6 ms
[2026-09-20 13:25:38.381] [gas-forecast] [] [] [c.g.forecast.common.web.WebLogAspect] [http-nio-8080-exec-5] [INFO] - Request [区域列表查询] completed in 3 ms
[2026-09-20 13:25:38.381] [gas-forecast] [] [] [c.g.forecast.common.web.WebLogAspect] [http-nio-8080-exec-3] [INFO] - Request [客户列表分页查询] completed in 4 ms
[2026-09-20 13:25:38.381] [gas-forecast] [] [] [c.g.forecast.common.web.WebLogAspect] [http-nio-8080-exec-7] [INFO] - Request [行业列表查询] completed in 3 ms
[2026-09-20 13:25:38.388] [gas-forecast] [] [] [c.g.forecast.common.web.WebLogAspect] [http-nio-8080-exec-1] [INFO] - Request [模型列表查询] completed in 15 ms
[2026-09-20 13:25:41.744] [gas-forecast] [] [] [c.g.forecast.common.web.WebLogAspect] [http-nio-8080-exec-10] [INFO] - Request [查看模型训练结果] POST /gas-forecast/model-train-execution/result args={reqDTO={"id":1,"trainCode":"TRCFG-00001","trainName":"测试北京训练","agentCode":"winter-supply","modelId":1,"modelCode":"WINTER_MODEL_V1.0","modelName":"冬季保供模型","regionCode":"REG000005","regionName":"北京","industryCode":"","industryName":"","customerCode":"","customerName":"","trainStartDate":"2015-01-01","trainEndDate":"2026-09-01","trainMode":"RANGE","timeGranularity":"TENDAY","recentPeriods":36,"enabled":1,"remark":"","createdBy":"system","createdByName":"系统","createdAt":"2026-09-18 16:50:57","updatedAt":"2026-09-20 05:24:26"}}
[2026-09-20 13:25:41.750] [gas-forecast] [] [] [c.g.forecast.common.web.WebLogAspect] [http-nio-8080-exec-10] [INFO] - Request [查看模型训练结果] completed in 6 ms
[2026-09-20 13:26:06.849] [gas-forecast] [] [] [c.g.forecast.common.web.WebLogAspect] [http-nio-8080-exec-9] [INFO] - Request [特征定义列表查询] POST /gas-forecast/model-feature-definition/listPage args={reqDTO=ModelFeatureDefinitionPageReqDTO[page=1, size=10, keyword=null, timeGranularity=null]}
[2026-09-20 13:26:06.856] [gas-forecast] [] [] [c.g.forecast.common.web.WebLogAspect] [http-nio-8080-exec-9] [INFO] - Request [特征定义列表查询] completed in 8 ms
[2026-09-20 13:26:10.295] [gas-forecast] [] [] [c.g.forecast.common.web.WebLogAspect] [http-nio-8080-exec-8] [INFO] - Request [模型列表查询] POST /gas-forecast/model-config/listPage args={reqDTO=ModelConfigPageReqDTO[page=1, size=1000, keyword=null]}
[2026-09-20 13:26:10.296] [gas-forecast] [] [] [c.g.forecast.common.web.WebLogAspect] [http-nio-8080-exec-3] [INFO] - Request [模型训练配置列表查询] POST /gas-forecast/model-train-config/listPage args={reqDTO=ModelTrainConfigPageReqDTO[page=1, size=10, keyword=null, agentCode=null, timeGranularity=null]}
[2026-09-20 13:26:10.298] [gas-forecast] [] [] [c.g.forecast.common.web.WebLogAspect] [http-nio-8080-exec-2] [INFO] - Request [区域列表查询] POST /gas-forecast/base-region/listPage args={reqDTO=BaseRegionPageReqDTO[page=1, size=1000, keyword=null]}
[2026-09-20 13:26:10.299] [gas-forecast] [] [] [c.g.forecast.common.web.WebLogAspect] [http-nio-8080-exec-4] [INFO] - Request [客户列表分页查询] POST /gas-forecast/base-customer/listPage args={reqDTO=BaseCustomerPageReqDTO[page=1, size=1000, keyword=null]}
[2026-09-20 13:26:10.300] [gas-forecast] [] [] [c.g.forecast.common.web.WebLogAspect] [http-nio-8080-exec-6] [INFO] - Request [行业列表查询] POST /gas-forecast/base-industry/listPage args={reqDTO=BaseIndustryPageReqDTO[page=1, size=1000, keyword=null]}
[2026-09-20 13:26:10.300] [gas-forecast] [] [] [c.g.forecast.common.web.WebLogAspect] [http-nio-8080-exec-3] [INFO] - Request [模型训练配置列表查询] completed in 4 ms
[2026-09-20 13:26:10.301] [gas-forecast] [] [] [c.g.forecast.common.web.WebLogAspect] [http-nio-8080-exec-2] [INFO] - Request [区域列表查询] completed in 3 ms
[2026-09-20 13:26:10.304] [gas-forecast] [] [] [c.g.forecast.common.web.WebLogAspect] [http-nio-8080-exec-6] [INFO] - Request [行业列表查询] completed in 4 ms
[2026-09-20 13:26:10.304] [gas-forecast] [] [] [c.g.forecast.common.web.WebLogAspect] [http-nio-8080-exec-4] [INFO] - Request [客户列表分页查询] completed in 5 ms
[2026-09-20 13:26:10.306] [gas-forecast] [] [] [c.g.forecast.common.web.WebLogAspect] [http-nio-8080-exec-8] [INFO] - Request [模型列表查询] completed in 11 ms
[2026-09-20 13:26:15.921] [gas-forecast] [] [] [c.g.forecast.common.web.WebLogAspect] [http-nio-8080-exec-5] [INFO] - Request [查看模型训练结果] POST /gas-forecast/model-train-execution/result args={reqDTO={"id":1,"trainCode":"TRCFG-00001","trainName":"测试北京训练","agentCode":"winter-supply","modelId":1,"modelCode":"WINTER_MODEL_V1.0","modelName":"冬季保供模型","regionCode":"REG000005","regionName":"北京","industryCode":"","industryName":"","customerCode":"","customerName":"","trainStartDate":"2015-01-01","trainEndDate":"2026-09-01","trainMode":"RANGE","timeGranularity":"TENDAY","recentPeriods":36,"enabled":1,"remark":"","createdBy":"system","createdByName":"系统","createdAt":"2026-09-18 16:50:57","updatedAt":"2026-09-20 05:24:26"}}
[2026-09-20 13:26:15.926] [gas-forecast] [] [] [c.g.forecast.common.web.WebLogAspect] [http-nio-8080-exec-5] [INFO] - Request [查看模型训练结果] completed in 5 ms
[2026-09-20 13:26:31.349] [gas-forecast] [] [] [c.g.forecast.common.web.WebLogAspect] [http-nio-8080-exec-7] [INFO] - Request [查看模型训练结果] POST /gas-forecast/model-train-execution/result args={reqDTO={"id":1,"trainCode":"TRCFG-00001","trainName":"测试北京训练","agentCode":"winter-supply","modelId":1,"modelCode":"WINTER_MODEL_V1.0","modelName":"冬季保供模型","regionCode":"REG000005","regionName":"北京","industryCode":"","industryName":"","customerCode":"","customerName":"","trainStartDate":"2015-01-01","trainEndDate":"2026-09-01","trainMode":"RANGE","timeGranularity":"TENDAY","recentPeriods":36,"enabled":1,"remark":"","createdBy":"system","createdByName":"系统","createdAt":"2026-09-18 16:50:57","updatedAt":"2026-09-20 05:24:26"}}
[2026-09-20 13:26:31.354] [gas-forecast] [] [] [c.g.forecast.common.web.WebLogAspect] [http-nio-8080-exec-7] [INFO] - Request [查看模型训练结果] completed in 5 ms
[2026-09-20 13:27:51.268] [gas-forecast] [] [] [c.g.forecast.common.web.WebLogAspect] [http-nio-8080-exec-10] [INFO] - Request [模型列表查询] POST /gas-forecast/model-config/listPage args={reqDTO=ModelConfigPageReqDTO[page=1, size=1000, keyword=null]}
[2026-09-20 13:27:51.281] [gas-forecast] [] [] [c.g.forecast.common.web.WebLogAspect] [http-nio-8080-exec-9] [INFO] - Request [行业列表查询] POST /gas-forecast/base-industry/listPage args={reqDTO=BaseIndustryPageReqDTO[page=1, size=1000, keyword=null]}
[2026-09-20 13:27:51.281] [gas-forecast] [] [] [c.g.forecast.common.web.WebLogAspect] [http-nio-8080-exec-1] [INFO] - Request [区域列表查询] POST /gas-forecast/base-region/listPage args={reqDTO=BaseRegionPageReqDTO[page=1, size=1000, keyword=null]}
[2026-09-20 13:27:51.281] [gas-forecast] [] [] [c.g.forecast.common.web.WebLogAspect] [http-nio-8080-exec-3] [INFO] - Request [客户列表分页查询] POST /gas-forecast/base-customer/listPage args={reqDTO=BaseCustomerPageReqDTO[page=1, size=1000, keyword=null]}
[2026-09-20 13:27:51.285] [gas-forecast] [] [] [c.g.forecast.common.web.WebLogAspect] [http-nio-8080-exec-9] [INFO] - Request [行业列表查询] completed in 4 ms
[2026-09-20 13:27:51.285] [gas-forecast] [] [] [c.g.forecast.common.web.WebLogAspect] [http-nio-8080-exec-1] [INFO] - Request [区域列表查询] completed in 4 ms
[2026-09-20 13:27:51.286] [gas-forecast] [] [] [c.g.forecast.common.web.WebLogAspect] [http-nio-8080-exec-3] [INFO] - Request [客户列表分页查询] completed in 5 ms
[2026-09-20 13:27:51.290] [gas-forecast] [] [] [c.g.forecast.common.web.WebLogAspect] [http-nio-8080-exec-10] [INFO] - Request [模型列表查询] completed in 22 ms
[2026-09-20 13:28:06.020] [gas-forecast] [] [] [c.g.forecast.common.web.WebLogAspect] [http-nio-8080-exec-2] [INFO] - Request [训练特征数据列表查询] POST /gas-forecast/model-train-feature-data/listPage args={reqDTO=ModelTrainFeatureDataPageReqDTO[page=1, size=10, keyword=null, timeGranularity=null, statDate=null, regionCode=null, industryCode=null, customerCode=null, statDateStart=null, statDateEnd=null, sortField=null, sortOrder=null]}
[2026-09-20 13:28:06.071] [gas-forecast] [] [] [c.g.forecast.common.web.WebLogAspect] [http-nio-8080-exec-2] [INFO] - Request [训练特征数据列表查询] completed in 53 ms
[2026-09-20 13:28:07.112] [gas-forecast] [] [] [c.g.forecast.common.web.WebLogAspect] [http-nio-8080-exec-6] [INFO] - Request [特征定义列表查询] POST /gas-forecast/model-feature-definition/listPage args={reqDTO=ModelFeatureDefinitionPageReqDTO[page=1, size=10, keyword=null, timeGranularity=null]}
[2026-09-20 13:28:07.116] [gas-forecast] [] [] [c.g.forecast.common.web.WebLogAspect] [http-nio-8080-exec-6] [INFO] - Request [特征定义列表查询] completed in 4 ms
[2026-09-20 13:28:08.730] [gas-forecast] [] [] [c.g.forecast.common.web.WebLogAspect] [http-nio-8080-exec-4] [INFO] - Request [训练特征数据列表查询] POST /gas-forecast/model-train-feature-data/listPage args={reqDTO=ModelTrainFeatureDataPageReqDTO[page=1, size=10, keyword=null, timeGranularity=null, statDate=null, regionCode=null, industryCode=null, customerCode=null, statDateStart=null, statDateEnd=null, sortField=null, sortOrder=null]}
[2026-09-20 13:28:08.756] [gas-forecast] [] [] [c.g.forecast.common.web.WebLogAspect] [http-nio-8080-exec-4] [INFO] - Request [训练特征数据列表查询] completed in 26 ms
[2026-09-20 13:28:10.127] [gas-forecast] [] [] [c.g.forecast.common.web.WebLogAspect] [http-nio-8080-exec-8] [INFO] - Request [模型列表查询] POST /gas-forecast/model-config/listPage args={reqDTO=ModelConfigPageReqDTO[page=1, size=10, keyword=null]}
[2026-09-20 13:28:10.143] [gas-forecast] [] [] [c.g.forecast.common.web.WebLogAspect] [http-nio-8080-exec-8] [INFO] - Request [模型列表查询] completed in 16 ms
[2026-09-20 13:28:12.878] [gas-forecast] [] [] [c.g.forecast.common.web.WebLogAspect] [http-nio-8080-exec-5] [INFO] - Request [区域列表查询] POST /gas-forecast/base-region/listPage args={reqDTO=BaseRegionPageReqDTO[page=1, size=1000, keyword=null]}
[2026-09-20 13:28:12.881] [gas-forecast] [] [] [c.g.forecast.common.web.WebLogAspect] [http-nio-8080-exec-5] [INFO] - Request [区域列表查询] completed in 3 ms
[2026-09-20 13:28:12.894] [gas-forecast] [] [] [c.g.forecast.common.web.WebLogAspect] [http-nio-8080-exec-7] [INFO] - Request [特征定义列表查询] POST /gas-forecast/model-feature-definition/listPage args={reqDTO=ModelFeatureDefinitionPageReqDTO[page=1, size=500, keyword=null, timeGranularity=null]}
[2026-09-20 13:28:12.898] [gas-forecast] [] [] [c.g.forecast.common.web.WebLogAspect] [http-nio-8080-exec-7] [INFO] - Request [特征定义列表查询] completed in 4 ms
[2026-09-20 13:28:51.553] [gas-forecast] [] [] [c.g.forecast.common.web.WebLogAspect] [http-nio-8080-exec-9] [INFO] - Request [编辑模型] POST /gas-forecast/model-config/update args={reqDTO=ModelConfigUpdateReqDTO[id=2, configCode=MODEL000002, configName=浙江电力模型, modelVersion=V1.0, agentCode=short-term, sceneCode=SHORT_CUSTOMER, regionCode=null, industryCode=null, customerCode=null, regionCodes=null, industryCodes=null, customerCodes=null, description=]}
[2026-09-20 13:28:51.574] [gas-forecast] [] [] [c.g.forecast.common.web.WebLogAspect] [http-nio-8080-exec-9] [INFO] - Request [编辑模型] completed in 23 ms
[2026-09-20 13:28:51.578] [gas-forecast] [] [] [c.g.forecast.common.web.WebLogAspect] [http-nio-8080-exec-1] [INFO] - Request [模型列表查询] POST /gas-forecast/model-config/listPage args={reqDTO=ModelConfigPageReqDTO[page=1, size=10, keyword=null]}
[2026-09-20 13:28:51.586] [gas-forecast] [] [] [c.g.forecast.common.web.WebLogAspect] [http-nio-8080-exec-1] [INFO] - Request [模型列表查询] completed in 8 ms
[2026-09-20 13:29:18.235] [gas-forecast] [] [] [c.g.forecast.common.web.WebLogAspect] [http-nio-8080-exec-3] [INFO] - Request [编辑模型] POST /gas-forecast/model-config/update args={reqDTO=ModelConfigUpdateReqDTO[id=2, configCode=MODEL_JIANGSHU_DIANLI_V1.0, configName=浙江电力模型, modelVersion=V1.0, agentCode=short-term, sceneCode=SHORT_CUSTOMER, regionCode=null, industryCode=null, customerCode=null, regionCodes=null, industryCodes=null, customerCodes=null, description=]}
[2026-09-20 13:29:18.257] [gas-forecast] [] [] [c.g.forecast.common.web.WebLogAspect] [http-nio-8080-exec-3] [INFO] - Request [编辑模型] completed in 22 ms
[2026-09-20 13:29:18.262] [gas-forecast] [] [] [c.g.forecast.common.web.WebLogAspect] [http-nio-8080-exec-10] [INFO] - Request [模型列表查询] POST /gas-forecast/model-config/listPage args={reqDTO=ModelConfigPageReqDTO[page=1, size=10, keyword=null]}
[2026-09-20 13:29:18.275] [gas-forecast] [] [] [c.g.forecast.common.web.WebLogAspect] [http-nio-8080-exec-10] [INFO] - Request [模型列表查询] completed in 13 ms
[2026-09-20 13:30:09.273] [gas-forecast] [] [] [c.g.forecast.common.web.WebLogAspect] [http-nio-8080-exec-2] [INFO] - Request [配置模型适用范围] POST /gas-forecast/model-config/updateScope args={reqDTO=ModelConfigScopeUpdateReqDTO[id=2, regionCode=null, industryCode=null, customerCode=null, regionCodes=[REG000012], industryCodes=[], customerCodes=[], featureRefs=[FeatureRefItem[featureId=6, requiredFlag=0, featureOrder=1], FeatureRefItem[featureId=7, requiredFlag=0, featureOrder=2], FeatureRefItem[featureId=8, requiredFlag=0, featureOrder=3], FeatureRefItem[featureId=9, requiredFlag=0, featureOrder=4], FeatureRefItem[featureId=10, requiredFlag=0, featureOrder=5], FeatureRefItem[featureId=11, requiredFlag=0, featureOrder=6], FeatureRefItem[featureId=12, requiredFlag=0, featureOrder=7], FeatureRefItem[featureId=13, requiredFlag=0, featureOrder=8], FeatureRefItem[featureId=14, requiredFlag=0, featureOrder=9], FeatureRefItem[featureId=15, requiredFlag=0, featureOrder=10], FeatureRefItem[featureId=16, requiredFlag=0, featureOrder=11], FeatureRefItem[featureId=17, requiredFlag=0, featureOrder=12], FeatureRefItem[featureId=18, requiredFlag=0, featureOrder=13], FeatureRefItem[featureId=19, r...}
[2026-09-20 13:42:43.243] [gas-forecast] [] [] [com.zaxxer.hikari.HikariDataSource] [SpringApplicationShutdownHook] [INFO] - HikariPool-1 - Shutdown initiated...
[2026-09-20 13:42:43.243] [gas-forecast] [] [] [com.zaxxer.hikari.HikariDataSource] [SpringApplicationShutdownHook] [INFO] - HikariPool-1 - Shutdown completed.
[2026-09-20 13:42:45.263] [gas-forecast] [] [] [o.h.validator.internal.util.Version] [background-preinit] [INFO] - HV000001: Hibernate Validator 8.0.1.Final
[2026-09-20 13:42:45.274] [gas-forecast] [] [] [c.g.f.GasForecastStartupApplication] [main] [INFO] - Starting GasForecastStartupApplication using Java 21.0.11 with PID 71097 (/Users/zoujun/work/workspace/shiyou/gas-forecast/gas-forecast-startup/target/classes started by zoujun in /Users/zoujun/work/workspace/shiyou/gas-forecast)
[2026-09-20 13:42:45.274] [gas-forecast] [] [] [c.g.f.GasForecastStartupApplication] [main] [INFO] - The following 1 profile is active: "dev"
[2026-09-20 13:42:45.586] [gas-forecast] [] [] [o.s.d.r.c.RepositoryConfigurationDelegate] [main] [INFO] - Multiple Spring Data modules found, entering strict repository configuration mode
[2026-09-20 13:42:45.587] [gas-forecast] [] [] [o.s.d.r.c.RepositoryConfigurationDelegate] [main] [INFO] - Bootstrapping Spring Data Redis repositories in DEFAULT mode.
[2026-09-20 13:42:45.606] [gas-forecast] [] [] [o.s.d.r.c.RepositoryConfigurationDelegate] [main] [INFO] - Finished Spring Data repository scanning in 13 ms. Found 0 Redis repository interfaces.
[2026-09-20 13:42:45.928] [gas-forecast] [] [] [o.s.b.w.e.tomcat.TomcatWebServer] [main] [INFO] - Tomcat initialized with port 8080 (http)
[2026-09-20 13:42:45.933] [gas-forecast] [] [] [o.a.coyote.http11.Http11NioProtocol] [main] [INFO] - Initializing ProtocolHandler ["http-nio-8080"]
[2026-09-20 13:42:45.933] [gas-forecast] [] [] [o.a.catalina.core.StandardService] [main] [INFO] - Starting service [Tomcat]
[2026-09-20 13:42:45.933] [gas-forecast] [] [] [o.a.catalina.core.StandardEngine] [main] [INFO] - Starting Servlet engine: [Apache Tomcat/10.1.20]
[2026-09-20 13:42:45.952] [gas-forecast] [] [] [o.a.c.c.C.[.[.[/gas-forecast]] [main] [INFO] - Initializing Spring embedded WebApplicationContext
[2026-09-20 13:42:45.952] [gas-forecast] [] [] [o.s.b.w.s.c.ServletWebServerApplicationContext] [main] [INFO] - Root WebApplicationContext: initialization completed in 660 ms
[2026-09-20 13:42:46.701] [gas-forecast] [] [] [o.a.coyote.http11.Http11NioProtocol] [main] [INFO] - Starting ProtocolHandler ["http-nio-8080"]
[2026-09-20 13:42:46.710] [gas-forecast] [] [] [o.s.b.w.e.tomcat.TomcatWebServer] [main] [INFO] - Tomcat started on port 8080 (http) with context path '/gas-forecast'
[2026-09-20 13:42:46.713] [gas-forecast] [] [] [c.g.f.GasForecastStartupApplication] [main] [INFO] - Started GasForecastStartupApplication in 1.659 seconds (process running for 1.975)
[2026-09-20 13:42:54.169] [gas-forecast] [] [] [o.a.c.c.C.[.[.[/gas-forecast]] [http-nio-8080-exec-1] [INFO] - Initializing Spring DispatcherServlet 'dispatcherServlet'
[2026-09-20 13:42:54.169] [gas-forecast] [] [] [o.s.web.servlet.DispatcherServlet] [http-nio-8080-exec-1] [INFO] - Initializing Servlet 'dispatcherServlet'
[2026-09-20 13:42:54.170] [gas-forecast] [] [] [o.s.web.servlet.DispatcherServlet] [http-nio-8080-exec-1] [INFO] - Completed initialization in 1 ms
[2026-09-20 13:42:54.232] [gas-forecast] [] [] [c.g.forecast.common.web.WebLogAspect] [http-nio-8080-exec-1] [INFO] - Request [配置模型适用范围] POST /gas-forecast/model-config/updateScope args={reqDTO=ModelConfigScopeUpdateReqDTO[id=2, regionCode=null, industryCode=null, customerCode=null, regionCodes=[REG000012], industryCodes=[], customerCodes=[], featureRefs=[FeatureRefItem[featureId=6, requiredFlag=0, featureOrder=1], FeatureRefItem[featureId=7, requiredFlag=0, featureOrder=2], FeatureRefItem[featureId=8, requiredFlag=0, featureOrder=3], FeatureRefItem[featureId=9, requiredFlag=0, featureOrder=4], FeatureRefItem[featureId=10, requiredFlag=0, featureOrder=5], FeatureRefItem[featureId=11, requiredFlag=0, featureOrder=6], FeatureRefItem[featureId=12, requiredFlag=0, featureOrder=7], FeatureRefItem[featureId=13, requiredFlag=0, featureOrder=8], FeatureRefItem[featureId=14, requiredFlag=0, featureOrder=9], FeatureRefItem[featureId=15, requiredFlag=0, featureOrder=10], FeatureRefItem[featureId=16, requiredFlag=0, featureOrder=11], FeatureRefItem[featureId=17, requiredFlag=0, featureOrder=12], FeatureRefItem[featureId=18, requiredFlag=0, featureOrder=13], FeatureRefItem[featureId=19, r...}
[2026-09-20 13:42:54.234] [gas-forecast] [] [] [com.zaxxer.hikari.HikariDataSource] [http-nio-8080-exec-1] [INFO] - HikariPool-1 - Starting...
[2026-09-20 13:42:54.293] [gas-forecast] [] [] [com.zaxxer.hikari.pool.HikariPool] [http-nio-8080-exec-1] [INFO] - HikariPool-1 - Added connection com.mysql.cj.jdbc.ConnectionImpl@37ebe01f
[2026-09-20 13:42:54.293] [gas-forecast] [] [] [com.zaxxer.hikari.HikariDataSource] [http-nio-8080-exec-1] [INFO] - HikariPool-1 - Start completed.
[2026-09-20 13:42:54.381] [gas-forecast] [] [] [c.g.forecast.common.web.WebLogAspect] [http-nio-8080-exec-1] [INFO] - Request [配置模型适用范围] completed in 150 ms
[2026-09-20 13:42:54.404] [gas-forecast] [] [] [c.g.forecast.common.web.WebLogAspect] [http-nio-8080-exec-2] [INFO] - Request [模型列表查询] POST /gas-forecast/model-config/listPage args={reqDTO=ModelConfigPageReqDTO[page=1, size=10, keyword=null]}
[2026-09-20 13:42:54.446] [gas-forecast] [] [] [c.g.forecast.common.web.WebLogAspect] [http-nio-8080-exec-2] [INFO] - Request [模型列表查询] completed in 43 ms
[2026-09-20 13:43:05.802] [gas-forecast] [] [] [c.g.forecast.common.web.WebLogAspect] [http-nio-8080-exec-3] [INFO] - Request [模型列表查询] POST /gas-forecast/model-config/listPage args={reqDTO=ModelConfigPageReqDTO[page=1, size=1000, keyword=null]}
[2026-09-20 13:43:05.808] [gas-forecast] [] [] [c.g.forecast.common.web.WebLogAspect] [http-nio-8080-exec-6] [INFO] - Request [模型训练配置列表查询] POST /gas-forecast/model-train-config/listPage args={reqDTO=ModelTrainConfigPageReqDTO[page=1, size=10, keyword=null, agentCode=null, timeGranularity=null]}
[2026-09-20 13:43:05.817] [gas-forecast] [] [] [c.g.forecast.common.web.WebLogAspect] [http-nio-8080-exec-6] [INFO] - Request [模型训练配置列表查询] completed in 11 ms
[2026-09-20 13:43:05.818] [gas-forecast] [] [] [c.g.forecast.common.web.WebLogAspect] [http-nio-8080-exec-3] [INFO] - Request [模型列表查询] completed in 16 ms
[2026-09-20 13:43:05.974] [gas-forecast] [] [] [c.g.forecast.common.web.WebLogAspect] [http-nio-8080-exec-5] [INFO] - Request [行业列表查询] POST /gas-forecast/base-industry/listPage args={reqDTO=BaseIndustryPageReqDTO[page=1, size=1000, keyword=null]}
[2026-09-20 13:43:05.974] [gas-forecast] [] [] [c.g.forecast.common.web.WebLogAspect] [http-nio-8080-exec-7] [INFO] - Request [客户列表分页查询] POST /gas-forecast/base-customer/listPage args={reqDTO=BaseCustomerPageReqDTO[page=1, size=1000, keyword=null]}
[2026-09-20 13:43:05.974] [gas-forecast] [] [] [c.g.forecast.common.web.WebLogAspect] [http-nio-8080-exec-4] [INFO] - Request [区域列表查询] POST /gas-forecast/base-region/listPage args={reqDTO=BaseRegionPageReqDTO[page=1, size=1000, keyword=null]}
[2026-09-20 13:43:05.980] [gas-forecast] [] [] [c.g.forecast.common.web.WebLogAspect] [http-nio-8080-exec-5] [INFO] - Request [行业列表查询] completed in 6 ms
[2026-09-20 13:43:05.980] [gas-forecast] [] [] [c.g.forecast.common.web.WebLogAspect] [http-nio-8080-exec-4] [INFO] - Request [区域列表查询] completed in 6 ms
[2026-09-20 13:43:05.980] [gas-forecast] [] [] [c.g.forecast.common.web.WebLogAspect] [http-nio-8080-exec-7] [INFO] - Request [客户列表分页查询] completed in 6 ms
[2026-09-20 13:43:26.179] [gas-forecast] [] [] [c.g.forecast.common.web.WebLogAspect] [http-nio-8080-exec-8] [INFO] - Request [模型列表查询] POST /gas-forecast/model-config/listPage args={reqDTO=ModelConfigPageReqDTO[page=1, size=10, keyword=null]}
[2026-09-20 13:43:26.188] [gas-forecast] [] [] [c.g.forecast.common.web.WebLogAspect] [http-nio-8080-exec-8] [INFO] - Request [模型列表查询] completed in 9 ms
[2026-09-20 13:43:27.091] [gas-forecast] [] [] [c.g.forecast.common.web.WebLogAspect] [http-nio-8080-exec-9] [INFO] - Request [模型列表查询] POST /gas-forecast/model-config/listPage args={reqDTO=ModelConfigPageReqDTO[page=1, size=1000, keyword=null]}
[2026-09-20 13:43:27.091] [gas-forecast] [] [] [c.g.forecast.common.web.WebLogAspect] [http-nio-8080-exec-3] [INFO] - Request [模型训练配置列表查询] POST /gas-forecast/model-train-config/listPage args={reqDTO=ModelTrainConfigPageReqDTO[page=1, size=10, keyword=null, agentCode=null, timeGranularity=null]}
[2026-09-20 13:43:27.097] [gas-forecast] [] [] [c.g.forecast.common.web.WebLogAspect] [http-nio-8080-exec-2] [INFO] - Request [客户列表分页查询] POST /gas-forecast/base-customer/listPage args={reqDTO=BaseCustomerPageReqDTO[page=1, size=1000, keyword=null]}
[2026-09-20 13:43:27.097] [gas-forecast] [] [] [c.g.forecast.common.web.WebLogAspect] [http-nio-8080-exec-1] [INFO] - Request [行业列表查询] POST /gas-forecast/base-industry/listPage args={reqDTO=BaseIndustryPageReqDTO[page=1, size=1000, keyword=null]}
[2026-09-20 13:43:27.097] [gas-forecast] [] [] [c.g.forecast.common.web.WebLogAspect] [http-nio-8080-exec-10] [INFO] - Request [区域列表查询] POST /gas-forecast/base-region/listPage args={reqDTO=BaseRegionPageReqDTO[page=1, size=1000, keyword=null]}
[2026-09-20 13:43:27.098] [gas-forecast] [] [] [c.g.forecast.common.web.WebLogAspect] [http-nio-8080-exec-3] [INFO] - Request [模型训练配置列表查询] completed in 7 ms
[2026-09-20 13:43:27.103] [gas-forecast] [] [] [c.g.forecast.common.web.WebLogAspect] [http-nio-8080-exec-1] [INFO] - Request [行业列表查询] completed in 6 ms
[2026-09-20 13:43:27.103] [gas-forecast] [] [] [c.g.forecast.common.web.WebLogAspect] [http-nio-8080-exec-10] [INFO] - Request [区域列表查询] completed in 6 ms
[2026-09-20 13:43:27.104] [gas-forecast] [] [] [c.g.forecast.common.web.WebLogAspect] [http-nio-8080-exec-2] [INFO] - Request [客户列表分页查询] completed in 7 ms
[2026-09-20 13:43:27.105] [gas-forecast] [] [] [c.g.forecast.common.web.WebLogAspect] [http-nio-8080-exec-9] [INFO] - Request [模型列表查询] completed in 14 ms
[2026-09-20 13:43:29.417] [gas-forecast] [] [] [c.g.forecast.common.web.WebLogAspect] [http-nio-8080-exec-6] [INFO] - Request [模型列表查询] POST /gas-forecast/model-config/listPage args={reqDTO=ModelConfigPageReqDTO[page=1, size=1000, keyword=null]}
[2026-09-20 13:43:29.420] [gas-forecast] [] [] [c.g.forecast.common.web.WebLogAspect] [http-nio-8080-exec-4] [INFO] - Request [区域列表查询] POST /gas-forecast/base-region/listPage args={reqDTO=BaseRegionPageReqDTO[page=1, size=1000, keyword=null]}
[2026-09-20 13:43:29.420] [gas-forecast] [] [] [c.g.forecast.common.web.WebLogAspect] [http-nio-8080-exec-7] [INFO] - Request [客户列表分页查询] POST /gas-forecast/base-customer/listPage args={reqDTO=BaseCustomerPageReqDTO[page=1, size=1000, keyword=null]}
[2026-09-20 13:43:29.420] [gas-forecast] [] [] [c.g.forecast.common.web.WebLogAspect] [http-nio-8080-exec-5] [INFO] - Request [行业列表查询] POST /gas-forecast/base-industry/listPage args={reqDTO=BaseIndustryPageReqDTO[page=1, size=1000, keyword=null]}
[2026-09-20 13:43:29.428] [gas-forecast] [] [] [c.g.forecast.common.web.WebLogAspect] [http-nio-8080-exec-5] [INFO] - Request [行业列表查询] completed in 8 ms
[2026-09-20 13:43:29.428] [gas-forecast] [] [] [c.g.forecast.common.web.WebLogAspect] [http-nio-8080-exec-7] [INFO] - Request [客户列表分页查询] completed in 8 ms
[2026-09-20 13:43:29.428] [gas-forecast] [] [] [c.g.forecast.common.web.WebLogAspect] [http-nio-8080-exec-4] [INFO] - Request [区域列表查询] completed in 8 ms
[2026-09-20 13:43:29.430] [gas-forecast] [] [] [c.g.forecast.common.web.WebLogAspect] [http-nio-8080-exec-6] [INFO] - Request [模型列表查询] completed in 13 ms
[2026-09-20 13:44:06.583] [gas-forecast] [] [] [c.g.forecast.common.web.WebLogAspect] [http-nio-8080-exec-8] [INFO] - Request [新增模型训练配置] POST /gas-forecast/model-train-config/create args={reqDTO=ModelTrainConfigCreateReqDTO[trainCode=, trainName=训练江苏, agentCode=short-term, modelId=2, modelCode=MODEL_JIANGSHU_DIANLI_V1.0, modelName=浙江电力模型, regionCode=REG000012, regionName=江苏, industryCode=, industryName=, customerCode=, customerName=, trainStartDate=, trainEndDate=, trainMode=RECENT, timeGranularity=MONTH, recentPeriods=36, enabled=1, remark=]}
[2026-09-20 13:44:06.607] [gas-forecast] [] [] [c.g.forecast.common.web.WebLogAspect] [http-nio-8080-exec-8] [INFO] - Request [新增模型训练配置] completed in 27 ms
[2026-09-20 13:44:06.610] [gas-forecast] [] [] [c.g.forecast.common.web.WebLogAspect] [http-nio-8080-exec-3] [INFO] - Request [模型训练配置列表查询] POST /gas-forecast/model-train-config/listPage args={reqDTO=ModelTrainConfigPageReqDTO[page=1, size=10, keyword=null, agentCode=null, timeGranularity=null]}
[2026-09-20 13:44:06.615] [gas-forecast] [] [] [c.g.forecast.common.web.WebLogAspect] [http-nio-8080-exec-3] [INFO] - Request [模型训练配置列表查询] completed in 5 ms
[2026-09-20 13:44:08.204] [gas-forecast] [] [] [c.g.forecast.common.web.WebLogAspect] [http-nio-8080-exec-10] [INFO] - Request [模型列表查询] POST /gas-forecast/model-config/listPage args={reqDTO=ModelConfigPageReqDTO[page=1, size=1000, keyword=null]}
[2026-09-20 13:44:08.208] [gas-forecast] [] [] [c.g.forecast.common.web.WebLogAspect] [http-nio-8080-exec-9] [INFO] - Request [客户列表分页查询] POST /gas-forecast/base-customer/listPage args={reqDTO=BaseCustomerPageReqDTO[page=1, size=1000, keyword=null]}
[2026-09-20 13:44:08.208] [gas-forecast] [] [] [c.g.forecast.common.web.WebLogAspect] [http-nio-8080-exec-1] [INFO] - Request [区域列表查询] POST /gas-forecast/base-region/listPage args={reqDTO=BaseRegionPageReqDTO[page=1, size=1000, keyword=null]}
[2026-09-20 13:44:08.208] [gas-forecast] [] [] [c.g.forecast.common.web.WebLogAspect] [http-nio-8080-exec-2] [INFO] - Request [行业列表查询] POST /gas-forecast/base-industry/listPage args={reqDTO=BaseIndustryPageReqDTO[page=1, size=1000, keyword=null]}
[2026-09-20 13:44:08.212] [gas-forecast] [] [] [c.g.forecast.common.web.WebLogAspect] [http-nio-8080-exec-1] [INFO] - Request [区域列表查询] completed in 4 ms
[2026-09-20 13:44:08.212] [gas-forecast] [] [] [c.g.forecast.common.web.WebLogAspect] [http-nio-8080-exec-2] [INFO] - Request [行业列表查询] completed in 4 ms
[2026-09-20 13:44:08.212] [gas-forecast] [] [] [c.g.forecast.common.web.WebLogAspect] [http-nio-8080-exec-9] [INFO] - Request [客户列表分页查询] completed in 4 ms
[2026-09-20 13:44:08.212] [gas-forecast] [] [] [c.g.forecast.common.web.WebLogAspect] [http-nio-8080-exec-10] [INFO] - Request [模型列表查询] completed in 8 ms
[2026-09-20 13:44:11.375] [gas-forecast] [] [] [c.g.forecast.common.web.WebLogAspect] [http-nio-8080-exec-5] [INFO] - Request [编辑模型训练配置] POST /gas-forecast/model-train-config/update args={reqDTO=ModelTrainConfigUpdateReqDTO[id=1, trainCode=TRCFG-00001, trainName=测试北京训练, agentCode=winter-supply, modelId=1, modelCode=WINTER_MODEL_V1.0, modelName=冬季保供模型, regionCode=REG000005, regionName=北京, industryCode=, industryName=, customerCode=, customerName=, trainStartDate=2015-01-01, trainEndDate=2026-09-01, trainMode=RANGE, timeGranularity=TENDAY, recentPeriods=36, enabled=1, remark=]}
[2026-09-20 13:44:11.383] [gas-forecast] [] [] [c.g.forecast.common.web.WebLogAspect] [http-nio-8080-exec-5] [INFO] - Request [编辑模型训练配置] completed in 10 ms
[2026-09-20 13:44:11.392] [gas-forecast] [] [] [c.g.forecast.common.web.WebLogAspect] [http-nio-8080-exec-7] [INFO] - Request [训练特征数据列表查询] POST /gas-forecast/model-train-feature-data/listPage args={reqDTO=ModelTrainFeatureDataPageReqDTO[page=1, size=20, keyword=null, timeGranularity=TENDAY, statDate=null, regionCode=REG000005, industryCode=null, customerCode=null, statDateStart=2015-01-01, statDateEnd=2026-09-01, sortField=statDate, sortOrder=asc]}
[2026-09-20 13:44:11.450] [gas-forecast] [] [] [c.g.forecast.common.web.WebLogAspect] [http-nio-8080-exec-7] [INFO] - Request [训练特征数据列表查询] completed in 60 ms
[2026-09-20 13:44:11.461] [gas-forecast] [] [] [c.g.forecast.common.web.WebLogAspect] [http-nio-8080-exec-4] [INFO] - Request [模型训练配置列表查询] POST /gas-forecast/model-train-config/listPage args={reqDTO=ModelTrainConfigPageReqDTO[page=1, size=10, keyword=null, agentCode=null, timeGranularity=null]}
[2026-09-20 13:44:11.465] [gas-forecast] [] [] [c.g.forecast.common.web.WebLogAspect] [http-nio-8080-exec-4] [INFO] - Request [模型训练配置列表查询] completed in 4 ms
[2026-09-20 13:44:12.924] [gas-forecast] [] [] [c.g.forecast.common.web.WebLogAspect] [http-nio-8080-exec-6] [INFO] - Request [执行模型训练] POST /gas-forecast/model-train-execution/execute args={reqDTO=ModelTrainExecuteReqDTO[trainCode=TRCFG-00001, configCode=null]}
[2026-09-20 13:44:13.010] [gas-forecast] [] [] [c.g.forecast.common.web.WebLogAspect] [http-nio-8080-exec-6] [INFO] - Request [执行模型训练] completed in 87 ms
[2026-09-20 13:44:14.798] [gas-forecast] [] [] [c.g.forecast.common.web.WebLogAspect] [http-nio-8080-exec-8] [INFO] - Request [查看模型训练结果] POST /gas-forecast/model-train-execution/result args={reqDTO={"id":2,"trainCode":"TRCFG-00002","trainName":"训练江苏","agentCode":"short-term","modelId":2,"modelCode":"MODEL_JIANGSHU_DIANLI_V1.0","modelName":"浙江电力模型","regionCode":"REG000012","regionName":"江苏","industryCode":"","industryName":"","customerCode":"","customerName":"","trainStartDate":null,"trainEndDate":null,"trainMode":"RECENT","timeGranularity":"MONTH","recentPeriods":36,"enabled":1,"remark":"","createdBy":"system","createdByName":"系统","createdAt":"2026-09-20 13:44:07","updatedAt":"2026-09-20 13:44:07"}}
[2026-09-20 13:44:14.800] [gas-forecast] [] [] [c.g.forecast.common.web.WebLogAspect] [http-nio-8080-exec-8] [INFO] - Request [查看模型训练结果] completed in 2 ms
[2026-09-20 13:44:16.903] [gas-forecast] [] [] [c.g.forecast.common.web.WebLogAspect] [http-nio-8080-exec-3] [INFO] - Request [模型列表查询] POST /gas-forecast/model-config/listPage args={reqDTO=ModelConfigPageReqDTO[page=1, size=10, keyword=null]}
[2026-09-20 13:44:16.913] [gas-forecast] [] [] [c.g.forecast.common.web.WebLogAspect] [http-nio-8080-exec-3] [INFO] - Request [模型列表查询] completed in 10 ms
[2026-09-20 13:44:19.606] [gas-forecast] [] [] [c.g.forecast.common.web.WebLogAspect] [http-nio-8080-exec-1] [INFO] - Request [区域列表查询] POST /gas-forecast/base-region/listPage args={reqDTO=BaseRegionPageReqDTO[page=1, size=1000, keyword=null]}
[2026-09-20 13:44:19.610] [gas-forecast] [] [] [c.g.forecast.common.web.WebLogAspect] [http-nio-8080-exec-1] [INFO] - Request [区域列表查询] completed in 4 ms
[2026-09-20 13:44:19.623] [gas-forecast] [] [] [c.g.forecast.common.web.WebLogAspect] [http-nio-8080-exec-9] [INFO] - Request [特征定义列表查询] POST /gas-forecast/model-feature-definition/listPage args={reqDTO=ModelFeatureDefinitionPageReqDTO[page=1, size=500, keyword=null, timeGranularity=null]}
[2026-09-20 13:44:19.628] [gas-forecast] [] [] [c.g.forecast.common.web.WebLogAspect] [http-nio-8080-exec-9] [INFO] - Request [特征定义列表查询] completed in 6 ms
[2026-09-20 13:44:24.106] [gas-forecast] [] [] [c.g.forecast.common.web.WebLogAspect] [http-nio-8080-exec-10] [INFO] - Request [模型列表查询] POST /gas-forecast/model-config/listPage args={reqDTO=ModelConfigPageReqDTO[page=1, size=1000, keyword=null]}
[2026-09-20 13:44:24.106] [gas-forecast] [] [] [c.g.forecast.common.web.WebLogAspect] [http-nio-8080-exec-7] [INFO] - Request [模型训练配置列表查询] POST /gas-forecast/model-train-config/listPage args={reqDTO=ModelTrainConfigPageReqDTO[page=1, size=10, keyword=null, agentCode=null, timeGranularity=null]}
[2026-09-20 13:44:24.110] [gas-forecast] [] [] [c.g.forecast.common.web.WebLogAspect] [http-nio-8080-exec-4] [INFO] - Request [行业列表查询] POST /gas-forecast/base-industry/listPage args={reqDTO=BaseIndustryPageReqDTO[page=1, size=1000, keyword=null]}
[2026-09-20 13:44:24.111] [gas-forecast] [] [] [c.g.forecast.common.web.WebLogAspect] [http-nio-8080-exec-5] [INFO] - Request [客户列表分页查询] POST /gas-forecast/base-customer/listPage args={reqDTO=BaseCustomerPageReqDTO[page=1, size=1000, keyword=null]}
[2026-09-20 13:44:24.111] [gas-forecast] [] [] [c.g.forecast.common.web.WebLogAspect] [http-nio-8080-exec-2] [INFO] - Request [区域列表查询] POST /gas-forecast/base-region/listPage args={reqDTO=BaseRegionPageReqDTO[page=1, size=1000, keyword=null]}
[2026-09-20 13:44:24.114] [gas-forecast] [] [] [c.g.forecast.common.web.WebLogAspect] [http-nio-8080-exec-7] [INFO] - Request [模型训练配置列表查询] completed in 8 ms
[2026-09-20 13:44:24.115] [gas-forecast] [] [] [c.g.forecast.common.web.WebLogAspect] [http-nio-8080-exec-4] [INFO] - Request [行业列表查询] completed in 5 ms
[2026-09-20 13:44:24.115] [gas-forecast] [] [] [c.g.forecast.common.web.WebLogAspect] [http-nio-8080-exec-2] [INFO] - Request [区域列表查询] completed in 4 ms
[2026-09-20 13:44:24.115] [gas-forecast] [] [] [c.g.forecast.common.web.WebLogAspect] [http-nio-8080-exec-5] [INFO] - Request [客户列表分页查询] completed in 4 ms
[2026-09-20 13:44:24.115] [gas-forecast] [] [] [c.g.forecast.common.web.WebLogAspect] [http-nio-8080-exec-10] [INFO] - Request [模型列表查询] completed in 9 ms
[2026-09-20 13:44:27.523] [gas-forecast] [] [] [c.g.forecast.common.web.WebLogAspect] [http-nio-8080-exec-6] [INFO] - Request [查看模型训练结果] POST /gas-forecast/model-train-execution/result args={reqDTO={"id":1,"trainCode":"TRCFG-00001","trainName":"测试北京训练","agentCode":"winter-supply","modelId":1,"modelCode":"WINTER_MODEL_V1.0","modelName":"冬季保供模型","regionCode":"REG000005","regionName":"北京","industryCode":"","industryName":"","customerCode":"","customerName":"","trainStartDate":"2015-01-01","trainEndDate":"2026-09-01","trainMode":"RANGE","timeGranularity":"TENDAY","recentPeriods":36,"enabled":1,"remark":"","createdBy":"system","createdByName":"系统","createdAt":"2026-09-18 16:50:57","updatedAt":"2026-09-20 13:44:11"}}
[2026-09-20 13:44:27.537] [gas-forecast] [] [] [c.g.forecast.common.web.WebLogAspect] [http-nio-8080-exec-6] [INFO] - Request [查看模型训练结果] completed in 14 ms
[2026-09-20 13:45:22.502] [gas-forecast] [] [] [c.g.forecast.common.web.WebLogAspect] [http-nio-8080-exec-8] [INFO] - Request [获取当前登录用户权限] GET /gas-forecast/auth/permissions args={}
[2026-09-20 13:45:22.517] [gas-forecast] [] [] [c.g.forecast.common.web.WebLogAspect] [http-nio-8080-exec-8] [INFO] - Request [获取当前登录用户权限] completed in 15 ms
[2026-09-20 13:45:22.564] [gas-forecast] [] [] [c.g.forecast.common.web.WebLogAspect] [http-nio-8080-exec-2] [INFO] - Request [模型训练配置列表查询] POST /gas-forecast/model-train-config/listPage args={reqDTO=ModelTrainConfigPageReqDTO[page=1, size=10, keyword=null, agentCode=null, timeGranularity=null]}
[2026-09-20 13:45:22.564] [gas-forecast] [] [] [c.g.forecast.common.web.WebLogAspect] [http-nio-8080-exec-4] [INFO] - Request [模型列表查询] POST /gas-forecast/model-config/listPage args={reqDTO=ModelConfigPageReqDTO[page=1, size=1000, keyword=null]}
[2026-09-20 13:45:22.567] [gas-forecast] [] [] [c.g.forecast.common.web.WebLogAspect] [http-nio-8080-exec-9] [INFO] - Request [行业列表查询] POST /gas-forecast/base-industry/listPage args={reqDTO=BaseIndustryPageReqDTO[page=1, size=1000, keyword=null]}
[2026-09-20 13:45:22.567] [gas-forecast] [] [] [c.g.forecast.common.web.WebLogAspect] [http-nio-8080-exec-3] [INFO] - Request [区域列表查询] POST /gas-forecast/base-region/listPage args={reqDTO=BaseRegionPageReqDTO[page=1, size=1000, keyword=null]}
[2026-09-20 13:45:22.567] [gas-forecast] [] [] [c.g.forecast.common.web.WebLogAspect] [http-nio-8080-exec-1] [INFO] - Request [客户列表分页查询] POST /gas-forecast/base-customer/listPage args={reqDTO=BaseCustomerPageReqDTO[page=1, size=1000, keyword=null]}
[2026-09-20 13:45:22.568] [gas-forecast] [] [] [c.g.forecast.common.web.WebLogAspect] [http-nio-8080-exec-2] [INFO] - Request [模型训练配置列表查询] completed in 4 ms
[2026-09-20 13:45:22.571] [gas-forecast] [] [] [c.g.forecast.common.web.WebLogAspect] [http-nio-8080-exec-9] [INFO] - Request [行业列表查询] completed in 4 ms
[2026-09-20 13:45:22.571] [gas-forecast] [] [] [c.g.forecast.common.web.WebLogAspect] [http-nio-8080-exec-3] [INFO] - Request [区域列表查询] completed in 4 ms
[2026-09-20 13:45:22.571] [gas-forecast] [] [] [c.g.forecast.common.web.WebLogAspect] [http-nio-8080-exec-1] [INFO] - Request [客户列表分页查询] completed in 4 ms
[2026-09-20 13:45:22.572] [gas-forecast] [] [] [c.g.forecast.common.web.WebLogAspect] [http-nio-8080-exec-4] [INFO] - Request [模型列表查询] completed in 8 ms
[2026-09-20 13:45:24.276] [gas-forecast] [] [] [c.g.forecast.common.web.WebLogAspect] [http-nio-8080-exec-7] [INFO] - Request [查看模型训练结果] POST /gas-forecast/model-train-execution/result args={reqDTO={"id":1,"trainCode":"TRCFG-00001","trainName":"测试北京训练","agentCode":"winter-supply","modelId":1,"modelCode":"WINTER_MODEL_V1.0","modelName":"冬季保供模型","regionCode":"REG000005","regionName":"北京","industryCode":"","industryName":"","customerCode":"","customerName":"","trainStartDate":"2015-01-01","trainEndDate":"2026-09-01","trainMode":"RANGE","timeGranularity":"TENDAY","recentPeriods":36,"enabled":1,"remark":"","createdBy":"system","createdByName":"系统","createdAt":"2026-09-18 16:50:57","updatedAt":"2026-09-20 13:44:11"}}
[2026-09-20 13:45:24.283] [gas-forecast] [] [] [c.g.forecast.common.web.WebLogAspect] [http-nio-8080-exec-7] [INFO] - Request [查看模型训练结果] completed in 7 ms
[2026-09-20 13:47:46.961] [gas-forecast] [] [] [c.g.forecast.common.web.WebLogAspect] [http-nio-8080-exec-5] [INFO] - Request [获取当前登录用户权限] GET /gas-forecast/auth/permissions args={}
[2026-09-20 13:47:46.988] [gas-forecast] [] [] [c.g.forecast.common.web.WebLogAspect] [http-nio-8080-exec-5] [INFO] - Request [获取当前登录用户权限] completed in 27 ms
[2026-09-20 13:47:47.030] [gas-forecast] [] [] [c.g.forecast.common.web.WebLogAspect] [http-nio-8080-exec-10] [INFO] - Request [模型列表查询] POST /gas-forecast/model-config/listPage args={reqDTO=ModelConfigPageReqDTO[page=1, size=1000, keyword=null]}
[2026-09-20 13:47:47.030] [gas-forecast] [] [] [c.g.forecast.common.web.WebLogAspect] [http-nio-8080-exec-9] [INFO] - Request [模型训练配置列表查询] POST /gas-forecast/model-train-config/listPage args={reqDTO=ModelTrainConfigPageReqDTO[page=1, size=10, keyword=null, agentCode=null, timeGranularity=null]}
[2026-09-20 13:47:47.034] [gas-forecast] [] [] [c.g.forecast.common.web.WebLogAspect] [http-nio-8080-exec-2] [INFO] - Request [客户列表分页查询] POST /gas-forecast/base-customer/listPage args={reqDTO=BaseCustomerPageReqDTO[page=1, size=1000, keyword=null]}
[2026-09-20 13:47:47.034] [gas-forecast] [] [] [c.g.forecast.common.web.WebLogAspect] [http-nio-8080-exec-6] [INFO] - Request [区域列表查询] POST /gas-forecast/base-region/listPage args={reqDTO=BaseRegionPageReqDTO[page=1, size=1000, keyword=null]}
[2026-09-20 13:47:47.034] [gas-forecast] [] [] [c.g.forecast.common.web.WebLogAspect] [http-nio-8080-exec-8] [INFO] - Request [行业列表查询] POST /gas-forecast/base-industry/listPage args={reqDTO=BaseIndustryPageReqDTO[page=1, size=1000, keyword=null]}
[2026-09-20 13:47:47.039] [gas-forecast] [] [] [c.g.forecast.common.web.WebLogAspect] [http-nio-8080-exec-9] [INFO] - Request [模型训练配置列表查询] completed in 9 ms
[2026-09-20 13:47:47.040] [gas-forecast] [] [] [c.g.forecast.common.web.WebLogAspect] [http-nio-8080-exec-8] [INFO] - Request [行业列表查询] completed in 6 ms
[2026-09-20 13:47:47.041] [gas-forecast] [] [] [c.g.forecast.common.web.WebLogAspect] [http-nio-8080-exec-6] [INFO] - Request [区域列表查询] completed in 7 ms
[2026-09-20 13:47:47.041] [gas-forecast] [] [] [c.g.forecast.common.web.WebLogAspect] [http-nio-8080-exec-10] [INFO] - Request [模型列表查询] completed in 11 ms
[2026-09-20 13:47:47.044] [gas-forecast] [] [] [c.g.forecast.common.web.WebLogAspect] [http-nio-8080-exec-2] [INFO] - Request [客户列表分页查询] completed in 10 ms
[2026-09-20 13:47:51.623] [gas-forecast] [] [] [c.g.forecast.common.web.WebLogAspect] [http-nio-8080-exec-3] [INFO] - Request [查看模型训练结果] POST /gas-forecast/model-train-execution/result args={reqDTO={"id":1,"trainCode":"TRCFG-00001","trainName":"测试北京训练","agentCode":"winter-supply","modelId":1,"modelCode":"WINTER_MODEL_V1.0","modelName":"冬季保供模型","regionCode":"REG000005","regionName":"北京","industryCode":"","industryName":"","customerCode":"","customerName":"","trainStartDate":"2015-01-01","trainEndDate":"2026-09-01","trainMode":"RANGE","timeGranularity":"TENDAY","recentPeriods":36,"enabled":1,"remark":"","createdBy":"system","createdByName":"系统","createdAt":"2026-09-18 16:50:57","updatedAt":"2026-09-20 13:44:11"}}
[2026-09-20 13:47:51.634] [gas-forecast] [] [] [c.g.forecast.common.web.WebLogAspect] [http-nio-8080-exec-3] [INFO] - Request [查看模型训练结果] completed in 11 ms
[2026-09-20 13:48:47.634] [gas-forecast] [] [] [c.g.forecast.common.web.WebLogAspect] [http-nio-8080-exec-1] [INFO] - Request [获取当前登录用户权限] GET /gas-forecast/auth/permissions args={}
[2026-09-20 13:48:47.646] [gas-forecast] [] [] [c.g.forecast.common.web.WebLogAspect] [http-nio-8080-exec-1] [INFO] - Request [获取当前登录用户权限] completed in 12 ms
[2026-09-20 13:48:47.680] [gas-forecast] [] [] [c.g.forecast.common.web.WebLogAspect] [http-nio-8080-exec-4] [INFO] - Request [模型列表查询] POST /gas-forecast/model-config/listPage args={reqDTO=ModelConfigPageReqDTO[page=1, size=1000, keyword=null]}
[2026-09-20 13:48:47.680] [gas-forecast] [] [] [c.g.forecast.common.web.WebLogAspect] [http-nio-8080-exec-8] [INFO] - Request [模型训练配置列表查询] POST /gas-forecast/model-train-config/listPage args={reqDTO=ModelTrainConfigPageReqDTO[page=1, size=10, keyword=null, agentCode=null, timeGranularity=null]}
[2026-09-20 13:48:47.683] [gas-forecast] [] [] [c.g.forecast.common.web.WebLogAspect] [http-nio-8080-exec-9] [INFO] - Request [行业列表查询] POST /gas-forecast/base-industry/listPage args={reqDTO=BaseIndustryPageReqDTO[page=1, size=1000, keyword=null]}
[2026-09-20 13:48:47.684] [gas-forecast] [] [] [c.g.forecast.common.web.WebLogAspect] [http-nio-8080-exec-7] [INFO] - Request [区域列表查询] POST /gas-forecast/base-region/listPage args={reqDTO=BaseRegionPageReqDTO[page=1, size=1000, keyword=null]}
[2026-09-20 13:48:47.684] [gas-forecast] [] [] [c.g.forecast.common.web.WebLogAspect] [http-nio-8080-exec-5] [INFO] - Request [客户列表分页查询] POST /gas-forecast/base-customer/listPage args={reqDTO=BaseCustomerPageReqDTO[page=1, size=1000, keyword=null]}
[2026-09-20 13:48:47.686] [gas-forecast] [] [] [c.g.forecast.common.web.WebLogAspect] [http-nio-8080-exec-8] [INFO] - Request [模型训练配置列表查询] completed in 6 ms
[2026-09-20 13:48:47.687] [gas-forecast] [] [] [c.g.forecast.common.web.WebLogAspect] [http-nio-8080-exec-7] [INFO] - Request [区域列表查询] completed in 3 ms
[2026-09-20 13:48:47.687] [gas-forecast] [] [] [c.g.forecast.common.web.WebLogAspect] [http-nio-8080-exec-9] [INFO] - Request [行业列表查询] completed in 4 ms
[2026-09-20 13:48:47.688] [gas-forecast] [] [] [c.g.forecast.common.web.WebLogAspect] [http-nio-8080-exec-5] [INFO] - Request [客户列表分页查询] completed in 4 ms
[2026-09-20 13:48:47.690] [gas-forecast] [] [] [c.g.forecast.common.web.WebLogAspect] [http-nio-8080-exec-4] [INFO] - Request [模型列表查询] completed in 10 ms
[2026-09-20 13:48:50.158] [gas-forecast] [] [] [c.g.forecast.common.web.WebLogAspect] [http-nio-8080-exec-10] [INFO] - Request [查看模型训练结果] POST /gas-forecast/model-train-execution/result args={reqDTO={"id":2,"trainCode":"TRCFG-00002","trainName":"训练江苏","agentCode":"short-term","modelId":2,"modelCode":"MODEL_JIANGSHU_DIANLI_V1.0","modelName":"浙江电力模型","regionCode":"REG000012","regionName":"江苏","industryCode":"","industryName":"","customerCode":"","customerName":"","trainStartDate":null,"trainEndDate":null,"trainMode":"RECENT","timeGranularity":"MONTH","recentPeriods":36,"enabled":1,"remark":"","createdBy":"system","createdByName":"系统","createdAt":"2026-09-20 13:44:07","updatedAt":"2026-09-20 13:44:07"}}
[2026-09-20 13:48:50.162] [gas-forecast] [] [] [c.g.forecast.common.web.WebLogAspect] [http-nio-8080-exec-10] [INFO] - Request [查看模型训练结果] completed in 4 ms
[2026-09-20 13:48:51.858] [gas-forecast] [] [] [c.g.forecast.common.web.WebLogAspect] [http-nio-8080-exec-6] [INFO] - Request [模型列表查询] POST /gas-forecast/model-config/listPage args={reqDTO=ModelConfigPageReqDTO[page=1, size=10, keyword=null]}
[2026-09-20 13:48:51.866] [gas-forecast] [] [] [c.g.forecast.common.web.WebLogAspect] [http-nio-8080-exec-6] [INFO] - Request [模型列表查询] completed in 8 ms
[2026-09-20 13:48:54.399] [gas-forecast] [] [] [c.g.forecast.common.web.WebLogAspect] [http-nio-8080-exec-3] [INFO] - Request [模型列表查询] POST /gas-forecast/model-config/listPage args={reqDTO=ModelConfigPageReqDTO[page=1, size=1000, keyword=null]}
[2026-09-20 13:48:54.399] [gas-forecast] [] [] [c.g.forecast.common.web.WebLogAspect] [http-nio-8080-exec-7] [INFO] - Request [模型训练配置列表查询] POST /gas-forecast/model-train-config/listPage args={reqDTO=ModelTrainConfigPageReqDTO[page=1, size=10, keyword=null, agentCode=null, timeGranularity=null]}
[2026-09-20 13:48:54.403] [gas-forecast] [] [] [c.g.forecast.common.web.WebLogAspect] [http-nio-8080-exec-2] [INFO] - Request [区域列表查询] POST /gas-forecast/base-region/listPage args={reqDTO=BaseRegionPageReqDTO[page=1, size=1000, keyword=null]}
[2026-09-20 13:48:54.403] [gas-forecast] [] [] [c.g.forecast.common.web.WebLogAspect] [http-nio-8080-exec-8] [INFO] - Request [行业列表查询] POST /gas-forecast/base-industry/listPage args={reqDTO=BaseIndustryPageReqDTO[page=1, size=1000, keyword=null]}
[2026-09-20 13:48:54.404] [gas-forecast] [] [] [c.g.forecast.common.web.WebLogAspect] [http-nio-8080-exec-1] [INFO] - Request [客户列表分页查询] POST /gas-forecast/base-customer/listPage args={reqDTO=BaseCustomerPageReqDTO[page=1, size=1000, keyword=null]}
[2026-09-20 13:48:54.405] [gas-forecast] [] [] [c.g.forecast.common.web.WebLogAspect] [http-nio-8080-exec-7] [INFO] - Request [模型训练配置列表查询] completed in 6 ms
[2026-09-20 13:48:54.411] [gas-forecast] [] [] [c.g.forecast.common.web.WebLogAspect] [http-nio-8080-exec-8] [INFO] - Request [行业列表查询] completed in 8 ms
[2026-09-20 13:48:54.411] [gas-forecast] [] [] [c.g.forecast.common.web.WebLogAspect] [http-nio-8080-exec-3] [INFO] - Request [模型列表查询] completed in 12 ms
[2026-09-20 13:48:54.411] [gas-forecast] [] [] [c.g.forecast.common.web.WebLogAspect] [http-nio-8080-exec-2] [INFO] - Request [区域列表查询] completed in 8 ms
[2026-09-20 13:48:54.412] [gas-forecast] [] [] [c.g.forecast.common.web.WebLogAspect] [http-nio-8080-exec-1] [INFO] - Request [客户列表分页查询] completed in 8 ms
[2026-09-20 13:48:55.858] [gas-forecast] [] [] [c.g.forecast.common.web.WebLogAspect] [http-nio-8080-exec-9] [INFO] - Request [查看模型训练结果] POST /gas-forecast/model-train-execution/result args={reqDTO={"id":1,"trainCode":"TRCFG-00001","trainName":"测试北京训练","agentCode":"winter-supply","modelId":1,"modelCode":"WINTER_MODEL_V1.0","modelName":"冬季保供模型","regionCode":"REG000005","regionName":"北京","industryCode":"","industryName":"","customerCode":"","customerName":"","trainStartDate":"2015-01-01","trainEndDate":"2026-09-01","trainMode":"RANGE","timeGranularity":"TENDAY","recentPeriods":36,"enabled":1,"remark":"","createdBy":"system","createdByName":"系统","createdAt":"2026-09-18 16:50:57","updatedAt":"2026-09-20 13:44:11"}}
[2026-09-20 13:48:55.867] [gas-forecast] [] [] [c.g.forecast.common.web.WebLogAspect] [http-nio-8080-exec-9] [INFO] - Request [查看模型训练结果] completed in 9 ms
[2026-09-20 13:52:23.559] [gas-forecast] [] [] [c.g.forecast.common.web.WebLogAspect] [http-nio-8080-exec-5] [INFO] - Request [获取当前登录用户权限] GET /gas-forecast/auth/permissions args={}
[2026-09-20 13:52:23.574] [gas-forecast] [] [] [c.g.forecast.common.web.WebLogAspect] [http-nio-8080-exec-5] [INFO] - Request [获取当前登录用户权限] completed in 15 ms
[2026-09-20 13:52:23.607] [gas-forecast] [] [] [c.g.forecast.common.web.WebLogAspect] [http-nio-8080-exec-10] [INFO] - Request [模型列表查询] POST /gas-forecast/model-config/listPage args={reqDTO=ModelConfigPageReqDTO[page=1, size=1000, keyword=null]}
[2026-09-20 13:52:23.608] [gas-forecast] [] [] [c.g.forecast.common.web.WebLogAspect] [http-nio-8080-exec-7] [INFO] - Request [模型训练配置列表查询] POST /gas-forecast/model-train-config/listPage args={reqDTO=ModelTrainConfigPageReqDTO[page=1, size=10, keyword=null, agentCode=null, timeGranularity=null]}
[2026-09-20 13:52:23.611] [gas-forecast] [] [] [c.g.forecast.common.web.WebLogAspect] [http-nio-8080-exec-6] [INFO] - Request [行业列表查询] POST /gas-forecast/base-industry/listPage args={reqDTO=BaseIndustryPageReqDTO[page=1, size=1000, keyword=null]}
[2026-09-20 13:52:23.612] [gas-forecast] [] [] [c.g.forecast.common.web.WebLogAspect] [http-nio-8080-exec-4] [INFO] - Request [区域列表查询] POST /gas-forecast/base-region/listPage args={reqDTO=BaseRegionPageReqDTO[page=1, size=1000, keyword=null]}
[2026-09-20 13:52:23.612] [gas-forecast] [] [] [c.g.forecast.common.web.WebLogAspect] [http-nio-8080-exec-8] [INFO] - Request [客户列表分页查询] POST /gas-forecast/base-customer/listPage args={reqDTO=BaseCustomerPageReqDTO[page=1, size=1000, keyword=null]}
[2026-09-20 13:52:23.613] [gas-forecast] [] [] [c.g.forecast.common.web.WebLogAspect] [http-nio-8080-exec-7] [INFO] - Request [模型训练配置列表查询] completed in 5 ms
[2026-09-20 13:52:23.614] [gas-forecast] [] [] [c.g.forecast.common.web.WebLogAspect] [http-nio-8080-exec-6] [INFO] - Request [行业列表查询] completed in 3 ms
[2026-09-20 13:52:23.615] [gas-forecast] [] [] [c.g.forecast.common.web.WebLogAspect] [http-nio-8080-exec-4] [INFO] - Request [区域列表查询] completed in 3 ms
[2026-09-20 13:52:23.616] [gas-forecast] [] [] [c.g.forecast.common.web.WebLogAspect] [http-nio-8080-exec-8] [INFO] - Request [客户列表分页查询] completed in 4 ms
[2026-09-20 13:52:23.619] [gas-forecast] [] [] [c.g.forecast.common.web.WebLogAspect] [http-nio-8080-exec-10] [INFO] - Request [模型列表查询] completed in 12 ms
[2026-09-20 13:52:26.085] [gas-forecast] [] [] [c.g.forecast.common.web.WebLogAspect] [http-nio-8080-exec-3] [INFO] - Request [查看模型训练结果] POST /gas-forecast/model-train-execution/result args={reqDTO={"id":1,"trainCode":"TRCFG-00001","trainName":"测试北京训练","agentCode":"winter-supply","modelId":1,"modelCode":"WINTER_MODEL_V1.0","modelName":"冬季保供模型","regionCode":"REG000005","regionName":"北京","industryCode":"","industryName":"","customerCode":"","customerName":"","trainStartDate":"2015-01-01","trainEndDate":"2026-09-01","trainMode":"RANGE","timeGranularity":"TENDAY","recentPeriods":36,"enabled":1,"remark":"","createdBy":"system","createdByName":"系统","createdAt":"2026-09-18 16:50:57","updatedAt":"2026-09-20 13:44:11"}}
[2026-09-20 13:52:26.094] [gas-forecast] [] [] [c.g.forecast.common.web.WebLogAspect] [http-nio-8080-exec-3] [INFO] - Request [查看模型训练结果] completed in 9 ms
[2026-09-20 13:54:12.639] [gas-forecast] [] [] [c.g.forecast.common.web.WebLogAspect] [http-nio-8080-exec-2] [INFO] - Request [模型列表查询] POST /gas-forecast/model-config/listPage args={reqDTO=ModelConfigPageReqDTO[page=1, size=1000, keyword=null]}
[2026-09-20 13:54:12.639] [gas-forecast] [] [] [c.g.forecast.common.web.WebLogAspect] [http-nio-8080-exec-7] [INFO] - Request [模型训练配置列表查询] POST /gas-forecast/model-train-config/listPage args={reqDTO=ModelTrainConfigPageReqDTO[page=1, size=10, keyword=null, agentCode=null, timeGranularity=null]}
[2026-09-20 13:54:12.647] [gas-forecast] [] [] [c.g.forecast.common.web.WebLogAspect] [http-nio-8080-exec-7] [INFO] - Request [模型训练配置列表查询] completed in 8 ms
[2026-09-20 13:54:12.647] [gas-forecast] [] [] [c.g.forecast.common.web.WebLogAspect] [http-nio-8080-exec-1] [INFO] - Request [区域列表查询] POST /gas-forecast/base-region/listPage args={reqDTO=BaseRegionPageReqDTO[page=1, size=1000, keyword=null]}
[2026-09-20 13:54:12.647] [gas-forecast] [] [] [c.g.forecast.common.web.WebLogAspect] [http-nio-8080-exec-5] [INFO] - Request [客户列表分页查询] POST /gas-forecast/base-customer/listPage args={reqDTO=BaseCustomerPageReqDTO[page=1, size=1000, keyword=null]}
[2026-09-20 13:54:12.647] [gas-forecast] [] [] [c.g.forecast.common.web.WebLogAspect] [http-nio-8080-exec-9] [INFO] - Request [行业列表查询] POST /gas-forecast/base-industry/listPage args={reqDTO=BaseIndustryPageReqDTO[page=1, size=1000, keyword=null]}
[2026-09-20 13:54:12.652] [gas-forecast] [] [] [c.g.forecast.common.web.WebLogAspect] [http-nio-8080-exec-1] [INFO] - Request [区域列表查询] completed in 5 ms
[2026-09-20 13:54:12.652] [gas-forecast] [] [] [c.g.forecast.common.web.WebLogAspect] [http-nio-8080-exec-2] [INFO] - Request [模型列表查询] completed in 13 ms
[2026-09-20 13:54:12.652] [gas-forecast] [] [] [c.g.forecast.common.web.WebLogAspect] [http-nio-8080-exec-9] [INFO] - Request [行业列表查询] completed in 5 ms
[2026-09-20 13:54:12.656] [gas-forecast] [] [] [c.g.forecast.common.web.WebLogAspect] [http-nio-8080-exec-5] [INFO] - Request [客户列表分页查询] completed in 9 ms
[2026-09-20 13:54:41.936] [gas-forecast] [] [] [c.g.forecast.common.web.WebLogAspect] [http-nio-8080-exec-6] [INFO] - Request [模型列表查询] POST /gas-forecast/model-config/listPage args={reqDTO=ModelConfigPageReqDTO[page=1, size=1000, keyword=null]}
[2026-09-20 13:54:41.936] [gas-forecast] [] [] [c.g.forecast.common.web.WebLogAspect] [http-nio-8080-exec-3] [INFO] - Request [模型训练配置列表查询] POST /gas-forecast/model-train-config/listPage args={reqDTO=ModelTrainConfigPageReqDTO[page=1, size=10, keyword=null, agentCode=null, timeGranularity=null]}
[2026-09-20 13:54:41.944] [gas-forecast] [] [] [c.g.forecast.common.web.WebLogAspect] [http-nio-8080-exec-4] [INFO] - Request [区域列表查询] POST /gas-forecast/base-region/listPage args={reqDTO=BaseRegionPageReqDTO[page=1, size=1000, keyword=null]}
[2026-09-20 13:54:41.944] [gas-forecast] [] [] [c.g.forecast.common.web.WebLogAspect] [http-nio-8080-exec-10] [INFO] - Request [客户列表分页查询] POST /gas-forecast/base-customer/listPage args={reqDTO=BaseCustomerPageReqDTO[page=1, size=1000, keyword=null]}
[2026-09-20 13:54:41.944] [gas-forecast] [] [] [c.g.forecast.common.web.WebLogAspect] [http-nio-8080-exec-8] [INFO] - Request [行业列表查询] POST /gas-forecast/base-industry/listPage args={reqDTO=BaseIndustryPageReqDTO[page=1, size=1000, keyword=null]}
[2026-09-20 13:54:41.946] [gas-forecast] [] [] [c.g.forecast.common.web.WebLogAspect] [http-nio-8080-exec-3] [INFO] - Request [模型训练配置列表查询] completed in 10 ms
[2026-09-20 13:54:41.950] [gas-forecast] [] [] [c.g.forecast.common.web.WebLogAspect] [http-nio-8080-exec-4] [INFO] - Request [区域列表查询] completed in 6 ms
[2026-09-20 13:54:41.951] [gas-forecast] [] [] [c.g.forecast.common.web.WebLogAspect] [http-nio-8080-exec-6] [INFO] - Request [模型列表查询] completed in 15 ms
[2026-09-20 13:54:41.951] [gas-forecast] [] [] [c.g.forecast.common.web.WebLogAspect] [http-nio-8080-exec-10] [INFO] - Request [客户列表分页查询] completed in 7 ms
[2026-09-20 13:54:41.952] [gas-forecast] [] [] [c.g.forecast.common.web.WebLogAspect] [http-nio-8080-exec-8] [INFO] - Request [行业列表查询] completed in 8 ms
[2026-09-20 13:55:56.921] [gas-forecast] [] [] [c.g.forecast.common.web.WebLogAspect] [http-nio-8080-exec-7] [INFO] - Request [查看模型训练结果] POST /gas-forecast/model-train-execution/result args={reqDTO={"id":1,"trainCode":"TRCFG-00001","trainName":"测试北京训练","agentCode":"winter-supply","modelId":1,"modelCode":"WINTER_MODEL_V1.0","modelName":"冬季保供模型","regionCode":"REG000005","regionName":"北京","industryCode":"","industryName":"","customerCode":"","customerName":"","trainStartDate":"2015-01-01","trainEndDate":"2026-09-01","trainMode":"RANGE","timeGranularity":"TENDAY","recentPeriods":36,"enabled":1,"remark":"","createdBy":"system","createdByName":"系统","createdAt":"2026-09-18 16:50:57","updatedAt":"2026-09-20 13:44:11"}}
[2026-09-20 13:55:56.940] [gas-forecast] [] [] [c.g.forecast.common.web.WebLogAspect] [http-nio-8080-exec-7] [INFO] - Request [查看模型训练结果] completed in 19 ms
[2026-09-20 13:56:21.647] [gas-forecast] [] [] [c.g.forecast.common.web.WebLogAspect] [http-nio-8080-exec-1] [INFO] - Request [查看模型训练结果] POST /gas-forecast/model-train-execution/result args={reqDTO={"id":1,"trainCode":"TRCFG-00001","trainName":"测试北京训练","agentCode":"winter-supply","modelId":1,"modelCode":"WINTER_MODEL_V1.0","modelName":"冬季保供模型","regionCode":"REG000005","regionName":"北京","industryCode":"","industryName":"","customerCode":"","customerName":"","trainStartDate":"2015-01-01","trainEndDate":"2026-09-01","trainMode":"RANGE","timeGranularity":"TENDAY","recentPeriods":36,"enabled":1,"remark":"","createdBy":"system","createdByName":"系统","createdAt":"2026-09-18 16:50:57","updatedAt":"2026-09-20 13:44:11"}}
[2026-09-20 13:56:21.658] [gas-forecast] [] [] [c.g.forecast.common.web.WebLogAspect] [http-nio-8080-exec-1] [INFO] - Request [查看模型训练结果] completed in 11 ms
[2026-09-20 13:56:34.182] [gas-forecast] [] [] [c.g.forecast.common.web.WebLogAspect] [http-nio-8080-exec-5] [INFO] - Request [获取当前登录用户权限] GET /gas-forecast/auth/permissions args={}
[2026-09-20 13:56:34.188] [gas-forecast] [] [] [c.g.forecast.common.web.WebLogAspect] [http-nio-8080-exec-5] [INFO] - Request [获取当前登录用户权限] completed in 6 ms
[2026-09-20 13:56:34.262] [gas-forecast] [] [] [c.g.forecast.common.web.WebLogAspect] [http-nio-8080-exec-10] [INFO] - Request [模型列表查询] POST /gas-forecast/model-config/listPage args={reqDTO=ModelConfigPageReqDTO[page=1, size=1000, keyword=null]}
[2026-09-20 13:56:34.262] [gas-forecast] [] [] [c.g.forecast.common.web.WebLogAspect] [http-nio-8080-exec-8] [INFO] - Request [模型训练配置列表查询] POST /gas-forecast/model-train-config/listPage args={reqDTO=ModelTrainConfigPageReqDTO[page=1, size=10, keyword=null, agentCode=null, timeGranularity=null]}
[2026-09-20 13:56:34.265] [gas-forecast] [] [] [c.g.forecast.common.web.WebLogAspect] [http-nio-8080-exec-6] [INFO] - Request [行业列表查询] POST /gas-forecast/base-industry/listPage args={reqDTO=BaseIndustryPageReqDTO[page=1, size=1000, keyword=null]}
[2026-09-20 13:56:34.267] [gas-forecast] [] [] [c.g.forecast.common.web.WebLogAspect] [http-nio-8080-exec-4] [INFO] - Request [客户列表分页查询] POST /gas-forecast/base-customer/listPage args={reqDTO=BaseCustomerPageReqDTO[page=1, size=1000, keyword=null]}
[2026-09-20 13:56:34.267] [gas-forecast] [] [] [c.g.forecast.common.web.WebLogAspect] [http-nio-8080-exec-3] [INFO] - Request [区域列表查询] POST /gas-forecast/base-region/listPage args={reqDTO=BaseRegionPageReqDTO[page=1, size=1000, keyword=null]}
[2026-09-20 13:56:34.271] [gas-forecast] [] [] [c.g.forecast.common.web.WebLogAspect] [http-nio-8080-exec-8] [INFO] - Request [模型训练配置列表查询] completed in 9 ms
[2026-09-20 13:56:34.271] [gas-forecast] [] [] [c.g.forecast.common.web.WebLogAspect] [http-nio-8080-exec-4] [INFO] - Request [客户列表分页查询] completed in 4 ms
[2026-09-20 13:56:34.273] [gas-forecast] [] [] [c.g.forecast.common.web.WebLogAspect] [http-nio-8080-exec-6] [INFO] - Request [行业列表查询] completed in 8 ms
[2026-09-20 13:56:34.273] [gas-forecast] [] [] [c.g.forecast.common.web.WebLogAspect] [http-nio-8080-exec-3] [INFO] - Request [区域列表查询] completed in 6 ms
[2026-09-20 13:56:34.276] [gas-forecast] [] [] [c.g.forecast.common.web.WebLogAspect] [http-nio-8080-exec-10] [INFO] - Request [模型列表查询] completed in 14 ms
[2026-09-20 13:56:36.917] [gas-forecast] [] [] [c.g.forecast.common.web.WebLogAspect] [http-nio-8080-exec-7] [INFO] - Request [查看模型训练结果] POST /gas-forecast/model-train-execution/result args={reqDTO={"id":1,"trainCode":"TRCFG-00001","trainName":"测试北京训练","agentCode":"winter-supply","modelId":1,"modelCode":"WINTER_MODEL_V1.0","modelName":"冬季保供模型","regionCode":"REG000005","regionName":"北京","industryCode":"","industryName":"","customerCode":"","customerName":"","trainStartDate":"2015-01-01","trainEndDate":"2026-09-01","trainMode":"RANGE","timeGranularity":"TENDAY","recentPeriods":36,"enabled":1,"remark":"","createdBy":"system","createdByName":"系统","createdAt":"2026-09-18 16:50:57","updatedAt":"2026-09-20 13:44:11"}}
[2026-09-20 13:56:36.924] [gas-forecast] [] [] [c.g.forecast.common.web.WebLogAspect] [http-nio-8080-exec-7] [INFO] - Request [查看模型训练结果] completed in 7 ms
[2026-09-20 14:03:14.109] [gas-forecast] [] [] [c.g.forecast.common.web.WebLogAspect] [http-nio-8080-exec-1] [INFO] - Request [模型列表查询] POST /gas-forecast/model-config/listPage args={reqDTO=ModelConfigPageReqDTO[page=1, size=1000, keyword=null]}
[2026-09-20 14:03:14.109] [gas-forecast] [] [] [c.g.forecast.common.web.WebLogAspect] [http-nio-8080-exec-8] [INFO] - Request [模型训练配置列表查询] POST /gas-forecast/model-train-config/listPage args={reqDTO=ModelTrainConfigPageReqDTO[page=1, size=10, keyword=null, agentCode=null, timeGranularity=null]}
[2026-09-20 14:03:14.121] [gas-forecast] [] [] [c.g.forecast.common.web.WebLogAspect] [http-nio-8080-exec-8] [INFO] - Request [模型训练配置列表查询] completed in 12 ms
[2026-09-20 14:03:14.121] [gas-forecast] [] [] [c.g.forecast.common.web.WebLogAspect] [http-nio-8080-exec-5] [INFO] - Request [客户列表分页查询] POST /gas-forecast/base-customer/listPage args={reqDTO=BaseCustomerPageReqDTO[page=1, size=1000, keyword=null]}
[2026-09-20 14:03:14.121] [gas-forecast] [] [] [c.g.forecast.common.web.WebLogAspect] [http-nio-8080-exec-2] [INFO] - Request [行业列表查询] POST /gas-forecast/base-industry/listPage args={reqDTO=BaseIndustryPageReqDTO[page=1, size=1000, keyword=null]}
[2026-09-20 14:03:14.121] [gas-forecast] [] [] [c.g.forecast.common.web.WebLogAspect] [http-nio-8080-exec-9] [INFO] - Request [区域列表查询] POST /gas-forecast/base-region/listPage args={reqDTO=BaseRegionPageReqDTO[page=1, size=1000, keyword=null]}
[2026-09-20 14:03:14.125] [gas-forecast] [] [] [c.g.forecast.common.web.WebLogAspect] [http-nio-8080-exec-1] [INFO] - Request [模型列表查询] completed in 16 ms
[2026-09-20 14:03:14.126] [gas-forecast] [] [] [c.g.forecast.common.web.WebLogAspect] [http-nio-8080-exec-2] [INFO] - Request [行业列表查询] completed in 5 ms
[2026-09-20 14:03:14.129] [gas-forecast] [] [] [c.g.forecast.common.web.WebLogAspect] [http-nio-8080-exec-9] [INFO] - Request [区域列表查询] completed in 8 ms
[2026-09-20 14:03:14.130] [gas-forecast] [] [] [c.g.forecast.common.web.WebLogAspect] [http-nio-8080-exec-5] [INFO] - Request [客户列表分页查询] completed in 9 ms
[2026-09-20 14:03:49.002] [gas-forecast] [] [] [c.g.forecast.common.web.WebLogAspect] [http-nio-8080-exec-4] [INFO] - Request [模型列表查询] POST /gas-forecast/model-config/listPage args={reqDTO=ModelConfigPageReqDTO[page=1, size=1000, keyword=null]}
[2026-09-20 14:03:49.003] [gas-forecast] [] [] [c.g.forecast.common.web.WebLogAspect] [http-nio-8080-exec-7] [INFO] - Request [模型训练配置列表查询] POST /gas-forecast/model-train-config/listPage args={reqDTO=ModelTrainConfigPageReqDTO[page=1, size=10, keyword=null, agentCode=null, timeGranularity=null]}
[2026-09-20 14:03:49.006] [gas-forecast] [] [] [c.g.forecast.common.web.WebLogAspect] [http-nio-8080-exec-6] [INFO] - Request [行业列表查询] POST /gas-forecast/base-industry/listPage args={reqDTO=BaseIndustryPageReqDTO[page=1, size=1000, keyword=null]}
[2026-09-20 14:03:49.006] [gas-forecast] [] [] [c.g.forecast.common.web.WebLogAspect] [http-nio-8080-exec-3] [INFO] - Request [区域列表查询] POST /gas-forecast/base-region/listPage args={reqDTO=BaseRegionPageReqDTO[page=1, size=1000, keyword=null]}
[2026-09-20 14:03:49.006] [gas-forecast] [] [] [c.g.forecast.common.web.WebLogAspect] [http-nio-8080-exec-10] [INFO] - Request [客户列表分页查询] POST /gas-forecast/base-customer/listPage args={reqDTO=BaseCustomerPageReqDTO[page=1, size=1000, keyword=null]}
[2026-09-20 14:03:49.009] [gas-forecast] [] [] [c.g.forecast.common.web.WebLogAspect] [http-nio-8080-exec-7] [INFO] - Request [模型训练配置列表查询] completed in 6 ms
[2026-09-20 14:03:49.012] [gas-forecast] [] [] [c.g.forecast.common.web.WebLogAspect] [http-nio-8080-exec-6] [INFO] - Request [行业列表查询] completed in 6 ms
[2026-09-20 14:03:49.012] [gas-forecast] [] [] [c.g.forecast.common.web.WebLogAspect] [http-nio-8080-exec-3] [INFO] - Request [区域列表查询] completed in 6 ms
[2026-09-20 14:03:49.012] [gas-forecast] [] [] [c.g.forecast.common.web.WebLogAspect] [http-nio-8080-exec-4] [INFO] - Request [模型列表查询] completed in 10 ms
[2026-09-20 14:03:49.015] [gas-forecast] [] [] [c.g.forecast.common.web.WebLogAspect] [http-nio-8080-exec-10] [INFO] - Request [客户列表分页查询] completed in 9 ms
[2026-09-20 14:04:05.722] [gas-forecast] [] [] [c.g.forecast.common.web.WebLogAspect] [http-nio-8080-exec-8] [INFO] - Request [模型列表查询] POST /gas-forecast/model-config/listPage args={reqDTO=ModelConfigPageReqDTO[page=1, size=1000, keyword=null]}
[2026-09-20 14:04:05.725] [gas-forecast] [] [] [c.g.forecast.common.web.WebLogAspect] [http-nio-8080-exec-9] [INFO] - Request [客户列表分页查询] POST /gas-forecast/base-customer/listPage args={reqDTO=BaseCustomerPageReqDTO[page=1, size=1000, keyword=null]}
[2026-09-20 14:04:05.726] [gas-forecast] [] [] [c.g.forecast.common.web.WebLogAspect] [http-nio-8080-exec-1] [INFO] - Request [区域列表查询] POST /gas-forecast/base-region/listPage args={reqDTO=BaseRegionPageReqDTO[page=1, size=1000, keyword=null]}
[2026-09-20 14:04:05.726] [gas-forecast] [] [] [c.g.forecast.common.web.WebLogAspect] [http-nio-8080-exec-2] [INFO] - Request [行业列表查询] POST /gas-forecast/base-industry/listPage args={reqDTO=BaseIndustryPageReqDTO[page=1, size=1000, keyword=null]}
[2026-09-20 14:04:05.730] [gas-forecast] [] [] [c.g.forecast.common.web.WebLogAspect] [http-nio-8080-exec-1] [INFO] - Request [区域列表查询] completed in 4 ms
[2026-09-20 14:04:05.731] [gas-forecast] [] [] [c.g.forecast.common.web.WebLogAspect] [http-nio-8080-exec-8] [INFO] - Request [模型列表查询] completed in 9 ms
[2026-09-20 14:04:05.731] [gas-forecast] [] [] [c.g.forecast.common.web.WebLogAspect] [http-nio-8080-exec-2] [INFO] - Request [行业列表查询] completed in 5 ms
[2026-09-20 14:04:05.731] [gas-forecast] [] [] [c.g.forecast.common.web.WebLogAspect] [http-nio-8080-exec-9] [INFO] - Request [客户列表分页查询] completed in 6 ms
[2026-09-20 14:04:19.206] [gas-forecast] [] [] [c.g.forecast.common.web.WebLogAspect] [http-nio-8080-exec-5] [INFO] - Request [查看模型训练结果] POST /gas-forecast/model-train-execution/result args={reqDTO={"id":1,"trainCode":"TRCFG-00001","trainName":"测试北京训练","agentCode":"winter-supply","modelId":1,"modelCode":"WINTER_MODEL_V1.0","modelName":"冬季保供模型","regionCode":"REG000005","regionName":"北京","industryCode":"","industryName":"","customerCode":"","customerName":"","trainStartDate":"2015-01-01","trainEndDate":"2026-09-01","trainMode":"RANGE","timeGranularity":"TENDAY","recentPeriods":36,"enabled":1,"remark":"","createdBy":"system","createdByName":"系统","createdAt":"2026-09-18 16:50:57","updatedAt":"2026-09-20 13:44:11"}}
[2026-09-20 14:04:19.241] [gas-forecast] [] [] [c.g.forecast.common.web.WebLogAspect] [http-nio-8080-exec-5] [INFO] - Request [查看模型训练结果] completed in 35 ms
[2026-09-20 14:07:00.747] [gas-forecast] [] [] [c.g.forecast.common.web.WebLogAspect] [http-nio-8080-exec-7] [INFO] - Request [模型列表查询] POST /gas-forecast/model-config/listPage args={reqDTO=ModelConfigPageReqDTO[page=1, size=1000, keyword=null]}
[2026-09-20 14:07:00.747] [gas-forecast] [] [] [c.g.forecast.common.web.WebLogAspect] [http-nio-8080-exec-10] [INFO] - Request [模型训练配置列表查询] POST /gas-forecast/model-train-config/listPage args={reqDTO=ModelTrainConfigPageReqDTO[page=1, size=10, keyword=null, agentCode=null, timeGranularity=null]}
[2026-09-20 14:07:00.757] [gas-forecast] [] [] [c.g.forecast.common.web.WebLogAspect] [http-nio-8080-exec-3] [INFO] - Request [行业列表查询] POST /gas-forecast/base-industry/listPage args={reqDTO=BaseIndustryPageReqDTO[page=1, size=1000, keyword=null]}
[2026-09-20 14:07:00.757] [gas-forecast] [] [] [c.g.forecast.common.web.WebLogAspect] [http-nio-8080-exec-6] [INFO] - Request [区域列表查询] POST /gas-forecast/base-region/listPage args={reqDTO=BaseRegionPageReqDTO[page=1, size=1000, keyword=null]}
[2026-09-20 14:07:00.757] [gas-forecast] [] [] [c.g.forecast.common.web.WebLogAspect] [http-nio-8080-exec-10] [INFO] - Request [模型训练配置列表查询] completed in 10 ms
[2026-09-20 14:07:00.757] [gas-forecast] [] [] [c.g.forecast.common.web.WebLogAspect] [http-nio-8080-exec-4] [INFO] - Request [客户列表分页查询] POST /gas-forecast/base-customer/listPage args={reqDTO=BaseCustomerPageReqDTO[page=1, size=1000, keyword=null]}
[2026-09-20 14:07:00.763] [gas-forecast] [] [] [c.g.forecast.common.web.WebLogAspect] [http-nio-8080-exec-3] [INFO] - Request [行业列表查询] completed in 6 ms
[2026-09-20 14:07:00.763] [gas-forecast] [] [] [c.g.forecast.common.web.WebLogAspect] [http-nio-8080-exec-6] [INFO] - Request [区域列表查询] completed in 6 ms
[2026-09-20 14:07:00.763] [gas-forecast] [] [] [c.g.forecast.common.web.WebLogAspect] [http-nio-8080-exec-4] [INFO] - Request [客户列表分页查询] completed in 6 ms
[2026-09-20 14:07:00.765] [gas-forecast] [] [] [c.g.forecast.common.web.WebLogAspect] [http-nio-8080-exec-7] [INFO] - Request [模型列表查询] completed in 18 ms
[2026-09-20 14:08:03.014] [gas-forecast] [] [] [c.g.forecast.common.web.WebLogAspect] [http-nio-8080-exec-1] [INFO] - Request [查看模型训练结果] POST /gas-forecast/model-train-execution/result args={reqDTO={"id":1,"trainCode":"TRCFG-00001","trainName":"测试北京训练","agentCode":"winter-supply","modelId":1,"modelCode":"WINTER_MODEL_V1.0","modelName":"冬季保供模型","regionCode":"REG000005","regionName":"北京","industryCode":"","industryName":"","customerCode":"","customerName":"","trainStartDate":"2015-01-01","trainEndDate":"2026-09-01","trainMode":"RANGE","timeGranularity":"TENDAY","recentPeriods":36,"enabled":1,"remark":"","createdBy":"system","createdByName":"系统","createdAt":"2026-09-18 16:50:57","updatedAt":"2026-09-20 13:44:11"}}
[2026-09-20 14:08:03.040] [gas-forecast] [] [] [c.g.forecast.common.web.WebLogAspect] [http-nio-8080-exec-1] [INFO] - Request [查看模型训练结果] completed in 26 ms
[2026-09-20 14:08:23.341] [gas-forecast] [] [] [c.g.forecast.common.web.WebLogAspect] [http-nio-8080-exec-2] [INFO] - Request [模型列表查询] POST /gas-forecast/model-config/listPage args={reqDTO=ModelConfigPageReqDTO[page=1, size=1000, keyword=null]}
[2026-09-20 14:08:23.343] [gas-forecast] [] [] [c.g.forecast.common.web.WebLogAspect] [http-nio-8080-exec-10] [INFO] - Request [模型训练配置列表查询] POST /gas-forecast/model-train-config/listPage args={reqDTO=ModelTrainConfigPageReqDTO[page=1, size=10, keyword=null, agentCode=null, timeGranularity=null]}
[2026-09-20 14:08:23.347] [gas-forecast] [] [] [c.g.forecast.common.web.WebLogAspect] [http-nio-8080-exec-10] [INFO] - Request [模型训练配置列表查询] completed in 5 ms
[2026-09-20 14:08:23.347] [gas-forecast] [] [] [c.g.forecast.common.web.WebLogAspect] [http-nio-8080-exec-9] [INFO] - Request [行业列表查询] POST /gas-forecast/base-industry/listPage args={reqDTO=BaseIndustryPageReqDTO[page=1, size=1000, keyword=null]}
[2026-09-20 14:08:23.347] [gas-forecast] [] [] [c.g.forecast.common.web.WebLogAspect] [http-nio-8080-exec-8] [INFO] - Request [区域列表查询] POST /gas-forecast/base-region/listPage args={reqDTO=BaseRegionPageReqDTO[page=1, size=1000, keyword=null]}
[2026-09-20 14:08:23.347] [gas-forecast] [] [] [c.g.forecast.common.web.WebLogAspect] [http-nio-8080-exec-5] [INFO] - Request [客户列表分页查询] POST /gas-forecast/base-customer/listPage args={reqDTO=BaseCustomerPageReqDTO[page=1, size=1000, keyword=null]}
[2026-09-20 14:08:23.350] [gas-forecast] [] [] [c.g.forecast.common.web.WebLogAspect] [http-nio-8080-exec-2] [INFO] - Request [模型列表查询] completed in 9 ms
[2026-09-20 14:08:23.351] [gas-forecast] [] [] [c.g.forecast.common.web.WebLogAspect] [http-nio-8080-exec-9] [INFO] - Request [行业列表查询] completed in 4 ms
[2026-09-20 14:08:23.352] [gas-forecast] [] [] [c.g.forecast.common.web.WebLogAspect] [http-nio-8080-exec-8] [INFO] - Request [区域列表查询] completed in 5 ms
[2026-09-20 14:08:23.353] [gas-forecast] [] [] [c.g.forecast.common.web.WebLogAspect] [http-nio-8080-exec-5] [INFO] - Request [客户列表分页查询] completed in 6 ms
[2026-09-20 14:09:35.646] [gas-forecast] [] [] [c.g.forecast.common.web.WebLogAspect] [http-nio-8080-exec-6] [INFO] - Request [查看模型训练结果] POST /gas-forecast/model-train-execution/result args={reqDTO={"id":1,"trainCode":"TRCFG-00001","trainName":"测试北京训练","agentCode":"winter-supply","modelId":1,"modelCode":"WINTER_MODEL_V1.0","modelName":"冬季保供模型","regionCode":"REG000005","regionName":"北京","industryCode":"","industryName":"","customerCode":"","customerName":"","trainStartDate":"2015-01-01","trainEndDate":"2026-09-01","trainMode":"RANGE","timeGranularity":"TENDAY","recentPeriods":36,"enabled":1,"remark":"","createdBy":"system","createdByName":"系统","createdAt":"2026-09-18 16:50:57","updatedAt":"2026-09-20 13:44:11"}}
[2026-09-20 14:09:35.668] [gas-forecast] [] [] [c.g.forecast.common.web.WebLogAspect] [http-nio-8080-exec-6] [INFO] - Request [查看模型训练结果] completed in 22 ms
[2026-09-20 14:09:47.812] [gas-forecast] [] [] [c.g.forecast.common.web.WebLogAspect] [http-nio-8080-exec-3] [INFO] - Request [执行模型训练] POST /gas-forecast/model-train-execution/execute args={reqDTO=ModelTrainExecuteReqDTO[trainCode=TRCFG-00001, configCode=null]}
[2026-09-20 14:09:47.887] [gas-forecast] [] [] [c.g.forecast.common.web.WebLogAspect] [http-nio-8080-exec-3] [INFO] - Request [执行模型训练] completed in 75 ms
[2026-09-20 14:09:47.894] [gas-forecast] [] [] [c.g.forecast.common.web.WebLogAspect] [http-nio-8080-exec-4] [INFO] - Request [查看模型训练结果] POST /gas-forecast/model-train-execution/result args={reqDTO={"id":1,"trainCode":"TRCFG-00001","trainName":"测试北京训练","agentCode":"winter-supply","modelId":1,"modelCode":"WINTER_MODEL_V1.0","modelName":"冬季保供模型","regionCode":"REG000005","regionName":"北京","industryCode":"","industryName":"","customerCode":"","customerName":"","trainStartDate":"2015-01-01","trainEndDate":"2026-09-01","trainMode":"RANGE","timeGranularity":"TENDAY","recentPeriods":36,"enabled":1,"remark":"","createdBy":"system","createdByName":"系统","createdAt":"2026-09-18 16:50:57","updatedAt":"2026-09-20 13:44:11"}}
[2026-09-20 14:09:47.902] [gas-forecast] [] [] [c.g.forecast.common.web.WebLogAspect] [http-nio-8080-exec-4] [INFO] - Request [查看模型训练结果] completed in 8 ms
[2026-09-20 14:10:17.372] [gas-forecast] [] [] [c.g.forecast.common.web.WebLogAspect] [http-nio-8080-exec-7] [INFO] - Request [获取当前登录用户权限] GET /gas-forecast/auth/permissions args={}
[2026-09-20 14:10:17.383] [gas-forecast] [] [] [c.g.forecast.common.web.WebLogAspect] [http-nio-8080-exec-7] [INFO] - Request [获取当前登录用户权限] completed in 11 ms
[2026-09-20 14:10:17.429] [gas-forecast] [] [] [c.g.forecast.common.web.WebLogAspect] [http-nio-8080-exec-9] [INFO] - Request [模型训练配置列表查询] POST /gas-forecast/model-train-config/listPage args={reqDTO=ModelTrainConfigPageReqDTO[page=1, size=10, keyword=null, agentCode=null, timeGranularity=null]}
[2026-09-20 14:10:17.429] [gas-forecast] [] [] [c.g.forecast.common.web.WebLogAspect] [http-nio-8080-exec-10] [INFO] - Request [模型列表查询] POST /gas-forecast/model-config/listPage args={reqDTO=ModelConfigPageReqDTO[page=1, size=1000, keyword=null]}
[2026-09-20 14:10:17.432] [gas-forecast] [] [] [c.g.forecast.common.web.WebLogAspect] [http-nio-8080-exec-1] [INFO] - Request [行业列表查询] POST /gas-forecast/base-industry/listPage args={reqDTO=BaseIndustryPageReqDTO[page=1, size=1000, keyword=null]}
[2026-09-20 14:10:17.432] [gas-forecast] [] [] [c.g.forecast.common.web.WebLogAspect] [http-nio-8080-exec-2] [INFO] - Request [区域列表查询] POST /gas-forecast/base-region/listPage args={reqDTO=BaseRegionPageReqDTO[page=1, size=1000, keyword=null]}
[2026-09-20 14:10:17.432] [gas-forecast] [] [] [c.g.forecast.common.web.WebLogAspect] [http-nio-8080-exec-8] [INFO] - Request [客户列表分页查询] POST /gas-forecast/base-customer/listPage args={reqDTO=BaseCustomerPageReqDTO[page=1, size=1000, keyword=null]}
[2026-09-20 14:10:17.433] [gas-forecast] [] [] [c.g.forecast.common.web.WebLogAspect] [http-nio-8080-exec-9] [INFO] - Request [模型训练配置列表查询] completed in 4 ms
[2026-09-20 14:10:17.435] [gas-forecast] [] [] [c.g.forecast.common.web.WebLogAspect] [http-nio-8080-exec-1] [INFO] - Request [行业列表查询] completed in 3 ms
[2026-09-20 14:10:17.436] [gas-forecast] [] [] [c.g.forecast.common.web.WebLogAspect] [http-nio-8080-exec-2] [INFO] - Request [区域列表查询] completed in 4 ms
[2026-09-20 14:10:17.436] [gas-forecast] [] [] [c.g.forecast.common.web.WebLogAspect] [http-nio-8080-exec-8] [INFO] - Request [客户列表分页查询] completed in 4 ms
[2026-09-20 14:10:17.437] [gas-forecast] [] [] [c.g.forecast.common.web.WebLogAspect] [http-nio-8080-exec-10] [INFO] - Request [模型列表查询] completed in 8 ms
[2026-09-20 14:10:25.728] [gas-forecast] [] [] [c.g.forecast.common.web.WebLogAspect] [http-nio-8080-exec-5] [INFO] - Request [查看模型训练结果] POST /gas-forecast/model-train-execution/result args={reqDTO={"id":1,"trainCode":"TRCFG-00001","trainName":"测试北京训练","agentCode":"winter-supply","modelId":1,"modelCode":"WINTER_MODEL_V1.0","modelName":"冬季保供模型","regionCode":"REG000005","regionName":"北京","industryCode":"","industryName":"","customerCode":"","customerName":"","trainStartDate":"2015-01-01","trainEndDate":"2026-09-01","trainMode":"RANGE","timeGranularity":"TENDAY","recentPeriods":36,"enabled":1,"remark":"","createdBy":"system","createdByName":"系统","createdAt":"2026-09-18 16:50:57","updatedAt":"2026-09-20 13:44:11"}}
[2026-09-20 14:10:25.736] [gas-forecast] [] [] [c.g.forecast.common.web.WebLogAspect] [http-nio-8080-exec-5] [INFO] - Request [查看模型训练结果] completed in 8 ms
[2026-09-20 14:11:12.577] [gas-forecast] [] [] [c.g.forecast.common.web.WebLogAspect] [http-nio-8080-exec-6] [INFO] - Request [训练特征数据列表查询] POST /gas-forecast/model-train-feature-data/listPage args={reqDTO=ModelTrainFeatureDataPageReqDTO[page=1, size=10, keyword=null, timeGranularity=null, statDate=null, regionCode=null, industryCode=null, customerCode=null, statDateStart=null, statDateEnd=null, sortField=null, sortOrder=null]}
[2026-09-20 14:11:12.605] [gas-forecast] [] [] [c.g.forecast.common.web.WebLogAspect] [http-nio-8080-exec-6] [INFO] - Request [训练特征数据列表查询] completed in 28 ms
[2026-09-20 14:11:15.144] [gas-forecast] [] [] [c.g.forecast.common.web.WebLogAspect] [http-nio-8080-exec-3] [INFO] - Request [训练特征数据列表查询] POST /gas-forecast/model-train-feature-data/listPage args={reqDTO=ModelTrainFeatureDataPageReqDTO[page=1, size=10, keyword=null, timeGranularity=TENDAY, statDate=null, regionCode=null, industryCode=null, customerCode=null, statDateStart=null, statDateEnd=null, sortField=null, sortOrder=null]}
[2026-09-20 14:11:15.169] [gas-forecast] [] [] [c.g.forecast.common.web.WebLogAspect] [http-nio-8080-exec-3] [INFO] - Request [训练特征数据列表查询] completed in 25 ms
[2026-09-20 14:11:16.081] [gas-forecast] [] [] [c.g.forecast.common.web.WebLogAspect] [http-nio-8080-exec-4] [INFO] - Request [训练特征数据列表查询] POST /gas-forecast/model-train-feature-data/listPage args={reqDTO=ModelTrainFeatureDataPageReqDTO[page=1, size=10, keyword=null, timeGranularity=TENDAY, statDate=null, regionCode=null, industryCode=null, customerCode=null, statDateStart=null, statDateEnd=null, sortField=null, sortOrder=null]}
[2026-09-20 14:11:16.105] [gas-forecast] [] [] [c.g.forecast.common.web.WebLogAspect] [http-nio-8080-exec-4] [INFO] - Request [训练特征数据列表查询] completed in 24 ms
[2026-09-20 14:11:17.049] [gas-forecast] [] [] [c.g.forecast.common.web.WebLogAspect] [http-nio-8080-exec-7] [INFO] - Request [训练特征数据列表查询] POST /gas-forecast/model-train-feature-data/listPage args={reqDTO=ModelTrainFeatureDataPageReqDTO[page=1, size=10, keyword=null, timeGranularity=TENDAY, statDate=null, regionCode=null, industryCode=null, customerCode=null, statDateStart=null, statDateEnd=null, sortField=null, sortOrder=null]}
[2026-09-20 14:11:17.072] [gas-forecast] [] [] [c.g.forecast.common.web.WebLogAspect] [http-nio-8080-exec-7] [INFO] - Request [训练特征数据列表查询] completed in 23 ms
[2026-09-20 14:11:24.504] [gas-forecast] [] [] [c.g.forecast.common.web.WebLogAspect] [http-nio-8080-exec-9] [INFO] - Request [训练特征数据列表查询] POST /gas-forecast/model-train-feature-data/listPage args={reqDTO=ModelTrainFeatureDataPageReqDTO[page=1, size=50, keyword=null, timeGranularity=TENDAY, statDate=null, regionCode=null, industryCode=null, customerCode=null, statDateStart=null, statDateEnd=null, sortField=null, sortOrder=null]}
[2026-09-20 14:11:24.562] [gas-forecast] [] [] [c.g.forecast.common.web.WebLogAspect] [http-nio-8080-exec-9] [INFO] - Request [训练特征数据列表查询] completed in 58 ms
[2026-09-20 14:11:29.018] [gas-forecast] [] [] [c.g.forecast.common.web.WebLogAspect] [http-nio-8080-exec-1] [INFO] - Request [训练特征数据列表查询] POST /gas-forecast/model-train-feature-data/listPage args={reqDTO=ModelTrainFeatureDataPageReqDTO[page=1, size=50, keyword=null, timeGranularity=DAY, statDate=null, regionCode=null, industryCode=null, customerCode=null, statDateStart=null, statDateEnd=null, sortField=null, sortOrder=null]}
[2026-09-20 14:11:29.080] [gas-forecast] [] [] [c.g.forecast.common.web.WebLogAspect] [http-nio-8080-exec-1] [INFO] - Request [训练特征数据列表查询] completed in 62 ms
[2026-09-20 14:11:29.826] [gas-forecast] [] [] [c.g.forecast.common.web.WebLogAspect] [http-nio-8080-exec-2] [INFO] - Request [训练特征数据列表查询] POST /gas-forecast/model-train-feature-data/listPage args={reqDTO=ModelTrainFeatureDataPageReqDTO[page=1, size=50, keyword=null, timeGranularity=DAY, statDate=null, regionCode=null, industryCode=null, customerCode=null, statDateStart=null, statDateEnd=null, sortField=null, sortOrder=null]}
[2026-09-20 14:11:29.879] [gas-forecast] [] [] [c.g.forecast.common.web.WebLogAspect] [http-nio-8080-exec-2] [INFO] - Request [训练特征数据列表查询] completed in 53 ms
[2026-09-20 14:11:32.639] [gas-forecast] [] [] [c.g.forecast.common.web.WebLogAspect] [http-nio-8080-exec-8] [INFO] - Request [训练特征数据列表查询] POST /gas-forecast/model-train-feature-data/listPage args={reqDTO=ModelTrainFeatureDataPageReqDTO[page=76, size=50, keyword=null, timeGranularity=DAY, statDate=null, regionCode=null, industryCode=null, customerCode=null, statDateStart=null, statDateEnd=null, sortField=null, sortOrder=null]}
[2026-09-20 14:11:32.724] [gas-forecast] [] [] [c.g.forecast.common.web.WebLogAspect] [http-nio-8080-exec-8] [INFO] - Request [训练特征数据列表查询] completed in 85 ms
[2026-09-20 14:11:38.808] [gas-forecast] [] [] [c.g.forecast.common.web.WebLogAspect] [http-nio-8080-exec-10] [INFO] - Request [特征定义列表查询] POST /gas-forecast/model-feature-definition/listPage args={reqDTO=ModelFeatureDefinitionPageReqDTO[page=1, size=10, keyword=null, timeGranularity=null]}
[2026-09-20 14:11:38.812] [gas-forecast] [] [] [c.g.forecast.common.web.WebLogAspect] [http-nio-8080-exec-10] [INFO] - Request [特征定义列表查询] completed in 4 ms
[2026-09-20 14:11:39.533] [gas-forecast] [] [] [c.g.forecast.common.web.WebLogAspect] [http-nio-8080-exec-5] [INFO] - Request [模型列表查询] POST /gas-forecast/model-config/listPage args={reqDTO=ModelConfigPageReqDTO[page=1, size=1000, keyword=null]}
[2026-09-20 14:11:39.533] [gas-forecast] [] [] [c.g.forecast.common.web.WebLogAspect] [http-nio-8080-exec-7] [INFO] - Request [模型训练配置列表查询] POST /gas-forecast/model-train-config/listPage args={reqDTO=ModelTrainConfigPageReqDTO[page=1, size=10, keyword=null, agentCode=null, timeGranularity=null]}
[2026-09-20 14:11:39.536] [gas-forecast] [] [] [c.g.forecast.common.web.WebLogAspect] [http-nio-8080-exec-4] [INFO] - Request [客户列表分页查询] POST /gas-forecast/base-customer/listPage args={reqDTO=BaseCustomerPageReqDTO[page=1, size=1000, keyword=null]}
[2026-09-20 14:11:39.536] [gas-forecast] [] [] [c.g.forecast.common.web.WebLogAspect] [http-nio-8080-exec-3] [INFO] - Request [行业列表查询] POST /gas-forecast/base-industry/listPage args={reqDTO=BaseIndustryPageReqDTO[page=1, size=1000, keyword=null]}
[2026-09-20 14:11:39.537] [gas-forecast] [] [] [c.g.forecast.common.web.WebLogAspect] [http-nio-8080-exec-6] [INFO] - Request [区域列表查询] POST /gas-forecast/base-region/listPage args={reqDTO=BaseRegionPageReqDTO[page=1, size=1000, keyword=null]}
[2026-09-20 14:11:39.539] [gas-forecast] [] [] [c.g.forecast.common.web.WebLogAspect] [http-nio-8080-exec-7] [INFO] - Request [模型训练配置列表查询] completed in 6 ms
[2026-09-20 14:11:39.542] [gas-forecast] [] [] [c.g.forecast.common.web.WebLogAspect] [http-nio-8080-exec-6] [INFO] - Request [区域列表查询] completed in 5 ms
[2026-09-20 14:11:39.542] [gas-forecast] [] [] [c.g.forecast.common.web.WebLogAspect] [http-nio-8080-exec-3] [INFO] - Request [行业列表查询] completed in 6 ms
[2026-09-20 14:11:39.543] [gas-forecast] [] [] [c.g.forecast.common.web.WebLogAspect] [http-nio-8080-exec-5] [INFO] - Request [模型列表查询] completed in 10 ms
[2026-09-20 14:11:39.543] [gas-forecast] [] [] [c.g.forecast.common.web.WebLogAspect] [http-nio-8080-exec-4] [INFO] - Request [客户列表分页查询] completed in 7 ms
[2026-09-20 14:11:42.504] [gas-forecast] [] [] [c.g.forecast.common.web.WebLogAspect] [http-nio-8080-exec-1] [INFO] - Request [模型列表查询] POST /gas-forecast/model-config/listPage args={reqDTO=ModelConfigPageReqDTO[page=1, size=1000, keyword=null]}
[2026-09-20 14:11:42.507] [gas-forecast] [] [] [c.g.forecast.common.web.WebLogAspect] [http-nio-8080-exec-2] [INFO] - Request [行业列表查询] POST /gas-forecast/base-industry/listPage args={reqDTO=BaseIndustryPageReqDTO[page=1, size=1000, keyword=null]}
[2026-09-20 14:11:42.507] [gas-forecast] [] [] [c.g.forecast.common.web.WebLogAspect] [http-nio-8080-exec-9] [INFO] - Request [区域列表查询] POST /gas-forecast/base-region/listPage args={reqDTO=BaseRegionPageReqDTO[page=1, size=1000, keyword=null]}
[2026-09-20 14:11:42.507] [gas-forecast] [] [] [c.g.forecast.common.web.WebLogAspect] [http-nio-8080-exec-8] [INFO] - Request [客户列表分页查询] POST /gas-forecast/base-customer/listPage args={reqDTO=BaseCustomerPageReqDTO[page=1, size=1000, keyword=null]}
[2026-09-20 14:11:42.510] [gas-forecast] [] [] [c.g.forecast.common.web.WebLogAspect] [http-nio-8080-exec-2] [INFO] - Request [行业列表查询] completed in 3 ms
[2026-09-20 14:11:42.510] [gas-forecast] [] [] [c.g.forecast.common.web.WebLogAspect] [http-nio-8080-exec-9] [INFO] - Request [区域列表查询] completed in 3 ms
[2026-09-20 14:11:42.510] [gas-forecast] [] [] [c.g.forecast.common.web.WebLogAspect] [http-nio-8080-exec-1] [INFO] - Request [模型列表查询] completed in 6 ms
[2026-09-20 14:11:42.511] [gas-forecast] [] [] [c.g.forecast.common.web.WebLogAspect] [http-nio-8080-exec-8] [INFO] - Request [客户列表分页查询] completed in 4 ms
[2026-09-20 14:12:13.406] [gas-forecast] [] [] [c.g.forecast.common.web.WebLogAspect] [http-nio-8080-exec-10] [INFO] - Request [编辑模型训练配置] POST /gas-forecast/model-train-config/update args={reqDTO=ModelTrainConfigUpdateReqDTO[id=2, trainCode=TRCFG-00002, trainName=训练江苏, agentCode=short-term, modelId=2, modelCode=MODEL_JIANGSHU_DIANLI_V1.0, modelName=浙江电力模型, regionCode=REG000012, regionName=江苏, industryCode=, industryName=, customerCode=, customerName=, trainStartDate=2016-02-01, trainEndDate=2026-09-20, trainMode=RANGE, timeGranularity=DAY, recentPeriods=36, enabled=1, remark=]}
[2026-09-20 14:12:13.414] [gas-forecast] [] [] [c.g.forecast.common.web.WebLogAspect] [http-nio-8080-exec-10] [INFO] - Request [编辑模型训练配置] completed in 8 ms
[2026-09-20 14:12:13.417] [gas-forecast] [] [] [c.g.forecast.common.web.WebLogAspect] [http-nio-8080-exec-7] [INFO] - Request [训练特征数据列表查询] POST /gas-forecast/model-train-feature-data/listPage args={reqDTO=ModelTrainFeatureDataPageReqDTO[page=1, size=20, keyword=null, timeGranularity=DAY, statDate=null, regionCode=REG000012, industryCode=null, customerCode=null, statDateStart=2016-02-01, statDateEnd=2026-09-20, sortField=statDate, sortOrder=asc]}
[2026-09-20 14:12:13.482] [gas-forecast] [] [] [c.g.forecast.common.web.WebLogAspect] [http-nio-8080-exec-7] [INFO] - Request [训练特征数据列表查询] completed in 65 ms
[2026-09-20 14:12:13.485] [gas-forecast] [] [] [c.g.forecast.common.web.WebLogAspect] [http-nio-8080-exec-3] [INFO] - Request [模型训练配置列表查询] POST /gas-forecast/model-train-config/listPage args={reqDTO=ModelTrainConfigPageReqDTO[page=1, size=10, keyword=null, agentCode=null, timeGranularity=null]}
[2026-09-20 14:12:13.489] [gas-forecast] [] [] [c.g.forecast.common.web.WebLogAspect] [http-nio-8080-exec-3] [INFO] - Request [模型训练配置列表查询] completed in 4 ms
[2026-09-20 14:12:15.518] [gas-forecast] [] [] [c.g.forecast.common.web.WebLogAspect] [http-nio-8080-exec-6] [INFO] - Request [执行模型训练] POST /gas-forecast/model-train-execution/execute args={reqDTO=ModelTrainExecuteReqDTO[trainCode=TRCFG-00002, configCode=null]}
[2026-09-20 14:12:16.345] [gas-forecast] [] [] [c.g.forecast.common.web.WebLogAspect] [http-nio-8080-exec-6] [INFO] - Request [执行模型训练] completed in 827 ms
[2026-09-20 14:12:18.424] [gas-forecast] [] [] [c.g.forecast.common.web.WebLogAspect] [http-nio-8080-exec-4] [INFO] - Request [查看模型训练结果] POST /gas-forecast/model-train-execution/result args={reqDTO={"id":1,"trainCode":"TRCFG-00001","trainName":"测试北京训练","agentCode":"winter-supply","modelId":1,"modelCode":"WINTER_MODEL_V1.0","modelName":"冬季保供模型","regionCode":"REG000005","regionName":"北京","industryCode":"","industryName":"","customerCode":"","customerName":"","trainStartDate":"2015-01-01","trainEndDate":"2026-09-01","trainMode":"RANGE","timeGranularity":"TENDAY","recentPeriods":36,"enabled":1,"remark":"","createdBy":"system","createdByName":"系统","createdAt":"2026-09-18 16:50:57","updatedAt":"2026-09-20 13:44:11"}}
[2026-09-20 14:12:18.435] [gas-forecast] [] [] [c.g.forecast.common.web.WebLogAspect] [http-nio-8080-exec-4] [INFO] - Request [查看模型训练结果] completed in 11 ms
[2026-09-20 14:12:22.127] [gas-forecast] [] [] [c.g.forecast.common.web.WebLogAspect] [http-nio-8080-exec-5] [INFO] - Request [特征定义列表查询] POST /gas-forecast/model-feature-definition/listPage args={reqDTO=ModelFeatureDefinitionPageReqDTO[page=1, size=10, keyword=null, timeGranularity=null]}
[2026-09-20 14:12:22.131] [gas-forecast] [] [] [c.g.forecast.common.web.WebLogAspect] [http-nio-8080-exec-5] [INFO] - Request [特征定义列表查询] completed in 4 ms
[2026-09-20 14:12:23.654] [gas-forecast] [] [] [c.g.forecast.common.web.WebLogAspect] [http-nio-8080-exec-9] [INFO] - Request [模型列表查询] POST /gas-forecast/model-config/listPage args={reqDTO=ModelConfigPageReqDTO[page=1, size=1000, keyword=null]}
[2026-09-20 14:12:23.654] [gas-forecast] [] [] [c.g.forecast.common.web.WebLogAspect] [http-nio-8080-exec-8] [INFO] - Request [模型训练配置列表查询] POST /gas-forecast/model-train-config/listPage args={reqDTO=ModelTrainConfigPageReqDTO[page=1, size=10, keyword=null, agentCode=null, timeGranularity=null]}
[2026-09-20 14:12:23.658] [gas-forecast] [] [] [c.g.forecast.common.web.WebLogAspect] [http-nio-8080-exec-10] [INFO] - Request [客户列表分页查询] POST /gas-forecast/base-customer/listPage args={reqDTO=BaseCustomerPageReqDTO[page=1, size=1000, keyword=null]}
[2026-09-20 14:12:23.658] [gas-forecast] [] [] [c.g.forecast.common.web.WebLogAspect] [http-nio-8080-exec-2] [INFO] - Request [区域列表查询] POST /gas-forecast/base-region/listPage args={reqDTO=BaseRegionPageReqDTO[page=1, size=1000, keyword=null]}
[2026-09-20 14:12:23.659] [gas-forecast] [] [] [c.g.forecast.common.web.WebLogAspect] [http-nio-8080-exec-1] [INFO] - Request [行业列表查询] POST /gas-forecast/base-industry/listPage args={reqDTO=BaseIndustryPageReqDTO[page=1, size=1000, keyword=null]}
[2026-09-20 14:12:23.660] [gas-forecast] [] [] [c.g.forecast.common.web.WebLogAspect] [http-nio-8080-exec-8] [INFO] - Request [模型训练配置列表查询] completed in 6 ms
[2026-09-20 14:12:23.662] [gas-forecast] [] [] [c.g.forecast.common.web.WebLogAspect] [http-nio-8080-exec-2] [INFO] - Request [区域列表查询] completed in 4 ms
[2026-09-20 14:12:23.662] [gas-forecast] [] [] [c.g.forecast.common.web.WebLogAspect] [http-nio-8080-exec-1] [INFO] - Request [行业列表查询] completed in 3 ms
[2026-09-20 14:12:23.662] [gas-forecast] [] [] [c.g.forecast.common.web.WebLogAspect] [http-nio-8080-exec-10] [INFO] - Request [客户列表分页查询] completed in 4 ms
[2026-09-20 14:12:23.665] [gas-forecast] [] [] [c.g.forecast.common.web.WebLogAspect] [http-nio-8080-exec-9] [INFO] - Request [模型列表查询] completed in 11 ms
[2026-09-20 14:12:27.021] [gas-forecast] [] [] [c.g.forecast.common.web.WebLogAspect] [http-nio-8080-exec-7] [INFO] - Request [查看模型训练结果] POST /gas-forecast/model-train-execution/result args={reqDTO={"id":2,"trainCode":"TRCFG-00002","trainName":"训练江苏","agentCode":"short-term","modelId":2,"modelCode":"MODEL_JIANGSHU_DIANLI_V1.0","modelName":"浙江电力模型","regionCode":"REG000012","regionName":"江苏","industryCode":"","industryName":"","customerCode":"","customerName":"","trainStartDate":"2016-02-01","trainEndDate":"2026-09-20","trainMode":"RANGE","timeGranularity":"DAY","recentPeriods":36,"enabled":1,"remark":"","createdBy":"system","createdByName":"系统","createdAt":"2026-09-20 13:44:07","updatedAt":"2026-09-20 14:12:13"}}
[2026-09-20 14:12:27.034] [gas-forecast] [] [] [c.g.forecast.common.web.WebLogAspect] [http-nio-8080-exec-7] [INFO] - Request [查看模型训练结果] completed in 13 ms
[2026-09-20 14:12:30.804] [gas-forecast] [] [] [c.g.forecast.common.web.WebLogAspect] [http-nio-8080-exec-3] [INFO] - Request [特征定义列表查询] POST /gas-forecast/model-feature-definition/listPage args={reqDTO=ModelFeatureDefinitionPageReqDTO[page=1, size=10, keyword=null, timeGranularity=null]}
[2026-09-20 14:12:30.807] [gas-forecast] [] [] [c.g.forecast.common.web.WebLogAspect] [http-nio-8080-exec-3] [INFO] - Request [特征定义列表查询] completed in 3 ms
[2026-09-20 14:12:32.810] [gas-forecast] [] [] [c.g.forecast.common.web.WebLogAspect] [http-nio-8080-exec-6] [INFO] - Request [模型列表查询] POST /gas-forecast/model-config/listPage args={reqDTO=ModelConfigPageReqDTO[page=1, size=1000, keyword=null]}
[2026-09-20 14:12:32.811] [gas-forecast] [] [] [c.g.forecast.common.web.WebLogAspect] [http-nio-8080-exec-2] [INFO] - Request [模型训练配置列表查询] POST /gas-forecast/model-train-config/listPage args={reqDTO=ModelTrainConfigPageReqDTO[page=1, size=10, keyword=null, agentCode=null, timeGranularity=null]}
[2026-09-20 14:12:32.815] [gas-forecast] [] [] [c.g.forecast.common.web.WebLogAspect] [http-nio-8080-exec-4] [INFO] - Request [区域列表查询] POST /gas-forecast/base-region/listPage args={reqDTO=BaseRegionPageReqDTO[page=1, size=1000, keyword=null]}
[2026-09-20 14:12:32.815] [gas-forecast] [] [] [c.g.forecast.common.web.WebLogAspect] [http-nio-8080-exec-5] [INFO] - Request [客户列表分页查询] POST /gas-forecast/base-customer/listPage args={reqDTO=BaseCustomerPageReqDTO[page=1, size=1000, keyword=null]}
[2026-09-20 14:12:32.815] [gas-forecast] [] [] [c.g.forecast.common.web.WebLogAspect] [http-nio-8080-exec-8] [INFO] - Request [行业列表查询] POST /gas-forecast/base-industry/listPage args={reqDTO=BaseIndustryPageReqDTO[page=1, size=1000, keyword=null]}
[2026-09-20 14:12:32.816] [gas-forecast] [] [] [c.g.forecast.common.web.WebLogAspect] [http-nio-8080-exec-2] [INFO] - Request [模型训练配置列表查询] completed in 5 ms
[2026-09-20 14:12:32.819] [gas-forecast] [] [] [c.g.forecast.common.web.WebLogAspect] [http-nio-8080-exec-4] [INFO] - Request [区域列表查询] completed in 4 ms
[2026-09-20 14:12:32.819] [gas-forecast] [] [] [c.g.forecast.common.web.WebLogAspect] [http-nio-8080-exec-8] [INFO] - Request [行业列表查询] completed in 4 ms
[2026-09-20 14:12:32.819] [gas-forecast] [] [] [c.g.forecast.common.web.WebLogAspect] [http-nio-8080-exec-6] [INFO] - Request [模型列表查询] completed in 9 ms
[2026-09-20 14:12:32.822] [gas-forecast] [] [] [c.g.forecast.common.web.WebLogAspect] [http-nio-8080-exec-5] [INFO] - Request [客户列表分页查询] completed in 7 ms
[2026-09-20 14:12:34.867] [gas-forecast] [] [] [c.g.forecast.common.web.WebLogAspect] [http-nio-8080-exec-10] [INFO] - Request [查看模型训练结果] POST /gas-forecast/model-train-execution/result args={reqDTO={"id":2,"trainCode":"TRCFG-00002","trainName":"训练江苏","agentCode":"short-term","modelId":2,"modelCode":"MODEL_JIANGSHU_DIANLI_V1.0","modelName":"浙江电力模型","regionCode":"REG000012","regionName":"江苏","industryCode":"","industryName":"","customerCode":"","customerName":"","trainStartDate":"2016-02-01","trainEndDate":"2026-09-20","trainMode":"RANGE","timeGranularity":"DAY","recentPeriods":36,"enabled":1,"remark":"","createdBy":"system","createdByName":"系统","createdAt":"2026-09-20 13:44:07","updatedAt":"2026-09-20 14:12:13"}}
[2026-09-20 14:12:34.879] [gas-forecast] [] [] [c.g.forecast.common.web.WebLogAspect] [http-nio-8080-exec-10] [INFO] - Request [查看模型训练结果] completed in 12 ms
[2026-09-20 14:48:09.647] [gas-forecast] [] [] [c.g.forecast.common.web.WebLogAspect] [http-nio-8080-exec-1] [INFO] - Request [特征定义列表查询] POST /gas-forecast/model-feature-definition/listPage args={reqDTO=ModelFeatureDefinitionPageReqDTO[page=1, size=10, keyword=null, timeGranularity=null]}
[2026-09-20 14:48:09.670] [gas-forecast] [] [] [c.g.forecast.common.web.WebLogAspect] [http-nio-8080-exec-1] [INFO] - Request [特征定义列表查询] completed in 23 ms
[2026-09-20 14:48:12.917] [gas-forecast] [] [] [c.g.forecast.common.web.WebLogAspect] [http-nio-8080-exec-9] [INFO] - Request [模型列表查询] POST /gas-forecast/model-config/listPage args={reqDTO=ModelConfigPageReqDTO[page=1, size=1000, keyword=null]}
[2026-09-20 14:48:12.918] [gas-forecast] [] [] [c.g.forecast.common.web.WebLogAspect] [http-nio-8080-exec-2] [INFO] - Request [模型训练配置列表查询] POST /gas-forecast/model-train-config/listPage args={reqDTO=ModelTrainConfigPageReqDTO[page=1, size=10, keyword=null, agentCode=null, timeGranularity=null]}
[2026-09-20 14:48:12.923] [gas-forecast] [] [] [c.g.forecast.common.web.WebLogAspect] [http-nio-8080-exec-2] [INFO] - Request [模型训练配置列表查询] completed in 6 ms
[2026-09-20 14:48:12.926] [gas-forecast] [] [] [c.g.forecast.common.web.WebLogAspect] [http-nio-8080-exec-3] [INFO] - Request [客户列表分页查询] POST /gas-forecast/base-customer/listPage args={reqDTO=BaseCustomerPageReqDTO[page=1, size=1000, keyword=null]}
[2026-09-20 14:48:12.928] [gas-forecast] [] [] [c.g.forecast.common.web.WebLogAspect] [http-nio-8080-exec-7] [INFO] - Request [区域列表查询] POST /gas-forecast/base-region/listPage args={reqDTO=BaseRegionPageReqDTO[page=1, size=1000, keyword=null]}
[2026-09-20 14:48:12.928] [gas-forecast] [] [] [c.g.forecast.common.web.WebLogAspect] [http-nio-8080-exec-8] [INFO] - Request [行业列表查询] POST /gas-forecast/base-industry/listPage args={reqDTO=BaseIndustryPageReqDTO[page=1, size=1000, keyword=null]}
[2026-09-20 14:48:12.930] [gas-forecast] [] [] [c.g.forecast.common.web.WebLogAspect] [http-nio-8080-exec-3] [INFO] - Request [客户列表分页查询] completed in 4 ms
[2026-09-20 14:48:12.931] [gas-forecast] [] [] [c.g.forecast.common.web.WebLogAspect] [http-nio-8080-exec-8] [INFO] - Request [行业列表查询] completed in 3 ms
[2026-09-20 14:48:12.931] [gas-forecast] [] [] [c.g.forecast.common.web.WebLogAspect] [http-nio-8080-exec-9] [INFO] - Request [模型列表查询] completed in 14 ms
[2026-09-20 14:48:12.931] [gas-forecast] [] [] [c.g.forecast.common.web.WebLogAspect] [http-nio-8080-exec-7] [INFO] - Request [区域列表查询] completed in 3 ms
[2026-09-20 14:48:19.326] [gas-forecast] [] [] [c.g.forecast.common.web.WebLogAspect] [http-nio-8080-exec-4] [INFO] - Request [模型列表查询] POST /gas-forecast/model-config/listPage args={reqDTO=ModelConfigPageReqDTO[page=1, size=1000, keyword=null]}
[2026-09-20 14:48:19.328] [gas-forecast] [] [] [c.g.forecast.common.web.WebLogAspect] [http-nio-8080-exec-10] [INFO] - Request [客户列表分页查询] POST /gas-forecast/base-customer/listPage args={reqDTO=BaseCustomerPageReqDTO[page=1, size=1000, keyword=null]}
[2026-09-20 14:48:19.329] [gas-forecast] [] [] [c.g.forecast.common.web.WebLogAspect] [http-nio-8080-exec-6] [INFO] - Request [区域列表查询] POST /gas-forecast/base-region/listPage args={reqDTO=BaseRegionPageReqDTO[page=1, size=1000, keyword=null]}
[2026-09-20 14:48:19.329] [gas-forecast] [] [] [c.g.forecast.common.web.WebLogAspect] [http-nio-8080-exec-5] [INFO] - Request [行业列表查询] POST /gas-forecast/base-industry/listPage args={reqDTO=BaseIndustryPageReqDTO[page=1, size=1000, keyword=null]}
[2026-09-20 14:48:19.331] [gas-forecast] [] [] [c.g.forecast.common.web.WebLogAspect] [http-nio-8080-exec-6] [INFO] - Request [区域列表查询] completed in 2 ms
[2026-09-20 14:48:19.332] [gas-forecast] [] [] [c.g.forecast.common.web.WebLogAspect] [http-nio-8080-exec-5] [INFO] - Request [行业列表查询] completed in 3 ms
[2026-09-20 14:48:19.332] [gas-forecast] [] [] [c.g.forecast.common.web.WebLogAspect] [http-nio-8080-exec-10] [INFO] - Request [客户列表分页查询] completed in 4 ms
[2026-09-20 14:48:19.333] [gas-forecast] [] [] [c.g.forecast.common.web.WebLogAspect] [http-nio-8080-exec-4] [INFO] - Request [模型列表查询] completed in 7 ms
[2026-09-20 14:48:20.787] [gas-forecast] [] [] [c.g.forecast.common.web.WebLogAspect] [http-nio-8080-exec-1] [INFO] - Request [查看模型训练结果] POST /gas-forecast/model-train-execution/result args={reqDTO={"id":1,"trainCode":"TRCFG-00001","trainName":"测试北京训练","agentCode":"winter-supply","modelId":1,"modelCode":"WINTER_MODEL_V1.0","modelName":"冬季保供模型","regionCode":"REG000005","regionName":"北京","industryCode":"","industryName":"","customerCode":"","customerName":"","trainStartDate":"2015-01-01","trainEndDate":"2026-09-01","trainMode":"RANGE","timeGranularity":"TENDAY","recentPeriods":36,"enabled":1,"remark":"","createdBy":"system","createdByName":"系统","createdAt":"2026-09-18 16:50:57","updatedAt":"2026-09-20 13:44:11"}}
[2026-09-20 14:48:20.796] [gas-forecast] [] [] [c.g.forecast.common.web.WebLogAspect] [http-nio-8080-exec-1] [INFO] - Request [查看模型训练结果] completed in 9 ms
[2026-09-20 14:53:20.295] [gas-forecast] [] [] [c.g.forecast.common.web.WebLogAspect] [http-nio-8080-exec-2] [INFO] - Request [特征定义列表查询] POST /gas-forecast/model-feature-definition/listPage args={reqDTO=ModelFeatureDefinitionPageReqDTO[page=1, size=10, keyword=null, timeGranularity=null]}
[2026-09-20 14:53:20.318] [gas-forecast] [] [] [c.g.forecast.common.web.WebLogAspect] [http-nio-8080-exec-2] [INFO] - Request [特征定义列表查询] completed in 23 ms
[2026-09-20 14:53:22.150] [gas-forecast] [] [] [c.g.forecast.common.web.WebLogAspect] [http-nio-8080-exec-8] [INFO] - Request [模型列表查询] POST /gas-forecast/model-config/listPage args={reqDTO=ModelConfigPageReqDTO[page=1, size=1000, keyword=null]}
[2026-09-20 14:53:22.151] [gas-forecast] [] [] [c.g.forecast.common.web.WebLogAspect] [http-nio-8080-exec-6] [INFO] - Request [模型训练配置列表查询] POST /gas-forecast/model-train-config/listPage args={reqDTO=ModelTrainConfigPageReqDTO[page=1, size=10, keyword=null, agentCode=null, timeGranularity=null]}
[2026-09-20 14:53:22.154] [gas-forecast] [] [] [c.g.forecast.common.web.WebLogAspect] [http-nio-8080-exec-6] [INFO] - Request [模型训练配置列表查询] completed in 3 ms
[2026-09-20 14:53:22.156] [gas-forecast] [] [] [c.g.forecast.common.web.WebLogAspect] [http-nio-8080-exec-7] [INFO] - Request [客户列表分页查询] POST /gas-forecast/base-customer/listPage args={reqDTO=BaseCustomerPageReqDTO[page=1, size=1000, keyword=null]}
[2026-09-20 14:53:22.156] [gas-forecast] [] [] [c.g.forecast.common.web.WebLogAspect] [http-nio-8080-exec-3] [INFO] - Request [区域列表查询] POST /gas-forecast/base-region/listPage args={reqDTO=BaseRegionPageReqDTO[page=1, size=1000, keyword=null]}
[2026-09-20 14:53:22.157] [gas-forecast] [] [] [c.g.forecast.common.web.WebLogAspect] [http-nio-8080-exec-9] [INFO] - Request [行业列表查询] POST /gas-forecast/base-industry/listPage args={reqDTO=BaseIndustryPageReqDTO[page=1, size=1000, keyword=null]}
[2026-09-20 14:53:22.157] [gas-forecast] [] [] [c.g.forecast.common.web.WebLogAspect] [http-nio-8080-exec-8] [INFO] - Request [模型列表查询] completed in 7 ms
[2026-09-20 14:53:22.160] [gas-forecast] [] [] [c.g.forecast.common.web.WebLogAspect] [http-nio-8080-exec-3] [INFO] - Request [区域列表查询] completed in 4 ms
[2026-09-20 14:53:22.161] [gas-forecast] [] [] [c.g.forecast.common.web.WebLogAspect] [http-nio-8080-exec-7] [INFO] - Request [客户列表分页查询] completed in 5 ms
[2026-09-20 14:53:22.164] [gas-forecast] [] [] [c.g.forecast.common.web.WebLogAspect] [http-nio-8080-exec-9] [INFO] - Request [行业列表查询] completed in 7 ms
[2026-09-20 14:53:25.412] [gas-forecast] [] [] [c.g.forecast.common.web.WebLogAspect] [http-nio-8080-exec-5] [INFO] - Request [查看模型训练结果] POST /gas-forecast/model-train-execution/result args={reqDTO={"id":2,"trainCode":"TRCFG-00002","trainName":"训练江苏","agentCode":"short-term","modelId":2,"modelCode":"MODEL_JIANGSHU_DIANLI_V1.0","modelName":"浙江电力模型","regionCode":"REG000012","regionName":"江苏","industryCode":"","industryName":"","customerCode":"","customerName":"","trainStartDate":"2016-02-01","trainEndDate":"2026-09-20","trainMode":"RANGE","timeGranularity":"DAY","recentPeriods":36,"enabled":1,"remark":"","createdBy":"system","createdByName":"系统","createdAt":"2026-09-20 13:44:07","updatedAt":"2026-09-20 14:12:13"}}
[2026-09-20 14:53:25.427] [gas-forecast] [] [] [c.g.forecast.common.web.WebLogAspect] [http-nio-8080-exec-5] [INFO] - Request [查看模型训练结果] completed in 15 ms
[2026-09-20 14:59:25.957] [gas-forecast] [] [] [c.g.forecast.common.web.WebLogAspect] [http-nio-8080-exec-10] [INFO] - Request [执行模型训练] POST /gas-forecast/model-train-execution/execute args={reqDTO=ModelTrainExecuteReqDTO[trainCode=TRCFG-00002, configCode=null]}
[2026-09-20 14:59:26.865] [gas-forecast] [] [] [c.g.forecast.common.web.WebLogAspect] [http-nio-8080-exec-10] [INFO] - Request [执行模型训练] completed in 908 ms
[2026-09-20 14:59:26.892] [gas-forecast] [] [] [c.g.forecast.common.web.WebLogAspect] [http-nio-8080-exec-4] [INFO] - Request [查看模型训练结果] POST /gas-forecast/model-train-execution/result args={reqDTO={"id":2,"trainCode":"TRCFG-00002","trainName":"训练江苏","agentCode":"short-term","modelId":2,"modelCode":"MODEL_JIANGSHU_DIANLI_V1.0","modelName":"浙江电力模型","regionCode":"REG000012","regionName":"江苏","industryCode":"","industryName":"","customerCode":"","customerName":"","trainStartDate":"2016-02-01","trainEndDate":"2026-09-20","trainMode":"RANGE","timeGranularity":"DAY","recentPeriods":36,"enabled":1,"remark":"","createdBy":"system","createdByName":"系统","createdAt":"2026-09-20 13:44:07","updatedAt":"2026-09-20 14:12:13"}}
[2026-09-20 14:59:26.934] [gas-forecast] [] [] [c.g.forecast.common.web.WebLogAspect] [http-nio-8080-exec-4] [INFO] - Request [查看模型训练结果] completed in 42 ms
[2026-09-20 14:59:32.150] [gas-forecast] [] [] [c.g.forecast.common.web.WebLogAspect] [http-nio-8080-exec-1] [INFO] - Request [获取当前登录用户权限] GET /gas-forecast/auth/permissions args={}
[2026-09-20 14:59:32.157] [gas-forecast] [] [] [c.g.forecast.common.web.WebLogAspect] [http-nio-8080-exec-1] [INFO] - Request [获取当前登录用户权限] completed in 7 ms
[2026-09-20 14:59:32.224] [gas-forecast] [] [] [c.g.forecast.common.web.WebLogAspect] [http-nio-8080-exec-2] [INFO] - Request [模型列表查询] POST /gas-forecast/model-config/listPage args={reqDTO=ModelConfigPageReqDTO[page=1, size=1000, keyword=null]}
[2026-09-20 14:59:32.224] [gas-forecast] [] [] [c.g.forecast.common.web.WebLogAspect] [http-nio-8080-exec-7] [INFO] - Request [模型训练配置列表查询] POST /gas-forecast/model-train-config/listPage args={reqDTO=ModelTrainConfigPageReqDTO[page=1, size=10, keyword=null, agentCode=null, timeGranularity=null]}
[2026-09-20 14:59:32.225] [gas-forecast] [] [] [c.g.forecast.common.web.WebLogAspect] [http-nio-8080-exec-3] [INFO] - Request [客户列表分页查询] POST /gas-forecast/base-customer/listPage args={reqDTO=BaseCustomerPageReqDTO[page=1, size=1000, keyword=null]}
[2026-09-20 14:59:32.226] [gas-forecast] [] [] [c.g.forecast.common.web.WebLogAspect] [http-nio-8080-exec-6] [INFO] - Request [区域列表查询] POST /gas-forecast/base-region/listPage args={reqDTO=BaseRegionPageReqDTO[page=1, size=1000, keyword=null]}
[2026-09-20 14:59:32.226] [gas-forecast] [] [] [c.g.forecast.common.web.WebLogAspect] [http-nio-8080-exec-8] [INFO] - Request [行业列表查询] POST /gas-forecast/base-industry/listPage args={reqDTO=BaseIndustryPageReqDTO[page=1, size=1000, keyword=null]}
[2026-09-20 14:59:32.231] [gas-forecast] [] [] [c.g.forecast.common.web.WebLogAspect] [http-nio-8080-exec-8] [INFO] - Request [行业列表查询] completed in 5 ms
[2026-09-20 14:59:32.231] [gas-forecast] [] [] [c.g.forecast.common.web.WebLogAspect] [http-nio-8080-exec-6] [INFO] - Request [区域列表查询] completed in 5 ms
[2026-09-20 14:59:32.232] [gas-forecast] [] [] [c.g.forecast.common.web.WebLogAspect] [http-nio-8080-exec-7] [INFO] - Request [模型训练配置列表查询] completed in 8 ms
[2026-09-20 14:59:32.232] [gas-forecast] [] [] [c.g.forecast.common.web.WebLogAspect] [http-nio-8080-exec-3] [INFO] - Request [客户列表分页查询] completed in 7 ms
[2026-09-20 14:59:32.234] [gas-forecast] [] [] [c.g.forecast.common.web.WebLogAspect] [http-nio-8080-exec-2] [INFO] - Request [模型列表查询] completed in 11 ms
[2026-09-20 14:59:34.570] [gas-forecast] [] [] [c.g.forecast.common.web.WebLogAspect] [http-nio-8080-exec-9] [INFO] - Request [查看模型训练结果] POST /gas-forecast/model-train-execution/result args={reqDTO={"id":2,"trainCode":"TRCFG-00002","trainName":"训练江苏","agentCode":"short-term","modelId":2,"modelCode":"MODEL_JIANGSHU_DIANLI_V1.0","modelName":"浙江电力模型","regionCode":"REG000012","regionName":"江苏","industryCode":"","industryName":"","customerCode":"","customerName":"","trainStartDate":"2016-02-01","trainEndDate":"2026-09-20","trainMode":"RANGE","timeGranularity":"DAY","recentPeriods":36,"enabled":1,"remark":"","createdBy":"system","createdByName":"系统","createdAt":"2026-09-20 13:44:07","updatedAt":"2026-09-20 14:12:13"}}
[2026-09-20 14:59:34.602] [gas-forecast] [] [] [c.g.forecast.common.web.WebLogAspect] [http-nio-8080-exec-9] [INFO] - Request [查看模型训练结果] completed in 32 ms
[2026-09-20 15:02:51.686] [gas-forecast] [] [] [c.g.forecast.common.web.WebLogAspect] [http-nio-8080-exec-5] [INFO] - Request [获取当前登录用户权限] GET /gas-forecast/auth/permissions args={}
[2026-09-20 15:02:51.714] [gas-forecast] [] [] [c.g.forecast.common.web.WebLogAspect] [http-nio-8080-exec-5] [INFO] - Request [获取当前登录用户权限] completed in 29 ms
[2026-09-20 15:02:54.969] [gas-forecast] [] [] [c.g.forecast.common.web.WebLogAspect] [http-nio-8080-exec-10] [INFO] - Request [模型列表查询] POST /gas-forecast/model-config/listPage args={reqDTO=ModelConfigPageReqDTO[page=1, size=1000, keyword=null]}
[2026-09-20 15:02:54.969] [gas-forecast] [] [] [c.g.forecast.common.web.WebLogAspect] [http-nio-8080-exec-6] [INFO] - Request [模型训练配置列表查询] POST /gas-forecast/model-train-config/listPage args={reqDTO=ModelTrainConfigPageReqDTO[page=1, size=10, keyword=null, agentCode=null, timeGranularity=null]}
[2026-09-20 15:02:54.972] [gas-forecast] [] [] [c.g.forecast.common.web.WebLogAspect] [http-nio-8080-exec-4] [INFO] - Request [区域列表查询] POST /gas-forecast/base-region/listPage args={reqDTO=BaseRegionPageReqDTO[page=1, size=1000, keyword=null]}
[2026-09-20 15:02:54.972] [gas-forecast] [] [] [c.g.forecast.common.web.WebLogAspect] [http-nio-8080-exec-1] [INFO] - Request [行业列表查询] POST /gas-forecast/base-industry/listPage args={reqDTO=BaseIndustryPageReqDTO[page=1, size=1000, keyword=null]}
[2026-09-20 15:02:54.972] [gas-forecast] [] [] [c.g.forecast.common.web.WebLogAspect] [http-nio-8080-exec-8] [INFO] - Request [客户列表分页查询] POST /gas-forecast/base-customer/listPage args={reqDTO=BaseCustomerPageReqDTO[page=1, size=1000, keyword=null]}
[2026-09-20 15:02:54.978] [gas-forecast] [] [] [c.g.forecast.common.web.WebLogAspect] [http-nio-8080-exec-6] [INFO] - Request [模型训练配置列表查询] completed in 9 ms
[2026-09-20 15:02:54.978] [gas-forecast] [] [] [c.g.forecast.common.web.WebLogAspect] [http-nio-8080-exec-1] [INFO] - Request [行业列表查询] completed in 6 ms
[2026-09-20 15:02:54.979] [gas-forecast] [] [] [c.g.forecast.common.web.WebLogAspect] [http-nio-8080-exec-4] [INFO] - Request [区域列表查询] completed in 7 ms
[2026-09-20 15:02:54.980] [gas-forecast] [] [] [c.g.forecast.common.web.WebLogAspect] [http-nio-8080-exec-8] [INFO] - Request [客户列表分页查询] completed in 8 ms
[2026-09-20 15:02:54.981] [gas-forecast] [] [] [c.g.forecast.common.web.WebLogAspect] [http-nio-8080-exec-10] [INFO] - Request [模型列表查询] completed in 12 ms
[2026-09-20 15:03:01.123] [gas-forecast] [] [] [c.g.forecast.common.web.WebLogAspect] [http-nio-8080-exec-7] [INFO] - Request [查看模型训练结果] POST /gas-forecast/model-train-execution/result args={reqDTO={"id":2,"trainCode":"TRCFG-00002","trainName":"训练江苏","agentCode":"short-term","modelId":2,"modelCode":"MODEL_JIANGSHU_DIANLI_V1.0","modelName":"浙江电力模型","regionCode":"REG000012","regionName":"江苏","industryCode":"","industryName":"","customerCode":"","customerName":"","trainStartDate":"2016-02-01","trainEndDate":"2026-09-20","trainMode":"RANGE","timeGranularity":"DAY","recentPeriods":36,"enabled":1,"remark":"","createdBy":"system","createdByName":"系统","createdAt":"2026-09-20 13:44:07","updatedAt":"2026-09-20 14:12:13"}}
[2026-09-20 15:03:01.160] [gas-forecast] [] [] [c.g.forecast.common.web.WebLogAspect] [http-nio-8080-exec-7] [INFO] - Request [查看模型训练结果] completed in 38 ms
[2026-09-20 15:09:09.327] [gas-forecast] [] [] [c.g.forecast.common.web.WebLogAspect] [http-nio-8080-exec-3] [INFO] - Request [模型列表查询] POST /gas-forecast/model-config/listPage args={reqDTO=ModelConfigPageReqDTO[page=1, size=1000, keyword=null]}
[2026-09-20 15:09:09.327] [gas-forecast] [] [] [c.g.forecast.common.web.WebLogAspect] [http-nio-8080-exec-1] [INFO] - Request [模型训练配置列表查询] POST /gas-forecast/model-train-config/listPage args={reqDTO=ModelTrainConfigPageReqDTO[page=1, size=10, keyword=null, agentCode=null, timeGranularity=null]}
[2026-09-20 15:09:09.342] [gas-forecast] [] [] [c.g.forecast.common.web.WebLogAspect] [http-nio-8080-exec-5] [INFO] - Request [客户列表分页查询] POST /gas-forecast/base-customer/listPage args={reqDTO=BaseCustomerPageReqDTO[page=1, size=1000, keyword=null]}
[2026-09-20 15:09:09.344] [gas-forecast] [] [] [c.g.forecast.common.web.WebLogAspect] [http-nio-8080-exec-1] [INFO] - Request [模型训练配置列表查询] completed in 17 ms
[2026-09-20 15:09:09.344] [gas-forecast] [] [] [c.g.forecast.common.web.WebLogAspect] [http-nio-8080-exec-3] [INFO] - Request [模型列表查询] completed in 17 ms
[2026-09-20 15:09:09.346] [gas-forecast] [] [] [c.g.forecast.common.web.WebLogAspect] [http-nio-8080-exec-5] [INFO] - Request [客户列表分页查询] completed in 4 ms
[2026-09-20 15:09:09.532] [gas-forecast] [] [] [c.g.forecast.common.web.WebLogAspect] [http-nio-8080-exec-2] [INFO] - Request [行业列表查询] POST /gas-forecast/base-industry/listPage args={reqDTO=BaseIndustryPageReqDTO[page=1, size=1000, keyword=null]}
[2026-09-20 15:09:09.532] [gas-forecast] [] [] [c.g.forecast.common.web.WebLogAspect] [http-nio-8080-exec-9] [INFO] - Request [区域列表查询] POST /gas-forecast/base-region/listPage args={reqDTO=BaseRegionPageReqDTO[page=1, size=1000, keyword=null]}
[2026-09-20 15:09:09.536] [gas-forecast] [] [] [c.g.forecast.common.web.WebLogAspect] [http-nio-8080-exec-2] [INFO] - Request [行业列表查询] completed in 4 ms
[2026-09-20 15:09:09.536] [gas-forecast] [] [] [c.g.forecast.common.web.WebLogAspect] [http-nio-8080-exec-9] [INFO] - Request [区域列表查询] completed in 4 ms
[2026-09-20 15:09:42.956] [gas-forecast] [] [] [c.g.forecast.common.web.WebLogAspect] [http-nio-8080-exec-4] [INFO] - Request [模型列表查询] POST /gas-forecast/model-config/listPage args={reqDTO=ModelConfigPageReqDTO[page=1, size=10, keyword=null]}
[2026-09-20 15:09:42.966] [gas-forecast] [] [] [c.g.forecast.common.web.WebLogAspect] [http-nio-8080-exec-4] [INFO] - Request [模型列表查询] completed in 10 ms
[2026-09-20 15:09:52.037] [gas-forecast] [] [] [c.g.forecast.common.web.WebLogAspect] [http-nio-8080-exec-6] [INFO] - Request [模型列表查询] POST /gas-forecast/model-config/listPage args={reqDTO=ModelConfigPageReqDTO[page=1, size=1000, keyword=null]}
[2026-09-20 15:09:52.037] [gas-forecast] [] [] [c.g.forecast.common.web.WebLogAspect] [http-nio-8080-exec-1] [INFO] - Request [模型训练配置列表查询] POST /gas-forecast/model-train-config/listPage args={reqDTO=ModelTrainConfigPageReqDTO[page=1, size=10, keyword=null, agentCode=null, timeGranularity=null]}
[2026-09-20 15:09:52.040] [gas-forecast] [] [] [c.g.forecast.common.web.WebLogAspect] [http-nio-8080-exec-7] [INFO] - Request [客户列表分页查询] POST /gas-forecast/base-customer/listPage args={reqDTO=BaseCustomerPageReqDTO[page=1, size=1000, keyword=null]}
[2026-09-20 15:09:52.040] [gas-forecast] [] [] [c.g.forecast.common.web.WebLogAspect] [http-nio-8080-exec-8] [INFO] - Request [区域列表查询] POST /gas-forecast/base-region/listPage args={reqDTO=BaseRegionPageReqDTO[page=1, size=1000, keyword=null]}
[2026-09-20 15:09:52.041] [gas-forecast] [] [] [c.g.forecast.common.web.WebLogAspect] [http-nio-8080-exec-10] [INFO] - Request [行业列表查询] POST /gas-forecast/base-industry/listPage args={reqDTO=BaseIndustryPageReqDTO[page=1, size=1000, keyword=null]}
[2026-09-20 15:09:52.042] [gas-forecast] [] [] [c.g.forecast.common.web.WebLogAspect] [http-nio-8080-exec-1] [INFO] - Request [模型训练配置列表查询] completed in 5 ms
[2026-09-20 15:09:52.045] [gas-forecast] [] [] [c.g.forecast.common.web.WebLogAspect] [http-nio-8080-exec-8] [INFO] - Request [区域列表查询] completed in 5 ms
[2026-09-20 15:09:52.045] [gas-forecast] [] [] [c.g.forecast.common.web.WebLogAspect] [http-nio-8080-exec-7] [INFO] - Request [客户列表分页查询] completed in 5 ms
[2026-09-20 15:09:52.045] [gas-forecast] [] [] [c.g.forecast.common.web.WebLogAspect] [http-nio-8080-exec-10] [INFO] - Request [行业列表查询] completed in 4 ms
[2026-09-20 15:09:52.045] [gas-forecast] [] [] [c.g.forecast.common.web.WebLogAspect] [http-nio-8080-exec-6] [INFO] - Request [模型列表查询] completed in 8 ms
[2026-09-20 15:09:56.174] [gas-forecast] [] [] [c.g.forecast.common.web.WebLogAspect] [http-nio-8080-exec-3] [INFO] - Request [模型列表查询] POST /gas-forecast/model-config/listPage args={reqDTO=ModelConfigPageReqDTO[page=1, size=1000, keyword=null]}
[2026-09-20 15:09:56.177] [gas-forecast] [] [] [c.g.forecast.common.web.WebLogAspect] [http-nio-8080-exec-5] [INFO] - Request [区域列表查询] POST /gas-forecast/base-region/listPage args={reqDTO=BaseRegionPageReqDTO[page=1, size=1000, keyword=null]}
[2026-09-20 15:09:56.177] [gas-forecast] [] [] [c.g.forecast.common.web.WebLogAspect] [http-nio-8080-exec-2] [INFO] - Request [行业列表查询] POST /gas-forecast/base-industry/listPage args={reqDTO=BaseIndustryPageReqDTO[page=1, size=1000, keyword=null]}
[2026-09-20 15:09:56.178] [gas-forecast] [] [] [c.g.forecast.common.web.WebLogAspect] [http-nio-8080-exec-9] [INFO] - Request [客户列表分页查询] POST /gas-forecast/base-customer/listPage args={reqDTO=BaseCustomerPageReqDTO[page=1, size=1000, keyword=null]}
[2026-09-20 15:09:56.180] [gas-forecast] [] [] [c.g.forecast.common.web.WebLogAspect] [http-nio-8080-exec-5] [INFO] - Request [区域列表查询] completed in 3 ms
[2026-09-20 15:09:56.181] [gas-forecast] [] [] [c.g.forecast.common.web.WebLogAspect] [http-nio-8080-exec-2] [INFO] - Request [行业列表查询] completed in 4 ms
[2026-09-20 15:09:56.181] [gas-forecast] [] [] [c.g.forecast.common.web.WebLogAspect] [http-nio-8080-exec-3] [INFO] - Request [模型列表查询] completed in 7 ms
[2026-09-20 15:09:56.181] [gas-forecast] [] [] [c.g.forecast.common.web.WebLogAspect] [http-nio-8080-exec-9] [INFO] - Request [客户列表分页查询] completed in 3 ms
[2026-09-20 15:10:02.647] [gas-forecast] [] [] [c.g.forecast.common.web.WebLogAspect] [http-nio-8080-exec-4] [INFO] - Request [查看模型训练结果] POST /gas-forecast/model-train-execution/result args={reqDTO={"id":1,"trainCode":"TRCFG-00001","trainName":"测试北京训练","agentCode":"winter-supply","modelId":1,"modelCode":"WINTER_MODEL_V1.0","modelName":"冬季保供模型","regionCode":"REG000005","regionName":"北京","industryCode":"","industryName":"","customerCode":"","customerName":"","trainStartDate":"2015-01-01","trainEndDate":"2026-09-01","trainMode":"RANGE","timeGranularity":"TENDAY","recentPeriods":36,"enabled":1,"remark":"","createdBy":"system","createdByName":"系统","createdAt":"2026-09-18 16:50:57","updatedAt":"2026-09-20 13:44:11"}}
[2026-09-20 15:10:02.656] [gas-forecast] [] [] [c.g.forecast.common.web.WebLogAspect] [http-nio-8080-exec-4] [INFO] - Request [查看模型训练结果] completed in 9 ms
[2026-09-20 15:10:22.133] [gas-forecast] [] [] [c.g.forecast.common.web.WebLogAspect] [http-nio-8080-exec-1] [INFO] - Request [模型列表查询] POST /gas-forecast/model-config/listPage args={reqDTO=ModelConfigPageReqDTO[page=1, size=10, keyword=null]}
[2026-09-20 15:10:22.149] [gas-forecast] [] [] [c.g.forecast.common.web.WebLogAspect] [http-nio-8080-exec-1] [INFO] - Request [模型列表查询] completed in 16 ms
[2026-09-20 15:10:26.847] [gas-forecast] [] [] [c.g.forecast.common.web.WebLogAspect] [http-nio-8080-exec-8] [INFO] - Request [模型列表查询] POST /gas-forecast/model-config/listPage args={reqDTO=ModelConfigPageReqDTO[page=1, size=1000, keyword=null]}
[2026-09-20 15:10:26.847] [gas-forecast] [] [] [c.g.forecast.common.web.WebLogAspect] [http-nio-8080-exec-5] [INFO] - Request [模型训练配置列表查询] POST /gas-forecast/model-train-config/listPage args={reqDTO=ModelTrainConfigPageReqDTO[page=1, size=10, keyword=null, agentCode=null, timeGranularity=null]}
[2026-09-20 15:10:26.851] [gas-forecast] [] [] [c.g.forecast.common.web.WebLogAspect] [http-nio-8080-exec-10] [INFO] - Request [行业列表查询] POST /gas-forecast/base-industry/listPage args={reqDTO=BaseIndustryPageReqDTO[page=1, size=1000, keyword=null]}
[2026-09-20 15:10:26.851] [gas-forecast] [] [] [c.g.forecast.common.web.WebLogAspect] [http-nio-8080-exec-7] [INFO] - Request [区域列表查询] POST /gas-forecast/base-region/listPage args={reqDTO=BaseRegionPageReqDTO[page=1, size=1000, keyword=null]}
[2026-09-20 15:10:26.852] [gas-forecast] [] [] [c.g.forecast.common.web.WebLogAspect] [http-nio-8080-exec-6] [INFO] - Request [客户列表分页查询] POST /gas-forecast/base-customer/listPage args={reqDTO=BaseCustomerPageReqDTO[page=1, size=1000, keyword=null]}
[2026-09-20 15:10:26.853] [gas-forecast] [] [] [c.g.forecast.common.web.WebLogAspect] [http-nio-8080-exec-5] [INFO] - Request [模型训练配置列表查询] completed in 6 ms
[2026-09-20 15:10:26.856] [gas-forecast] [] [] [c.g.forecast.common.web.WebLogAspect] [http-nio-8080-exec-7] [INFO] - Request [区域列表查询] completed in 5 ms
[2026-09-20 15:10:26.856] [gas-forecast] [] [] [c.g.forecast.common.web.WebLogAspect] [http-nio-8080-exec-6] [INFO] - Request [客户列表分页查询] completed in 4 ms
[2026-09-20 15:10:26.856] [gas-forecast] [] [] [c.g.forecast.common.web.WebLogAspect] [http-nio-8080-exec-8] [INFO] - Request [模型列表查询] completed in 9 ms
[2026-09-20 15:10:26.857] [gas-forecast] [] [] [c.g.forecast.common.web.WebLogAspect] [http-nio-8080-exec-10] [INFO] - Request [行业列表查询] completed in 6 ms
[2026-09-20 15:10:28.814] [gas-forecast] [] [] [c.g.forecast.common.web.WebLogAspect] [http-nio-8080-exec-2] [INFO] - Request [查看模型训练结果] POST /gas-forecast/model-train-execution/result args={reqDTO={"id":2,"trainCode":"TRCFG-00002","trainName":"训练江苏","agentCode":"short-term","modelId":2,"modelCode":"MODEL_JIANGSHU_DIANLI_V1.0","modelName":"浙江电力模型","regionCode":"REG000012","regionName":"江苏","industryCode":"","industryName":"","customerCode":"","customerName":"","trainStartDate":"2016-02-01","trainEndDate":"2026-09-20","trainMode":"RANGE","timeGranularity":"DAY","recentPeriods":36,"enabled":1,"remark":"","createdBy":"system","createdByName":"系统","createdAt":"2026-09-20 13:44:07","updatedAt":"2026-09-20 14:12:13"}}
[2026-09-20 15:10:28.838] [gas-forecast] [] [] [c.g.forecast.common.web.WebLogAspect] [http-nio-8080-exec-2] [INFO] - Request [查看模型训练结果] completed in 24 ms
[2026-09-20 15:16:59.098] [gas-forecast] [] [] [c.g.forecast.common.web.WebLogAspect] [http-nio-8080-exec-3] [INFO] - Request [模型列表查询] POST /gas-forecast/model-config/listPage args={reqDTO=ModelConfigPageReqDTO[page=1, size=10, keyword=null]}
[2026-09-20 15:16:59.116] [gas-forecast] [] [] [c.g.forecast.common.web.WebLogAspect] [http-nio-8080-exec-3] [INFO] - Request [模型列表查询] completed in 18 ms
[2026-09-20 15:17:01.550] [gas-forecast] [] [] [c.g.forecast.common.web.WebLogAspect] [http-nio-8080-exec-9] [INFO] - Request [训练特征数据列表查询] POST /gas-forecast/model-train-feature-data/listPage args={reqDTO=ModelTrainFeatureDataPageReqDTO[page=1, size=10, keyword=null, timeGranularity=null, statDate=null, regionCode=null, industryCode=null, customerCode=null, statDateStart=null, statDateEnd=null, sortField=null, sortOrder=null]}
[2026-09-20 15:17:01.580] [gas-forecast] [] [] [c.g.forecast.common.web.WebLogAspect] [http-nio-8080-exec-9] [INFO] - Request [训练特征数据列表查询] completed in 30 ms
[2026-09-20 15:17:02.588] [gas-forecast] [] [] [c.g.forecast.common.web.WebLogAspect] [http-nio-8080-exec-4] [INFO] - Request [特征定义列表查询] POST /gas-forecast/model-feature-definition/listPage args={reqDTO=ModelFeatureDefinitionPageReqDTO[page=1, size=10, keyword=null, timeGranularity=null]}
[2026-09-20 15:17:02.591] [gas-forecast] [] [] [c.g.forecast.common.web.WebLogAspect] [http-nio-8080-exec-4] [INFO] - Request [特征定义列表查询] completed in 3 ms
[2026-09-20 15:17:05.442] [gas-forecast] [] [] [c.g.forecast.common.web.WebLogAspect] [http-nio-8080-exec-1] [INFO] - Request [训练特征数据列表查询] POST /gas-forecast/model-train-feature-data/listPage args={reqDTO=ModelTrainFeatureDataPageReqDTO[page=1, size=10, keyword=null, timeGranularity=null, statDate=null, regionCode=null, industryCode=null, customerCode=null, statDateStart=null, statDateEnd=null, sortField=null, sortOrder=null]}
[2026-09-20 15:17:05.468] [gas-forecast] [] [] [c.g.forecast.common.web.WebLogAspect] [http-nio-8080-exec-1] [INFO] - Request [训练特征数据列表查询] completed in 26 ms
[2026-09-20 15:17:09.081] [gas-forecast] [] [] [c.g.forecast.common.web.WebLogAspect] [http-nio-8080-exec-5] [INFO] - Request [特征定义列表查询] POST /gas-forecast/model-feature-definition/listPage args={reqDTO=ModelFeatureDefinitionPageReqDTO[page=1, size=10, keyword=null, timeGranularity=null]}
[2026-09-20 15:17:09.084] [gas-forecast] [] [] [c.g.forecast.common.web.WebLogAspect] [http-nio-8080-exec-5] [INFO] - Request [特征定义列表查询] completed in 3 ms
[2026-09-20 15:18:04.824] [gas-forecast] [] [] [c.g.forecast.common.web.WebLogAspect] [http-nio-8080-exec-7] [INFO] - Request [模型列表查询] POST /gas-forecast/model-config/listPage args={reqDTO=ModelConfigPageReqDTO[page=1, size=1000, keyword=null]}
[2026-09-20 15:18:04.824] [gas-forecast] [] [] [c.g.forecast.common.web.WebLogAspect] [http-nio-8080-exec-2] [INFO] - Request [模型训练配置列表查询] POST /gas-forecast/model-train-config/listPage args={reqDTO=ModelTrainConfigPageReqDTO[page=1, size=10, keyword=null, agentCode=null, timeGranularity=null]}
[2026-09-20 15:18:04.832] [gas-forecast] [] [] [c.g.forecast.common.web.WebLogAspect] [http-nio-8080-exec-2] [INFO] - Request [模型训练配置列表查询] completed in 8 ms
[2026-09-20 15:18:04.833] [gas-forecast] [] [] [c.g.forecast.common.web.WebLogAspect] [http-nio-8080-exec-10] [INFO] - Request [客户列表分页查询] POST /gas-forecast/base-customer/listPage args={reqDTO=BaseCustomerPageReqDTO[page=1, size=1000, keyword=null]}
[2026-09-20 15:18:04.833] [gas-forecast] [] [] [c.g.forecast.common.web.WebLogAspect] [http-nio-8080-exec-6] [INFO] - Request [区域列表查询] POST /gas-forecast/base-region/listPage args={reqDTO=BaseRegionPageReqDTO[page=1, size=1000, keyword=null]}
[2026-09-20 15:18:04.833] [gas-forecast] [] [] [c.g.forecast.common.web.WebLogAspect] [http-nio-8080-exec-8] [INFO] - Request [行业列表查询] POST /gas-forecast/base-industry/listPage args={reqDTO=BaseIndustryPageReqDTO[page=1, size=1000, keyword=null]}
[2026-09-20 15:18:04.837] [gas-forecast] [] [] [c.g.forecast.common.web.WebLogAspect] [http-nio-8080-exec-7] [INFO] - Request [模型列表查询] completed in 13 ms
[2026-09-20 15:18:04.837] [gas-forecast] [] [] [c.g.forecast.common.web.WebLogAspect] [http-nio-8080-exec-8] [INFO] - Request [行业列表查询] completed in 4 ms
[2026-09-20 15:18:04.838] [gas-forecast] [] [] [c.g.forecast.common.web.WebLogAspect] [http-nio-8080-exec-10] [INFO] - Request [客户列表分页查询] completed in 5 ms
[2026-09-20 15:18:04.841] [gas-forecast] [] [] [c.g.forecast.common.web.WebLogAspect] [http-nio-8080-exec-6] [INFO] - Request [区域列表查询] completed in 8 ms
[2026-09-20 15:18:09.294] [gas-forecast] [] [] [c.g.forecast.common.web.WebLogAspect] [http-nio-8080-exec-3] [INFO] - Request [查看模型训练结果] POST /gas-forecast/model-train-execution/result args={reqDTO={"id":1,"trainCode":"TRCFG-00001","trainName":"测试北京训练","agentCode":"winter-supply","modelId":1,"modelCode":"WINTER_MODEL_V1.0","modelName":"冬季保供模型","regionCode":"REG000005","regionName":"北京","industryCode":"","industryName":"","customerCode":"","customerName":"","trainStartDate":"2015-01-01","trainEndDate":"2026-09-01","trainMode":"RANGE","timeGranularity":"TENDAY","recentPeriods":36,"enabled":1,"remark":"","createdBy":"system","createdByName":"系统","createdAt":"2026-09-18 16:50:57","updatedAt":"2026-09-20 13:44:11"}}
[2026-09-20 15:18:09.304] [gas-forecast] [] [] [c.g.forecast.common.web.WebLogAspect] [http-nio-8080-exec-3] [INFO] - Request [查看模型训练结果] completed in 10 ms
[2026-09-20 15:25:44.987] [gas-forecast] [] [] [c.g.forecast.common.web.WebLogAspect] [http-nio-8080-exec-9] [INFO] - Request [特征定义列表查询] POST /gas-forecast/model-feature-definition/listPage args={reqDTO=ModelFeatureDefinitionPageReqDTO[page=1, size=10, keyword=null, timeGranularity=null]}
[2026-09-20 15:25:45.001] [gas-forecast] [] [] [c.g.forecast.common.web.WebLogAspect] [http-nio-8080-exec-9] [INFO] - Request [特征定义列表查询] completed in 14 ms
[2026-09-20 15:25:48.026] [gas-forecast] [] [] [c.g.forecast.common.web.WebLogAspect] [http-nio-8080-exec-7] [INFO] - Request [模型训练配置列表查询] POST /gas-forecast/model-train-config/listPage args={reqDTO=ModelTrainConfigPageReqDTO[page=1, size=10, keyword=null, agentCode=null, timeGranularity=null]}
[2026-09-20 15:25:48.026] [gas-forecast] [] [] [c.g.forecast.common.web.WebLogAspect] [http-nio-8080-exec-4] [INFO] - Request [模型列表查询] POST /gas-forecast/model-config/listPage args={reqDTO=ModelConfigPageReqDTO[page=1, size=1000, keyword=null]}
[2026-09-20 15:25:48.032] [gas-forecast] [] [] [c.g.forecast.common.web.WebLogAspect] [http-nio-8080-exec-7] [INFO] - Request [模型训练配置列表查询] completed in 6 ms
[2026-09-20 15:25:48.033] [gas-forecast] [] [] [c.g.forecast.common.web.WebLogAspect] [http-nio-8080-exec-5] [INFO] - Request [行业列表查询] POST /gas-forecast/base-industry/listPage args={reqDTO=BaseIndustryPageReqDTO[page=1, size=1000, keyword=null]}
[2026-09-20 15:25:48.034] [gas-forecast] [] [] [c.g.forecast.common.web.WebLogAspect] [http-nio-8080-exec-1] [INFO] - Request [区域列表查询] POST /gas-forecast/base-region/listPage args={reqDTO=BaseRegionPageReqDTO[page=1, size=1000, keyword=null]}
[2026-09-20 15:25:48.034] [gas-forecast] [] [] [c.g.forecast.common.web.WebLogAspect] [http-nio-8080-exec-2] [INFO] - Request [客户列表分页查询] POST /gas-forecast/base-customer/listPage args={reqDTO=BaseCustomerPageReqDTO[page=1, size=1000, keyword=null]}
[2026-09-20 15:25:48.037] [gas-forecast] [] [] [c.g.forecast.common.web.WebLogAspect] [http-nio-8080-exec-5] [INFO] - Request [行业列表查询] completed in 4 ms
[2026-09-20 15:25:48.038] [gas-forecast] [] [] [c.g.forecast.common.web.WebLogAspect] [http-nio-8080-exec-4] [INFO] - Request [模型列表查询] completed in 12 ms
[2026-09-20 15:25:48.039] [gas-forecast] [] [] [c.g.forecast.common.web.WebLogAspect] [http-nio-8080-exec-2] [INFO] - Request [客户列表分页查询] completed in 5 ms
[2026-09-20 15:25:48.040] [gas-forecast] [] [] [c.g.forecast.common.web.WebLogAspect] [http-nio-8080-exec-1] [INFO] - Request [区域列表查询] completed in 6 ms
[2026-09-20 15:25:49.830] [gas-forecast] [] [] [c.g.forecast.common.web.WebLogAspect] [http-nio-8080-exec-8] [INFO] - Request [查看模型训练结果] POST /gas-forecast/model-train-execution/result args={reqDTO={"id":2,"trainCode":"TRCFG-00002","trainName":"训练江苏","agentCode":"short-term","modelId":2,"modelCode":"MODEL_JIANGSHU_DIANLI_V1.0","modelName":"浙江电力模型","regionCode":"REG000012","regionName":"江苏","industryCode":"","industryName":"","customerCode":"","customerName":"","trainStartDate":"2016-02-01","trainEndDate":"2026-09-20","trainMode":"RANGE","timeGranularity":"DAY","recentPeriods":36,"enabled":1,"remark":"","createdBy":"system","createdByName":"系统","createdAt":"2026-09-20 13:44:07","updatedAt":"2026-09-20 14:12:13"}}
[2026-09-20 15:25:49.864] [gas-forecast] [] [] [c.g.forecast.common.web.WebLogAspect] [http-nio-8080-exec-8] [INFO] - Request [查看模型训练结果] completed in 34 ms
[2026-09-20 16:00:47.947] [gas-forecast] [] [] [c.g.forecast.common.web.WebLogAspect] [http-nio-8080-exec-10] [INFO] - Request [模型列表查询] POST /gas-forecast/model-config/listPage args={reqDTO=ModelConfigPageReqDTO[page=1, size=1000, keyword=null]}
[2026-09-20 16:00:47.947] [gas-forecast] [] [] [c.g.forecast.common.web.WebLogAspect] [http-nio-8080-exec-7] [INFO] - Request [模型训练配置列表查询] POST /gas-forecast/model-train-config/listPage args={reqDTO=ModelTrainConfigPageReqDTO[page=1, size=10, keyword=null, agentCode=null, timeGranularity=null]}
[2026-09-20 16:00:47.963] [gas-forecast] [] [] [c.g.forecast.common.web.WebLogAspect] [http-nio-8080-exec-6] [INFO] - Request [区域列表查询] POST /gas-forecast/base-region/listPage args={reqDTO=BaseRegionPageReqDTO[page=1, size=1000, keyword=null]}
[2026-09-20 16:00:47.964] [gas-forecast] [] [] [c.g.forecast.common.web.WebLogAspect] [http-nio-8080-exec-7] [INFO] - Request [模型训练配置列表查询] completed in 17 ms
[2026-09-20 16:00:47.965] [gas-forecast] [] [] [c.g.forecast.common.web.WebLogAspect] [http-nio-8080-exec-10] [INFO] - Request [模型列表查询] completed in 18 ms
[2026-09-20 16:00:47.969] [gas-forecast] [] [] [c.g.forecast.common.web.WebLogAspect] [http-nio-8080-exec-6] [INFO] - Request [区域列表查询] completed in 6 ms
[2026-09-20 16:00:48.152] [gas-forecast] [] [] [c.g.forecast.common.web.WebLogAspect] [http-nio-8080-exec-9] [INFO] - Request [客户列表分页查询] POST /gas-forecast/base-customer/listPage args={reqDTO=BaseCustomerPageReqDTO[page=1, size=1000, keyword=null]}
[2026-09-20 16:00:48.152] [gas-forecast] [] [] [c.g.forecast.common.web.WebLogAspect] [http-nio-8080-exec-3] [INFO] - Request [行业列表查询] POST /gas-forecast/base-industry/listPage args={reqDTO=BaseIndustryPageReqDTO[page=1, size=1000, keyword=null]}
[2026-09-20 16:00:48.155] [gas-forecast] [] [] [c.g.forecast.common.web.WebLogAspect] [http-nio-8080-exec-3] [INFO] - Request [行业列表查询] completed in 3 ms
[2026-09-20 16:00:48.155] [gas-forecast] [] [] [c.g.forecast.common.web.WebLogAspect] [http-nio-8080-exec-9] [INFO] - Request [客户列表分页查询] completed in 3 ms
[2026-09-20 16:01:55.233] [gas-forecast] [] [] [com.zaxxer.hikari.HikariDataSource] [SpringApplicationShutdownHook] [INFO] - HikariPool-1 - Shutdown initiated...
[2026-09-20 16:01:55.234] [gas-forecast] [] [] [com.zaxxer.hikari.HikariDataSource] [SpringApplicationShutdownHook] [INFO] - HikariPool-1 - Shutdown completed.
[2026-09-20 16:01:57.210] [gas-forecast] [] [] [o.h.validator.internal.util.Version] [background-preinit] [INFO] - HV000001: Hibernate Validator 8.0.1.Final
[2026-09-20 16:01:57.221] [gas-forecast] [] [] [c.g.f.GasForecastStartupApplication] [main] [INFO] - Starting GasForecastStartupApplication using Java 21.0.11 with PID 31424 (/Users/zoujun/work/workspace/shiyou/gas-forecast/gas-forecast-startup/target/classes started by zoujun in /Users/zoujun/work/workspace/shiyou/gas-forecast)
[2026-09-20 16:01:57.222] [gas-forecast] [] [] [c.g.f.GasForecastStartupApplication] [main] [INFO] - The following 1 profile is active: "dev"
[2026-09-20 16:01:57.501] [gas-forecast] [] [] [o.s.d.r.c.RepositoryConfigurationDelegate] [main] [INFO] - Multiple Spring Data modules found, entering strict repository configuration mode
[2026-09-20 16:01:57.502] [gas-forecast] [] [] [o.s.d.r.c.RepositoryConfigurationDelegate] [main] [INFO] - Bootstrapping Spring Data Redis repositories in DEFAULT mode.
[2026-09-20 16:01:57.518] [gas-forecast] [] [] [o.s.d.r.c.RepositoryConfigurationDelegate] [main] [INFO] - Finished Spring Data repository scanning in 10 ms. Found 0 Redis repository interfaces.
[2026-09-20 16:01:57.790] [gas-forecast] [] [] [o.s.b.w.e.tomcat.TomcatWebServer] [main] [INFO] - Tomcat initialized with port 8080 (http)
[2026-09-20 16:01:57.794] [gas-forecast] [] [] [o.a.coyote.http11.Http11NioProtocol] [main] [INFO] - Initializing ProtocolHandler ["http-nio-8080"]
[2026-09-20 16:01:57.795] [gas-forecast] [] [] [o.a.catalina.core.StandardService] [main] [INFO] - Starting service [Tomcat]
[2026-09-20 16:01:57.795] [gas-forecast] [] [] [o.a.catalina.core.StandardEngine] [main] [INFO] - Starting Servlet engine: [Apache Tomcat/10.1.20]
[2026-09-20 16:01:57.811] [gas-forecast] [] [] [o.a.c.c.C.[.[.[/gas-forecast]] [main] [INFO] - Initializing Spring embedded WebApplicationContext
[2026-09-20 16:01:57.811] [gas-forecast] [] [] [o.s.b.w.s.c.ServletWebServerApplicationContext] [main] [INFO] - Root WebApplicationContext: initialization completed in 572 ms
[2026-09-20 16:01:58.483] [gas-forecast] [] [] [o.a.coyote.http11.Http11NioProtocol] [main] [INFO] - Starting ProtocolHandler ["http-nio-8080"]
[2026-09-20 16:01:58.490] [gas-forecast] [] [] [o.s.b.w.e.tomcat.TomcatWebServer] [main] [INFO] - Tomcat started on port 8080 (http) with context path '/gas-forecast'
[2026-09-20 16:01:58.494] [gas-forecast] [] [] [c.g.f.GasForecastStartupApplication] [main] [INFO] - Started GasForecastStartupApplication in 1.463 seconds (process running for 1.727)
[2026-09-20 16:02:01.712] [gas-forecast] [] [] [o.a.c.c.C.[.[.[/gas-forecast]] [http-nio-8080-exec-1] [INFO] - Initializing Spring DispatcherServlet 'dispatcherServlet'
[2026-09-20 16:02:01.712] [gas-forecast] [] [] [o.s.web.servlet.DispatcherServlet] [http-nio-8080-exec-1] [INFO] - Initializing Servlet 'dispatcherServlet'
[2026-09-20 16:02:01.713] [gas-forecast] [] [] [o.s.web.servlet.DispatcherServlet] [http-nio-8080-exec-1] [INFO] - Completed initialization in 1 ms
[2026-09-20 16:02:01.812] [gas-forecast] [] [] [c.g.forecast.common.web.WebLogAspect] [http-nio-8080-exec-2] [INFO] - Request [模型列表查询] POST /gas-forecast/model-config/listPage args={reqDTO=ModelConfigPageReqDTO[page=1, size=1000, keyword=null]}
[2026-09-20 16:02:01.812] [gas-forecast] [] [] [c.g.forecast.common.web.WebLogAspect] [http-nio-8080-exec-6] [INFO] - Request [模型训练配置列表查询] POST /gas-forecast/model-train-config/listPage args={reqDTO=ModelTrainConfigPageReqDTO[page=1, size=10, keyword=null, agentCode=null, timeGranularity=null]}
[2026-09-20 16:02:01.867] [gas-forecast] [] [] [com.zaxxer.hikari.HikariDataSource] [http-nio-8080-exec-6] [INFO] - HikariPool-1 - Starting...
[2026-09-20 16:02:01.880] [gas-forecast] [] [] [c.g.forecast.common.web.WebLogAspect] [http-nio-8080-exec-1] [INFO] - Request [获取当前登录用户权限] GET /gas-forecast/auth/permissions args={}
[2026-09-20 16:02:01.937] [gas-forecast] [] [] [com.zaxxer.hikari.pool.HikariPool] [http-nio-8080-exec-6] [INFO] - HikariPool-1 - Added connection com.mysql.cj.jdbc.ConnectionImpl@22fe01b5
[2026-09-20 16:02:01.937] [gas-forecast] [] [] [com.zaxxer.hikari.HikariDataSource] [http-nio-8080-exec-6] [INFO] - HikariPool-1 - Start completed.
[2026-09-20 16:02:01.971] [gas-forecast] [] [] [c.g.forecast.common.web.WebLogAspect] [http-nio-8080-exec-6] [INFO] - Request [模型训练配置列表查询] completed in 160 ms
[2026-09-20 16:02:01.976] [gas-forecast] [] [] [c.g.forecast.common.web.WebLogAspect] [http-nio-8080-exec-3] [INFO] - Request [行业列表查询] POST /gas-forecast/base-industry/listPage args={reqDTO=BaseIndustryPageReqDTO[page=1, size=1000, keyword=null]}
[2026-09-20 16:02:01.977] [gas-forecast] [] [] [c.g.forecast.common.web.WebLogAspect] [http-nio-8080-exec-4] [INFO] - Request [区域列表查询] POST /gas-forecast/base-region/listPage args={reqDTO=BaseRegionPageReqDTO[page=1, size=1000, keyword=null]}
[2026-09-20 16:02:01.979] [gas-forecast] [] [] [c.g.forecast.common.web.WebLogAspect] [http-nio-8080-exec-5] [INFO] - Request [客户列表分页查询] POST /gas-forecast/base-customer/listPage args={reqDTO=BaseCustomerPageReqDTO[page=1, size=1000, keyword=null]}
[2026-09-20 16:02:01.982] [gas-forecast] [] [] [c.g.forecast.common.web.WebLogAspect] [http-nio-8080-exec-1] [INFO] - Request [获取当前登录用户权限] completed in 102 ms
[2026-09-20 16:02:01.983] [gas-forecast] [] [] [c.g.forecast.common.web.WebLogAspect] [http-nio-8080-exec-4] [INFO] - Request [区域列表查询] completed in 7 ms
[2026-09-20 16:02:01.983] [gas-forecast] [] [] [c.g.forecast.common.web.WebLogAspect] [http-nio-8080-exec-3] [INFO] - Request [行业列表查询] completed in 8 ms
[2026-09-20 16:02:01.986] [gas-forecast] [] [] [c.g.forecast.common.web.WebLogAspect] [http-nio-8080-exec-5] [INFO] - Request [客户列表分页查询] completed in 7 ms
[2026-09-20 16:02:01.990] [gas-forecast] [] [] [c.g.forecast.common.web.WebLogAspect] [http-nio-8080-exec-2] [INFO] - Request [模型列表查询] completed in 179 ms
[2026-09-20 16:02:03.717] [gas-forecast] [] [] [c.g.forecast.common.web.WebLogAspect] [http-nio-8080-exec-7] [INFO] - Request [查看模型训练结果] POST /gas-forecast/model-train-execution/result args={reqDTO={"id":2,"trainCode":"TRCFG-00002","trainName":"训练江苏","agentCode":"short-term","modelId":2,"modelCode":"MODEL_JIANGSHU_DIANLI_V1.0","modelName":"浙江电力模型","regionCode":"REG000012","regionName":"江苏","industryCode":"","industryName":"","customerCode":"","customerName":"","trainStartDate":"2016-02-01","trainEndDate":"2026-09-20","trainMode":"RANGE","timeGranularity":"DAY","recentPeriods":36,"enabled":1,"remark":"","createdBy":"system","createdByName":"系统","createdAt":"2026-09-20 13:44:07","updatedAt":"2026-09-20 14:12:13"}}
[2026-09-20 16:02:03.723] [gas-forecast] [] [] [c.g.forecast.common.web.WebLogAspect] [http-nio-8080-exec-7] [INFO] - Request [查看模型训练结果] completed in 8 ms
[2026-09-20 16:02:03.731] [gas-forecast] [] [] [c.g.forecast.common.web.WebLogAspect] [http-nio-8080-exec-8] [INFO] - Request [查看模型训练结果] POST /gas-forecast/model-train-execution/result args={reqDTO={"batchNo":"TRBATCH-20260920-00008"}}
[2026-09-20 16:02:03.759] [gas-forecast] [] [] [c.g.forecast.common.web.WebLogAspect] [http-nio-8080-exec-8] [INFO] - Request [查看模型训练结果] completed in 28 ms
[2026-09-20 16:02:26.047] [gas-forecast] [] [] [c.g.forecast.common.web.WebLogAspect] [http-nio-8080-exec-9] [INFO] - Request [查看模型训练结果] POST /gas-forecast/model-train-execution/result args={reqDTO={"batchNo":"TRBATCH-20260920-00007"}}
[2026-09-20 16:02:26.076] [gas-forecast] [] [] [c.g.forecast.common.web.WebLogAspect] [http-nio-8080-exec-9] [INFO] - Request [查看模型训练结果] completed in 29 ms
[2026-09-20 16:11:20.830] [gas-forecast] [] [] [c.g.forecast.common.web.WebLogAspect] [http-nio-8080-exec-10] [INFO] - Request [获取当前登录用户权限] GET /gas-forecast/auth/permissions args={}
[2026-09-20 16:11:20.855] [gas-forecast] [] [] [c.g.forecast.common.web.WebLogAspect] [http-nio-8080-exec-10] [INFO] - Request [获取当前登录用户权限] completed in 25 ms
[2026-09-20 16:11:20.920] [gas-forecast] [] [] [c.g.forecast.common.web.WebLogAspect] [http-nio-8080-exec-1] [INFO] - Request [模型列表查询] POST /gas-forecast/model-config/listPage args={reqDTO=ModelConfigPageReqDTO[page=1, size=1000, keyword=null]}
[2026-09-20 16:11:20.920] [gas-forecast] [] [] [c.g.forecast.common.web.WebLogAspect] [http-nio-8080-exec-3] [INFO] - Request [模型训练配置列表查询] POST /gas-forecast/model-train-config/listPage args={reqDTO=ModelTrainConfigPageReqDTO[page=1, size=10, keyword=null, agentCode=null, timeGranularity=null]}
[2026-09-20 16:11:20.924] [gas-forecast] [] [] [c.g.forecast.common.web.WebLogAspect] [http-nio-8080-exec-4] [INFO] - Request [区域列表查询] POST /gas-forecast/base-region/listPage args={reqDTO=BaseRegionPageReqDTO[page=1, size=1000, keyword=null]}
[2026-09-20 16:11:20.926] [gas-forecast] [] [] [c.g.forecast.common.web.WebLogAspect] [http-nio-8080-exec-6] [INFO] - Request [行业列表查询] POST /gas-forecast/base-industry/listPage args={reqDTO=BaseIndustryPageReqDTO[page=1, size=1000, keyword=null]}
[2026-09-20 16:11:20.926] [gas-forecast] [] [] [c.g.forecast.common.web.WebLogAspect] [http-nio-8080-exec-5] [INFO] - Request [客户列表分页查询] POST /gas-forecast/base-customer/listPage args={reqDTO=BaseCustomerPageReqDTO[page=1, size=1000, keyword=null]}
[2026-09-20 16:11:20.931] [gas-forecast] [] [] [c.g.forecast.common.web.WebLogAspect] [http-nio-8080-exec-4] [INFO] - Request [区域列表查询] completed in 7 ms
[2026-09-20 16:11:20.931] [gas-forecast] [] [] [c.g.forecast.common.web.WebLogAspect] [http-nio-8080-exec-6] [INFO] - Request [行业列表查询] completed in 5 ms
[2026-09-20 16:11:20.932] [gas-forecast] [] [] [c.g.forecast.common.web.WebLogAspect] [http-nio-8080-exec-3] [INFO] - Request [模型训练配置列表查询] completed in 12 ms
[2026-09-20 16:11:20.933] [gas-forecast] [] [] [c.g.forecast.common.web.WebLogAspect] [http-nio-8080-exec-5] [INFO] - Request [客户列表分页查询] completed in 7 ms
[2026-09-20 16:11:20.936] [gas-forecast] [] [] [c.g.forecast.common.web.WebLogAspect] [http-nio-8080-exec-1] [INFO] - Request [模型列表查询] completed in 16 ms
[2026-09-20 16:11:59.405] [gas-forecast] [] [] [c.g.forecast.common.web.WebLogAspect] [http-nio-8080-exec-2] [INFO] - Request [获取当前登录用户权限] GET /gas-forecast/auth/permissions args={}
[2026-09-20 16:11:59.411] [gas-forecast] [] [] [c.g.forecast.common.web.WebLogAspect] [http-nio-8080-exec-2] [INFO] - Request [获取当前登录用户权限] completed in 6 ms
[2026-09-20 16:11:59.488] [gas-forecast] [] [] [c.g.forecast.common.web.WebLogAspect] [http-nio-8080-exec-7] [INFO] - Request [模型列表查询] POST /gas-forecast/model-config/listPage args={reqDTO=ModelConfigPageReqDTO[page=1, size=1000, keyword=null]}
[2026-09-20 16:11:59.489] [gas-forecast] [] [] [c.g.forecast.common.web.WebLogAspect] [http-nio-8080-exec-6] [INFO] - Request [模型训练配置列表查询] POST /gas-forecast/model-train-config/listPage args={reqDTO=ModelTrainConfigPageReqDTO[page=1, size=10, keyword=null, agentCode=null, timeGranularity=null]}
[2026-09-20 16:11:59.493] [gas-forecast] [] [] [c.g.forecast.common.web.WebLogAspect] [http-nio-8080-exec-9] [INFO] - Request [客户列表分页查询] POST /gas-forecast/base-customer/listPage args={reqDTO=BaseCustomerPageReqDTO[page=1, size=1000, keyword=null]}
[2026-09-20 16:11:59.493] [gas-forecast] [] [] [c.g.forecast.common.web.WebLogAspect] [http-nio-8080-exec-8] [INFO] - Request [区域列表查询] POST /gas-forecast/base-region/listPage args={reqDTO=BaseRegionPageReqDTO[page=1, size=1000, keyword=null]}
[2026-09-20 16:11:59.493] [gas-forecast] [] [] [c.g.forecast.common.web.WebLogAspect] [http-nio-8080-exec-10] [INFO] - Request [行业列表查询] POST /gas-forecast/base-industry/listPage args={reqDTO=BaseIndustryPageReqDTO[page=1, size=1000, keyword=null]}
[2026-09-20 16:11:59.494] [gas-forecast] [] [] [c.g.forecast.common.web.WebLogAspect] [http-nio-8080-exec-6] [INFO] - Request [模型训练配置列表查询] completed in 5 ms
[2026-09-20 16:11:59.497] [gas-forecast] [] [] [c.g.forecast.common.web.WebLogAspect] [http-nio-8080-exec-10] [INFO] - Request [行业列表查询] completed in 4 ms
[2026-09-20 16:11:59.497] [gas-forecast] [] [] [c.g.forecast.common.web.WebLogAspect] [http-nio-8080-exec-9] [INFO] - Request [客户列表分页查询] completed in 4 ms
[2026-09-20 16:11:59.499] [gas-forecast] [] [] [c.g.forecast.common.web.WebLogAspect] [http-nio-8080-exec-7] [INFO] - Request [模型列表查询] completed in 11 ms
[2026-09-20 16:11:59.501] [gas-forecast] [] [] [c.g.forecast.common.web.WebLogAspect] [http-nio-8080-exec-8] [INFO] - Request [区域列表查询] completed in 8 ms
[2026-09-20 16:58:34.883] [gas-forecast] [] [] [c.g.forecast.common.web.WebLogAspect] [http-nio-8080-exec-4] [INFO] - Request [模型列表查询] POST /gas-forecast/model-config/listPage args={reqDTO=ModelConfigPageReqDTO[page=1, size=10, keyword=null]}
[2026-09-20 16:58:34.901] [gas-forecast] [] [] [c.g.forecast.common.web.WebLogAspect] [http-nio-8080-exec-4] [INFO] - Request [模型列表查询] completed in 18 ms
[2026-09-20 16:58:37.583] [gas-forecast] [] [] [c.g.forecast.common.web.WebLogAspect] [http-nio-8080-exec-3] [INFO] - Request [训练特征数据列表查询] POST /gas-forecast/model-train-feature-data/listPage args={reqDTO=ModelTrainFeatureDataPageReqDTO[page=1, size=10, keyword=null, timeGranularity=null, statDate=null, regionCode=null, industryCode=null, customerCode=null, statDateStart=null, statDateEnd=null, sortField=null, sortOrder=null]}
[2026-09-20 16:58:37.637] [gas-forecast] [] [] [c.g.forecast.common.web.WebLogAspect] [http-nio-8080-exec-3] [INFO] - Request [训练特征数据列表查询] completed in 57 ms
[2026-09-20 16:58:39.779] [gas-forecast] [] [] [c.g.forecast.common.web.WebLogAspect] [http-nio-8080-exec-5] [INFO] - Request [特征定义列表查询] POST /gas-forecast/model-feature-definition/listPage args={reqDTO=ModelFeatureDefinitionPageReqDTO[page=1, size=10, keyword=null, timeGranularity=null]}
[2026-09-20 16:58:39.786] [gas-forecast] [] [] [c.g.forecast.common.web.WebLogAspect] [http-nio-8080-exec-5] [INFO] - Request [特征定义列表查询] completed in 10 ms
[2026-09-20 16:58:42.124] [gas-forecast] [] [] [c.g.forecast.common.web.WebLogAspect] [http-nio-8080-exec-1] [INFO] - Request [模型列表查询] POST /gas-forecast/model-config/listPage args={reqDTO=ModelConfigPageReqDTO[page=1, size=1000, keyword=null]}
[2026-09-20 16:58:42.125] [gas-forecast] [] [] [c.g.forecast.common.web.WebLogAspect] [http-nio-8080-exec-10] [INFO] - Request [模型训练配置列表查询] POST /gas-forecast/model-train-config/listPage args={reqDTO=ModelTrainConfigPageReqDTO[page=1, size=10, keyword=null, agentCode=null, timeGranularity=null]}
[2026-09-20 16:58:42.129] [gas-forecast] [] [] [c.g.forecast.common.web.WebLogAspect] [http-nio-8080-exec-2] [INFO] - Request [区域列表查询] POST /gas-forecast/base-region/listPage args={reqDTO=BaseRegionPageReqDTO[page=1, size=1000, keyword=null]}
[2026-09-20 16:58:42.130] [gas-forecast] [] [] [c.g.forecast.common.web.WebLogAspect] [http-nio-8080-exec-9] [INFO] - Request [客户列表分页查询] POST /gas-forecast/base-customer/listPage args={reqDTO=BaseCustomerPageReqDTO[page=1, size=1000, keyword=null]}
[2026-09-20 16:58:42.131] [gas-forecast] [] [] [c.g.forecast.common.web.WebLogAspect] [http-nio-8080-exec-10] [INFO] - Request [模型训练配置列表查询] completed in 6 ms
[2026-09-20 16:58:42.131] [gas-forecast] [] [] [c.g.forecast.common.web.WebLogAspect] [http-nio-8080-exec-6] [INFO] - Request [行业列表查询] POST /gas-forecast/base-industry/listPage args={reqDTO=BaseIndustryPageReqDTO[page=1, size=1000, keyword=null]}
[2026-09-20 16:58:42.134] [gas-forecast] [] [] [c.g.forecast.common.web.WebLogAspect] [http-nio-8080-exec-2] [INFO] - Request [区域列表查询] completed in 5 ms
[2026-09-20 16:58:42.134] [gas-forecast] [] [] [c.g.forecast.common.web.WebLogAspect] [http-nio-8080-exec-6] [INFO] - Request [行业列表查询] completed in 3 ms
[2026-09-20 16:58:42.135] [gas-forecast] [] [] [c.g.forecast.common.web.WebLogAspect] [http-nio-8080-exec-9] [INFO] - Request [客户列表分页查询] completed in 5 ms
[2026-09-20 16:58:42.138] [gas-forecast] [] [] [c.g.forecast.common.web.WebLogAspect] [http-nio-8080-exec-1] [INFO] - Request [模型列表查询] completed in 14 ms
[2026-09-20 16:58:49.279] [gas-forecast] [] [] [c.g.forecast.common.web.WebLogAspect] [http-nio-8080-exec-9] [INFO] - Request [模型列表查询] POST /gas-forecast/model-config/listPage args={reqDTO=ModelConfigPageReqDTO[page=1, size=10, keyword=null]}
[2026-09-20 16:58:49.288] [gas-forecast] [] [] [c.g.forecast.common.web.WebLogAspect] [http-nio-8080-exec-9] [INFO] - Request [模型列表查询] completed in 9 ms
[2026-09-20 16:58:49.975] [gas-forecast] [] [] [c.g.forecast.common.web.WebLogAspect] [http-nio-8080-exec-1] [INFO] - Request [训练特征数据列表查询] POST /gas-forecast/model-train-feature-data/listPage args={reqDTO=ModelTrainFeatureDataPageReqDTO[page=1, size=10, keyword=null, timeGranularity=null, statDate=null, regionCode=null, industryCode=null, customerCode=null, statDateStart=null, statDateEnd=null, sortField=null, sortOrder=null]}
[2026-09-20 16:58:50.005] [gas-forecast] [] [] [c.g.forecast.common.web.WebLogAspect] [http-nio-8080-exec-1] [INFO] - Request [训练特征数据列表查询] completed in 30 ms
[2026-09-20 16:58:51.272] [gas-forecast] [] [] [c.g.forecast.common.web.WebLogAspect] [http-nio-8080-exec-7] [INFO] - Request [特征定义列表查询] POST /gas-forecast/model-feature-definition/listPage args={reqDTO=ModelFeatureDefinitionPageReqDTO[page=1, size=10, keyword=null, timeGranularity=null]}
[2026-09-20 16:58:51.277] [gas-forecast] [] [] [c.g.forecast.common.web.WebLogAspect] [http-nio-8080-exec-7] [INFO] - Request [特征定义列表查询] completed in 5 ms
[2026-09-20 16:58:54.137] [gas-forecast] [] [] [c.g.forecast.common.web.WebLogAspect] [http-nio-8080-exec-4] [INFO] - Request [模型列表查询] POST /gas-forecast/model-config/listPage args={reqDTO=ModelConfigPageReqDTO[page=1, size=1000, keyword=null]}
[2026-09-20 16:58:54.137] [gas-forecast] [] [] [c.g.forecast.common.web.WebLogAspect] [http-nio-8080-exec-5] [INFO] - Request [模型训练配置列表查询] POST /gas-forecast/model-train-config/listPage args={reqDTO=ModelTrainConfigPageReqDTO[page=1, size=10, keyword=null, agentCode=null, timeGranularity=null]}
[2026-09-20 16:58:54.140] [gas-forecast] [] [] [c.g.forecast.common.web.WebLogAspect] [http-nio-8080-exec-10] [INFO] - Request [行业列表查询] POST /gas-forecast/base-industry/listPage args={reqDTO=BaseIndustryPageReqDTO[page=1, size=1000, keyword=null]}
[2026-09-20 16:58:54.140] [gas-forecast] [] [] [c.g.forecast.common.web.WebLogAspect] [http-nio-8080-exec-3] [INFO] - Request [客户列表分页查询] POST /gas-forecast/base-customer/listPage args={reqDTO=BaseCustomerPageReqDTO[page=1, size=1000, keyword=null]}
[2026-09-20 16:58:54.141] [gas-forecast] [] [] [c.g.forecast.common.web.WebLogAspect] [http-nio-8080-exec-8] [INFO] - Request [区域列表查询] POST /gas-forecast/base-region/listPage args={reqDTO=BaseRegionPageReqDTO[page=1, size=1000, keyword=null]}
[2026-09-20 16:58:54.142] [gas-forecast] [] [] [c.g.forecast.common.web.WebLogAspect] [http-nio-8080-exec-5] [INFO] - Request [模型训练配置列表查询] completed in 5 ms
[2026-09-20 16:58:54.145] [gas-forecast] [] [] [c.g.forecast.common.web.WebLogAspect] [http-nio-8080-exec-10] [INFO] - Request [行业列表查询] completed in 5 ms
[2026-09-20 16:58:54.146] [gas-forecast] [] [] [c.g.forecast.common.web.WebLogAspect] [http-nio-8080-exec-8] [INFO] - Request [区域列表查询] completed in 5 ms
[2026-09-20 16:58:54.147] [gas-forecast] [] [] [c.g.forecast.common.web.WebLogAspect] [http-nio-8080-exec-3] [INFO] - Request [客户列表分页查询] completed in 7 ms
[2026-09-20 16:58:54.148] [gas-forecast] [] [] [c.g.forecast.common.web.WebLogAspect] [http-nio-8080-exec-4] [INFO] - Request [模型列表查询] completed in 11 ms
[2026-09-20 16:58:54.728] [gas-forecast] [] [] [c.g.forecast.common.web.WebLogAspect] [http-nio-8080-exec-2] [INFO] - Request [特征定义列表查询] POST /gas-forecast/model-feature-definition/listPage args={reqDTO=ModelFeatureDefinitionPageReqDTO[page=1, size=10, keyword=null, timeGranularity=null]}
[2026-09-20 16:58:54.733] [gas-forecast] [] [] [c.g.forecast.common.web.WebLogAspect] [http-nio-8080-exec-2] [INFO] - Request [特征定义列表查询] completed in 5 ms
[2026-09-20 16:59:20.484] [gas-forecast] [] [] [c.g.forecast.common.web.WebLogAspect] [http-nio-8080-exec-6] [INFO] - Request [特征定义列表查询] POST /gas-forecast/model-feature-definition/listPage args={reqDTO=ModelFeatureDefinitionPageReqDTO[page=1, size=10, keyword=null, timeGranularity=DAY]}
[2026-09-20 16:59:20.493] [gas-forecast] [] [] [c.g.forecast.common.web.WebLogAspect] [http-nio-8080-exec-6] [INFO] - Request [特征定义列表查询] completed in 9 ms
[2026-09-20 16:59:21.398] [gas-forecast] [] [] [c.g.forecast.common.web.WebLogAspect] [http-nio-8080-exec-9] [INFO] - Request [特征定义列表查询] POST /gas-forecast/model-feature-definition/listPage args={reqDTO=ModelFeatureDefinitionPageReqDTO[page=1, size=10, keyword=null, timeGranularity=DAY]}
[2026-09-20 16:59:21.402] [gas-forecast] [] [] [c.g.forecast.common.web.WebLogAspect] [http-nio-8080-exec-9] [INFO] - Request [特征定义列表查询] completed in 4 ms
[2026-09-20 16:59:24.394] [gas-forecast] [] [] [c.g.forecast.common.web.WebLogAspect] [http-nio-8080-exec-7] [INFO] - Request [模型列表查询] POST /gas-forecast/model-config/listPage args={reqDTO=ModelConfigPageReqDTO[page=1, size=1000, keyword=null]}
[2026-09-20 16:59:24.395] [gas-forecast] [] [] [c.g.forecast.common.web.WebLogAspect] [http-nio-8080-exec-8] [INFO] - Request [模型训练配置列表查询] POST /gas-forecast/model-train-config/listPage args={reqDTO=ModelTrainConfigPageReqDTO[page=1, size=10, keyword=null, agentCode=null, timeGranularity=null]}
[2026-09-20 16:59:24.398] [gas-forecast] [] [] [c.g.forecast.common.web.WebLogAspect] [http-nio-8080-exec-5] [INFO] - Request [客户列表分页查询] POST /gas-forecast/base-customer/listPage args={reqDTO=BaseCustomerPageReqDTO[page=1, size=1000, keyword=null]}
[2026-09-20 16:59:24.399] [gas-forecast] [] [] [c.g.forecast.common.web.WebLogAspect] [http-nio-8080-exec-1] [INFO] - Request [区域列表查询] POST /gas-forecast/base-region/listPage args={reqDTO=BaseRegionPageReqDTO[page=1, size=1000, keyword=null]}
[2026-09-20 16:59:24.399] [gas-forecast] [] [] [c.g.forecast.common.web.WebLogAspect] [http-nio-8080-exec-8] [INFO] - Request [模型训练配置列表查询] completed in 4 ms
[2026-09-20 16:59:24.400] [gas-forecast] [] [] [c.g.forecast.common.web.WebLogAspect] [http-nio-8080-exec-10] [INFO] - Request [行业列表查询] POST /gas-forecast/base-industry/listPage args={reqDTO=BaseIndustryPageReqDTO[page=1, size=1000, keyword=null]}
[2026-09-20 16:59:24.401] [gas-forecast] [] [] [c.g.forecast.common.web.WebLogAspect] [http-nio-8080-exec-5] [INFO] - Request [客户列表分页查询] completed in 3 ms
[2026-09-20 16:59:24.403] [gas-forecast] [] [] [c.g.forecast.common.web.WebLogAspect] [http-nio-8080-exec-10] [INFO] - Request [行业列表查询] completed in 3 ms
[2026-09-20 16:59:24.403] [gas-forecast] [] [] [c.g.forecast.common.web.WebLogAspect] [http-nio-8080-exec-1] [INFO] - Request [区域列表查询] completed in 4 ms
[2026-09-20 16:59:24.405] [gas-forecast] [] [] [c.g.forecast.common.web.WebLogAspect] [http-nio-8080-exec-7] [INFO] - Request [模型列表查询] completed in 11 ms
[2026-09-20 16:59:26.191] [gas-forecast] [] [] [c.g.forecast.common.web.WebLogAspect] [http-nio-8080-exec-3] [INFO] - Request [特征定义列表查询] POST /gas-forecast/model-feature-definition/listPage args={reqDTO=ModelFeatureDefinitionPageReqDTO[page=1, size=10, keyword=null, timeGranularity=null]}
[2026-09-20 16:59:26.195] [gas-forecast] [] [] [c.g.forecast.common.web.WebLogAspect] [http-nio-8080-exec-3] [INFO] - Request [特征定义列表查询] completed in 4 ms
[2026-09-20 16:59:27.536] [gas-forecast] [] [] [c.g.forecast.common.web.WebLogAspect] [http-nio-8080-exec-4] [INFO] - Request [训练特征数据列表查询] POST /gas-forecast/model-train-feature-data/listPage args={reqDTO=ModelTrainFeatureDataPageReqDTO[page=1, size=10, keyword=null, timeGranularity=null, statDate=null, regionCode=null, industryCode=null, customerCode=null, statDateStart=null, statDateEnd=null, sortField=null, sortOrder=null]}
[2026-09-20 16:59:27.566] [gas-forecast] [] [] [c.g.forecast.common.web.WebLogAspect] [http-nio-8080-exec-4] [INFO] - Request [训练特征数据列表查询] completed in 30 ms
[2026-09-20 16:59:29.203] [gas-forecast] [] [] [c.g.forecast.common.web.WebLogAspect] [http-nio-8080-exec-2] [INFO] - Request [模型列表查询] POST /gas-forecast/model-config/listPage args={reqDTO=ModelConfigPageReqDTO[page=1, size=10, keyword=null]}
[2026-09-20 16:59:29.214] [gas-forecast] [] [] [c.g.forecast.common.web.WebLogAspect] [http-nio-8080-exec-2] [INFO] - Request [模型列表查询] completed in 11 ms
[2026-09-20 17:01:38.516] [gas-forecast] [] [] [c.g.forecast.common.web.WebLogAspect] [http-nio-8080-exec-8] [INFO] - Request [模型列表查询] POST /gas-forecast/model-config/listPage args={reqDTO=ModelConfigPageReqDTO[page=1, size=10, keyword=null]}
[2026-09-20 17:01:38.535] [gas-forecast] [] [] [c.g.forecast.common.web.WebLogAspect] [http-nio-8080-exec-8] [INFO] - Request [模型列表查询] completed in 19 ms
[2026-09-20 17:01:40.544] [gas-forecast] [] [] [c.g.forecast.common.web.WebLogAspect] [http-nio-8080-exec-5] [INFO] - Request [训练特征数据列表查询] POST /gas-forecast/model-train-feature-data/listPage args={reqDTO=ModelTrainFeatureDataPageReqDTO[page=1, size=10, keyword=null, timeGranularity=null, statDate=null, regionCode=null, industryCode=null, customerCode=null, statDateStart=null, statDateEnd=null, sortField=null, sortOrder=null]}
[2026-09-20 17:01:40.576] [gas-forecast] [] [] [c.g.forecast.common.web.WebLogAspect] [http-nio-8080-exec-5] [INFO] - Request [训练特征数据列表查询] completed in 32 ms
[2026-09-20 17:01:42.637] [gas-forecast] [] [] [c.g.forecast.common.web.WebLogAspect] [http-nio-8080-exec-10] [INFO] - Request [特征定义列表查询] POST /gas-forecast/model-feature-definition/listPage args={reqDTO=ModelFeatureDefinitionPageReqDTO[page=1, size=10, keyword=null, timeGranularity=null]}
[2026-09-20 17:01:42.641] [gas-forecast] [] [] [c.g.forecast.common.web.WebLogAspect] [http-nio-8080-exec-10] [INFO] - Request [特征定义列表查询] completed in 4 ms
[2026-09-20 17:02:16.575] [gas-forecast] [] [] [c.g.forecast.common.web.WebLogAspect] [http-nio-8080-exec-3] [INFO] - Request [模型列表查询] POST /gas-forecast/model-config/listPage args={reqDTO=ModelConfigPageReqDTO[page=1, size=1000, keyword=null]}
[2026-09-20 17:02:16.575] [gas-forecast] [] [] [c.g.forecast.common.web.WebLogAspect] [http-nio-8080-exec-9] [INFO] - Request [模型训练配置列表查询] POST /gas-forecast/model-train-config/listPage args={reqDTO=ModelTrainConfigPageReqDTO[page=1, size=10, keyword=null, agentCode=null, timeGranularity=null]}
[2026-09-20 17:02:16.580] [gas-forecast] [] [] [c.g.forecast.common.web.WebLogAspect] [http-nio-8080-exec-2] [INFO] - Request [行业列表查询] POST /gas-forecast/base-industry/listPage args={reqDTO=BaseIndustryPageReqDTO[page=1, size=1000, keyword=null]}
[2026-09-20 17:02:16.580] [gas-forecast] [] [] [c.g.forecast.common.web.WebLogAspect] [http-nio-8080-exec-4] [INFO] - Request [区域列表查询] POST /gas-forecast/base-region/listPage args={reqDTO=BaseRegionPageReqDTO[page=1, size=1000, keyword=null]}
[2026-09-20 17:02:16.581] [gas-forecast] [] [] [c.g.forecast.common.web.WebLogAspect] [http-nio-8080-exec-6] [INFO] - Request [客户列表分页查询] POST /gas-forecast/base-customer/listPage args={reqDTO=BaseCustomerPageReqDTO[page=1, size=1000, keyword=null]}
[2026-09-20 17:02:16.596] [gas-forecast] [] [] [c.g.forecast.common.web.WebLogAspect] [http-nio-8080-exec-9] [INFO] - Request [模型训练配置列表查询] completed in 21 ms
[2026-09-20 17:02:16.599] [gas-forecast] [] [] [c.g.forecast.common.web.WebLogAspect] [http-nio-8080-exec-4] [INFO] - Request [区域列表查询] completed in 19 ms
[2026-09-20 17:02:16.601] [gas-forecast] [] [] [c.g.forecast.common.web.WebLogAspect] [http-nio-8080-exec-6] [INFO] - Request [客户列表分页查询] completed in 20 ms
[2026-09-20 17:02:16.602] [gas-forecast] [] [] [c.g.forecast.common.web.WebLogAspect] [http-nio-8080-exec-2] [INFO] - Request [行业列表查询] completed in 22 ms
[2026-09-20 17:02:16.602] [gas-forecast] [] [] [c.g.forecast.common.web.WebLogAspect] [http-nio-8080-exec-3] [INFO] - Request [模型列表查询] completed in 27 ms
[2026-09-20 17:02:19.131] [gas-forecast] [] [] [c.g.forecast.common.web.WebLogAspect] [http-nio-8080-exec-8] [INFO] - Request [模型列表查询] POST /gas-forecast/model-config/listPage args={reqDTO=ModelConfigPageReqDTO[page=1, size=10, keyword=null]}
[2026-09-20 17:02:19.138] [gas-forecast] [] [] [c.g.forecast.common.web.WebLogAspect] [http-nio-8080-exec-8] [INFO] - Request [模型列表查询] completed in 7 ms
[2026-09-20 17:02:21.800] [gas-forecast] [] [] [c.g.forecast.common.web.WebLogAspect] [http-nio-8080-exec-5] [INFO] - Request [特征定义列表查询] POST /gas-forecast/model-feature-definition/listPage args={reqDTO=ModelFeatureDefinitionPageReqDTO[page=1, size=10, keyword=null, timeGranularity=null]}
[2026-09-20 17:02:21.804] [gas-forecast] [] [] [c.g.forecast.common.web.WebLogAspect] [http-nio-8080-exec-5] [INFO] - Request [特征定义列表查询] completed in 4 ms
[2026-09-20 17:02:33.333] [gas-forecast] [] [] [c.g.forecast.common.web.WebLogAspect] [http-nio-8080-exec-10] [INFO] - Request [模型列表查询] POST /gas-forecast/model-config/listPage args={reqDTO=ModelConfigPageReqDTO[page=1, size=1000, keyword=null]}
[2026-09-20 17:02:33.333] [gas-forecast] [] [] [c.g.forecast.common.web.WebLogAspect] [http-nio-8080-exec-4] [INFO] - Request [模型训练配置列表查询] POST /gas-forecast/model-train-config/listPage args={reqDTO=ModelTrainConfigPageReqDTO[page=1, size=10, keyword=null, agentCode=null, timeGranularity=null]}
[2026-09-20 17:02:33.336] [gas-forecast] [] [] [c.g.forecast.common.web.WebLogAspect] [http-nio-8080-exec-1] [INFO] - Request [行业列表查询] POST /gas-forecast/base-industry/listPage args={reqDTO=BaseIndustryPageReqDTO[page=1, size=1000, keyword=null]}
[2026-09-20 17:02:33.336] [gas-forecast] [] [] [c.g.forecast.common.web.WebLogAspect] [http-nio-8080-exec-9] [INFO] - Request [区域列表查询] POST /gas-forecast/base-region/listPage args={reqDTO=BaseRegionPageReqDTO[page=1, size=1000, keyword=null]}
[2026-09-20 17:02:33.336] [gas-forecast] [] [] [c.g.forecast.common.web.WebLogAspect] [http-nio-8080-exec-7] [INFO] - Request [客户列表分页查询] POST /gas-forecast/base-customer/listPage args={reqDTO=BaseCustomerPageReqDTO[page=1, size=1000, keyword=null]}
[2026-09-20 17:02:33.337] [gas-forecast] [] [] [c.g.forecast.common.web.WebLogAspect] [http-nio-8080-exec-4] [INFO] - Request [模型训练配置列表查询] completed in 4 ms
[2026-09-20 17:02:33.343] [gas-forecast] [] [] [c.g.forecast.common.web.WebLogAspect] [http-nio-8080-exec-1] [INFO] - Request [行业列表查询] completed in 7 ms
[2026-09-20 17:02:33.346] [gas-forecast] [] [] [c.g.forecast.common.web.WebLogAspect] [http-nio-8080-exec-9] [INFO] - Request [区域列表查询] completed in 10 ms
[2026-09-20 17:02:33.347] [gas-forecast] [] [] [c.g.forecast.common.web.WebLogAspect] [http-nio-8080-exec-7] [INFO] - Request [客户列表分页查询] completed in 11 ms
[2026-09-20 17:02:33.348] [gas-forecast] [] [] [c.g.forecast.common.web.WebLogAspect] [http-nio-8080-exec-10] [INFO] - Request [模型列表查询] completed in 15 ms
[2026-09-20 17:02:35.319] [gas-forecast] [] [] [c.g.forecast.common.web.WebLogAspect] [http-nio-8080-exec-3] [INFO] - Request [模型列表查询] POST /gas-forecast/model-config/listPage args={reqDTO=ModelConfigPageReqDTO[page=1, size=1000, keyword=null]}
[2026-09-20 17:02:35.322] [gas-forecast] [] [] [c.g.forecast.common.web.WebLogAspect] [http-nio-8080-exec-2] [INFO] - Request [区域列表查询] POST /gas-forecast/base-region/listPage args={reqDTO=BaseRegionPageReqDTO[page=1, size=1000, keyword=null]}
[2026-09-20 17:02:35.322] [gas-forecast] [] [] [c.g.forecast.common.web.WebLogAspect] [http-nio-8080-exec-8] [INFO] - Request [客户列表分页查询] POST /gas-forecast/base-customer/listPage args={reqDTO=BaseCustomerPageReqDTO[page=1, size=1000, keyword=null]}
[2026-09-20 17:02:35.322] [gas-forecast] [] [] [c.g.forecast.common.web.WebLogAspect] [http-nio-8080-exec-6] [INFO] - Request [行业列表查询] POST /gas-forecast/base-industry/listPage args={reqDTO=BaseIndustryPageReqDTO[page=1, size=1000, keyword=null]}
[2026-09-20 17:02:35.325] [gas-forecast] [] [] [c.g.forecast.common.web.WebLogAspect] [http-nio-8080-exec-3] [INFO] - Request [模型列表查询] completed in 6 ms
[2026-09-20 17:02:35.327] [gas-forecast] [] [] [c.g.forecast.common.web.WebLogAspect] [http-nio-8080-exec-6] [INFO] - Request [行业列表查询] completed in 5 ms
[2026-09-20 17:02:35.328] [gas-forecast] [] [] [c.g.forecast.common.web.WebLogAspect] [http-nio-8080-exec-2] [INFO] - Request [区域列表查询] completed in 6 ms
[2026-09-20 17:02:35.329] [gas-forecast] [] [] [c.g.forecast.common.web.WebLogAspect] [http-nio-8080-exec-8] [INFO] - Request [客户列表分页查询] completed in 7 ms
[2026-09-20 17:02:37.336] [gas-forecast] [] [] [c.g.forecast.common.web.WebLogAspect] [http-nio-8080-exec-5] [INFO] - Request [查看模型训练结果] POST /gas-forecast/model-train-execution/result args={reqDTO={"id":2,"trainCode":"TRCFG-00002","trainName":"训练江苏","agentCode":"short-term","modelId":2,"modelCode":"MODEL_JIANGSHU_DIANLI_V1.0","modelName":"浙江电力模型","regionCode":"REG000012","regionName":"江苏","industryCode":"","industryName":"","customerCode":"","customerName":"","trainStartDate":"2016-02-01","trainEndDate":"2026-09-20","trainMode":"RANGE","timeGranularity":"DAY","recentPeriods":36,"enabled":1,"remark":"","createdBy":"system","createdByName":"系统","createdAt":"2026-09-20 13:44:07","updatedAt":"2026-09-20 14:12:13"}}
[2026-09-20 17:02:37.338] [gas-forecast] [] [] [c.g.forecast.common.web.WebLogAspect] [http-nio-8080-exec-5] [INFO] - Request [查看模型训练结果] completed in 2 ms
[2026-09-20 17:02:37.344] [gas-forecast] [] [] [c.g.forecast.common.web.WebLogAspect] [http-nio-8080-exec-4] [INFO] - Request [查看模型训练结果] POST /gas-forecast/model-train-execution/result args={reqDTO={"batchNo":"TRBATCH-20260920-00008"}}
[2026-09-20 17:02:37.366] [gas-forecast] [] [] [c.g.forecast.common.web.WebLogAspect] [http-nio-8080-exec-4] [INFO] - Request [查看模型训练结果] completed in 22 ms
[2026-09-20 17:02:39.677] [gas-forecast] [] [] [c.g.forecast.common.web.WebLogAspect] [http-nio-8080-exec-1] [INFO] - Request [查看模型训练结果] POST /gas-forecast/model-train-execution/result args={reqDTO={"batchNo":"TRBATCH-20260920-00007"}}
[2026-09-20 17:02:39.691] [gas-forecast] [] [] [c.g.forecast.common.web.WebLogAspect] [http-nio-8080-exec-1] [INFO] - Request [查看模型训练结果] completed in 14 ms
[2026-09-20 17:08:28.247] [gas-forecast] [] [] [c.g.forecast.common.web.WebLogAspect] [http-nio-8080-exec-9] [INFO] - Request [获取当前登录用户权限] GET /gas-forecast/auth/permissions args={}
[2026-09-20 17:08:28.267] [gas-forecast] [] [] [c.g.forecast.common.web.WebLogAspect] [http-nio-8080-exec-9] [INFO] - Request [获取当前登录用户权限] completed in 20 ms
[2026-09-20 17:08:28.307] [gas-forecast] [] [] [c.g.forecast.common.web.WebLogAspect] [http-nio-8080-exec-10] [INFO] - Request [模型列表查询] POST /gas-forecast/model-config/listPage args={reqDTO=ModelConfigPageReqDTO[page=1, size=1000, keyword=null]}
[2026-09-20 17:08:28.307] [gas-forecast] [] [] [c.g.forecast.common.web.WebLogAspect] [http-nio-8080-exec-2] [INFO] - Request [模型训练配置列表查询] POST /gas-forecast/model-train-config/listPage args={reqDTO=ModelTrainConfigPageReqDTO[page=1, size=10, keyword=null, agentCode=null, timeGranularity=null]}
[2026-09-20 17:08:28.311] [gas-forecast] [] [] [c.g.forecast.common.web.WebLogAspect] [http-nio-8080-exec-6] [INFO] - Request [客户列表分页查询] POST /gas-forecast/base-customer/listPage args={reqDTO=BaseCustomerPageReqDTO[page=1, size=1000, keyword=null]}
[2026-09-20 17:08:28.311] [gas-forecast] [] [] [c.g.forecast.common.web.WebLogAspect] [http-nio-8080-exec-3] [INFO] - Request [行业列表查询] POST /gas-forecast/base-industry/listPage args={reqDTO=BaseIndustryPageReqDTO[page=1, size=1000, keyword=null]}
[2026-09-20 17:08:28.312] [gas-forecast] [] [] [c.g.forecast.common.web.WebLogAspect] [http-nio-8080-exec-7] [INFO] - Request [区域列表查询] POST /gas-forecast/base-region/listPage args={reqDTO=BaseRegionPageReqDTO[page=1, size=1000, keyword=null]}
[2026-09-20 17:08:28.313] [gas-forecast] [] [] [c.g.forecast.common.web.WebLogAspect] [http-nio-8080-exec-2] [INFO] - Request [模型训练配置列表查询] completed in 6 ms
[2026-09-20 17:08:28.316] [gas-forecast] [] [] [c.g.forecast.common.web.WebLogAspect] [http-nio-8080-exec-3] [INFO] - Request [行业列表查询] completed in 5 ms
[2026-09-20 17:08:28.316] [gas-forecast] [] [] [c.g.forecast.common.web.WebLogAspect] [http-nio-8080-exec-7] [INFO] - Request [区域列表查询] completed in 4 ms
[2026-09-20 17:08:28.316] [gas-forecast] [] [] [c.g.forecast.common.web.WebLogAspect] [http-nio-8080-exec-10] [INFO] - Request [模型列表查询] completed in 9 ms
[2026-09-20 17:08:28.316] [gas-forecast] [] [] [c.g.forecast.common.web.WebLogAspect] [http-nio-8080-exec-6] [INFO] - Request [客户列表分页查询] completed in 5 ms
[2026-09-20 17:19:02.479] [gas-forecast] [] [] [c.g.forecast.common.web.WebLogAspect] [http-nio-8080-exec-8] [INFO] - Request [获取当前登录用户权限] GET /gas-forecast/auth/permissions args={}
[2026-09-20 17:19:02.498] [gas-forecast] [] [] [c.g.forecast.common.web.WebLogAspect] [http-nio-8080-exec-8] [INFO] - Request [获取当前登录用户权限] completed in 19 ms
[2026-09-20 17:19:02.629] [gas-forecast] [] [] [c.g.forecast.common.web.WebLogAspect] [http-nio-8080-exec-5] [INFO] - Request [模型列表查询] POST /gas-forecast/model-config/listPage args={reqDTO=ModelConfigPageReqDTO[page=1, size=1000, keyword=null]}
[2026-09-20 17:19:02.629] [gas-forecast] [] [] [c.g.forecast.common.web.WebLogAspect] [http-nio-8080-exec-9] [INFO] - Request [模型训练配置列表查询] POST /gas-forecast/model-train-config/listPage args={reqDTO=ModelTrainConfigPageReqDTO[page=1, size=10, keyword=null, agentCode=null, timeGranularity=null]}
[2026-09-20 17:19:02.633] [gas-forecast] [] [] [c.g.forecast.common.web.WebLogAspect] [http-nio-8080-exec-4] [INFO] - Request [区域列表查询] POST /gas-forecast/base-region/listPage args={reqDTO=BaseRegionPageReqDTO[page=1, size=1000, keyword=null]}
[2026-09-20 17:19:02.633] [gas-forecast] [] [] [c.g.forecast.common.web.WebLogAspect] [http-nio-8080-exec-1] [INFO] - Request [行业列表查询] POST /gas-forecast/base-industry/listPage args={reqDTO=BaseIndustryPageReqDTO[page=1, size=1000, keyword=null]}
[2026-09-20 17:19:02.634] [gas-forecast] [] [] [c.g.forecast.common.web.WebLogAspect] [http-nio-8080-exec-2] [INFO] - Request [客户列表分页查询] POST /gas-forecast/base-customer/listPage args={reqDTO=BaseCustomerPageReqDTO[page=1, size=1000, keyword=null]}
[2026-09-20 17:19:02.634] [gas-forecast] [] [] [c.g.forecast.common.web.WebLogAspect] [http-nio-8080-exec-9] [INFO] - Request [模型训练配置列表查询] completed in 5 ms
[2026-09-20 17:19:02.638] [gas-forecast] [] [] [c.g.forecast.common.web.WebLogAspect] [http-nio-8080-exec-1] [INFO] - Request [行业列表查询] completed in 5 ms
[2026-09-20 17:19:02.638] [gas-forecast] [] [] [c.g.forecast.common.web.WebLogAspect] [http-nio-8080-exec-4] [INFO] - Request [区域列表查询] completed in 5 ms
[2026-09-20 17:19:02.638] [gas-forecast] [] [] [c.g.forecast.common.web.WebLogAspect] [http-nio-8080-exec-2] [INFO] - Request [客户列表分页查询] completed in 4 ms
[2026-09-20 17:19:02.639] [gas-forecast] [] [] [c.g.forecast.common.web.WebLogAspect] [http-nio-8080-exec-5] [INFO] - Request [模型列表查询] completed in 10 ms
[2026-09-20 17:20:40.480] [gas-forecast] [] [] [com.zaxxer.hikari.HikariDataSource] [SpringApplicationShutdownHook] [INFO] - HikariPool-1 - Shutdown initiated...
[2026-09-20 17:20:40.483] [gas-forecast] [] [] [com.zaxxer.hikari.HikariDataSource] [SpringApplicationShutdownHook] [INFO] - HikariPool-1 - Shutdown completed.
[2026-09-20 17:20:42.436] [gas-forecast] [] [] [o.h.validator.internal.util.Version] [background-preinit] [INFO] - HV000001: Hibernate Validator 8.0.1.Final
[2026-09-20 17:20:42.446] [gas-forecast] [] [] [c.g.f.GasForecastStartupApplication] [main] [INFO] - Starting GasForecastStartupApplication using Java 21.0.11 with PID 42796 (/Users/zoujun/work/workspace/shiyou/gas-forecast/gas-forecast-startup/target/classes started by zoujun in /Users/zoujun/work/workspace/shiyou/gas-forecast)
[2026-09-20 17:20:42.446] [gas-forecast] [] [] [c.g.f.GasForecastStartupApplication] [main] [INFO] - The following 1 profile is active: "dev"
[2026-09-20 17:20:42.735] [gas-forecast] [] [] [o.s.d.r.c.RepositoryConfigurationDelegate] [main] [INFO] - Multiple Spring Data modules found, entering strict repository configuration mode
[2026-09-20 17:20:42.736] [gas-forecast] [] [] [o.s.d.r.c.RepositoryConfigurationDelegate] [main] [INFO] - Bootstrapping Spring Data Redis repositories in DEFAULT mode.
[2026-09-20 17:20:42.752] [gas-forecast] [] [] [o.s.d.r.c.RepositoryConfigurationDelegate] [main] [INFO] - Finished Spring Data repository scanning in 10 ms. Found 0 Redis repository interfaces.
[2026-09-20 17:20:43.027] [gas-forecast] [] [] [o.s.b.w.e.tomcat.TomcatWebServer] [main] [INFO] - Tomcat initialized with port 8080 (http)
[2026-09-20 17:20:43.031] [gas-forecast] [] [] [o.a.coyote.http11.Http11NioProtocol] [main] [INFO] - Initializing ProtocolHandler ["http-nio-8080"]
[2026-09-20 17:20:43.031] [gas-forecast] [] [] [o.a.catalina.core.StandardService] [main] [INFO] - Starting service [Tomcat]
[2026-09-20 17:20:43.032] [gas-forecast] [] [] [o.a.catalina.core.StandardEngine] [main] [INFO] - Starting Servlet engine: [Apache Tomcat/10.1.20]
[2026-09-20 17:20:43.048] [gas-forecast] [] [] [o.a.c.c.C.[.[.[/gas-forecast]] [main] [INFO] - Initializing Spring embedded WebApplicationContext
[2026-09-20 17:20:43.048] [gas-forecast] [] [] [o.s.b.w.s.c.ServletWebServerApplicationContext] [main] [INFO] - Root WebApplicationContext: initialization completed in 585 ms
[2026-09-20 17:20:43.754] [gas-forecast] [] [] [o.a.coyote.http11.Http11NioProtocol] [main] [INFO] - Starting ProtocolHandler ["http-nio-8080"]
[2026-09-20 17:20:43.762] [gas-forecast] [] [] [o.s.b.w.e.tomcat.TomcatWebServer] [main] [INFO] - Tomcat started on port 8080 (http) with context path '/gas-forecast'
[2026-09-20 17:20:43.766] [gas-forecast] [] [] [c.g.f.GasForecastStartupApplication] [main] [INFO] - Started GasForecastStartupApplication in 1.509 seconds (process running for 1.767)
[2026-09-20 17:42:31.013] [gas-forecast] [] [] [o.a.c.c.C.[.[.[/gas-forecast]] [http-nio-8080-exec-1] [INFO] - Initializing Spring DispatcherServlet 'dispatcherServlet'
[2026-09-20 17:42:31.013] [gas-forecast] [] [] [o.s.web.servlet.DispatcherServlet] [http-nio-8080-exec-1] [INFO] - Initializing Servlet 'dispatcherServlet'
[2026-09-20 17:42:31.014] [gas-forecast] [] [] [o.s.web.servlet.DispatcherServlet] [http-nio-8080-exec-1] [INFO] - Completed initialization in 1 ms
[2026-09-20 17:42:31.156] [gas-forecast] [] [] [c.g.forecast.common.web.WebLogAspect] [http-nio-8080-exec-2] [INFO] - Request [模型列表查询] POST /gas-forecast/model-config/listPage args={reqDTO=ModelConfigPageReqDTO[page=1, size=1000, keyword=null]}
[2026-09-20 17:42:31.156] [gas-forecast] [] [] [c.g.forecast.common.web.WebLogAspect] [http-nio-8080-exec-6] [INFO] - Request [模型训练配置列表查询] POST /gas-forecast/model-train-config/listPage args={reqDTO=ModelTrainConfigPageReqDTO[page=1, size=10, keyword=null, agentCode=null, timeGranularity=null]}
[2026-09-20 17:42:31.209] [gas-forecast] [] [] [com.zaxxer.hikari.HikariDataSource] [http-nio-8080-exec-2] [INFO] - HikariPool-1 - Starting...
[2026-09-20 17:42:31.273] [gas-forecast] [] [] [com.zaxxer.hikari.pool.HikariPool] [http-nio-8080-exec-2] [INFO] - HikariPool-1 - Added connection com.mysql.cj.jdbc.ConnectionImpl@3e816580
[2026-09-20 17:42:31.274] [gas-forecast] [] [] [com.zaxxer.hikari.HikariDataSource] [http-nio-8080-exec-2] [INFO] - HikariPool-1 - Start completed.
[2026-09-20 17:42:31.305] [gas-forecast] [] [] [c.g.forecast.common.web.WebLogAspect] [http-nio-8080-exec-6] [INFO] - Request [模型训练配置列表查询] completed in 150 ms
[2026-09-20 17:42:31.325] [gas-forecast] [] [] [c.g.forecast.common.web.WebLogAspect] [http-nio-8080-exec-2] [INFO] - Request [模型列表查询] completed in 170 ms
[2026-09-20 17:42:35.575] [gas-forecast] [] [] [c.g.forecast.common.web.WebLogAspect] [http-nio-8080-exec-8] [INFO] - Request [获取登录RSA公钥] GET /gas-forecast/auth/rsa-public-key args={}
[2026-09-20 17:42:35.575] [gas-forecast] [] [] [c.g.forecast.common.web.WebLogAspect] [http-nio-8080-exec-7] [INFO] - Request [获取登录验证码] GET /gas-forecast/auth/captcha args={}
[2026-09-20 17:42:35.966] [gas-forecast] [] [] [c.g.forecast.common.web.WebLogAspect] [http-nio-8080-exec-7] [INFO] - Request [获取登录验证码] completed in 391 ms
[2026-09-20 17:42:36.003] [gas-forecast] [] [] [c.g.forecast.common.web.WebLogAspect] [http-nio-8080-exec-8] [INFO] - Request [获取登录RSA公钥] completed in 428 ms
[2026-09-20 17:42:45.116] [gas-forecast] [] [] [c.g.forecast.common.web.WebLogAspect] [http-nio-8080-exec-9] [INFO] - Request [用户登录] POST /gas-forecast/auth/login args={reqDTO=AuthLoginReqDTO[username=u9M/fi/2EtYbpFevEpR11FXE1FwBK1bCaHP+vxCBt0jvdJmJIxjQaLkix4dr5onLdpGuxHhxIoudGbHlMnu/Ypr0vdO9OF76ePpH1LzJHVDNvDyxDe1yQqASz8mxQbk6H8B1KvgyYUFSxi4BOal6xd+v4iCrX4U3au8i+KAyMzOBnpObCC8WSL908SrHebLSQcebpEB0PeLf6fRhpZkELH2HPTfR+1yuCGd/pqfOdLVHcu9TrVm7yIJGqjXZLZ0sCfD0vCAqyRtfWSbG1QfFrDp8t9vzSft+Mv96rObngit9Sc9j6LEliNYwocnM7FVjLSARRbEbnM6BA2wwDwQ/OA==, password=i91LHTSGYMRT6ovSqUausVhZQS7Nk1q4XF+SI3kzTvfrnmBP3z8ZMfRkc/nmTlXm2MlNTNTstoOFhb+8nzAVBZdN8YTHw3Qoh+wAcMnZY4+g9HzE0ZoKOvT66leHq6LR6iXp9uL0OqSWEqAk/3OPIOjQNng3H5LKwCeVafVRFzxaLMD9nTjBCus7wIMjOnVqyvmyXBn4pS1LB45wp80sx4lg93hTp2vxzueW08PHB4s8xp2Q1TNGpnmwsKlzehAOR3bvcR7NUE3klebxMaZ8MJI9XnR+wLA1szgHSdlZlF8uklLGBsmqmV3HgJbk1PzS8cnAIfiMdXcJlRqM1rcHWA==, captchaId=89012cc0c02a4e18a737d73d35687b0f, captchaCode=pabc, rsaPublicKey=MIIBIjANBgkqhkiG9w0BAQEFAAOCAQ8AMIIBCgKCAQEAyLJD8qs5Xh8pHQ+zuYGgFr/Qo8vqHZIb6p8B1q/eXpeQ+vahMI27X+/Ma0sJfm+jcHM13lKSpUqhLkx3iHOhECdSARKjdl5AZQDwwe3IG8LJooEEg6EVV1lr0c1RnWPMfCeVTk0q/eoNGAOXh9RYbSz+GCM...}
[2026-09-20 17:42:45.144] [gas-forecast] [] [] [c.g.forecast.common.web.WebLogAspect] [http-nio-8080-exec-9] [INFO] - Request [用户登录] completed in 29 ms
[2026-09-20 17:42:45.201] [gas-forecast] [] [] [c.g.forecast.common.web.WebLogAspect] [http-nio-8080-exec-10] [INFO] - Request [模型列表查询] POST /gas-forecast/model-config/listPage args={reqDTO=ModelConfigPageReqDTO[page=1, size=1000, keyword=null]}
[2026-09-20 17:42:45.202] [gas-forecast] [] [] [c.g.forecast.common.web.WebLogAspect] [http-nio-8080-exec-4] [INFO] - Request [模型训练配置列表查询] POST /gas-forecast/model-train-config/listPage args={reqDTO=ModelTrainConfigPageReqDTO[page=1, size=10, keyword=null, agentCode=null, timeGranularity=null]}
[2026-09-20 17:42:45.210] [gas-forecast] [] [] [c.g.forecast.common.web.WebLogAspect] [http-nio-8080-exec-4] [INFO] - Request [模型训练配置列表查询] completed in 8 ms
[2026-09-20 17:42:45.213] [gas-forecast] [] [] [c.g.forecast.common.web.WebLogAspect] [http-nio-8080-exec-3] [INFO] - Request [客户列表分页查询] POST /gas-forecast/base-customer/listPage args={reqDTO=BaseCustomerPageReqDTO[page=1, size=1000, keyword=null]}
[2026-09-20 17:42:45.213] [gas-forecast] [] [] [c.g.forecast.common.web.WebLogAspect] [http-nio-8080-exec-1] [INFO] - Request [区域列表查询] POST /gas-forecast/base-region/listPage args={reqDTO=BaseRegionPageReqDTO[page=1, size=1000, keyword=null]}
[2026-09-20 17:42:45.213] [gas-forecast] [] [] [c.g.forecast.common.web.WebLogAspect] [http-nio-8080-exec-5] [INFO] - Request [行业列表查询] POST /gas-forecast/base-industry/listPage args={reqDTO=BaseIndustryPageReqDTO[page=1, size=1000, keyword=null]}
[2026-09-20 17:42:45.217] [gas-forecast] [] [] [c.g.forecast.common.web.WebLogAspect] [http-nio-8080-exec-10] [INFO] - Request [模型列表查询] completed in 16 ms
[2026-09-20 17:42:45.219] [gas-forecast] [] [] [c.g.forecast.common.web.WebLogAspect] [http-nio-8080-exec-1] [INFO] - Request [区域列表查询] completed in 6 ms
[2026-09-20 17:42:45.219] [gas-forecast] [] [] [c.g.forecast.common.web.WebLogAspect] [http-nio-8080-exec-5] [INFO] - Request [行业列表查询] completed in 6 ms
[2026-09-20 17:42:45.219] [gas-forecast] [] [] [c.g.forecast.common.web.WebLogAspect] [http-nio-8080-exec-3] [INFO] - Request [客户列表分页查询] completed in 6 ms
[2026-09-20 17:44:43.375] [gas-forecast] [] [] [c.g.forecast.common.web.WebLogAspect] [http-nio-8080-exec-6] [INFO] - Request [模型训练配置列表查询] POST /gas-forecast/model-train-config/listPage args={reqDTO=ModelTrainConfigPageReqDTO[page=1, size=10, keyword=null, agentCode=null, timeGranularity=null]}
[2026-09-20 17:44:43.394] [gas-forecast] [] [] [c.g.forecast.common.web.WebLogAspect] [http-nio-8080-exec-6] [INFO] - Request [模型训练配置列表查询] completed in 19 ms
[2026-09-20 17:44:44.166] [gas-forecast] [] [] [c.g.forecast.common.web.WebLogAspect] [http-nio-8080-exec-2] [INFO] - Request [模型训练配置列表查询] POST /gas-forecast/model-train-config/listPage args={reqDTO=ModelTrainConfigPageReqDTO[page=1, size=10, keyword=null, agentCode=null, timeGranularity=null]}
[2026-09-20 17:44:44.171] [gas-forecast] [] [] [c.g.forecast.common.web.WebLogAspect] [http-nio-8080-exec-2] [INFO] - Request [模型训练配置列表查询] completed in 5 ms
[2026-09-20 17:44:44.407] [gas-forecast] [] [] [c.g.forecast.common.web.WebLogAspect] [http-nio-8080-exec-7] [INFO] - Request [模型训练配置列表查询] POST /gas-forecast/model-train-config/listPage args={reqDTO=ModelTrainConfigPageReqDTO[page=1, size=10, keyword=null, agentCode=null, timeGranularity=null]}
[2026-09-20 17:44:44.413] [gas-forecast] [] [] [c.g.forecast.common.web.WebLogAspect] [http-nio-8080-exec-7] [INFO] - Request [模型训练配置列表查询] completed in 6 ms
[2026-09-20 17:44:44.649] [gas-forecast] [] [] [c.g.forecast.common.web.WebLogAspect] [http-nio-8080-exec-8] [INFO] - Request [模型训练配置列表查询] POST /gas-forecast/model-train-config/listPage args={reqDTO=ModelTrainConfigPageReqDTO[page=1, size=10, keyword=null, agentCode=null, timeGranularity=null]}
[2026-09-20 17:44:44.653] [gas-forecast] [] [] [c.g.forecast.common.web.WebLogAspect] [http-nio-8080-exec-8] [INFO] - Request [模型训练配置列表查询] completed in 4 ms
[2026-09-20 18:06:43.753] [gas-forecast] [] [] [c.g.forecast.common.web.WebLogAspect] [http-nio-8080-exec-10] [INFO] - Request [获取当前登录用户权限] GET /gas-forecast/auth/permissions args={}
[2026-09-20 18:06:43.788] [gas-forecast] [] [] [c.g.forecast.common.web.WebLogAspect] [http-nio-8080-exec-10] [INFO] - Request [获取当前登录用户权限] completed in 35 ms
