[2026-09-18 09:31:27.063] [gas-forecast] [] [] [o.h.validator.internal.util.Version] [background-preinit] [INFO] - HV000001: Hibernate Validator 8.0.1.Final
[2026-09-18 09:31:27.075] [gas-forecast] [] [] [c.g.f.GasForecastStartupApplication] [main] [INFO] - Starting GasForecastStartupApplication using Java 21.0.11 with PID 21460 (/Users/zoujun/work/workspace/shiyou/gas-forecast/gas-forecast-startup/target/classes started by zoujun in /Users/zoujun/work/workspace/shiyou/gas-forecast)
[2026-09-18 09:31:27.075] [gas-forecast] [] [] [c.g.f.GasForecastStartupApplication] [main] [INFO] - The following 1 profile is active: "dev"
[2026-09-18 09:31:27.350] [gas-forecast] [] [] [o.s.d.r.c.RepositoryConfigurationDelegate] [main] [INFO] - Multiple Spring Data modules found, entering strict repository configuration mode
[2026-09-18 09:31:27.351] [gas-forecast] [] [] [o.s.d.r.c.RepositoryConfigurationDelegate] [main] [INFO] - Bootstrapping Spring Data Redis repositories in DEFAULT mode.
[2026-09-18 09:31:27.368] [gas-forecast] [] [] [o.s.d.r.c.RepositoryConfigurationDelegate] [main] [INFO] - Finished Spring Data repository scanning in 11 ms. Found 0 Redis repository interfaces.
[2026-09-18 09:31:27.643] [gas-forecast] [] [] [o.s.b.w.e.tomcat.TomcatWebServer] [main] [INFO] - Tomcat initialized with port 8080 (http)
[2026-09-18 09:31:27.647] [gas-forecast] [] [] [o.a.coyote.http11.Http11NioProtocol] [main] [INFO] - Initializing ProtocolHandler ["http-nio-8080"]
[2026-09-18 09:31:27.648] [gas-forecast] [] [] [o.a.catalina.core.StandardService] [main] [INFO] - Starting service [Tomcat]
[2026-09-18 09:31:27.648] [gas-forecast] [] [] [o.a.catalina.core.StandardEngine] [main] [INFO] - Starting Servlet engine: [Apache Tomcat/10.1.20]
[2026-09-18 09:31:27.667] [gas-forecast] [] [] [o.a.c.c.C.[.[.[/gas-forecast]] [main] [INFO] - Initializing Spring embedded WebApplicationContext
[2026-09-18 09:31:27.667] [gas-forecast] [] [] [o.s.b.w.s.c.ServletWebServerApplicationContext] [main] [INFO] - Root WebApplicationContext: initialization completed in 576 ms
[2026-09-18 09:31:28.690] [gas-forecast] [] [] [o.a.coyote.http11.Http11NioProtocol] [main] [INFO] - Starting ProtocolHandler ["http-nio-8080"]
[2026-09-18 09:31:28.700] [gas-forecast] [] [] [o.s.b.w.e.tomcat.TomcatWebServer] [main] [INFO] - Tomcat started on port 8080 (http) with context path '/gas-forecast'
[2026-09-18 09:31:28.705] [gas-forecast] [] [] [c.g.f.GasForecastStartupApplication] [main] [INFO] - Started GasForecastStartupApplication in 1.829 seconds (process running for 2.102)
[2026-09-18 10:23:37.052] [gas-forecast] [] [] [o.h.validator.internal.util.Version] [background-preinit] [INFO] - HV000001: Hibernate Validator 8.0.1.Final
[2026-09-18 10:23:37.064] [gas-forecast] [] [] [c.g.f.GasForecastStartupApplication] [main] [INFO] - Starting GasForecastStartupApplication using Java 21.0.11 with PID 49501 (/Users/zoujun/work/workspace/shiyou/gas-forecast/gas-forecast-startup/target/classes started by zoujun in /Users/zoujun/work/workspace/shiyou/gas-forecast)
[2026-09-18 10:23:37.065] [gas-forecast] [] [] [c.g.f.GasForecastStartupApplication] [main] [INFO] - The following 1 profile is active: "dev"
[2026-09-18 10:23:37.371] [gas-forecast] [] [] [o.s.d.r.c.RepositoryConfigurationDelegate] [main] [INFO] - Multiple Spring Data modules found, entering strict repository configuration mode
[2026-09-18 10:23:37.373] [gas-forecast] [] [] [o.s.d.r.c.RepositoryConfigurationDelegate] [main] [INFO] - Bootstrapping Spring Data Redis repositories in DEFAULT mode.
[2026-09-18 10:23:37.391] [gas-forecast] [] [] [o.s.d.r.c.RepositoryConfigurationDelegate] [main] [INFO] - Finished Spring Data repository scanning in 11 ms. Found 0 Redis repository interfaces.
[2026-09-18 10:23:37.706] [gas-forecast] [] [] [o.s.b.w.e.tomcat.TomcatWebServer] [main] [INFO] - Tomcat initialized with port 8080 (http)
[2026-09-18 10:23:37.711] [gas-forecast] [] [] [o.a.coyote.http11.Http11NioProtocol] [main] [INFO] - Initializing ProtocolHandler ["http-nio-8080"]
[2026-09-18 10:23:37.711] [gas-forecast] [] [] [o.a.catalina.core.StandardService] [main] [INFO] - Starting service [Tomcat]
[2026-09-18 10:23:37.711] [gas-forecast] [] [] [o.a.catalina.core.StandardEngine] [main] [INFO] - Starting Servlet engine: [Apache Tomcat/10.1.20]
[2026-09-18 10:23:37.730] [gas-forecast] [] [] [o.a.c.c.C.[.[.[/gas-forecast]] [main] [INFO] - Initializing Spring embedded WebApplicationContext
[2026-09-18 10:23:37.730] [gas-forecast] [] [] [o.s.b.w.s.c.ServletWebServerApplicationContext] [main] [INFO] - Root WebApplicationContext: initialization completed in 650 ms
[2026-09-18 10:23:38.438] [gas-forecast] [] [] [o.a.coyote.http11.Http11NioProtocol] [main] [INFO] - Starting ProtocolHandler ["http-nio-8080"]
[2026-09-18 10:23:38.446] [gas-forecast] [] [] [o.s.b.w.e.tomcat.TomcatWebServer] [main] [INFO] - Tomcat started on port 8080 (http) with context path '/gas-forecast'
[2026-09-18 10:23:38.449] [gas-forecast] [] [] [c.g.f.GasForecastStartupApplication] [main] [INFO] - Started GasForecastStartupApplication in 1.581 seconds (process running for 1.887)
[2026-09-18 10:23:54.945] [gas-forecast] [] [] [o.a.c.c.C.[.[.[/gas-forecast]] [http-nio-8080-exec-1] [INFO] - Initializing Spring DispatcherServlet 'dispatcherServlet'
[2026-09-18 10:23:54.945] [gas-forecast] [] [] [o.s.web.servlet.DispatcherServlet] [http-nio-8080-exec-1] [INFO] - Initializing Servlet 'dispatcherServlet'
[2026-09-18 10:23:54.946] [gas-forecast] [] [] [o.s.web.servlet.DispatcherServlet] [http-nio-8080-exec-1] [INFO] - Completed initialization in 1 ms
[2026-09-18 10:23:55.023] [gas-forecast] [] [] [c.g.forecast.common.web.WebLogAspect] [http-nio-8080-exec-2] [INFO] - Request [训练特征数据列表查询] POST /gas-forecast/model-train-feature-data/listPage args={reqDTO=ModelTrainFeatureDataPageReqDTO[page=1, size=10, keyword=null]}
[2026-09-18 10:23:55.093] [gas-forecast] [] [] [com.zaxxer.hikari.HikariDataSource] [http-nio-8080-exec-2] [INFO] - HikariPool-1 - Starting...
[2026-09-18 10:23:55.131] [gas-forecast] [] [] [c.g.forecast.common.web.WebLogAspect] [http-nio-8080-exec-1] [INFO] - Request [获取当前登录用户权限] GET /gas-forecast/auth/permissions args={}
[2026-09-18 10:23:55.171] [gas-forecast] [] [] [com.zaxxer.hikari.pool.HikariPool] [http-nio-8080-exec-2] [INFO] - HikariPool-1 - Added connection com.mysql.cj.jdbc.ConnectionImpl@4e5a8ba1
[2026-09-18 10:23:55.172] [gas-forecast] [] [] [com.zaxxer.hikari.HikariDataSource] [http-nio-8080-exec-2] [INFO] - HikariPool-1 - Start completed.
[2026-09-18 10:23:55.220] [gas-forecast] [] [] [c.g.forecast.common.web.WebLogAspect] [http-nio-8080-exec-1] [INFO] - Request [获取当前登录用户权限] completed in 89 ms
[2026-09-18 10:23:55.231] [gas-forecast] [] [] [c.g.forecast.common.web.WebLogAspect] [http-nio-8080-exec-2] [INFO] - Request [训练特征数据列表查询] completed in 209 ms
[2026-09-18 10:23:55.662] [gas-forecast] [] [] [c.g.forecast.common.web.WebLogAspect] [http-nio-8080-exec-3] [INFO] - Request [获取当前登录用户权限] GET /gas-forecast/auth/permissions args={}
[2026-09-18 10:23:55.673] [gas-forecast] [] [] [c.g.forecast.common.web.WebLogAspect] [http-nio-8080-exec-3] [INFO] - Request [获取当前登录用户权限] completed in 11 ms
[2026-09-18 10:23:55.683] [gas-forecast] [] [] [c.g.forecast.common.web.WebLogAspect] [http-nio-8080-exec-4] [INFO] - Request [训练特征数据列表查询] POST /gas-forecast/model-train-feature-data/listPage args={reqDTO=ModelTrainFeatureDataPageReqDTO[page=1, size=10, keyword=null]}
[2026-09-18 10:23:55.724] [gas-forecast] [] [] [c.g.forecast.common.web.WebLogAspect] [http-nio-8080-exec-4] [INFO] - Request [训练特征数据列表查询] completed in 41 ms
[2026-09-18 10:24:03.536] [gas-forecast] [] [] [c.g.forecast.common.web.WebLogAspect] [http-nio-8080-exec-6] [INFO] - Request [特征定义列表查询] POST /gas-forecast/model-feature-definition/listPage args={reqDTO=ModelFeatureDefinitionPageReqDTO[page=1, size=10, keyword=null]}
[2026-09-18 10:24:03.544] [gas-forecast] [] [] [c.g.forecast.common.web.WebLogAspect] [http-nio-8080-exec-6] [INFO] - Request [特征定义列表查询] completed in 8 ms
[2026-09-18 10:24:14.816] [gas-forecast] [] [] [c.g.forecast.common.web.WebLogAspect] [http-nio-8080-exec-5] [INFO] - Request [训练特征数据列表查询] POST /gas-forecast/model-train-feature-data/listPage args={reqDTO=ModelTrainFeatureDataPageReqDTO[page=1, size=10, keyword=null]}
[2026-09-18 10:24:14.849] [gas-forecast] [] [] [c.g.forecast.common.web.WebLogAspect] [http-nio-8080-exec-5] [INFO] - Request [训练特征数据列表查询] completed in 33 ms
[2026-09-18 10:24:20.007] [gas-forecast] [] [] [c.g.forecast.common.web.WebLogAspect] [http-nio-8080-exec-7] [INFO] - Request [模型列表查询] POST /gas-forecast/model-config/listPage args={reqDTO=ModelConfigPageReqDTO[page=1, size=10, keyword=null]}
[2026-09-18 10:24:20.022] [gas-forecast] [] [] [c.g.forecast.common.web.WebLogAspect] [http-nio-8080-exec-7] [INFO] - Request [模型列表查询] completed in 15 ms
[2026-09-18 10:25:30.575] [gas-forecast] [] [] [c.g.forecast.common.web.WebLogAspect] [http-nio-8080-exec-8] [INFO] - Request [模型列表查询] POST /gas-forecast/model-config/listPage args={reqDTO=ModelConfigPageReqDTO[page=1, size=1000, keyword=null]}
[2026-09-18 10:25:30.597] [gas-forecast] [] [] [c.g.forecast.common.web.WebLogAspect] [http-nio-8080-exec-8] [INFO] - Request [模型列表查询] completed in 22 ms
[2026-09-18 10:25:33.628] [gas-forecast] [] [] [c.g.forecast.common.web.WebLogAspect] [http-nio-8080-exec-9] [INFO] - Request [模型列表查询] POST /gas-forecast/model-config/listPage args={reqDTO=ModelConfigPageReqDTO[page=1, size=1000, keyword=null]}
[2026-09-18 10:25:33.638] [gas-forecast] [] [] [c.g.forecast.common.web.WebLogAspect] [http-nio-8080-exec-9] [INFO] - Request [模型列表查询] completed in 10 ms
[2026-09-18 10:25:35.816] [gas-forecast] [] [] [c.g.forecast.common.web.WebLogAspect] [http-nio-8080-exec-10] [INFO] - Request [模型列表查询] POST /gas-forecast/model-config/listPage args={reqDTO=ModelConfigPageReqDTO[page=1, size=1000, keyword=null]}
[2026-09-18 10:25:35.826] [gas-forecast] [] [] [c.g.forecast.common.web.WebLogAspect] [http-nio-8080-exec-10] [INFO] - Request [模型列表查询] completed in 10 ms
[2026-09-18 10:25:36.516] [gas-forecast] [] [] [c.g.forecast.common.web.WebLogAspect] [http-nio-8080-exec-1] [INFO] - Request [模型列表查询] POST /gas-forecast/model-config/listPage args={reqDTO=ModelConfigPageReqDTO[page=1, size=1000, keyword=null]}
[2026-09-18 10:25:36.528] [gas-forecast] [] [] [c.g.forecast.common.web.WebLogAspect] [http-nio-8080-exec-1] [INFO] - Request [模型列表查询] completed in 12 ms
[2026-09-18 10:25:58.600] [gas-forecast] [] [] [c.g.forecast.common.web.WebLogAspect] [http-nio-8080-exec-2] [INFO] - Request [模型列表查询] POST /gas-forecast/model-config/listPage args={reqDTO=ModelConfigPageReqDTO[page=1, size=10, keyword=null]}
[2026-09-18 10:25:58.614] [gas-forecast] [] [] [c.g.forecast.common.web.WebLogAspect] [http-nio-8080-exec-2] [INFO] - Request [模型列表查询] completed in 14 ms
[2026-09-18 10:26:00.828] [gas-forecast] [] [] [c.g.forecast.common.web.WebLogAspect] [http-nio-8080-exec-3] [INFO] - Request [区域列表查询] POST /gas-forecast/base-region/listPage args={reqDTO=BaseRegionPageReqDTO[page=1, size=1000, keyword=null]}
[2026-09-18 10:26:00.832] [gas-forecast] [] [] [c.g.forecast.common.web.WebLogAspect] [http-nio-8080-exec-3] [INFO] - Request [区域列表查询] completed in 4 ms
[2026-09-18 10:26:00.840] [gas-forecast] [] [] [c.g.forecast.common.web.WebLogAspect] [http-nio-8080-exec-4] [INFO] - Request [特征定义列表查询] POST /gas-forecast/model-feature-definition/listPage args={reqDTO=ModelFeatureDefinitionPageReqDTO[page=1, size=500, keyword=null]}
[2026-09-18 10:26:00.844] [gas-forecast] [] [] [c.g.forecast.common.web.WebLogAspect] [http-nio-8080-exec-4] [INFO] - Request [特征定义列表查询] completed in 4 ms
[2026-09-18 10:28:22.420] [gas-forecast] [] [] [c.g.forecast.common.web.WebLogAspect] [http-nio-8080-exec-6] [INFO] - Request [配置模型适用范围] POST /gas-forecast/model-config/updateScope args={reqDTO=ModelConfigScopeUpdateReqDTO[id=2, regionCode=null, industryCode=null, customerCode=null, regionCodes=[REG000005], industryCodes=[], customerCodes=[], featureRefs=[FeatureRefItem[featureId=5, requiredFlag=0, featureOrder=1], FeatureRefItem[featureId=4, requiredFlag=0, featureOrder=2], FeatureRefItem[featureId=3, requiredFlag=0, featureOrder=3], FeatureRefItem[featureId=2, requiredFlag=0, featureOrder=4], FeatureRefItem[featureId=1, requiredFlag=0, featureOrder=5]]]}
[2026-09-18 10:29:56.296] [gas-forecast] [] [] [c.g.forecast.common.web.WebLogAspect] [http-nio-8080-exec-5] [INFO] - Request [模型列表查询] POST /gas-forecast/model-config/listPage args={reqDTO=ModelConfigPageReqDTO[page=1, size=10, keyword=null]}
[2026-09-18 10:29:56.312] [gas-forecast] [] [] [c.g.forecast.common.web.WebLogAspect] [http-nio-8080-exec-5] [INFO] - Request [模型列表查询] completed in 16 ms
[2026-09-18 10:30:45.065] [gas-forecast] [] [] [c.g.forecast.common.web.WebLogAspect] [http-nio-8080-exec-7] [INFO] - Request [区域列表查询] POST /gas-forecast/base-region/listPage args={reqDTO=BaseRegionPageReqDTO[page=1, size=1000, keyword=null]}
[2026-09-18 10:30:45.069] [gas-forecast] [] [] [c.g.forecast.common.web.WebLogAspect] [http-nio-8080-exec-7] [INFO] - Request [区域列表查询] completed in 4 ms
[2026-09-18 10:30:45.079] [gas-forecast] [] [] [c.g.forecast.common.web.WebLogAspect] [http-nio-8080-exec-8] [INFO] - Request [特征定义列表查询] POST /gas-forecast/model-feature-definition/listPage args={reqDTO=ModelFeatureDefinitionPageReqDTO[page=1, size=500, keyword=null]}
[2026-09-18 10:30:45.084] [gas-forecast] [] [] [c.g.forecast.common.web.WebLogAspect] [http-nio-8080-exec-8] [INFO] - Request [特征定义列表查询] completed in 5 ms
[2026-09-18 10:36:37.342] [gas-forecast] [] [] [c.g.forecast.common.web.WebLogAspect] [http-nio-8080-exec-9] [INFO] - Request [模型列表查询] POST /gas-forecast/model-config/listPage args={reqDTO=ModelConfigPageReqDTO[page=1, size=10, keyword=null]}
[2026-09-18 10:36:37.373] [gas-forecast] [] [] [c.g.forecast.common.web.WebLogAspect] [http-nio-8080-exec-9] [INFO] - Request [模型列表查询] completed in 31 ms
[2026-09-18 11:03:59.400] [gas-forecast] [] [] [c.g.forecast.common.web.WebLogAspect] [http-nio-8080-exec-10] [INFO] - Request [训练特征数据列表查询] POST /gas-forecast/model-train-feature-data/listPage args={reqDTO=ModelTrainFeatureDataPageReqDTO[page=1, size=10, keyword=null]}
[2026-09-18 11:03:59.448] [gas-forecast] [] [] [c.g.forecast.common.web.WebLogAspect] [http-nio-8080-exec-10] [INFO] - Request [训练特征数据列表查询] completed in 48 ms
[2026-09-18 11:04:00.464] [gas-forecast] [] [] [c.g.forecast.common.web.WebLogAspect] [http-nio-8080-exec-1] [INFO] - Request [特征定义列表查询] POST /gas-forecast/model-feature-definition/listPage args={reqDTO=ModelFeatureDefinitionPageReqDTO[page=1, size=10, keyword=null]}
[2026-09-18 11:04:00.470] [gas-forecast] [] [] [c.g.forecast.common.web.WebLogAspect] [http-nio-8080-exec-1] [INFO] - Request [特征定义列表查询] completed in 6 ms
[2026-09-18 11:04:01.804] [gas-forecast] [] [] [c.g.forecast.common.web.WebLogAspect] [http-nio-8080-exec-2] [INFO] - Request [训练特征数据列表查询] POST /gas-forecast/model-train-feature-data/listPage args={reqDTO=ModelTrainFeatureDataPageReqDTO[page=1, size=10, keyword=null]}
[2026-09-18 11:04:01.835] [gas-forecast] [] [] [c.g.forecast.common.web.WebLogAspect] [http-nio-8080-exec-2] [INFO] - Request [训练特征数据列表查询] completed in 31 ms
[2026-09-18 11:04:04.296] [gas-forecast] [] [] [c.g.forecast.common.web.WebLogAspect] [http-nio-8080-exec-3] [INFO] - Request [特征定义列表查询] POST /gas-forecast/model-feature-definition/listPage args={reqDTO=ModelFeatureDefinitionPageReqDTO[page=1, size=10, keyword=null]}
[2026-09-18 11:04:04.302] [gas-forecast] [] [] [c.g.forecast.common.web.WebLogAspect] [http-nio-8080-exec-3] [INFO] - Request [特征定义列表查询] completed in 6 ms
[2026-09-18 11:05:02.722] [gas-forecast] [] [] [c.g.forecast.common.web.WebLogAspect] [http-nio-8080-exec-4] [INFO] - Request [训练特征数据列表查询] POST /gas-forecast/model-train-feature-data/listPage args={reqDTO=ModelTrainFeatureDataPageReqDTO[page=1, size=10, keyword=null]}
[2026-09-18 11:05:02.753] [gas-forecast] [] [] [c.g.forecast.common.web.WebLogAspect] [http-nio-8080-exec-4] [INFO] - Request [训练特征数据列表查询] completed in 31 ms
[2026-09-18 11:05:05.638] [gas-forecast] [] [] [c.g.forecast.common.web.WebLogAspect] [http-nio-8080-exec-6] [INFO] - Request [特征定义列表查询] POST /gas-forecast/model-feature-definition/listPage args={reqDTO=ModelFeatureDefinitionPageReqDTO[page=1, size=10, keyword=null]}
[2026-09-18 11:05:05.643] [gas-forecast] [] [] [c.g.forecast.common.web.WebLogAspect] [http-nio-8080-exec-6] [INFO] - Request [特征定义列表查询] completed in 5 ms
[2026-09-18 11:08:32.266] [gas-forecast] [] [] [c.g.forecast.common.web.WebLogAspect] [http-nio-8080-exec-5] [INFO] - Request [训练特征数据列表查询] POST /gas-forecast/model-train-feature-data/listPage args={reqDTO=ModelTrainFeatureDataPageReqDTO[page=1, size=10, keyword=null]}
[2026-09-18 11:08:32.304] [gas-forecast] [] [] [c.g.forecast.common.web.WebLogAspect] [http-nio-8080-exec-5] [INFO] - Request [训练特征数据列表查询] completed in 38 ms
[2026-09-18 11:08:33.722] [gas-forecast] [] [] [c.g.forecast.common.web.WebLogAspect] [http-nio-8080-exec-7] [INFO] - Request [模型列表查询] POST /gas-forecast/model-config/listPage args={reqDTO=ModelConfigPageReqDTO[page=1, size=10, keyword=null]}
[2026-09-18 11:08:33.739] [gas-forecast] [] [] [c.g.forecast.common.web.WebLogAspect] [http-nio-8080-exec-7] [INFO] - Request [模型列表查询] completed in 17 ms
[2026-09-18 11:08:35.010] [gas-forecast] [] [] [c.g.forecast.common.web.WebLogAspect] [http-nio-8080-exec-8] [INFO] - Request [训练特征数据列表查询] POST /gas-forecast/model-train-feature-data/listPage args={reqDTO=ModelTrainFeatureDataPageReqDTO[page=1, size=10, keyword=null]}
[2026-09-18 11:08:35.043] [gas-forecast] [] [] [c.g.forecast.common.web.WebLogAspect] [http-nio-8080-exec-8] [INFO] - Request [训练特征数据列表查询] completed in 33 ms
[2026-09-18 11:08:53.506] [gas-forecast] [] [] [c.g.forecast.common.web.WebLogAspect] [http-nio-8080-exec-7] [INFO] - Request [区域列表查询] POST /gas-forecast/base-region/listPage args={reqDTO=BaseRegionPageReqDTO[page=1, size=10, keyword=null]}
[2026-09-18 11:08:53.510] [gas-forecast] [] [] [c.g.forecast.common.web.WebLogAspect] [http-nio-8080-exec-7] [INFO] - Request [区域列表查询] completed in 4 ms
[2026-09-18 11:08:56.706] [gas-forecast] [] [] [c.g.forecast.common.web.WebLogAspect] [http-nio-8080-exec-8] [INFO] - Request [客户列表分页查询] POST /gas-forecast/base-customer/listPage args={reqDTO=BaseCustomerPageReqDTO[page=1, size=10, keyword=null]}
[2026-09-18 11:08:56.709] [gas-forecast] [] [] [c.g.forecast.common.web.WebLogAspect] [http-nio-8080-exec-8] [INFO] - Request [客户列表分页查询] completed in 4 ms
[2026-09-18 11:08:59.019] [gas-forecast] [] [] [c.g.forecast.common.web.WebLogAspect] [http-nio-8080-exec-9] [INFO] - Request [行业列表查询] POST /gas-forecast/base-industry/listPage args={reqDTO=BaseIndustryPageReqDTO[page=1, size=10, keyword=null]}
[2026-09-18 11:08:59.023] [gas-forecast] [] [] [c.g.forecast.common.web.WebLogAspect] [http-nio-8080-exec-9] [INFO] - Request [行业列表查询] completed in 4 ms
[2026-09-18 11:09:03.650] [gas-forecast] [] [] [c.g.forecast.common.web.WebLogAspect] [http-nio-8080-exec-10] [INFO] - Request [客户列表分页查询] POST /gas-forecast/base-customer/listPage args={reqDTO=BaseCustomerPageReqDTO[page=1, size=10, keyword=null]}
[2026-09-18 11:09:03.653] [gas-forecast] [] [] [c.g.forecast.common.web.WebLogAspect] [http-nio-8080-exec-10] [INFO] - Request [客户列表分页查询] completed in 3 ms
[2026-09-18 11:09:57.141] [gas-forecast] [] [] [c.g.forecast.common.web.WebLogAspect] [http-nio-8080-exec-1] [INFO] - Request [行业列表查询] POST /gas-forecast/base-industry/listPage args={reqDTO=BaseIndustryPageReqDTO[page=1, size=10, keyword=null]}
[2026-09-18 11:09:57.144] [gas-forecast] [] [] [c.g.forecast.common.web.WebLogAspect] [http-nio-8080-exec-1] [INFO] - Request [行业列表查询] completed in 3 ms
[2026-09-18 11:10:00.085] [gas-forecast] [] [] [c.g.forecast.common.web.WebLogAspect] [http-nio-8080-exec-2] [INFO] - Request [日销量标准数据分页查询] POST /gas-forecast/data-daily-sales/listPage args={reqDTO=DataSalesPageReqDTO[page=1, size=10, keyword=null, startDate=null, endDate=null]}
[2026-09-18 11:10:00.120] [gas-forecast] [] [] [c.g.forecast.common.web.WebLogAspect] [http-nio-8080-exec-2] [INFO] - Request [日销量标准数据分页查询] completed in 36 ms
[2026-09-18 11:10:06.991] [gas-forecast] [] [] [c.g.forecast.common.web.WebLogAspect] [http-nio-8080-exec-3] [INFO] - Request [月销量标准数据分页查询] POST /gas-forecast/data-monthly-sales/listPage args={reqDTO=DataSalesPageReqDTO[page=1, size=10, keyword=null, startDate=null, endDate=null]}
[2026-09-18 11:10:06.998] [gas-forecast] [] [] [c.g.forecast.common.web.WebLogAspect] [http-nio-8080-exec-3] [INFO] - Request [月销量标准数据分页查询] completed in 7 ms
[2026-09-18 11:10:09.646] [gas-forecast] [] [] [c.g.forecast.common.web.WebLogAspect] [http-nio-8080-exec-4] [INFO] - Request [日销量标准数据分页查询] POST /gas-forecast/data-daily-sales/listPage args={reqDTO=DataSalesPageReqDTO[page=1, size=10, keyword=null, startDate=null, endDate=null]}
[2026-09-18 11:10:09.683] [gas-forecast] [] [] [c.g.forecast.common.web.WebLogAspect] [http-nio-8080-exec-4] [INFO] - Request [日销量标准数据分页查询] completed in 37 ms
[2026-09-18 11:10:10.214] [gas-forecast] [] [] [c.g.forecast.common.web.WebLogAspect] [http-nio-8080-exec-6] [INFO] - Request [月销量标准数据分页查询] POST /gas-forecast/data-monthly-sales/listPage args={reqDTO=DataSalesPageReqDTO[page=1, size=10, keyword=null, startDate=null, endDate=null]}
[2026-09-18 11:10:10.220] [gas-forecast] [] [] [c.g.forecast.common.web.WebLogAspect] [http-nio-8080-exec-6] [INFO] - Request [月销量标准数据分页查询] completed in 6 ms
[2026-09-18 11:10:12.182] [gas-forecast] [] [] [c.g.forecast.common.web.WebLogAspect] [http-nio-8080-exec-5] [INFO] - Request [特征定义列表查询] POST /gas-forecast/model-feature-definition/listPage args={reqDTO=ModelFeatureDefinitionPageReqDTO[page=1, size=10, keyword=null]}
[2026-09-18 11:10:12.187] [gas-forecast] [] [] [c.g.forecast.common.web.WebLogAspect] [http-nio-8080-exec-5] [INFO] - Request [特征定义列表查询] completed in 5 ms
[2026-09-18 11:11:28.513] [gas-forecast] [] [] [c.g.forecast.common.web.WebLogAspect] [http-nio-8080-exec-7] [INFO] - Request [编辑特征定义] POST /gas-forecast/model-feature-definition/update args={reqDTO=ModelFeatureDefinitionUpdateReqDTO[id=4, featureCode=hdd, featureName=采暖度日, featureColumn=feature_004, timeGranularity=TENDAY, enabled=1, description=Heating Degree Days]}
[2026-09-18 11:11:28.538] [gas-forecast] [] [] [c.g.forecast.common.web.WebLogAspect] [http-nio-8080-exec-7] [INFO] - Request [编辑特征定义] completed in 25 ms
[2026-09-18 11:11:28.542] [gas-forecast] [] [] [c.g.forecast.common.web.WebLogAspect] [http-nio-8080-exec-8] [INFO] - Request [特征定义列表查询] POST /gas-forecast/model-feature-definition/listPage args={reqDTO=ModelFeatureDefinitionPageReqDTO[page=1, size=10, keyword=null]}
[2026-09-18 11:11:28.545] [gas-forecast] [] [] [c.g.forecast.common.web.WebLogAspect] [http-nio-8080-exec-8] [INFO] - Request [特征定义列表查询] completed in 3 ms
[2026-09-18 11:11:33.646] [gas-forecast] [] [] [c.g.forecast.common.web.WebLogAspect] [http-nio-8080-exec-9] [INFO] - Request [编辑特征定义] POST /gas-forecast/model-feature-definition/update args={reqDTO=ModelFeatureDefinitionUpdateReqDTO[id=3, featureCode=min_temp, featureName=最低气温, featureColumn=feature_003, timeGranularity=TENDAY, enabled=1, description=旬最低气温]}
[2026-09-18 11:11:33.654] [gas-forecast] [] [] [c.g.forecast.common.web.WebLogAspect] [http-nio-8080-exec-9] [INFO] - Request [编辑特征定义] completed in 8 ms
[2026-09-18 11:11:33.659] [gas-forecast] [] [] [c.g.forecast.common.web.WebLogAspect] [http-nio-8080-exec-10] [INFO] - Request [特征定义列表查询] POST /gas-forecast/model-feature-definition/listPage args={reqDTO=ModelFeatureDefinitionPageReqDTO[page=1, size=10, keyword=null]}
[2026-09-18 11:11:33.662] [gas-forecast] [] [] [c.g.forecast.common.web.WebLogAspect] [http-nio-8080-exec-10] [INFO] - Request [特征定义列表查询] completed in 3 ms
[2026-09-18 11:11:38.048] [gas-forecast] [] [] [c.g.forecast.common.web.WebLogAspect] [http-nio-8080-exec-1] [INFO] - Request [编辑特征定义] POST /gas-forecast/model-feature-definition/update args={reqDTO=ModelFeatureDefinitionUpdateReqDTO[id=2, featureCode=max_temp, featureName=最高气温, featureColumn=feature_002, timeGranularity=TENDAY, enabled=1, description=旬最高气温]}
[2026-09-18 11:11:38.054] [gas-forecast] [] [] [c.g.forecast.common.web.WebLogAspect] [http-nio-8080-exec-1] [INFO] - Request [编辑特征定义] completed in 6 ms
[2026-09-18 11:11:38.058] [gas-forecast] [] [] [c.g.forecast.common.web.WebLogAspect] [http-nio-8080-exec-2] [INFO] - Request [特征定义列表查询] POST /gas-forecast/model-feature-definition/listPage args={reqDTO=ModelFeatureDefinitionPageReqDTO[page=1, size=10, keyword=null]}
[2026-09-18 11:11:38.061] [gas-forecast] [] [] [c.g.forecast.common.web.WebLogAspect] [http-nio-8080-exec-2] [INFO] - Request [特征定义列表查询] completed in 3 ms
[2026-09-18 11:12:31.049] [gas-forecast] [] [] [c.g.forecast.common.web.WebLogAspect] [http-nio-8080-exec-3] [INFO] - Request [训练特征数据列表查询] POST /gas-forecast/model-train-feature-data/listPage args={reqDTO=ModelTrainFeatureDataPageReqDTO[page=1, size=10, keyword=null]}
[2026-09-18 11:12:31.088] [gas-forecast] [] [] [c.g.forecast.common.web.WebLogAspect] [http-nio-8080-exec-3] [INFO] - Request [训练特征数据列表查询] completed in 39 ms
[2026-09-18 11:12:34.637] [gas-forecast] [] [] [c.g.forecast.common.web.WebLogAspect] [http-nio-8080-exec-4] [INFO] - Request [特征定义列表查询] POST /gas-forecast/model-feature-definition/listPage args={reqDTO=ModelFeatureDefinitionPageReqDTO[page=1, size=10, keyword=null]}
[2026-09-18 11:12:34.642] [gas-forecast] [] [] [c.g.forecast.common.web.WebLogAspect] [http-nio-8080-exec-4] [INFO] - Request [特征定义列表查询] completed in 5 ms
[2026-09-18 11:15:14.449] [gas-forecast] [] [] [c.g.forecast.common.web.WebLogAspect] [http-nio-8080-exec-6] [INFO] - Request [训练特征数据列表查询] POST /gas-forecast/model-train-feature-data/listPage args={reqDTO=ModelTrainFeatureDataPageReqDTO[page=1, size=10, keyword=null]}
[2026-09-18 11:15:14.493] [gas-forecast] [] [] [c.g.forecast.common.web.WebLogAspect] [http-nio-8080-exec-6] [INFO] - Request [训练特征数据列表查询] completed in 44 ms
[2026-09-18 11:15:17.044] [gas-forecast] [] [] [c.g.forecast.common.web.WebLogAspect] [http-nio-8080-exec-5] [INFO] - Request [特征定义列表查询] POST /gas-forecast/model-feature-definition/listPage args={reqDTO=ModelFeatureDefinitionPageReqDTO[page=1, size=10, keyword=null]}
[2026-09-18 11:15:17.048] [gas-forecast] [] [] [c.g.forecast.common.web.WebLogAspect] [http-nio-8080-exec-5] [INFO] - Request [特征定义列表查询] completed in 5 ms
[2026-09-18 11:15:20.104] [gas-forecast] [] [] [c.g.forecast.common.web.WebLogAspect] [http-nio-8080-exec-7] [INFO] - Request [模型列表查询] POST /gas-forecast/model-config/listPage args={reqDTO=ModelConfigPageReqDTO[page=1, size=1000, keyword=null]}
[2026-09-18 11:15:20.113] [gas-forecast] [] [] [c.g.forecast.common.web.WebLogAspect] [http-nio-8080-exec-7] [INFO] - Request [模型列表查询] completed in 9 ms
[2026-09-18 11:15:20.921] [gas-forecast] [] [] [c.g.forecast.common.web.WebLogAspect] [http-nio-8080-exec-8] [INFO] - Request [模型列表查询] POST /gas-forecast/model-config/listPage args={reqDTO=ModelConfigPageReqDTO[page=1, size=1000, keyword=null]}
[2026-09-18 11:15:20.930] [gas-forecast] [] [] [c.g.forecast.common.web.WebLogAspect] [http-nio-8080-exec-8] [INFO] - Request [模型列表查询] completed in 9 ms
[2026-09-18 11:16:23.344] [gas-forecast] [] [] [c.g.forecast.common.web.WebLogAspect] [http-nio-8080-exec-9] [INFO] - Request [模型列表查询] POST /gas-forecast/model-config/listPage args={reqDTO=ModelConfigPageReqDTO[page=1, size=1000, keyword=null]}
[2026-09-18 11:16:23.353] [gas-forecast] [] [] [c.g.forecast.common.web.WebLogAspect] [http-nio-8080-exec-9] [INFO] - Request [模型列表查询] completed in 9 ms
[2026-09-18 11:16:45.580] [gas-forecast] [] [] [c.g.forecast.common.web.WebLogAspect] [http-nio-8080-exec-10] [INFO] - Request [模型列表查询] POST /gas-forecast/model-config/listPage args={reqDTO=ModelConfigPageReqDTO[page=1, size=1000, keyword=null]}
[2026-09-18 11:16:45.599] [gas-forecast] [] [] [c.g.forecast.common.web.WebLogAspect] [http-nio-8080-exec-10] [INFO] - Request [模型列表查询] completed in 19 ms
[2026-09-18 11:16:46.155] [gas-forecast] [] [] [c.g.forecast.common.web.WebLogAspect] [http-nio-8080-exec-1] [INFO] - Request [模型列表查询] POST /gas-forecast/model-config/listPage args={reqDTO=ModelConfigPageReqDTO[page=1, size=1000, keyword=null]}
[2026-09-18 11:16:46.162] [gas-forecast] [] [] [c.g.forecast.common.web.WebLogAspect] [http-nio-8080-exec-1] [INFO] - Request [模型列表查询] completed in 7 ms
[2026-09-18 11:23:35.772] [gas-forecast] [] [] [com.zaxxer.hikari.HikariDataSource] [SpringApplicationShutdownHook] [INFO] - HikariPool-1 - Shutdown initiated...
[2026-09-18 11:23:35.772] [gas-forecast] [] [] [com.zaxxer.hikari.HikariDataSource] [SpringApplicationShutdownHook] [INFO] - HikariPool-1 - Shutdown completed.
[2026-09-18 11:23:37.798] [gas-forecast] [] [] [o.h.validator.internal.util.Version] [background-preinit] [INFO] - HV000001: Hibernate Validator 8.0.1.Final
[2026-09-18 11:23:37.808] [gas-forecast] [] [] [c.g.f.GasForecastStartupApplication] [main] [INFO] - Starting GasForecastStartupApplication using Java 21.0.11 with PID 69061 (/Users/zoujun/work/workspace/shiyou/gas-forecast/gas-forecast-startup/target/classes started by zoujun in /Users/zoujun/work/workspace/shiyou/gas-forecast)
[2026-09-18 11:23:37.809] [gas-forecast] [] [] [c.g.f.GasForecastStartupApplication] [main] [INFO] - The following 1 profile is active: "dev"
[2026-09-18 11:23:38.077] [gas-forecast] [] [] [o.s.d.r.c.RepositoryConfigurationDelegate] [main] [INFO] - Multiple Spring Data modules found, entering strict repository configuration mode
[2026-09-18 11:23:38.079] [gas-forecast] [] [] [o.s.d.r.c.RepositoryConfigurationDelegate] [main] [INFO] - Bootstrapping Spring Data Redis repositories in DEFAULT mode.
[2026-09-18 11:23:38.095] [gas-forecast] [] [] [o.s.d.r.c.RepositoryConfigurationDelegate] [main] [INFO] - Finished Spring Data repository scanning in 10 ms. Found 0 Redis repository interfaces.
[2026-09-18 11:23:38.377] [gas-forecast] [] [] [o.s.b.w.e.tomcat.TomcatWebServer] [main] [INFO] - Tomcat initialized with port 8080 (http)
[2026-09-18 11:23:38.382] [gas-forecast] [] [] [o.a.coyote.http11.Http11NioProtocol] [main] [INFO] - Initializing ProtocolHandler ["http-nio-8080"]
[2026-09-18 11:23:38.382] [gas-forecast] [] [] [o.a.catalina.core.StandardService] [main] [INFO] - Starting service [Tomcat]
[2026-09-18 11:23:38.382] [gas-forecast] [] [] [o.a.catalina.core.StandardEngine] [main] [INFO] - Starting Servlet engine: [Apache Tomcat/10.1.20]
[2026-09-18 11:23:38.400] [gas-forecast] [] [] [o.a.c.c.C.[.[.[/gas-forecast]] [main] [INFO] - Initializing Spring embedded WebApplicationContext
[2026-09-18 11:23:38.400] [gas-forecast] [] [] [o.s.b.w.s.c.ServletWebServerApplicationContext] [main] [INFO] - Root WebApplicationContext: initialization completed in 575 ms
[2026-09-18 11:23:39.090] [gas-forecast] [] [] [o.a.coyote.http11.Http11NioProtocol] [main] [INFO] - Starting ProtocolHandler ["http-nio-8080"]
[2026-09-18 11:23:39.097] [gas-forecast] [] [] [o.s.b.w.e.tomcat.TomcatWebServer] [main] [INFO] - Tomcat started on port 8080 (http) with context path '/gas-forecast'
[2026-09-18 11:23:39.101] [gas-forecast] [] [] [c.g.f.GasForecastStartupApplication] [main] [INFO] - Started GasForecastStartupApplication in 1.474 seconds (process running for 1.755)
[2026-09-18 11:23:42.649] [gas-forecast] [] [] [o.a.c.c.C.[.[.[/gas-forecast]] [http-nio-8080-exec-1] [INFO] - Initializing Spring DispatcherServlet 'dispatcherServlet'
[2026-09-18 11:23:42.649] [gas-forecast] [] [] [o.s.web.servlet.DispatcherServlet] [http-nio-8080-exec-1] [INFO] - Initializing Servlet 'dispatcherServlet'
[2026-09-18 11:23:42.650] [gas-forecast] [] [] [o.s.web.servlet.DispatcherServlet] [http-nio-8080-exec-1] [INFO] - Completed initialization in 1 ms
[2026-09-18 11:23:42.821] [gas-forecast] [] [] [c.g.forecast.common.web.WebLogAspect] [http-nio-8080-exec-1] [INFO] - Request [获取当前登录用户权限] GET /gas-forecast/auth/permissions args={}
[2026-09-18 11:23:42.850] [gas-forecast] [] [] [com.zaxxer.hikari.HikariDataSource] [http-nio-8080-exec-1] [INFO] - HikariPool-1 - Starting...
[2026-09-18 11:23:42.919] [gas-forecast] [] [] [com.zaxxer.hikari.pool.HikariPool] [http-nio-8080-exec-1] [INFO] - HikariPool-1 - Added connection com.mysql.cj.jdbc.ConnectionImpl@48ef2099
[2026-09-18 11:23:42.920] [gas-forecast] [] [] [com.zaxxer.hikari.HikariDataSource] [http-nio-8080-exec-1] [INFO] - HikariPool-1 - Start completed.
[2026-09-18 11:23:42.954] [gas-forecast] [] [] [c.g.forecast.common.web.WebLogAspect] [http-nio-8080-exec-1] [INFO] - Request [获取当前登录用户权限] completed in 133 ms
[2026-09-18 11:23:48.441] [gas-forecast] [] [] [c.g.forecast.common.web.WebLogAspect] [http-nio-8080-exec-2] [INFO] - Request [获取当前登录用户权限] GET /gas-forecast/auth/permissions args={}
[2026-09-18 11:23:48.453] [gas-forecast] [] [] [c.g.forecast.common.web.WebLogAspect] [http-nio-8080-exec-2] [INFO] - Request [获取当前登录用户权限] completed in 12 ms
[2026-09-18 11:23:48.994] [gas-forecast] [] [] [c.g.forecast.common.web.WebLogAspect] [http-nio-8080-exec-3] [INFO] - Request [获取当前登录用户权限] GET /gas-forecast/auth/permissions args={}
[2026-09-18 11:23:49.004] [gas-forecast] [] [] [c.g.forecast.common.web.WebLogAspect] [http-nio-8080-exec-3] [INFO] - Request [获取当前登录用户权限] completed in 10 ms
[2026-09-18 11:23:49.331] [gas-forecast] [] [] [c.g.forecast.common.web.WebLogAspect] [http-nio-8080-exec-4] [INFO] - Request [获取当前登录用户权限] GET /gas-forecast/auth/permissions args={}
[2026-09-18 11:23:49.340] [gas-forecast] [] [] [c.g.forecast.common.web.WebLogAspect] [http-nio-8080-exec-4] [INFO] - Request [获取当前登录用户权限] completed in 9 ms
[2026-09-18 11:23:49.537] [gas-forecast] [] [] [c.g.forecast.common.web.WebLogAspect] [http-nio-8080-exec-5] [INFO] - Request [获取当前登录用户权限] GET /gas-forecast/auth/permissions args={}
[2026-09-18 11:23:49.546] [gas-forecast] [] [] [c.g.forecast.common.web.WebLogAspect] [http-nio-8080-exec-5] [INFO] - Request [获取当前登录用户权限] completed in 9 ms
[2026-09-18 11:23:51.941] [gas-forecast] [] [] [c.g.forecast.common.web.WebLogAspect] [http-nio-8080-exec-6] [INFO] - Request [模型列表查询] POST /gas-forecast/model-config/listPage args={reqDTO=ModelConfigPageReqDTO[page=1, size=10, keyword=null]}
[2026-09-18 11:23:51.983] [gas-forecast] [] [] [c.g.forecast.common.web.WebLogAspect] [http-nio-8080-exec-6] [INFO] - Request [模型列表查询] completed in 43 ms
[2026-09-18 11:23:54.322] [gas-forecast] [] [] [c.g.forecast.common.web.WebLogAspect] [http-nio-8080-exec-7] [INFO] - Request [特征定义列表查询] POST /gas-forecast/model-feature-definition/listPage args={reqDTO=ModelFeatureDefinitionPageReqDTO[page=1, size=10, keyword=null]}
[2026-09-18 11:23:54.328] [gas-forecast] [] [] [c.g.forecast.common.web.WebLogAspect] [http-nio-8080-exec-7] [INFO] - Request [特征定义列表查询] completed in 6 ms
[2026-09-18 11:23:59.665] [gas-forecast] [] [] [c.g.forecast.common.web.WebLogAspect] [http-nio-8080-exec-8] [INFO] - Request [获取当前登录用户权限] GET /gas-forecast/auth/permissions args={}
[2026-09-18 11:23:59.675] [gas-forecast] [] [] [c.g.forecast.common.web.WebLogAspect] [http-nio-8080-exec-8] [INFO] - Request [获取当前登录用户权限] completed in 10 ms
[2026-09-18 11:23:59.687] [gas-forecast] [] [] [c.g.forecast.common.web.WebLogAspect] [http-nio-8080-exec-9] [INFO] - Request [特征定义列表查询] POST /gas-forecast/model-feature-definition/listPage args={reqDTO=ModelFeatureDefinitionPageReqDTO[page=1, size=10, keyword=null]}
[2026-09-18 11:23:59.692] [gas-forecast] [] [] [c.g.forecast.common.web.WebLogAspect] [http-nio-8080-exec-9] [INFO] - Request [特征定义列表查询] completed in 5 ms
[2026-09-18 11:24:01.027] [gas-forecast] [] [] [c.g.forecast.common.web.WebLogAspect] [http-nio-8080-exec-10] [INFO] - Request [训练特征数据列表查询] POST /gas-forecast/model-train-feature-data/listPage args={reqDTO=ModelTrainFeatureDataPageReqDTO[page=1, size=10, keyword=null, timeGranularity=null, statDate=null, statDateStart=null, statDateEnd=null, tendayPart=null]}
[2026-09-18 11:24:01.068] [gas-forecast] [] [] [c.g.forecast.common.web.WebLogAspect] [http-nio-8080-exec-10] [INFO] - Request [训练特征数据列表查询] completed in 43 ms
[2026-09-18 11:24:30.036] [gas-forecast] [] [] [c.g.forecast.common.web.WebLogAspect] [http-nio-8080-exec-1] [INFO] - Request [训练特征数据列表查询] POST /gas-forecast/model-train-feature-data/listPage args={reqDTO=ModelTrainFeatureDataPageReqDTO[page=1, size=10, keyword=null, timeGranularity=DAY, statDate=null, statDateStart=null, statDateEnd=null, tendayPart=null]}
[2026-09-18 11:24:30.064] [gas-forecast] [] [] [c.g.forecast.common.web.WebLogAspect] [http-nio-8080-exec-1] [INFO] - Request [训练特征数据列表查询] completed in 28 ms
[2026-09-18 11:24:32.917] [gas-forecast] [] [] [c.g.forecast.common.web.WebLogAspect] [http-nio-8080-exec-2] [INFO] - Request [训练特征数据列表查询] POST /gas-forecast/model-train-feature-data/listPage args={reqDTO=ModelTrainFeatureDataPageReqDTO[page=1, size=10, keyword=null, timeGranularity=TENDAY, statDate=null, statDateStart=null, statDateEnd=null, tendayPart=null]}
[2026-09-18 11:24:32.945] [gas-forecast] [] [] [c.g.forecast.common.web.WebLogAspect] [http-nio-8080-exec-2] [INFO] - Request [训练特征数据列表查询] completed in 29 ms
[2026-09-18 11:24:37.671] [gas-forecast] [] [] [c.g.forecast.common.web.WebLogAspect] [http-nio-8080-exec-3] [INFO] - Request [训练特征数据列表查询] POST /gas-forecast/model-train-feature-data/listPage args={reqDTO=ModelTrainFeatureDataPageReqDTO[page=1, size=10, keyword=null, timeGranularity=YEAR, statDate=null, statDateStart=null, statDateEnd=null, tendayPart=null]}
[2026-09-18 11:24:37.683] [gas-forecast] [] [] [c.g.forecast.common.web.WebLogAspect] [http-nio-8080-exec-3] [INFO] - Request [训练特征数据列表查询] completed in 12 ms
[2026-09-18 11:24:39.905] [gas-forecast] [] [] [c.g.forecast.common.web.WebLogAspect] [http-nio-8080-exec-4] [INFO] - Request [训练特征数据列表查询] POST /gas-forecast/model-train-feature-data/listPage args={reqDTO=ModelTrainFeatureDataPageReqDTO[page=1, size=10, keyword=null, timeGranularity=DAY, statDate=null, statDateStart=null, statDateEnd=null, tendayPart=null]}
[2026-09-18 11:24:39.918] [gas-forecast] [] [] [c.g.forecast.common.web.WebLogAspect] [http-nio-8080-exec-4] [INFO] - Request [训练特征数据列表查询] completed in 13 ms
[2026-09-18 11:24:41.302] [gas-forecast] [] [] [c.g.forecast.common.web.WebLogAspect] [http-nio-8080-exec-5] [INFO] - Request [训练特征数据列表查询] POST /gas-forecast/model-train-feature-data/listPage args={reqDTO=ModelTrainFeatureDataPageReqDTO[page=1, size=10, keyword=null, timeGranularity=TENDAY, statDate=null, statDateStart=null, statDateEnd=null, tendayPart=null]}
[2026-09-18 11:24:41.331] [gas-forecast] [] [] [c.g.forecast.common.web.WebLogAspect] [http-nio-8080-exec-5] [INFO] - Request [训练特征数据列表查询] completed in 29 ms
[2026-09-18 11:26:41.864] [gas-forecast] [] [] [c.g.forecast.common.web.WebLogAspect] [http-nio-8080-exec-6] [INFO] - Request [训练特征数据列表查询] POST /gas-forecast/model-train-feature-data/listPage args={reqDTO=ModelTrainFeatureDataPageReqDTO[page=1, size=10, keyword=null, timeGranularity=null, statDate=null, statDateStart=null, statDateEnd=null, tendayPart=null]}
[2026-09-18 11:26:41.907] [gas-forecast] [] [] [c.g.forecast.common.web.WebLogAspect] [http-nio-8080-exec-6] [INFO] - Request [训练特征数据列表查询] completed in 43 ms
[2026-09-18 11:27:52.300] [gas-forecast] [] [] [o.h.validator.internal.util.Version] [background-preinit] [INFO] - HV000001: Hibernate Validator 8.0.1.Final
[2026-09-18 11:27:52.310] [gas-forecast] [] [] [c.g.f.GasForecastStartupApplication] [main] [INFO] - Starting GasForecastStartupApplication using Java 21.0.11 with PID 70505 (/Users/zoujun/work/workspace/shiyou/gas-forecast/gas-forecast-startup/target/classes started by zoujun in /Users/zoujun/work/workspace/shiyou/gas-forecast)
[2026-09-18 11:27:52.310] [gas-forecast] [] [] [c.g.f.GasForecastStartupApplication] [main] [INFO] - The following 1 profile is active: "dev"
[2026-09-18 11:27:52.583] [gas-forecast] [] [] [o.s.d.r.c.RepositoryConfigurationDelegate] [main] [INFO] - Multiple Spring Data modules found, entering strict repository configuration mode
[2026-09-18 11:27:52.584] [gas-forecast] [] [] [o.s.d.r.c.RepositoryConfigurationDelegate] [main] [INFO] - Bootstrapping Spring Data Redis repositories in DEFAULT mode.
[2026-09-18 11:27:52.601] [gas-forecast] [] [] [o.s.d.r.c.RepositoryConfigurationDelegate] [main] [INFO] - Finished Spring Data repository scanning in 11 ms. Found 0 Redis repository interfaces.
[2026-09-18 11:27:52.892] [gas-forecast] [] [] [o.s.b.w.e.tomcat.TomcatWebServer] [main] [INFO] - Tomcat initialized with port 8080 (http)
[2026-09-18 11:27:52.897] [gas-forecast] [] [] [o.a.coyote.http11.Http11NioProtocol] [main] [INFO] - Initializing ProtocolHandler ["http-nio-8080"]
[2026-09-18 11:27:52.897] [gas-forecast] [] [] [o.a.catalina.core.StandardService] [main] [INFO] - Starting service [Tomcat]
[2026-09-18 11:27:52.897] [gas-forecast] [] [] [o.a.catalina.core.StandardEngine] [main] [INFO] - Starting Servlet engine: [Apache Tomcat/10.1.20]
[2026-09-18 11:27:52.917] [gas-forecast] [] [] [o.a.c.c.C.[.[.[/gas-forecast]] [main] [INFO] - Initializing Spring embedded WebApplicationContext
[2026-09-18 11:27:52.918] [gas-forecast] [] [] [o.s.b.w.s.c.ServletWebServerApplicationContext] [main] [INFO] - Root WebApplicationContext: initialization completed in 592 ms
[2026-09-18 11:27:53.610] [gas-forecast] [] [] [o.a.coyote.http11.Http11NioProtocol] [main] [INFO] - Starting ProtocolHandler ["http-nio-8080"]
[2026-09-18 11:27:53.617] [gas-forecast] [] [] [o.s.b.w.e.tomcat.TomcatWebServer] [main] [INFO] - Tomcat started on port 8080 (http) with context path '/gas-forecast'
[2026-09-18 11:27:53.621] [gas-forecast] [] [] [c.g.f.GasForecastStartupApplication] [main] [INFO] - Started GasForecastStartupApplication in 1.5 seconds (process running for 1.76)
[2026-09-18 11:27:55.905] [gas-forecast] [] [] [o.a.c.c.C.[.[.[/gas-forecast]] [http-nio-8080-exec-1] [INFO] - Initializing Spring DispatcherServlet 'dispatcherServlet'
[2026-09-18 11:27:55.905] [gas-forecast] [] [] [o.s.web.servlet.DispatcherServlet] [http-nio-8080-exec-1] [INFO] - Initializing Servlet 'dispatcherServlet'
[2026-09-18 11:27:55.906] [gas-forecast] [] [] [o.s.web.servlet.DispatcherServlet] [http-nio-8080-exec-1] [INFO] - Completed initialization in 1 ms
[2026-09-18 11:27:56.011] [gas-forecast] [] [] [c.g.forecast.common.web.WebLogAspect] [http-nio-8080-exec-2] [INFO] - Request [训练特征数据列表查询] POST /gas-forecast/model-train-feature-data/listPage args={reqDTO=ModelTrainFeatureDataPageReqDTO[page=1, size=10, keyword=null, timeGranularity=null, statDate=null, statDateStart=null, statDateEnd=null]}
[2026-09-18 11:27:56.079] [gas-forecast] [] [] [com.zaxxer.hikari.HikariDataSource] [http-nio-8080-exec-2] [INFO] - HikariPool-1 - Starting...
[2026-09-18 11:27:56.100] [gas-forecast] [] [] [c.g.forecast.common.web.WebLogAspect] [http-nio-8080-exec-1] [INFO] - Request [获取当前登录用户权限] GET /gas-forecast/auth/permissions args={}
[2026-09-18 11:27:56.157] [gas-forecast] [] [] [com.zaxxer.hikari.pool.HikariPool] [http-nio-8080-exec-2] [INFO] - HikariPool-1 - Added connection com.mysql.cj.jdbc.ConnectionImpl@364e5caa
[2026-09-18 11:27:56.158] [gas-forecast] [] [] [com.zaxxer.hikari.HikariDataSource] [http-nio-8080-exec-2] [INFO] - HikariPool-1 - Start completed.
[2026-09-18 11:27:56.194] [gas-forecast] [] [] [c.g.forecast.common.web.WebLogAspect] [http-nio-8080-exec-1] [INFO] - Request [获取当前登录用户权限] completed in 94 ms
[2026-09-18 11:27:56.204] [gas-forecast] [] [] [c.g.forecast.common.web.WebLogAspect] [http-nio-8080-exec-2] [INFO] - Request [训练特征数据列表查询] completed in 194 ms
[2026-09-18 11:27:56.729] [gas-forecast] [] [] [c.g.forecast.common.web.WebLogAspect] [http-nio-8080-exec-3] [INFO] - Request [获取当前登录用户权限] GET /gas-forecast/auth/permissions args={}
[2026-09-18 11:27:56.736] [gas-forecast] [] [] [c.g.forecast.common.web.WebLogAspect] [http-nio-8080-exec-3] [INFO] - Request [获取当前登录用户权限] completed in 7 ms
[2026-09-18 11:27:56.787] [gas-forecast] [] [] [c.g.forecast.common.web.WebLogAspect] [http-nio-8080-exec-4] [INFO] - Request [训练特征数据列表查询] POST /gas-forecast/model-train-feature-data/listPage args={reqDTO=ModelTrainFeatureDataPageReqDTO[page=1, size=10, keyword=null, timeGranularity=null, statDate=null, statDateStart=null, statDateEnd=null]}
[2026-09-18 11:27:56.815] [gas-forecast] [] [] [c.g.forecast.common.web.WebLogAspect] [http-nio-8080-exec-4] [INFO] - Request [训练特征数据列表查询] completed in 29 ms
[2026-09-18 11:27:57.709] [gas-forecast] [] [] [c.g.forecast.common.web.WebLogAspect] [http-nio-8080-exec-5] [INFO] - Request [特征定义列表查询] POST /gas-forecast/model-feature-definition/listPage args={reqDTO=ModelFeatureDefinitionPageReqDTO[page=1, size=10, keyword=null]}
[2026-09-18 11:27:57.717] [gas-forecast] [] [] [c.g.forecast.common.web.WebLogAspect] [http-nio-8080-exec-5] [INFO] - Request [特征定义列表查询] completed in 8 ms
[2026-09-18 11:29:28.104] [gas-forecast] [] [] [c.g.forecast.common.web.WebLogAspect] [http-nio-8080-exec-6] [INFO] - Request [特征定义列表查询] POST /gas-forecast/model-feature-definition/listPage args={reqDTO=ModelFeatureDefinitionPageReqDTO[page=1, size=10, keyword=null]}
[2026-09-18 11:29:28.129] [gas-forecast] [] [] [c.g.forecast.common.web.WebLogAspect] [http-nio-8080-exec-6] [INFO] - Request [特征定义列表查询] completed in 25 ms
[2026-09-18 11:49:54.350] [gas-forecast] [] [] [c.g.forecast.common.web.WebLogAspect] [http-nio-8080-exec-7] [INFO] - Request [获取当前登录用户权限] GET /gas-forecast/auth/permissions args={}
[2026-09-18 11:49:54.376] [gas-forecast] [] [] [c.g.forecast.common.web.WebLogAspect] [http-nio-8080-exec-7] [INFO] - Request [获取当前登录用户权限] completed in 26 ms
[2026-09-18 11:49:54.427] [gas-forecast] [] [] [c.g.forecast.common.web.WebLogAspect] [http-nio-8080-exec-8] [INFO] - Request [特征定义列表查询] POST /gas-forecast/model-feature-definition/listPage args={reqDTO=ModelFeatureDefinitionPageReqDTO[page=1, size=10, keyword=null]}
[2026-09-18 11:49:54.432] [gas-forecast] [] [] [c.g.forecast.common.web.WebLogAspect] [http-nio-8080-exec-8] [INFO] - Request [特征定义列表查询] completed in 5 ms
[2026-09-18 12:15:01.725] [gas-forecast] [] [] [com.zaxxer.hikari.HikariDataSource] [SpringApplicationShutdownHook] [INFO] - HikariPool-1 - Shutdown initiated...
[2026-09-18 12:15:01.728] [gas-forecast] [] [] [com.zaxxer.hikari.HikariDataSource] [SpringApplicationShutdownHook] [INFO] - HikariPool-1 - Shutdown completed.
[2026-09-18 12:15:03.671] [gas-forecast] [] [] [o.h.validator.internal.util.Version] [background-preinit] [INFO] - HV000001: Hibernate Validator 8.0.1.Final
[2026-09-18 12:15:03.685] [gas-forecast] [] [] [c.g.f.GasForecastStartupApplication] [main] [INFO] - Starting GasForecastStartupApplication using Java 21.0.11 with PID 77707 (/Users/zoujun/work/workspace/shiyou/gas-forecast/gas-forecast-startup/target/classes started by zoujun in /Users/zoujun/work/workspace/shiyou/gas-forecast)
[2026-09-18 12:15:03.685] [gas-forecast] [] [] [c.g.f.GasForecastStartupApplication] [main] [INFO] - The following 1 profile is active: "dev"
[2026-09-18 12:15:04.072] [gas-forecast] [] [] [o.s.d.r.c.RepositoryConfigurationDelegate] [main] [INFO] - Multiple Spring Data modules found, entering strict repository configuration mode
[2026-09-18 12:15:04.074] [gas-forecast] [] [] [o.s.d.r.c.RepositoryConfigurationDelegate] [main] [INFO] - Bootstrapping Spring Data Redis repositories in DEFAULT mode.
[2026-09-18 12:15:04.101] [gas-forecast] [] [] [o.s.d.r.c.RepositoryConfigurationDelegate] [main] [INFO] - Finished Spring Data repository scanning in 17 ms. Found 0 Redis repository interfaces.
[2026-09-18 12:15:04.554] [gas-forecast] [] [] [o.s.b.w.e.tomcat.TomcatWebServer] [main] [INFO] - Tomcat initialized with port 8080 (http)
[2026-09-18 12:15:04.561] [gas-forecast] [] [] [o.a.coyote.http11.Http11NioProtocol] [main] [INFO] - Initializing ProtocolHandler ["http-nio-8080"]
[2026-09-18 12:15:04.562] [gas-forecast] [] [] [o.a.catalina.core.StandardService] [main] [INFO] - Starting service [Tomcat]
[2026-09-18 12:15:04.562] [gas-forecast] [] [] [o.a.catalina.core.StandardEngine] [main] [INFO] - Starting Servlet engine: [Apache Tomcat/10.1.20]
[2026-09-18 12:15:04.595] [gas-forecast] [] [] [o.a.c.c.C.[.[.[/gas-forecast]] [main] [INFO] - Initializing Spring embedded WebApplicationContext
[2026-09-18 12:15:04.595] [gas-forecast] [] [] [o.s.b.w.s.c.ServletWebServerApplicationContext] [main] [INFO] - Root WebApplicationContext: initialization completed in 894 ms
[2026-09-18 12:15:05.673] [gas-forecast] [] [] [o.a.coyote.http11.Http11NioProtocol] [main] [INFO] - Starting ProtocolHandler ["http-nio-8080"]
[2026-09-18 12:15:05.683] [gas-forecast] [] [] [o.s.b.w.e.tomcat.TomcatWebServer] [main] [INFO] - Tomcat started on port 8080 (http) with context path '/gas-forecast'
[2026-09-18 12:15:05.687] [gas-forecast] [] [] [c.g.f.GasForecastStartupApplication] [main] [INFO] - Started GasForecastStartupApplication in 2.262 seconds (process running for 2.617)
[2026-09-18 12:15:12.453] [gas-forecast] [] [] [o.a.c.c.C.[.[.[/gas-forecast]] [http-nio-8080-exec-1] [INFO] - Initializing Spring DispatcherServlet 'dispatcherServlet'
[2026-09-18 12:15:12.453] [gas-forecast] [] [] [o.s.web.servlet.DispatcherServlet] [http-nio-8080-exec-1] [INFO] - Initializing Servlet 'dispatcherServlet'
[2026-09-18 12:15:12.454] [gas-forecast] [] [] [o.s.web.servlet.DispatcherServlet] [http-nio-8080-exec-1] [INFO] - Completed initialization in 1 ms
[2026-09-18 12:15:12.542] [gas-forecast] [] [] [c.g.forecast.common.web.WebLogAspect] [http-nio-8080-exec-2] [INFO] - Request [特征定义列表查询] POST /gas-forecast/model-feature-definition/listPage args={reqDTO=ModelFeatureDefinitionPageReqDTO[page=1, size=10, keyword=null, timeGranularity=null]}
[2026-09-18 12:15:12.602] [gas-forecast] [] [] [com.zaxxer.hikari.HikariDataSource] [http-nio-8080-exec-2] [INFO] - HikariPool-1 - Starting...
[2026-09-18 12:15:12.640] [gas-forecast] [] [] [c.g.forecast.common.web.WebLogAspect] [http-nio-8080-exec-1] [INFO] - Request [获取当前登录用户权限] GET /gas-forecast/auth/permissions args={}
[2026-09-18 12:15:12.674] [gas-forecast] [] [] [com.zaxxer.hikari.pool.HikariPool] [http-nio-8080-exec-2] [INFO] - HikariPool-1 - Added connection com.mysql.cj.jdbc.ConnectionImpl@392e374c
[2026-09-18 12:15:12.675] [gas-forecast] [] [] [com.zaxxer.hikari.HikariDataSource] [http-nio-8080-exec-2] [INFO] - HikariPool-1 - Start completed.
[2026-09-18 12:15:12.709] [gas-forecast] [] [] [c.g.forecast.common.web.WebLogAspect] [http-nio-8080-exec-2] [INFO] - Request [特征定义列表查询] completed in 169 ms
[2026-09-18 12:15:12.716] [gas-forecast] [] [] [c.g.forecast.common.web.WebLogAspect] [http-nio-8080-exec-1] [INFO] - Request [获取当前登录用户权限] completed in 76 ms
[2026-09-18 12:15:13.131] [gas-forecast] [] [] [c.g.forecast.common.web.WebLogAspect] [http-nio-8080-exec-3] [INFO] - Request [获取当前登录用户权限] GET /gas-forecast/auth/permissions args={}
[2026-09-18 12:15:13.138] [gas-forecast] [] [] [c.g.forecast.common.web.WebLogAspect] [http-nio-8080-exec-3] [INFO] - Request [获取当前登录用户权限] completed in 7 ms
[2026-09-18 12:15:13.185] [gas-forecast] [] [] [c.g.forecast.common.web.WebLogAspect] [http-nio-8080-exec-4] [INFO] - Request [特征定义列表查询] POST /gas-forecast/model-feature-definition/listPage args={reqDTO=ModelFeatureDefinitionPageReqDTO[page=1, size=10, keyword=null, timeGranularity=null]}
[2026-09-18 12:15:13.190] [gas-forecast] [] [] [c.g.forecast.common.web.WebLogAspect] [http-nio-8080-exec-4] [INFO] - Request [特征定义列表查询] completed in 5 ms
[2026-09-18 12:15:13.760] [gas-forecast] [] [] [c.g.forecast.common.web.WebLogAspect] [http-nio-8080-exec-5] [INFO] - Request [获取当前登录用户权限] GET /gas-forecast/auth/permissions args={}
[2026-09-18 12:15:13.771] [gas-forecast] [] [] [c.g.forecast.common.web.WebLogAspect] [http-nio-8080-exec-5] [INFO] - Request [获取当前登录用户权限] completed in 11 ms
[2026-09-18 12:15:13.827] [gas-forecast] [] [] [c.g.forecast.common.web.WebLogAspect] [http-nio-8080-exec-6] [INFO] - Request [特征定义列表查询] POST /gas-forecast/model-feature-definition/listPage args={reqDTO=ModelFeatureDefinitionPageReqDTO[page=1, size=10, keyword=null, timeGranularity=null]}
[2026-09-18 12:15:13.839] [gas-forecast] [] [] [c.g.forecast.common.web.WebLogAspect] [http-nio-8080-exec-6] [INFO] - Request [特征定义列表查询] completed in 13 ms
[2026-09-18 12:15:14.651] [gas-forecast] [] [] [c.g.forecast.common.web.WebLogAspect] [http-nio-8080-exec-7] [INFO] - Request [训练特征数据列表查询] POST /gas-forecast/model-train-feature-data/listPage args={reqDTO=ModelTrainFeatureDataPageReqDTO[page=1, size=10, keyword=null, timeGranularity=null, statDate=null, statDateStart=null, statDateEnd=null]}
[2026-09-18 12:15:14.690] [gas-forecast] [] [] [c.g.forecast.common.web.WebLogAspect] [http-nio-8080-exec-7] [INFO] - Request [训练特征数据列表查询] completed in 40 ms
[2026-09-18 12:15:15.550] [gas-forecast] [] [] [c.g.forecast.common.web.WebLogAspect] [http-nio-8080-exec-8] [INFO] - Request [模型列表查询] POST /gas-forecast/model-config/listPage args={reqDTO=ModelConfigPageReqDTO[page=1, size=10, keyword=null]}
[2026-09-18 12:15:15.570] [gas-forecast] [] [] [c.g.forecast.common.web.WebLogAspect] [http-nio-8080-exec-8] [INFO] - Request [模型列表查询] completed in 21 ms
[2026-09-18 12:15:23.545] [gas-forecast] [] [] [c.g.forecast.common.web.WebLogAspect] [http-nio-8080-exec-1] [INFO] - Request [行业列表查询] POST /gas-forecast/base-industry/listPage args={reqDTO=BaseIndustryPageReqDTO[page=1, size=10, keyword=null]}
[2026-09-18 12:15:23.549] [gas-forecast] [] [] [c.g.forecast.common.web.WebLogAspect] [http-nio-8080-exec-1] [INFO] - Request [行业列表查询] completed in 5 ms
[2026-09-18 12:15:28.125] [gas-forecast] [] [] [c.g.forecast.common.web.WebLogAspect] [http-nio-8080-exec-2] [INFO] - Request [特征定义列表查询] POST /gas-forecast/model-feature-definition/listPage args={reqDTO=ModelFeatureDefinitionPageReqDTO[page=1, size=10, keyword=null, timeGranularity=null]}
[2026-09-18 12:15:28.132] [gas-forecast] [] [] [c.g.forecast.common.web.WebLogAspect] [http-nio-8080-exec-2] [INFO] - Request [特征定义列表查询] completed in 7 ms
[2026-09-18 12:15:33.735] [gas-forecast] [] [] [c.g.forecast.common.web.WebLogAspect] [http-nio-8080-exec-3] [INFO] - Request [特征定义列表查询] POST /gas-forecast/model-feature-definition/listPage args={reqDTO=ModelFeatureDefinitionPageReqDTO[page=1, size=10, keyword=null, timeGranularity=DAY]}
[2026-09-18 12:15:33.743] [gas-forecast] [] [] [c.g.forecast.common.web.WebLogAspect] [http-nio-8080-exec-3] [INFO] - Request [特征定义列表查询] completed in 8 ms
[2026-09-18 12:15:35.897] [gas-forecast] [] [] [c.g.forecast.common.web.WebLogAspect] [http-nio-8080-exec-4] [INFO] - Request [特征定义列表查询] POST /gas-forecast/model-feature-definition/listPage args={reqDTO=ModelFeatureDefinitionPageReqDTO[page=1, size=10, keyword=null, timeGranularity=TENDAY]}
[2026-09-18 12:15:35.900] [gas-forecast] [] [] [c.g.forecast.common.web.WebLogAspect] [http-nio-8080-exec-4] [INFO] - Request [特征定义列表查询] completed in 3 ms
[2026-09-18 12:26:41.862] [gas-forecast] [] [] [c.g.forecast.common.web.WebLogAspect] [http-nio-8080-exec-5] [INFO] - Request [获取当前登录用户权限] GET /gas-forecast/auth/permissions args={}
[2026-09-18 12:26:41.874] [gas-forecast] [] [] [c.g.forecast.common.web.WebLogAspect] [http-nio-8080-exec-5] [INFO] - Request [获取当前登录用户权限] completed in 12 ms
[2026-09-18 12:26:41.896] [gas-forecast] [] [] [c.g.forecast.common.web.WebLogAspect] [http-nio-8080-exec-6] [INFO] - Request [特征定义列表查询] POST /gas-forecast/model-feature-definition/listPage args={reqDTO=ModelFeatureDefinitionPageReqDTO[page=1, size=10, keyword=null, timeGranularity=null]}
[2026-09-18 12:26:41.901] [gas-forecast] [] [] [c.g.forecast.common.web.WebLogAspect] [http-nio-8080-exec-6] [INFO] - Request [特征定义列表查询] completed in 5 ms
[2026-09-18 12:26:43.301] [gas-forecast] [] [] [c.g.forecast.common.web.WebLogAspect] [http-nio-8080-exec-7] [INFO] - Request [训练特征数据列表查询] POST /gas-forecast/model-train-feature-data/listPage args={reqDTO=ModelTrainFeatureDataPageReqDTO[page=1, size=10, keyword=null, timeGranularity=null, statDate=null, statDateStart=null, statDateEnd=null]}
[2026-09-18 12:26:43.347] [gas-forecast] [] [] [c.g.forecast.common.web.WebLogAspect] [http-nio-8080-exec-7] [INFO] - Request [训练特征数据列表查询] completed in 46 ms
[2026-09-18 12:26:45.301] [gas-forecast] [] [] [c.g.forecast.common.web.WebLogAspect] [http-nio-8080-exec-8] [INFO] - Request [训练特征数据列表查询] POST /gas-forecast/model-train-feature-data/listPage args={reqDTO=ModelTrainFeatureDataPageReqDTO[page=569, size=10, keyword=null, timeGranularity=null, statDate=null, statDateStart=null, statDateEnd=null]}
[2026-09-18 12:26:45.357] [gas-forecast] [] [] [c.g.forecast.common.web.WebLogAspect] [http-nio-8080-exec-8] [INFO] - Request [训练特征数据列表查询] completed in 56 ms
[2026-09-18 12:26:47.693] [gas-forecast] [] [] [c.g.forecast.common.web.WebLogAspect] [http-nio-8080-exec-9] [INFO] - Request [训练特征数据列表查询] POST /gas-forecast/model-train-feature-data/listPage args={reqDTO=ModelTrainFeatureDataPageReqDTO[page=1, size=50, keyword=null, timeGranularity=null, statDate=null, statDateStart=null, statDateEnd=null]}
[2026-09-18 12:26:47.748] [gas-forecast] [] [] [c.g.forecast.common.web.WebLogAspect] [http-nio-8080-exec-9] [INFO] - Request [训练特征数据列表查询] completed in 55 ms
[2026-09-18 12:26:51.097] [gas-forecast] [] [] [c.g.forecast.common.web.WebLogAspect] [http-nio-8080-exec-10] [INFO] - Request [训练特征数据列表查询] POST /gas-forecast/model-train-feature-data/listPage args={reqDTO=ModelTrainFeatureDataPageReqDTO[page=1, size=50, keyword=null, timeGranularity=DAY, statDate=null, statDateStart=null, statDateEnd=null]}
[2026-09-18 12:26:51.150] [gas-forecast] [] [] [c.g.forecast.common.web.WebLogAspect] [http-nio-8080-exec-10] [INFO] - Request [训练特征数据列表查询] completed in 53 ms
[2026-09-18 12:26:51.931] [gas-forecast] [] [] [c.g.forecast.common.web.WebLogAspect] [http-nio-8080-exec-1] [INFO] - Request [训练特征数据列表查询] POST /gas-forecast/model-train-feature-data/listPage args={reqDTO=ModelTrainFeatureDataPageReqDTO[page=1, size=50, keyword=null, timeGranularity=DAY, statDate=null, statDateStart=null, statDateEnd=null]}
[2026-09-18 12:26:51.988] [gas-forecast] [] [] [c.g.forecast.common.web.WebLogAspect] [http-nio-8080-exec-1] [INFO] - Request [训练特征数据列表查询] completed in 57 ms
[2026-09-18 13:16:03.836] [gas-forecast] [] [] [c.g.forecast.common.web.WebLogAspect] [http-nio-8080-exec-2] [INFO] - Request [训练特征数据列表查询] POST /gas-forecast/model-train-feature-data/listPage args={reqDTO=ModelTrainFeatureDataPageReqDTO[page=1, size=50, keyword=null, timeGranularity=DAY, statDate=null, statDateStart=null, statDateEnd=null]}
[2026-09-18 13:16:03.895] [gas-forecast] [] [] [c.g.forecast.common.web.WebLogAspect] [http-nio-8080-exec-2] [INFO] - Request [训练特征数据列表查询] completed in 59 ms
[2026-09-18 13:20:37.085] [gas-forecast] [] [] [c.g.forecast.common.web.WebLogAspect] [http-nio-8080-exec-3] [INFO] - Request [训练特征数据列表查询] POST /gas-forecast/model-train-feature-data/listPage args={reqDTO=ModelTrainFeatureDataPageReqDTO[page=1, size=10, keyword=null, timeGranularity=null, statDate=null, statDateStart=null, statDateEnd=null]}
[2026-09-18 13:20:37.142] [gas-forecast] [] [] [c.g.forecast.common.web.WebLogAspect] [http-nio-8080-exec-3] [INFO] - Request [训练特征数据列表查询] completed in 57 ms
[2026-09-18 13:21:16.043] [gas-forecast] [] [] [c.g.forecast.common.web.WebLogAspect] [http-nio-8080-exec-4] [INFO] - Request [训练特征数据列表查询] POST /gas-forecast/model-train-feature-data/listPage args={reqDTO=ModelTrainFeatureDataPageReqDTO[page=1, size=10, keyword=null, timeGranularity=null, statDate=null, statDateStart=null, statDateEnd=null]}
[2026-09-18 13:21:16.093] [gas-forecast] [] [] [c.g.forecast.common.web.WebLogAspect] [http-nio-8080-exec-4] [INFO] - Request [训练特征数据列表查询] completed in 50 ms
[2026-09-18 13:21:34.655] [gas-forecast] [] [] [c.g.forecast.common.web.WebLogAspect] [http-nio-8080-exec-5] [INFO] - Request [训练特征数据列表查询] POST /gas-forecast/model-train-feature-data/listPage args={reqDTO=ModelTrainFeatureDataPageReqDTO[page=1, size=10, keyword=null, timeGranularity=null, statDate=null, statDateStart=null, statDateEnd=null]}
[2026-09-18 13:21:34.712] [gas-forecast] [] [] [c.g.forecast.common.web.WebLogAspect] [http-nio-8080-exec-5] [INFO] - Request [训练特征数据列表查询] completed in 57 ms
[2026-09-18 13:21:53.235] [gas-forecast] [] [] [c.g.forecast.common.web.WebLogAspect] [http-nio-8080-exec-6] [INFO] - Request [训练特征数据列表查询] POST /gas-forecast/model-train-feature-data/listPage args={reqDTO=ModelTrainFeatureDataPageReqDTO[page=1, size=10, keyword=null, timeGranularity=null, statDate=null, statDateStart=null, statDateEnd=null]}
[2026-09-18 13:21:53.288] [gas-forecast] [] [] [c.g.forecast.common.web.WebLogAspect] [http-nio-8080-exec-6] [INFO] - Request [训练特征数据列表查询] completed in 53 ms
[2026-09-18 13:27:21.710] [gas-forecast] [] [] [com.zaxxer.hikari.HikariDataSource] [SpringApplicationShutdownHook] [INFO] - HikariPool-1 - Shutdown initiated...
[2026-09-18 13:27:21.711] [gas-forecast] [] [] [com.zaxxer.hikari.HikariDataSource] [SpringApplicationShutdownHook] [INFO] - HikariPool-1 - Shutdown completed.
[2026-09-18 13:27:23.406] [gas-forecast] [] [] [o.h.validator.internal.util.Version] [background-preinit] [INFO] - HV000001: Hibernate Validator 8.0.1.Final
[2026-09-18 13:27:23.416] [gas-forecast] [] [] [c.g.f.GasForecastStartupApplication] [main] [INFO] - Starting GasForecastStartupApplication using Java 21.0.11 with PID 98933 (/Users/zoujun/work/workspace/shiyou/gas-forecast/gas-forecast-startup/target/classes started by zoujun in /Users/zoujun/work/workspace/shiyou/gas-forecast)
[2026-09-18 13:27:23.416] [gas-forecast] [] [] [c.g.f.GasForecastStartupApplication] [main] [INFO] - The following 1 profile is active: "dev"
[2026-09-18 13:27:23.694] [gas-forecast] [] [] [o.s.d.r.c.RepositoryConfigurationDelegate] [main] [INFO] - Multiple Spring Data modules found, entering strict repository configuration mode
[2026-09-18 13:27:23.695] [gas-forecast] [] [] [o.s.d.r.c.RepositoryConfigurationDelegate] [main] [INFO] - Bootstrapping Spring Data Redis repositories in DEFAULT mode.
[2026-09-18 13:27:23.713] [gas-forecast] [] [] [o.s.d.r.c.RepositoryConfigurationDelegate] [main] [INFO] - Finished Spring Data repository scanning in 12 ms. Found 0 Redis repository interfaces.
[2026-09-18 13:27:23.995] [gas-forecast] [] [] [o.s.b.w.e.tomcat.TomcatWebServer] [main] [INFO] - Tomcat initialized with port 8080 (http)
[2026-09-18 13:27:23.999] [gas-forecast] [] [] [o.a.coyote.http11.Http11NioProtocol] [main] [INFO] - Initializing ProtocolHandler ["http-nio-8080"]
[2026-09-18 13:27:23.999] [gas-forecast] [] [] [o.a.catalina.core.StandardService] [main] [INFO] - Starting service [Tomcat]
[2026-09-18 13:27:23.999] [gas-forecast] [] [] [o.a.catalina.core.StandardEngine] [main] [INFO] - Starting Servlet engine: [Apache Tomcat/10.1.20]
[2026-09-18 13:27:24.017] [gas-forecast] [] [] [o.a.c.c.C.[.[.[/gas-forecast]] [main] [INFO] - Initializing Spring embedded WebApplicationContext
[2026-09-18 13:27:24.017] [gas-forecast] [] [] [o.s.b.w.s.c.ServletWebServerApplicationContext] [main] [INFO] - Root WebApplicationContext: initialization completed in 584 ms
[2026-09-18 13:27:24.751] [gas-forecast] [] [] [o.a.coyote.http11.Http11NioProtocol] [main] [INFO] - Starting ProtocolHandler ["http-nio-8080"]
[2026-09-18 13:27:24.758] [gas-forecast] [] [] [o.s.b.w.e.tomcat.TomcatWebServer] [main] [INFO] - Tomcat started on port 8080 (http) with context path '/gas-forecast'
[2026-09-18 13:27:24.762] [gas-forecast] [] [] [c.g.f.GasForecastStartupApplication] [main] [INFO] - Started GasForecastStartupApplication in 1.548 seconds (process running for 1.832)
[2026-09-18 13:27:28.601] [gas-forecast] [] [] [o.a.c.c.C.[.[.[/gas-forecast]] [http-nio-8080-exec-1] [INFO] - Initializing Spring DispatcherServlet 'dispatcherServlet'
[2026-09-18 13:27:28.601] [gas-forecast] [] [] [o.s.web.servlet.DispatcherServlet] [http-nio-8080-exec-1] [INFO] - Initializing Servlet 'dispatcherServlet'
[2026-09-18 13:27:28.602] [gas-forecast] [] [] [o.s.web.servlet.DispatcherServlet] [http-nio-8080-exec-1] [INFO] - Completed initialization in 1 ms
[2026-09-18 13:27:28.690] [gas-forecast] [] [] [c.g.forecast.common.web.WebLogAspect] [http-nio-8080-exec-2] [INFO] - Request [训练特征数据列表查询] POST /gas-forecast/model-train-feature-data/listPage args={reqDTO=ModelTrainFeatureDataPageReqDTO[page=1, size=10, keyword=null, timeGranularity=null, statDate=null, statDateStart=null, statDateEnd=null, sortField=null, sortOrder=null]}
[2026-09-18 13:27:28.754] [gas-forecast] [] [] [com.zaxxer.hikari.HikariDataSource] [http-nio-8080-exec-2] [INFO] - HikariPool-1 - Starting...
[2026-09-18 13:27:28.770] [gas-forecast] [] [] [c.g.forecast.common.web.WebLogAspect] [http-nio-8080-exec-1] [INFO] - Request [获取当前登录用户权限] GET /gas-forecast/auth/permissions args={}
[2026-09-18 13:27:28.825] [gas-forecast] [] [] [com.zaxxer.hikari.pool.HikariPool] [http-nio-8080-exec-2] [INFO] - HikariPool-1 - Added connection com.mysql.cj.jdbc.ConnectionImpl@3bb88b3a
[2026-09-18 13:27:28.826] [gas-forecast] [] [] [com.zaxxer.hikari.HikariDataSource] [http-nio-8080-exec-2] [INFO] - HikariPool-1 - Start completed.
[2026-09-18 13:27:28.865] [gas-forecast] [] [] [c.g.forecast.common.web.WebLogAspect] [http-nio-8080-exec-1] [INFO] - Request [获取当前登录用户权限] completed in 95 ms
[2026-09-18 13:27:28.876] [gas-forecast] [] [] [c.g.forecast.common.web.WebLogAspect] [http-nio-8080-exec-2] [INFO] - Request [训练特征数据列表查询] completed in 188 ms
[2026-09-18 13:29:40.596] [gas-forecast] [] [] [c.g.forecast.common.web.WebLogAspect] [http-nio-8080-exec-3] [INFO] - Request [训练特征数据列表查询] POST /gas-forecast/model-train-feature-data/listPage args={reqDTO=ModelTrainFeatureDataPageReqDTO[page=1, size=10, keyword=null, timeGranularity=null, statDate=null, statDateStart=null, statDateEnd=null, sortField=null, sortOrder=null]}
[2026-09-18 13:29:40.640] [gas-forecast] [] [] [c.g.forecast.common.web.WebLogAspect] [http-nio-8080-exec-3] [INFO] - Request [训练特征数据列表查询] completed in 44 ms
[2026-09-18 13:33:04.937] [gas-forecast] [] [] [c.g.forecast.common.web.WebLogAspect] [http-nio-8080-exec-4] [INFO] - Request [获取当前登录用户权限] GET /gas-forecast/auth/permissions args={}
[2026-09-18 13:33:04.957] [gas-forecast] [] [] [c.g.forecast.common.web.WebLogAspect] [http-nio-8080-exec-4] [INFO] - Request [获取当前登录用户权限] completed in 20 ms
[2026-09-18 13:33:04.980] [gas-forecast] [] [] [c.g.forecast.common.web.WebLogAspect] [http-nio-8080-exec-5] [INFO] - Request [训练特征数据列表查询] POST /gas-forecast/model-train-feature-data/listPage args={reqDTO=ModelTrainFeatureDataPageReqDTO[page=1, size=10, keyword=null, timeGranularity=null, statDate=null, statDateStart=null, statDateEnd=null, sortField=null, sortOrder=null]}
[2026-09-18 13:33:05.011] [gas-forecast] [] [] [c.g.forecast.common.web.WebLogAspect] [http-nio-8080-exec-5] [INFO] - Request [训练特征数据列表查询] completed in 31 ms
[2026-09-18 13:38:10.310] [gas-forecast] [] [] [c.g.forecast.common.web.WebLogAspect] [http-nio-8080-exec-6] [INFO] - Request [训练特征数据列表查询] POST /gas-forecast/model-train-feature-data/listPage args={reqDTO=ModelTrainFeatureDataPageReqDTO[page=1, size=10, keyword=null, timeGranularity=null, statDate=null, statDateStart=null, statDateEnd=null, sortField=null, sortOrder=null]}
[2026-09-18 13:38:10.346] [gas-forecast] [] [] [c.g.forecast.common.web.WebLogAspect] [http-nio-8080-exec-6] [INFO] - Request [训练特征数据列表查询] completed in 36 ms
[2026-09-18 13:39:25.617] [gas-forecast] [] [] [c.g.forecast.common.web.WebLogAspect] [http-nio-8080-exec-8] [INFO] - Request [训练特征数据列表查询] POST /gas-forecast/model-train-feature-data/listPage args={reqDTO=ModelTrainFeatureDataPageReqDTO[page=1, size=10, keyword=null, timeGranularity=null, statDate=null, statDateStart=null, statDateEnd=null, sortField=statDate, sortOrder=null]}
[2026-09-18 13:39:25.646] [gas-forecast] [] [] [c.g.forecast.common.web.WebLogAspect] [http-nio-8080-exec-8] [INFO] - Request [训练特征数据列表查询] completed in 30 ms
[2026-09-18 13:40:08.026] [gas-forecast] [] [] [com.zaxxer.hikari.HikariDataSource] [SpringApplicationShutdownHook] [INFO] - HikariPool-1 - Shutdown initiated...
[2026-09-18 13:40:08.028] [gas-forecast] [] [] [com.zaxxer.hikari.HikariDataSource] [SpringApplicationShutdownHook] [INFO] - HikariPool-1 - Shutdown completed.
[2026-09-18 13:40:09.976] [gas-forecast] [] [] [o.h.validator.internal.util.Version] [background-preinit] [INFO] - HV000001: Hibernate Validator 8.0.1.Final
[2026-09-18 13:40:09.991] [gas-forecast] [] [] [c.g.f.GasForecastStartupApplication] [main] [INFO] - Starting GasForecastStartupApplication using Java 21.0.11 with PID 3674 (/Users/zoujun/work/workspace/shiyou/gas-forecast/gas-forecast-startup/target/classes started by zoujun in /Users/zoujun/work/workspace/shiyou/gas-forecast)
[2026-09-18 13:40:09.992] [gas-forecast] [] [] [c.g.f.GasForecastStartupApplication] [main] [INFO] - The following 1 profile is active: "dev"
[2026-09-18 13:40:10.321] [gas-forecast] [] [] [o.s.d.r.c.RepositoryConfigurationDelegate] [main] [INFO] - Multiple Spring Data modules found, entering strict repository configuration mode
[2026-09-18 13:40:10.322] [gas-forecast] [] [] [o.s.d.r.c.RepositoryConfigurationDelegate] [main] [INFO] - Bootstrapping Spring Data Redis repositories in DEFAULT mode.
[2026-09-18 13:40:10.342] [gas-forecast] [] [] [o.s.d.r.c.RepositoryConfigurationDelegate] [main] [INFO] - Finished Spring Data repository scanning in 13 ms. Found 0 Redis repository interfaces.
[2026-09-18 13:40:10.728] [gas-forecast] [] [] [o.s.b.w.e.tomcat.TomcatWebServer] [main] [INFO] - Tomcat initialized with port 8080 (http)
[2026-09-18 13:40:10.733] [gas-forecast] [] [] [o.a.coyote.http11.Http11NioProtocol] [main] [INFO] - Initializing ProtocolHandler ["http-nio-8080"]
[2026-09-18 13:40:10.734] [gas-forecast] [] [] [o.a.catalina.core.StandardService] [main] [INFO] - Starting service [Tomcat]
[2026-09-18 13:40:10.735] [gas-forecast] [] [] [o.a.catalina.core.StandardEngine] [main] [INFO] - Starting Servlet engine: [Apache Tomcat/10.1.20]
[2026-09-18 13:40:10.763] [gas-forecast] [] [] [o.a.c.c.C.[.[.[/gas-forecast]] [main] [INFO] - Initializing Spring embedded WebApplicationContext
[2026-09-18 13:40:10.763] [gas-forecast] [] [] [o.s.b.w.s.c.ServletWebServerApplicationContext] [main] [INFO] - Root WebApplicationContext: initialization completed in 750 ms
[2026-09-18 13:40:11.599] [gas-forecast] [] [] [o.a.coyote.http11.Http11NioProtocol] [main] [INFO] - Starting ProtocolHandler ["http-nio-8080"]
[2026-09-18 13:40:11.608] [gas-forecast] [] [] [o.s.b.w.e.tomcat.TomcatWebServer] [main] [INFO] - Tomcat started on port 8080 (http) with context path '/gas-forecast'
[2026-09-18 13:40:11.613] [gas-forecast] [] [] [c.g.f.GasForecastStartupApplication] [main] [INFO] - Started GasForecastStartupApplication in 1.891 seconds (process running for 2.228)
[2026-09-18 13:40:14.802] [gas-forecast] [] [] [o.a.c.c.C.[.[.[/gas-forecast]] [http-nio-8080-exec-1] [INFO] - Initializing Spring DispatcherServlet 'dispatcherServlet'
[2026-09-18 13:40:14.802] [gas-forecast] [] [] [o.s.web.servlet.DispatcherServlet] [http-nio-8080-exec-1] [INFO] - Initializing Servlet 'dispatcherServlet'
[2026-09-18 13:40:14.803] [gas-forecast] [] [] [o.s.web.servlet.DispatcherServlet] [http-nio-8080-exec-1] [INFO] - Completed initialization in 1 ms
[2026-09-18 13:40:14.898] [gas-forecast] [] [] [c.g.forecast.common.web.WebLogAspect] [http-nio-8080-exec-2] [INFO] - Request [训练特征数据列表查询] POST /gas-forecast/model-train-feature-data/listPage args={reqDTO=ModelTrainFeatureDataPageReqDTO[page=1, size=10, keyword=null, timeGranularity=null, statDate=null, statDateStart=null, statDateEnd=null, sortField=null, sortOrder=null]}
[2026-09-18 13:40:14.984] [gas-forecast] [] [] [com.zaxxer.hikari.HikariDataSource] [http-nio-8080-exec-2] [INFO] - HikariPool-1 - Starting...
[2026-09-18 13:40:15.018] [gas-forecast] [] [] [c.g.forecast.common.web.WebLogAspect] [http-nio-8080-exec-1] [INFO] - Request [获取当前登录用户权限] GET /gas-forecast/auth/permissions args={}
[2026-09-18 13:40:15.068] [gas-forecast] [] [] [com.zaxxer.hikari.pool.HikariPool] [http-nio-8080-exec-2] [INFO] - HikariPool-1 - Added connection com.mysql.cj.jdbc.ConnectionImpl@fb5a0b3
[2026-09-18 13:40:15.069] [gas-forecast] [] [] [com.zaxxer.hikari.HikariDataSource] [http-nio-8080-exec-2] [INFO] - HikariPool-1 - Start completed.
[2026-09-18 13:40:15.116] [gas-forecast] [] [] [c.g.forecast.common.web.WebLogAspect] [http-nio-8080-exec-1] [INFO] - Request [获取当前登录用户权限] completed in 98 ms
[2026-09-18 13:40:15.137] [gas-forecast] [] [] [c.g.forecast.common.web.WebLogAspect] [http-nio-8080-exec-2] [INFO] - Request [训练特征数据列表查询] completed in 241 ms
[2026-09-18 13:40:15.658] [gas-forecast] [] [] [c.g.forecast.common.web.WebLogAspect] [http-nio-8080-exec-3] [INFO] - Request [获取当前登录用户权限] GET /gas-forecast/auth/permissions args={}
[2026-09-18 13:40:15.671] [gas-forecast] [] [] [c.g.forecast.common.web.WebLogAspect] [http-nio-8080-exec-3] [INFO] - Request [获取当前登录用户权限] completed in 13 ms
[2026-09-18 13:40:15.691] [gas-forecast] [] [] [c.g.forecast.common.web.WebLogAspect] [http-nio-8080-exec-4] [INFO] - Request [训练特征数据列表查询] POST /gas-forecast/model-train-feature-data/listPage args={reqDTO=ModelTrainFeatureDataPageReqDTO[page=1, size=10, keyword=null, timeGranularity=null, statDate=null, statDateStart=null, statDateEnd=null, sortField=null, sortOrder=null]}
[2026-09-18 13:40:15.730] [gas-forecast] [] [] [c.g.forecast.common.web.WebLogAspect] [http-nio-8080-exec-4] [INFO] - Request [训练特征数据列表查询] completed in 39 ms
[2026-09-18 13:40:45.760] [gas-forecast] [] [] [c.g.forecast.common.web.WebLogAspect] [http-nio-8080-exec-5] [INFO] - Request [训练特征数据列表查询] POST /gas-forecast/model-train-feature-data/listPage args={reqDTO=ModelTrainFeatureDataPageReqDTO[page=1, size=10, keyword=null, timeGranularity=DAY, statDate=null, statDateStart=null, statDateEnd=null, sortField=null, sortOrder=null]}
[2026-09-18 13:40:45.796] [gas-forecast] [] [] [c.g.forecast.common.web.WebLogAspect] [http-nio-8080-exec-5] [INFO] - Request [训练特征数据列表查询] completed in 36 ms
[2026-09-18 13:40:46.308] [gas-forecast] [] [] [c.g.forecast.common.web.WebLogAspect] [http-nio-8080-exec-6] [INFO] - Request [训练特征数据列表查询] POST /gas-forecast/model-train-feature-data/listPage args={reqDTO=ModelTrainFeatureDataPageReqDTO[page=1, size=10, keyword=null, timeGranularity=DAY, statDate=null, statDateStart=null, statDateEnd=null, sortField=null, sortOrder=null]}
[2026-09-18 13:40:46.335] [gas-forecast] [] [] [c.g.forecast.common.web.WebLogAspect] [http-nio-8080-exec-6] [INFO] - Request [训练特征数据列表查询] completed in 27 ms
[2026-09-18 13:41:13.997] [gas-forecast] [] [] [c.g.forecast.common.web.WebLogAspect] [http-nio-8080-exec-7] [INFO] - Request [特征定义列表查询] POST /gas-forecast/model-feature-definition/listPage args={reqDTO=ModelFeatureDefinitionPageReqDTO[page=1, size=10, keyword=null, timeGranularity=null]}
[2026-09-18 13:41:14.013] [gas-forecast] [] [] [c.g.forecast.common.web.WebLogAspect] [http-nio-8080-exec-7] [INFO] - Request [特征定义列表查询] completed in 17 ms
[2026-09-18 13:41:17.425] [gas-forecast] [] [] [c.g.forecast.common.web.WebLogAspect] [http-nio-8080-exec-8] [INFO] - Request [特征定义列表查询] POST /gas-forecast/model-feature-definition/listPage args={reqDTO=ModelFeatureDefinitionPageReqDTO[page=1, size=50, keyword=null, timeGranularity=null]}
[2026-09-18 13:41:17.430] [gas-forecast] [] [] [c.g.forecast.common.web.WebLogAspect] [http-nio-8080-exec-8] [INFO] - Request [特征定义列表查询] completed in 5 ms
[2026-09-18 13:51:46.529] [gas-forecast] [] [] [c.g.forecast.common.web.WebLogAspect] [http-nio-8080-exec-9] [INFO] - Request [训练特征数据列表查询] POST /gas-forecast/model-train-feature-data/listPage args={reqDTO=ModelTrainFeatureDataPageReqDTO[page=1, size=10, keyword=null, timeGranularity=null, statDate=null, statDateStart=null, statDateEnd=null, sortField=null, sortOrder=null]}
[2026-09-18 13:51:46.575] [gas-forecast] [] [] [c.g.forecast.common.web.WebLogAspect] [http-nio-8080-exec-9] [INFO] - Request [训练特征数据列表查询] completed in 46 ms
[2026-09-18 13:51:52.446] [gas-forecast] [] [] [c.g.forecast.common.web.WebLogAspect] [http-nio-8080-exec-10] [INFO] - Request [特征定义列表查询] POST /gas-forecast/model-feature-definition/listPage args={reqDTO=ModelFeatureDefinitionPageReqDTO[page=1, size=10, keyword=null, timeGranularity=null]}
[2026-09-18 13:51:52.450] [gas-forecast] [] [] [c.g.forecast.common.web.WebLogAspect] [http-nio-8080-exec-10] [INFO] - Request [特征定义列表查询] completed in 4 ms
[2026-09-18 13:51:54.330] [gas-forecast] [] [] [c.g.forecast.common.web.WebLogAspect] [http-nio-8080-exec-1] [INFO] - Request [训练特征数据列表查询] POST /gas-forecast/model-train-feature-data/listPage args={reqDTO=ModelTrainFeatureDataPageReqDTO[page=1, size=10, keyword=null, timeGranularity=null, statDate=null, statDateStart=null, statDateEnd=null, sortField=null, sortOrder=null]}
[2026-09-18 13:51:54.363] [gas-forecast] [] [] [c.g.forecast.common.web.WebLogAspect] [http-nio-8080-exec-1] [INFO] - Request [训练特征数据列表查询] completed in 33 ms
[2026-09-18 13:51:58.401] [gas-forecast] [] [] [c.g.forecast.common.web.WebLogAspect] [http-nio-8080-exec-2] [INFO] - Request [训练特征数据列表查询] POST /gas-forecast/model-train-feature-data/listPage args={reqDTO=ModelTrainFeatureDataPageReqDTO[page=1, size=10, keyword=null, timeGranularity=DAY, statDate=null, statDateStart=null, statDateEnd=null, sortField=null, sortOrder=null]}
[2026-09-18 13:51:58.427] [gas-forecast] [] [] [c.g.forecast.common.web.WebLogAspect] [http-nio-8080-exec-2] [INFO] - Request [训练特征数据列表查询] completed in 26 ms
[2026-09-18 13:51:59.219] [gas-forecast] [] [] [c.g.forecast.common.web.WebLogAspect] [http-nio-8080-exec-3] [INFO] - Request [训练特征数据列表查询] POST /gas-forecast/model-train-feature-data/listPage args={reqDTO=ModelTrainFeatureDataPageReqDTO[page=1, size=10, keyword=null, timeGranularity=DAY, statDate=null, statDateStart=null, statDateEnd=null, sortField=null, sortOrder=null]}
[2026-09-18 13:51:59.245] [gas-forecast] [] [] [c.g.forecast.common.web.WebLogAspect] [http-nio-8080-exec-3] [INFO] - Request [训练特征数据列表查询] completed in 26 ms
[2026-09-18 13:53:11.055] [gas-forecast] [] [] [c.g.forecast.common.web.WebLogAspect] [http-nio-8080-exec-5] [INFO] - Request [训练特征数据列表查询] POST /gas-forecast/model-train-feature-data/listPage args={reqDTO=ModelTrainFeatureDataPageReqDTO[page=1, size=10, keyword=null, timeGranularity=null, statDate=null, statDateStart=null, statDateEnd=null, sortField=null, sortOrder=null]}
[2026-09-18 13:53:11.095] [gas-forecast] [] [] [c.g.forecast.common.web.WebLogAspect] [http-nio-8080-exec-5] [INFO] - Request [训练特征数据列表查询] completed in 40 ms
[2026-09-18 13:53:43.845] [gas-forecast] [] [] [c.g.forecast.common.web.WebLogAspect] [http-nio-8080-exec-6] [INFO] - Request [获取当前登录用户权限] GET /gas-forecast/auth/permissions args={}
[2026-09-18 13:53:43.855] [gas-forecast] [] [] [c.g.forecast.common.web.WebLogAspect] [http-nio-8080-exec-6] [INFO] - Request [获取当前登录用户权限] completed in 10 ms
[2026-09-18 13:53:43.888] [gas-forecast] [] [] [c.g.forecast.common.web.WebLogAspect] [http-nio-8080-exec-7] [INFO] - Request [训练特征数据列表查询] POST /gas-forecast/model-train-feature-data/listPage args={reqDTO=ModelTrainFeatureDataPageReqDTO[page=1, size=10, keyword=null, timeGranularity=null, statDate=null, statDateStart=null, statDateEnd=null, sortField=null, sortOrder=null]}
[2026-09-18 13:53:43.918] [gas-forecast] [] [] [c.g.forecast.common.web.WebLogAspect] [http-nio-8080-exec-7] [INFO] - Request [训练特征数据列表查询] completed in 30 ms
[2026-09-18 13:53:46.636] [gas-forecast] [] [] [c.g.forecast.common.web.WebLogAspect] [http-nio-8080-exec-8] [INFO] - Request [训练特征数据列表查询] POST /gas-forecast/model-train-feature-data/listPage args={reqDTO=ModelTrainFeatureDataPageReqDTO[page=1, size=10, keyword=null, timeGranularity=DAY, statDate=null, statDateStart=null, statDateEnd=null, sortField=null, sortOrder=null]}
[2026-09-18 13:53:46.671] [gas-forecast] [] [] [c.g.forecast.common.web.WebLogAspect] [http-nio-8080-exec-8] [INFO] - Request [训练特征数据列表查询] completed in 35 ms
[2026-09-18 13:53:50.296] [gas-forecast] [] [] [c.g.forecast.common.web.WebLogAspect] [http-nio-8080-exec-9] [INFO] - Request [训练特征数据列表查询] POST /gas-forecast/model-train-feature-data/listPage args={reqDTO=ModelTrainFeatureDataPageReqDTO[page=1, size=10, keyword=null, timeGranularity=DAY, statDate=null, statDateStart=null, statDateEnd=null, sortField=statDate, sortOrder=asc]}
[2026-09-18 13:53:50.354] [gas-forecast] [] [] [c.g.forecast.common.web.WebLogAspect] [http-nio-8080-exec-9] [INFO] - Request [训练特征数据列表查询] completed in 58 ms
[2026-09-18 13:53:51.082] [gas-forecast] [] [] [c.g.forecast.common.web.WebLogAspect] [http-nio-8080-exec-10] [INFO] - Request [训练特征数据列表查询] POST /gas-forecast/model-train-feature-data/listPage args={reqDTO=ModelTrainFeatureDataPageReqDTO[page=1, size=10, keyword=null, timeGranularity=DAY, statDate=null, statDateStart=null, statDateEnd=null, sortField=statDate, sortOrder=desc]}
[2026-09-18 13:53:51.115] [gas-forecast] [] [] [c.g.forecast.common.web.WebLogAspect] [http-nio-8080-exec-10] [INFO] - Request [训练特征数据列表查询] completed in 33 ms
[2026-09-18 13:53:51.636] [gas-forecast] [] [] [c.g.forecast.common.web.WebLogAspect] [http-nio-8080-exec-1] [INFO] - Request [训练特征数据列表查询] POST /gas-forecast/model-train-feature-data/listPage args={reqDTO=ModelTrainFeatureDataPageReqDTO[page=1, size=10, keyword=null, timeGranularity=DAY, statDate=null, statDateStart=null, statDateEnd=null, sortField=statDate, sortOrder=null]}
[2026-09-18 13:53:51.661] [gas-forecast] [] [] [c.g.forecast.common.web.WebLogAspect] [http-nio-8080-exec-1] [INFO] - Request [训练特征数据列表查询] completed in 25 ms
[2026-09-18 13:53:52.291] [gas-forecast] [] [] [c.g.forecast.common.web.WebLogAspect] [http-nio-8080-exec-2] [INFO] - Request [训练特征数据列表查询] POST /gas-forecast/model-train-feature-data/listPage args={reqDTO=ModelTrainFeatureDataPageReqDTO[page=1, size=10, keyword=null, timeGranularity=DAY, statDate=null, statDateStart=null, statDateEnd=null, sortField=statDate, sortOrder=desc]}
[2026-09-18 13:53:52.317] [gas-forecast] [] [] [c.g.forecast.common.web.WebLogAspect] [http-nio-8080-exec-2] [INFO] - Request [训练特征数据列表查询] completed in 26 ms
[2026-09-18 13:53:53.092] [gas-forecast] [] [] [c.g.forecast.common.web.WebLogAspect] [http-nio-8080-exec-3] [INFO] - Request [训练特征数据列表查询] POST /gas-forecast/model-train-feature-data/listPage args={reqDTO=ModelTrainFeatureDataPageReqDTO[page=1, size=10, keyword=null, timeGranularity=DAY, statDate=null, statDateStart=null, statDateEnd=null, sortField=statDate, sortOrder=null]}
[2026-09-18 13:53:53.117] [gas-forecast] [] [] [c.g.forecast.common.web.WebLogAspect] [http-nio-8080-exec-3] [INFO] - Request [训练特征数据列表查询] completed in 25 ms
[2026-09-18 13:53:54.067] [gas-forecast] [] [] [c.g.forecast.common.web.WebLogAspect] [http-nio-8080-exec-4] [INFO] - Request [训练特征数据列表查询] POST /gas-forecast/model-train-feature-data/listPage args={reqDTO=ModelTrainFeatureDataPageReqDTO[page=1, size=10, keyword=null, timeGranularity=DAY, statDate=null, statDateStart=null, statDateEnd=null, sortField=statDate, sortOrder=asc]}
[2026-09-18 13:53:54.122] [gas-forecast] [] [] [c.g.forecast.common.web.WebLogAspect] [http-nio-8080-exec-4] [INFO] - Request [训练特征数据列表查询] completed in 55 ms
[2026-09-18 13:57:01.880] [gas-forecast] [] [] [c.g.forecast.common.web.WebLogAspect] [http-nio-8080-exec-5] [INFO] - Request [获取当前登录用户权限] GET /gas-forecast/auth/permissions args={}
[2026-09-18 13:57:01.898] [gas-forecast] [] [] [c.g.forecast.common.web.WebLogAspect] [http-nio-8080-exec-5] [INFO] - Request [获取当前登录用户权限] completed in 19 ms
[2026-09-18 13:57:01.910] [gas-forecast] [] [] [c.g.forecast.common.web.WebLogAspect] [http-nio-8080-exec-6] [INFO] - Request [训练特征数据列表查询] POST /gas-forecast/model-train-feature-data/listPage args={reqDTO=ModelTrainFeatureDataPageReqDTO[page=1, size=10, keyword=null, timeGranularity=null, statDate=null, statDateStart=null, statDateEnd=null, sortField=null, sortOrder=null]}
[2026-09-18 13:57:01.951] [gas-forecast] [] [] [c.g.forecast.common.web.WebLogAspect] [http-nio-8080-exec-6] [INFO] - Request [训练特征数据列表查询] completed in 41 ms
[2026-09-18 13:57:15.960] [gas-forecast] [] [] [c.g.forecast.common.web.WebLogAspect] [http-nio-8080-exec-7] [INFO] - Request [训练特征数据列表查询] POST /gas-forecast/model-train-feature-data/listPage args={reqDTO=ModelTrainFeatureDataPageReqDTO[page=1, size=10, keyword=null, timeGranularity=DAY, statDate=null, statDateStart=null, statDateEnd=null, sortField=null, sortOrder=null]}
[2026-09-18 13:57:15.984] [gas-forecast] [] [] [c.g.forecast.common.web.WebLogAspect] [http-nio-8080-exec-7] [INFO] - Request [训练特征数据列表查询] completed in 24 ms
[2026-09-18 13:58:13.078] [gas-forecast] [] [] [c.g.forecast.common.web.WebLogAspect] [http-nio-8080-exec-8] [INFO] - Request [特征定义列表查询] POST /gas-forecast/model-feature-definition/listPage args={reqDTO=ModelFeatureDefinitionPageReqDTO[page=1, size=10, keyword=null, timeGranularity=null]}
[2026-09-18 13:58:13.081] [gas-forecast] [] [] [c.g.forecast.common.web.WebLogAspect] [http-nio-8080-exec-8] [INFO] - Request [特征定义列表查询] completed in 3 ms
[2026-09-18 13:58:19.571] [gas-forecast] [] [] [c.g.forecast.common.web.WebLogAspect] [http-nio-8080-exec-9] [INFO] - Request [训练特征数据列表查询] POST /gas-forecast/model-train-feature-data/listPage args={reqDTO=ModelTrainFeatureDataPageReqDTO[page=1, size=10, keyword=null, timeGranularity=null, statDate=null, statDateStart=null, statDateEnd=null, sortField=null, sortOrder=null]}
[2026-09-18 13:58:19.609] [gas-forecast] [] [] [c.g.forecast.common.web.WebLogAspect] [http-nio-8080-exec-9] [INFO] - Request [训练特征数据列表查询] completed in 38 ms
[2026-09-18 13:58:22.415] [gas-forecast] [] [] [c.g.forecast.common.web.WebLogAspect] [http-nio-8080-exec-10] [INFO] - Request [模型列表查询] POST /gas-forecast/model-config/listPage args={reqDTO=ModelConfigPageReqDTO[page=1, size=10, keyword=null]}
[2026-09-18 13:58:22.430] [gas-forecast] [] [] [c.g.forecast.common.web.WebLogAspect] [http-nio-8080-exec-10] [INFO] - Request [模型列表查询] completed in 17 ms
[2026-09-18 13:58:25.552] [gas-forecast] [] [] [c.g.forecast.common.web.WebLogAspect] [http-nio-8080-exec-1] [INFO] - Request [区域列表查询] POST /gas-forecast/base-region/listPage args={reqDTO=BaseRegionPageReqDTO[page=1, size=1000, keyword=null]}
[2026-09-18 13:58:25.555] [gas-forecast] [] [] [c.g.forecast.common.web.WebLogAspect] [http-nio-8080-exec-1] [INFO] - Request [区域列表查询] completed in 4 ms
[2026-09-18 13:58:25.565] [gas-forecast] [] [] [c.g.forecast.common.web.WebLogAspect] [http-nio-8080-exec-2] [INFO] - Request [特征定义列表查询] POST /gas-forecast/model-feature-definition/listPage args={reqDTO=ModelFeatureDefinitionPageReqDTO[page=1, size=500, keyword=null, timeGranularity=null]}
[2026-09-18 13:58:25.571] [gas-forecast] [] [] [c.g.forecast.common.web.WebLogAspect] [http-nio-8080-exec-2] [INFO] - Request [特征定义列表查询] completed in 6 ms
[2026-09-18 13:59:03.966] [gas-forecast] [] [] [c.g.forecast.common.web.WebLogAspect] [http-nio-8080-exec-3] [INFO] - Request [训练特征数据列表查询] POST /gas-forecast/model-train-feature-data/listPage args={reqDTO=ModelTrainFeatureDataPageReqDTO[page=1, size=10, keyword=null, timeGranularity=null, statDate=null, statDateStart=null, statDateEnd=null, sortField=null, sortOrder=null]}
[2026-09-18 13:59:03.998] [gas-forecast] [] [] [c.g.forecast.common.web.WebLogAspect] [http-nio-8080-exec-3] [INFO] - Request [训练特征数据列表查询] completed in 32 ms
[2026-09-18 13:59:05.031] [gas-forecast] [] [] [c.g.forecast.common.web.WebLogAspect] [http-nio-8080-exec-4] [INFO] - Request [特征定义列表查询] POST /gas-forecast/model-feature-definition/listPage args={reqDTO=ModelFeatureDefinitionPageReqDTO[page=1, size=10, keyword=null, timeGranularity=null]}
[2026-09-18 13:59:05.036] [gas-forecast] [] [] [c.g.forecast.common.web.WebLogAspect] [http-nio-8080-exec-4] [INFO] - Request [特征定义列表查询] completed in 5 ms
[2026-09-18 13:59:13.195] [gas-forecast] [] [] [c.g.forecast.common.web.WebLogAspect] [http-nio-8080-exec-9] [INFO] - Request [区域列表查询] POST /gas-forecast/base-region/listPage args={reqDTO=BaseRegionPageReqDTO[page=1, size=10, keyword=null]}
[2026-09-18 13:59:13.198] [gas-forecast] [] [] [c.g.forecast.common.web.WebLogAspect] [http-nio-8080-exec-9] [INFO] - Request [区域列表查询] completed in 3 ms
[2026-09-18 13:59:29.364] [gas-forecast] [] [] [c.g.forecast.common.web.WebLogAspect] [http-nio-8080-exec-10] [INFO] - Request [客户列表分页查询] POST /gas-forecast/base-customer/listPage args={reqDTO=BaseCustomerPageReqDTO[page=1, size=10, keyword=null]}
[2026-09-18 13:59:29.368] [gas-forecast] [] [] [c.g.forecast.common.web.WebLogAspect] [http-nio-8080-exec-10] [INFO] - Request [客户列表分页查询] completed in 5 ms
[2026-09-18 13:59:38.157] [gas-forecast] [] [] [c.g.forecast.common.web.WebLogAspect] [http-nio-8080-exec-1] [INFO] - Request [行业列表查询] POST /gas-forecast/base-industry/listPage args={reqDTO=BaseIndustryPageReqDTO[page=1, size=10, keyword=null]}
[2026-09-18 13:59:38.160] [gas-forecast] [] [] [c.g.forecast.common.web.WebLogAspect] [http-nio-8080-exec-1] [INFO] - Request [行业列表查询] completed in 3 ms
[2026-09-18 13:59:48.803] [gas-forecast] [] [] [c.g.forecast.common.web.WebLogAspect] [http-nio-8080-exec-2] [INFO] - Request [客户列表分页查询] POST /gas-forecast/base-customer/listPage args={reqDTO=BaseCustomerPageReqDTO[page=1, size=10, keyword=null]}
[2026-09-18 13:59:48.807] [gas-forecast] [] [] [c.g.forecast.common.web.WebLogAspect] [http-nio-8080-exec-2] [INFO] - Request [客户列表分页查询] completed in 4 ms
[2026-09-18 13:59:54.710] [gas-forecast] [] [] [c.g.forecast.common.web.WebLogAspect] [http-nio-8080-exec-3] [INFO] - Request [客户列表分页查询] POST /gas-forecast/base-customer/listPage args={reqDTO=BaseCustomerPageReqDTO[page=1, size=50, keyword=null]}
[2026-09-18 13:59:54.715] [gas-forecast] [] [] [c.g.forecast.common.web.WebLogAspect] [http-nio-8080-exec-3] [INFO] - Request [客户列表分页查询] completed in 5 ms
[2026-09-18 14:02:47.836] [gas-forecast] [] [] [c.g.forecast.common.web.WebLogAspect] [http-nio-8080-exec-4] [INFO] - Request [模型列表查询] POST /gas-forecast/model-config/listPage args={reqDTO=ModelConfigPageReqDTO[page=1, size=1000, keyword=null]}
[2026-09-18 14:02:47.853] [gas-forecast] [] [] [c.g.forecast.common.web.WebLogAspect] [http-nio-8080-exec-4] [INFO] - Request [模型列表查询] completed in 17 ms
[2026-09-18 14:09:27.646] [gas-forecast] [] [] [c.g.forecast.common.web.WebLogAspect] [http-nio-8080-exec-5] [INFO] - Request [模型列表查询] POST /gas-forecast/model-config/listPage args={reqDTO=ModelConfigPageReqDTO[page=1, size=10, keyword=null]}
[2026-09-18 14:09:27.670] [gas-forecast] [] [] [c.g.forecast.common.web.WebLogAspect] [http-nio-8080-exec-5] [INFO] - Request [模型列表查询] completed in 24 ms
[2026-09-18 14:09:34.146] [gas-forecast] [] [] [c.g.forecast.common.web.WebLogAspect] [http-nio-8080-exec-6] [INFO] - Request [区域列表查询] POST /gas-forecast/base-region/listPage args={reqDTO=BaseRegionPageReqDTO[page=1, size=1000, keyword=null]}
[2026-09-18 14:09:34.150] [gas-forecast] [] [] [c.g.forecast.common.web.WebLogAspect] [http-nio-8080-exec-6] [INFO] - Request [区域列表查询] completed in 4 ms
[2026-09-18 14:09:34.161] [gas-forecast] [] [] [c.g.forecast.common.web.WebLogAspect] [http-nio-8080-exec-7] [INFO] - Request [特征定义列表查询] POST /gas-forecast/model-feature-definition/listPage args={reqDTO=ModelFeatureDefinitionPageReqDTO[page=1, size=500, keyword=null, timeGranularity=null]}
[2026-09-18 14:09:34.167] [gas-forecast] [] [] [c.g.forecast.common.web.WebLogAspect] [http-nio-8080-exec-7] [INFO] - Request [特征定义列表查询] completed in 6 ms
[2026-09-18 14:15:06.453] [gas-forecast] [] [] [c.g.forecast.common.web.WebLogAspect] [http-nio-8080-exec-8] [INFO] - Request [模型列表查询] POST /gas-forecast/model-config/listPage args={reqDTO=ModelConfigPageReqDTO[page=1, size=1000, keyword=null]}
[2026-09-18 14:15:06.477] [gas-forecast] [] [] [c.g.forecast.common.web.WebLogAspect] [http-nio-8080-exec-8] [INFO] - Request [模型列表查询] completed in 24 ms
[2026-09-18 14:44:00.854] [gas-forecast] [] [] [c.g.forecast.common.web.WebLogAspect] [http-nio-8080-exec-9] [INFO] - Request [获取当前登录用户权限] GET /gas-forecast/auth/permissions args={}
[2026-09-18 14:44:00.860] [gas-forecast] [] [] [c.g.forecast.common.web.WebLogAspect] [http-nio-8080-exec-9] [INFO] - Request [获取当前登录用户权限] completed in 6 ms
[2026-09-18 14:44:05.058] [gas-forecast] [] [] [c.g.forecast.common.web.WebLogAspect] [http-nio-8080-exec-10] [INFO] - Request [模型列表查询] POST /gas-forecast/model-config/listPage args={reqDTO=ModelConfigPageReqDTO[page=1, size=1000, keyword=null]}
[2026-09-18 14:44:05.080] [gas-forecast] [] [] [c.g.forecast.common.web.WebLogAspect] [http-nio-8080-exec-10] [INFO] - Request [模型列表查询] completed in 23 ms
[2026-09-18 14:44:05.737] [gas-forecast] [] [] [c.g.forecast.common.web.WebLogAspect] [http-nio-8080-exec-1] [INFO] - Request [模型列表查询] POST /gas-forecast/model-config/listPage args={reqDTO=ModelConfigPageReqDTO[page=1, size=1000, keyword=null]}
[2026-09-18 14:44:05.746] [gas-forecast] [] [] [c.g.forecast.common.web.WebLogAspect] [http-nio-8080-exec-1] [INFO] - Request [模型列表查询] completed in 9 ms
[2026-09-18 14:49:16.200] [gas-forecast] [] [] [c.g.forecast.common.web.WebLogAspect] [http-nio-8080-exec-2] [INFO] - Request [模型列表查询] POST /gas-forecast/model-config/listPage args={reqDTO=ModelConfigPageReqDTO[page=1, size=1000, keyword=null]}
[2026-09-18 14:49:16.208] [gas-forecast] [] [] [c.g.forecast.common.web.WebLogAspect] [http-nio-8080-exec-2] [INFO] - Request [模型列表查询] completed in 8 ms
[2026-09-18 15:15:16.418] [gas-forecast] [] [] [c.g.forecast.common.web.WebLogAspect] [http-nio-8080-exec-3] [INFO] - Request [获取当前登录用户权限] GET /gas-forecast/auth/permissions args={}
[2026-09-18 15:15:16.439] [gas-forecast] [] [] [c.g.forecast.common.web.WebLogAspect] [http-nio-8080-exec-3] [INFO] - Request [获取当前登录用户权限] completed in 21 ms
[2026-09-18 15:19:38.548] [gas-forecast] [] [] [com.zaxxer.hikari.HikariDataSource] [SpringApplicationShutdownHook] [INFO] - HikariPool-1 - Shutdown initiated...
[2026-09-18 15:19:38.548] [gas-forecast] [] [] [com.zaxxer.hikari.HikariDataSource] [SpringApplicationShutdownHook] [INFO] - HikariPool-1 - Shutdown completed.
[2026-09-18 15:19:40.315] [gas-forecast] [] [] [o.h.validator.internal.util.Version] [background-preinit] [INFO] - HV000001: Hibernate Validator 8.0.1.Final
[2026-09-18 15:19:40.326] [gas-forecast] [] [] [c.g.f.GasForecastStartupApplication] [main] [INFO] - Starting GasForecastStartupApplication using Java 21.0.11 with PID 33051 (/Users/zoujun/work/workspace/shiyou/gas-forecast/gas-forecast-startup/target/classes started by zoujun in /Users/zoujun/work/workspace/shiyou/gas-forecast)
[2026-09-18 15:19:40.326] [gas-forecast] [] [] [c.g.f.GasForecastStartupApplication] [main] [INFO] - The following 1 profile is active: "dev"
[2026-09-18 15:19:40.593] [gas-forecast] [] [] [o.s.d.r.c.RepositoryConfigurationDelegate] [main] [INFO] - Multiple Spring Data modules found, entering strict repository configuration mode
[2026-09-18 15:19:40.594] [gas-forecast] [] [] [o.s.d.r.c.RepositoryConfigurationDelegate] [main] [INFO] - Bootstrapping Spring Data Redis repositories in DEFAULT mode.
[2026-09-18 15:19:40.611] [gas-forecast] [] [] [o.s.d.r.c.RepositoryConfigurationDelegate] [main] [INFO] - Finished Spring Data repository scanning in 10 ms. Found 0 Redis repository interfaces.
[2026-09-18 15:19:40.898] [gas-forecast] [] [] [o.s.b.w.e.tomcat.TomcatWebServer] [main] [INFO] - Tomcat initialized with port 8080 (http)
[2026-09-18 15:19:40.902] [gas-forecast] [] [] [o.a.coyote.http11.Http11NioProtocol] [main] [INFO] - Initializing ProtocolHandler ["http-nio-8080"]
[2026-09-18 15:19:40.902] [gas-forecast] [] [] [o.a.catalina.core.StandardService] [main] [INFO] - Starting service [Tomcat]
[2026-09-18 15:19:40.902] [gas-forecast] [] [] [o.a.catalina.core.StandardEngine] [main] [INFO] - Starting Servlet engine: [Apache Tomcat/10.1.20]
[2026-09-18 15:19:40.920] [gas-forecast] [] [] [o.a.c.c.C.[.[.[/gas-forecast]] [main] [INFO] - Initializing Spring embedded WebApplicationContext
[2026-09-18 15:19:40.920] [gas-forecast] [] [] [o.s.b.w.s.c.ServletWebServerApplicationContext] [main] [INFO] - Root WebApplicationContext: initialization completed in 578 ms
[2026-09-18 15:19:41.607] [gas-forecast] [] [] [o.a.coyote.http11.Http11NioProtocol] [main] [INFO] - Starting ProtocolHandler ["http-nio-8080"]
[2026-09-18 15:19:41.614] [gas-forecast] [] [] [o.s.b.w.e.tomcat.TomcatWebServer] [main] [INFO] - Tomcat started on port 8080 (http) with context path '/gas-forecast'
[2026-09-18 15:19:41.617] [gas-forecast] [] [] [c.g.f.GasForecastStartupApplication] [main] [INFO] - Started GasForecastStartupApplication in 1.474 seconds (process running for 1.756)
[2026-09-18 15:19:47.064] [gas-forecast] [] [] [o.a.c.c.C.[.[.[/gas-forecast]] [http-nio-8080-exec-1] [INFO] - Initializing Spring DispatcherServlet 'dispatcherServlet'
[2026-09-18 15:19:47.064] [gas-forecast] [] [] [o.s.web.servlet.DispatcherServlet] [http-nio-8080-exec-1] [INFO] - Initializing Servlet 'dispatcherServlet'
[2026-09-18 15:19:47.065] [gas-forecast] [] [] [o.s.web.servlet.DispatcherServlet] [http-nio-8080-exec-1] [INFO] - Completed initialization in 1 ms
[2026-09-18 15:19:47.229] [gas-forecast] [] [] [c.g.forecast.common.web.WebLogAspect] [http-nio-8080-exec-1] [INFO] - Request [获取当前登录用户权限] GET /gas-forecast/auth/permissions args={}
[2026-09-18 15:19:47.251] [gas-forecast] [] [] [com.zaxxer.hikari.HikariDataSource] [http-nio-8080-exec-1] [INFO] - HikariPool-1 - Starting...
[2026-09-18 15:19:47.317] [gas-forecast] [] [] [com.zaxxer.hikari.pool.HikariPool] [http-nio-8080-exec-1] [INFO] - HikariPool-1 - Added connection com.mysql.cj.jdbc.ConnectionImpl@7322192e
[2026-09-18 15:19:47.318] [gas-forecast] [] [] [com.zaxxer.hikari.HikariDataSource] [http-nio-8080-exec-1] [INFO] - HikariPool-1 - Start completed.
[2026-09-18 15:19:47.351] [gas-forecast] [] [] [c.g.forecast.common.web.WebLogAspect] [http-nio-8080-exec-1] [INFO] - Request [获取当前登录用户权限] completed in 123 ms
[2026-09-18 15:19:52.418] [gas-forecast] [] [] [c.g.forecast.common.web.WebLogAspect] [http-nio-8080-exec-2] [INFO] - Request [获取当前登录用户权限] GET /gas-forecast/auth/permissions args={}
[2026-09-18 15:19:52.429] [gas-forecast] [] [] [c.g.forecast.common.web.WebLogAspect] [http-nio-8080-exec-2] [INFO] - Request [获取当前登录用户权限] completed in 11 ms
[2026-09-18 15:25:58.511] [gas-forecast] [] [] [com.zaxxer.hikari.HikariDataSource] [SpringApplicationShutdownHook] [INFO] - HikariPool-1 - Shutdown initiated...
[2026-09-18 15:25:58.513] [gas-forecast] [] [] [com.zaxxer.hikari.HikariDataSource] [SpringApplicationShutdownHook] [INFO] - HikariPool-1 - Shutdown completed.
[2026-09-18 15:25:59.531] [gas-forecast] [] [] [o.h.validator.internal.util.Version] [background-preinit] [INFO] - HV000001: Hibernate Validator 8.0.1.Final
[2026-09-18 15:25:59.544] [gas-forecast] [] [] [c.g.f.GasForecastStartupApplication] [main] [INFO] - Starting GasForecastStartupApplication using Java 21.0.11 with PID 34995 (/Users/zoujun/work/workspace/shiyou/gas-forecast/gas-forecast-startup/target/classes started by zoujun in /Users/zoujun/work/workspace/shiyou/gas-forecast)
[2026-09-18 15:25:59.544] [gas-forecast] [] [] [c.g.f.GasForecastStartupApplication] [main] [INFO] - The following 1 profile is active: "dev"
[2026-09-18 15:25:59.815] [gas-forecast] [] [] [o.s.d.r.c.RepositoryConfigurationDelegate] [main] [INFO] - Multiple Spring Data modules found, entering strict repository configuration mode
[2026-09-18 15:25:59.816] [gas-forecast] [] [] [o.s.d.r.c.RepositoryConfigurationDelegate] [main] [INFO] - Bootstrapping Spring Data Redis repositories in DEFAULT mode.
[2026-09-18 15:25:59.833] [gas-forecast] [] [] [o.s.d.r.c.RepositoryConfigurationDelegate] [main] [INFO] - Finished Spring Data repository scanning in 10 ms. Found 0 Redis repository interfaces.
[2026-09-18 15:26:00.098] [gas-forecast] [] [] [o.s.b.w.e.tomcat.TomcatWebServer] [main] [INFO] - Tomcat initialized with port 8080 (http)
[2026-09-18 15:26:00.102] [gas-forecast] [] [] [o.a.coyote.http11.Http11NioProtocol] [main] [INFO] - Initializing ProtocolHandler ["http-nio-8080"]
[2026-09-18 15:26:00.102] [gas-forecast] [] [] [o.a.catalina.core.StandardService] [main] [INFO] - Starting service [Tomcat]
[2026-09-18 15:26:00.102] [gas-forecast] [] [] [o.a.catalina.core.StandardEngine] [main] [INFO] - Starting Servlet engine: [Apache Tomcat/10.1.20]
[2026-09-18 15:26:00.119] [gas-forecast] [] [] [o.a.c.c.C.[.[.[/gas-forecast]] [main] [INFO] - Initializing Spring embedded WebApplicationContext
[2026-09-18 15:26:00.119] [gas-forecast] [] [] [o.s.b.w.s.c.ServletWebServerApplicationContext] [main] [INFO] - Root WebApplicationContext: initialization completed in 556 ms
[2026-09-18 15:26:00.817] [gas-forecast] [] [] [o.a.coyote.http11.Http11NioProtocol] [main] [INFO] - Starting ProtocolHandler ["http-nio-8080"]
[2026-09-18 15:26:00.826] [gas-forecast] [] [] [o.s.b.w.e.tomcat.TomcatWebServer] [main] [INFO] - Tomcat started on port 8080 (http) with context path '/gas-forecast'
[2026-09-18 15:26:00.830] [gas-forecast] [] [] [c.g.f.GasForecastStartupApplication] [main] [INFO] - Started GasForecastStartupApplication in 1.463 seconds (process running for 1.712)
[2026-09-18 15:26:11.699] [gas-forecast] [] [] [o.a.c.c.C.[.[.[/gas-forecast]] [http-nio-8080-exec-1] [INFO] - Initializing Spring DispatcherServlet 'dispatcherServlet'
[2026-09-18 15:26:11.699] [gas-forecast] [] [] [o.s.web.servlet.DispatcherServlet] [http-nio-8080-exec-1] [INFO] - Initializing Servlet 'dispatcherServlet'
[2026-09-18 15:26:11.700] [gas-forecast] [] [] [o.s.web.servlet.DispatcherServlet] [http-nio-8080-exec-1] [INFO] - Completed initialization in 1 ms
[2026-09-18 15:26:11.714] [gas-forecast] [] [] [c.g.forecast.common.web.WebLogAspect] [http-nio-8080-exec-2] [INFO] - Request [获取登录RSA公钥] GET /gas-forecast/auth/rsa-public-key args={}
[2026-09-18 15:26:11.714] [gas-forecast] [] [] [c.g.forecast.common.web.WebLogAspect] [http-nio-8080-exec-1] [INFO] - Request [获取登录验证码] GET /gas-forecast/auth/captcha args={}
[2026-09-18 15:26:12.108] [gas-forecast] [] [] [c.g.forecast.common.web.WebLogAspect] [http-nio-8080-exec-1] [INFO] - Request [获取登录验证码] completed in 394 ms
[2026-09-18 15:26:12.152] [gas-forecast] [] [] [c.g.forecast.common.web.WebLogAspect] [http-nio-8080-exec-2] [INFO] - Request [获取登录RSA公钥] completed in 438 ms
[2026-09-18 15:26:12.375] [gas-forecast] [] [] [c.g.forecast.common.web.WebLogAspect] [http-nio-8080-exec-4] [INFO] - Request [获取登录验证码] GET /gas-forecast/auth/captcha args={}
[2026-09-18 15:26:12.375] [gas-forecast] [] [] [c.g.forecast.common.web.WebLogAspect] [http-nio-8080-exec-3] [INFO] - Request [获取登录RSA公钥] GET /gas-forecast/auth/rsa-public-key args={}
[2026-09-18 15:26:12.378] [gas-forecast] [] [] [c.g.forecast.common.web.WebLogAspect] [http-nio-8080-exec-4] [INFO] - Request [获取登录验证码] completed in 3 ms
[2026-09-18 15:26:12.453] [gas-forecast] [] [] [c.g.forecast.common.web.WebLogAspect] [http-nio-8080-exec-3] [INFO] - Request [获取登录RSA公钥] completed in 78 ms
[2026-09-18 15:26:14.469] [gas-forecast] [] [] [c.g.forecast.common.web.WebLogAspect] [http-nio-8080-exec-5] [INFO] - Request [获取登录验证码] GET /gas-forecast/auth/captcha args={}
[2026-09-18 15:26:14.471] [gas-forecast] [] [] [c.g.forecast.common.web.WebLogAspect] [http-nio-8080-exec-5] [INFO] - Request [获取登录验证码] completed in 2 ms
[2026-09-18 15:26:21.563] [gas-forecast] [] [] [c.g.forecast.common.web.WebLogAspect] [http-nio-8080-exec-6] [INFO] - Request [用户登录] POST /gas-forecast/auth/login args={reqDTO=AuthLoginReqDTO[username=XfTf+3xhavzSqYJ0TV4rmOFjZUcXiv8NIMPU90NkoLWwlxoPUy+S8gLJndi0ugXMF0pmWpogr10RhqzJT1kkam1O30465z6qnTapCcympPMC1PrXGPsBz5DGZTYuSBGTJfgPu44aYoW0RQ6yyrb0+tvwAUigbHv0K4Lf3y+I4MxE+s5iS7YjvdZEKOTisfjkrb7VhKiua9LaQIFDT4jb74ovBLJneKKpckn7CncspwP2SPFw5cKXivnGoYcerZiasPsYT330cfmPAQOZSrDZ7dagjSx53z3DCy0nEk00TjUn3I6hFCLVdd6HLuSm4JUbgJsaJXFEXHlojlkmbwdCsw==, password=VIF7JTtWMRYR641U7An/re8/AIAdDi9LhqvYPkztMPS+hUNEx4ci6HUm3P0QSd/FcYpb/OJVkh0527AZcy2mgcsPn7GKY3g7ia2zvkmf8TshTdLzoXGYKZsY6c8IAAlcaHtSG1M+bf4/pJeNF+Suoeh4/9K/PsivxqgSlVJ2Y8AMzT7oaazjU87Ji2thUMeR7E6VPNrrrhVjFjJxF5TOKEw99sIln1wFYqlvseXVuJNrs0ibAXE37rLClKvUpr8hZ5ELxhquKbdFG1FFyV+KJWEU6sm/VLMtV49hgNYXnkAweA+UaldatFgfSM2dKaLj3N/g7ZgnpcJwWLF05uFNMw==, captchaId=471634eef2b847a8a396f1dfe51bbeb3, captchaCode=wfnp, rsaPublicKey=MIIBIjANBgkqhkiG9w0BAQEFAAOCAQ8AMIIBCgKCAQEAjgtCrxrAy4h2ynzmESlathXP30/HAKDlAygTVrIRPXuyHz/rWArfFtwdphww8Fc6tnZ34VNf7O7NgL55ygH8CPrni5xZpf7z7ifMs6hr18cOM7/TUSaugemcqjr+3Hgxv/HqyOFw8ZNjg5yjqHn9PfpAcUn...}
[2026-09-18 15:26:21.606] [gas-forecast] [] [] [com.zaxxer.hikari.HikariDataSource] [http-nio-8080-exec-6] [INFO] - HikariPool-1 - Starting...
[2026-09-18 15:26:21.663] [gas-forecast] [] [] [com.zaxxer.hikari.pool.HikariPool] [http-nio-8080-exec-6] [INFO] - HikariPool-1 - Added connection com.mysql.cj.jdbc.ConnectionImpl@16861036
[2026-09-18 15:26:21.663] [gas-forecast] [] [] [com.zaxxer.hikari.HikariDataSource] [http-nio-8080-exec-6] [INFO] - HikariPool-1 - Start completed.
[2026-09-18 15:26:21.698] [gas-forecast] [] [] [c.g.forecast.common.web.WebLogAspect] [http-nio-8080-exec-6] [INFO] - Request [用户登录] completed in 137 ms
[2026-09-18 15:26:43.312] [gas-forecast] [] [] [c.g.forecast.common.web.WebLogAspect] [http-nio-8080-exec-7] [INFO] - Request [获取当前登录用户权限] GET /gas-forecast/auth/permissions args={}
[2026-09-18 15:26:43.325] [gas-forecast] [] [] [c.g.forecast.common.web.WebLogAspect] [http-nio-8080-exec-7] [INFO] - Request [获取当前登录用户权限] completed in 13 ms
[2026-09-18 15:30:22.062] [gas-forecast] [] [] [c.g.forecast.common.web.WebLogAspect] [http-nio-8080-exec-8] [INFO] - Request [获取当前登录用户权限] GET /gas-forecast/auth/permissions args={}
[2026-09-18 15:30:22.086] [gas-forecast] [] [] [c.g.forecast.common.web.WebLogAspect] [http-nio-8080-exec-8] [INFO] - Request [获取当前登录用户权限] completed in 24 ms
[2026-09-18 15:37:39.668] [gas-forecast] [] [] [com.zaxxer.hikari.HikariDataSource] [SpringApplicationShutdownHook] [INFO] - HikariPool-1 - Shutdown initiated...
[2026-09-18 15:37:39.671] [gas-forecast] [] [] [com.zaxxer.hikari.HikariDataSource] [SpringApplicationShutdownHook] [INFO] - HikariPool-1 - Shutdown completed.
[2026-09-18 15:37:41.060] [gas-forecast] [] [] [o.h.validator.internal.util.Version] [background-preinit] [INFO] - HV000001: Hibernate Validator 8.0.1.Final
[2026-09-18 15:37:41.069] [gas-forecast] [] [] [c.g.f.GasForecastStartupApplication] [main] [INFO] - Starting GasForecastStartupApplication using Java 21.0.11 with PID 39526 (/Users/zoujun/work/workspace/shiyou/gas-forecast/gas-forecast-startup/target/classes started by zoujun in /Users/zoujun/work/workspace/shiyou/gas-forecast)
[2026-09-18 15:37:41.070] [gas-forecast] [] [] [c.g.f.GasForecastStartupApplication] [main] [INFO] - The following 1 profile is active: "dev"
[2026-09-18 15:37:41.353] [gas-forecast] [] [] [o.s.d.r.c.RepositoryConfigurationDelegate] [main] [INFO] - Multiple Spring Data modules found, entering strict repository configuration mode
[2026-09-18 15:37:41.354] [gas-forecast] [] [] [o.s.d.r.c.RepositoryConfigurationDelegate] [main] [INFO] - Bootstrapping Spring Data Redis repositories in DEFAULT mode.
[2026-09-18 15:37:41.371] [gas-forecast] [] [] [o.s.d.r.c.RepositoryConfigurationDelegate] [main] [INFO] - Finished Spring Data repository scanning in 10 ms. Found 0 Redis repository interfaces.
[2026-09-18 15:37:41.647] [gas-forecast] [] [] [o.s.b.w.e.tomcat.TomcatWebServer] [main] [INFO] - Tomcat initialized with port 8080 (http)
[2026-09-18 15:37:41.651] [gas-forecast] [] [] [o.a.coyote.http11.Http11NioProtocol] [main] [INFO] - Initializing ProtocolHandler ["http-nio-8080"]
[2026-09-18 15:37:41.652] [gas-forecast] [] [] [o.a.catalina.core.StandardService] [main] [INFO] - Starting service [Tomcat]
[2026-09-18 15:37:41.652] [gas-forecast] [] [] [o.a.catalina.core.StandardEngine] [main] [INFO] - Starting Servlet engine: [Apache Tomcat/10.1.20]
[2026-09-18 15:37:41.669] [gas-forecast] [] [] [o.a.c.c.C.[.[.[/gas-forecast]] [main] [INFO] - Initializing Spring embedded WebApplicationContext
[2026-09-18 15:37:41.669] [gas-forecast] [] [] [o.s.b.w.s.c.ServletWebServerApplicationContext] [main] [INFO] - Root WebApplicationContext: initialization completed in 584 ms
[2026-09-18 15:37:42.354] [gas-forecast] [] [] [o.a.coyote.http11.Http11NioProtocol] [main] [INFO] - Starting ProtocolHandler ["http-nio-8080"]
[2026-09-18 15:37:42.361] [gas-forecast] [] [] [o.s.b.w.e.tomcat.TomcatWebServer] [main] [INFO] - Tomcat started on port 8080 (http) with context path '/gas-forecast'
[2026-09-18 15:37:42.365] [gas-forecast] [] [] [c.g.f.GasForecastStartupApplication] [main] [INFO] - Started GasForecastStartupApplication in 1.483 seconds (process running for 1.996)
[2026-09-18 15:37:49.695] [gas-forecast] [] [] [o.a.c.c.C.[.[.[/gas-forecast]] [http-nio-8080-exec-1] [INFO] - Initializing Spring DispatcherServlet 'dispatcherServlet'
[2026-09-18 15:37:49.695] [gas-forecast] [] [] [o.s.web.servlet.DispatcherServlet] [http-nio-8080-exec-1] [INFO] - Initializing Servlet 'dispatcherServlet'
[2026-09-18 15:37:49.696] [gas-forecast] [] [] [o.s.web.servlet.DispatcherServlet] [http-nio-8080-exec-1] [INFO] - Completed initialization in 1 ms
[2026-09-18 15:37:49.819] [gas-forecast] [] [] [c.g.forecast.common.web.WebLogAspect] [http-nio-8080-exec-2] [INFO] - Request [模型训练配置列表查询] POST /gas-forecast/model-train-config/listPage args={reqDTO=ModelTrainConfigPageReqDTO[page=1, size=10, keyword=null, agentCode=null, trainFrequency=null]}
[2026-09-18 15:37:49.877] [gas-forecast] [] [] [com.zaxxer.hikari.HikariDataSource] [http-nio-8080-exec-2] [INFO] - HikariPool-1 - Starting...
[2026-09-18 15:37:49.894] [gas-forecast] [] [] [c.g.forecast.common.web.WebLogAspect] [http-nio-8080-exec-1] [INFO] - Request [获取当前登录用户权限] GET /gas-forecast/auth/permissions args={}
[2026-09-18 15:37:49.947] [gas-forecast] [] [] [com.zaxxer.hikari.pool.HikariPool] [http-nio-8080-exec-2] [INFO] - HikariPool-1 - Added connection com.mysql.cj.jdbc.ConnectionImpl@25462b31
[2026-09-18 15:37:49.948] [gas-forecast] [] [] [com.zaxxer.hikari.HikariDataSource] [http-nio-8080-exec-2] [INFO] - HikariPool-1 - Start completed.
[2026-09-18 15:37:49.981] [gas-forecast] [] [] [c.g.forecast.common.web.WebLogAspect] [http-nio-8080-exec-2] [INFO] - Request [模型训练配置列表查询] completed in 164 ms
[2026-09-18 15:37:49.994] [gas-forecast] [] [] [c.g.forecast.common.web.WebLogAspect] [http-nio-8080-exec-1] [INFO] - Request [获取当前登录用户权限] completed in 100 ms
[2026-09-18 15:37:51.047] [gas-forecast] [] [] [c.g.forecast.common.web.WebLogAspect] [http-nio-8080-exec-3] [INFO] - Request [获取当前登录用户权限] GET /gas-forecast/auth/permissions args={}
[2026-09-18 15:37:51.060] [gas-forecast] [] [] [c.g.forecast.common.web.WebLogAspect] [http-nio-8080-exec-3] [INFO] - Request [获取当前登录用户权限] completed in 13 ms
[2026-09-18 15:37:51.076] [gas-forecast] [] [] [c.g.forecast.common.web.WebLogAspect] [http-nio-8080-exec-4] [INFO] - Request [模型训练配置列表查询] POST /gas-forecast/model-train-config/listPage args={reqDTO=ModelTrainConfigPageReqDTO[page=1, size=10, keyword=null, agentCode=null, trainFrequency=null]}
[2026-09-18 15:37:51.081] [gas-forecast] [] [] [c.g.forecast.common.web.WebLogAspect] [http-nio-8080-exec-4] [INFO] - Request [模型训练配置列表查询] completed in 5 ms
[2026-09-18 15:40:40.580] [gas-forecast] [] [] [c.g.forecast.common.web.WebLogAspect] [http-nio-8080-exec-5] [INFO] - Request [模型训练配置列表查询] POST /gas-forecast/model-train-config/listPage args={reqDTO=ModelTrainConfigPageReqDTO[page=1, size=10, keyword=null, agentCode=null, trainFrequency=null]}
[2026-09-18 15:40:40.599] [gas-forecast] [] [] [c.g.forecast.common.web.WebLogAspect] [http-nio-8080-exec-5] [INFO] - Request [模型训练配置列表查询] completed in 19 ms
[2026-09-18 15:41:27.656] [gas-forecast] [] [] [c.g.forecast.common.web.WebLogAspect] [http-nio-8080-exec-6] [INFO] - Request [模型训练配置列表查询] POST /gas-forecast/model-train-config/listPage args={reqDTO=ModelTrainConfigPageReqDTO[page=1, size=10, keyword=null, agentCode=null, trainFrequency=null]}
[2026-09-18 15:41:27.660] [gas-forecast] [] [] [c.g.forecast.common.web.WebLogAspect] [http-nio-8080-exec-6] [INFO] - Request [模型训练配置列表查询] completed in 4 ms
[2026-09-18 15:41:54.136] [gas-forecast] [] [] [c.g.forecast.common.web.WebLogAspect] [http-nio-8080-exec-2] [INFO] - Request [模型训练配置列表查询] POST /gas-forecast/model-train-config/listPage args={reqDTO=ModelTrainConfigPageReqDTO[page=1, size=10, keyword=null, agentCode=null, trainFrequency=null]}
[2026-09-18 15:41:54.138] [gas-forecast] [] [] [c.g.forecast.common.web.WebLogAspect] [http-nio-8080-exec-7] [INFO] - Request [模型列表查询] POST /gas-forecast/model-config/listPage args={reqDTO=ModelConfigPageReqDTO[page=1, size=1000, keyword=null]}
[2026-09-18 15:41:54.148] [gas-forecast] [] [] [c.g.forecast.common.web.WebLogAspect] [http-nio-8080-exec-2] [INFO] - Request [模型训练配置列表查询] completed in 12 ms
[2026-09-18 15:41:54.155] [gas-forecast] [] [] [c.g.forecast.common.web.WebLogAspect] [http-nio-8080-exec-10] [INFO] - Request [客户列表分页查询] POST /gas-forecast/base-customer/listPage args={reqDTO=BaseCustomerPageReqDTO[page=1, size=1000, keyword=null]}
[2026-09-18 15:41:54.155] [gas-forecast] [] [] [c.g.forecast.common.web.WebLogAspect] [http-nio-8080-exec-8] [INFO] - Request [区域列表查询] POST /gas-forecast/base-region/listPage args={reqDTO=BaseRegionPageReqDTO[page=1, size=1000, keyword=null]}
[2026-09-18 15:41:54.155] [gas-forecast] [] [] [c.g.forecast.common.web.WebLogAspect] [http-nio-8080-exec-9] [INFO] - Request [行业列表查询] POST /gas-forecast/base-industry/listPage args={reqDTO=BaseIndustryPageReqDTO[page=1, size=1000, keyword=null]}
[2026-09-18 15:41:54.160] [gas-forecast] [] [] [c.g.forecast.common.web.WebLogAspect] [http-nio-8080-exec-9] [INFO] - Request [行业列表查询] completed in 5 ms
[2026-09-18 15:41:54.163] [gas-forecast] [] [] [c.g.forecast.common.web.WebLogAspect] [http-nio-8080-exec-8] [INFO] - Request [区域列表查询] completed in 8 ms
[2026-09-18 15:41:54.163] [gas-forecast] [] [] [c.g.forecast.common.web.WebLogAspect] [http-nio-8080-exec-10] [INFO] - Request [客户列表分页查询] completed in 8 ms
[2026-09-18 15:41:54.167] [gas-forecast] [] [] [c.g.forecast.common.web.WebLogAspect] [http-nio-8080-exec-7] [INFO] - Request [模型列表查询] completed in 29 ms
[2026-09-18 15:44:48.087] [gas-forecast] [] [] [com.zaxxer.hikari.HikariDataSource] [SpringApplicationShutdownHook] [INFO] - HikariPool-1 - Shutdown initiated...
[2026-09-18 15:44:48.089] [gas-forecast] [] [] [com.zaxxer.hikari.HikariDataSource] [SpringApplicationShutdownHook] [INFO] - HikariPool-1 - Shutdown completed.
[2026-09-18 15:44:49.828] [gas-forecast] [] [] [o.h.validator.internal.util.Version] [background-preinit] [INFO] - HV000001: Hibernate Validator 8.0.1.Final
[2026-09-18 15:44:49.840] [gas-forecast] [] [] [c.g.f.GasForecastStartupApplication] [main] [INFO] - Starting GasForecastStartupApplication using Java 21.0.11 with PID 42160 (/Users/zoujun/work/workspace/shiyou/gas-forecast/gas-forecast-startup/target/classes started by zoujun in /Users/zoujun/work/workspace/shiyou/gas-forecast)
[2026-09-18 15:44:49.840] [gas-forecast] [] [] [c.g.f.GasForecastStartupApplication] [main] [INFO] - The following 1 profile is active: "dev"
[2026-09-18 15:44:50.129] [gas-forecast] [] [] [o.s.d.r.c.RepositoryConfigurationDelegate] [main] [INFO] - Multiple Spring Data modules found, entering strict repository configuration mode
[2026-09-18 15:44:50.130] [gas-forecast] [] [] [o.s.d.r.c.RepositoryConfigurationDelegate] [main] [INFO] - Bootstrapping Spring Data Redis repositories in DEFAULT mode.
[2026-09-18 15:44:50.147] [gas-forecast] [] [] [o.s.d.r.c.RepositoryConfigurationDelegate] [main] [INFO] - Finished Spring Data repository scanning in 11 ms. Found 0 Redis repository interfaces.
[2026-09-18 15:44:50.428] [gas-forecast] [] [] [o.s.b.w.e.tomcat.TomcatWebServer] [main] [INFO] - Tomcat initialized with port 8080 (http)
[2026-09-18 15:44:50.432] [gas-forecast] [] [] [o.a.coyote.http11.Http11NioProtocol] [main] [INFO] - Initializing ProtocolHandler ["http-nio-8080"]
[2026-09-18 15:44:50.433] [gas-forecast] [] [] [o.a.catalina.core.StandardService] [main] [INFO] - Starting service [Tomcat]
[2026-09-18 15:44:50.433] [gas-forecast] [] [] [o.a.catalina.core.StandardEngine] [main] [INFO] - Starting Servlet engine: [Apache Tomcat/10.1.20]
[2026-09-18 15:44:50.450] [gas-forecast] [] [] [o.a.c.c.C.[.[.[/gas-forecast]] [main] [INFO] - Initializing Spring embedded WebApplicationContext
[2026-09-18 15:44:50.451] [gas-forecast] [] [] [o.s.b.w.s.c.ServletWebServerApplicationContext] [main] [INFO] - Root WebApplicationContext: initialization completed in 593 ms
[2026-09-18 15:44:51.224] [gas-forecast] [] [] [o.a.coyote.http11.Http11NioProtocol] [main] [INFO] - Starting ProtocolHandler ["http-nio-8080"]
[2026-09-18 15:44:51.234] [gas-forecast] [] [] [o.s.b.w.e.tomcat.TomcatWebServer] [main] [INFO] - Tomcat started on port 8080 (http) with context path '/gas-forecast'
[2026-09-18 15:44:51.238] [gas-forecast] [] [] [c.g.f.GasForecastStartupApplication] [main] [INFO] - Started GasForecastStartupApplication in 1.617 seconds (process running for 1.947)
[2026-09-18 15:45:00.109] [gas-forecast] [] [] [o.a.c.c.C.[.[.[/gas-forecast]] [http-nio-8080-exec-3] [INFO] - Initializing Spring DispatcherServlet 'dispatcherServlet'
[2026-09-18 15:45:00.110] [gas-forecast] [] [] [o.s.web.servlet.DispatcherServlet] [http-nio-8080-exec-3] [INFO] - Initializing Servlet 'dispatcherServlet'
[2026-09-18 15:45:00.110] [gas-forecast] [] [] [o.s.web.servlet.DispatcherServlet] [http-nio-8080-exec-3] [INFO] - Completed initialization in 0 ms
[2026-09-18 15:45:00.182] [gas-forecast] [] [] [c.g.forecast.common.web.WebLogAspect] [http-nio-8080-exec-3] [INFO] - Request [模型列表查询] POST /gas-forecast/model-config/listPage args={reqDTO=ModelConfigPageReqDTO[page=1, size=1000, keyword=null]}
[2026-09-18 15:45:00.183] [gas-forecast] [] [] [c.g.forecast.common.web.WebLogAspect] [http-nio-8080-exec-5] [INFO] - Request [模型训练配置列表查询] POST /gas-forecast/model-train-config/listPage args={reqDTO=ModelTrainConfigPageReqDTO[page=1, size=10, keyword=null, agentCode=null, trainFrequency=null]}
[2026-09-18 15:45:00.233] [gas-forecast] [] [] [com.zaxxer.hikari.HikariDataSource] [http-nio-8080-exec-3] [INFO] - HikariPool-1 - Starting...
[2026-09-18 15:45:00.275] [gas-forecast] [] [] [c.g.forecast.common.web.WebLogAspect] [http-nio-8080-exec-1] [INFO] - Request [获取当前登录用户权限] GET /gas-forecast/auth/permissions args={}
[2026-09-18 15:45:00.301] [gas-forecast] [] [] [com.zaxxer.hikari.pool.HikariPool] [http-nio-8080-exec-3] [INFO] - HikariPool-1 - Added connection com.mysql.cj.jdbc.ConnectionImpl@3265065
[2026-09-18 15:45:00.301] [gas-forecast] [] [] [com.zaxxer.hikari.HikariDataSource] [http-nio-8080-exec-3] [INFO] - HikariPool-1 - Start completed.
[2026-09-18 15:45:00.334] [gas-forecast] [] [] [c.g.forecast.common.web.WebLogAspect] [http-nio-8080-exec-5] [INFO] - Request [模型训练配置列表查询] completed in 152 ms
[2026-09-18 15:45:00.339] [gas-forecast] [] [] [c.g.forecast.common.web.WebLogAspect] [http-nio-8080-exec-2] [INFO] - Request [区域列表查询] POST /gas-forecast/base-region/listPage args={reqDTO=BaseRegionPageReqDTO[page=1, size=1000, keyword=null]}
[2026-09-18 15:45:00.341] [gas-forecast] [] [] [c.g.forecast.common.web.WebLogAspect] [http-nio-8080-exec-4] [INFO] - Request [行业列表查询] POST /gas-forecast/base-industry/listPage args={reqDTO=BaseIndustryPageReqDTO[page=1, size=1000, keyword=null]}
[2026-09-18 15:45:00.342] [gas-forecast] [] [] [c.g.forecast.common.web.WebLogAspect] [http-nio-8080-exec-1] [INFO] - Request [获取当前登录用户权限] completed in 67 ms
[2026-09-18 15:45:00.342] [gas-forecast] [] [] [c.g.forecast.common.web.WebLogAspect] [http-nio-8080-exec-6] [INFO] - Request [客户列表分页查询] POST /gas-forecast/base-customer/listPage args={reqDTO=BaseCustomerPageReqDTO[page=1, size=1000, keyword=null]}
[2026-09-18 15:45:00.346] [gas-forecast] [] [] [c.g.forecast.common.web.WebLogAspect] [http-nio-8080-exec-2] [INFO] - Request [区域列表查询] completed in 8 ms
[2026-09-18 15:45:00.347] [gas-forecast] [] [] [c.g.forecast.common.web.WebLogAspect] [http-nio-8080-exec-4] [INFO] - Request [行业列表查询] completed in 6 ms
[2026-09-18 15:45:00.350] [gas-forecast] [] [] [c.g.forecast.common.web.WebLogAspect] [http-nio-8080-exec-6] [INFO] - Request [客户列表分页查询] completed in 8 ms
[2026-09-18 15:45:00.352] [gas-forecast] [] [] [c.g.forecast.common.web.WebLogAspect] [http-nio-8080-exec-3] [INFO] - Request [模型列表查询] completed in 170 ms
[2026-09-18 15:45:01.822] [gas-forecast] [] [] [c.g.forecast.common.web.WebLogAspect] [http-nio-8080-exec-8] [INFO] - Request [模型列表查询] POST /gas-forecast/model-config/listPage args={reqDTO=ModelConfigPageReqDTO[page=1, size=1000, keyword=null]}
[2026-09-18 15:45:01.826] [gas-forecast] [] [] [c.g.forecast.common.web.WebLogAspect] [http-nio-8080-exec-10] [INFO] - Request [行业列表查询] POST /gas-forecast/base-industry/listPage args={reqDTO=BaseIndustryPageReqDTO[page=1, size=1000, keyword=null]}
[2026-09-18 15:45:01.826] [gas-forecast] [] [] [c.g.forecast.common.web.WebLogAspect] [http-nio-8080-exec-7] [INFO] - Request [区域列表查询] POST /gas-forecast/base-region/listPage args={reqDTO=BaseRegionPageReqDTO[page=1, size=1000, keyword=null]}
[2026-09-18 15:45:01.828] [gas-forecast] [] [] [c.g.forecast.common.web.WebLogAspect] [http-nio-8080-exec-9] [INFO] - Request [客户列表分页查询] POST /gas-forecast/base-customer/listPage args={reqDTO=BaseCustomerPageReqDTO[page=1, size=1000, keyword=null]}
[2026-09-18 15:45:01.833] [gas-forecast] [] [] [c.g.forecast.common.web.WebLogAspect] [http-nio-8080-exec-7] [INFO] - Request [区域列表查询] completed in 7 ms
[2026-09-18 15:45:01.833] [gas-forecast] [] [] [c.g.forecast.common.web.WebLogAspect] [http-nio-8080-exec-10] [INFO] - Request [行业列表查询] completed in 7 ms
[2026-09-18 15:45:01.833] [gas-forecast] [] [] [c.g.forecast.common.web.WebLogAspect] [http-nio-8080-exec-9] [INFO] - Request [客户列表分页查询] completed in 5 ms
[2026-09-18 15:45:01.834] [gas-forecast] [] [] [c.g.forecast.common.web.WebLogAspect] [http-nio-8080-exec-8] [INFO] - Request [模型列表查询] completed in 12 ms
[2026-09-18 15:46:57.083] [gas-forecast] [] [] [c.g.forecast.common.web.WebLogAspect] [http-nio-8080-exec-5] [INFO] - Request [模型列表查询] POST /gas-forecast/model-config/listPage args={reqDTO=ModelConfigPageReqDTO[page=1, size=1000, keyword=null]}
[2026-09-18 15:46:57.084] [gas-forecast] [] [] [c.g.forecast.common.web.WebLogAspect] [http-nio-8080-exec-6] [INFO] - Request [模型训练配置列表查询] POST /gas-forecast/model-train-config/listPage args={reqDTO=ModelTrainConfigPageReqDTO[page=1, size=10, keyword=null, agentCode=null, trainFrequency=null]}
[2026-09-18 15:46:57.093] [gas-forecast] [] [] [c.g.forecast.common.web.WebLogAspect] [http-nio-8080-exec-6] [INFO] - Request [模型训练配置列表查询] completed in 9 ms
[2026-09-18 15:46:57.094] [gas-forecast] [] [] [c.g.forecast.common.web.WebLogAspect] [http-nio-8080-exec-4] [INFO] - Request [行业列表查询] POST /gas-forecast/base-industry/listPage args={reqDTO=BaseIndustryPageReqDTO[page=1, size=1000, keyword=null]}
[2026-09-18 15:46:57.094] [gas-forecast] [] [] [c.g.forecast.common.web.WebLogAspect] [http-nio-8080-exec-2] [INFO] - Request [客户列表分页查询] POST /gas-forecast/base-customer/listPage args={reqDTO=BaseCustomerPageReqDTO[page=1, size=1000, keyword=null]}
[2026-09-18 15:46:57.094] [gas-forecast] [] [] [c.g.forecast.common.web.WebLogAspect] [http-nio-8080-exec-1] [INFO] - Request [区域列表查询] POST /gas-forecast/base-region/listPage args={reqDTO=BaseRegionPageReqDTO[page=1, size=1000, keyword=null]}
[2026-09-18 15:46:57.100] [gas-forecast] [] [] [c.g.forecast.common.web.WebLogAspect] [http-nio-8080-exec-1] [INFO] - Request [区域列表查询] completed in 6 ms
[2026-09-18 15:46:57.101] [gas-forecast] [] [] [c.g.forecast.common.web.WebLogAspect] [http-nio-8080-exec-4] [INFO] - Request [行业列表查询] completed in 7 ms
[2026-09-18 15:46:57.102] [gas-forecast] [] [] [c.g.forecast.common.web.WebLogAspect] [http-nio-8080-exec-2] [INFO] - Request [客户列表分页查询] completed in 8 ms
[2026-09-18 15:46:57.103] [gas-forecast] [] [] [c.g.forecast.common.web.WebLogAspect] [http-nio-8080-exec-5] [INFO] - Request [模型列表查询] completed in 20 ms
[2026-09-18 15:47:32.878] [gas-forecast] [] [] [c.g.forecast.common.web.WebLogAspect] [http-nio-8080-exec-3] [INFO] - Request [获取当前登录用户权限] GET /gas-forecast/auth/permissions args={}
[2026-09-18 15:47:32.889] [gas-forecast] [] [] [c.g.forecast.common.web.WebLogAspect] [http-nio-8080-exec-3] [INFO] - Request [获取当前登录用户权限] completed in 11 ms
[2026-09-18 15:47:32.906] [gas-forecast] [] [] [c.g.forecast.common.web.WebLogAspect] [http-nio-8080-exec-7] [INFO] - Request [模型列表查询] POST /gas-forecast/model-config/listPage args={reqDTO=ModelConfigPageReqDTO[page=1, size=1000, keyword=null]}
[2026-09-18 15:47:32.906] [gas-forecast] [] [] [c.g.forecast.common.web.WebLogAspect] [http-nio-8080-exec-6] [INFO] - Request [模型训练配置列表查询] POST /gas-forecast/model-train-config/listPage args={reqDTO=ModelTrainConfigPageReqDTO[page=1, size=10, keyword=null, agentCode=null, trainFrequency=null]}
[2026-09-18 15:47:32.909] [gas-forecast] [] [] [c.g.forecast.common.web.WebLogAspect] [http-nio-8080-exec-9] [INFO] - Request [区域列表查询] POST /gas-forecast/base-region/listPage args={reqDTO=BaseRegionPageReqDTO[page=1, size=1000, keyword=null]}
[2026-09-18 15:47:32.909] [gas-forecast] [] [] [c.g.forecast.common.web.WebLogAspect] [http-nio-8080-exec-10] [INFO] - Request [行业列表查询] POST /gas-forecast/base-industry/listPage args={reqDTO=BaseIndustryPageReqDTO[page=1, size=1000, keyword=null]}
[2026-09-18 15:47:32.909] [gas-forecast] [] [] [c.g.forecast.common.web.WebLogAspect] [http-nio-8080-exec-8] [INFO] - Request [客户列表分页查询] POST /gas-forecast/base-customer/listPage args={reqDTO=BaseCustomerPageReqDTO[page=1, size=1000, keyword=null]}
[2026-09-18 15:47:32.910] [gas-forecast] [] [] [c.g.forecast.common.web.WebLogAspect] [http-nio-8080-exec-6] [INFO] - Request [模型训练配置列表查询] completed in 4 ms
[2026-09-18 15:47:32.913] [gas-forecast] [] [] [c.g.forecast.common.web.WebLogAspect] [http-nio-8080-exec-9] [INFO] - Request [区域列表查询] completed in 4 ms
[2026-09-18 15:47:32.913] [gas-forecast] [] [] [c.g.forecast.common.web.WebLogAspect] [http-nio-8080-exec-10] [INFO] - Request [行业列表查询] completed in 4 ms
[2026-09-18 15:47:32.914] [gas-forecast] [] [] [c.g.forecast.common.web.WebLogAspect] [http-nio-8080-exec-8] [INFO] - Request [客户列表分页查询] completed in 5 ms
[2026-09-18 15:47:32.916] [gas-forecast] [] [] [c.g.forecast.common.web.WebLogAspect] [http-nio-8080-exec-7] [INFO] - Request [模型列表查询] completed in 10 ms
[2026-09-18 15:47:33.890] [gas-forecast] [] [] [c.g.forecast.common.web.WebLogAspect] [http-nio-8080-exec-4] [INFO] - Request [模型列表查询] POST /gas-forecast/model-config/listPage args={reqDTO=ModelConfigPageReqDTO[page=1, size=1000, keyword=null]}
[2026-09-18 15:47:33.893] [gas-forecast] [] [] [c.g.forecast.common.web.WebLogAspect] [http-nio-8080-exec-5] [INFO] - Request [客户列表分页查询] POST /gas-forecast/base-customer/listPage args={reqDTO=BaseCustomerPageReqDTO[page=1, size=1000, keyword=null]}
[2026-09-18 15:47:33.893] [gas-forecast] [] [] [c.g.forecast.common.web.WebLogAspect] [http-nio-8080-exec-1] [INFO] - Request [区域列表查询] POST /gas-forecast/base-region/listPage args={reqDTO=BaseRegionPageReqDTO[page=1, size=1000, keyword=null]}
[2026-09-18 15:47:33.893] [gas-forecast] [] [] [c.g.forecast.common.web.WebLogAspect] [http-nio-8080-exec-2] [INFO] - Request [行业列表查询] POST /gas-forecast/base-industry/listPage args={reqDTO=BaseIndustryPageReqDTO[page=1, size=1000, keyword=null]}
[2026-09-18 15:47:33.898] [gas-forecast] [] [] [c.g.forecast.common.web.WebLogAspect] [http-nio-8080-exec-2] [INFO] - Request [行业列表查询] completed in 5 ms
[2026-09-18 15:47:33.898] [gas-forecast] [] [] [c.g.forecast.common.web.WebLogAspect] [http-nio-8080-exec-1] [INFO] - Request [区域列表查询] completed in 5 ms
[2026-09-18 15:47:33.899] [gas-forecast] [] [] [c.g.forecast.common.web.WebLogAspect] [http-nio-8080-exec-4] [INFO] - Request [模型列表查询] completed in 9 ms
[2026-09-18 15:47:33.902] [gas-forecast] [] [] [c.g.forecast.common.web.WebLogAspect] [http-nio-8080-exec-5] [INFO] - Request [客户列表分页查询] completed in 9 ms
[2026-09-18 15:52:59.139] [gas-forecast] [] [] [c.g.forecast.common.web.WebLogAspect] [http-nio-8080-exec-3] [INFO] - Request [模型列表查询] POST /gas-forecast/model-config/listPage args={reqDTO=ModelConfigPageReqDTO[page=1, size=1000, keyword=null]}
[2026-09-18 15:52:59.139] [gas-forecast] [] [] [c.g.forecast.common.web.WebLogAspect] [http-nio-8080-exec-10] [INFO] - Request [模型训练配置列表查询] POST /gas-forecast/model-train-config/listPage args={reqDTO=ModelTrainConfigPageReqDTO[page=1, size=10, keyword=null, agentCode=null, trainFrequency=null]}
[2026-09-18 15:52:59.149] [gas-forecast] [] [] [c.g.forecast.common.web.WebLogAspect] [http-nio-8080-exec-10] [INFO] - Request [模型训练配置列表查询] completed in 10 ms
[2026-09-18 15:52:59.150] [gas-forecast] [] [] [c.g.forecast.common.web.WebLogAspect] [http-nio-8080-exec-6] [INFO] - Request [区域列表查询] POST /gas-forecast/base-region/listPage args={reqDTO=BaseRegionPageReqDTO[page=1, size=1000, keyword=null]}
[2026-09-18 15:52:59.150] [gas-forecast] [] [] [c.g.forecast.common.web.WebLogAspect] [http-nio-8080-exec-9] [INFO] - Request [客户列表分页查询] POST /gas-forecast/base-customer/listPage args={reqDTO=BaseCustomerPageReqDTO[page=1, size=1000, keyword=null]}
[2026-09-18 15:52:59.150] [gas-forecast] [] [] [c.g.forecast.common.web.WebLogAspect] [http-nio-8080-exec-8] [INFO] - Request [行业列表查询] POST /gas-forecast/base-industry/listPage args={reqDTO=BaseIndustryPageReqDTO[page=1, size=1000, keyword=null]}
[2026-09-18 15:52:59.154] [gas-forecast] [] [] [c.g.forecast.common.web.WebLogAspect] [http-nio-8080-exec-8] [INFO] - Request [行业列表查询] completed in 4 ms
[2026-09-18 15:52:59.154] [gas-forecast] [] [] [c.g.forecast.common.web.WebLogAspect] [http-nio-8080-exec-6] [INFO] - Request [区域列表查询] completed in 4 ms
[2026-09-18 15:52:59.156] [gas-forecast] [] [] [c.g.forecast.common.web.WebLogAspect] [http-nio-8080-exec-9] [INFO] - Request [客户列表分页查询] completed in 6 ms
[2026-09-18 15:52:59.159] [gas-forecast] [] [] [c.g.forecast.common.web.WebLogAspect] [http-nio-8080-exec-3] [INFO] - Request [模型列表查询] completed in 20 ms
[2026-09-18 15:53:27.451] [gas-forecast] [] [] [c.g.forecast.common.web.WebLogAspect] [http-nio-8080-exec-7] [INFO] - Request [模型列表查询] POST /gas-forecast/model-config/listPage args={reqDTO=ModelConfigPageReqDTO[page=1, size=1000, keyword=null]}
[2026-09-18 15:53:27.451] [gas-forecast] [] [] [c.g.forecast.common.web.WebLogAspect] [http-nio-8080-exec-5] [INFO] - Request [模型训练配置列表查询] POST /gas-forecast/model-train-config/listPage args={reqDTO=ModelTrainConfigPageReqDTO[page=1, size=10, keyword=null, agentCode=null, trainFrequency=null]}
[2026-09-18 15:53:27.455] [gas-forecast] [] [] [c.g.forecast.common.web.WebLogAspect] [http-nio-8080-exec-4] [INFO] - Request [客户列表分页查询] POST /gas-forecast/base-customer/listPage args={reqDTO=BaseCustomerPageReqDTO[page=1, size=1000, keyword=null]}
[2026-09-18 15:53:27.456] [gas-forecast] [] [] [c.g.forecast.common.web.WebLogAspect] [http-nio-8080-exec-2] [INFO] - Request [区域列表查询] POST /gas-forecast/base-region/listPage args={reqDTO=BaseRegionPageReqDTO[page=1, size=1000, keyword=null]}
[2026-09-18 15:53:27.456] [gas-forecast] [] [] [c.g.forecast.common.web.WebLogAspect] [http-nio-8080-exec-1] [INFO] - Request [行业列表查询] POST /gas-forecast/base-industry/listPage args={reqDTO=BaseIndustryPageReqDTO[page=1, size=1000, keyword=null]}
[2026-09-18 15:53:27.456] [gas-forecast] [] [] [c.g.forecast.common.web.WebLogAspect] [http-nio-8080-exec-5] [INFO] - Request [模型训练配置列表查询] completed in 5 ms
[2026-09-18 15:53:27.461] [gas-forecast] [] [] [c.g.forecast.common.web.WebLogAspect] [http-nio-8080-exec-1] [INFO] - Request [行业列表查询] completed in 5 ms
[2026-09-18 15:53:27.461] [gas-forecast] [] [] [c.g.forecast.common.web.WebLogAspect] [http-nio-8080-exec-2] [INFO] - Request [区域列表查询] completed in 5 ms
[2026-09-18 15:53:27.462] [gas-forecast] [] [] [c.g.forecast.common.web.WebLogAspect] [http-nio-8080-exec-4] [INFO] - Request [客户列表分页查询] completed in 7 ms
[2026-09-18 15:53:27.466] [gas-forecast] [] [] [c.g.forecast.common.web.WebLogAspect] [http-nio-8080-exec-7] [INFO] - Request [模型列表查询] completed in 15 ms
[2026-09-18 15:57:13.314] [gas-forecast] [] [] [c.g.forecast.common.web.WebLogAspect] [http-nio-8080-exec-10] [INFO] - Request [模型列表查询] POST /gas-forecast/model-config/listPage args={reqDTO=ModelConfigPageReqDTO[page=1, size=1000, keyword=null]}
[2026-09-18 15:57:13.315] [gas-forecast] [] [] [c.g.forecast.common.web.WebLogAspect] [http-nio-8080-exec-3] [INFO] - Request [模型训练配置列表查询] POST /gas-forecast/model-train-config/listPage args={reqDTO=ModelTrainConfigPageReqDTO[page=1, size=10, keyword=null, agentCode=null, trainFrequency=null]}
[2026-09-18 15:57:13.327] [gas-forecast] [] [] [c.g.forecast.common.web.WebLogAspect] [http-nio-8080-exec-3] [INFO] - Request [模型训练配置列表查询] completed in 12 ms
[2026-09-18 15:57:13.327] [gas-forecast] [] [] [c.g.forecast.common.web.WebLogAspect] [http-nio-8080-exec-6] [INFO] - Request [行业列表查询] POST /gas-forecast/base-industry/listPage args={reqDTO=BaseIndustryPageReqDTO[page=1, size=1000, keyword=null]}
[2026-09-18 15:57:13.327] [gas-forecast] [] [] [c.g.forecast.common.web.WebLogAspect] [http-nio-8080-exec-9] [INFO] - Request [客户列表分页查询] POST /gas-forecast/base-customer/listPage args={reqDTO=BaseCustomerPageReqDTO[page=1, size=1000, keyword=null]}
[2026-09-18 15:57:13.327] [gas-forecast] [] [] [c.g.forecast.common.web.WebLogAspect] [http-nio-8080-exec-8] [INFO] - Request [区域列表查询] POST /gas-forecast/base-region/listPage args={reqDTO=BaseRegionPageReqDTO[page=1, size=1000, keyword=null]}
[2026-09-18 15:57:13.336] [gas-forecast] [] [] [c.g.forecast.common.web.WebLogAspect] [http-nio-8080-exec-8] [INFO] - Request [区域列表查询] completed in 9 ms
[2026-09-18 15:57:13.336] [gas-forecast] [] [] [c.g.forecast.common.web.WebLogAspect] [http-nio-8080-exec-6] [INFO] - Request [行业列表查询] completed in 9 ms
[2026-09-18 15:57:13.337] [gas-forecast] [] [] [c.g.forecast.common.web.WebLogAspect] [http-nio-8080-exec-9] [INFO] - Request [客户列表分页查询] completed in 10 ms
[2026-09-18 15:57:13.338] [gas-forecast] [] [] [c.g.forecast.common.web.WebLogAspect] [http-nio-8080-exec-10] [INFO] - Request [模型列表查询] completed in 24 ms
[2026-09-18 15:57:36.025] [gas-forecast] [] [] [c.g.forecast.common.web.WebLogAspect] [http-nio-8080-exec-5] [INFO] - Request [模型列表查询] POST /gas-forecast/model-config/listPage args={reqDTO=ModelConfigPageReqDTO[page=1, size=1000, keyword=null]}
[2026-09-18 15:57:36.026] [gas-forecast] [] [] [c.g.forecast.common.web.WebLogAspect] [http-nio-8080-exec-7] [INFO] - Request [模型训练配置列表查询] POST /gas-forecast/model-train-config/listPage args={reqDTO=ModelTrainConfigPageReqDTO[page=1, size=10, keyword=null, agentCode=null, trainFrequency=null]}
[2026-09-18 15:57:36.029] [gas-forecast] [] [] [c.g.forecast.common.web.WebLogAspect] [http-nio-8080-exec-4] [INFO] - Request [客户列表分页查询] POST /gas-forecast/base-customer/listPage args={reqDTO=BaseCustomerPageReqDTO[page=1, size=1000, keyword=null]}
[2026-09-18 15:57:36.029] [gas-forecast] [] [] [c.g.forecast.common.web.WebLogAspect] [http-nio-8080-exec-2] [INFO] - Request [行业列表查询] POST /gas-forecast/base-industry/listPage args={reqDTO=BaseIndustryPageReqDTO[page=1, size=1000, keyword=null]}
[2026-09-18 15:57:36.029] [gas-forecast] [] [] [c.g.forecast.common.web.WebLogAspect] [http-nio-8080-exec-1] [INFO] - Request [区域列表查询] POST /gas-forecast/base-region/listPage args={reqDTO=BaseRegionPageReqDTO[page=1, size=1000, keyword=null]}
[2026-09-18 15:57:36.030] [gas-forecast] [] [] [c.g.forecast.common.web.WebLogAspect] [http-nio-8080-exec-7] [INFO] - Request [模型训练配置列表查询] completed in 4 ms
[2026-09-18 15:57:36.034] [gas-forecast] [] [] [c.g.forecast.common.web.WebLogAspect] [http-nio-8080-exec-1] [INFO] - Request [区域列表查询] completed in 5 ms
[2026-09-18 15:57:36.035] [gas-forecast] [] [] [c.g.forecast.common.web.WebLogAspect] [http-nio-8080-exec-2] [INFO] - Request [行业列表查询] completed in 6 ms
[2026-09-18 15:57:36.035] [gas-forecast] [] [] [c.g.forecast.common.web.WebLogAspect] [http-nio-8080-exec-4] [INFO] - Request [客户列表分页查询] completed in 6 ms
[2026-09-18 15:57:36.037] [gas-forecast] [] [] [c.g.forecast.common.web.WebLogAspect] [http-nio-8080-exec-5] [INFO] - Request [模型列表查询] completed in 12 ms
[2026-09-18 16:01:48.040] [gas-forecast] [] [] [c.g.forecast.common.web.WebLogAspect] [http-nio-8080-exec-3] [INFO] - Request [模型列表查询] POST /gas-forecast/model-config/listPage args={reqDTO=ModelConfigPageReqDTO[page=1, size=1000, keyword=null]}
[2026-09-18 16:01:48.041] [gas-forecast] [] [] [c.g.forecast.common.web.WebLogAspect] [http-nio-8080-exec-10] [INFO] - Request [模型训练配置列表查询] POST /gas-forecast/model-train-config/listPage args={reqDTO=ModelTrainConfigPageReqDTO[page=1, size=10, keyword=null, agentCode=null, trainFrequency=null]}
[2026-09-18 16:01:48.051] [gas-forecast] [] [] [c.g.forecast.common.web.WebLogAspect] [http-nio-8080-exec-10] [INFO] - Request [模型训练配置列表查询] completed in 10 ms
[2026-09-18 16:01:48.053] [gas-forecast] [] [] [c.g.forecast.common.web.WebLogAspect] [http-nio-8080-exec-9] [INFO] - Request [客户列表分页查询] POST /gas-forecast/base-customer/listPage args={reqDTO=BaseCustomerPageReqDTO[page=1, size=1000, keyword=null]}
[2026-09-18 16:01:48.053] [gas-forecast] [] [] [c.g.forecast.common.web.WebLogAspect] [http-nio-8080-exec-8] [INFO] - Request [区域列表查询] POST /gas-forecast/base-region/listPage args={reqDTO=BaseRegionPageReqDTO[page=1, size=1000, keyword=null]}
[2026-09-18 16:01:48.053] [gas-forecast] [] [] [c.g.forecast.common.web.WebLogAspect] [http-nio-8080-exec-6] [INFO] - Request [行业列表查询] POST /gas-forecast/base-industry/listPage args={reqDTO=BaseIndustryPageReqDTO[page=1, size=1000, keyword=null]}
[2026-09-18 16:01:48.058] [gas-forecast] [] [] [c.g.forecast.common.web.WebLogAspect] [http-nio-8080-exec-8] [INFO] - Request [区域列表查询] completed in 5 ms
[2026-09-18 16:01:48.059] [gas-forecast] [] [] [c.g.forecast.common.web.WebLogAspect] [http-nio-8080-exec-3] [INFO] - Request [模型列表查询] completed in 19 ms
[2026-09-18 16:01:48.062] [gas-forecast] [] [] [c.g.forecast.common.web.WebLogAspect] [http-nio-8080-exec-6] [INFO] - Request [行业列表查询] completed in 9 ms
[2026-09-18 16:01:48.062] [gas-forecast] [] [] [c.g.forecast.common.web.WebLogAspect] [http-nio-8080-exec-9] [INFO] - Request [客户列表分页查询] completed in 9 ms
[2026-09-18 16:08:53.343] [gas-forecast] [] [] [o.h.validator.internal.util.Version] [background-preinit] [INFO] - HV000001: Hibernate Validator 8.0.1.Final
[2026-09-18 16:08:53.358] [gas-forecast] [] [] [c.g.f.GasForecastStartupApplication] [main] [INFO] - Starting GasForecastStartupApplication using Java 21.0.11 with PID 54091 (/Users/zoujun/work/workspace/shiyou/gas-forecast/gas-forecast-startup/target/classes started by zoujun in /Users/zoujun/work/workspace/shiyou/gas-forecast)
[2026-09-18 16:08:53.358] [gas-forecast] [] [] [c.g.f.GasForecastStartupApplication] [main] [INFO] - The following 1 profile is active: "dev"
[2026-09-18 16:08:53.692] [gas-forecast] [] [] [o.s.d.r.c.RepositoryConfigurationDelegate] [main] [INFO] - Multiple Spring Data modules found, entering strict repository configuration mode
[2026-09-18 16:08:53.694] [gas-forecast] [] [] [o.s.d.r.c.RepositoryConfigurationDelegate] [main] [INFO] - Bootstrapping Spring Data Redis repositories in DEFAULT mode.
[2026-09-18 16:08:53.710] [gas-forecast] [] [] [o.s.d.r.c.RepositoryConfigurationDelegate] [main] [INFO] - Finished Spring Data repository scanning in 10 ms. Found 0 Redis repository interfaces.
[2026-09-18 16:08:54.014] [gas-forecast] [] [] [o.s.b.w.e.tomcat.TomcatWebServer] [main] [INFO] - Tomcat initialized with port 8080 (http)
[2026-09-18 16:08:54.018] [gas-forecast] [] [] [o.a.coyote.http11.Http11NioProtocol] [main] [INFO] - Initializing ProtocolHandler ["http-nio-8080"]
[2026-09-18 16:08:54.018] [gas-forecast] [] [] [o.a.catalina.core.StandardService] [main] [INFO] - Starting service [Tomcat]
[2026-09-18 16:08:54.018] [gas-forecast] [] [] [o.a.catalina.core.StandardEngine] [main] [INFO] - Starting Servlet engine: [Apache Tomcat/10.1.20]
[2026-09-18 16:08:54.035] [gas-forecast] [] [] [o.a.c.c.C.[.[.[/gas-forecast]] [main] [INFO] - Initializing Spring embedded WebApplicationContext
[2026-09-18 16:08:54.035] [gas-forecast] [] [] [o.s.b.w.s.c.ServletWebServerApplicationContext] [main] [INFO] - Root WebApplicationContext: initialization completed in 658 ms
[2026-09-18 16:08:54.739] [gas-forecast] [] [] [o.a.coyote.http11.Http11NioProtocol] [main] [INFO] - Starting ProtocolHandler ["http-nio-8080"]
[2026-09-18 16:08:54.747] [gas-forecast] [] [] [o.s.b.w.e.tomcat.TomcatWebServer] [main] [INFO] - Tomcat started on port 8080 (http) with context path '/gas-forecast'
[2026-09-18 16:08:54.751] [gas-forecast] [] [] [c.g.f.GasForecastStartupApplication] [main] [INFO] - Started GasForecastStartupApplication in 1.59 seconds (process running for 2.076)
[2026-09-18 16:27:25.057] [gas-forecast] [] [] [o.h.validator.internal.util.Version] [background-preinit] [INFO] - HV000001: Hibernate Validator 8.0.1.Final
[2026-09-18 16:27:25.068] [gas-forecast] [] [] [c.g.f.GasForecastStartupApplication] [main] [INFO] - Starting GasForecastStartupApplication using Java 21.0.11 with PID 61077 (/Users/zoujun/work/workspace/shiyou/gas-forecast/gas-forecast-startup/target/classes started by zoujun in /Users/zoujun/work/workspace/shiyou/gas-forecast)
[2026-09-18 16:27:25.068] [gas-forecast] [] [] [c.g.f.GasForecastStartupApplication] [main] [INFO] - The following 1 profile is active: "dev"
[2026-09-18 16:27:25.325] [gas-forecast] [] [] [o.s.d.r.c.RepositoryConfigurationDelegate] [main] [INFO] - Multiple Spring Data modules found, entering strict repository configuration mode
[2026-09-18 16:27:25.326] [gas-forecast] [] [] [o.s.d.r.c.RepositoryConfigurationDelegate] [main] [INFO] - Bootstrapping Spring Data Redis repositories in DEFAULT mode.
[2026-09-18 16:27:25.342] [gas-forecast] [] [] [o.s.d.r.c.RepositoryConfigurationDelegate] [main] [INFO] - Finished Spring Data repository scanning in 10 ms. Found 0 Redis repository interfaces.
[2026-09-18 16:27:25.620] [gas-forecast] [] [] [o.s.b.w.e.tomcat.TomcatWebServer] [main] [INFO] - Tomcat initialized with port 8080 (http)
[2026-09-18 16:27:25.624] [gas-forecast] [] [] [o.a.coyote.http11.Http11NioProtocol] [main] [INFO] - Initializing ProtocolHandler ["http-nio-8080"]
[2026-09-18 16:27:25.624] [gas-forecast] [] [] [o.a.catalina.core.StandardService] [main] [INFO] - Starting service [Tomcat]
[2026-09-18 16:27:25.624] [gas-forecast] [] [] [o.a.catalina.core.StandardEngine] [main] [INFO] - Starting Servlet engine: [Apache Tomcat/10.1.20]
[2026-09-18 16:27:25.642] [gas-forecast] [] [] [o.a.c.c.C.[.[.[/gas-forecast]] [main] [INFO] - Initializing Spring embedded WebApplicationContext
[2026-09-18 16:27:25.642] [gas-forecast] [] [] [o.s.b.w.s.c.ServletWebServerApplicationContext] [main] [INFO] - Root WebApplicationContext: initialization completed in 557 ms
[2026-09-18 16:27:26.315] [gas-forecast] [] [] [o.a.coyote.http11.Http11NioProtocol] [main] [INFO] - Starting ProtocolHandler ["http-nio-8080"]
[2026-09-18 16:27:26.322] [gas-forecast] [] [] [o.s.b.w.e.tomcat.TomcatWebServer] [main] [INFO] - Tomcat started on port 8080 (http) with context path '/gas-forecast'
[2026-09-18 16:27:26.326] [gas-forecast] [] [] [c.g.f.GasForecastStartupApplication] [main] [INFO] - Started GasForecastStartupApplication in 1.447 seconds (process running for 1.729)
[2026-09-18 16:28:00.679] [gas-forecast] [] [] [o.a.c.c.C.[.[.[/gas-forecast]] [http-nio-8080-exec-1] [INFO] - Initializing Spring DispatcherServlet 'dispatcherServlet'
[2026-09-18 16:28:00.680] [gas-forecast] [] [] [o.s.web.servlet.DispatcherServlet] [http-nio-8080-exec-1] [INFO] - Initializing Servlet 'dispatcherServlet'
[2026-09-18 16:28:00.680] [gas-forecast] [] [] [o.s.web.servlet.DispatcherServlet] [http-nio-8080-exec-1] [INFO] - Completed initialization in 0 ms
[2026-09-18 16:28:00.866] [gas-forecast] [] [] [c.g.forecast.common.web.WebLogAspect] [http-nio-8080-exec-1] [INFO] - Request [获取当前登录用户权限] GET /gas-forecast/auth/permissions args={}
[2026-09-18 16:28:00.898] [gas-forecast] [] [] [com.zaxxer.hikari.HikariDataSource] [http-nio-8080-exec-1] [INFO] - HikariPool-1 - Starting...
[2026-09-18 16:28:00.963] [gas-forecast] [] [] [com.zaxxer.hikari.pool.HikariPool] [http-nio-8080-exec-1] [INFO] - HikariPool-1 - Added connection com.mysql.cj.jdbc.ConnectionImpl@69bc463b
[2026-09-18 16:28:00.964] [gas-forecast] [] [] [com.zaxxer.hikari.HikariDataSource] [http-nio-8080-exec-1] [INFO] - HikariPool-1 - Start completed.
[2026-09-18 16:28:01.000] [gas-forecast] [] [] [c.g.forecast.common.web.WebLogAspect] [http-nio-8080-exec-1] [INFO] - Request [获取当前登录用户权限] completed in 134 ms
[2026-09-18 16:28:03.641] [gas-forecast] [] [] [c.g.forecast.common.web.WebLogAspect] [http-nio-8080-exec-4] [INFO] - Request [行业列表查询] POST /gas-forecast/base-industry/listPage args={reqDTO=BaseIndustryPageReqDTO[page=1, size=1000, keyword=null]}
[2026-09-18 16:28:03.641] [gas-forecast] [] [] [c.g.forecast.common.web.WebLogAspect] [http-nio-8080-exec-2] [INFO] - Request [模型列表查询] POST /gas-forecast/model-config/listPage args={reqDTO=ModelConfigPageReqDTO[page=1, size=1000, keyword=null]}
[2026-09-18 16:28:03.641] [gas-forecast] [] [] [c.g.forecast.common.web.WebLogAspect] [http-nio-8080-exec-3] [INFO] - Request [区域列表查询] POST /gas-forecast/base-region/listPage args={reqDTO=BaseRegionPageReqDTO[page=1, size=1000, keyword=null]}
[2026-09-18 16:28:03.641] [gas-forecast] [] [] [c.g.forecast.common.web.WebLogAspect] [http-nio-8080-exec-5] [INFO] - Request [客户列表分页查询] POST /gas-forecast/base-customer/listPage args={reqDTO=BaseCustomerPageReqDTO[page=1, size=1000, keyword=null]}
[2026-09-18 16:28:03.643] [gas-forecast] [] [] [c.g.forecast.common.web.WebLogAspect] [http-nio-8080-exec-6] [INFO] - Request [模型训练配置列表查询] POST /gas-forecast/model-train-config/listPage args={reqDTO=ModelTrainConfigPageReqDTO[page=1, size=10, keyword=null, agentCode=null, timeGranularity=null]}
[2026-09-18 16:28:03.675] [gas-forecast] [] [] [c.g.forecast.common.web.WebLogAspect] [http-nio-8080-exec-6] [INFO] - Request [模型训练配置列表查询] completed in 34 ms
[2026-09-18 16:28:03.676] [gas-forecast] [] [] [c.g.forecast.common.web.WebLogAspect] [http-nio-8080-exec-4] [INFO] - Request [行业列表查询] completed in 35 ms
[2026-09-18 16:28:03.676] [gas-forecast] [] [] [c.g.forecast.common.web.WebLogAspect] [http-nio-8080-exec-5] [INFO] - Request [客户列表分页查询] completed in 35 ms
[2026-09-18 16:28:03.677] [gas-forecast] [] [] [c.g.forecast.common.web.WebLogAspect] [http-nio-8080-exec-3] [INFO] - Request [区域列表查询] completed in 36 ms
[2026-09-18 16:28:03.689] [gas-forecast] [] [] [c.g.forecast.common.web.WebLogAspect] [http-nio-8080-exec-2] [INFO] - Request [模型列表查询] completed in 48 ms
[2026-09-18 16:28:05.608] [gas-forecast] [] [] [c.g.forecast.common.web.WebLogAspect] [http-nio-8080-exec-7] [INFO] - Request [模型列表查询] POST /gas-forecast/model-config/listPage args={reqDTO=ModelConfigPageReqDTO[page=1, size=1000, keyword=null]}
[2026-09-18 16:28:05.613] [gas-forecast] [] [] [c.g.forecast.common.web.WebLogAspect] [http-nio-8080-exec-9] [INFO] - Request [行业列表查询] POST /gas-forecast/base-industry/listPage args={reqDTO=BaseIndustryPageReqDTO[page=1, size=1000, keyword=null]}
[2026-09-18 16:28:05.613] [gas-forecast] [] [] [c.g.forecast.common.web.WebLogAspect] [http-nio-8080-exec-10] [INFO] - Request [客户列表分页查询] POST /gas-forecast/base-customer/listPage args={reqDTO=BaseCustomerPageReqDTO[page=1, size=1000, keyword=null]}
[2026-09-18 16:28:05.613] [gas-forecast] [] [] [c.g.forecast.common.web.WebLogAspect] [http-nio-8080-exec-8] [INFO] - Request [区域列表查询] POST /gas-forecast/base-region/listPage args={reqDTO=BaseRegionPageReqDTO[page=1, size=1000, keyword=null]}
[2026-09-18 16:28:05.618] [gas-forecast] [] [] [c.g.forecast.common.web.WebLogAspect] [http-nio-8080-exec-9] [INFO] - Request [行业列表查询] completed in 6 ms
[2026-09-18 16:28:05.618] [gas-forecast] [] [] [c.g.forecast.common.web.WebLogAspect] [http-nio-8080-exec-8] [INFO] - Request [区域列表查询] completed in 5 ms
[2026-09-18 16:28:05.618] [gas-forecast] [] [] [c.g.forecast.common.web.WebLogAspect] [http-nio-8080-exec-10] [INFO] - Request [客户列表分页查询] completed in 5 ms
[2026-09-18 16:28:05.620] [gas-forecast] [] [] [c.g.forecast.common.web.WebLogAspect] [http-nio-8080-exec-7] [INFO] - Request [模型列表查询] completed in 12 ms
[2026-09-18 16:30:40.637] [gas-forecast] [] [] [c.g.forecast.common.web.WebLogAspect] [http-nio-8080-exec-1] [INFO] - Request [模型列表查询] POST /gas-forecast/model-config/listPage args={reqDTO=ModelConfigPageReqDTO[page=1, size=1000, keyword=null]}
[2026-09-18 16:30:40.637] [gas-forecast] [] [] [c.g.forecast.common.web.WebLogAspect] [http-nio-8080-exec-5] [INFO] - Request [模型训练配置列表查询] POST /gas-forecast/model-train-config/listPage args={reqDTO=ModelTrainConfigPageReqDTO[page=1, size=10, keyword=null, agentCode=null, timeGranularity=null]}
[2026-09-18 16:30:40.650] [gas-forecast] [] [] [c.g.forecast.common.web.WebLogAspect] [http-nio-8080-exec-5] [INFO] - Request [模型训练配置列表查询] completed in 13 ms
[2026-09-18 16:30:40.651] [gas-forecast] [] [] [c.g.forecast.common.web.WebLogAspect] [http-nio-8080-exec-3] [INFO] - Request [客户列表分页查询] POST /gas-forecast/base-customer/listPage args={reqDTO=BaseCustomerPageReqDTO[page=1, size=1000, keyword=null]}
[2026-09-18 16:30:40.651] [gas-forecast] [] [] [c.g.forecast.common.web.WebLogAspect] [http-nio-8080-exec-6] [INFO] - Request [区域列表查询] POST /gas-forecast/base-region/listPage args={reqDTO=BaseRegionPageReqDTO[page=1, size=1000, keyword=null]}
[2026-09-18 16:30:40.652] [gas-forecast] [] [] [c.g.forecast.common.web.WebLogAspect] [http-nio-8080-exec-4] [INFO] - Request [行业列表查询] POST /gas-forecast/base-industry/listPage args={reqDTO=BaseIndustryPageReqDTO[page=1, size=1000, keyword=null]}
[2026-09-18 16:30:40.657] [gas-forecast] [] [] [c.g.forecast.common.web.WebLogAspect] [http-nio-8080-exec-6] [INFO] - Request [区域列表查询] completed in 6 ms
[2026-09-18 16:30:40.657] [gas-forecast] [] [] [c.g.forecast.common.web.WebLogAspect] [http-nio-8080-exec-4] [INFO] - Request [行业列表查询] completed in 5 ms
[2026-09-18 16:30:40.660] [gas-forecast] [] [] [c.g.forecast.common.web.WebLogAspect] [http-nio-8080-exec-3] [INFO] - Request [客户列表分页查询] completed in 9 ms
[2026-09-18 16:30:40.661] [gas-forecast] [] [] [c.g.forecast.common.web.WebLogAspect] [http-nio-8080-exec-1] [INFO] - Request [模型列表查询] completed in 25 ms
[2026-09-18 16:30:40.665] [gas-forecast] [] [] [c.g.forecast.common.web.WebLogAspect] [http-nio-8080-exec-2] [INFO] - Request [模型列表查询] POST /gas-forecast/model-config/listPage args={reqDTO=ModelConfigPageReqDTO[page=1, size=1000, keyword=null]}
[2026-09-18 16:30:40.665] [gas-forecast] [] [] [c.g.forecast.common.web.WebLogAspect] [http-nio-8080-exec-7] [INFO] - Request [模型训练配置列表查询] POST /gas-forecast/model-train-config/listPage args={reqDTO=ModelTrainConfigPageReqDTO[page=1, size=10, keyword=null, agentCode=null, timeGranularity=null]}
[2026-09-18 16:30:40.668] [gas-forecast] [] [] [c.g.forecast.common.web.WebLogAspect] [http-nio-8080-exec-8] [INFO] - Request [区域列表查询] POST /gas-forecast/base-region/listPage args={reqDTO=BaseRegionPageReqDTO[page=1, size=1000, keyword=null]}
[2026-09-18 16:30:40.668] [gas-forecast] [] [] [c.g.forecast.common.web.WebLogAspect] [http-nio-8080-exec-9] [INFO] - Request [行业列表查询] POST /gas-forecast/base-industry/listPage args={reqDTO=BaseIndustryPageReqDTO[page=1, size=1000, keyword=null]}
[2026-09-18 16:30:40.668] [gas-forecast] [] [] [c.g.forecast.common.web.WebLogAspect] [http-nio-8080-exec-10] [INFO] - Request [客户列表分页查询] POST /gas-forecast/base-customer/listPage args={reqDTO=BaseCustomerPageReqDTO[page=1, size=1000, keyword=null]}
[2026-09-18 16:30:40.674] [gas-forecast] [] [] [c.g.forecast.common.web.WebLogAspect] [http-nio-8080-exec-7] [INFO] - Request [模型训练配置列表查询] completed in 9 ms
[2026-09-18 16:30:40.674] [gas-forecast] [] [] [c.g.forecast.common.web.WebLogAspect] [http-nio-8080-exec-9] [INFO] - Request [行业列表查询] completed in 6 ms
[2026-09-18 16:30:40.675] [gas-forecast] [] [] [c.g.forecast.common.web.WebLogAspect] [http-nio-8080-exec-8] [INFO] - Request [区域列表查询] completed in 7 ms
[2026-09-18 16:30:40.676] [gas-forecast] [] [] [c.g.forecast.common.web.WebLogAspect] [http-nio-8080-exec-10] [INFO] - Request [客户列表分页查询] completed in 8 ms
[2026-09-18 16:30:40.676] [gas-forecast] [] [] [c.g.forecast.common.web.WebLogAspect] [http-nio-8080-exec-2] [INFO] - Request [模型列表查询] completed in 12 ms
[2026-09-18 16:34:49.526] [gas-forecast] [] [] [com.zaxxer.hikari.HikariDataSource] [SpringApplicationShutdownHook] [INFO] - HikariPool-1 - Shutdown initiated...
[2026-09-18 16:34:49.528] [gas-forecast] [] [] [com.zaxxer.hikari.HikariDataSource] [SpringApplicationShutdownHook] [INFO] - HikariPool-1 - Shutdown completed.
[2026-09-18 16:34:50.755] [gas-forecast] [] [] [o.h.validator.internal.util.Version] [background-preinit] [INFO] - HV000001: Hibernate Validator 8.0.1.Final
[2026-09-18 16:34:50.766] [gas-forecast] [] [] [c.g.f.GasForecastStartupApplication] [main] [INFO] - Starting GasForecastStartupApplication using Java 21.0.11 with PID 63939 (/Users/zoujun/work/workspace/shiyou/gas-forecast/gas-forecast-startup/target/classes started by zoujun in /Users/zoujun/work/workspace/shiyou/gas-forecast)
[2026-09-18 16:34:50.766] [gas-forecast] [] [] [c.g.f.GasForecastStartupApplication] [main] [INFO] - The following 1 profile is active: "dev"
[2026-09-18 16:34:51.011] [gas-forecast] [] [] [o.s.d.r.c.RepositoryConfigurationDelegate] [main] [INFO] - Multiple Spring Data modules found, entering strict repository configuration mode
[2026-09-18 16:34:51.012] [gas-forecast] [] [] [o.s.d.r.c.RepositoryConfigurationDelegate] [main] [INFO] - Bootstrapping Spring Data Redis repositories in DEFAULT mode.
[2026-09-18 16:34:51.027] [gas-forecast] [] [] [o.s.d.r.c.RepositoryConfigurationDelegate] [main] [INFO] - Finished Spring Data repository scanning in 9 ms. Found 0 Redis repository interfaces.
[2026-09-18 16:34:51.290] [gas-forecast] [] [] [o.s.b.w.e.tomcat.TomcatWebServer] [main] [INFO] - Tomcat initialized with port 8080 (http)
[2026-09-18 16:34:51.294] [gas-forecast] [] [] [o.a.coyote.http11.Http11NioProtocol] [main] [INFO] - Initializing ProtocolHandler ["http-nio-8080"]
[2026-09-18 16:34:51.295] [gas-forecast] [] [] [o.a.catalina.core.StandardService] [main] [INFO] - Starting service [Tomcat]
[2026-09-18 16:34:51.295] [gas-forecast] [] [] [o.a.catalina.core.StandardEngine] [main] [INFO] - Starting Servlet engine: [Apache Tomcat/10.1.20]
[2026-09-18 16:34:51.310] [gas-forecast] [] [] [o.a.c.c.C.[.[.[/gas-forecast]] [main] [INFO] - Initializing Spring embedded WebApplicationContext
[2026-09-18 16:34:51.310] [gas-forecast] [] [] [o.s.b.w.s.c.ServletWebServerApplicationContext] [main] [INFO] - Root WebApplicationContext: initialization completed in 528 ms
[2026-09-18 16:34:51.948] [gas-forecast] [] [] [o.a.coyote.http11.Http11NioProtocol] [main] [INFO] - Starting ProtocolHandler ["http-nio-8080"]
[2026-09-18 16:34:51.956] [gas-forecast] [] [] [o.s.b.w.e.tomcat.TomcatWebServer] [main] [INFO] - Tomcat started on port 8080 (http) with context path '/gas-forecast'
[2026-09-18 16:34:51.959] [gas-forecast] [] [] [c.g.f.GasForecastStartupApplication] [main] [INFO] - Started GasForecastStartupApplication in 1.373 seconds (process running for 1.643)
[2026-09-18 16:35:10.061] [gas-forecast] [] [] [o.a.c.c.C.[.[.[/gas-forecast]] [http-nio-8080-exec-1] [INFO] - Initializing Spring DispatcherServlet 'dispatcherServlet'
[2026-09-18 16:35:10.061] [gas-forecast] [] [] [o.s.web.servlet.DispatcherServlet] [http-nio-8080-exec-1] [INFO] - Initializing Servlet 'dispatcherServlet'
[2026-09-18 16:35:10.062] [gas-forecast] [] [] [o.s.web.servlet.DispatcherServlet] [http-nio-8080-exec-1] [INFO] - Completed initialization in 1 ms
[2026-09-18 16:35:10.137] [gas-forecast] [] [] [c.g.forecast.common.web.WebLogAspect] [http-nio-8080-exec-2] [INFO] - Request [模型列表查询] POST /gas-forecast/model-config/listPage args={reqDTO=ModelConfigPageReqDTO[page=1, size=1000, keyword=null]}
[2026-09-18 16:35:10.138] [gas-forecast] [] [] [c.g.forecast.common.web.WebLogAspect] [http-nio-8080-exec-6] [INFO] - Request [模型训练配置列表查询] POST /gas-forecast/model-train-config/listPage args={reqDTO=ModelTrainConfigPageReqDTO[page=1, size=10, keyword=null, agentCode=null, timeGranularity=null]}
[2026-09-18 16:35:10.187] [gas-forecast] [] [] [com.zaxxer.hikari.HikariDataSource] [http-nio-8080-exec-2] [INFO] - HikariPool-1 - Starting...
[2026-09-18 16:35:10.227] [gas-forecast] [] [] [c.g.forecast.common.web.WebLogAspect] [http-nio-8080-exec-1] [INFO] - Request [获取当前登录用户权限] GET /gas-forecast/auth/permissions args={}
[2026-09-18 16:35:10.252] [gas-forecast] [] [] [com.zaxxer.hikari.pool.HikariPool] [http-nio-8080-exec-2] [INFO] - HikariPool-1 - Added connection com.mysql.cj.jdbc.ConnectionImpl@4e1bb713
[2026-09-18 16:35:10.252] [gas-forecast] [] [] [com.zaxxer.hikari.HikariDataSource] [http-nio-8080-exec-2] [INFO] - HikariPool-1 - Start completed.
[2026-09-18 16:35:10.284] [gas-forecast] [] [] [c.g.forecast.common.web.WebLogAspect] [http-nio-8080-exec-6] [INFO] - Request [模型训练配置列表查询] completed in 148 ms
[2026-09-18 16:35:10.288] [gas-forecast] [] [] [c.g.forecast.common.web.WebLogAspect] [http-nio-8080-exec-4] [INFO] - Request [行业列表查询] POST /gas-forecast/base-industry/listPage args={reqDTO=BaseIndustryPageReqDTO[page=1, size=1000, keyword=null]}
[2026-09-18 16:35:10.290] [gas-forecast] [] [] [c.g.forecast.common.web.WebLogAspect] [http-nio-8080-exec-5] [INFO] - Request [客户列表分页查询] POST /gas-forecast/base-customer/listPage args={reqDTO=BaseCustomerPageReqDTO[page=1, size=1000, keyword=null]}
[2026-09-18 16:35:10.292] [gas-forecast] [] [] [c.g.forecast.common.web.WebLogAspect] [http-nio-8080-exec-1] [INFO] - Request [获取当前登录用户权限] completed in 65 ms
[2026-09-18 16:35:10.295] [gas-forecast] [] [] [c.g.forecast.common.web.WebLogAspect] [http-nio-8080-exec-3] [INFO] - Request [区域列表查询] POST /gas-forecast/base-region/listPage args={reqDTO=BaseRegionPageReqDTO[page=1, size=1000, keyword=null]}
[2026-09-18 16:35:10.296] [gas-forecast] [] [] [c.g.forecast.common.web.WebLogAspect] [http-nio-8080-exec-4] [INFO] - Request [行业列表查询] completed in 8 ms
[2026-09-18 16:35:10.297] [gas-forecast] [] [] [c.g.forecast.common.web.WebLogAspect] [http-nio-8080-exec-5] [INFO] - Request [客户列表分页查询] completed in 7 ms
[2026-09-18 16:35:10.301] [gas-forecast] [] [] [c.g.forecast.common.web.WebLogAspect] [http-nio-8080-exec-3] [INFO] - Request [区域列表查询] completed in 6 ms
[2026-09-18 16:35:10.303] [gas-forecast] [] [] [c.g.forecast.common.web.WebLogAspect] [http-nio-8080-exec-2] [INFO] - Request [模型列表查询] completed in 167 ms
[2026-09-18 16:35:11.513] [gas-forecast] [] [] [c.g.forecast.common.web.WebLogAspect] [http-nio-8080-exec-7] [INFO] - Request [特征定义列表查询] POST /gas-forecast/model-feature-definition/listPage args={reqDTO=ModelFeatureDefinitionPageReqDTO[page=1, size=10, keyword=null, timeGranularity=null]}
[2026-09-18 16:35:11.518] [gas-forecast] [] [] [c.g.forecast.common.web.WebLogAspect] [http-nio-8080-exec-7] [INFO] - Request [特征定义列表查询] completed in 5 ms
[2026-09-18 16:35:12.047] [gas-forecast] [] [] [c.g.forecast.common.web.WebLogAspect] [http-nio-8080-exec-8] [INFO] - Request [模型列表查询] POST /gas-forecast/model-config/listPage args={reqDTO=ModelConfigPageReqDTO[page=1, size=1000, keyword=null]}
[2026-09-18 16:35:12.047] [gas-forecast] [] [] [c.g.forecast.common.web.WebLogAspect] [http-nio-8080-exec-6] [INFO] - Request [模型训练配置列表查询] POST /gas-forecast/model-train-config/listPage args={reqDTO=ModelTrainConfigPageReqDTO[page=1, size=10, keyword=null, agentCode=null, timeGranularity=null]}
[2026-09-18 16:35:12.051] [gas-forecast] [] [] [c.g.forecast.common.web.WebLogAspect] [http-nio-8080-exec-9] [INFO] - Request [区域列表查询] POST /gas-forecast/base-region/listPage args={reqDTO=BaseRegionPageReqDTO[page=1, size=1000, keyword=null]}
[2026-09-18 16:35:12.051] [gas-forecast] [] [] [c.g.forecast.common.web.WebLogAspect] [http-nio-8080-exec-10] [INFO] - Request [行业列表查询] POST /gas-forecast/base-industry/listPage args={reqDTO=BaseIndustryPageReqDTO[page=1, size=1000, keyword=null]}
[2026-09-18 16:35:12.051] [gas-forecast] [] [] [c.g.forecast.common.web.WebLogAspect] [http-nio-8080-exec-1] [INFO] - Request [客户列表分页查询] POST /gas-forecast/base-customer/listPage args={reqDTO=BaseCustomerPageReqDTO[page=1, size=1000, keyword=null]}
[2026-09-18 16:35:12.051] [gas-forecast] [] [] [c.g.forecast.common.web.WebLogAspect] [http-nio-8080-exec-6] [INFO] - Request [模型训练配置列表查询] completed in 4 ms
[2026-09-18 16:35:12.058] [gas-forecast] [] [] [c.g.forecast.common.web.WebLogAspect] [http-nio-8080-exec-10] [INFO] - Request [行业列表查询] completed in 7 ms
[2026-09-18 16:35:12.058] [gas-forecast] [] [] [c.g.forecast.common.web.WebLogAspect] [http-nio-8080-exec-9] [INFO] - Request [区域列表查询] completed in 7 ms
[2026-09-18 16:35:12.061] [gas-forecast] [] [] [c.g.forecast.common.web.WebLogAspect] [http-nio-8080-exec-1] [INFO] - Request [客户列表分页查询] completed in 10 ms
[2026-09-18 16:35:12.062] [gas-forecast] [] [] [c.g.forecast.common.web.WebLogAspect] [http-nio-8080-exec-8] [INFO] - Request [模型列表查询] completed in 16 ms
[2026-09-18 16:35:14.286] [gas-forecast] [] [] [c.g.forecast.common.web.WebLogAspect] [http-nio-8080-exec-4] [INFO] - Request [模型列表查询] POST /gas-forecast/model-config/listPage args={reqDTO=ModelConfigPageReqDTO[page=1, size=1000, keyword=null]}
[2026-09-18 16:35:14.290] [gas-forecast] [] [] [c.g.forecast.common.web.WebLogAspect] [http-nio-8080-exec-5] [INFO] - Request [行业列表查询] POST /gas-forecast/base-industry/listPage args={reqDTO=BaseIndustryPageReqDTO[page=1, size=1000, keyword=null]}
[2026-09-18 16:35:14.290] [gas-forecast] [] [] [c.g.forecast.common.web.WebLogAspect] [http-nio-8080-exec-3] [INFO] - Request [区域列表查询] POST /gas-forecast/base-region/listPage args={reqDTO=BaseRegionPageReqDTO[page=1, size=1000, keyword=null]}
[2026-09-18 16:35:14.290] [gas-forecast] [] [] [c.g.forecast.common.web.WebLogAspect] [http-nio-8080-exec-2] [INFO] - Request [客户列表分页查询] POST /gas-forecast/base-customer/listPage args={reqDTO=BaseCustomerPageReqDTO[page=1, size=1000, keyword=null]}
[2026-09-18 16:35:14.294] [gas-forecast] [] [] [c.g.forecast.common.web.WebLogAspect] [http-nio-8080-exec-3] [INFO] - Request [区域列表查询] completed in 4 ms
[2026-09-18 16:35:14.294] [gas-forecast] [] [] [c.g.forecast.common.web.WebLogAspect] [http-nio-8080-exec-5] [INFO] - Request [行业列表查询] completed in 4 ms
[2026-09-18 16:35:14.295] [gas-forecast] [] [] [c.g.forecast.common.web.WebLogAspect] [http-nio-8080-exec-2] [INFO] - Request [客户列表分页查询] completed in 5 ms
[2026-09-18 16:35:14.297] [gas-forecast] [] [] [c.g.forecast.common.web.WebLogAspect] [http-nio-8080-exec-4] [INFO] - Request [模型列表查询] completed in 11 ms
[2026-09-18 16:36:17.159] [gas-forecast] [] [] [c.g.forecast.common.web.WebLogAspect] [http-nio-8080-exec-7] [INFO] - Request [新增模型训练配置] POST /gas-forecast/model-train-config/create args={reqDTO=ModelTrainConfigCreateReqDTO[configCode=, configName=测试北京冬季智能体训练, agentCode=winter-supply, modelCode=MODEL000001, modelName=冬季保供模型, scopeType=ALL, regionCode=REG000005, regionName=北京, industryCode=null, industryName=, customerCode=, customerName=, trainStartDate=, trainEndDate=, trainMode=RECENT, timeGranularity=TENDAY, recentPeriods=36, enabled=1, remark=]}
[2026-09-18 16:45:16.735] [gas-forecast] [] [] [com.zaxxer.hikari.HikariDataSource] [SpringApplicationShutdownHook] [INFO] - HikariPool-1 - Shutdown initiated...
[2026-09-18 16:45:16.737] [gas-forecast] [] [] [com.zaxxer.hikari.HikariDataSource] [SpringApplicationShutdownHook] [INFO] - HikariPool-1 - Shutdown completed.
[2026-09-18 16:45:17.849] [gas-forecast] [] [] [o.h.validator.internal.util.Version] [background-preinit] [INFO] - HV000001: Hibernate Validator 8.0.1.Final
[2026-09-18 16:45:17.860] [gas-forecast] [] [] [c.g.f.GasForecastStartupApplication] [main] [INFO] - Starting GasForecastStartupApplication using Java 21.0.11 with PID 67098 (/Users/zoujun/work/workspace/shiyou/gas-forecast/gas-forecast-startup/target/classes started by zoujun in /Users/zoujun/work/workspace/shiyou/gas-forecast)
[2026-09-18 16:45:17.860] [gas-forecast] [] [] [c.g.f.GasForecastStartupApplication] [main] [INFO] - The following 1 profile is active: "dev"
[2026-09-18 16:45:18.109] [gas-forecast] [] [] [o.s.d.r.c.RepositoryConfigurationDelegate] [main] [INFO] - Multiple Spring Data modules found, entering strict repository configuration mode
[2026-09-18 16:45:18.110] [gas-forecast] [] [] [o.s.d.r.c.RepositoryConfigurationDelegate] [main] [INFO] - Bootstrapping Spring Data Redis repositories in DEFAULT mode.
[2026-09-18 16:45:18.125] [gas-forecast] [] [] [o.s.d.r.c.RepositoryConfigurationDelegate] [main] [INFO] - Finished Spring Data repository scanning in 9 ms. Found 0 Redis repository interfaces.
[2026-09-18 16:45:18.389] [gas-forecast] [] [] [o.s.b.w.e.tomcat.TomcatWebServer] [main] [INFO] - Tomcat initialized with port 8080 (http)
[2026-09-18 16:45:18.393] [gas-forecast] [] [] [o.a.coyote.http11.Http11NioProtocol] [main] [INFO] - Initializing ProtocolHandler ["http-nio-8080"]
[2026-09-18 16:45:18.394] [gas-forecast] [] [] [o.a.catalina.core.StandardService] [main] [INFO] - Starting service [Tomcat]
[2026-09-18 16:45:18.394] [gas-forecast] [] [] [o.a.catalina.core.StandardEngine] [main] [INFO] - Starting Servlet engine: [Apache Tomcat/10.1.20]
[2026-09-18 16:45:18.409] [gas-forecast] [] [] [o.a.c.c.C.[.[.[/gas-forecast]] [main] [INFO] - Initializing Spring embedded WebApplicationContext
[2026-09-18 16:45:18.410] [gas-forecast] [] [] [o.s.b.w.s.c.ServletWebServerApplicationContext] [main] [INFO] - Root WebApplicationContext: initialization completed in 534 ms
[2026-09-18 16:45:19.067] [gas-forecast] [] [] [o.a.coyote.http11.Http11NioProtocol] [main] [INFO] - Starting ProtocolHandler ["http-nio-8080"]
[2026-09-18 16:45:19.074] [gas-forecast] [] [] [o.s.b.w.e.tomcat.TomcatWebServer] [main] [INFO] - Tomcat started on port 8080 (http) with context path '/gas-forecast'
[2026-09-18 16:45:19.078] [gas-forecast] [] [] [c.g.f.GasForecastStartupApplication] [main] [INFO] - Started GasForecastStartupApplication in 1.421 seconds (process running for 1.67)
[2026-09-18 16:45:28.397] [gas-forecast] [] [] [o.a.c.c.C.[.[.[/gas-forecast]] [http-nio-8080-exec-1] [INFO] - Initializing Spring DispatcherServlet 'dispatcherServlet'
[2026-09-18 16:45:28.397] [gas-forecast] [] [] [o.s.web.servlet.DispatcherServlet] [http-nio-8080-exec-1] [INFO] - Initializing Servlet 'dispatcherServlet'
[2026-09-18 16:45:28.397] [gas-forecast] [] [] [o.s.web.servlet.DispatcherServlet] [http-nio-8080-exec-1] [INFO] - Completed initialization in 0 ms
[2026-09-18 16:45:28.463] [gas-forecast] [] [] [c.g.forecast.common.web.WebLogAspect] [http-nio-8080-exec-1] [INFO] - Request [新增模型训练配置] POST /gas-forecast/model-train-config/create args={reqDTO=ModelTrainConfigCreateReqDTO[configCode=, configName=测试北京冬季智能体训练, agentCode=winter-supply, modelCode=MODEL000001, modelName=冬季保供模型, scopeType=ALL, regionCode=REG000005, regionName=北京, industryCode=null, industryName=, customerCode=, customerName=, trainStartDate=, trainEndDate=, trainMode=RECENT, timeGranularity=TENDAY, recentPeriods=36, enabled=1, remark=]}
[2026-09-18 16:45:28.465] [gas-forecast] [] [] [com.zaxxer.hikari.HikariDataSource] [http-nio-8080-exec-1] [INFO] - HikariPool-1 - Starting...
[2026-09-18 16:45:28.521] [gas-forecast] [] [] [com.zaxxer.hikari.pool.HikariPool] [http-nio-8080-exec-1] [INFO] - HikariPool-1 - Added connection com.mysql.cj.jdbc.ConnectionImpl@24337141
[2026-09-18 16:45:28.522] [gas-forecast] [] [] [com.zaxxer.hikari.HikariDataSource] [http-nio-8080-exec-1] [INFO] - HikariPool-1 - Start completed.
[2026-09-18 16:49:57.346] [gas-forecast] [] [] [com.zaxxer.hikari.HikariDataSource] [SpringApplicationShutdownHook] [INFO] - HikariPool-1 - Shutdown initiated...
[2026-09-18 16:49:57.348] [gas-forecast] [] [] [com.zaxxer.hikari.HikariDataSource] [SpringApplicationShutdownHook] [INFO] - HikariPool-1 - Shutdown completed.
[2026-09-18 16:49:58.361] [gas-forecast] [] [] [o.h.validator.internal.util.Version] [background-preinit] [INFO] - HV000001: Hibernate Validator 8.0.1.Final
[2026-09-18 16:49:58.373] [gas-forecast] [] [] [c.g.f.GasForecastStartupApplication] [main] [INFO] - Starting GasForecastStartupApplication using Java 21.0.11 with PID 68520 (/Users/zoujun/work/workspace/shiyou/gas-forecast/gas-forecast-startup/target/classes started by zoujun in /Users/zoujun/work/workspace/shiyou/gas-forecast)
[2026-09-18 16:49:58.373] [gas-forecast] [] [] [c.g.f.GasForecastStartupApplication] [main] [INFO] - The following 1 profile is active: "dev"
[2026-09-18 16:49:58.625] [gas-forecast] [] [] [o.s.d.r.c.RepositoryConfigurationDelegate] [main] [INFO] - Multiple Spring Data modules found, entering strict repository configuration mode
[2026-09-18 16:49:58.626] [gas-forecast] [] [] [o.s.d.r.c.RepositoryConfigurationDelegate] [main] [INFO] - Bootstrapping Spring Data Redis repositories in DEFAULT mode.
[2026-09-18 16:49:58.641] [gas-forecast] [] [] [o.s.d.r.c.RepositoryConfigurationDelegate] [main] [INFO] - Finished Spring Data repository scanning in 9 ms. Found 0 Redis repository interfaces.
[2026-09-18 16:49:58.936] [gas-forecast] [] [] [o.s.b.w.e.tomcat.TomcatWebServer] [main] [INFO] - Tomcat initialized with port 8080 (http)
[2026-09-18 16:49:58.940] [gas-forecast] [] [] [o.a.coyote.http11.Http11NioProtocol] [main] [INFO] - Initializing ProtocolHandler ["http-nio-8080"]
[2026-09-18 16:49:58.941] [gas-forecast] [] [] [o.a.catalina.core.StandardService] [main] [INFO] - Starting service [Tomcat]
[2026-09-18 16:49:58.941] [gas-forecast] [] [] [o.a.catalina.core.StandardEngine] [main] [INFO] - Starting Servlet engine: [Apache Tomcat/10.1.20]
[2026-09-18 16:49:58.958] [gas-forecast] [] [] [o.a.c.c.C.[.[.[/gas-forecast]] [main] [INFO] - Initializing Spring embedded WebApplicationContext
[2026-09-18 16:49:58.958] [gas-forecast] [] [] [o.s.b.w.s.c.ServletWebServerApplicationContext] [main] [INFO] - Root WebApplicationContext: initialization completed in 568 ms
[2026-09-18 16:49:59.662] [gas-forecast] [] [] [o.a.coyote.http11.Http11NioProtocol] [main] [INFO] - Starting ProtocolHandler ["http-nio-8080"]
[2026-09-18 16:49:59.669] [gas-forecast] [] [] [o.s.b.w.e.tomcat.TomcatWebServer] [main] [INFO] - Tomcat started on port 8080 (http) with context path '/gas-forecast'
[2026-09-18 16:49:59.673] [gas-forecast] [] [] [c.g.f.GasForecastStartupApplication] [main] [INFO] - Started GasForecastStartupApplication in 1.478 seconds (process running for 1.729)
[2026-09-18 16:50:12.924] [gas-forecast] [] [] [o.a.c.c.C.[.[.[/gas-forecast]] [http-nio-8080-exec-1] [INFO] - Initializing Spring DispatcherServlet 'dispatcherServlet'
[2026-09-18 16:50:12.924] [gas-forecast] [] [] [o.s.web.servlet.DispatcherServlet] [http-nio-8080-exec-1] [INFO] - Initializing Servlet 'dispatcherServlet'
[2026-09-18 16:50:12.925] [gas-forecast] [] [] [o.s.web.servlet.DispatcherServlet] [http-nio-8080-exec-1] [INFO] - Completed initialization in 1 ms
[2026-09-18 16:50:12.996] [gas-forecast] [] [] [c.g.forecast.common.web.WebLogAspect] [http-nio-8080-exec-2] [INFO] - Request [模型列表查询] POST /gas-forecast/model-config/listPage args={reqDTO=ModelConfigPageReqDTO[page=1, size=1000, keyword=null]}
[2026-09-18 16:50:12.997] [gas-forecast] [] [] [c.g.forecast.common.web.WebLogAspect] [http-nio-8080-exec-5] [INFO] - Request [模型训练配置列表查询] POST /gas-forecast/model-train-config/listPage args={reqDTO=ModelTrainConfigPageReqDTO[page=1, size=10, keyword=null, agentCode=null, timeGranularity=null]}
[2026-09-18 16:50:13.049] [gas-forecast] [] [] [com.zaxxer.hikari.HikariDataSource] [http-nio-8080-exec-5] [INFO] - HikariPool-1 - Starting...
[2026-09-18 16:50:13.095] [gas-forecast] [] [] [c.g.forecast.common.web.WebLogAspect] [http-nio-8080-exec-1] [INFO] - Request [获取当前登录用户权限] GET /gas-forecast/auth/permissions args={}
[2026-09-18 16:50:13.116] [gas-forecast] [] [] [com.zaxxer.hikari.pool.HikariPool] [http-nio-8080-exec-5] [INFO] - HikariPool-1 - Added connection com.mysql.cj.jdbc.ConnectionImpl@7e1fda25
[2026-09-18 16:50:13.116] [gas-forecast] [] [] [com.zaxxer.hikari.HikariDataSource] [http-nio-8080-exec-5] [INFO] - HikariPool-1 - Start completed.
[2026-09-18 16:50:13.148] [gas-forecast] [] [] [c.g.forecast.common.web.WebLogAspect] [http-nio-8080-exec-5] [INFO] - Request [模型训练配置列表查询] completed in 152 ms
[2026-09-18 16:50:13.153] [gas-forecast] [] [] [c.g.forecast.common.web.WebLogAspect] [http-nio-8080-exec-6] [INFO] - Request [行业列表查询] POST /gas-forecast/base-industry/listPage args={reqDTO=BaseIndustryPageReqDTO[page=1, size=1000, keyword=null]}
[2026-09-18 16:50:13.154] [gas-forecast] [] [] [c.g.forecast.common.web.WebLogAspect] [http-nio-8080-exec-3] [INFO] - Request [区域列表查询] POST /gas-forecast/base-region/listPage args={reqDTO=BaseRegionPageReqDTO[page=1, size=1000, keyword=null]}
[2026-09-18 16:50:13.157] [gas-forecast] [] [] [c.g.forecast.common.web.WebLogAspect] [http-nio-8080-exec-4] [INFO] - Request [客户列表分页查询] POST /gas-forecast/base-customer/listPage args={reqDTO=BaseCustomerPageReqDTO[page=1, size=1000, keyword=null]}
[2026-09-18 16:50:13.157] [gas-forecast] [] [] [c.g.forecast.common.web.WebLogAspect] [http-nio-8080-exec-1] [INFO] - Request [获取当前登录用户权限] completed in 62 ms
[2026-09-18 16:50:13.162] [gas-forecast] [] [] [c.g.forecast.common.web.WebLogAspect] [http-nio-8080-exec-3] [INFO] - Request [区域列表查询] completed in 8 ms
[2026-09-18 16:50:13.163] [gas-forecast] [] [] [c.g.forecast.common.web.WebLogAspect] [http-nio-8080-exec-6] [INFO] - Request [行业列表查询] completed in 10 ms
[2026-09-18 16:50:13.167] [gas-forecast] [] [] [c.g.forecast.common.web.WebLogAspect] [http-nio-8080-exec-4] [INFO] - Request [客户列表分页查询] completed in 11 ms
[2026-09-18 16:50:13.172] [gas-forecast] [] [] [c.g.forecast.common.web.WebLogAspect] [http-nio-8080-exec-2] [INFO] - Request [模型列表查询] completed in 176 ms
[2026-09-18 16:50:16.245] [gas-forecast] [] [] [c.g.forecast.common.web.WebLogAspect] [http-nio-8080-exec-7] [INFO] - Request [模型列表查询] POST /gas-forecast/model-config/listPage args={reqDTO=ModelConfigPageReqDTO[page=1, size=1000, keyword=null]}
[2026-09-18 16:50:16.249] [gas-forecast] [] [] [c.g.forecast.common.web.WebLogAspect] [http-nio-8080-exec-9] [INFO] - Request [客户列表分页查询] POST /gas-forecast/base-customer/listPage args={reqDTO=BaseCustomerPageReqDTO[page=1, size=1000, keyword=null]}
[2026-09-18 16:50:16.249] [gas-forecast] [] [] [c.g.forecast.common.web.WebLogAspect] [http-nio-8080-exec-10] [INFO] - Request [行业列表查询] POST /gas-forecast/base-industry/listPage args={reqDTO=BaseIndustryPageReqDTO[page=1, size=1000, keyword=null]}
[2026-09-18 16:50:16.249] [gas-forecast] [] [] [c.g.forecast.common.web.WebLogAspect] [http-nio-8080-exec-8] [INFO] - Request [区域列表查询] POST /gas-forecast/base-region/listPage args={reqDTO=BaseRegionPageReqDTO[page=1, size=1000, keyword=null]}
[2026-09-18 16:50:16.254] [gas-forecast] [] [] [c.g.forecast.common.web.WebLogAspect] [http-nio-8080-exec-10] [INFO] - Request [行业列表查询] completed in 5 ms
[2026-09-18 16:50:16.254] [gas-forecast] [] [] [c.g.forecast.common.web.WebLogAspect] [http-nio-8080-exec-8] [INFO] - Request [区域列表查询] completed in 5 ms
[2026-09-18 16:50:16.258] [gas-forecast] [] [] [c.g.forecast.common.web.WebLogAspect] [http-nio-8080-exec-9] [INFO] - Request [客户列表分页查询] completed in 9 ms
[2026-09-18 16:50:16.258] [gas-forecast] [] [] [c.g.forecast.common.web.WebLogAspect] [http-nio-8080-exec-7] [INFO] - Request [模型列表查询] completed in 13 ms
[2026-09-18 16:50:56.701] [gas-forecast] [] [] [c.g.forecast.common.web.WebLogAspect] [http-nio-8080-exec-6] [INFO] - Request [新增模型训练配置] POST /gas-forecast/model-train-config/create args={reqDTO=ModelTrainConfigCreateReqDTO[configCode=, configName=测试北京训练, agentCode=winter-supply, modelCode=MODEL000001, modelName=冬季保供模型, scopeType=ALL, regionCode=REG000005, regionName=北京, industryCode=, industryName=, customerCode=, customerName=, trainStartDate=, trainEndDate=, trainMode=RECENT, timeGranularity=TENDAY, recentPeriods=36, enabled=1, remark=]}
[2026-09-18 16:50:56.726] [gas-forecast] [] [] [c.g.forecast.common.web.WebLogAspect] [http-nio-8080-exec-6] [INFO] - Request [新增模型训练配置] completed in 28 ms
[2026-09-18 16:50:56.732] [gas-forecast] [] [] [c.g.forecast.common.web.WebLogAspect] [http-nio-8080-exec-5] [INFO] - Request [模型训练配置列表查询] POST /gas-forecast/model-train-config/listPage args={reqDTO=ModelTrainConfigPageReqDTO[page=1, size=10, keyword=null, agentCode=null, timeGranularity=null]}
[2026-09-18 16:50:56.739] [gas-forecast] [] [] [c.g.forecast.common.web.WebLogAspect] [http-nio-8080-exec-5] [INFO] - Request [模型训练配置列表查询] completed in 7 ms
[2026-09-18 16:52:55.637] [gas-forecast] [] [] [c.g.forecast.common.web.WebLogAspect] [http-nio-8080-exec-3] [INFO] - Request [模型列表查询] POST /gas-forecast/model-config/listPage args={reqDTO=ModelConfigPageReqDTO[page=1, size=1000, keyword=null]}
[2026-09-18 16:52:55.638] [gas-forecast] [] [] [c.g.forecast.common.web.WebLogAspect] [http-nio-8080-exec-10] [INFO] - Request [模型训练配置列表查询] POST /gas-forecast/model-train-config/listPage args={reqDTO=ModelTrainConfigPageReqDTO[page=1, size=10, keyword=null, agentCode=null, timeGranularity=null]}
[2026-09-18 16:52:55.644] [gas-forecast] [] [] [c.g.forecast.common.web.WebLogAspect] [http-nio-8080-exec-1] [INFO] - Request [区域列表查询] POST /gas-forecast/base-region/listPage args={reqDTO=BaseRegionPageReqDTO[page=1, size=1000, keyword=null]}
[2026-09-18 16:52:55.644] [gas-forecast] [] [] [c.g.forecast.common.web.WebLogAspect] [http-nio-8080-exec-2] [INFO] - Request [客户列表分页查询] POST /gas-forecast/base-customer/listPage args={reqDTO=BaseCustomerPageReqDTO[page=1, size=1000, keyword=null]}
[2026-09-18 16:52:55.644] [gas-forecast] [] [] [c.g.forecast.common.web.WebLogAspect] [http-nio-8080-exec-4] [INFO] - Request [行业列表查询] POST /gas-forecast/base-industry/listPage args={reqDTO=BaseIndustryPageReqDTO[page=1, size=1000, keyword=null]}
[2026-09-18 16:52:55.646] [gas-forecast] [] [] [c.g.forecast.common.web.WebLogAspect] [http-nio-8080-exec-10] [INFO] - Request [模型训练配置列表查询] completed in 8 ms
[2026-09-18 16:52:55.650] [gas-forecast] [] [] [c.g.forecast.common.web.WebLogAspect] [http-nio-8080-exec-1] [INFO] - Request [区域列表查询] completed in 6 ms
[2026-09-18 16:52:55.650] [gas-forecast] [] [] [c.g.forecast.common.web.WebLogAspect] [http-nio-8080-exec-4] [INFO] - Request [行业列表查询] completed in 6 ms
[2026-09-18 16:52:55.650] [gas-forecast] [] [] [c.g.forecast.common.web.WebLogAspect] [http-nio-8080-exec-2] [INFO] - Request [客户列表分页查询] completed in 6 ms
[2026-09-18 16:52:55.653] [gas-forecast] [] [] [c.g.forecast.common.web.WebLogAspect] [http-nio-8080-exec-3] [INFO] - Request [模型列表查询] completed in 16 ms
[2026-09-18 17:01:18.482] [gas-forecast] [] [] [com.zaxxer.hikari.HikariDataSource] [SpringApplicationShutdownHook] [INFO] - HikariPool-1 - Shutdown initiated...
[2026-09-18 17:01:18.483] [gas-forecast] [] [] [com.zaxxer.hikari.HikariDataSource] [SpringApplicationShutdownHook] [INFO] - HikariPool-1 - Shutdown completed.
[2026-09-18 17:01:20.167] [gas-forecast] [] [] [o.h.validator.internal.util.Version] [background-preinit] [INFO] - HV000001: Hibernate Validator 8.0.1.Final
[2026-09-18 17:01:20.177] [gas-forecast] [] [] [c.g.f.GasForecastStartupApplication] [main] [INFO] - Starting GasForecastStartupApplication using Java 21.0.11 with PID 72439 (/Users/zoujun/work/workspace/shiyou/gas-forecast/gas-forecast-startup/target/classes started by zoujun in /Users/zoujun/work/workspace/shiyou/gas-forecast)
[2026-09-18 17:01:20.177] [gas-forecast] [] [] [c.g.f.GasForecastStartupApplication] [main] [INFO] - The following 1 profile is active: "dev"
[2026-09-18 17:01:20.429] [gas-forecast] [] [] [o.s.d.r.c.RepositoryConfigurationDelegate] [main] [INFO] - Multiple Spring Data modules found, entering strict repository configuration mode
[2026-09-18 17:01:20.430] [gas-forecast] [] [] [o.s.d.r.c.RepositoryConfigurationDelegate] [main] [INFO] - Bootstrapping Spring Data Redis repositories in DEFAULT mode.
[2026-09-18 17:01:20.448] [gas-forecast] [] [] [o.s.d.r.c.RepositoryConfigurationDelegate] [main] [INFO] - Finished Spring Data repository scanning in 11 ms. Found 0 Redis repository interfaces.
[2026-09-18 17:01:20.729] [gas-forecast] [] [] [o.s.b.w.e.tomcat.TomcatWebServer] [main] [INFO] - Tomcat initialized with port 8080 (http)
[2026-09-18 17:01:20.733] [gas-forecast] [] [] [o.a.coyote.http11.Http11NioProtocol] [main] [INFO] - Initializing ProtocolHandler ["http-nio-8080"]
[2026-09-18 17:01:20.734] [gas-forecast] [] [] [o.a.catalina.core.StandardService] [main] [INFO] - Starting service [Tomcat]
[2026-09-18 17:01:20.734] [gas-forecast] [] [] [o.a.catalina.core.StandardEngine] [main] [INFO] - Starting Servlet engine: [Apache Tomcat/10.1.20]
[2026-09-18 17:01:20.750] [gas-forecast] [] [] [o.a.c.c.C.[.[.[/gas-forecast]] [main] [INFO] - Initializing Spring embedded WebApplicationContext
[2026-09-18 17:01:20.750] [gas-forecast] [] [] [o.s.b.w.s.c.ServletWebServerApplicationContext] [main] [INFO] - Root WebApplicationContext: initialization completed in 558 ms
[2026-09-18 17:01:21.454] [gas-forecast] [] [] [o.a.coyote.http11.Http11NioProtocol] [main] [INFO] - Starting ProtocolHandler ["http-nio-8080"]
[2026-09-18 17:01:21.462] [gas-forecast] [] [] [o.s.b.w.e.tomcat.TomcatWebServer] [main] [INFO] - Tomcat started on port 8080 (http) with context path '/gas-forecast'
[2026-09-18 17:01:21.466] [gas-forecast] [] [] [c.g.f.GasForecastStartupApplication] [main] [INFO] - Started GasForecastStartupApplication in 1.464 seconds (process running for 1.728)
[2026-09-18 17:09:35.387] [gas-forecast] [] [] [o.a.c.c.C.[.[.[/gas-forecast]] [http-nio-8080-exec-2] [INFO] - Initializing Spring DispatcherServlet 'dispatcherServlet'
[2026-09-18 17:09:35.388] [gas-forecast] [] [] [o.s.web.servlet.DispatcherServlet] [http-nio-8080-exec-2] [INFO] - Initializing Servlet 'dispatcherServlet'
[2026-09-18 17:09:35.388] [gas-forecast] [] [] [o.s.web.servlet.DispatcherServlet] [http-nio-8080-exec-2] [INFO] - Completed initialization in 0 ms
[2026-09-18 17:09:35.488] [gas-forecast] [] [] [c.g.forecast.common.web.WebLogAspect] [http-nio-8080-exec-2] [INFO] - Request [模型列表查询] POST /gas-forecast/model-config/listPage args={reqDTO=ModelConfigPageReqDTO[page=1, size=1000, keyword=null]}
[2026-09-18 17:09:35.489] [gas-forecast] [] [] [c.g.forecast.common.web.WebLogAspect] [http-nio-8080-exec-1] [INFO] - Request [模型训练配置列表查询] POST /gas-forecast/model-train-config/listPage args={reqDTO=ModelTrainConfigPageReqDTO[page=1, size=10, keyword=null, agentCode=null, timeGranularity=null]}
[2026-09-18 17:09:35.569] [gas-forecast] [] [] [com.zaxxer.hikari.HikariDataSource] [http-nio-8080-exec-2] [INFO] - HikariPool-1 - Starting...
[2026-09-18 17:09:35.668] [gas-forecast] [] [] [com.zaxxer.hikari.pool.HikariPool] [http-nio-8080-exec-2] [INFO] - HikariPool-1 - Added connection com.mysql.cj.jdbc.ConnectionImpl@2f92adee
[2026-09-18 17:09:35.669] [gas-forecast] [] [] [com.zaxxer.hikari.HikariDataSource] [http-nio-8080-exec-2] [INFO] - HikariPool-1 - Start completed.
[2026-09-18 17:09:35.731] [gas-forecast] [] [] [c.g.forecast.common.web.WebLogAspect] [http-nio-8080-exec-3] [INFO] - Request [区域列表查询] POST /gas-forecast/base-region/listPage args={reqDTO=BaseRegionPageReqDTO[page=1, size=1000, keyword=null]}
[2026-09-18 17:09:35.731] [gas-forecast] [] [] [c.g.forecast.common.web.WebLogAspect] [http-nio-8080-exec-4] [INFO] - Request [客户列表分页查询] POST /gas-forecast/base-customer/listPage args={reqDTO=BaseCustomerPageReqDTO[page=1, size=1000, keyword=null]}
[2026-09-18 17:09:35.732] [gas-forecast] [] [] [c.g.forecast.common.web.WebLogAspect] [http-nio-8080-exec-5] [INFO] - Request [行业列表查询] POST /gas-forecast/base-industry/listPage args={reqDTO=BaseIndustryPageReqDTO[page=1, size=1000, keyword=null]}
[2026-09-18 17:09:35.742] [gas-forecast] [] [] [c.g.forecast.common.web.WebLogAspect] [http-nio-8080-exec-3] [INFO] - Request [区域列表查询] completed in 17 ms
[2026-09-18 17:09:35.742] [gas-forecast] [] [] [c.g.forecast.common.web.WebLogAspect] [http-nio-8080-exec-5] [INFO] - Request [行业列表查询] completed in 10 ms
[2026-09-18 17:09:35.743] [gas-forecast] [] [] [c.g.forecast.common.web.WebLogAspect] [http-nio-8080-exec-4] [INFO] - Request [客户列表分页查询] completed in 18 ms
[2026-09-18 17:09:35.752] [gas-forecast] [] [] [c.g.forecast.common.web.WebLogAspect] [http-nio-8080-exec-2] [INFO] - Request [模型列表查询] completed in 265 ms
[2026-09-18 17:23:49.837] [gas-forecast] [] [] [com.zaxxer.hikari.HikariDataSource] [SpringApplicationShutdownHook] [INFO] - HikariPool-1 - Shutdown initiated...
[2026-09-18 17:23:49.840] [gas-forecast] [] [] [com.zaxxer.hikari.HikariDataSource] [SpringApplicationShutdownHook] [INFO] - HikariPool-1 - Shutdown completed.
[2026-09-18 17:23:51.676] [gas-forecast] [] [] [o.h.validator.internal.util.Version] [background-preinit] [INFO] - HV000001: Hibernate Validator 8.0.1.Final
[2026-09-18 17:23:51.686] [gas-forecast] [] [] [c.g.f.GasForecastStartupApplication] [main] [INFO] - Starting GasForecastStartupApplication using Java 21.0.11 with PID 79324 (/Users/zoujun/work/workspace/shiyou/gas-forecast/gas-forecast-startup/target/classes started by zoujun in /Users/zoujun/work/workspace/shiyou/gas-forecast)
[2026-09-18 17:23:51.686] [gas-forecast] [] [] [c.g.f.GasForecastStartupApplication] [main] [INFO] - The following 1 profile is active: "dev"
[2026-09-18 17:23:51.952] [gas-forecast] [] [] [o.s.d.r.c.RepositoryConfigurationDelegate] [main] [INFO] - Multiple Spring Data modules found, entering strict repository configuration mode
[2026-09-18 17:23:51.953] [gas-forecast] [] [] [o.s.d.r.c.RepositoryConfigurationDelegate] [main] [INFO] - Bootstrapping Spring Data Redis repositories in DEFAULT mode.
[2026-09-18 17:23:51.969] [gas-forecast] [] [] [o.s.d.r.c.RepositoryConfigurationDelegate] [main] [INFO] - Finished Spring Data repository scanning in 10 ms. Found 0 Redis repository interfaces.
[2026-09-18 17:23:52.254] [gas-forecast] [] [] [o.s.b.w.e.tomcat.TomcatWebServer] [main] [INFO] - Tomcat initialized with port 8080 (http)
[2026-09-18 17:23:52.258] [gas-forecast] [] [] [o.a.coyote.http11.Http11NioProtocol] [main] [INFO] - Initializing ProtocolHandler ["http-nio-8080"]
[2026-09-18 17:23:52.259] [gas-forecast] [] [] [o.a.catalina.core.StandardService] [main] [INFO] - Starting service [Tomcat]
[2026-09-18 17:23:52.259] [gas-forecast] [] [] [o.a.catalina.core.StandardEngine] [main] [INFO] - Starting Servlet engine: [Apache Tomcat/10.1.20]
[2026-09-18 17:23:52.276] [gas-forecast] [] [] [o.a.c.c.C.[.[.[/gas-forecast]] [main] [INFO] - Initializing Spring embedded WebApplicationContext
[2026-09-18 17:23:52.277] [gas-forecast] [] [] [o.s.b.w.s.c.ServletWebServerApplicationContext] [main] [INFO] - Root WebApplicationContext: initialization completed in 575 ms
[2026-09-18 17:23:52.949] [gas-forecast] [] [] [o.a.coyote.http11.Http11NioProtocol] [main] [INFO] - Starting ProtocolHandler ["http-nio-8080"]
[2026-09-18 17:23:52.956] [gas-forecast] [] [] [o.s.b.w.e.tomcat.TomcatWebServer] [main] [INFO] - Tomcat started on port 8080 (http) with context path '/gas-forecast'
[2026-09-18 17:23:52.960] [gas-forecast] [] [] [c.g.f.GasForecastStartupApplication] [main] [INFO] - Started GasForecastStartupApplication in 1.465 seconds (process running for 1.719)
[2026-09-18 17:24:05.577] [gas-forecast] [] [] [o.a.c.c.C.[.[.[/gas-forecast]] [http-nio-8080-exec-1] [INFO] - Initializing Spring DispatcherServlet 'dispatcherServlet'
[2026-09-18 17:24:05.577] [gas-forecast] [] [] [o.s.web.servlet.DispatcherServlet] [http-nio-8080-exec-1] [INFO] - Initializing Servlet 'dispatcherServlet'
[2026-09-18 17:24:05.578] [gas-forecast] [] [] [o.s.web.servlet.DispatcherServlet] [http-nio-8080-exec-1] [INFO] - Completed initialization in 1 ms
[2026-09-18 17:24:05.653] [gas-forecast] [] [] [c.g.forecast.common.web.WebLogAspect] [http-nio-8080-exec-2] [INFO] - Request [模型列表查询] POST /gas-forecast/model-config/listPage args={reqDTO=ModelConfigPageReqDTO[page=1, size=1000, keyword=null]}
[2026-09-18 17:24:05.654] [gas-forecast] [] [] [c.g.forecast.common.web.WebLogAspect] [http-nio-8080-exec-6] [INFO] - Request [模型训练配置列表查询] POST /gas-forecast/model-train-config/listPage args={reqDTO=ModelTrainConfigPageReqDTO[page=1, size=10, keyword=null, agentCode=null, timeGranularity=null]}
[2026-09-18 17:24:05.709] [gas-forecast] [] [] [com.zaxxer.hikari.HikariDataSource] [http-nio-8080-exec-6] [INFO] - HikariPool-1 - Starting...
[2026-09-18 17:24:05.747] [gas-forecast] [] [] [c.g.forecast.common.web.WebLogAspect] [http-nio-8080-exec-1] [INFO] - Request [获取当前登录用户权限] GET /gas-forecast/auth/permissions args={}
[2026-09-18 17:24:05.774] [gas-forecast] [] [] [com.zaxxer.hikari.pool.HikariPool] [http-nio-8080-exec-6] [INFO] - HikariPool-1 - Added connection com.mysql.cj.jdbc.ConnectionImpl@3ed7845a
[2026-09-18 17:24:05.774] [gas-forecast] [] [] [com.zaxxer.hikari.HikariDataSource] [http-nio-8080-exec-6] [INFO] - HikariPool-1 - Start completed.
[2026-09-18 17:24:05.806] [gas-forecast] [] [] [c.g.forecast.common.web.WebLogAspect] [http-nio-8080-exec-6] [INFO] - Request [模型训练配置列表查询] completed in 154 ms
[2026-09-18 17:24:05.811] [gas-forecast] [] [] [c.g.forecast.common.web.WebLogAspect] [http-nio-8080-exec-5] [INFO] - Request [客户列表分页查询] POST /gas-forecast/base-customer/listPage args={reqDTO=BaseCustomerPageReqDTO[page=1, size=1000, keyword=null]}
[2026-09-18 17:24:05.813] [gas-forecast] [] [] [c.g.forecast.common.web.WebLogAspect] [http-nio-8080-exec-1] [INFO] - Request [获取当前登录用户权限] completed in 66 ms
[2026-09-18 17:24:05.814] [gas-forecast] [] [] [c.g.forecast.common.web.WebLogAspect] [http-nio-8080-exec-4] [INFO] - Request [行业列表查询] POST /gas-forecast/base-industry/listPage args={reqDTO=BaseIndustryPageReqDTO[page=1, size=1000, keyword=null]}
[2026-09-18 17:24:05.815] [gas-forecast] [] [] [c.g.forecast.common.web.WebLogAspect] [http-nio-8080-exec-3] [INFO] - Request [区域列表查询] POST /gas-forecast/base-region/listPage args={reqDTO=BaseRegionPageReqDTO[page=1, size=1000, keyword=null]}
[2026-09-18 17:24:05.820] [gas-forecast] [] [] [c.g.forecast.common.web.WebLogAspect] [http-nio-8080-exec-4] [INFO] - Request [行业列表查询] completed in 6 ms
[2026-09-18 17:24:05.820] [gas-forecast] [] [] [c.g.forecast.common.web.WebLogAspect] [http-nio-8080-exec-5] [INFO] - Request [客户列表分页查询] completed in 9 ms
[2026-09-18 17:24:05.822] [gas-forecast] [] [] [c.g.forecast.common.web.WebLogAspect] [http-nio-8080-exec-3] [INFO] - Request [区域列表查询] completed in 7 ms
[2026-09-18 17:24:05.827] [gas-forecast] [] [] [c.g.forecast.common.web.WebLogAspect] [http-nio-8080-exec-2] [INFO] - Request [模型列表查询] completed in 175 ms
[2026-09-18 17:24:08.460] [gas-forecast] [] [] [c.g.forecast.common.web.WebLogAspect] [http-nio-8080-exec-7] [INFO] - Request [模型列表查询] POST /gas-forecast/model-config/listPage args={reqDTO=ModelConfigPageReqDTO[page=1, size=1000, keyword=null]}
[2026-09-18 17:24:08.466] [gas-forecast] [] [] [c.g.forecast.common.web.WebLogAspect] [http-nio-8080-exec-9] [INFO] - Request [行业列表查询] POST /gas-forecast/base-industry/listPage args={reqDTO=BaseIndustryPageReqDTO[page=1, size=1000, keyword=null]}
[2026-09-18 17:24:08.466] [gas-forecast] [] [] [c.g.forecast.common.web.WebLogAspect] [http-nio-8080-exec-8] [INFO] - Request [区域列表查询] POST /gas-forecast/base-region/listPage args={reqDTO=BaseRegionPageReqDTO[page=1, size=1000, keyword=null]}
[2026-09-18 17:24:08.466] [gas-forecast] [] [] [c.g.forecast.common.web.WebLogAspect] [http-nio-8080-exec-10] [INFO] - Request [客户列表分页查询] POST /gas-forecast/base-customer/listPage args={reqDTO=BaseCustomerPageReqDTO[page=1, size=1000, keyword=null]}
[2026-09-18 17:24:08.471] [gas-forecast] [] [] [c.g.forecast.common.web.WebLogAspect] [http-nio-8080-exec-8] [INFO] - Request [区域列表查询] completed in 5 ms
[2026-09-18 17:24:08.471] [gas-forecast] [] [] [c.g.forecast.common.web.WebLogAspect] [http-nio-8080-exec-9] [INFO] - Request [行业列表查询] completed in 5 ms
[2026-09-18 17:24:08.471] [gas-forecast] [] [] [c.g.forecast.common.web.WebLogAspect] [http-nio-8080-exec-10] [INFO] - Request [客户列表分页查询] completed in 5 ms
[2026-09-18 17:24:08.474] [gas-forecast] [] [] [c.g.forecast.common.web.WebLogAspect] [http-nio-8080-exec-7] [INFO] - Request [模型列表查询] completed in 14 ms
[2026-09-18 17:24:23.970] [gas-forecast] [] [] [c.g.forecast.common.web.WebLogAspect] [http-nio-8080-exec-3] [INFO] - Request [模型列表查询] POST /gas-forecast/model-config/listPage args={reqDTO=ModelConfigPageReqDTO[page=1, size=1000, keyword=null]}
[2026-09-18 17:24:23.973] [gas-forecast] [] [] [c.g.forecast.common.web.WebLogAspect] [http-nio-8080-exec-5] [INFO] - Request [客户列表分页查询] POST /gas-forecast/base-customer/listPage args={reqDTO=BaseCustomerPageReqDTO[page=1, size=1000, keyword=null]}
[2026-09-18 17:24:23.973] [gas-forecast] [] [] [c.g.forecast.common.web.WebLogAspect] [http-nio-8080-exec-6] [INFO] - Request [行业列表查询] POST /gas-forecast/base-industry/listPage args={reqDTO=BaseIndustryPageReqDTO[page=1, size=1000, keyword=null]}
[2026-09-18 17:24:23.973] [gas-forecast] [] [] [c.g.forecast.common.web.WebLogAspect] [http-nio-8080-exec-4] [INFO] - Request [区域列表查询] POST /gas-forecast/base-region/listPage args={reqDTO=BaseRegionPageReqDTO[page=1, size=1000, keyword=null]}
[2026-09-18 17:24:23.976] [gas-forecast] [] [] [c.g.forecast.common.web.WebLogAspect] [http-nio-8080-exec-6] [INFO] - Request [行业列表查询] completed in 3 ms
[2026-09-18 17:24:23.978] [gas-forecast] [] [] [c.g.forecast.common.web.WebLogAspect] [http-nio-8080-exec-4] [INFO] - Request [区域列表查询] completed in 5 ms
[2026-09-18 17:24:23.978] [gas-forecast] [] [] [c.g.forecast.common.web.WebLogAspect] [http-nio-8080-exec-5] [INFO] - Request [客户列表分页查询] completed in 5 ms
[2026-09-18 17:24:23.980] [gas-forecast] [] [] [c.g.forecast.common.web.WebLogAspect] [http-nio-8080-exec-3] [INFO] - Request [模型列表查询] completed in 10 ms
[2026-09-18 17:26:20.337] [gas-forecast] [] [] [c.g.forecast.common.web.WebLogAspect] [http-nio-8080-exec-1] [INFO] - Request [模型列表查询] POST /gas-forecast/model-config/listPage args={reqDTO=ModelConfigPageReqDTO[page=1, size=1000, keyword=null]}
[2026-09-18 17:26:20.337] [gas-forecast] [] [] [c.g.forecast.common.web.WebLogAspect] [http-nio-8080-exec-10] [INFO] - Request [模型训练配置列表查询] POST /gas-forecast/model-train-config/listPage args={reqDTO=ModelTrainConfigPageReqDTO[page=1, size=10, keyword=null, agentCode=null, timeGranularity=null]}
[2026-09-18 17:26:20.350] [gas-forecast] [] [] [c.g.forecast.common.web.WebLogAspect] [http-nio-8080-exec-8] [INFO] - Request [客户列表分页查询] POST /gas-forecast/base-customer/listPage args={reqDTO=BaseCustomerPageReqDTO[page=1, size=1000, keyword=null]}
[2026-09-18 17:26:20.350] [gas-forecast] [] [] [c.g.forecast.common.web.WebLogAspect] [http-nio-8080-exec-2] [INFO] - Request [区域列表查询] POST /gas-forecast/base-region/listPage args={reqDTO=BaseRegionPageReqDTO[page=1, size=1000, keyword=null]}
[2026-09-18 17:26:20.350] [gas-forecast] [] [] [c.g.forecast.common.web.WebLogAspect] [http-nio-8080-exec-9] [INFO] - Request [行业列表查询] POST /gas-forecast/base-industry/listPage args={reqDTO=BaseIndustryPageReqDTO[page=1, size=1000, keyword=null]}
[2026-09-18 17:26:20.350] [gas-forecast] [] [] [c.g.forecast.common.web.WebLogAspect] [http-nio-8080-exec-10] [INFO] - Request [模型训练配置列表查询] completed in 13 ms
[2026-09-18 17:26:20.356] [gas-forecast] [] [] [c.g.forecast.common.web.WebLogAspect] [http-nio-8080-exec-2] [INFO] - Request [区域列表查询] completed in 6 ms
[2026-09-18 17:26:20.357] [gas-forecast] [] [] [c.g.forecast.common.web.WebLogAspect] [http-nio-8080-exec-8] [INFO] - Request [客户列表分页查询] completed in 7 ms
[2026-09-18 17:26:20.357] [gas-forecast] [] [] [c.g.forecast.common.web.WebLogAspect] [http-nio-8080-exec-9] [INFO] - Request [行业列表查询] completed in 7 ms
[2026-09-18 17:26:20.358] [gas-forecast] [] [] [c.g.forecast.common.web.WebLogAspect] [http-nio-8080-exec-1] [INFO] - Request [模型列表查询] completed in 21 ms
[2026-09-18 17:27:46.057] [gas-forecast] [] [] [c.g.forecast.common.web.WebLogAspect] [http-nio-8080-exec-7] [INFO] - Request [获取当前登录用户权限] GET /gas-forecast/auth/permissions args={}
[2026-09-18 17:27:46.078] [gas-forecast] [] [] [c.g.forecast.common.web.WebLogAspect] [http-nio-8080-exec-7] [INFO] - Request [获取当前登录用户权限] completed in 21 ms
[2026-09-18 17:27:46.084] [gas-forecast] [] [] [c.g.forecast.common.web.WebLogAspect] [http-nio-8080-exec-4] [INFO] - Request [模型列表查询] POST /gas-forecast/model-config/listPage args={reqDTO=ModelConfigPageReqDTO[page=1, size=1000, keyword=null]}
[2026-09-18 17:27:46.084] [gas-forecast] [] [] [c.g.forecast.common.web.WebLogAspect] [http-nio-8080-exec-3] [INFO] - Request [模型训练配置列表查询] POST /gas-forecast/model-train-config/listPage args={reqDTO=ModelTrainConfigPageReqDTO[page=1, size=10, keyword=null, agentCode=null, timeGranularity=null]}
[2026-09-18 17:27:46.088] [gas-forecast] [] [] [c.g.forecast.common.web.WebLogAspect] [http-nio-8080-exec-5] [INFO] - Request [行业列表查询] POST /gas-forecast/base-industry/listPage args={reqDTO=BaseIndustryPageReqDTO[page=1, size=1000, keyword=null]}
[2026-09-18 17:27:46.088] [gas-forecast] [] [] [c.g.forecast.common.web.WebLogAspect] [http-nio-8080-exec-6] [INFO] - Request [区域列表查询] POST /gas-forecast/base-region/listPage args={reqDTO=BaseRegionPageReqDTO[page=1, size=1000, keyword=null]}
[2026-09-18 17:27:46.088] [gas-forecast] [] [] [c.g.forecast.common.web.WebLogAspect] [http-nio-8080-exec-10] [INFO] - Request [客户列表分页查询] POST /gas-forecast/base-customer/listPage args={reqDTO=BaseCustomerPageReqDTO[page=1, size=1000, keyword=null]}
[2026-09-18 17:27:46.089] [gas-forecast] [] [] [c.g.forecast.common.web.WebLogAspect] [http-nio-8080-exec-3] [INFO] - Request [模型训练配置列表查询] completed in 5 ms
[2026-09-18 17:27:46.092] [gas-forecast] [] [] [c.g.forecast.common.web.WebLogAspect] [http-nio-8080-exec-5] [INFO] - Request [行业列表查询] completed in 4 ms
[2026-09-18 17:27:46.096] [gas-forecast] [] [] [c.g.forecast.common.web.WebLogAspect] [http-nio-8080-exec-4] [INFO] - Request [模型列表查询] completed in 12 ms
[2026-09-18 17:27:46.096] [gas-forecast] [] [] [c.g.forecast.common.web.WebLogAspect] [http-nio-8080-exec-6] [INFO] - Request [区域列表查询] completed in 8 ms
[2026-09-18 17:27:46.096] [gas-forecast] [] [] [c.g.forecast.common.web.WebLogAspect] [http-nio-8080-exec-10] [INFO] - Request [客户列表分页查询] completed in 8 ms
[2026-09-18 17:27:47.635] [gas-forecast] [] [] [c.g.forecast.common.web.WebLogAspect] [http-nio-8080-exec-8] [INFO] - Request [模型列表查询] POST /gas-forecast/model-config/listPage args={reqDTO=ModelConfigPageReqDTO[page=1, size=1000, keyword=null]}
[2026-09-18 17:27:47.639] [gas-forecast] [] [] [c.g.forecast.common.web.WebLogAspect] [http-nio-8080-exec-2] [INFO] - Request [行业列表查询] POST /gas-forecast/base-industry/listPage args={reqDTO=BaseIndustryPageReqDTO[page=1, size=1000, keyword=null]}
[2026-09-18 17:27:47.639] [gas-forecast] [] [] [c.g.forecast.common.web.WebLogAspect] [http-nio-8080-exec-9] [INFO] - Request [区域列表查询] POST /gas-forecast/base-region/listPage args={reqDTO=BaseRegionPageReqDTO[page=1, size=1000, keyword=null]}
[2026-09-18 17:27:47.639] [gas-forecast] [] [] [c.g.forecast.common.web.WebLogAspect] [http-nio-8080-exec-1] [INFO] - Request [客户列表分页查询] POST /gas-forecast/base-customer/listPage args={reqDTO=BaseCustomerPageReqDTO[page=1, size=1000, keyword=null]}
[2026-09-18 17:27:47.643] [gas-forecast] [] [] [c.g.forecast.common.web.WebLogAspect] [http-nio-8080-exec-2] [INFO] - Request [行业列表查询] completed in 4 ms
[2026-09-18 17:27:47.643] [gas-forecast] [] [] [c.g.forecast.common.web.WebLogAspect] [http-nio-8080-exec-9] [INFO] - Request [区域列表查询] completed in 4 ms
[2026-09-18 17:27:47.645] [gas-forecast] [] [] [c.g.forecast.common.web.WebLogAspect] [http-nio-8080-exec-8] [INFO] - Request [模型列表查询] completed in 10 ms
[2026-09-18 17:27:47.647] [gas-forecast] [] [] [c.g.forecast.common.web.WebLogAspect] [http-nio-8080-exec-1] [INFO] - Request [客户列表分页查询] completed in 8 ms
[2026-09-18 17:28:26.569] [gas-forecast] [] [] [c.g.forecast.common.web.WebLogAspect] [http-nio-8080-exec-7] [INFO] - Request [编辑模型训练配置] POST /gas-forecast/model-train-config/update args={reqDTO=ModelTrainConfigUpdateReqDTO[id=1, trainCode=TRAIN-20260918165056-9486, trainName=测试北京训练, agentCode=winter-supply, modelCode=MODEL000001, modelName=冬季保供模型, regionCode=REG000005, regionName=北京, industryCode=, industryName=, customerCode=, customerName=, trainStartDate=null, trainEndDate=null, trainMode=RECENT, timeGranularity=TENDAY, recentPeriods=36, enabled=1, remark=]}
[2026-09-18 17:28:26.587] [gas-forecast] [] [] [c.g.forecast.common.web.WebLogAspect] [http-nio-8080-exec-7] [INFO] - Request [编辑模型训练配置] completed in 21 ms
[2026-09-18 17:28:26.591] [gas-forecast] [] [] [c.g.forecast.common.web.WebLogAspect] [http-nio-8080-exec-3] [INFO] - Request [模型训练配置列表查询] POST /gas-forecast/model-train-config/listPage args={reqDTO=ModelTrainConfigPageReqDTO[page=1, size=10, keyword=null, agentCode=null, timeGranularity=null]}
[2026-09-18 17:28:26.595] [gas-forecast] [] [] [c.g.forecast.common.web.WebLogAspect] [http-nio-8080-exec-3] [INFO] - Request [模型训练配置列表查询] completed in 4 ms
[2026-09-18 17:32:30.626] [gas-forecast] [] [] [c.g.forecast.common.web.WebLogAspect] [http-nio-8080-exec-2] [INFO] - Request [模型训练配置列表查询] POST /gas-forecast/model-train-config/listPage args={reqDTO=ModelTrainConfigPageReqDTO[page=1, size=10, keyword=null, agentCode=null, timeGranularity=null]}
[2026-09-18 17:32:30.626] [gas-forecast] [] [] [c.g.forecast.common.web.WebLogAspect] [http-nio-8080-exec-5] [INFO] - Request [模型列表查询] POST /gas-forecast/model-config/listPage args={reqDTO=ModelConfigPageReqDTO[page=1, size=1000, keyword=null]}
[2026-09-18 17:32:30.638] [gas-forecast] [] [] [c.g.forecast.common.web.WebLogAspect] [http-nio-8080-exec-10] [INFO] - Request [行业列表查询] POST /gas-forecast/base-industry/listPage args={reqDTO=BaseIndustryPageReqDTO[page=1, size=1000, keyword=null]}
[2026-09-18 17:32:30.638] [gas-forecast] [] [] [c.g.forecast.common.web.WebLogAspect] [http-nio-8080-exec-6] [INFO] - Request [客户列表分页查询] POST /gas-forecast/base-customer/listPage args={reqDTO=BaseCustomerPageReqDTO[page=1, size=1000, keyword=null]}
[2026-09-18 17:32:30.638] [gas-forecast] [] [] [c.g.forecast.common.web.WebLogAspect] [http-nio-8080-exec-4] [INFO] - Request [区域列表查询] POST /gas-forecast/base-region/listPage args={reqDTO=BaseRegionPageReqDTO[page=1, size=1000, keyword=null]}
[2026-09-18 17:32:30.638] [gas-forecast] [] [] [c.g.forecast.common.web.WebLogAspect] [http-nio-8080-exec-2] [INFO] - Request [模型训练配置列表查询] completed in 12 ms
[2026-09-18 17:32:30.648] [gas-forecast] [] [] [c.g.forecast.common.web.WebLogAspect] [http-nio-8080-exec-4] [INFO] - Request [区域列表查询] completed in 10 ms
[2026-09-18 17:32:30.648] [gas-forecast] [] [] [c.g.forecast.common.web.WebLogAspect] [http-nio-8080-exec-10] [INFO] - Request [行业列表查询] completed in 10 ms
[2026-09-18 17:32:30.649] [gas-forecast] [] [] [c.g.forecast.common.web.WebLogAspect] [http-nio-8080-exec-6] [INFO] - Request [客户列表分页查询] completed in 11 ms
[2026-09-18 17:32:30.652] [gas-forecast] [] [] [c.g.forecast.common.web.WebLogAspect] [http-nio-8080-exec-5] [INFO] - Request [模型列表查询] completed in 26 ms
[2026-09-18 17:32:30.660] [gas-forecast] [] [] [c.g.forecast.common.web.WebLogAspect] [http-nio-8080-exec-7] [INFO] - Request [模型训练配置列表查询] POST /gas-forecast/model-train-config/listPage args={reqDTO=ModelTrainConfigPageReqDTO[page=1, size=10, keyword=null, agentCode=null, timeGranularity=null]}
[2026-09-18 17:32:30.660] [gas-forecast] [] [] [c.g.forecast.common.web.WebLogAspect] [http-nio-8080-exec-1] [INFO] - Request [模型列表查询] POST /gas-forecast/model-config/listPage args={reqDTO=ModelConfigPageReqDTO[page=1, size=1000, keyword=null]}
[2026-09-18 17:32:30.664] [gas-forecast] [] [] [c.g.forecast.common.web.WebLogAspect] [http-nio-8080-exec-3] [INFO] - Request [客户列表分页查询] POST /gas-forecast/base-customer/listPage args={reqDTO=BaseCustomerPageReqDTO[page=1, size=1000, keyword=null]}
[2026-09-18 17:32:30.664] [gas-forecast] [] [] [c.g.forecast.common.web.WebLogAspect] [http-nio-8080-exec-8] [INFO] - Request [区域列表查询] POST /gas-forecast/base-region/listPage args={reqDTO=BaseRegionPageReqDTO[page=1, size=1000, keyword=null]}
[2026-09-18 17:32:30.664] [gas-forecast] [] [] [c.g.forecast.common.web.WebLogAspect] [http-nio-8080-exec-9] [INFO] - Request [行业列表查询] POST /gas-forecast/base-industry/listPage args={reqDTO=BaseIndustryPageReqDTO[page=1, size=1000, keyword=null]}
[2026-09-18 17:32:30.667] [gas-forecast] [] [] [c.g.forecast.common.web.WebLogAspect] [http-nio-8080-exec-7] [INFO] - Request [模型训练配置列表查询] completed in 8 ms
[2026-09-18 17:32:30.672] [gas-forecast] [] [] [c.g.forecast.common.web.WebLogAspect] [http-nio-8080-exec-9] [INFO] - Request [行业列表查询] completed in 8 ms
[2026-09-18 17:32:30.673] [gas-forecast] [] [] [c.g.forecast.common.web.WebLogAspect] [http-nio-8080-exec-8] [INFO] - Request [区域列表查询] completed in 9 ms
[2026-09-18 17:32:30.674] [gas-forecast] [] [] [c.g.forecast.common.web.WebLogAspect] [http-nio-8080-exec-3] [INFO] - Request [客户列表分页查询] completed in 10 ms
[2026-09-18 17:32:30.675] [gas-forecast] [] [] [c.g.forecast.common.web.WebLogAspect] [http-nio-8080-exec-1] [INFO] - Request [模型列表查询] completed in 15 ms
[2026-09-18 17:33:26.148] [gas-forecast] [] [] [c.g.forecast.common.web.WebLogAspect] [http-nio-8080-exec-2] [INFO] - Request [模型列表查询] POST /gas-forecast/model-config/listPage args={reqDTO=ModelConfigPageReqDTO[page=1, size=1000, keyword=null]}
[2026-09-18 17:33:26.148] [gas-forecast] [] [] [c.g.forecast.common.web.WebLogAspect] [http-nio-8080-exec-5] [INFO] - Request [模型训练配置列表查询] POST /gas-forecast/model-train-config/listPage args={reqDTO=ModelTrainConfigPageReqDTO[page=1, size=10, keyword=null, agentCode=null, timeGranularity=null]}
[2026-09-18 17:33:26.152] [gas-forecast] [] [] [c.g.forecast.common.web.WebLogAspect] [http-nio-8080-exec-4] [INFO] - Request [行业列表查询] POST /gas-forecast/base-industry/listPage args={reqDTO=BaseIndustryPageReqDTO[page=1, size=1000, keyword=null]}
[2026-09-18 17:33:26.152] [gas-forecast] [] [] [c.g.forecast.common.web.WebLogAspect] [http-nio-8080-exec-10] [INFO] - Request [区域列表查询] POST /gas-forecast/base-region/listPage args={reqDTO=BaseRegionPageReqDTO[page=1, size=1000, keyword=null]}
[2026-09-18 17:33:26.153] [gas-forecast] [] [] [c.g.forecast.common.web.WebLogAspect] [http-nio-8080-exec-5] [INFO] - Request [模型训练配置列表查询] completed in 5 ms
[2026-09-18 17:33:26.153] [gas-forecast] [] [] [c.g.forecast.common.web.WebLogAspect] [http-nio-8080-exec-6] [INFO] - Request [客户列表分页查询] POST /gas-forecast/base-customer/listPage args={reqDTO=BaseCustomerPageReqDTO[page=1, size=1000, keyword=null]}
[2026-09-18 17:33:26.157] [gas-forecast] [] [] [c.g.forecast.common.web.WebLogAspect] [http-nio-8080-exec-4] [INFO] - Request [行业列表查询] completed in 5 ms
[2026-09-18 17:33:26.158] [gas-forecast] [] [] [c.g.forecast.common.web.WebLogAspect] [http-nio-8080-exec-6] [INFO] - Request [客户列表分页查询] completed in 5 ms
[2026-09-18 17:33:26.159] [gas-forecast] [] [] [c.g.forecast.common.web.WebLogAspect] [http-nio-8080-exec-10] [INFO] - Request [区域列表查询] completed in 7 ms
[2026-09-18 17:33:26.159] [gas-forecast] [] [] [c.g.forecast.common.web.WebLogAspect] [http-nio-8080-exec-2] [INFO] - Request [模型列表查询] completed in 11 ms
[2026-09-18 18:10:15.128] [gas-forecast] [] [] [o.h.validator.internal.util.Version] [background-preinit] [INFO] - HV000001: Hibernate Validator 8.0.1.Final
[2026-09-18 18:10:15.144] [gas-forecast] [] [] [c.g.f.GasForecastStartupApplication] [main] [INFO] - Starting GasForecastStartupApplication using Java 21.0.11 with PID 5559 (/Users/zoujun/work/workspace/shiyou/gas-forecast/gas-forecast-startup/target/classes started by zoujun in /Users/zoujun/work/workspace/shiyou/gas-forecast)
[2026-09-18 18:10:15.145] [gas-forecast] [] [] [c.g.f.GasForecastStartupApplication] [main] [INFO] - The following 1 profile is active: "dev"
[2026-09-18 18:10:15.435] [gas-forecast] [] [] [o.s.d.r.c.RepositoryConfigurationDelegate] [main] [INFO] - Multiple Spring Data modules found, entering strict repository configuration mode
[2026-09-18 18:10:15.436] [gas-forecast] [] [] [o.s.d.r.c.RepositoryConfigurationDelegate] [main] [INFO] - Bootstrapping Spring Data Redis repositories in DEFAULT mode.
[2026-09-18 18:10:15.451] [gas-forecast] [] [] [o.s.d.r.c.RepositoryConfigurationDelegate] [main] [INFO] - Finished Spring Data repository scanning in 10 ms. Found 0 Redis repository interfaces.
[2026-09-18 18:10:15.725] [gas-forecast] [] [] [o.s.b.w.e.tomcat.TomcatWebServer] [main] [INFO] - Tomcat initialized with port 8080 (http)
[2026-09-18 18:10:15.730] [gas-forecast] [] [] [o.a.coyote.http11.Http11NioProtocol] [main] [INFO] - Initializing ProtocolHandler ["http-nio-8080"]
[2026-09-18 18:10:15.730] [gas-forecast] [] [] [o.a.catalina.core.StandardService] [main] [INFO] - Starting service [Tomcat]
[2026-09-18 18:10:15.730] [gas-forecast] [] [] [o.a.catalina.core.StandardEngine] [main] [INFO] - Starting Servlet engine: [Apache Tomcat/10.1.20]
[2026-09-18 18:10:15.749] [gas-forecast] [] [] [o.a.c.c.C.[.[.[/gas-forecast]] [main] [INFO] - Initializing Spring embedded WebApplicationContext
[2026-09-18 18:10:15.749] [gas-forecast] [] [] [o.s.b.w.s.c.ServletWebServerApplicationContext] [main] [INFO] - Root WebApplicationContext: initialization completed in 582 ms
[2026-09-18 18:10:16.459] [gas-forecast] [] [] [o.a.coyote.http11.Http11NioProtocol] [main] [INFO] - Starting ProtocolHandler ["http-nio-8080"]
[2026-09-18 18:10:16.467] [gas-forecast] [] [] [o.s.b.w.e.tomcat.TomcatWebServer] [main] [INFO] - Tomcat started on port 8080 (http) with context path '/gas-forecast'
[2026-09-18 18:10:16.470] [gas-forecast] [] [] [c.g.f.GasForecastStartupApplication] [main] [INFO] - Started GasForecastStartupApplication in 1.563 seconds (process running for 2.055)
[2026-09-18 18:10:37.957] [gas-forecast] [] [] [o.a.c.c.C.[.[.[/gas-forecast]] [http-nio-8080-exec-1] [INFO] - Initializing Spring DispatcherServlet 'dispatcherServlet'
[2026-09-18 18:10:37.957] [gas-forecast] [] [] [o.s.web.servlet.DispatcherServlet] [http-nio-8080-exec-1] [INFO] - Initializing Servlet 'dispatcherServlet'
[2026-09-18 18:10:37.958] [gas-forecast] [] [] [o.s.web.servlet.DispatcherServlet] [http-nio-8080-exec-1] [INFO] - Completed initialization in 1 ms
[2026-09-18 18:10:38.116] [gas-forecast] [] [] [c.g.forecast.common.web.WebLogAspect] [http-nio-8080-exec-2] [INFO] - Request [模型列表查询] POST /gas-forecast/model-config/listPage args={reqDTO=ModelConfigPageReqDTO[page=1, size=1000, keyword=null]}
[2026-09-18 18:10:38.117] [gas-forecast] [] [] [c.g.forecast.common.web.WebLogAspect] [http-nio-8080-exec-6] [INFO] - Request [模型训练配置列表查询] POST /gas-forecast/model-train-config/listPage args={reqDTO=ModelTrainConfigPageReqDTO[page=1, size=10, keyword=null, agentCode=null, timeGranularity=null]}
[2026-09-18 18:10:38.127] [gas-forecast] [] [] [c.g.forecast.common.web.WebLogAspect] [http-nio-8080-exec-1] [INFO] - Request [获取当前登录用户权限] GET /gas-forecast/auth/permissions args={}
[2026-09-18 18:10:38.131] [gas-forecast] [] [] [com.zaxxer.hikari.HikariDataSource] [http-nio-8080-exec-3] [INFO] - HikariPool-1 - Starting...
[2026-09-18 18:10:38.197] [gas-forecast] [] [] [com.zaxxer.hikari.pool.HikariPool] [http-nio-8080-exec-3] [INFO] - HikariPool-1 - Added connection com.mysql.cj.jdbc.ConnectionImpl@438bbb64
[2026-09-18 18:10:38.198] [gas-forecast] [] [] [com.zaxxer.hikari.HikariDataSource] [http-nio-8080-exec-3] [INFO] - HikariPool-1 - Start completed.
[2026-09-18 18:10:38.229] [gas-forecast] [] [] [c.g.forecast.common.web.WebLogAspect] [http-nio-8080-exec-6] [INFO] - Request [模型训练配置列表查询] completed in 114 ms
[2026-09-18 18:10:38.232] [gas-forecast] [] [] [c.g.forecast.common.web.WebLogAspect] [http-nio-8080-exec-3] [INFO] - Request [区域列表查询] POST /gas-forecast/base-region/listPage args={reqDTO=BaseRegionPageReqDTO[page=1, size=1000, keyword=null]}
[2026-09-18 18:10:38.243] [gas-forecast] [] [] [c.g.forecast.common.web.WebLogAspect] [http-nio-8080-exec-1] [INFO] - Request [获取当前登录用户权限] completed in 116 ms
[2026-09-18 18:10:38.243] [gas-forecast] [] [] [c.g.forecast.common.web.WebLogAspect] [http-nio-8080-exec-5] [INFO] - Request [行业列表查询] POST /gas-forecast/base-industry/listPage args={reqDTO=BaseIndustryPageReqDTO[page=1, size=1000, keyword=null]}
[2026-09-18 18:10:38.245] [gas-forecast] [] [] [c.g.forecast.common.web.WebLogAspect] [http-nio-8080-exec-3] [INFO] - Request [区域列表查询] completed in 13 ms
[2026-09-18 18:10:38.246] [gas-forecast] [] [] [c.g.forecast.common.web.WebLogAspect] [http-nio-8080-exec-4] [INFO] - Request [客户列表分页查询] POST /gas-forecast/base-customer/listPage args={reqDTO=BaseCustomerPageReqDTO[page=1, size=1000, keyword=null]}
[2026-09-18 18:10:38.251] [gas-forecast] [] [] [c.g.forecast.common.web.WebLogAspect] [http-nio-8080-exec-5] [INFO] - Request [行业列表查询] completed in 8 ms
[2026-09-18 18:10:38.252] [gas-forecast] [] [] [c.g.forecast.common.web.WebLogAspect] [http-nio-8080-exec-4] [INFO] - Request [客户列表分页查询] completed in 6 ms
[2026-09-18 18:10:38.252] [gas-forecast] [] [] [c.g.forecast.common.web.WebLogAspect] [http-nio-8080-exec-2] [INFO] - Request [模型列表查询] completed in 137 ms
[2026-09-18 18:10:39.675] [gas-forecast] [] [] [c.g.forecast.common.web.WebLogAspect] [http-nio-8080-exec-7] [INFO] - Request [模型列表查询] POST /gas-forecast/model-config/listPage args={reqDTO=ModelConfigPageReqDTO[page=1, size=1000, keyword=null]}
[2026-09-18 18:10:39.678] [gas-forecast] [] [] [c.g.forecast.common.web.WebLogAspect] [http-nio-8080-exec-9] [INFO] - Request [行业列表查询] POST /gas-forecast/base-industry/listPage args={reqDTO=BaseIndustryPageReqDTO[page=1, size=1000, keyword=null]}
[2026-09-18 18:10:39.678] [gas-forecast] [] [] [c.g.forecast.common.web.WebLogAspect] [http-nio-8080-exec-10] [INFO] - Request [客户列表分页查询] POST /gas-forecast/base-customer/listPage args={reqDTO=BaseCustomerPageReqDTO[page=1, size=1000, keyword=null]}
[2026-09-18 18:10:39.678] [gas-forecast] [] [] [c.g.forecast.common.web.WebLogAspect] [http-nio-8080-exec-8] [INFO] - Request [区域列表查询] POST /gas-forecast/base-region/listPage args={reqDTO=BaseRegionPageReqDTO[page=1, size=1000, keyword=null]}
[2026-09-18 18:10:39.683] [gas-forecast] [] [] [c.g.forecast.common.web.WebLogAspect] [http-nio-8080-exec-9] [INFO] - Request [行业列表查询] completed in 5 ms
[2026-09-18 18:10:39.686] [gas-forecast] [] [] [c.g.forecast.common.web.WebLogAspect] [http-nio-8080-exec-8] [INFO] - Request [区域列表查询] completed in 8 ms
[2026-09-18 18:10:39.687] [gas-forecast] [] [] [c.g.forecast.common.web.WebLogAspect] [http-nio-8080-exec-10] [INFO] - Request [客户列表分页查询] completed in 9 ms
[2026-09-18 18:10:39.689] [gas-forecast] [] [] [c.g.forecast.common.web.WebLogAspect] [http-nio-8080-exec-7] [INFO] - Request [模型列表查询] completed in 15 ms
[2026-09-18 18:10:41.820] [gas-forecast] [] [] [c.g.forecast.common.web.WebLogAspect] [http-nio-8080-exec-6] [INFO] - Request [模型列表查询] POST /gas-forecast/model-config/listPage args={reqDTO=ModelConfigPageReqDTO[page=1, size=1000, keyword=null]}
[2026-09-18 18:10:41.824] [gas-forecast] [] [] [c.g.forecast.common.web.WebLogAspect] [http-nio-8080-exec-3] [INFO] - Request [行业列表查询] POST /gas-forecast/base-industry/listPage args={reqDTO=BaseIndustryPageReqDTO[page=1, size=1000, keyword=null]}
[2026-09-18 18:10:41.824] [gas-forecast] [] [] [c.g.forecast.common.web.WebLogAspect] [http-nio-8080-exec-4] [INFO] - Request [客户列表分页查询] POST /gas-forecast/base-customer/listPage args={reqDTO=BaseCustomerPageReqDTO[page=1, size=1000, keyword=null]}
[2026-09-18 18:10:41.824] [gas-forecast] [] [] [c.g.forecast.common.web.WebLogAspect] [http-nio-8080-exec-5] [INFO] - Request [区域列表查询] POST /gas-forecast/base-region/listPage args={reqDTO=BaseRegionPageReqDTO[page=1, size=1000, keyword=null]}
[2026-09-18 18:10:41.827] [gas-forecast] [] [] [c.g.forecast.common.web.WebLogAspect] [http-nio-8080-exec-3] [INFO] - Request [行业列表查询] completed in 3 ms
[2026-09-18 18:10:41.828] [gas-forecast] [] [] [c.g.forecast.common.web.WebLogAspect] [http-nio-8080-exec-5] [INFO] - Request [区域列表查询] completed in 4 ms
[2026-09-18 18:10:41.828] [gas-forecast] [] [] [c.g.forecast.common.web.WebLogAspect] [http-nio-8080-exec-4] [INFO] - Request [客户列表分页查询] completed in 4 ms
[2026-09-18 18:10:41.830] [gas-forecast] [] [] [c.g.forecast.common.web.WebLogAspect] [http-nio-8080-exec-6] [INFO] - Request [模型列表查询] completed in 10 ms
[2026-09-18 18:10:43.830] [gas-forecast] [] [] [c.g.forecast.common.web.WebLogAspect] [http-nio-8080-exec-1] [INFO] - Request [编辑模型训练配置] POST /gas-forecast/model-train-config/update args={reqDTO=ModelTrainConfigUpdateReqDTO[id=1, trainCode=TRAIN-20260918165056-9486, trainName=测试北京训练, agentCode=winter-supply, modelCode=MODEL000001, modelName=冬季保供模型, regionCode=REG000005, regionName=北京, industryCode=, industryName=, customerCode=, customerName=, trainStartDate=null, trainEndDate=null, trainMode=RECENT, timeGranularity=TENDAY, recentPeriods=36, enabled=1, remark=]}
[2026-09-18 18:10:43.848] [gas-forecast] [] [] [c.g.forecast.common.web.WebLogAspect] [http-nio-8080-exec-1] [INFO] - Request [编辑模型训练配置] completed in 21 ms
[2026-09-18 18:10:43.857] [gas-forecast] [] [] [c.g.forecast.common.web.WebLogAspect] [http-nio-8080-exec-2] [INFO] - Request [训练特征数据列表查询] POST /gas-forecast/model-train-feature-data/listPage args={reqDTO=ModelTrainFeatureDataPageReqDTO[page=1, size=36, keyword=null, timeGranularity=TENDAY, statDate=null, regionCode=REG000005, industryCode=null, customerCode=null, statDateStart=null, statDateEnd=null, sortField=statDate, sortOrder=desc]}
[2026-09-18 18:10:43.915] [gas-forecast] [] [] [c.g.forecast.common.web.WebLogAspect] [http-nio-8080-exec-2] [INFO] - Request [训练特征数据列表查询] completed in 60 ms
[2026-09-18 18:10:43.927] [gas-forecast] [] [] [c.g.forecast.common.web.WebLogAspect] [http-nio-8080-exec-9] [INFO] - Request [模型训练配置列表查询] POST /gas-forecast/model-train-config/listPage args={reqDTO=ModelTrainConfigPageReqDTO[page=1, size=10, keyword=null, agentCode=null, timeGranularity=null]}
[2026-09-18 18:10:43.932] [gas-forecast] [] [] [c.g.forecast.common.web.WebLogAspect] [http-nio-8080-exec-9] [INFO] - Request [模型训练配置列表查询] completed in 5 ms
[2026-09-18 18:11:04.395] [gas-forecast] [] [] [c.g.forecast.common.web.WebLogAspect] [http-nio-8080-exec-8] [INFO] - Request [训练特征数据列表查询] POST /gas-forecast/model-train-feature-data/listPage args={reqDTO=ModelTrainFeatureDataPageReqDTO[page=2, size=36, keyword=null, timeGranularity=TENDAY, statDate=null, regionCode=REG000005, industryCode=null, customerCode=null, statDateStart=null, statDateEnd=null, sortField=statDate, sortOrder=desc]}
[2026-09-18 18:11:04.444] [gas-forecast] [] [] [c.g.forecast.common.web.WebLogAspect] [http-nio-8080-exec-8] [INFO] - Request [训练特征数据列表查询] completed in 49 ms
[2026-09-18 18:11:05.909] [gas-forecast] [] [] [c.g.forecast.common.web.WebLogAspect] [http-nio-8080-exec-10] [INFO] - Request [训练特征数据列表查询] POST /gas-forecast/model-train-feature-data/listPage args={reqDTO=ModelTrainFeatureDataPageReqDTO[page=1, size=36, keyword=null, timeGranularity=TENDAY, statDate=null, regionCode=REG000005, industryCode=null, customerCode=null, statDateStart=null, statDateEnd=null, sortField=statDate, sortOrder=desc]}
[2026-09-18 18:11:05.962] [gas-forecast] [] [] [c.g.forecast.common.web.WebLogAspect] [http-nio-8080-exec-10] [INFO] - Request [训练特征数据列表查询] completed in 53 ms
[2026-09-18 18:11:07.311] [gas-forecast] [] [] [c.g.forecast.common.web.WebLogAspect] [http-nio-8080-exec-7] [INFO] - Request [训练特征数据列表查询] POST /gas-forecast/model-train-feature-data/listPage args={reqDTO=ModelTrainFeatureDataPageReqDTO[page=2, size=36, keyword=null, timeGranularity=TENDAY, statDate=null, regionCode=REG000005, industryCode=null, customerCode=null, statDateStart=null, statDateEnd=null, sortField=statDate, sortOrder=desc]}
[2026-09-18 18:11:07.365] [gas-forecast] [] [] [c.g.forecast.common.web.WebLogAspect] [http-nio-8080-exec-7] [INFO] - Request [训练特征数据列表查询] completed in 54 ms
[2026-09-18 18:11:09.638] [gas-forecast] [] [] [c.g.forecast.common.web.WebLogAspect] [http-nio-8080-exec-3] [INFO] - Request [训练特征数据列表查询] POST /gas-forecast/model-train-feature-data/listPage args={reqDTO=ModelTrainFeatureDataPageReqDTO[page=1, size=36, keyword=null, timeGranularity=TENDAY, statDate=null, regionCode=REG000005, industryCode=null, customerCode=null, statDateStart=null, statDateEnd=null, sortField=statDate, sortOrder=desc]}
[2026-09-18 18:11:09.687] [gas-forecast] [] [] [c.g.forecast.common.web.WebLogAspect] [http-nio-8080-exec-3] [INFO] - Request [训练特征数据列表查询] completed in 49 ms
[2026-09-18 18:11:10.402] [gas-forecast] [] [] [c.g.forecast.common.web.WebLogAspect] [http-nio-8080-exec-5] [INFO] - Request [训练特征数据列表查询] POST /gas-forecast/model-train-feature-data/listPage args={reqDTO=ModelTrainFeatureDataPageReqDTO[page=2, size=36, keyword=null, timeGranularity=TENDAY, statDate=null, regionCode=REG000005, industryCode=null, customerCode=null, statDateStart=null, statDateEnd=null, sortField=statDate, sortOrder=desc]}
[2026-09-18 18:11:10.454] [gas-forecast] [] [] [c.g.forecast.common.web.WebLogAspect] [http-nio-8080-exec-5] [INFO] - Request [训练特征数据列表查询] completed in 52 ms
[2026-09-18 18:11:11.416] [gas-forecast] [] [] [c.g.forecast.common.web.WebLogAspect] [http-nio-8080-exec-4] [INFO] - Request [训练特征数据列表查询] POST /gas-forecast/model-train-feature-data/listPage args={reqDTO=ModelTrainFeatureDataPageReqDTO[page=1, size=36, keyword=null, timeGranularity=TENDAY, statDate=null, regionCode=REG000005, industryCode=null, customerCode=null, statDateStart=null, statDateEnd=null, sortField=statDate, sortOrder=desc]}
[2026-09-18 18:11:11.461] [gas-forecast] [] [] [c.g.forecast.common.web.WebLogAspect] [http-nio-8080-exec-4] [INFO] - Request [训练特征数据列表查询] completed in 45 ms
[2026-09-18 18:11:12.016] [gas-forecast] [] [] [c.g.forecast.common.web.WebLogAspect] [http-nio-8080-exec-6] [INFO] - Request [训练特征数据列表查询] POST /gas-forecast/model-train-feature-data/listPage args={reqDTO=ModelTrainFeatureDataPageReqDTO[page=2, size=36, keyword=null, timeGranularity=TENDAY, statDate=null, regionCode=REG000005, industryCode=null, customerCode=null, statDateStart=null, statDateEnd=null, sortField=statDate, sortOrder=desc]}
[2026-09-18 18:11:12.063] [gas-forecast] [] [] [c.g.forecast.common.web.WebLogAspect] [http-nio-8080-exec-6] [INFO] - Request [训练特征数据列表查询] completed in 47 ms
[2026-09-18 18:11:12.938] [gas-forecast] [] [] [c.g.forecast.common.web.WebLogAspect] [http-nio-8080-exec-1] [INFO] - Request [训练特征数据列表查询] POST /gas-forecast/model-train-feature-data/listPage args={reqDTO=ModelTrainFeatureDataPageReqDTO[page=1, size=36, keyword=null, timeGranularity=TENDAY, statDate=null, regionCode=REG000005, industryCode=null, customerCode=null, statDateStart=null, statDateEnd=null, sortField=statDate, sortOrder=desc]}
[2026-09-18 18:11:12.985] [gas-forecast] [] [] [c.g.forecast.common.web.WebLogAspect] [http-nio-8080-exec-1] [INFO] - Request [训练特征数据列表查询] completed in 47 ms
[2026-09-18 18:11:13.491] [gas-forecast] [] [] [c.g.forecast.common.web.WebLogAspect] [http-nio-8080-exec-2] [INFO] - Request [训练特征数据列表查询] POST /gas-forecast/model-train-feature-data/listPage args={reqDTO=ModelTrainFeatureDataPageReqDTO[page=2, size=36, keyword=null, timeGranularity=TENDAY, statDate=null, regionCode=REG000005, industryCode=null, customerCode=null, statDateStart=null, statDateEnd=null, sortField=statDate, sortOrder=desc]}
[2026-09-18 18:11:13.538] [gas-forecast] [] [] [c.g.forecast.common.web.WebLogAspect] [http-nio-8080-exec-2] [INFO] - Request [训练特征数据列表查询] completed in 47 ms
[2026-09-18 18:11:14.463] [gas-forecast] [] [] [c.g.forecast.common.web.WebLogAspect] [http-nio-8080-exec-9] [INFO] - Request [训练特征数据列表查询] POST /gas-forecast/model-train-feature-data/listPage args={reqDTO=ModelTrainFeatureDataPageReqDTO[page=1, size=36, keyword=null, timeGranularity=TENDAY, statDate=null, regionCode=REG000005, industryCode=null, customerCode=null, statDateStart=null, statDateEnd=null, sortField=statDate, sortOrder=desc]}
[2026-09-18 18:11:14.510] [gas-forecast] [] [] [c.g.forecast.common.web.WebLogAspect] [http-nio-8080-exec-9] [INFO] - Request [训练特征数据列表查询] completed in 47 ms
[2026-09-18 18:11:15.003] [gas-forecast] [] [] [c.g.forecast.common.web.WebLogAspect] [http-nio-8080-exec-8] [INFO] - Request [训练特征数据列表查询] POST /gas-forecast/model-train-feature-data/listPage args={reqDTO=ModelTrainFeatureDataPageReqDTO[page=2, size=36, keyword=null, timeGranularity=TENDAY, statDate=null, regionCode=REG000005, industryCode=null, customerCode=null, statDateStart=null, statDateEnd=null, sortField=statDate, sortOrder=desc]}
[2026-09-18 18:11:15.052] [gas-forecast] [] [] [c.g.forecast.common.web.WebLogAspect] [http-nio-8080-exec-8] [INFO] - Request [训练特征数据列表查询] completed in 49 ms
[2026-09-18 18:11:15.787] [gas-forecast] [] [] [c.g.forecast.common.web.WebLogAspect] [http-nio-8080-exec-10] [INFO] - Request [训练特征数据列表查询] POST /gas-forecast/model-train-feature-data/listPage args={reqDTO=ModelTrainFeatureDataPageReqDTO[page=1, size=36, keyword=null, timeGranularity=TENDAY, statDate=null, regionCode=REG000005, industryCode=null, customerCode=null, statDateStart=null, statDateEnd=null, sortField=statDate, sortOrder=desc]}
[2026-09-18 18:11:15.832] [gas-forecast] [] [] [c.g.forecast.common.web.WebLogAspect] [http-nio-8080-exec-10] [INFO] - Request [训练特征数据列表查询] completed in 45 ms
[2026-09-18 18:11:16.454] [gas-forecast] [] [] [c.g.forecast.common.web.WebLogAspect] [http-nio-8080-exec-7] [INFO] - Request [训练特征数据列表查询] POST /gas-forecast/model-train-feature-data/listPage args={reqDTO=ModelTrainFeatureDataPageReqDTO[page=2, size=36, keyword=null, timeGranularity=TENDAY, statDate=null, regionCode=REG000005, industryCode=null, customerCode=null, statDateStart=null, statDateEnd=null, sortField=statDate, sortOrder=desc]}
[2026-09-18 18:11:16.499] [gas-forecast] [] [] [c.g.forecast.common.web.WebLogAspect] [http-nio-8080-exec-7] [INFO] - Request [训练特征数据列表查询] completed in 45 ms
[2026-09-18 18:11:17.228] [gas-forecast] [] [] [c.g.forecast.common.web.WebLogAspect] [http-nio-8080-exec-3] [INFO] - Request [训练特征数据列表查询] POST /gas-forecast/model-train-feature-data/listPage args={reqDTO=ModelTrainFeatureDataPageReqDTO[page=1, size=36, keyword=null, timeGranularity=TENDAY, statDate=null, regionCode=REG000005, industryCode=null, customerCode=null, statDateStart=null, statDateEnd=null, sortField=statDate, sortOrder=desc]}
[2026-09-18 18:11:17.280] [gas-forecast] [] [] [c.g.forecast.common.web.WebLogAspect] [http-nio-8080-exec-3] [INFO] - Request [训练特征数据列表查询] completed in 52 ms
[2026-09-18 18:11:17.783] [gas-forecast] [] [] [c.g.forecast.common.web.WebLogAspect] [http-nio-8080-exec-5] [INFO] - Request [训练特征数据列表查询] POST /gas-forecast/model-train-feature-data/listPage args={reqDTO=ModelTrainFeatureDataPageReqDTO[page=2, size=36, keyword=null, timeGranularity=TENDAY, statDate=null, regionCode=REG000005, industryCode=null, customerCode=null, statDateStart=null, statDateEnd=null, sortField=statDate, sortOrder=desc]}
[2026-09-18 18:11:17.829] [gas-forecast] [] [] [c.g.forecast.common.web.WebLogAspect] [http-nio-8080-exec-5] [INFO] - Request [训练特征数据列表查询] completed in 46 ms
[2026-09-18 18:11:18.487] [gas-forecast] [] [] [c.g.forecast.common.web.WebLogAspect] [http-nio-8080-exec-4] [INFO] - Request [训练特征数据列表查询] POST /gas-forecast/model-train-feature-data/listPage args={reqDTO=ModelTrainFeatureDataPageReqDTO[page=1, size=36, keyword=null, timeGranularity=TENDAY, statDate=null, regionCode=REG000005, industryCode=null, customerCode=null, statDateStart=null, statDateEnd=null, sortField=statDate, sortOrder=desc]}
[2026-09-18 18:11:18.532] [gas-forecast] [] [] [c.g.forecast.common.web.WebLogAspect] [http-nio-8080-exec-4] [INFO] - Request [训练特征数据列表查询] completed in 45 ms
[2026-09-18 18:11:19.050] [gas-forecast] [] [] [c.g.forecast.common.web.WebLogAspect] [http-nio-8080-exec-6] [INFO] - Request [训练特征数据列表查询] POST /gas-forecast/model-train-feature-data/listPage args={reqDTO=ModelTrainFeatureDataPageReqDTO[page=2, size=36, keyword=null, timeGranularity=TENDAY, statDate=null, regionCode=REG000005, industryCode=null, customerCode=null, statDateStart=null, statDateEnd=null, sortField=statDate, sortOrder=desc]}
[2026-09-18 18:11:19.096] [gas-forecast] [] [] [c.g.forecast.common.web.WebLogAspect] [http-nio-8080-exec-6] [INFO] - Request [训练特征数据列表查询] completed in 46 ms
[2026-09-18 18:11:19.825] [gas-forecast] [] [] [c.g.forecast.common.web.WebLogAspect] [http-nio-8080-exec-1] [INFO] - Request [训练特征数据列表查询] POST /gas-forecast/model-train-feature-data/listPage args={reqDTO=ModelTrainFeatureDataPageReqDTO[page=1, size=36, keyword=null, timeGranularity=TENDAY, statDate=null, regionCode=REG000005, industryCode=null, customerCode=null, statDateStart=null, statDateEnd=null, sortField=statDate, sortOrder=desc]}
[2026-09-18 18:11:19.869] [gas-forecast] [] [] [c.g.forecast.common.web.WebLogAspect] [http-nio-8080-exec-1] [INFO] - Request [训练特征数据列表查询] completed in 44 ms
[2026-09-18 18:11:20.617] [gas-forecast] [] [] [c.g.forecast.common.web.WebLogAspect] [http-nio-8080-exec-2] [INFO] - Request [训练特征数据列表查询] POST /gas-forecast/model-train-feature-data/listPage args={reqDTO=ModelTrainFeatureDataPageReqDTO[page=2, size=36, keyword=null, timeGranularity=TENDAY, statDate=null, regionCode=REG000005, industryCode=null, customerCode=null, statDateStart=null, statDateEnd=null, sortField=statDate, sortOrder=desc]}
[2026-09-18 18:11:20.665] [gas-forecast] [] [] [c.g.forecast.common.web.WebLogAspect] [http-nio-8080-exec-2] [INFO] - Request [训练特征数据列表查询] completed in 48 ms
[2026-09-18 18:11:21.374] [gas-forecast] [] [] [c.g.forecast.common.web.WebLogAspect] [http-nio-8080-exec-9] [INFO] - Request [训练特征数据列表查询] POST /gas-forecast/model-train-feature-data/listPage args={reqDTO=ModelTrainFeatureDataPageReqDTO[page=1, size=36, keyword=null, timeGranularity=TENDAY, statDate=null, regionCode=REG000005, industryCode=null, customerCode=null, statDateStart=null, statDateEnd=null, sortField=statDate, sortOrder=desc]}
[2026-09-18 18:11:21.420] [gas-forecast] [] [] [c.g.forecast.common.web.WebLogAspect] [http-nio-8080-exec-9] [INFO] - Request [训练特征数据列表查询] completed in 46 ms
[2026-09-18 18:11:21.937] [gas-forecast] [] [] [c.g.forecast.common.web.WebLogAspect] [http-nio-8080-exec-8] [INFO] - Request [训练特征数据列表查询] POST /gas-forecast/model-train-feature-data/listPage args={reqDTO=ModelTrainFeatureDataPageReqDTO[page=2, size=36, keyword=null, timeGranularity=TENDAY, statDate=null, regionCode=REG000005, industryCode=null, customerCode=null, statDateStart=null, statDateEnd=null, sortField=statDate, sortOrder=desc]}
[2026-09-18 18:11:21.982] [gas-forecast] [] [] [c.g.forecast.common.web.WebLogAspect] [http-nio-8080-exec-8] [INFO] - Request [训练特征数据列表查询] completed in 45 ms
[2026-09-18 18:11:22.740] [gas-forecast] [] [] [c.g.forecast.common.web.WebLogAspect] [http-nio-8080-exec-10] [INFO] - Request [训练特征数据列表查询] POST /gas-forecast/model-train-feature-data/listPage args={reqDTO=ModelTrainFeatureDataPageReqDTO[page=1, size=36, keyword=null, timeGranularity=TENDAY, statDate=null, regionCode=REG000005, industryCode=null, customerCode=null, statDateStart=null, statDateEnd=null, sortField=statDate, sortOrder=desc]}
[2026-09-18 18:11:22.787] [gas-forecast] [] [] [c.g.forecast.common.web.WebLogAspect] [http-nio-8080-exec-10] [INFO] - Request [训练特征数据列表查询] completed in 47 ms
[2026-09-18 18:11:23.454] [gas-forecast] [] [] [c.g.forecast.common.web.WebLogAspect] [http-nio-8080-exec-7] [INFO] - Request [训练特征数据列表查询] POST /gas-forecast/model-train-feature-data/listPage args={reqDTO=ModelTrainFeatureDataPageReqDTO[page=2, size=36, keyword=null, timeGranularity=TENDAY, statDate=null, regionCode=REG000005, industryCode=null, customerCode=null, statDateStart=null, statDateEnd=null, sortField=statDate, sortOrder=desc]}
[2026-09-18 18:11:23.499] [gas-forecast] [] [] [c.g.forecast.common.web.WebLogAspect] [http-nio-8080-exec-7] [INFO] - Request [训练特征数据列表查询] completed in 45 ms
[2026-09-18 18:11:24.212] [gas-forecast] [] [] [c.g.forecast.common.web.WebLogAspect] [http-nio-8080-exec-3] [INFO] - Request [训练特征数据列表查询] POST /gas-forecast/model-train-feature-data/listPage args={reqDTO=ModelTrainFeatureDataPageReqDTO[page=1, size=36, keyword=null, timeGranularity=TENDAY, statDate=null, regionCode=REG000005, industryCode=null, customerCode=null, statDateStart=null, statDateEnd=null, sortField=statDate, sortOrder=desc]}
[2026-09-18 18:11:24.258] [gas-forecast] [] [] [c.g.forecast.common.web.WebLogAspect] [http-nio-8080-exec-3] [INFO] - Request [训练特征数据列表查询] completed in 46 ms
[2026-09-18 18:11:24.786] [gas-forecast] [] [] [c.g.forecast.common.web.WebLogAspect] [http-nio-8080-exec-5] [INFO] - Request [训练特征数据列表查询] POST /gas-forecast/model-train-feature-data/listPage args={reqDTO=ModelTrainFeatureDataPageReqDTO[page=2, size=36, keyword=null, timeGranularity=TENDAY, statDate=null, regionCode=REG000005, industryCode=null, customerCode=null, statDateStart=null, statDateEnd=null, sortField=statDate, sortOrder=desc]}
[2026-09-18 18:11:24.832] [gas-forecast] [] [] [c.g.forecast.common.web.WebLogAspect] [http-nio-8080-exec-5] [INFO] - Request [训练特征数据列表查询] completed in 46 ms
[2026-09-18 18:11:25.448] [gas-forecast] [] [] [c.g.forecast.common.web.WebLogAspect] [http-nio-8080-exec-4] [INFO] - Request [训练特征数据列表查询] POST /gas-forecast/model-train-feature-data/listPage args={reqDTO=ModelTrainFeatureDataPageReqDTO[page=1, size=36, keyword=null, timeGranularity=TENDAY, statDate=null, regionCode=REG000005, industryCode=null, customerCode=null, statDateStart=null, statDateEnd=null, sortField=statDate, sortOrder=desc]}
[2026-09-18 18:11:25.495] [gas-forecast] [] [] [c.g.forecast.common.web.WebLogAspect] [http-nio-8080-exec-4] [INFO] - Request [训练特征数据列表查询] completed in 47 ms
[2026-09-18 18:11:25.966] [gas-forecast] [] [] [c.g.forecast.common.web.WebLogAspect] [http-nio-8080-exec-6] [INFO] - Request [训练特征数据列表查询] POST /gas-forecast/model-train-feature-data/listPage args={reqDTO=ModelTrainFeatureDataPageReqDTO[page=2, size=36, keyword=null, timeGranularity=TENDAY, statDate=null, regionCode=REG000005, industryCode=null, customerCode=null, statDateStart=null, statDateEnd=null, sortField=statDate, sortOrder=desc]}
[2026-09-18 18:11:26.011] [gas-forecast] [] [] [c.g.forecast.common.web.WebLogAspect] [http-nio-8080-exec-6] [INFO] - Request [训练特征数据列表查询] completed in 45 ms
[2026-09-18 18:11:26.797] [gas-forecast] [] [] [c.g.forecast.common.web.WebLogAspect] [http-nio-8080-exec-1] [INFO] - Request [训练特征数据列表查询] POST /gas-forecast/model-train-feature-data/listPage args={reqDTO=ModelTrainFeatureDataPageReqDTO[page=1, size=36, keyword=null, timeGranularity=TENDAY, statDate=null, regionCode=REG000005, industryCode=null, customerCode=null, statDateStart=null, statDateEnd=null, sortField=statDate, sortOrder=desc]}
[2026-09-18 18:11:26.842] [gas-forecast] [] [] [c.g.forecast.common.web.WebLogAspect] [http-nio-8080-exec-1] [INFO] - Request [训练特征数据列表查询] completed in 45 ms
[2026-09-18 18:11:27.370] [gas-forecast] [] [] [c.g.forecast.common.web.WebLogAspect] [http-nio-8080-exec-2] [INFO] - Request [训练特征数据列表查询] POST /gas-forecast/model-train-feature-data/listPage args={reqDTO=ModelTrainFeatureDataPageReqDTO[page=2, size=36, keyword=null, timeGranularity=TENDAY, statDate=null, regionCode=REG000005, industryCode=null, customerCode=null, statDateStart=null, statDateEnd=null, sortField=statDate, sortOrder=desc]}
[2026-09-18 18:11:27.415] [gas-forecast] [] [] [c.g.forecast.common.web.WebLogAspect] [http-nio-8080-exec-2] [INFO] - Request [训练特征数据列表查询] completed in 45 ms
[2026-09-18 18:11:28.271] [gas-forecast] [] [] [c.g.forecast.common.web.WebLogAspect] [http-nio-8080-exec-9] [INFO] - Request [训练特征数据列表查询] POST /gas-forecast/model-train-feature-data/listPage args={reqDTO=ModelTrainFeatureDataPageReqDTO[page=1, size=36, keyword=null, timeGranularity=TENDAY, statDate=null, regionCode=REG000005, industryCode=null, customerCode=null, statDateStart=null, statDateEnd=null, sortField=statDate, sortOrder=desc]}
[2026-09-18 18:11:28.316] [gas-forecast] [] [] [c.g.forecast.common.web.WebLogAspect] [http-nio-8080-exec-9] [INFO] - Request [训练特征数据列表查询] completed in 45 ms
[2026-09-18 18:13:34.388] [gas-forecast] [] [] [c.g.forecast.common.web.WebLogAspect] [http-nio-8080-exec-8] [INFO] - Request [训练特征数据列表查询] POST /gas-forecast/model-train-feature-data/listPage args={reqDTO=ModelTrainFeatureDataPageReqDTO[page=2, size=36, keyword=null, timeGranularity=TENDAY, statDate=null, regionCode=REG000005, industryCode=null, customerCode=null, statDateStart=null, statDateEnd=null, sortField=statDate, sortOrder=desc]}
[2026-09-18 18:13:34.444] [gas-forecast] [] [] [c.g.forecast.common.web.WebLogAspect] [http-nio-8080-exec-8] [INFO] - Request [训练特征数据列表查询] completed in 56 ms
[2026-09-18 18:13:55.989] [gas-forecast] [] [] [c.g.forecast.common.web.WebLogAspect] [http-nio-8080-exec-10] [INFO] - Request [模型列表查询] POST /gas-forecast/model-config/listPage args={reqDTO=ModelConfigPageReqDTO[page=1, size=1000, keyword=null]}
[2026-09-18 18:13:55.995] [gas-forecast] [] [] [c.g.forecast.common.web.WebLogAspect] [http-nio-8080-exec-7] [INFO] - Request [区域列表查询] POST /gas-forecast/base-region/listPage args={reqDTO=BaseRegionPageReqDTO[page=1, size=1000, keyword=null]}
[2026-09-18 18:13:55.996] [gas-forecast] [] [] [c.g.forecast.common.web.WebLogAspect] [http-nio-8080-exec-3] [INFO] - Request [行业列表查询] POST /gas-forecast/base-industry/listPage args={reqDTO=BaseIndustryPageReqDTO[page=1, size=1000, keyword=null]}
[2026-09-18 18:13:55.996] [gas-forecast] [] [] [c.g.forecast.common.web.WebLogAspect] [http-nio-8080-exec-5] [INFO] - Request [客户列表分页查询] POST /gas-forecast/base-customer/listPage args={reqDTO=BaseCustomerPageReqDTO[page=1, size=1000, keyword=null]}
[2026-09-18 18:13:55.998] [gas-forecast] [] [] [c.g.forecast.common.web.WebLogAspect] [http-nio-8080-exec-7] [INFO] - Request [区域列表查询] completed in 3 ms
[2026-09-18 18:13:56.000] [gas-forecast] [] [] [c.g.forecast.common.web.WebLogAspect] [http-nio-8080-exec-5] [INFO] - Request [客户列表分页查询] completed in 4 ms
[2026-09-18 18:13:56.000] [gas-forecast] [] [] [c.g.forecast.common.web.WebLogAspect] [http-nio-8080-exec-3] [INFO] - Request [行业列表查询] completed in 4 ms
[2026-09-18 18:13:56.001] [gas-forecast] [] [] [c.g.forecast.common.web.WebLogAspect] [http-nio-8080-exec-10] [INFO] - Request [模型列表查询] completed in 12 ms
[2026-09-18 18:13:57.503] [gas-forecast] [] [] [c.g.forecast.common.web.WebLogAspect] [http-nio-8080-exec-4] [INFO] - Request [编辑模型训练配置] POST /gas-forecast/model-train-config/update args={reqDTO=ModelTrainConfigUpdateReqDTO[id=1, trainCode=TRAIN-20260918165056-9486, trainName=测试北京训练, agentCode=winter-supply, modelCode=MODEL000001, modelName=冬季保供模型, regionCode=REG000005, regionName=北京, industryCode=, industryName=, customerCode=, customerName=, trainStartDate=null, trainEndDate=null, trainMode=RECENT, timeGranularity=TENDAY, recentPeriods=36, enabled=1, remark=]}
[2026-09-18 18:13:57.510] [gas-forecast] [] [] [c.g.forecast.common.web.WebLogAspect] [http-nio-8080-exec-4] [INFO] - Request [编辑模型训练配置] completed in 7 ms
[2026-09-18 18:13:57.513] [gas-forecast] [] [] [c.g.forecast.common.web.WebLogAspect] [http-nio-8080-exec-6] [INFO] - Request [训练特征数据列表查询] POST /gas-forecast/model-train-feature-data/listPage args={reqDTO=ModelTrainFeatureDataPageReqDTO[page=1, size=36, keyword=null, timeGranularity=TENDAY, statDate=null, regionCode=REG000005, industryCode=null, customerCode=null, statDateStart=null, statDateEnd=null, sortField=statDate, sortOrder=desc]}
[2026-09-18 18:13:57.559] [gas-forecast] [] [] [c.g.forecast.common.web.WebLogAspect] [http-nio-8080-exec-6] [INFO] - Request [训练特征数据列表查询] completed in 46 ms
[2026-09-18 18:13:57.571] [gas-forecast] [] [] [c.g.forecast.common.web.WebLogAspect] [http-nio-8080-exec-1] [INFO] - Request [模型训练配置列表查询] POST /gas-forecast/model-train-config/listPage args={reqDTO=ModelTrainConfigPageReqDTO[page=1, size=10, keyword=null, agentCode=null, timeGranularity=null]}
[2026-09-18 18:13:57.575] [gas-forecast] [] [] [c.g.forecast.common.web.WebLogAspect] [http-nio-8080-exec-1] [INFO] - Request [模型训练配置列表查询] completed in 4 ms
