[2026-09-17 07:57:14.857] [gas-forecast] [] [] [o.h.validator.internal.util.Version] [background-preinit] [INFO] - HV000001: Hibernate Validator 8.0.1.Final
[2026-09-17 07:57:14.872] [gas-forecast] [] [] [c.g.f.GasForecastStartupApplication] [main] [INFO] - Starting GasForecastStartupApplication using Java 21.0.11 with PID 92307 (/Users/zoujun/work/workspace/shiyou/gas-forecast/gas-forecast-startup/target/classes started by zoujun in /Users/zoujun/work/workspace/shiyou/gas-forecast)
[2026-09-17 07:57:14.873] [gas-forecast] [] [] [c.g.f.GasForecastStartupApplication] [main] [INFO] - The following 1 profile is active: "dev"
[2026-09-17 07:57:15.192] [gas-forecast] [] [] [o.s.d.r.c.RepositoryConfigurationDelegate] [main] [INFO] - Multiple Spring Data modules found, entering strict repository configuration mode
[2026-09-17 07:57:15.193] [gas-forecast] [] [] [o.s.d.r.c.RepositoryConfigurationDelegate] [main] [INFO] - Bootstrapping Spring Data Redis repositories in DEFAULT mode.
[2026-09-17 07:57:15.211] [gas-forecast] [] [] [o.s.d.r.c.RepositoryConfigurationDelegate] [main] [INFO] - Finished Spring Data repository scanning in 11 ms. Found 0 Redis repository interfaces.
[2026-09-17 07:57:15.521] [gas-forecast] [] [] [o.s.b.w.e.tomcat.TomcatWebServer] [main] [INFO] - Tomcat initialized with port 8080 (http)
[2026-09-17 07:57:15.526] [gas-forecast] [] [] [o.a.coyote.http11.Http11NioProtocol] [main] [INFO] - Initializing ProtocolHandler ["http-nio-8080"]
[2026-09-17 07:57:15.527] [gas-forecast] [] [] [o.a.catalina.core.StandardService] [main] [INFO] - Starting service [Tomcat]
[2026-09-17 07:57:15.527] [gas-forecast] [] [] [o.a.catalina.core.StandardEngine] [main] [INFO] - Starting Servlet engine: [Apache Tomcat/10.1.20]
[2026-09-17 07:57:15.546] [gas-forecast] [] [] [o.a.c.c.C.[.[.[/gas-forecast]] [main] [INFO] - Initializing Spring embedded WebApplicationContext
[2026-09-17 07:57:15.546] [gas-forecast] [] [] [o.s.b.w.s.c.ServletWebServerApplicationContext] [main] [INFO] - Root WebApplicationContext: initialization completed in 655 ms
[2026-09-17 07:57:16.236] [gas-forecast] [] [] [o.a.coyote.http11.Http11NioProtocol] [main] [INFO] - Starting ProtocolHandler ["http-nio-8080"]
[2026-09-17 07:57:16.243] [gas-forecast] [] [] [o.s.b.w.e.tomcat.TomcatWebServer] [main] [INFO] - Tomcat started on port 8080 (http) with context path '/gas-forecast'
[2026-09-17 07:57:16.246] [gas-forecast] [] [] [c.g.f.GasForecastStartupApplication] [main] [INFO] - Started GasForecastStartupApplication in 1.577 seconds (process running for 2.038)
[2026-09-17 07:58:05.233] [gas-forecast] [] [] [o.a.c.c.C.[.[.[/gas-forecast]] [http-nio-8080-exec-1] [INFO] - Initializing Spring DispatcherServlet 'dispatcherServlet'
[2026-09-17 07:58:05.233] [gas-forecast] [] [] [o.s.web.servlet.DispatcherServlet] [http-nio-8080-exec-1] [INFO] - Initializing Servlet 'dispatcherServlet'
[2026-09-17 07:58:05.234] [gas-forecast] [] [] [o.s.web.servlet.DispatcherServlet] [http-nio-8080-exec-1] [INFO] - Completed initialization in 0 ms
[2026-09-17 07:58:05.393] [gas-forecast] [] [] [c.g.forecast.common.web.WebLogAspect] [http-nio-8080-exec-4] [INFO] - Request [模型列表查询] POST /gas-forecast/model-config/listPage args={reqDTO=ModelConfigPageReqDTO[page=1, size=10, keyword=null]}
[2026-09-17 07:58:05.424] [gas-forecast] [] [] [c.g.forecast.common.web.WebLogAspect] [http-nio-8080-exec-1] [INFO] - Request [获取当前登录用户权限] GET /gas-forecast/auth/permissions args={}
[2026-09-17 07:58:05.428] [gas-forecast] [] [] [com.zaxxer.hikari.HikariDataSource] [http-nio-8080-exec-2] [INFO] - HikariPool-1 - Starting...
[2026-09-17 07:58:05.494] [gas-forecast] [] [] [com.zaxxer.hikari.pool.HikariPool] [http-nio-8080-exec-2] [INFO] - HikariPool-1 - Added connection com.mysql.cj.jdbc.ConnectionImpl@5a0d7a78
[2026-09-17 07:58:05.494] [gas-forecast] [] [] [com.zaxxer.hikari.HikariDataSource] [http-nio-8080-exec-2] [INFO] - HikariPool-1 - Start completed.
[2026-09-17 07:58:05.531] [gas-forecast] [] [] [c.g.forecast.common.web.WebLogAspect] [http-nio-8080-exec-4] [INFO] - Request [模型列表查询] completed in 139 ms
[2026-09-17 07:58:05.531] [gas-forecast] [] [] [c.g.forecast.common.web.WebLogAspect] [http-nio-8080-exec-2] [INFO] - Request [区域列表查询] POST /gas-forecast/base-region/listPage args={reqDTO=BaseRegionPageReqDTO[page=1, size=200, keyword=null]}
[2026-09-17 07:58:05.532] [gas-forecast] [] [] [c.g.forecast.common.web.WebLogAspect] [http-nio-8080-exec-3] [INFO] - Request [行业列表查询] POST /gas-forecast/base-industry/listPage args={reqDTO=BaseIndustryPageReqDTO[page=1, size=200, keyword=null]}
[2026-09-17 07:58:05.536] [gas-forecast] [] [] [c.g.forecast.common.web.WebLogAspect] [http-nio-8080-exec-1] [INFO] - Request [获取当前登录用户权限] completed in 112 ms
[2026-09-17 07:58:05.537] [gas-forecast] [] [] [c.g.forecast.common.web.WebLogAspect] [http-nio-8080-exec-3] [INFO] - Request [行业列表查询] completed in 6 ms
[2026-09-17 07:58:05.537] [gas-forecast] [] [] [c.g.forecast.common.web.WebLogAspect] [http-nio-8080-exec-5] [INFO] - Request [客户列表分页查询] POST /gas-forecast/base-customer/listPage args={reqDTO=BaseCustomerPageReqDTO[page=1, size=200, keyword=null]}
[2026-09-17 07:58:05.537] [gas-forecast] [] [] [c.g.forecast.common.web.WebLogAspect] [http-nio-8080-exec-2] [INFO] - Request [区域列表查询] completed in 6 ms
[2026-09-17 07:58:05.543] [gas-forecast] [] [] [c.g.forecast.common.web.WebLogAspect] [http-nio-8080-exec-5] [INFO] - Request [客户列表分页查询] completed in 6 ms
[2026-09-17 07:58:07.008] [gas-forecast] [] [] [c.g.forecast.common.web.WebLogAspect] [http-nio-8080-exec-6] [INFO] - Request [获取当前登录用户权限] GET /gas-forecast/auth/permissions args={}
[2026-09-17 07:58:07.019] [gas-forecast] [] [] [c.g.forecast.common.web.WebLogAspect] [http-nio-8080-exec-6] [INFO] - Request [获取当前登录用户权限] completed in 11 ms
[2026-09-17 07:58:07.029] [gas-forecast] [] [] [c.g.forecast.common.web.WebLogAspect] [http-nio-8080-exec-10] [INFO] - Request [模型列表查询] POST /gas-forecast/model-config/listPage args={reqDTO=ModelConfigPageReqDTO[page=1, size=10, keyword=null]}
[2026-09-17 07:58:07.033] [gas-forecast] [] [] [c.g.forecast.common.web.WebLogAspect] [http-nio-8080-exec-8] [INFO] - Request [行业列表查询] POST /gas-forecast/base-industry/listPage args={reqDTO=BaseIndustryPageReqDTO[page=1, size=200, keyword=null]}
[2026-09-17 07:58:07.033] [gas-forecast] [] [] [c.g.forecast.common.web.WebLogAspect] [http-nio-8080-exec-7] [INFO] - Request [区域列表查询] POST /gas-forecast/base-region/listPage args={reqDTO=BaseRegionPageReqDTO[page=1, size=200, keyword=null]}
[2026-09-17 07:58:07.034] [gas-forecast] [] [] [c.g.forecast.common.web.WebLogAspect] [http-nio-8080-exec-9] [INFO] - Request [客户列表分页查询] POST /gas-forecast/base-customer/listPage args={reqDTO=BaseCustomerPageReqDTO[page=1, size=200, keyword=null]}
[2026-09-17 07:58:07.038] [gas-forecast] [] [] [c.g.forecast.common.web.WebLogAspect] [http-nio-8080-exec-10] [INFO] - Request [模型列表查询] completed in 9 ms
[2026-09-17 07:58:07.038] [gas-forecast] [] [] [c.g.forecast.common.web.WebLogAspect] [http-nio-8080-exec-8] [INFO] - Request [行业列表查询] completed in 5 ms
[2026-09-17 07:58:07.038] [gas-forecast] [] [] [c.g.forecast.common.web.WebLogAspect] [http-nio-8080-exec-7] [INFO] - Request [区域列表查询] completed in 5 ms
[2026-09-17 07:58:07.039] [gas-forecast] [] [] [c.g.forecast.common.web.WebLogAspect] [http-nio-8080-exec-9] [INFO] - Request [客户列表分页查询] completed in 5 ms
[2026-09-17 07:58:07.694] [gas-forecast] [] [] [c.g.forecast.common.web.WebLogAspect] [http-nio-8080-exec-3] [INFO] - Request [获取当前登录用户权限] GET /gas-forecast/auth/permissions args={}
[2026-09-17 07:58:07.702] [gas-forecast] [] [] [c.g.forecast.common.web.WebLogAspect] [http-nio-8080-exec-3] [INFO] - Request [获取当前登录用户权限] completed in 8 ms
[2026-09-17 07:58:07.712] [gas-forecast] [] [] [c.g.forecast.common.web.WebLogAspect] [http-nio-8080-exec-4] [INFO] - Request [模型列表查询] POST /gas-forecast/model-config/listPage args={reqDTO=ModelConfigPageReqDTO[page=1, size=10, keyword=null]}
[2026-09-17 07:58:07.722] [gas-forecast] [] [] [c.g.forecast.common.web.WebLogAspect] [http-nio-8080-exec-5] [INFO] - Request [客户列表分页查询] POST /gas-forecast/base-customer/listPage args={reqDTO=BaseCustomerPageReqDTO[page=1, size=200, keyword=null]}
[2026-09-17 07:58:07.722] [gas-forecast] [] [] [c.g.forecast.common.web.WebLogAspect] [http-nio-8080-exec-1] [INFO] - Request [区域列表查询] POST /gas-forecast/base-region/listPage args={reqDTO=BaseRegionPageReqDTO[page=1, size=200, keyword=null]}
[2026-09-17 07:58:07.722] [gas-forecast] [] [] [c.g.forecast.common.web.WebLogAspect] [http-nio-8080-exec-2] [INFO] - Request [行业列表查询] POST /gas-forecast/base-industry/listPage args={reqDTO=BaseIndustryPageReqDTO[page=1, size=200, keyword=null]}
[2026-09-17 07:58:07.723] [gas-forecast] [] [] [c.g.forecast.common.web.WebLogAspect] [http-nio-8080-exec-4] [INFO] - Request [模型列表查询] completed in 11 ms
[2026-09-17 07:58:07.726] [gas-forecast] [] [] [c.g.forecast.common.web.WebLogAspect] [http-nio-8080-exec-2] [INFO] - Request [行业列表查询] completed in 4 ms
[2026-09-17 07:58:07.726] [gas-forecast] [] [] [c.g.forecast.common.web.WebLogAspect] [http-nio-8080-exec-1] [INFO] - Request [区域列表查询] completed in 4 ms
[2026-09-17 07:58:07.726] [gas-forecast] [] [] [c.g.forecast.common.web.WebLogAspect] [http-nio-8080-exec-5] [INFO] - Request [客户列表分页查询] completed in 4 ms
[2026-09-17 07:58:07.905] [gas-forecast] [] [] [c.g.forecast.common.web.WebLogAspect] [http-nio-8080-exec-6] [INFO] - Request [获取当前登录用户权限] GET /gas-forecast/auth/permissions args={}
[2026-09-17 07:58:07.913] [gas-forecast] [] [] [c.g.forecast.common.web.WebLogAspect] [http-nio-8080-exec-6] [INFO] - Request [获取当前登录用户权限] completed in 9 ms
[2026-09-17 07:58:07.923] [gas-forecast] [] [] [c.g.forecast.common.web.WebLogAspect] [http-nio-8080-exec-7] [INFO] - Request [模型列表查询] POST /gas-forecast/model-config/listPage args={reqDTO=ModelConfigPageReqDTO[page=1, size=10, keyword=null]}
[2026-09-17 07:58:07.926] [gas-forecast] [] [] [c.g.forecast.common.web.WebLogAspect] [http-nio-8080-exec-10] [INFO] - Request [区域列表查询] POST /gas-forecast/base-region/listPage args={reqDTO=BaseRegionPageReqDTO[page=1, size=200, keyword=null]}
[2026-09-17 07:58:07.926] [gas-forecast] [] [] [c.g.forecast.common.web.WebLogAspect] [http-nio-8080-exec-9] [INFO] - Request [客户列表分页查询] POST /gas-forecast/base-customer/listPage args={reqDTO=BaseCustomerPageReqDTO[page=1, size=200, keyword=null]}
[2026-09-17 07:58:07.926] [gas-forecast] [] [] [c.g.forecast.common.web.WebLogAspect] [http-nio-8080-exec-8] [INFO] - Request [行业列表查询] POST /gas-forecast/base-industry/listPage args={reqDTO=BaseIndustryPageReqDTO[page=1, size=200, keyword=null]}
[2026-09-17 07:58:07.928] [gas-forecast] [] [] [c.g.forecast.common.web.WebLogAspect] [http-nio-8080-exec-7] [INFO] - Request [模型列表查询] completed in 5 ms
[2026-09-17 07:58:07.931] [gas-forecast] [] [] [c.g.forecast.common.web.WebLogAspect] [http-nio-8080-exec-8] [INFO] - Request [行业列表查询] completed in 5 ms
[2026-09-17 07:58:07.932] [gas-forecast] [] [] [c.g.forecast.common.web.WebLogAspect] [http-nio-8080-exec-10] [INFO] - Request [区域列表查询] completed in 6 ms
[2026-09-17 07:58:07.935] [gas-forecast] [] [] [c.g.forecast.common.web.WebLogAspect] [http-nio-8080-exec-9] [INFO] - Request [客户列表分页查询] completed in 9 ms
[2026-09-17 07:58:10.235] [gas-forecast] [] [] [c.g.forecast.common.web.WebLogAspect] [http-nio-8080-exec-3] [INFO] - Request [模型列表查询] POST /gas-forecast/model-config/listPage args={reqDTO=ModelConfigPageReqDTO[page=1, size=10, keyword=null]}
[2026-09-17 07:58:10.240] [gas-forecast] [] [] [c.g.forecast.common.web.WebLogAspect] [http-nio-8080-exec-3] [INFO] - Request [模型列表查询] completed in 5 ms
[2026-09-17 07:58:40.968] [gas-forecast] [] [] [c.g.forecast.common.web.WebLogAspect] [http-nio-8080-exec-4] [INFO] - Request [编辑模型配置] POST /gas-forecast/model-config/update args={reqDTO=ModelConfigUpdateReqDTO[id=2, configCode=MCF000002, configName=测试, agentCode=monthly-sales, sceneCode=MONTHLY_SALES, enabled=1, regionCode=, industryCode=, customerCode=, regionCodes=[], industryCodes=[], customerCodes=[CUS000021], description=]}
[2026-09-17 08:14:16.797] [gas-forecast] [] [] [com.zaxxer.hikari.HikariDataSource] [SpringApplicationShutdownHook] [INFO] - HikariPool-1 - Shutdown initiated...
[2026-09-17 08:14:16.798] [gas-forecast] [] [] [com.zaxxer.hikari.HikariDataSource] [SpringApplicationShutdownHook] [INFO] - HikariPool-1 - Shutdown completed.
[2026-09-17 08:21:48.975] [gas-forecast] [] [] [o.h.validator.internal.util.Version] [background-preinit] [INFO] - HV000001: Hibernate Validator 8.0.1.Final
[2026-09-17 08:21:48.985] [gas-forecast] [] [] [c.g.f.GasForecastStartupApplication] [main] [INFO] - Starting GasForecastStartupApplication using Java 21.0.11 with PID 93177 (/Users/zoujun/work/workspace/shiyou/gas-forecast/gas-forecast-startup/target/classes started by zoujun in /Users/zoujun/work/workspace/shiyou/gas-forecast)
[2026-09-17 08:21:48.986] [gas-forecast] [] [] [c.g.f.GasForecastStartupApplication] [main] [INFO] - The following 1 profile is active: "dev"
[2026-09-17 08:21:49.244] [gas-forecast] [] [] [o.s.d.r.c.RepositoryConfigurationDelegate] [main] [INFO] - Multiple Spring Data modules found, entering strict repository configuration mode
[2026-09-17 08:21:49.245] [gas-forecast] [] [] [o.s.d.r.c.RepositoryConfigurationDelegate] [main] [INFO] - Bootstrapping Spring Data Redis repositories in DEFAULT mode.
[2026-09-17 08:21:49.263] [gas-forecast] [] [] [o.s.d.r.c.RepositoryConfigurationDelegate] [main] [INFO] - Finished Spring Data repository scanning in 11 ms. Found 0 Redis repository interfaces.
[2026-09-17 08:21:49.560] [gas-forecast] [] [] [o.s.b.w.e.tomcat.TomcatWebServer] [main] [INFO] - Tomcat initialized with port 8080 (http)
[2026-09-17 08:21:49.564] [gas-forecast] [] [] [o.a.coyote.http11.Http11NioProtocol] [main] [INFO] - Initializing ProtocolHandler ["http-nio-8080"]
[2026-09-17 08:21:49.565] [gas-forecast] [] [] [o.a.catalina.core.StandardService] [main] [INFO] - Starting service [Tomcat]
[2026-09-17 08:21:49.565] [gas-forecast] [] [] [o.a.catalina.core.StandardEngine] [main] [INFO] - Starting Servlet engine: [Apache Tomcat/10.1.20]
[2026-09-17 08:21:49.583] [gas-forecast] [] [] [o.a.c.c.C.[.[.[/gas-forecast]] [main] [INFO] - Initializing Spring embedded WebApplicationContext
[2026-09-17 08:21:49.583] [gas-forecast] [] [] [o.s.b.w.s.c.ServletWebServerApplicationContext] [main] [INFO] - Root WebApplicationContext: initialization completed in 581 ms
[2026-09-17 08:21:50.230] [gas-forecast] [] [] [o.a.coyote.http11.Http11NioProtocol] [main] [INFO] - Starting ProtocolHandler ["http-nio-8080"]
[2026-09-17 08:21:50.238] [gas-forecast] [] [] [o.s.b.w.e.tomcat.TomcatWebServer] [main] [INFO] - Tomcat started on port 8080 (http) with context path '/gas-forecast'
[2026-09-17 08:21:50.241] [gas-forecast] [] [] [c.g.f.GasForecastStartupApplication] [main] [INFO] - Started GasForecastStartupApplication in 1.452 seconds (process running for 1.722)
[2026-09-17 08:21:54.775] [gas-forecast] [] [] [o.a.c.c.C.[.[.[/gas-forecast]] [http-nio-8080-exec-3] [INFO] - Initializing Spring DispatcherServlet 'dispatcherServlet'
[2026-09-17 08:21:54.775] [gas-forecast] [] [] [o.s.web.servlet.DispatcherServlet] [http-nio-8080-exec-3] [INFO] - Initializing Servlet 'dispatcherServlet'
[2026-09-17 08:21:54.775] [gas-forecast] [] [] [o.s.web.servlet.DispatcherServlet] [http-nio-8080-exec-3] [INFO] - Completed initialization in 0 ms
[2026-09-17 08:21:54.845] [gas-forecast] [] [] [c.g.forecast.common.web.WebLogAspect] [http-nio-8080-exec-4] [INFO] - Request [模型列表查询] POST /gas-forecast/model-config/listPage args={reqDTO=ModelConfigPageReqDTO[page=1, size=10, keyword=null]}
[2026-09-17 08:21:54.901] [gas-forecast] [] [] [com.zaxxer.hikari.HikariDataSource] [http-nio-8080-exec-4] [INFO] - HikariPool-1 - Starting...
[2026-09-17 08:21:54.960] [gas-forecast] [] [] [c.g.forecast.common.web.WebLogAspect] [http-nio-8080-exec-1] [INFO] - Request [获取当前登录用户权限] GET /gas-forecast/auth/permissions args={}
[2026-09-17 08:21:54.985] [gas-forecast] [] [] [com.zaxxer.hikari.pool.HikariPool] [http-nio-8080-exec-4] [INFO] - HikariPool-1 - Added connection com.mysql.cj.jdbc.ConnectionImpl@721d03e
[2026-09-17 08:21:54.986] [gas-forecast] [] [] [com.zaxxer.hikari.HikariDataSource] [http-nio-8080-exec-4] [INFO] - HikariPool-1 - Start completed.
[2026-09-17 08:21:55.032] [gas-forecast] [] [] [c.g.forecast.common.web.WebLogAspect] [http-nio-8080-exec-2] [INFO] - Request [区域列表查询] POST /gas-forecast/base-region/listPage args={reqDTO=BaseRegionPageReqDTO[page=1, size=200, keyword=null]}
[2026-09-17 08:21:55.032] [gas-forecast] [] [] [c.g.forecast.common.web.WebLogAspect] [http-nio-8080-exec-5] [INFO] - Request [客户列表分页查询] POST /gas-forecast/base-customer/listPage args={reqDTO=BaseCustomerPageReqDTO[page=1, size=200, keyword=null]}
[2026-09-17 08:21:55.033] [gas-forecast] [] [] [c.g.forecast.common.web.WebLogAspect] [http-nio-8080-exec-4] [INFO] - Request [模型列表查询] completed in 188 ms
[2026-09-17 08:21:55.037] [gas-forecast] [] [] [c.g.forecast.common.web.WebLogAspect] [http-nio-8080-exec-3] [INFO] - Request [行业列表查询] POST /gas-forecast/base-industry/listPage args={reqDTO=BaseIndustryPageReqDTO[page=1, size=200, keyword=null]}
[2026-09-17 08:21:55.038] [gas-forecast] [] [] [c.g.forecast.common.web.WebLogAspect] [http-nio-8080-exec-1] [INFO] - Request [获取当前登录用户权限] completed in 78 ms
[2026-09-17 08:21:55.040] [gas-forecast] [] [] [c.g.forecast.common.web.WebLogAspect] [http-nio-8080-exec-2] [INFO] - Request [区域列表查询] completed in 8 ms
[2026-09-17 08:21:55.040] [gas-forecast] [] [] [c.g.forecast.common.web.WebLogAspect] [http-nio-8080-exec-5] [INFO] - Request [客户列表分页查询] completed in 8 ms
[2026-09-17 08:21:55.043] [gas-forecast] [] [] [c.g.forecast.common.web.WebLogAspect] [http-nio-8080-exec-3] [INFO] - Request [行业列表查询] completed in 6 ms
[2026-09-17 08:21:55.306] [gas-forecast] [] [] [c.g.forecast.common.web.WebLogAspect] [http-nio-8080-exec-6] [INFO] - Request [获取当前登录用户权限] GET /gas-forecast/auth/permissions args={}
[2026-09-17 08:21:55.315] [gas-forecast] [] [] [c.g.forecast.common.web.WebLogAspect] [http-nio-8080-exec-6] [INFO] - Request [获取当前登录用户权限] completed in 9 ms
[2026-09-17 08:21:55.324] [gas-forecast] [] [] [c.g.forecast.common.web.WebLogAspect] [http-nio-8080-exec-10] [INFO] - Request [模型列表查询] POST /gas-forecast/model-config/listPage args={reqDTO=ModelConfigPageReqDTO[page=1, size=10, keyword=null]}
[2026-09-17 08:21:55.329] [gas-forecast] [] [] [c.g.forecast.common.web.WebLogAspect] [http-nio-8080-exec-7] [INFO] - Request [客户列表分页查询] POST /gas-forecast/base-customer/listPage args={reqDTO=BaseCustomerPageReqDTO[page=1, size=200, keyword=null]}
[2026-09-17 08:21:55.329] [gas-forecast] [] [] [c.g.forecast.common.web.WebLogAspect] [http-nio-8080-exec-8] [INFO] - Request [行业列表查询] POST /gas-forecast/base-industry/listPage args={reqDTO=BaseIndustryPageReqDTO[page=1, size=200, keyword=null]}
[2026-09-17 08:21:55.329] [gas-forecast] [] [] [c.g.forecast.common.web.WebLogAspect] [http-nio-8080-exec-9] [INFO] - Request [区域列表查询] POST /gas-forecast/base-region/listPage args={reqDTO=BaseRegionPageReqDTO[page=1, size=200, keyword=null]}
[2026-09-17 08:21:55.332] [gas-forecast] [] [] [c.g.forecast.common.web.WebLogAspect] [http-nio-8080-exec-10] [INFO] - Request [模型列表查询] completed in 8 ms
[2026-09-17 08:21:55.335] [gas-forecast] [] [] [c.g.forecast.common.web.WebLogAspect] [http-nio-8080-exec-8] [INFO] - Request [行业列表查询] completed in 6 ms
[2026-09-17 08:21:55.336] [gas-forecast] [] [] [c.g.forecast.common.web.WebLogAspect] [http-nio-8080-exec-9] [INFO] - Request [区域列表查询] completed in 7 ms
[2026-09-17 08:21:55.336] [gas-forecast] [] [] [c.g.forecast.common.web.WebLogAspect] [http-nio-8080-exec-7] [INFO] - Request [客户列表分页查询] completed in 7 ms
[2026-09-17 08:21:55.806] [gas-forecast] [] [] [c.g.forecast.common.web.WebLogAspect] [http-nio-8080-exec-5] [INFO] - Request [获取当前登录用户权限] GET /gas-forecast/auth/permissions args={}
[2026-09-17 08:21:55.815] [gas-forecast] [] [] [c.g.forecast.common.web.WebLogAspect] [http-nio-8080-exec-5] [INFO] - Request [获取当前登录用户权限] completed in 9 ms
[2026-09-17 08:21:55.824] [gas-forecast] [] [] [c.g.forecast.common.web.WebLogAspect] [http-nio-8080-exec-4] [INFO] - Request [模型列表查询] POST /gas-forecast/model-config/listPage args={reqDTO=ModelConfigPageReqDTO[page=1, size=10, keyword=null]}
[2026-09-17 08:21:55.827] [gas-forecast] [] [] [c.g.forecast.common.web.WebLogAspect] [http-nio-8080-exec-2] [INFO] - Request [区域列表查询] POST /gas-forecast/base-region/listPage args={reqDTO=BaseRegionPageReqDTO[page=1, size=200, keyword=null]}
[2026-09-17 08:21:55.827] [gas-forecast] [] [] [c.g.forecast.common.web.WebLogAspect] [http-nio-8080-exec-1] [INFO] - Request [行业列表查询] POST /gas-forecast/base-industry/listPage args={reqDTO=BaseIndustryPageReqDTO[page=1, size=200, keyword=null]}
[2026-09-17 08:21:55.828] [gas-forecast] [] [] [c.g.forecast.common.web.WebLogAspect] [http-nio-8080-exec-3] [INFO] - Request [客户列表分页查询] POST /gas-forecast/base-customer/listPage args={reqDTO=BaseCustomerPageReqDTO[page=1, size=200, keyword=null]}
[2026-09-17 08:21:55.830] [gas-forecast] [] [] [c.g.forecast.common.web.WebLogAspect] [http-nio-8080-exec-4] [INFO] - Request [模型列表查询] completed in 6 ms
[2026-09-17 08:21:55.832] [gas-forecast] [] [] [c.g.forecast.common.web.WebLogAspect] [http-nio-8080-exec-2] [INFO] - Request [区域列表查询] completed in 5 ms
[2026-09-17 08:21:55.837] [gas-forecast] [] [] [c.g.forecast.common.web.WebLogAspect] [http-nio-8080-exec-1] [INFO] - Request [行业列表查询] completed in 10 ms
[2026-09-17 08:21:55.837] [gas-forecast] [] [] [c.g.forecast.common.web.WebLogAspect] [http-nio-8080-exec-3] [INFO] - Request [客户列表分页查询] completed in 9 ms
[2026-09-17 08:22:04.439] [gas-forecast] [] [] [c.g.forecast.common.web.WebLogAspect] [http-nio-8080-exec-6] [INFO] - Request [获取当前登录用户权限] GET /gas-forecast/auth/permissions args={}
[2026-09-17 08:22:04.448] [gas-forecast] [] [] [c.g.forecast.common.web.WebLogAspect] [http-nio-8080-exec-6] [INFO] - Request [获取当前登录用户权限] completed in 9 ms
[2026-09-17 08:22:04.457] [gas-forecast] [] [] [c.g.forecast.common.web.WebLogAspect] [http-nio-8080-exec-9] [INFO] - Request [模型列表查询] POST /gas-forecast/model-config/listPage args={reqDTO=ModelConfigPageReqDTO[page=1, size=10, keyword=null]}
[2026-09-17 08:22:04.461] [gas-forecast] [] [] [c.g.forecast.common.web.WebLogAspect] [http-nio-8080-exec-8] [INFO] - Request [客户列表分页查询] POST /gas-forecast/base-customer/listPage args={reqDTO=BaseCustomerPageReqDTO[page=1, size=200, keyword=null]}
[2026-09-17 08:22:04.461] [gas-forecast] [] [] [c.g.forecast.common.web.WebLogAspect] [http-nio-8080-exec-10] [INFO] - Request [区域列表查询] POST /gas-forecast/base-region/listPage args={reqDTO=BaseRegionPageReqDTO[page=1, size=200, keyword=null]}
[2026-09-17 08:22:04.461] [gas-forecast] [] [] [c.g.forecast.common.web.WebLogAspect] [http-nio-8080-exec-7] [INFO] - Request [行业列表查询] POST /gas-forecast/base-industry/listPage args={reqDTO=BaseIndustryPageReqDTO[page=1, size=200, keyword=null]}
[2026-09-17 08:22:04.465] [gas-forecast] [] [] [c.g.forecast.common.web.WebLogAspect] [http-nio-8080-exec-9] [INFO] - Request [模型列表查询] completed in 8 ms
[2026-09-17 08:22:04.467] [gas-forecast] [] [] [c.g.forecast.common.web.WebLogAspect] [http-nio-8080-exec-7] [INFO] - Request [行业列表查询] completed in 6 ms
[2026-09-17 08:22:04.467] [gas-forecast] [] [] [c.g.forecast.common.web.WebLogAspect] [http-nio-8080-exec-10] [INFO] - Request [区域列表查询] completed in 6 ms
[2026-09-17 08:22:04.471] [gas-forecast] [] [] [c.g.forecast.common.web.WebLogAspect] [http-nio-8080-exec-8] [INFO] - Request [客户列表分页查询] completed in 10 ms
[2026-09-17 08:22:20.770] [gas-forecast] [] [] [c.g.forecast.common.web.WebLogAspect] [http-nio-8080-exec-5] [INFO] - Request [编辑模型配置] POST /gas-forecast/model-config/update args={reqDTO=ModelConfigUpdateReqDTO[id=2, configCode=MCF000002, configName=测试, agentCode=monthly-sales, sceneCode=MONTHLY_SALES, enabled=1, regionCode=, industryCode=, customerCode=, regionCodes=[], industryCodes=[], customerCodes=[CUS000021], description=]}
[2026-09-17 08:22:20.795] [gas-forecast] [] [] [c.g.forecast.common.web.WebLogAspect] [http-nio-8080-exec-5] [INFO] - Request [编辑模型配置] completed in 28 ms
[2026-09-17 08:22:20.800] [gas-forecast] [] [] [c.g.forecast.common.web.WebLogAspect] [http-nio-8080-exec-4] [INFO] - Request [模型列表查询] POST /gas-forecast/model-config/listPage args={reqDTO=ModelConfigPageReqDTO[page=1, size=10, keyword=null]}
[2026-09-17 08:22:20.805] [gas-forecast] [] [] [c.g.forecast.common.web.WebLogAspect] [http-nio-8080-exec-4] [INFO] - Request [模型列表查询] completed in 5 ms
[2026-09-17 08:25:11.862] [gas-forecast] [] [] [c.g.forecast.common.web.WebLogAspect] [http-nio-8080-exec-6] [INFO] - Request [模型列表查询] POST /gas-forecast/model-config/listPage args={reqDTO=ModelConfigPageReqDTO[page=1, size=10, keyword=null]}
[2026-09-17 08:25:11.873] [gas-forecast] [] [] [c.g.forecast.common.web.WebLogAspect] [http-nio-8080-exec-3] [INFO] - Request [客户列表分页查询] POST /gas-forecast/base-customer/listPage args={reqDTO=BaseCustomerPageReqDTO[page=1, size=200, keyword=null]}
[2026-09-17 08:25:11.873] [gas-forecast] [] [] [c.g.forecast.common.web.WebLogAspect] [http-nio-8080-exec-2] [INFO] - Request [区域列表查询] POST /gas-forecast/base-region/listPage args={reqDTO=BaseRegionPageReqDTO[page=1, size=200, keyword=null]}
[2026-09-17 08:25:11.873] [gas-forecast] [] [] [c.g.forecast.common.web.WebLogAspect] [http-nio-8080-exec-1] [INFO] - Request [行业列表查询] POST /gas-forecast/base-industry/listPage args={reqDTO=BaseIndustryPageReqDTO[page=1, size=200, keyword=null]}
[2026-09-17 08:25:11.878] [gas-forecast] [] [] [c.g.forecast.common.web.WebLogAspect] [http-nio-8080-exec-6] [INFO] - Request [模型列表查询] completed in 16 ms
[2026-09-17 08:25:11.879] [gas-forecast] [] [] [c.g.forecast.common.web.WebLogAspect] [http-nio-8080-exec-1] [INFO] - Request [行业列表查询] completed in 6 ms
[2026-09-17 08:25:11.879] [gas-forecast] [] [] [c.g.forecast.common.web.WebLogAspect] [http-nio-8080-exec-3] [INFO] - Request [客户列表分页查询] completed in 6 ms
[2026-09-17 08:25:11.881] [gas-forecast] [] [] [c.g.forecast.common.web.WebLogAspect] [http-nio-8080-exec-2] [INFO] - Request [区域列表查询] completed in 8 ms
[2026-09-17 08:25:11.882] [gas-forecast] [] [] [c.g.forecast.common.web.WebLogAspect] [http-nio-8080-exec-8] [INFO] - Request [模型列表查询] POST /gas-forecast/model-config/listPage args={reqDTO=ModelConfigPageReqDTO[page=1, size=10, keyword=null]}
[2026-09-17 08:25:11.883] [gas-forecast] [] [] [c.g.forecast.common.web.WebLogAspect] [http-nio-8080-exec-9] [INFO] - Request [行业列表查询] POST /gas-forecast/base-industry/listPage args={reqDTO=BaseIndustryPageReqDTO[page=1, size=200, keyword=null]}
[2026-09-17 08:25:11.884] [gas-forecast] [] [] [c.g.forecast.common.web.WebLogAspect] [http-nio-8080-exec-7] [INFO] - Request [区域列表查询] POST /gas-forecast/base-region/listPage args={reqDTO=BaseRegionPageReqDTO[page=1, size=200, keyword=null]}
[2026-09-17 08:25:11.885] [gas-forecast] [] [] [c.g.forecast.common.web.WebLogAspect] [http-nio-8080-exec-10] [INFO] - Request [客户列表分页查询] POST /gas-forecast/base-customer/listPage args={reqDTO=BaseCustomerPageReqDTO[page=1, size=200, keyword=null]}
[2026-09-17 08:25:11.887] [gas-forecast] [] [] [c.g.forecast.common.web.WebLogAspect] [http-nio-8080-exec-9] [INFO] - Request [行业列表查询] completed in 4 ms
[2026-09-17 08:25:11.889] [gas-forecast] [] [] [c.g.forecast.common.web.WebLogAspect] [http-nio-8080-exec-7] [INFO] - Request [区域列表查询] completed in 5 ms
[2026-09-17 08:25:11.891] [gas-forecast] [] [] [c.g.forecast.common.web.WebLogAspect] [http-nio-8080-exec-10] [INFO] - Request [客户列表分页查询] completed in 6 ms
[2026-09-17 08:25:11.892] [gas-forecast] [] [] [c.g.forecast.common.web.WebLogAspect] [http-nio-8080-exec-8] [INFO] - Request [模型列表查询] completed in 10 ms
[2026-09-17 08:32:51.461] [gas-forecast] [] [] [com.zaxxer.hikari.HikariDataSource] [SpringApplicationShutdownHook] [INFO] - HikariPool-1 - Shutdown initiated...
[2026-09-17 08:32:51.463] [gas-forecast] [] [] [com.zaxxer.hikari.HikariDataSource] [SpringApplicationShutdownHook] [INFO] - HikariPool-1 - Shutdown completed.
[2026-09-17 08:49:30.145] [gas-forecast] [] [] [o.h.validator.internal.util.Version] [background-preinit] [INFO] - HV000001: Hibernate Validator 8.0.1.Final
[2026-09-17 08:49:30.157] [gas-forecast] [] [] [c.g.f.GasForecastStartupApplication] [main] [INFO] - Starting GasForecastStartupApplication using Java 21.0.11 with PID 98776 (/Users/zoujun/work/workspace/shiyou/gas-forecast/gas-forecast-startup/target/classes started by zoujun in /Users/zoujun/work/workspace/shiyou/gas-forecast)
[2026-09-17 08:49:30.157] [gas-forecast] [] [] [c.g.f.GasForecastStartupApplication] [main] [INFO] - The following 1 profile is active: "dev"
[2026-09-17 08:49:30.476] [gas-forecast] [] [] [o.s.d.r.c.RepositoryConfigurationDelegate] [main] [INFO] - Multiple Spring Data modules found, entering strict repository configuration mode
[2026-09-17 08:49:30.477] [gas-forecast] [] [] [o.s.d.r.c.RepositoryConfigurationDelegate] [main] [INFO] - Bootstrapping Spring Data Redis repositories in DEFAULT mode.
[2026-09-17 08:49:30.499] [gas-forecast] [] [] [o.s.d.r.c.RepositoryConfigurationDelegate] [main] [INFO] - Finished Spring Data repository scanning in 13 ms. Found 0 Redis repository interfaces.
[2026-09-17 08:49:30.846] [gas-forecast] [] [] [o.s.b.w.e.tomcat.TomcatWebServer] [main] [INFO] - Tomcat initialized with port 8080 (http)
[2026-09-17 08:49:30.851] [gas-forecast] [] [] [o.a.coyote.http11.Http11NioProtocol] [main] [INFO] - Initializing ProtocolHandler ["http-nio-8080"]
[2026-09-17 08:49:30.852] [gas-forecast] [] [] [o.a.catalina.core.StandardService] [main] [INFO] - Starting service [Tomcat]
[2026-09-17 08:49:30.852] [gas-forecast] [] [] [o.a.catalina.core.StandardEngine] [main] [INFO] - Starting Servlet engine: [Apache Tomcat/10.1.20]
[2026-09-17 08:49:30.871] [gas-forecast] [] [] [o.a.c.c.C.[.[.[/gas-forecast]] [main] [INFO] - Initializing Spring embedded WebApplicationContext
[2026-09-17 08:49:30.871] [gas-forecast] [] [] [o.s.b.w.s.c.ServletWebServerApplicationContext] [main] [INFO] - Root WebApplicationContext: initialization completed in 698 ms
[2026-09-17 08:49:31.553] [gas-forecast] [] [] [o.a.coyote.http11.Http11NioProtocol] [main] [INFO] - Starting ProtocolHandler ["http-nio-8080"]
[2026-09-17 08:49:31.560] [gas-forecast] [] [] [o.s.b.w.e.tomcat.TomcatWebServer] [main] [INFO] - Tomcat started on port 8080 (http) with context path '/gas-forecast'
[2026-09-17 08:49:31.563] [gas-forecast] [] [] [c.g.f.GasForecastStartupApplication] [main] [INFO] - Started GasForecastStartupApplication in 1.602 seconds (process running for 2.118)
[2026-09-17 08:49:49.226] [gas-forecast] [] [] [o.a.c.c.C.[.[.[/gas-forecast]] [http-nio-8080-exec-1] [INFO] - Initializing Spring DispatcherServlet 'dispatcherServlet'
[2026-09-17 08:49:49.226] [gas-forecast] [] [] [o.s.web.servlet.DispatcherServlet] [http-nio-8080-exec-1] [INFO] - Initializing Servlet 'dispatcherServlet'
[2026-09-17 08:49:49.227] [gas-forecast] [] [] [o.s.web.servlet.DispatcherServlet] [http-nio-8080-exec-1] [INFO] - Completed initialization in 1 ms
[2026-09-17 08:49:49.367] [gas-forecast] [] [] [c.g.forecast.common.web.WebLogAspect] [http-nio-8080-exec-5] [INFO] - Request [模型列表查询] POST /gas-forecast/model-config/listPage args={reqDTO=ModelConfigPageReqDTO[page=1, size=10, keyword=null]}
[2026-09-17 08:49:49.403] [gas-forecast] [] [] [c.g.forecast.common.web.WebLogAspect] [http-nio-8080-exec-1] [INFO] - Request [获取当前登录用户权限] GET /gas-forecast/auth/permissions args={}
[2026-09-17 08:49:49.406] [gas-forecast] [] [] [com.zaxxer.hikari.HikariDataSource] [http-nio-8080-exec-1] [INFO] - HikariPool-1 - Starting...
[2026-09-17 08:49:49.479] [gas-forecast] [] [] [com.zaxxer.hikari.pool.HikariPool] [http-nio-8080-exec-1] [INFO] - HikariPool-1 - Added connection com.mysql.cj.jdbc.ConnectionImpl@56d001fa
[2026-09-17 08:49:49.480] [gas-forecast] [] [] [com.zaxxer.hikari.HikariDataSource] [http-nio-8080-exec-1] [INFO] - HikariPool-1 - Start completed.
[2026-09-17 08:49:49.513] [gas-forecast] [] [] [c.g.forecast.common.web.WebLogAspect] [http-nio-8080-exec-2] [INFO] - Request [区域列表查询] POST /gas-forecast/base-region/listPage args={reqDTO=BaseRegionPageReqDTO[page=1, size=200, keyword=null]}
[2026-09-17 08:49:49.513] [gas-forecast] [] [] [c.g.forecast.common.web.WebLogAspect] [http-nio-8080-exec-4] [INFO] - Request [客户列表分页查询] POST /gas-forecast/base-customer/listPage args={reqDTO=BaseCustomerPageReqDTO[page=1, size=200, keyword=null]}
[2026-09-17 08:49:49.516] [gas-forecast] [] [] [c.g.forecast.common.web.WebLogAspect] [http-nio-8080-exec-1] [INFO] - Request [获取当前登录用户权限] completed in 113 ms
[2026-09-17 08:49:49.519] [gas-forecast] [] [] [c.g.forecast.common.web.WebLogAspect] [http-nio-8080-exec-2] [INFO] - Request [区域列表查询] completed in 6 ms
[2026-09-17 08:49:49.519] [gas-forecast] [] [] [c.g.forecast.common.web.WebLogAspect] [http-nio-8080-exec-3] [INFO] - Request [行业列表查询] POST /gas-forecast/base-industry/listPage args={reqDTO=BaseIndustryPageReqDTO[page=1, size=200, keyword=null]}
[2026-09-17 08:49:49.523] [gas-forecast] [] [] [c.g.forecast.common.web.WebLogAspect] [http-nio-8080-exec-4] [INFO] - Request [客户列表分页查询] completed in 10 ms
[2026-09-17 08:49:49.524] [gas-forecast] [] [] [c.g.forecast.common.web.WebLogAspect] [http-nio-8080-exec-3] [INFO] - Request [行业列表查询] completed in 5 ms
[2026-09-17 08:49:49.525] [gas-forecast] [] [] [c.g.forecast.common.web.WebLogAspect] [http-nio-8080-exec-5] [INFO] - Request [模型列表查询] completed in 159 ms
[2026-09-17 10:24:22.629] [gas-forecast] [] [] [c.g.forecast.common.web.WebLogAspect] [http-nio-8080-exec-6] [INFO] - Request [获取当前登录用户权限] GET /gas-forecast/auth/permissions args={}
[2026-09-17 10:24:22.653] [gas-forecast] [] [] [c.g.forecast.common.web.WebLogAspect] [http-nio-8080-exec-6] [INFO] - Request [获取当前登录用户权限] completed in 24 ms
[2026-09-17 10:24:22.696] [gas-forecast] [] [] [c.g.forecast.common.web.WebLogAspect] [http-nio-8080-exec-7] [INFO] - Request [日销量标准数据分页查询] POST /gas-forecast/data-daily-sales/listPage args={reqDTO=DataSalesPageReqDTO[page=1, size=10, keyword=null, startDate=null, endDate=null]}
[2026-09-17 10:24:22.733] [gas-forecast] [] [] [c.g.forecast.common.web.WebLogAspect] [http-nio-8080-exec-7] [INFO] - Request [日销量标准数据分页查询] completed in 40 ms
[2026-09-17 10:45:09.329] [gas-forecast] [] [] [c.g.forecast.common.web.WebLogAspect] [http-nio-8080-exec-3] [INFO] - Request [模型列表查询] POST /gas-forecast/model-config/listPage args={reqDTO=ModelConfigPageReqDTO[page=1, size=10, keyword=null]}
[2026-09-17 10:45:09.344] [gas-forecast] [] [] [c.g.forecast.common.web.WebLogAspect] [http-nio-8080-exec-9] [INFO] - Request [行业列表查询] POST /gas-forecast/base-industry/listPage args={reqDTO=BaseIndustryPageReqDTO[page=1, size=200, keyword=null]}
[2026-09-17 10:45:09.344] [gas-forecast] [] [] [c.g.forecast.common.web.WebLogAspect] [http-nio-8080-exec-8] [INFO] - Request [区域列表查询] POST /gas-forecast/base-region/listPage args={reqDTO=BaseRegionPageReqDTO[page=1, size=200, keyword=null]}
[2026-09-17 10:45:09.344] [gas-forecast] [] [] [c.g.forecast.common.web.WebLogAspect] [http-nio-8080-exec-10] [INFO] - Request [客户列表分页查询] POST /gas-forecast/base-customer/listPage args={reqDTO=BaseCustomerPageReqDTO[page=1, size=200, keyword=null]}
[2026-09-17 10:45:09.348] [gas-forecast] [] [] [c.g.forecast.common.web.WebLogAspect] [http-nio-8080-exec-3] [INFO] - Request [模型列表查询] completed in 19 ms
[2026-09-17 10:45:09.350] [gas-forecast] [] [] [c.g.forecast.common.web.WebLogAspect] [http-nio-8080-exec-9] [INFO] - Request [行业列表查询] completed in 6 ms
[2026-09-17 10:45:09.350] [gas-forecast] [] [] [c.g.forecast.common.web.WebLogAspect] [http-nio-8080-exec-8] [INFO] - Request [区域列表查询] completed in 6 ms
[2026-09-17 10:45:09.350] [gas-forecast] [] [] [c.g.forecast.common.web.WebLogAspect] [http-nio-8080-exec-10] [INFO] - Request [客户列表分页查询] completed in 6 ms
[2026-09-17 10:45:10.333] [gas-forecast] [] [] [c.g.forecast.common.web.WebLogAspect] [http-nio-8080-exec-2] [INFO] - Request [获取当前登录用户权限] GET /gas-forecast/auth/permissions args={}
[2026-09-17 10:45:10.338] [gas-forecast] [] [] [c.g.forecast.common.web.WebLogAspect] [http-nio-8080-exec-2] [INFO] - Request [获取当前登录用户权限] completed in 5 ms
[2026-09-17 10:45:10.342] [gas-forecast] [] [] [c.g.forecast.common.web.WebLogAspect] [http-nio-8080-exec-4] [INFO] - Request [获取当前登录用户权限] GET /gas-forecast/auth/permissions args={}
[2026-09-17 10:45:10.351] [gas-forecast] [] [] [c.g.forecast.common.web.WebLogAspect] [http-nio-8080-exec-4] [INFO] - Request [获取当前登录用户权限] completed in 9 ms
[2026-09-17 10:45:10.387] [gas-forecast] [] [] [c.g.forecast.common.web.WebLogAspect] [http-nio-8080-exec-7] [INFO] - Request [模型列表查询] POST /gas-forecast/model-config/listPage args={reqDTO=ModelConfigPageReqDTO[page=1, size=10, keyword=null]}
[2026-09-17 10:45:10.390] [gas-forecast] [] [] [c.g.forecast.common.web.WebLogAspect] [http-nio-8080-exec-5] [INFO] - Request [行业列表查询] POST /gas-forecast/base-industry/listPage args={reqDTO=BaseIndustryPageReqDTO[page=1, size=200, keyword=null]}
[2026-09-17 10:45:10.390] [gas-forecast] [] [] [c.g.forecast.common.web.WebLogAspect] [http-nio-8080-exec-1] [INFO] - Request [区域列表查询] POST /gas-forecast/base-region/listPage args={reqDTO=BaseRegionPageReqDTO[page=1, size=200, keyword=null]}
[2026-09-17 10:45:10.390] [gas-forecast] [] [] [c.g.forecast.common.web.WebLogAspect] [http-nio-8080-exec-6] [INFO] - Request [客户列表分页查询] POST /gas-forecast/base-customer/listPage args={reqDTO=BaseCustomerPageReqDTO[page=1, size=200, keyword=null]}
[2026-09-17 10:45:10.395] [gas-forecast] [] [] [c.g.forecast.common.web.WebLogAspect] [http-nio-8080-exec-5] [INFO] - Request [行业列表查询] completed in 5 ms
[2026-09-17 10:45:10.395] [gas-forecast] [] [] [c.g.forecast.common.web.WebLogAspect] [http-nio-8080-exec-1] [INFO] - Request [区域列表查询] completed in 5 ms
[2026-09-17 10:45:10.395] [gas-forecast] [] [] [c.g.forecast.common.web.WebLogAspect] [http-nio-8080-exec-6] [INFO] - Request [客户列表分页查询] completed in 5 ms
[2026-09-17 10:45:10.396] [gas-forecast] [] [] [c.g.forecast.common.web.WebLogAspect] [http-nio-8080-exec-7] [INFO] - Request [模型列表查询] completed in 9 ms
[2026-09-17 10:45:10.398] [gas-forecast] [] [] [c.g.forecast.common.web.WebLogAspect] [http-nio-8080-exec-3] [INFO] - Request [日销量标准数据分页查询] POST /gas-forecast/data-daily-sales/listPage args={reqDTO=DataSalesPageReqDTO[page=1, size=10, keyword=null, startDate=null, endDate=null]}
[2026-09-17 10:45:10.433] [gas-forecast] [] [] [c.g.forecast.common.web.WebLogAspect] [http-nio-8080-exec-3] [INFO] - Request [日销量标准数据分页查询] completed in 35 ms
[2026-09-17 10:46:04.245] [gas-forecast] [] [] [c.g.forecast.common.web.WebLogAspect] [http-nio-8080-exec-2] [INFO] - Request [模型列表查询] POST /gas-forecast/model-config/listPage args={reqDTO=ModelConfigPageReqDTO[page=1, size=10, keyword=null]}
[2026-09-17 10:46:04.253] [gas-forecast] [] [] [c.g.forecast.common.web.WebLogAspect] [http-nio-8080-exec-10] [INFO] - Request [客户列表分页查询] POST /gas-forecast/base-customer/listPage args={reqDTO=BaseCustomerPageReqDTO[page=1, size=200, keyword=null]}
[2026-09-17 10:46:04.253] [gas-forecast] [] [] [c.g.forecast.common.web.WebLogAspect] [http-nio-8080-exec-8] [INFO] - Request [行业列表查询] POST /gas-forecast/base-industry/listPage args={reqDTO=BaseIndustryPageReqDTO[page=1, size=200, keyword=null]}
[2026-09-17 10:46:04.253] [gas-forecast] [] [] [c.g.forecast.common.web.WebLogAspect] [http-nio-8080-exec-9] [INFO] - Request [区域列表查询] POST /gas-forecast/base-region/listPage args={reqDTO=BaseRegionPageReqDTO[page=1, size=200, keyword=null]}
[2026-09-17 10:46:04.258] [gas-forecast] [] [] [c.g.forecast.common.web.WebLogAspect] [http-nio-8080-exec-2] [INFO] - Request [模型列表查询] completed in 13 ms
[2026-09-17 10:46:04.258] [gas-forecast] [] [] [c.g.forecast.common.web.WebLogAspect] [http-nio-8080-exec-8] [INFO] - Request [行业列表查询] completed in 5 ms
[2026-09-17 10:46:04.259] [gas-forecast] [] [] [c.g.forecast.common.web.WebLogAspect] [http-nio-8080-exec-9] [INFO] - Request [区域列表查询] completed in 6 ms
[2026-09-17 10:46:04.262] [gas-forecast] [] [] [c.g.forecast.common.web.WebLogAspect] [http-nio-8080-exec-10] [INFO] - Request [客户列表分页查询] completed in 9 ms
[2026-09-17 10:53:46.930] [gas-forecast] [] [] [com.zaxxer.hikari.HikariDataSource] [SpringApplicationShutdownHook] [INFO] - HikariPool-1 - Shutdown initiated...
[2026-09-17 10:53:46.931] [gas-forecast] [] [] [com.zaxxer.hikari.HikariDataSource] [SpringApplicationShutdownHook] [INFO] - HikariPool-1 - Shutdown completed.
[2026-09-17 10:53:48.870] [gas-forecast] [] [] [o.h.validator.internal.util.Version] [background-preinit] [INFO] - HV000001: Hibernate Validator 8.0.1.Final
[2026-09-17 10:53:48.882] [gas-forecast] [] [] [c.g.f.GasForecastStartupApplication] [main] [INFO] - Starting GasForecastStartupApplication using Java 21.0.11 with PID 6349 (/Users/zoujun/work/workspace/shiyou/gas-forecast/gas-forecast-startup/target/classes started by zoujun in /Users/zoujun/work/workspace/shiyou/gas-forecast)
[2026-09-17 10:53:48.882] [gas-forecast] [] [] [c.g.f.GasForecastStartupApplication] [main] [INFO] - The following 1 profile is active: "dev"
[2026-09-17 10:53:49.218] [gas-forecast] [] [] [o.s.d.r.c.RepositoryConfigurationDelegate] [main] [INFO] - Multiple Spring Data modules found, entering strict repository configuration mode
[2026-09-17 10:53:49.219] [gas-forecast] [] [] [o.s.d.r.c.RepositoryConfigurationDelegate] [main] [INFO] - Bootstrapping Spring Data Redis repositories in DEFAULT mode.
[2026-09-17 10:53:49.238] [gas-forecast] [] [] [o.s.d.r.c.RepositoryConfigurationDelegate] [main] [INFO] - Finished Spring Data repository scanning in 12 ms. Found 0 Redis repository interfaces.
[2026-09-17 10:53:49.558] [gas-forecast] [] [] [o.s.b.w.e.tomcat.TomcatWebServer] [main] [INFO] - Tomcat initialized with port 8080 (http)
[2026-09-17 10:53:49.562] [gas-forecast] [] [] [o.a.coyote.http11.Http11NioProtocol] [main] [INFO] - Initializing ProtocolHandler ["http-nio-8080"]
[2026-09-17 10:53:49.563] [gas-forecast] [] [] [o.a.catalina.core.StandardService] [main] [INFO] - Starting service [Tomcat]
[2026-09-17 10:53:49.563] [gas-forecast] [] [] [o.a.catalina.core.StandardEngine] [main] [INFO] - Starting Servlet engine: [Apache Tomcat/10.1.20]
[2026-09-17 10:53:49.582] [gas-forecast] [] [] [o.a.c.c.C.[.[.[/gas-forecast]] [main] [INFO] - Initializing Spring embedded WebApplicationContext
[2026-09-17 10:53:49.582] [gas-forecast] [] [] [o.s.b.w.s.c.ServletWebServerApplicationContext] [main] [INFO] - Root WebApplicationContext: initialization completed in 681 ms
[2026-09-17 10:53:50.463] [gas-forecast] [] [] [o.a.coyote.http11.Http11NioProtocol] [main] [INFO] - Starting ProtocolHandler ["http-nio-8080"]
[2026-09-17 10:53:50.471] [gas-forecast] [] [] [o.s.b.w.e.tomcat.TomcatWebServer] [main] [INFO] - Tomcat started on port 8080 (http) with context path '/gas-forecast'
[2026-09-17 10:53:50.475] [gas-forecast] [] [] [c.g.f.GasForecastStartupApplication] [main] [INFO] - Started GasForecastStartupApplication in 1.828 seconds (process running for 2.147)
[2026-09-17 10:53:59.936] [gas-forecast] [] [] [o.a.c.c.C.[.[.[/gas-forecast]] [http-nio-8080-exec-4] [INFO] - Initializing Spring DispatcherServlet 'dispatcherServlet'
[2026-09-17 10:53:59.937] [gas-forecast] [] [] [o.s.web.servlet.DispatcherServlet] [http-nio-8080-exec-4] [INFO] - Initializing Servlet 'dispatcherServlet'
[2026-09-17 10:53:59.937] [gas-forecast] [] [] [o.s.web.servlet.DispatcherServlet] [http-nio-8080-exec-4] [INFO] - Completed initialization in 0 ms
[2026-09-17 10:54:00.019] [gas-forecast] [] [] [c.g.forecast.common.web.WebLogAspect] [http-nio-8080-exec-5] [INFO] - Request [模型列表查询] POST /gas-forecast/model-config/listPage args={reqDTO=ModelConfigPageReqDTO[page=1, size=10, keyword=null]}
[2026-09-17 10:54:00.079] [gas-forecast] [] [] [com.zaxxer.hikari.HikariDataSource] [http-nio-8080-exec-5] [INFO] - HikariPool-1 - Starting...
[2026-09-17 10:54:00.137] [gas-forecast] [] [] [c.g.forecast.common.web.WebLogAspect] [http-nio-8080-exec-1] [INFO] - Request [获取当前登录用户权限] GET /gas-forecast/auth/permissions args={}
[2026-09-17 10:54:00.169] [gas-forecast] [] [] [com.zaxxer.hikari.pool.HikariPool] [http-nio-8080-exec-5] [INFO] - HikariPool-1 - Added connection com.mysql.cj.jdbc.ConnectionImpl@4f3dd936
[2026-09-17 10:54:00.170] [gas-forecast] [] [] [com.zaxxer.hikari.HikariDataSource] [http-nio-8080-exec-5] [INFO] - HikariPool-1 - Start completed.
[2026-09-17 10:54:00.212] [gas-forecast] [] [] [c.g.forecast.common.web.WebLogAspect] [http-nio-8080-exec-4] [INFO] - Request [客户列表分页查询] POST /gas-forecast/base-customer/listPage args={reqDTO=BaseCustomerPageReqDTO[page=1, size=200, keyword=null]}
[2026-09-17 10:54:00.214] [gas-forecast] [] [] [c.g.forecast.common.web.WebLogAspect] [http-nio-8080-exec-2] [INFO] - Request [区域列表查询] POST /gas-forecast/base-region/listPage args={reqDTO=BaseRegionPageReqDTO[page=1, size=200, keyword=null]}
[2026-09-17 10:54:00.216] [gas-forecast] [] [] [c.g.forecast.common.web.WebLogAspect] [http-nio-8080-exec-1] [INFO] - Request [获取当前登录用户权限] completed in 79 ms
[2026-09-17 10:54:00.216] [gas-forecast] [] [] [c.g.forecast.common.web.WebLogAspect] [http-nio-8080-exec-3] [INFO] - Request [行业列表查询] POST /gas-forecast/base-industry/listPage args={reqDTO=BaseIndustryPageReqDTO[page=1, size=200, keyword=null]}
[2026-09-17 10:54:00.219] [gas-forecast] [] [] [c.g.forecast.common.web.WebLogAspect] [http-nio-8080-exec-4] [INFO] - Request [客户列表分页查询] completed in 7 ms
[2026-09-17 10:54:00.220] [gas-forecast] [] [] [c.g.forecast.common.web.WebLogAspect] [http-nio-8080-exec-2] [INFO] - Request [区域列表查询] completed in 7 ms
[2026-09-17 10:54:00.222] [gas-forecast] [] [] [c.g.forecast.common.web.WebLogAspect] [http-nio-8080-exec-5] [INFO] - Request [模型列表查询] completed in 204 ms
[2026-09-17 10:54:00.223] [gas-forecast] [] [] [c.g.forecast.common.web.WebLogAspect] [http-nio-8080-exec-3] [INFO] - Request [行业列表查询] completed in 7 ms
[2026-09-17 10:54:00.402] [gas-forecast] [] [] [c.g.forecast.common.web.WebLogAspect] [http-nio-8080-exec-6] [INFO] - Request [获取当前登录用户权限] GET /gas-forecast/auth/permissions args={}
[2026-09-17 10:54:00.414] [gas-forecast] [] [] [c.g.forecast.common.web.WebLogAspect] [http-nio-8080-exec-6] [INFO] - Request [获取当前登录用户权限] completed in 12 ms
[2026-09-17 10:54:00.426] [gas-forecast] [] [] [c.g.forecast.common.web.WebLogAspect] [http-nio-8080-exec-10] [INFO] - Request [模型列表查询] POST /gas-forecast/model-config/listPage args={reqDTO=ModelConfigPageReqDTO[page=1, size=10, keyword=null]}
[2026-09-17 10:54:00.430] [gas-forecast] [] [] [c.g.forecast.common.web.WebLogAspect] [http-nio-8080-exec-7] [INFO] - Request [区域列表查询] POST /gas-forecast/base-region/listPage args={reqDTO=BaseRegionPageReqDTO[page=1, size=200, keyword=null]}
[2026-09-17 10:54:00.430] [gas-forecast] [] [] [c.g.forecast.common.web.WebLogAspect] [http-nio-8080-exec-9] [INFO] - Request [客户列表分页查询] POST /gas-forecast/base-customer/listPage args={reqDTO=BaseCustomerPageReqDTO[page=1, size=200, keyword=null]}
[2026-09-17 10:54:00.430] [gas-forecast] [] [] [c.g.forecast.common.web.WebLogAspect] [http-nio-8080-exec-8] [INFO] - Request [行业列表查询] POST /gas-forecast/base-industry/listPage args={reqDTO=BaseIndustryPageReqDTO[page=1, size=200, keyword=null]}
[2026-09-17 10:54:00.436] [gas-forecast] [] [] [c.g.forecast.common.web.WebLogAspect] [http-nio-8080-exec-7] [INFO] - Request [区域列表查询] completed in 6 ms
[2026-09-17 10:54:00.436] [gas-forecast] [] [] [c.g.forecast.common.web.WebLogAspect] [http-nio-8080-exec-10] [INFO] - Request [模型列表查询] completed in 10 ms
[2026-09-17 10:54:00.439] [gas-forecast] [] [] [c.g.forecast.common.web.WebLogAspect] [http-nio-8080-exec-8] [INFO] - Request [行业列表查询] completed in 9 ms
[2026-09-17 10:54:00.439] [gas-forecast] [] [] [c.g.forecast.common.web.WebLogAspect] [http-nio-8080-exec-9] [INFO] - Request [客户列表分页查询] completed in 9 ms
[2026-09-17 10:57:24.464] [gas-forecast] [] [] [c.g.forecast.common.web.WebLogAspect] [http-nio-8080-exec-4] [INFO] - Request [获取当前登录用户权限] GET /gas-forecast/auth/permissions args={}
[2026-09-17 10:57:24.485] [gas-forecast] [] [] [c.g.forecast.common.web.WebLogAspect] [http-nio-8080-exec-4] [INFO] - Request [获取当前登录用户权限] completed in 21 ms
[2026-09-17 10:57:24.552] [gas-forecast] [] [] [c.g.forecast.common.web.WebLogAspect] [http-nio-8080-exec-3] [INFO] - Request [特征定义列表查询] POST /gas-forecast/model-feature-definition/listPage args={reqDTO=ModelFeatureDefinitionPageReqDTO[page=1, size=10, keyword=null]}
[2026-09-17 10:57:24.565] [gas-forecast] [] [] [c.g.forecast.common.web.WebLogAspect] [http-nio-8080-exec-3] [INFO] - Request [特征定义列表查询] completed in 13 ms
[2026-09-17 11:08:59.243] [gas-forecast] [] [] [c.g.forecast.common.web.WebLogAspect] [http-nio-8080-exec-1] [INFO] - Request [获取当前登录用户权限] GET /gas-forecast/auth/permissions args={}
[2026-09-17 11:08:59.272] [gas-forecast] [] [] [c.g.forecast.common.web.WebLogAspect] [http-nio-8080-exec-1] [INFO] - Request [获取当前登录用户权限] completed in 29 ms
[2026-09-17 11:08:59.289] [gas-forecast] [] [] [c.g.forecast.common.web.WebLogAspect] [http-nio-8080-exec-5] [INFO] - Request [特征定义列表查询] POST /gas-forecast/model-feature-definition/listPage args={reqDTO=ModelFeatureDefinitionPageReqDTO[page=1, size=10, keyword=null]}
[2026-09-17 11:08:59.293] [gas-forecast] [] [] [c.g.forecast.common.web.WebLogAspect] [http-nio-8080-exec-5] [INFO] - Request [特征定义列表查询] completed in 4 ms
[2026-09-17 11:09:00.314] [gas-forecast] [] [] [c.g.forecast.common.web.WebLogAspect] [http-nio-8080-exec-2] [INFO] - Request [训练特征数据列表查询] POST /gas-forecast/model-train-feature-data/listPage args={reqDTO=ModelTrainFeatureDataPageReqDTO[page=1, size=10, keyword=null]}
[2026-09-17 11:09:00.330] [gas-forecast] [] [] [c.g.forecast.common.web.WebLogAspect] [http-nio-8080-exec-2] [INFO] - Request [训练特征数据列表查询] completed in 16 ms
[2026-09-17 11:09:00.840] [gas-forecast] [] [] [c.g.forecast.common.web.WebLogAspect] [http-nio-8080-exec-6] [INFO] - Request [特征定义列表查询] POST /gas-forecast/model-feature-definition/listPage args={reqDTO=ModelFeatureDefinitionPageReqDTO[page=1, size=10, keyword=null]}
[2026-09-17 11:09:00.843] [gas-forecast] [] [] [c.g.forecast.common.web.WebLogAspect] [http-nio-8080-exec-6] [INFO] - Request [特征定义列表查询] completed in 3 ms
[2026-09-17 11:10:40.261] [gas-forecast] [] [] [c.g.forecast.common.web.WebLogAspect] [http-nio-8080-exec-10] [INFO] - Request [特征定义列表查询] POST /gas-forecast/model-feature-definition/listPage args={reqDTO=ModelFeatureDefinitionPageReqDTO[page=1, size=10, keyword=null]}
[2026-09-17 11:10:40.275] [gas-forecast] [] [] [c.g.forecast.common.web.WebLogAspect] [http-nio-8080-exec-10] [INFO] - Request [特征定义列表查询] completed in 14 ms
[2026-09-17 11:11:21.428] [gas-forecast] [] [] [com.zaxxer.hikari.HikariDataSource] [SpringApplicationShutdownHook] [INFO] - HikariPool-1 - Shutdown initiated...
[2026-09-17 11:11:21.430] [gas-forecast] [] [] [com.zaxxer.hikari.HikariDataSource] [SpringApplicationShutdownHook] [INFO] - HikariPool-1 - Shutdown completed.
[2026-09-17 11:11:23.204] [gas-forecast] [] [] [o.h.validator.internal.util.Version] [background-preinit] [INFO] - HV000001: Hibernate Validator 8.0.1.Final
[2026-09-17 11:11:23.216] [gas-forecast] [] [] [c.g.f.GasForecastStartupApplication] [main] [INFO] - Starting GasForecastStartupApplication using Java 21.0.11 with PID 10350 (/Users/zoujun/work/workspace/shiyou/gas-forecast/gas-forecast-startup/target/classes started by zoujun in /Users/zoujun/work/workspace/shiyou/gas-forecast)
[2026-09-17 11:11:23.217] [gas-forecast] [] [] [c.g.f.GasForecastStartupApplication] [main] [INFO] - The following 1 profile is active: "dev"
[2026-09-17 11:11:23.492] [gas-forecast] [] [] [o.s.d.r.c.RepositoryConfigurationDelegate] [main] [INFO] - Multiple Spring Data modules found, entering strict repository configuration mode
[2026-09-17 11:11:23.493] [gas-forecast] [] [] [o.s.d.r.c.RepositoryConfigurationDelegate] [main] [INFO] - Bootstrapping Spring Data Redis repositories in DEFAULT mode.
[2026-09-17 11:11:23.510] [gas-forecast] [] [] [o.s.d.r.c.RepositoryConfigurationDelegate] [main] [INFO] - Finished Spring Data repository scanning in 10 ms. Found 0 Redis repository interfaces.
[2026-09-17 11:11:23.805] [gas-forecast] [] [] [o.s.b.w.e.tomcat.TomcatWebServer] [main] [INFO] - Tomcat initialized with port 8080 (http)
[2026-09-17 11:11:23.809] [gas-forecast] [] [] [o.a.coyote.http11.Http11NioProtocol] [main] [INFO] - Initializing ProtocolHandler ["http-nio-8080"]
[2026-09-17 11:11:23.810] [gas-forecast] [] [] [o.a.catalina.core.StandardService] [main] [INFO] - Starting service [Tomcat]
[2026-09-17 11:11:23.810] [gas-forecast] [] [] [o.a.catalina.core.StandardEngine] [main] [INFO] - Starting Servlet engine: [Apache Tomcat/10.1.20]
[2026-09-17 11:11:23.829] [gas-forecast] [] [] [o.a.c.c.C.[.[.[/gas-forecast]] [main] [INFO] - Initializing Spring embedded WebApplicationContext
[2026-09-17 11:11:23.829] [gas-forecast] [] [] [o.s.b.w.s.c.ServletWebServerApplicationContext] [main] [INFO] - Root WebApplicationContext: initialization completed in 596 ms
[2026-09-17 11:11:24.542] [gas-forecast] [] [] [o.a.coyote.http11.Http11NioProtocol] [main] [INFO] - Starting ProtocolHandler ["http-nio-8080"]
[2026-09-17 11:11:24.549] [gas-forecast] [] [] [o.s.b.w.e.tomcat.TomcatWebServer] [main] [INFO] - Tomcat started on port 8080 (http) with context path '/gas-forecast'
[2026-09-17 11:11:24.552] [gas-forecast] [] [] [c.g.f.GasForecastStartupApplication] [main] [INFO] - Started GasForecastStartupApplication in 1.559 seconds (process running for 1.919)
[2026-09-17 11:15:11.660] [gas-forecast] [] [] [o.a.c.c.C.[.[.[/gas-forecast]] [http-nio-8080-exec-1] [INFO] - Initializing Spring DispatcherServlet 'dispatcherServlet'
[2026-09-17 11:15:11.660] [gas-forecast] [] [] [o.s.web.servlet.DispatcherServlet] [http-nio-8080-exec-1] [INFO] - Initializing Servlet 'dispatcherServlet'
[2026-09-17 11:15:11.661] [gas-forecast] [] [] [o.s.web.servlet.DispatcherServlet] [http-nio-8080-exec-1] [INFO] - Completed initialization in 1 ms
[2026-09-17 11:15:11.743] [gas-forecast] [] [] [c.g.forecast.common.web.WebLogAspect] [http-nio-8080-exec-1] [INFO] - Request [训练特征数据列表查询] POST /gas-forecast/model-train-feature-data/listPage args={reqDTO=ModelTrainFeatureDataPageReqDTO[page=1, size=10, keyword=null]}
[2026-09-17 11:15:11.815] [gas-forecast] [] [] [com.zaxxer.hikari.HikariDataSource] [http-nio-8080-exec-1] [INFO] - HikariPool-1 - Starting...
[2026-09-17 11:15:11.895] [gas-forecast] [] [] [com.zaxxer.hikari.pool.HikariPool] [http-nio-8080-exec-1] [INFO] - HikariPool-1 - Added connection com.mysql.cj.jdbc.ConnectionImpl@2c34d7a7
[2026-09-17 11:15:11.896] [gas-forecast] [] [] [com.zaxxer.hikari.HikariDataSource] [http-nio-8080-exec-1] [INFO] - HikariPool-1 - Start completed.
[2026-09-17 11:15:11.924] [gas-forecast] [] [] [c.g.forecast.common.web.WebLogAspect] [http-nio-8080-exec-1] [INFO] - Request [训练特征数据列表查询] completed in 183 ms
[2026-09-17 11:15:25.744] [gas-forecast] [] [] [c.g.forecast.common.web.WebLogAspect] [http-nio-8080-exec-2] [INFO] - Request [特征定义列表查询] POST /gas-forecast/model-feature-definition/listPage args={reqDTO=ModelFeatureDefinitionPageReqDTO[page=1, size=10, keyword=null]}
[2026-09-17 11:15:25.750] [gas-forecast] [] [] [c.g.forecast.common.web.WebLogAspect] [http-nio-8080-exec-2] [INFO] - Request [特征定义列表查询] completed in 6 ms
[2026-09-17 11:20:31.470] [gas-forecast] [] [] [c.g.forecast.common.web.WebLogAspect] [http-nio-8080-exec-4] [INFO] - Request [特征定义列表查询] POST /gas-forecast/model-feature-definition/listPage args={reqDTO=ModelFeatureDefinitionPageReqDTO[page=1, size=10, keyword=null]}
[2026-09-17 11:20:31.495] [gas-forecast] [] [] [c.g.forecast.common.web.WebLogAspect] [http-nio-8080-exec-4] [INFO] - Request [特征定义列表查询] completed in 25 ms
[2026-09-17 11:20:31.597] [gas-forecast] [] [] [c.g.forecast.common.web.WebLogAspect] [http-nio-8080-exec-3] [INFO] - Request [获取当前登录用户权限] GET /gas-forecast/auth/permissions args={}
[2026-09-17 11:20:31.612] [gas-forecast] [] [] [c.g.forecast.common.web.WebLogAspect] [http-nio-8080-exec-3] [INFO] - Request [获取当前登录用户权限] completed in 15 ms
[2026-09-17 11:21:15.516] [gas-forecast] [] [] [c.g.forecast.common.web.WebLogAspect] [http-nio-8080-exec-6] [INFO] - Request [训练特征数据列表查询] POST /gas-forecast/model-train-feature-data/listPage args={reqDTO=ModelTrainFeatureDataPageReqDTO[page=1, size=10, keyword=null]}
[2026-09-17 11:21:48.999] [gas-forecast] [] [] [c.g.forecast.common.web.WebLogAspect] [http-nio-8080-exec-5] [INFO] - Request [特征定义列表查询] POST /gas-forecast/model-feature-definition/listPage args={reqDTO=ModelFeatureDefinitionPageReqDTO[page=1, size=10, keyword=null]}
[2026-09-17 11:21:49.009] [gas-forecast] [] [] [c.g.forecast.common.web.WebLogAspect] [http-nio-8080-exec-5] [INFO] - Request [特征定义列表查询] completed in 10 ms
[2026-09-17 11:54:41.968] [gas-forecast] [] [] [com.zaxxer.hikari.HikariDataSource] [SpringApplicationShutdownHook] [INFO] - HikariPool-1 - Shutdown initiated...
[2026-09-17 11:54:41.970] [gas-forecast] [] [] [com.zaxxer.hikari.HikariDataSource] [SpringApplicationShutdownHook] [INFO] - HikariPool-1 - Shutdown completed.
[2026-09-17 11:54:43.192] [gas-forecast] [] [] [o.h.validator.internal.util.Version] [background-preinit] [INFO] - HV000001: Hibernate Validator 8.0.1.Final
[2026-09-17 11:54:43.209] [gas-forecast] [] [] [c.g.f.GasForecastStartupApplication] [main] [INFO] - Starting GasForecastStartupApplication using Java 21.0.11 with PID 11769 (/Users/zoujun/work/workspace/shiyou/gas-forecast/gas-forecast-startup/target/classes started by zoujun in /Users/zoujun/work/workspace/shiyou/gas-forecast)
[2026-09-17 11:54:43.210] [gas-forecast] [] [] [c.g.f.GasForecastStartupApplication] [main] [INFO] - The following 1 profile is active: "dev"
[2026-09-17 11:54:43.543] [gas-forecast] [] [] [o.s.d.r.c.RepositoryConfigurationDelegate] [main] [INFO] - Multiple Spring Data modules found, entering strict repository configuration mode
[2026-09-17 11:54:43.544] [gas-forecast] [] [] [o.s.d.r.c.RepositoryConfigurationDelegate] [main] [INFO] - Bootstrapping Spring Data Redis repositories in DEFAULT mode.
[2026-09-17 11:54:43.561] [gas-forecast] [] [] [o.s.d.r.c.RepositoryConfigurationDelegate] [main] [INFO] - Finished Spring Data repository scanning in 11 ms. Found 0 Redis repository interfaces.
[2026-09-17 11:54:43.929] [gas-forecast] [] [] [o.s.b.w.e.tomcat.TomcatWebServer] [main] [INFO] - Tomcat initialized with port 8080 (http)
[2026-09-17 11:54:43.935] [gas-forecast] [] [] [o.a.coyote.http11.Http11NioProtocol] [main] [INFO] - Initializing ProtocolHandler ["http-nio-8080"]
[2026-09-17 11:54:43.936] [gas-forecast] [] [] [o.a.catalina.core.StandardService] [main] [INFO] - Starting service [Tomcat]
[2026-09-17 11:54:43.936] [gas-forecast] [] [] [o.a.catalina.core.StandardEngine] [main] [INFO] - Starting Servlet engine: [Apache Tomcat/10.1.20]
[2026-09-17 11:54:43.967] [gas-forecast] [] [] [o.a.c.c.C.[.[.[/gas-forecast]] [main] [INFO] - Initializing Spring embedded WebApplicationContext
[2026-09-17 11:54:43.967] [gas-forecast] [] [] [o.s.b.w.s.c.ServletWebServerApplicationContext] [main] [INFO] - Root WebApplicationContext: initialization completed in 731 ms
[2026-09-17 11:54:44.723] [gas-forecast] [] [] [o.a.coyote.http11.Http11NioProtocol] [main] [INFO] - Starting ProtocolHandler ["http-nio-8080"]
[2026-09-17 11:54:44.732] [gas-forecast] [] [] [o.s.b.w.e.tomcat.TomcatWebServer] [main] [INFO] - Tomcat started on port 8080 (http) with context path '/gas-forecast'
[2026-09-17 11:54:44.736] [gas-forecast] [] [] [c.g.f.GasForecastStartupApplication] [main] [INFO] - Started GasForecastStartupApplication in 1.77 seconds (process running for 2.048)
[2026-09-17 11:54:44.950] [gas-forecast] [] [] [o.a.c.c.C.[.[.[/gas-forecast]] [http-nio-8080-exec-1] [INFO] - Initializing Spring DispatcherServlet 'dispatcherServlet'
[2026-09-17 11:54:44.951] [gas-forecast] [] [] [o.s.web.servlet.DispatcherServlet] [http-nio-8080-exec-1] [INFO] - Initializing Servlet 'dispatcherServlet'
[2026-09-17 11:54:44.951] [gas-forecast] [] [] [o.s.web.servlet.DispatcherServlet] [http-nio-8080-exec-1] [INFO] - Completed initialization in 0 ms
[2026-09-17 11:54:45.020] [gas-forecast] [] [] [c.g.forecast.common.web.WebLogAspect] [http-nio-8080-exec-1] [INFO] - Request [训练特征数据列表查询] POST /gas-forecast/model-train-feature-data/listPage args={reqDTO=ModelTrainFeatureDataPageReqDTO[page=1, size=10, keyword=null]}
[2026-09-17 11:54:45.087] [gas-forecast] [] [] [com.zaxxer.hikari.HikariDataSource] [http-nio-8080-exec-1] [INFO] - HikariPool-1 - Starting...
[2026-09-17 11:54:45.150] [gas-forecast] [] [] [com.zaxxer.hikari.pool.HikariPool] [http-nio-8080-exec-1] [INFO] - HikariPool-1 - Added connection com.mysql.cj.jdbc.ConnectionImpl@6dfb181d
[2026-09-17 11:54:45.151] [gas-forecast] [] [] [com.zaxxer.hikari.HikariDataSource] [http-nio-8080-exec-1] [INFO] - HikariPool-1 - Start completed.
[2026-09-17 11:54:45.206] [gas-forecast] [] [] [c.g.forecast.common.web.WebLogAspect] [http-nio-8080-exec-1] [INFO] - Request [训练特征数据列表查询] completed in 187 ms
[2026-09-17 11:54:45.632] [gas-forecast] [] [] [c.g.forecast.common.web.WebLogAspect] [http-nio-8080-exec-2] [INFO] - Request [特征定义列表查询] POST /gas-forecast/model-feature-definition/listPage args={reqDTO=ModelFeatureDefinitionPageReqDTO[page=1, size=10, keyword=null]}
[2026-09-17 11:54:45.643] [gas-forecast] [] [] [c.g.forecast.common.web.WebLogAspect] [http-nio-8080-exec-2] [INFO] - Request [特征定义列表查询] completed in 11 ms
[2026-09-17 11:54:46.528] [gas-forecast] [] [] [c.g.forecast.common.web.WebLogAspect] [http-nio-8080-exec-3] [INFO] - Request [训练特征数据列表查询] POST /gas-forecast/model-train-feature-data/listPage args={reqDTO=ModelTrainFeatureDataPageReqDTO[page=1, size=10, keyword=null]}
[2026-09-17 11:54:46.566] [gas-forecast] [] [] [c.g.forecast.common.web.WebLogAspect] [http-nio-8080-exec-3] [INFO] - Request [训练特征数据列表查询] completed in 39 ms
[2026-09-17 11:54:52.515] [gas-forecast] [] [] [c.g.forecast.common.web.WebLogAspect] [http-nio-8080-exec-4] [INFO] - Request [特征定义列表查询] POST /gas-forecast/model-feature-definition/listPage args={reqDTO=ModelFeatureDefinitionPageReqDTO[page=1, size=10, keyword=null]}
[2026-09-17 11:54:52.521] [gas-forecast] [] [] [c.g.forecast.common.web.WebLogAspect] [http-nio-8080-exec-4] [INFO] - Request [特征定义列表查询] completed in 6 ms
[2026-09-17 11:54:53.556] [gas-forecast] [] [] [c.g.forecast.common.web.WebLogAspect] [http-nio-8080-exec-5] [INFO] - Request [训练特征数据列表查询] POST /gas-forecast/model-train-feature-data/listPage args={reqDTO=ModelTrainFeatureDataPageReqDTO[page=1, size=10, keyword=null]}
[2026-09-17 11:54:53.592] [gas-forecast] [] [] [c.g.forecast.common.web.WebLogAspect] [http-nio-8080-exec-5] [INFO] - Request [训练特征数据列表查询] completed in 36 ms
[2026-09-17 11:54:57.246] [gas-forecast] [] [] [c.g.forecast.common.web.WebLogAspect] [http-nio-8080-exec-6] [INFO] - Request [特征定义列表查询] POST /gas-forecast/model-feature-definition/listPage args={reqDTO=ModelFeatureDefinitionPageReqDTO[page=1, size=10, keyword=null]}
[2026-09-17 11:54:57.254] [gas-forecast] [] [] [c.g.forecast.common.web.WebLogAspect] [http-nio-8080-exec-6] [INFO] - Request [特征定义列表查询] completed in 8 ms
[2026-09-17 11:54:58.688] [gas-forecast] [] [] [c.g.forecast.common.web.WebLogAspect] [http-nio-8080-exec-7] [INFO] - Request [训练特征数据列表查询] POST /gas-forecast/model-train-feature-data/listPage args={reqDTO=ModelTrainFeatureDataPageReqDTO[page=1, size=10, keyword=null]}
[2026-09-17 11:54:58.720] [gas-forecast] [] [] [c.g.forecast.common.web.WebLogAspect] [http-nio-8080-exec-7] [INFO] - Request [训练特征数据列表查询] completed in 33 ms
[2026-09-17 11:54:59.248] [gas-forecast] [] [] [c.g.forecast.common.web.WebLogAspect] [http-nio-8080-exec-8] [INFO] - Request [特征定义列表查询] POST /gas-forecast/model-feature-definition/listPage args={reqDTO=ModelFeatureDefinitionPageReqDTO[page=1, size=10, keyword=null]}
[2026-09-17 11:54:59.254] [gas-forecast] [] [] [c.g.forecast.common.web.WebLogAspect] [http-nio-8080-exec-8] [INFO] - Request [特征定义列表查询] completed in 6 ms
[2026-09-17 11:55:19.711] [gas-forecast] [] [] [c.g.forecast.common.web.WebLogAspect] [http-nio-8080-exec-9] [INFO] - Request [训练特征数据列表查询] POST /gas-forecast/model-train-feature-data/listPage args={reqDTO=ModelTrainFeatureDataPageReqDTO[page=1, size=10, keyword=null]}
[2026-09-17 11:55:19.743] [gas-forecast] [] [] [c.g.forecast.common.web.WebLogAspect] [http-nio-8080-exec-9] [INFO] - Request [训练特征数据列表查询] completed in 32 ms
[2026-09-17 11:59:21.251] [gas-forecast] [] [] [c.g.forecast.common.web.WebLogAspect] [http-nio-8080-exec-10] [INFO] - Request [训练特征数据列表查询] POST /gas-forecast/model-train-feature-data/listPage args={reqDTO=ModelTrainFeatureDataPageReqDTO[page=1, size=10, keyword=null]}
[2026-09-17 11:59:21.262] [gas-forecast] [] [] [c.g.forecast.common.web.WebLogAspect] [http-nio-8080-exec-1] [INFO] - Request [训练特征数据列表查询] POST /gas-forecast/model-train-feature-data/listPage args={reqDTO=ModelTrainFeatureDataPageReqDTO[page=1, size=10, keyword=null]}
[2026-09-17 11:59:21.296] [gas-forecast] [] [] [c.g.forecast.common.web.WebLogAspect] [http-nio-8080-exec-1] [INFO] - Request [训练特征数据列表查询] completed in 34 ms
[2026-09-17 11:59:21.296] [gas-forecast] [] [] [c.g.forecast.common.web.WebLogAspect] [http-nio-8080-exec-10] [INFO] - Request [训练特征数据列表查询] completed in 45 ms
[2026-09-17 11:59:43.331] [gas-forecast] [] [] [c.g.forecast.common.web.WebLogAspect] [http-nio-8080-exec-2] [INFO] - Request [训练特征数据列表查询] POST /gas-forecast/model-train-feature-data/listPage args={reqDTO=ModelTrainFeatureDataPageReqDTO[page=1, size=10, keyword=null]}
[2026-09-17 11:59:43.362] [gas-forecast] [] [] [c.g.forecast.common.web.WebLogAspect] [http-nio-8080-exec-2] [INFO] - Request [训练特征数据列表查询] completed in 31 ms
[2026-09-17 12:03:03.266] [gas-forecast] [] [] [c.g.forecast.common.web.WebLogAspect] [http-nio-8080-exec-4] [INFO] - Request [训练特征数据列表查询] POST /gas-forecast/model-train-feature-data/listPage args={reqDTO=ModelTrainFeatureDataPageReqDTO[page=1, size=10, keyword=null]}
[2026-09-17 12:03:03.304] [gas-forecast] [] [] [c.g.forecast.common.web.WebLogAspect] [http-nio-8080-exec-4] [INFO] - Request [训练特征数据列表查询] completed in 38 ms
[2026-09-17 12:03:03.431] [gas-forecast] [] [] [c.g.forecast.common.web.WebLogAspect] [http-nio-8080-exec-3] [INFO] - Request [获取当前登录用户权限] GET /gas-forecast/auth/permissions args={}
[2026-09-17 12:03:03.442] [gas-forecast] [] [] [c.g.forecast.common.web.WebLogAspect] [http-nio-8080-exec-3] [INFO] - Request [获取当前登录用户权限] completed in 11 ms
[2026-09-17 12:04:18.579] [gas-forecast] [] [] [c.g.forecast.common.web.WebLogAspect] [http-nio-8080-exec-5] [INFO] - Request [特征定义列表查询] POST /gas-forecast/model-feature-definition/listPage args={reqDTO=ModelFeatureDefinitionPageReqDTO[page=1, size=10, keyword=null]}
[2026-09-17 12:04:18.597] [gas-forecast] [] [] [c.g.forecast.common.web.WebLogAspect] [http-nio-8080-exec-5] [INFO] - Request [特征定义列表查询] completed in 18 ms
[2026-09-17 12:05:07.894] [gas-forecast] [] [] [c.g.forecast.common.web.WebLogAspect] [http-nio-8080-exec-6] [INFO] - Request [特征定义列表查询] POST /gas-forecast/model-feature-definition/listPage args={reqDTO=ModelFeatureDefinitionPageReqDTO[page=1, size=10, keyword=null]}
[2026-09-17 12:05:07.901] [gas-forecast] [] [] [c.g.forecast.common.web.WebLogAspect] [http-nio-8080-exec-6] [INFO] - Request [特征定义列表查询] completed in 7 ms
[2026-09-17 12:06:28.973] [gas-forecast] [] [] [c.g.forecast.common.web.WebLogAspect] [http-nio-8080-exec-7] [INFO] - Request [编辑特征定义] POST /gas-forecast/model-feature-definition/update args={reqDTO=ModelFeatureDefinitionUpdateReqDTO[id=5, featureCode=tenday_extreme_cold_days, featureName=极寒天数, featureColumn=feature_005, timeGranularity=TENDAY, enabled=1, description=旬极寒天数]}
[2026-09-17 12:06:29.013] [gas-forecast] [] [] [c.g.forecast.common.web.WebLogAspect] [http-nio-8080-exec-7] [INFO] - Request [编辑特征定义] completed in 41 ms
[2026-09-17 12:06:29.018] [gas-forecast] [] [] [c.g.forecast.common.web.WebLogAspect] [http-nio-8080-exec-8] [INFO] - Request [特征定义列表查询] POST /gas-forecast/model-feature-definition/listPage args={reqDTO=ModelFeatureDefinitionPageReqDTO[page=1, size=10, keyword=null]}
[2026-09-17 12:06:29.022] [gas-forecast] [] [] [c.g.forecast.common.web.WebLogAspect] [http-nio-8080-exec-8] [INFO] - Request [特征定义列表查询] completed in 4 ms
[2026-09-17 12:06:45.114] [gas-forecast] [] [] [c.g.forecast.common.web.WebLogAspect] [http-nio-8080-exec-9] [INFO] - Request [编辑特征定义] POST /gas-forecast/model-feature-definition/update args={reqDTO=ModelFeatureDefinitionUpdateReqDTO[id=5, featureCode=tenday_extreme_cold_days, featureName=极寒天数, featureColumn=feature_005, timeGranularity=TENDAY, enabled=1, description=旬极寒天数]}
[2026-09-17 12:06:45.122] [gas-forecast] [] [] [c.g.forecast.common.web.WebLogAspect] [http-nio-8080-exec-9] [INFO] - Request [编辑特征定义] completed in 8 ms
[2026-09-17 12:06:45.125] [gas-forecast] [] [] [c.g.forecast.common.web.WebLogAspect] [http-nio-8080-exec-10] [INFO] - Request [特征定义列表查询] POST /gas-forecast/model-feature-definition/listPage args={reqDTO=ModelFeatureDefinitionPageReqDTO[page=1, size=10, keyword=null]}
[2026-09-17 12:06:45.130] [gas-forecast] [] [] [c.g.forecast.common.web.WebLogAspect] [http-nio-8080-exec-10] [INFO] - Request [特征定义列表查询] completed in 5 ms
[2026-09-17 12:06:59.045] [gas-forecast] [] [] [c.g.forecast.common.web.WebLogAspect] [http-nio-8080-exec-1] [INFO] - Request [训练特征数据列表查询] POST /gas-forecast/model-train-feature-data/listPage args={reqDTO=ModelTrainFeatureDataPageReqDTO[page=1, size=10, keyword=null]}
[2026-09-17 12:06:59.076] [gas-forecast] [] [] [c.g.forecast.common.web.WebLogAspect] [http-nio-8080-exec-1] [INFO] - Request [训练特征数据列表查询] completed in 31 ms
[2026-09-17 12:07:23.216] [gas-forecast] [] [] [c.g.forecast.common.web.WebLogAspect] [http-nio-8080-exec-2] [INFO] - Request [特征定义列表查询] POST /gas-forecast/model-feature-definition/listPage args={reqDTO=ModelFeatureDefinitionPageReqDTO[page=1, size=10, keyword=null]}
[2026-09-17 12:07:23.220] [gas-forecast] [] [] [c.g.forecast.common.web.WebLogAspect] [http-nio-8080-exec-2] [INFO] - Request [特征定义列表查询] completed in 4 ms
[2026-09-17 12:07:24.641] [gas-forecast] [] [] [c.g.forecast.common.web.WebLogAspect] [http-nio-8080-exec-4] [INFO] - Request [训练特征数据列表查询] POST /gas-forecast/model-train-feature-data/listPage args={reqDTO=ModelTrainFeatureDataPageReqDTO[page=1, size=10, keyword=null]}
[2026-09-17 12:07:24.674] [gas-forecast] [] [] [c.g.forecast.common.web.WebLogAspect] [http-nio-8080-exec-4] [INFO] - Request [训练特征数据列表查询] completed in 33 ms
[2026-09-17 12:07:25.719] [gas-forecast] [] [] [c.g.forecast.common.web.WebLogAspect] [http-nio-8080-exec-3] [INFO] - Request [特征定义列表查询] POST /gas-forecast/model-feature-definition/listPage args={reqDTO=ModelFeatureDefinitionPageReqDTO[page=1, size=10, keyword=null]}
[2026-09-17 12:07:25.724] [gas-forecast] [] [] [c.g.forecast.common.web.WebLogAspect] [http-nio-8080-exec-3] [INFO] - Request [特征定义列表查询] completed in 5 ms
[2026-09-17 12:11:00.007] [gas-forecast] [] [] [c.g.forecast.common.web.WebLogAspect] [http-nio-8080-exec-5] [INFO] - Request [特征定义列表查询] POST /gas-forecast/model-feature-definition/listPage args={reqDTO=ModelFeatureDefinitionPageReqDTO[page=1, size=10, keyword=null]}
[2026-09-17 12:11:00.022] [gas-forecast] [] [] [c.g.forecast.common.web.WebLogAspect] [http-nio-8080-exec-5] [INFO] - Request [特征定义列表查询] completed in 15 ms
[2026-09-17 12:13:56.385] [gas-forecast] [] [] [c.g.forecast.common.web.WebLogAspect] [http-nio-8080-exec-6] [INFO] - Request [获取当前登录用户权限] GET /gas-forecast/auth/permissions args={}
[2026-09-17 12:13:56.406] [gas-forecast] [] [] [c.g.forecast.common.web.WebLogAspect] [http-nio-8080-exec-6] [INFO] - Request [获取当前登录用户权限] completed in 21 ms
[2026-09-17 12:13:56.436] [gas-forecast] [] [] [c.g.forecast.common.web.WebLogAspect] [http-nio-8080-exec-7] [INFO] - Request [特征定义列表查询] POST /gas-forecast/model-feature-definition/listPage args={reqDTO=ModelFeatureDefinitionPageReqDTO[page=1, size=10, keyword=null]}
[2026-09-17 12:13:56.441] [gas-forecast] [] [] [c.g.forecast.common.web.WebLogAspect] [http-nio-8080-exec-7] [INFO] - Request [特征定义列表查询] completed in 5 ms
[2026-09-17 12:13:57.777] [gas-forecast] [] [] [c.g.forecast.common.web.WebLogAspect] [http-nio-8080-exec-8] [INFO] - Request [训练特征数据列表查询] POST /gas-forecast/model-train-feature-data/listPage args={reqDTO=ModelTrainFeatureDataPageReqDTO[page=1, size=10, keyword=null]}
[2026-09-17 12:13:57.809] [gas-forecast] [] [] [c.g.forecast.common.web.WebLogAspect] [http-nio-8080-exec-8] [INFO] - Request [训练特征数据列表查询] completed in 32 ms
[2026-09-17 12:14:00.444] [gas-forecast] [] [] [c.g.forecast.common.web.WebLogAspect] [http-nio-8080-exec-9] [INFO] - Request [特征定义列表查询] POST /gas-forecast/model-feature-definition/listPage args={reqDTO=ModelFeatureDefinitionPageReqDTO[page=1, size=10, keyword=null]}
[2026-09-17 12:14:00.449] [gas-forecast] [] [] [c.g.forecast.common.web.WebLogAspect] [http-nio-8080-exec-9] [INFO] - Request [特征定义列表查询] completed in 5 ms
[2026-09-17 12:14:02.553] [gas-forecast] [] [] [c.g.forecast.common.web.WebLogAspect] [http-nio-8080-exec-10] [INFO] - Request [获取当前登录用户权限] GET /gas-forecast/auth/permissions args={}
[2026-09-17 12:14:02.560] [gas-forecast] [] [] [c.g.forecast.common.web.WebLogAspect] [http-nio-8080-exec-10] [INFO] - Request [获取当前登录用户权限] completed in 7 ms
[2026-09-17 12:14:02.606] [gas-forecast] [] [] [c.g.forecast.common.web.WebLogAspect] [http-nio-8080-exec-1] [INFO] - Request [特征定义列表查询] POST /gas-forecast/model-feature-definition/listPage args={reqDTO=ModelFeatureDefinitionPageReqDTO[page=1, size=10, keyword=null]}
[2026-09-17 12:14:02.611] [gas-forecast] [] [] [c.g.forecast.common.web.WebLogAspect] [http-nio-8080-exec-1] [INFO] - Request [特征定义列表查询] completed in 5 ms
[2026-09-17 12:14:10.727] [gas-forecast] [] [] [c.g.forecast.common.web.WebLogAspect] [http-nio-8080-exec-2] [INFO] - Request [编辑特征定义] POST /gas-forecast/model-feature-definition/update args={reqDTO=ModelFeatureDefinitionUpdateReqDTO[id=5, featureCode=tenday_extreme_cold_days, featureName=极寒天数, featureColumn=feature_005, timeGranularity=TENDAY, enabled=1, description=旬极寒天数]}
[2026-09-17 12:14:10.733] [gas-forecast] [] [] [c.g.forecast.common.web.WebLogAspect] [http-nio-8080-exec-2] [INFO] - Request [编辑特征定义] completed in 6 ms
[2026-09-17 12:14:10.738] [gas-forecast] [] [] [c.g.forecast.common.web.WebLogAspect] [http-nio-8080-exec-4] [INFO] - Request [特征定义列表查询] POST /gas-forecast/model-feature-definition/listPage args={reqDTO=ModelFeatureDefinitionPageReqDTO[page=1, size=10, keyword=null]}
[2026-09-17 12:14:10.741] [gas-forecast] [] [] [c.g.forecast.common.web.WebLogAspect] [http-nio-8080-exec-4] [INFO] - Request [特征定义列表查询] completed in 3 ms
[2026-09-17 12:14:56.678] [gas-forecast] [] [] [com.zaxxer.hikari.HikariDataSource] [SpringApplicationShutdownHook] [INFO] - HikariPool-1 - Shutdown initiated...
[2026-09-17 12:14:56.680] [gas-forecast] [] [] [com.zaxxer.hikari.HikariDataSource] [SpringApplicationShutdownHook] [INFO] - HikariPool-1 - Shutdown completed.
[2026-09-17 12:14:58.322] [gas-forecast] [] [] [o.h.validator.internal.util.Version] [background-preinit] [INFO] - HV000001: Hibernate Validator 8.0.1.Final
[2026-09-17 12:14:58.331] [gas-forecast] [] [] [c.g.f.GasForecastStartupApplication] [main] [INFO] - Starting GasForecastStartupApplication using Java 21.0.11 with PID 12835 (/Users/zoujun/work/workspace/shiyou/gas-forecast/gas-forecast-startup/target/classes started by zoujun in /Users/zoujun/work/workspace/shiyou/gas-forecast)
[2026-09-17 12:14:58.331] [gas-forecast] [] [] [c.g.f.GasForecastStartupApplication] [main] [INFO] - The following 1 profile is active: "dev"
[2026-09-17 12:14:58.609] [gas-forecast] [] [] [o.s.d.r.c.RepositoryConfigurationDelegate] [main] [INFO] - Multiple Spring Data modules found, entering strict repository configuration mode
[2026-09-17 12:14:58.611] [gas-forecast] [] [] [o.s.d.r.c.RepositoryConfigurationDelegate] [main] [INFO] - Bootstrapping Spring Data Redis repositories in DEFAULT mode.
[2026-09-17 12:14:58.627] [gas-forecast] [] [] [o.s.d.r.c.RepositoryConfigurationDelegate] [main] [INFO] - Finished Spring Data repository scanning in 11 ms. Found 0 Redis repository interfaces.
[2026-09-17 12:14:58.908] [gas-forecast] [] [] [o.s.b.w.e.tomcat.TomcatWebServer] [main] [INFO] - Tomcat initialized with port 8080 (http)
[2026-09-17 12:14:58.912] [gas-forecast] [] [] [o.a.coyote.http11.Http11NioProtocol] [main] [INFO] - Initializing ProtocolHandler ["http-nio-8080"]
[2026-09-17 12:14:58.913] [gas-forecast] [] [] [o.a.catalina.core.StandardService] [main] [INFO] - Starting service [Tomcat]
[2026-09-17 12:14:58.913] [gas-forecast] [] [] [o.a.catalina.core.StandardEngine] [main] [INFO] - Starting Servlet engine: [Apache Tomcat/10.1.20]
[2026-09-17 12:14:58.930] [gas-forecast] [] [] [o.a.c.c.C.[.[.[/gas-forecast]] [main] [INFO] - Initializing Spring embedded WebApplicationContext
[2026-09-17 12:14:58.930] [gas-forecast] [] [] [o.s.b.w.s.c.ServletWebServerApplicationContext] [main] [INFO] - Root WebApplicationContext: initialization completed in 585 ms
[2026-09-17 12:14:59.612] [gas-forecast] [] [] [o.a.coyote.http11.Http11NioProtocol] [main] [INFO] - Starting ProtocolHandler ["http-nio-8080"]
[2026-09-17 12:14:59.619] [gas-forecast] [] [] [o.s.b.w.e.tomcat.TomcatWebServer] [main] [INFO] - Tomcat started on port 8080 (http) with context path '/gas-forecast'
[2026-09-17 12:14:59.622] [gas-forecast] [] [] [c.g.f.GasForecastStartupApplication] [main] [INFO] - Started GasForecastStartupApplication in 1.486 seconds (process running for 1.779)
[2026-09-17 12:15:30.363] [gas-forecast] [] [] [o.a.c.c.C.[.[.[/gas-forecast]] [http-nio-8080-exec-1] [INFO] - Initializing Spring DispatcherServlet 'dispatcherServlet'
[2026-09-17 12:15:30.364] [gas-forecast] [] [] [o.s.web.servlet.DispatcherServlet] [http-nio-8080-exec-1] [INFO] - Initializing Servlet 'dispatcherServlet'
[2026-09-17 12:15:30.364] [gas-forecast] [] [] [o.s.web.servlet.DispatcherServlet] [http-nio-8080-exec-1] [INFO] - Completed initialization in 0 ms
[2026-09-17 12:15:30.446] [gas-forecast] [] [] [c.g.forecast.common.web.WebLogAspect] [http-nio-8080-exec-2] [INFO] - Request [特征定义列表查询] POST /gas-forecast/model-feature-definition/listPage args={reqDTO=ModelFeatureDefinitionPageReqDTO[page=1, size=10, keyword=null]}
[2026-09-17 12:15:30.500] [gas-forecast] [] [] [com.zaxxer.hikari.HikariDataSource] [http-nio-8080-exec-2] [INFO] - HikariPool-1 - Starting...
[2026-09-17 12:15:30.540] [gas-forecast] [] [] [c.g.forecast.common.web.WebLogAspect] [http-nio-8080-exec-1] [INFO] - Request [获取当前登录用户权限] GET /gas-forecast/auth/permissions args={}
[2026-09-17 12:15:30.568] [gas-forecast] [] [] [com.zaxxer.hikari.pool.HikariPool] [http-nio-8080-exec-2] [INFO] - HikariPool-1 - Added connection com.mysql.cj.jdbc.ConnectionImpl@49dafeec
[2026-09-17 12:15:30.569] [gas-forecast] [] [] [com.zaxxer.hikari.HikariDataSource] [http-nio-8080-exec-2] [INFO] - HikariPool-1 - Start completed.
[2026-09-17 12:15:30.602] [gas-forecast] [] [] [c.g.forecast.common.web.WebLogAspect] [http-nio-8080-exec-2] [INFO] - Request [特征定义列表查询] completed in 158 ms
[2026-09-17 12:15:30.609] [gas-forecast] [] [] [c.g.forecast.common.web.WebLogAspect] [http-nio-8080-exec-1] [INFO] - Request [获取当前登录用户权限] completed in 69 ms
[2026-09-17 12:15:31.109] [gas-forecast] [] [] [c.g.forecast.common.web.WebLogAspect] [http-nio-8080-exec-3] [INFO] - Request [获取当前登录用户权限] GET /gas-forecast/auth/permissions args={}
[2026-09-17 12:15:31.116] [gas-forecast] [] [] [c.g.forecast.common.web.WebLogAspect] [http-nio-8080-exec-3] [INFO] - Request [获取当前登录用户权限] completed in 7 ms
[2026-09-17 12:15:31.160] [gas-forecast] [] [] [c.g.forecast.common.web.WebLogAspect] [http-nio-8080-exec-4] [INFO] - Request [特征定义列表查询] POST /gas-forecast/model-feature-definition/listPage args={reqDTO=ModelFeatureDefinitionPageReqDTO[page=1, size=10, keyword=null]}
[2026-09-17 12:15:31.166] [gas-forecast] [] [] [c.g.forecast.common.web.WebLogAspect] [http-nio-8080-exec-4] [INFO] - Request [特征定义列表查询] completed in 6 ms
[2026-09-17 12:15:32.439] [gas-forecast] [] [] [c.g.forecast.common.web.WebLogAspect] [http-nio-8080-exec-5] [INFO] - Request [获取当前登录用户权限] GET /gas-forecast/auth/permissions args={}
[2026-09-17 12:15:32.446] [gas-forecast] [] [] [c.g.forecast.common.web.WebLogAspect] [http-nio-8080-exec-5] [INFO] - Request [获取当前登录用户权限] completed in 7 ms
[2026-09-17 12:15:32.489] [gas-forecast] [] [] [c.g.forecast.common.web.WebLogAspect] [http-nio-8080-exec-6] [INFO] - Request [特征定义列表查询] POST /gas-forecast/model-feature-definition/listPage args={reqDTO=ModelFeatureDefinitionPageReqDTO[page=1, size=10, keyword=null]}
[2026-09-17 12:15:32.494] [gas-forecast] [] [] [c.g.forecast.common.web.WebLogAspect] [http-nio-8080-exec-6] [INFO] - Request [特征定义列表查询] completed in 6 ms
[2026-09-17 12:16:00.579] [gas-forecast] [] [] [c.g.forecast.common.web.WebLogAspect] [http-nio-8080-exec-7] [INFO] - Request [编辑特征定义] POST /gas-forecast/model-feature-definition/update args={reqDTO=ModelFeatureDefinitionUpdateReqDTO[id=4, featureCode=tenday_hdd, featureName=采暖度日, featureAlias=hdd, featureColumn=feature_004, timeGranularity=TENDAY, enabled=1, description=Heating Degree Days]}
[2026-09-17 12:16:00.600] [gas-forecast] [] [] [c.g.forecast.common.web.WebLogAspect] [http-nio-8080-exec-7] [INFO] - Request [编辑特征定义] completed in 22 ms
[2026-09-17 12:16:00.605] [gas-forecast] [] [] [c.g.forecast.common.web.WebLogAspect] [http-nio-8080-exec-8] [INFO] - Request [特征定义列表查询] POST /gas-forecast/model-feature-definition/listPage args={reqDTO=ModelFeatureDefinitionPageReqDTO[page=1, size=10, keyword=null]}
[2026-09-17 12:16:00.610] [gas-forecast] [] [] [c.g.forecast.common.web.WebLogAspect] [http-nio-8080-exec-8] [INFO] - Request [特征定义列表查询] completed in 5 ms
[2026-09-17 12:16:09.722] [gas-forecast] [] [] [c.g.forecast.common.web.WebLogAspect] [http-nio-8080-exec-9] [INFO] - Request [编辑特征定义] POST /gas-forecast/model-feature-definition/update args={reqDTO=ModelFeatureDefinitionUpdateReqDTO[id=3, featureCode=tenday_min_temp, featureName=最低气温, featureAlias=min_temp, featureColumn=feature_003, timeGranularity=TENDAY, enabled=1, description=旬最低气温]}
[2026-09-17 12:16:09.730] [gas-forecast] [] [] [c.g.forecast.common.web.WebLogAspect] [http-nio-8080-exec-9] [INFO] - Request [编辑特征定义] completed in 8 ms
[2026-09-17 12:16:09.734] [gas-forecast] [] [] [c.g.forecast.common.web.WebLogAspect] [http-nio-8080-exec-10] [INFO] - Request [特征定义列表查询] POST /gas-forecast/model-feature-definition/listPage args={reqDTO=ModelFeatureDefinitionPageReqDTO[page=1, size=10, keyword=null]}
[2026-09-17 12:16:09.739] [gas-forecast] [] [] [c.g.forecast.common.web.WebLogAspect] [http-nio-8080-exec-10] [INFO] - Request [特征定义列表查询] completed in 5 ms
[2026-09-17 12:16:21.556] [gas-forecast] [] [] [c.g.forecast.common.web.WebLogAspect] [http-nio-8080-exec-2] [INFO] - Request [编辑特征定义] POST /gas-forecast/model-feature-definition/update args={reqDTO=ModelFeatureDefinitionUpdateReqDTO[id=2, featureCode=tenday_max_temp, featureName=最高气温, featureAlias=max_temp, featureColumn=feature_002, timeGranularity=TENDAY, enabled=1, description=旬最高气温]}
[2026-09-17 12:16:21.575] [gas-forecast] [] [] [c.g.forecast.common.web.WebLogAspect] [http-nio-8080-exec-2] [INFO] - Request [编辑特征定义] completed in 19 ms
[2026-09-17 12:16:21.579] [gas-forecast] [] [] [c.g.forecast.common.web.WebLogAspect] [http-nio-8080-exec-1] [INFO] - Request [特征定义列表查询] POST /gas-forecast/model-feature-definition/listPage args={reqDTO=ModelFeatureDefinitionPageReqDTO[page=1, size=10, keyword=null]}
[2026-09-17 12:16:21.587] [gas-forecast] [] [] [c.g.forecast.common.web.WebLogAspect] [http-nio-8080-exec-1] [INFO] - Request [特征定义列表查询] completed in 8 ms
[2026-09-17 12:23:23.740] [gas-forecast] [] [] [c.g.forecast.common.web.WebLogAspect] [http-nio-8080-exec-3] [INFO] - Request [特征定义列表查询] POST /gas-forecast/model-feature-definition/listPage args={reqDTO=ModelFeatureDefinitionPageReqDTO[page=1, size=10, keyword=null]}
[2026-09-17 12:23:23.756] [gas-forecast] [] [] [c.g.forecast.common.web.WebLogAspect] [http-nio-8080-exec-3] [INFO] - Request [特征定义列表查询] completed in 16 ms
[2026-09-17 12:25:04.956] [gas-forecast] [] [] [com.zaxxer.hikari.HikariDataSource] [SpringApplicationShutdownHook] [INFO] - HikariPool-1 - Shutdown initiated...
[2026-09-17 12:25:04.958] [gas-forecast] [] [] [com.zaxxer.hikari.HikariDataSource] [SpringApplicationShutdownHook] [INFO] - HikariPool-1 - Shutdown completed.
[2026-09-17 12:25:06.578] [gas-forecast] [] [] [o.h.validator.internal.util.Version] [background-preinit] [INFO] - HV000001: Hibernate Validator 8.0.1.Final
[2026-09-17 12:25:06.588] [gas-forecast] [] [] [c.g.f.GasForecastStartupApplication] [main] [INFO] - Starting GasForecastStartupApplication using Java 21.0.11 with PID 13416 (/Users/zoujun/work/workspace/shiyou/gas-forecast/gas-forecast-startup/target/classes started by zoujun in /Users/zoujun/work/workspace/shiyou/gas-forecast)
[2026-09-17 12:25:06.588] [gas-forecast] [] [] [c.g.f.GasForecastStartupApplication] [main] [INFO] - The following 1 profile is active: "dev"
[2026-09-17 12:25:06.826] [gas-forecast] [] [] [o.s.d.r.c.RepositoryConfigurationDelegate] [main] [INFO] - Multiple Spring Data modules found, entering strict repository configuration mode
[2026-09-17 12:25:06.828] [gas-forecast] [] [] [o.s.d.r.c.RepositoryConfigurationDelegate] [main] [INFO] - Bootstrapping Spring Data Redis repositories in DEFAULT mode.
[2026-09-17 12:25:06.842] [gas-forecast] [] [] [o.s.d.r.c.RepositoryConfigurationDelegate] [main] [INFO] - Finished Spring Data repository scanning in 9 ms. Found 0 Redis repository interfaces.
[2026-09-17 12:25:07.108] [gas-forecast] [] [] [o.s.b.w.e.tomcat.TomcatWebServer] [main] [INFO] - Tomcat initialized with port 8080 (http)
[2026-09-17 12:25:07.112] [gas-forecast] [] [] [o.a.coyote.http11.Http11NioProtocol] [main] [INFO] - Initializing ProtocolHandler ["http-nio-8080"]
[2026-09-17 12:25:07.113] [gas-forecast] [] [] [o.a.catalina.core.StandardService] [main] [INFO] - Starting service [Tomcat]
[2026-09-17 12:25:07.113] [gas-forecast] [] [] [o.a.catalina.core.StandardEngine] [main] [INFO] - Starting Servlet engine: [Apache Tomcat/10.1.20]
[2026-09-17 12:25:07.130] [gas-forecast] [] [] [o.a.c.c.C.[.[.[/gas-forecast]] [main] [INFO] - Initializing Spring embedded WebApplicationContext
[2026-09-17 12:25:07.130] [gas-forecast] [] [] [o.s.b.w.s.c.ServletWebServerApplicationContext] [main] [INFO] - Root WebApplicationContext: initialization completed in 527 ms
[2026-09-17 12:25:07.798] [gas-forecast] [] [] [o.a.coyote.http11.Http11NioProtocol] [main] [INFO] - Starting ProtocolHandler ["http-nio-8080"]
[2026-09-17 12:25:07.805] [gas-forecast] [] [] [o.s.b.w.e.tomcat.TomcatWebServer] [main] [INFO] - Tomcat started on port 8080 (http) with context path '/gas-forecast'
[2026-09-17 12:25:07.809] [gas-forecast] [] [] [c.g.f.GasForecastStartupApplication] [main] [INFO] - Started GasForecastStartupApplication in 1.397 seconds (process running for 1.65)
[2026-09-17 12:26:33.982] [gas-forecast] [] [] [o.a.c.c.C.[.[.[/gas-forecast]] [http-nio-8080-exec-1] [INFO] - Initializing Spring DispatcherServlet 'dispatcherServlet'
[2026-09-17 12:26:33.982] [gas-forecast] [] [] [o.s.web.servlet.DispatcherServlet] [http-nio-8080-exec-1] [INFO] - Initializing Servlet 'dispatcherServlet'
[2026-09-17 12:26:33.983] [gas-forecast] [] [] [o.s.web.servlet.DispatcherServlet] [http-nio-8080-exec-1] [INFO] - Completed initialization in 1 ms
[2026-09-17 12:26:34.072] [gas-forecast] [] [] [c.g.forecast.common.web.WebLogAspect] [http-nio-8080-exec-2] [INFO] - Request [特征定义列表查询] POST /gas-forecast/model-feature-definition/listPage args={reqDTO=ModelFeatureDefinitionPageReqDTO[page=1, size=10, keyword=null]}
[2026-09-17 12:26:34.125] [gas-forecast] [] [] [com.zaxxer.hikari.HikariDataSource] [http-nio-8080-exec-2] [INFO] - HikariPool-1 - Starting...
[2026-09-17 12:26:34.159] [gas-forecast] [] [] [c.g.forecast.common.web.WebLogAspect] [http-nio-8080-exec-1] [INFO] - Request [获取当前登录用户权限] GET /gas-forecast/auth/permissions args={}
[2026-09-17 12:26:34.190] [gas-forecast] [] [] [com.zaxxer.hikari.pool.HikariPool] [http-nio-8080-exec-2] [INFO] - HikariPool-1 - Added connection com.mysql.cj.jdbc.ConnectionImpl@129d8236
[2026-09-17 12:26:34.191] [gas-forecast] [] [] [com.zaxxer.hikari.HikariDataSource] [http-nio-8080-exec-2] [INFO] - HikariPool-1 - Start completed.
[2026-09-17 12:26:34.222] [gas-forecast] [] [] [c.g.forecast.common.web.WebLogAspect] [http-nio-8080-exec-2] [INFO] - Request [特征定义列表查询] completed in 151 ms
[2026-09-17 12:26:34.229] [gas-forecast] [] [] [c.g.forecast.common.web.WebLogAspect] [http-nio-8080-exec-1] [INFO] - Request [获取当前登录用户权限] completed in 70 ms
[2026-09-17 12:26:34.959] [gas-forecast] [] [] [c.g.forecast.common.web.WebLogAspect] [http-nio-8080-exec-3] [INFO] - Request [获取当前登录用户权限] GET /gas-forecast/auth/permissions args={}
[2026-09-17 12:26:34.966] [gas-forecast] [] [] [c.g.forecast.common.web.WebLogAspect] [http-nio-8080-exec-3] [INFO] - Request [获取当前登录用户权限] completed in 7 ms
[2026-09-17 12:26:35.012] [gas-forecast] [] [] [c.g.forecast.common.web.WebLogAspect] [http-nio-8080-exec-4] [INFO] - Request [特征定义列表查询] POST /gas-forecast/model-feature-definition/listPage args={reqDTO=ModelFeatureDefinitionPageReqDTO[page=1, size=10, keyword=null]}
[2026-09-17 12:26:35.017] [gas-forecast] [] [] [c.g.forecast.common.web.WebLogAspect] [http-nio-8080-exec-4] [INFO] - Request [特征定义列表查询] completed in 5 ms
[2026-09-17 12:26:43.920] [gas-forecast] [] [] [c.g.forecast.common.web.WebLogAspect] [http-nio-8080-exec-5] [INFO] - Request [编辑特征定义] POST /gas-forecast/model-feature-definition/update args={reqDTO=ModelFeatureDefinitionUpdateReqDTO[id=5, featureCode=extreme_cold_days, featureName=极寒天数, featureColumn=feature_005, timeGranularity=TENDAY, enabled=1, description=旬极寒天数]}
[2026-09-17 12:26:43.937] [gas-forecast] [] [] [c.g.forecast.common.web.WebLogAspect] [http-nio-8080-exec-5] [INFO] - Request [编辑特征定义] completed in 19 ms
[2026-09-17 12:26:43.942] [gas-forecast] [] [] [c.g.forecast.common.web.WebLogAspect] [http-nio-8080-exec-6] [INFO] - Request [特征定义列表查询] POST /gas-forecast/model-feature-definition/listPage args={reqDTO=ModelFeatureDefinitionPageReqDTO[page=1, size=10, keyword=null]}
[2026-09-17 12:26:43.947] [gas-forecast] [] [] [c.g.forecast.common.web.WebLogAspect] [http-nio-8080-exec-6] [INFO] - Request [特征定义列表查询] completed in 5 ms
[2026-09-17 12:26:53.200] [gas-forecast] [] [] [c.g.forecast.common.web.WebLogAspect] [http-nio-8080-exec-7] [INFO] - Request [训练特征数据列表查询] POST /gas-forecast/model-train-feature-data/listPage args={reqDTO=ModelTrainFeatureDataPageReqDTO[page=1, size=10, keyword=null]}
[2026-09-17 12:26:53.237] [gas-forecast] [] [] [c.g.forecast.common.web.WebLogAspect] [http-nio-8080-exec-7] [INFO] - Request [训练特征数据列表查询] completed in 37 ms
[2026-09-17 12:28:05.174] [gas-forecast] [] [] [c.g.forecast.common.web.WebLogAspect] [http-nio-8080-exec-8] [INFO] - Request [特征定义列表查询] POST /gas-forecast/model-feature-definition/listPage args={reqDTO=ModelFeatureDefinitionPageReqDTO[page=1, size=10, keyword=null]}
[2026-09-17 12:28:05.194] [gas-forecast] [] [] [c.g.forecast.common.web.WebLogAspect] [http-nio-8080-exec-8] [INFO] - Request [特征定义列表查询] completed in 20 ms
[2026-09-17 12:28:06.016] [gas-forecast] [] [] [c.g.forecast.common.web.WebLogAspect] [http-nio-8080-exec-2] [INFO] - Request [模型列表查询] POST /gas-forecast/model-config/listPage args={reqDTO=ModelConfigPageReqDTO[page=1, size=10, keyword=null]}
[2026-09-17 12:28:06.023] [gas-forecast] [] [] [c.g.forecast.common.web.WebLogAspect] [http-nio-8080-exec-10] [INFO] - Request [行业列表查询] POST /gas-forecast/base-industry/listPage args={reqDTO=BaseIndustryPageReqDTO[page=1, size=200, keyword=null]}
[2026-09-17 12:28:06.023] [gas-forecast] [] [] [c.g.forecast.common.web.WebLogAspect] [http-nio-8080-exec-9] [INFO] - Request [区域列表查询] POST /gas-forecast/base-region/listPage args={reqDTO=BaseRegionPageReqDTO[page=1, size=200, keyword=null]}
[2026-09-17 12:28:06.024] [gas-forecast] [] [] [c.g.forecast.common.web.WebLogAspect] [http-nio-8080-exec-1] [INFO] - Request [客户列表分页查询] POST /gas-forecast/base-customer/listPage args={reqDTO=BaseCustomerPageReqDTO[page=1, size=200, keyword=null]}
[2026-09-17 12:28:06.029] [gas-forecast] [] [] [c.g.forecast.common.web.WebLogAspect] [http-nio-8080-exec-10] [INFO] - Request [行业列表查询] completed in 7 ms
[2026-09-17 12:28:06.031] [gas-forecast] [] [] [c.g.forecast.common.web.WebLogAspect] [http-nio-8080-exec-9] [INFO] - Request [区域列表查询] completed in 8 ms
[2026-09-17 12:28:06.037] [gas-forecast] [] [] [c.g.forecast.common.web.WebLogAspect] [http-nio-8080-exec-2] [INFO] - Request [模型列表查询] completed in 21 ms
[2026-09-17 12:28:06.038] [gas-forecast] [] [] [c.g.forecast.common.web.WebLogAspect] [http-nio-8080-exec-1] [INFO] - Request [客户列表分页查询] completed in 14 ms
[2026-09-17 12:40:05.464] [gas-forecast] [] [] [com.zaxxer.hikari.HikariDataSource] [SpringApplicationShutdownHook] [INFO] - HikariPool-1 - Shutdown initiated...
[2026-09-17 12:40:05.466] [gas-forecast] [] [] [com.zaxxer.hikari.HikariDataSource] [SpringApplicationShutdownHook] [INFO] - HikariPool-1 - Shutdown completed.
[2026-09-17 12:40:07.122] [gas-forecast] [] [] [o.h.validator.internal.util.Version] [background-preinit] [INFO] - HV000001: Hibernate Validator 8.0.1.Final
[2026-09-17 12:40:07.132] [gas-forecast] [] [] [c.g.f.GasForecastStartupApplication] [main] [INFO] - Starting GasForecastStartupApplication using Java 21.0.11 with PID 14620 (/Users/zoujun/work/workspace/shiyou/gas-forecast/gas-forecast-startup/target/classes started by zoujun in /Users/zoujun/work/workspace/shiyou/gas-forecast)
[2026-09-17 12:40:07.133] [gas-forecast] [] [] [c.g.f.GasForecastStartupApplication] [main] [INFO] - The following 1 profile is active: "dev"
[2026-09-17 12:40:07.412] [gas-forecast] [] [] [o.s.d.r.c.RepositoryConfigurationDelegate] [main] [INFO] - Multiple Spring Data modules found, entering strict repository configuration mode
[2026-09-17 12:40:07.413] [gas-forecast] [] [] [o.s.d.r.c.RepositoryConfigurationDelegate] [main] [INFO] - Bootstrapping Spring Data Redis repositories in DEFAULT mode.
[2026-09-17 12:40:07.432] [gas-forecast] [] [] [o.s.d.r.c.RepositoryConfigurationDelegate] [main] [INFO] - Finished Spring Data repository scanning in 11 ms. Found 0 Redis repository interfaces.
[2026-09-17 12:40:07.713] [gas-forecast] [] [] [o.s.b.w.e.tomcat.TomcatWebServer] [main] [INFO] - Tomcat initialized with port 8080 (http)
[2026-09-17 12:40:07.717] [gas-forecast] [] [] [o.a.coyote.http11.Http11NioProtocol] [main] [INFO] - Initializing ProtocolHandler ["http-nio-8080"]
[2026-09-17 12:40:07.718] [gas-forecast] [] [] [o.a.catalina.core.StandardService] [main] [INFO] - Starting service [Tomcat]
[2026-09-17 12:40:07.718] [gas-forecast] [] [] [o.a.catalina.core.StandardEngine] [main] [INFO] - Starting Servlet engine: [Apache Tomcat/10.1.20]
[2026-09-17 12:40:07.735] [gas-forecast] [] [] [o.a.c.c.C.[.[.[/gas-forecast]] [main] [INFO] - Initializing Spring embedded WebApplicationContext
[2026-09-17 12:40:07.735] [gas-forecast] [] [] [o.s.b.w.s.c.ServletWebServerApplicationContext] [main] [INFO] - Root WebApplicationContext: initialization completed in 587 ms
[2026-09-17 12:40:08.395] [gas-forecast] [] [] [o.a.coyote.http11.Http11NioProtocol] [main] [INFO] - Starting ProtocolHandler ["http-nio-8080"]
[2026-09-17 12:40:08.402] [gas-forecast] [] [] [o.s.b.w.e.tomcat.TomcatWebServer] [main] [INFO] - Tomcat started on port 8080 (http) with context path '/gas-forecast'
[2026-09-17 12:40:08.405] [gas-forecast] [] [] [c.g.f.GasForecastStartupApplication] [main] [INFO] - Started GasForecastStartupApplication in 1.479 seconds (process running for 1.754)
[2026-09-17 12:40:37.059] [gas-forecast] [] [] [o.a.c.c.C.[.[.[/gas-forecast]] [http-nio-8080-exec-1] [INFO] - Initializing Spring DispatcherServlet 'dispatcherServlet'
[2026-09-17 12:40:37.059] [gas-forecast] [] [] [o.s.web.servlet.DispatcherServlet] [http-nio-8080-exec-1] [INFO] - Initializing Servlet 'dispatcherServlet'
[2026-09-17 12:40:37.060] [gas-forecast] [] [] [o.s.web.servlet.DispatcherServlet] [http-nio-8080-exec-1] [INFO] - Completed initialization in 1 ms
[2026-09-17 12:40:37.242] [gas-forecast] [] [] [c.g.forecast.common.web.WebLogAspect] [http-nio-8080-exec-1] [INFO] - Request [获取当前登录用户权限] GET /gas-forecast/auth/permissions args={}
[2026-09-17 12:40:37.243] [gas-forecast] [] [] [com.zaxxer.hikari.HikariDataSource] [http-nio-8080-exec-2] [INFO] - HikariPool-1 - Starting...
[2026-09-17 12:40:37.306] [gas-forecast] [] [] [com.zaxxer.hikari.pool.HikariPool] [http-nio-8080-exec-2] [INFO] - HikariPool-1 - Added connection com.mysql.cj.jdbc.ConnectionImpl@5c698f99
[2026-09-17 12:40:37.307] [gas-forecast] [] [] [com.zaxxer.hikari.HikariDataSource] [http-nio-8080-exec-2] [INFO] - HikariPool-1 - Start completed.
[2026-09-17 12:40:37.340] [gas-forecast] [] [] [c.g.forecast.common.web.WebLogAspect] [http-nio-8080-exec-1] [INFO] - Request [获取当前登录用户权限] completed in 98 ms
[2026-09-17 12:40:38.371] [gas-forecast] [] [] [c.g.forecast.common.web.WebLogAspect] [http-nio-8080-exec-4] [INFO] - Request [获取当前登录用户权限] GET /gas-forecast/auth/permissions args={}
[2026-09-17 12:40:38.381] [gas-forecast] [] [] [c.g.forecast.common.web.WebLogAspect] [http-nio-8080-exec-4] [INFO] - Request [获取当前登录用户权限] completed in 10 ms
[2026-09-17 12:54:11.700] [gas-forecast] [] [] [c.g.forecast.common.web.WebLogAspect] [http-nio-8080-exec-9] [INFO] - Request [获取当前登录用户权限] GET /gas-forecast/auth/permissions args={}
[2026-09-17 12:54:11.721] [gas-forecast] [] [] [c.g.forecast.common.web.WebLogAspect] [http-nio-8080-exec-9] [INFO] - Request [获取当前登录用户权限] completed in 21 ms
[2026-09-17 13:01:09.217] [gas-forecast] [] [] [com.zaxxer.hikari.HikariDataSource] [SpringApplicationShutdownHook] [INFO] - HikariPool-1 - Shutdown initiated...
[2026-09-17 13:01:09.219] [gas-forecast] [] [] [com.zaxxer.hikari.HikariDataSource] [SpringApplicationShutdownHook] [INFO] - HikariPool-1 - Shutdown completed.
[2026-09-17 13:01:10.388] [gas-forecast] [] [] [o.h.validator.internal.util.Version] [background-preinit] [INFO] - HV000001: Hibernate Validator 8.0.1.Final
[2026-09-17 13:01:10.399] [gas-forecast] [] [] [c.g.f.GasForecastStartupApplication] [main] [INFO] - Starting GasForecastStartupApplication using Java 21.0.11 with PID 15303 (/Users/zoujun/work/workspace/shiyou/gas-forecast/gas-forecast-startup/target/classes started by zoujun in /Users/zoujun/work/workspace/shiyou/gas-forecast)
[2026-09-17 13:01:10.399] [gas-forecast] [] [] [c.g.f.GasForecastStartupApplication] [main] [INFO] - The following 1 profile is active: "dev"
[2026-09-17 13:01:10.684] [gas-forecast] [] [] [o.s.d.r.c.RepositoryConfigurationDelegate] [main] [INFO] - Multiple Spring Data modules found, entering strict repository configuration mode
[2026-09-17 13:01:10.685] [gas-forecast] [] [] [o.s.d.r.c.RepositoryConfigurationDelegate] [main] [INFO] - Bootstrapping Spring Data Redis repositories in DEFAULT mode.
[2026-09-17 13:01:10.702] [gas-forecast] [] [] [o.s.d.r.c.RepositoryConfigurationDelegate] [main] [INFO] - Finished Spring Data repository scanning in 10 ms. Found 0 Redis repository interfaces.
[2026-09-17 13:01:10.982] [gas-forecast] [] [] [o.s.b.w.e.tomcat.TomcatWebServer] [main] [INFO] - Tomcat initialized with port 8080 (http)
[2026-09-17 13:01:10.986] [gas-forecast] [] [] [o.a.coyote.http11.Http11NioProtocol] [main] [INFO] - Initializing ProtocolHandler ["http-nio-8080"]
[2026-09-17 13:01:10.987] [gas-forecast] [] [] [o.a.catalina.core.StandardService] [main] [INFO] - Starting service [Tomcat]
[2026-09-17 13:01:10.987] [gas-forecast] [] [] [o.a.catalina.core.StandardEngine] [main] [INFO] - Starting Servlet engine: [Apache Tomcat/10.1.20]
[2026-09-17 13:01:11.004] [gas-forecast] [] [] [o.a.c.c.C.[.[.[/gas-forecast]] [main] [INFO] - Initializing Spring embedded WebApplicationContext
[2026-09-17 13:01:11.004] [gas-forecast] [] [] [o.s.b.w.s.c.ServletWebServerApplicationContext] [main] [INFO] - Root WebApplicationContext: initialization completed in 588 ms
[2026-09-17 13:01:11.676] [gas-forecast] [] [] [o.a.coyote.http11.Http11NioProtocol] [main] [INFO] - Starting ProtocolHandler ["http-nio-8080"]
[2026-09-17 13:01:11.683] [gas-forecast] [] [] [o.s.b.w.e.tomcat.TomcatWebServer] [main] [INFO] - Tomcat started on port 8080 (http) with context path '/gas-forecast'
[2026-09-17 13:01:11.686] [gas-forecast] [] [] [c.g.f.GasForecastStartupApplication] [main] [INFO] - Started GasForecastStartupApplication in 1.487 seconds (process running for 1.759)
[2026-09-17 13:03:13.880] [gas-forecast] [] [] [o.a.c.c.C.[.[.[/gas-forecast]] [http-nio-8080-exec-1] [INFO] - Initializing Spring DispatcherServlet 'dispatcherServlet'
[2026-09-17 13:03:13.880] [gas-forecast] [] [] [o.s.web.servlet.DispatcherServlet] [http-nio-8080-exec-1] [INFO] - Initializing Servlet 'dispatcherServlet'
[2026-09-17 13:03:13.881] [gas-forecast] [] [] [o.s.web.servlet.DispatcherServlet] [http-nio-8080-exec-1] [INFO] - Completed initialization in 1 ms
[2026-09-17 13:03:14.054] [gas-forecast] [] [] [c.g.forecast.common.web.WebLogAspect] [http-nio-8080-exec-1] [INFO] - Request [获取当前登录用户权限] GET /gas-forecast/auth/permissions args={}
[2026-09-17 13:03:14.056] [gas-forecast] [] [] [com.zaxxer.hikari.HikariDataSource] [http-nio-8080-exec-2] [INFO] - HikariPool-1 - Starting...
[2026-09-17 13:03:14.128] [gas-forecast] [] [] [com.zaxxer.hikari.pool.HikariPool] [http-nio-8080-exec-2] [INFO] - HikariPool-1 - Added connection com.mysql.cj.jdbc.ConnectionImpl@61f02a7c
[2026-09-17 13:03:14.129] [gas-forecast] [] [] [com.zaxxer.hikari.HikariDataSource] [http-nio-8080-exec-2] [INFO] - HikariPool-1 - Start completed.
[2026-09-17 13:03:14.164] [gas-forecast] [] [] [c.g.forecast.common.web.WebLogAspect] [http-nio-8080-exec-1] [INFO] - Request [获取当前登录用户权限] completed in 110 ms
[2026-09-17 13:04:05.140] [gas-forecast] [] [] [c.g.forecast.common.web.WebLogAspect] [http-nio-8080-exec-10] [INFO] - Request [获取当前登录用户权限] GET /gas-forecast/auth/permissions args={}
[2026-09-17 13:04:05.156] [gas-forecast] [] [] [c.g.forecast.common.web.WebLogAspect] [http-nio-8080-exec-10] [INFO] - Request [获取当前登录用户权限] completed in 16 ms
[2026-09-17 13:15:46.451] [gas-forecast] [] [] [com.zaxxer.hikari.HikariDataSource] [SpringApplicationShutdownHook] [INFO] - HikariPool-1 - Shutdown initiated...
[2026-09-17 13:15:46.452] [gas-forecast] [] [] [com.zaxxer.hikari.HikariDataSource] [SpringApplicationShutdownHook] [INFO] - HikariPool-1 - Shutdown completed.
[2026-09-17 13:15:48.188] [gas-forecast] [] [] [o.h.validator.internal.util.Version] [background-preinit] [INFO] - HV000001: Hibernate Validator 8.0.1.Final
[2026-09-17 13:15:48.198] [gas-forecast] [] [] [c.g.f.GasForecastStartupApplication] [main] [INFO] - Starting GasForecastStartupApplication using Java 21.0.11 with PID 17029 (/Users/zoujun/work/workspace/shiyou/gas-forecast/gas-forecast-startup/target/classes started by zoujun in /Users/zoujun/work/workspace/shiyou/gas-forecast)
[2026-09-17 13:15:48.198] [gas-forecast] [] [] [c.g.f.GasForecastStartupApplication] [main] [INFO] - The following 1 profile is active: "dev"
[2026-09-17 13:15:48.469] [gas-forecast] [] [] [o.s.d.r.c.RepositoryConfigurationDelegate] [main] [INFO] - Multiple Spring Data modules found, entering strict repository configuration mode
[2026-09-17 13:15:48.470] [gas-forecast] [] [] [o.s.d.r.c.RepositoryConfigurationDelegate] [main] [INFO] - Bootstrapping Spring Data Redis repositories in DEFAULT mode.
[2026-09-17 13:15:48.488] [gas-forecast] [] [] [o.s.d.r.c.RepositoryConfigurationDelegate] [main] [INFO] - Finished Spring Data repository scanning in 11 ms. Found 0 Redis repository interfaces.
[2026-09-17 13:15:48.784] [gas-forecast] [] [] [o.s.b.w.e.tomcat.TomcatWebServer] [main] [INFO] - Tomcat initialized with port 8080 (http)
[2026-09-17 13:15:48.788] [gas-forecast] [] [] [o.a.coyote.http11.Http11NioProtocol] [main] [INFO] - Initializing ProtocolHandler ["http-nio-8080"]
[2026-09-17 13:15:48.789] [gas-forecast] [] [] [o.a.catalina.core.StandardService] [main] [INFO] - Starting service [Tomcat]
[2026-09-17 13:15:48.789] [gas-forecast] [] [] [o.a.catalina.core.StandardEngine] [main] [INFO] - Starting Servlet engine: [Apache Tomcat/10.1.20]
[2026-09-17 13:15:48.806] [gas-forecast] [] [] [o.a.c.c.C.[.[.[/gas-forecast]] [main] [INFO] - Initializing Spring embedded WebApplicationContext
[2026-09-17 13:15:48.806] [gas-forecast] [] [] [o.s.b.w.s.c.ServletWebServerApplicationContext] [main] [INFO] - Root WebApplicationContext: initialization completed in 591 ms
[2026-09-17 13:15:49.491] [gas-forecast] [] [] [o.a.coyote.http11.Http11NioProtocol] [main] [INFO] - Starting ProtocolHandler ["http-nio-8080"]
[2026-09-17 13:15:49.498] [gas-forecast] [] [] [o.s.b.w.e.tomcat.TomcatWebServer] [main] [INFO] - Tomcat started on port 8080 (http) with context path '/gas-forecast'
[2026-09-17 13:15:49.502] [gas-forecast] [] [] [c.g.f.GasForecastStartupApplication] [main] [INFO] - Started GasForecastStartupApplication in 1.484 seconds (process running for 1.751)
[2026-09-17 13:15:59.299] [gas-forecast] [] [] [o.a.c.c.C.[.[.[/gas-forecast]] [http-nio-8080-exec-1] [INFO] - Initializing Spring DispatcherServlet 'dispatcherServlet'
[2026-09-17 13:15:59.300] [gas-forecast] [] [] [o.s.web.servlet.DispatcherServlet] [http-nio-8080-exec-1] [INFO] - Initializing Servlet 'dispatcherServlet'
[2026-09-17 13:15:59.300] [gas-forecast] [] [] [o.s.web.servlet.DispatcherServlet] [http-nio-8080-exec-1] [INFO] - Completed initialization in 0 ms
[2026-09-17 13:15:59.472] [gas-forecast] [] [] [c.g.forecast.common.web.WebLogAspect] [http-nio-8080-exec-1] [INFO] - Request [获取当前登录用户权限] GET /gas-forecast/auth/permissions args={}
[2026-09-17 13:15:59.473] [gas-forecast] [] [] [com.zaxxer.hikari.HikariDataSource] [http-nio-8080-exec-2] [INFO] - HikariPool-1 - Starting...
[2026-09-17 13:15:59.540] [gas-forecast] [] [] [com.zaxxer.hikari.pool.HikariPool] [http-nio-8080-exec-2] [INFO] - HikariPool-1 - Added connection com.mysql.cj.jdbc.ConnectionImpl@4ae00898
[2026-09-17 13:15:59.541] [gas-forecast] [] [] [com.zaxxer.hikari.HikariDataSource] [http-nio-8080-exec-2] [INFO] - HikariPool-1 - Start completed.
[2026-09-17 13:15:59.573] [gas-forecast] [] [] [c.g.forecast.common.web.WebLogAspect] [http-nio-8080-exec-1] [INFO] - Request [获取当前登录用户权限] completed in 101 ms
[2026-09-17 13:16:00.664] [gas-forecast] [] [] [c.g.forecast.common.web.WebLogAspect] [http-nio-8080-exec-4] [INFO] - Request [获取当前登录用户权限] GET /gas-forecast/auth/permissions args={}
[2026-09-17 13:16:00.675] [gas-forecast] [] [] [c.g.forecast.common.web.WebLogAspect] [http-nio-8080-exec-4] [INFO] - Request [获取当前登录用户权限] completed in 11 ms
[2026-09-17 13:16:08.600] [gas-forecast] [] [] [c.g.forecast.common.web.WebLogAspect] [http-nio-8080-exec-9] [INFO] - Request [获取当前登录用户权限] GET /gas-forecast/auth/permissions args={}
[2026-09-17 13:16:08.609] [gas-forecast] [] [] [c.g.forecast.common.web.WebLogAspect] [http-nio-8080-exec-9] [INFO] - Request [获取当前登录用户权限] completed in 9 ms
[2026-09-17 13:16:09.316] [gas-forecast] [] [] [c.g.forecast.common.web.WebLogAspect] [http-nio-8080-exec-2] [INFO] - Request [获取当前登录用户权限] GET /gas-forecast/auth/permissions args={}
[2026-09-17 13:16:09.325] [gas-forecast] [] [] [c.g.forecast.common.web.WebLogAspect] [http-nio-8080-exec-2] [INFO] - Request [获取当前登录用户权限] completed in 9 ms
[2026-09-17 13:26:55.063] [gas-forecast] [] [] [o.h.validator.internal.util.Version] [background-preinit] [INFO] - HV000001: Hibernate Validator 8.0.1.Final
[2026-09-17 13:26:55.074] [gas-forecast] [] [] [c.g.f.GasForecastStartupApplication] [main] [INFO] - Starting GasForecastStartupApplication using Java 21.0.11 with PID 18539 (/Users/zoujun/work/workspace/shiyou/gas-forecast/gas-forecast-startup/target/classes started by zoujun in /Users/zoujun/work/workspace/shiyou/gas-forecast)
[2026-09-17 13:26:55.075] [gas-forecast] [] [] [c.g.f.GasForecastStartupApplication] [main] [INFO] - The following 1 profile is active: "dev"
[2026-09-17 13:26:55.361] [gas-forecast] [] [] [o.s.d.r.c.RepositoryConfigurationDelegate] [main] [INFO] - Multiple Spring Data modules found, entering strict repository configuration mode
[2026-09-17 13:26:55.362] [gas-forecast] [] [] [o.s.d.r.c.RepositoryConfigurationDelegate] [main] [INFO] - Bootstrapping Spring Data Redis repositories in DEFAULT mode.
[2026-09-17 13:26:55.379] [gas-forecast] [] [] [o.s.d.r.c.RepositoryConfigurationDelegate] [main] [INFO] - Finished Spring Data repository scanning in 11 ms. Found 0 Redis repository interfaces.
[2026-09-17 13:26:55.672] [gas-forecast] [] [] [o.s.b.w.e.tomcat.TomcatWebServer] [main] [INFO] - Tomcat initialized with port 8080 (http)
[2026-09-17 13:26:55.676] [gas-forecast] [] [] [o.a.coyote.http11.Http11NioProtocol] [main] [INFO] - Initializing ProtocolHandler ["http-nio-8080"]
[2026-09-17 13:26:55.677] [gas-forecast] [] [] [o.a.catalina.core.StandardService] [main] [INFO] - Starting service [Tomcat]
[2026-09-17 13:26:55.677] [gas-forecast] [] [] [o.a.catalina.core.StandardEngine] [main] [INFO] - Starting Servlet engine: [Apache Tomcat/10.1.20]
[2026-09-17 13:26:55.694] [gas-forecast] [] [] [o.a.c.c.C.[.[.[/gas-forecast]] [main] [INFO] - Initializing Spring embedded WebApplicationContext
[2026-09-17 13:26:55.694] [gas-forecast] [] [] [o.s.b.w.s.c.ServletWebServerApplicationContext] [main] [INFO] - Root WebApplicationContext: initialization completed in 601 ms
[2026-09-17 13:26:56.415] [gas-forecast] [] [] [o.a.coyote.http11.Http11NioProtocol] [main] [INFO] - Starting ProtocolHandler ["http-nio-8080"]
[2026-09-17 13:26:56.422] [gas-forecast] [] [] [o.s.b.w.e.tomcat.TomcatWebServer] [main] [INFO] - Tomcat started on port 8080 (http) with context path '/gas-forecast'
[2026-09-17 13:26:56.426] [gas-forecast] [] [] [c.g.f.GasForecastStartupApplication] [main] [INFO] - Started GasForecastStartupApplication in 1.554 seconds (process running for 1.836)
[2026-09-17 13:27:03.115] [gas-forecast] [] [] [o.a.c.c.C.[.[.[/gas-forecast]] [http-nio-8080-exec-1] [INFO] - Initializing Spring DispatcherServlet 'dispatcherServlet'
[2026-09-17 13:27:03.115] [gas-forecast] [] [] [o.s.web.servlet.DispatcherServlet] [http-nio-8080-exec-1] [INFO] - Initializing Servlet 'dispatcherServlet'
[2026-09-17 13:27:03.115] [gas-forecast] [] [] [o.s.web.servlet.DispatcherServlet] [http-nio-8080-exec-1] [INFO] - Completed initialization in 0 ms
[2026-09-17 13:27:03.285] [gas-forecast] [] [] [c.g.forecast.common.web.WebLogAspect] [http-nio-8080-exec-1] [INFO] - Request [获取当前登录用户权限] GET /gas-forecast/auth/permissions args={}
[2026-09-17 13:27:03.286] [gas-forecast] [] [] [com.zaxxer.hikari.HikariDataSource] [http-nio-8080-exec-2] [INFO] - HikariPool-1 - Starting...
[2026-09-17 13:27:03.353] [gas-forecast] [] [] [com.zaxxer.hikari.pool.HikariPool] [http-nio-8080-exec-2] [INFO] - HikariPool-1 - Added connection com.mysql.cj.jdbc.ConnectionImpl@26e08de4
[2026-09-17 13:27:03.354] [gas-forecast] [] [] [com.zaxxer.hikari.HikariDataSource] [http-nio-8080-exec-2] [INFO] - HikariPool-1 - Start completed.
[2026-09-17 13:27:03.387] [gas-forecast] [] [] [c.g.forecast.common.web.WebLogAspect] [http-nio-8080-exec-1] [INFO] - Request [获取当前登录用户权限] completed in 103 ms
[2026-09-17 13:32:11.949] [gas-forecast] [] [] [com.zaxxer.hikari.HikariDataSource] [SpringApplicationShutdownHook] [INFO] - HikariPool-1 - Shutdown initiated...
[2026-09-17 13:32:11.951] [gas-forecast] [] [] [com.zaxxer.hikari.HikariDataSource] [SpringApplicationShutdownHook] [INFO] - HikariPool-1 - Shutdown completed.
[2026-09-17 13:32:13.679] [gas-forecast] [] [] [o.h.validator.internal.util.Version] [background-preinit] [INFO] - HV000001: Hibernate Validator 8.0.1.Final
[2026-09-17 13:32:13.690] [gas-forecast] [] [] [c.g.f.GasForecastStartupApplication] [main] [INFO] - Starting GasForecastStartupApplication using Java 21.0.11 with PID 19000 (/Users/zoujun/work/workspace/shiyou/gas-forecast/gas-forecast-startup/target/classes started by zoujun in /Users/zoujun/work/workspace/shiyou/gas-forecast)
[2026-09-17 13:32:13.690] [gas-forecast] [] [] [c.g.f.GasForecastStartupApplication] [main] [INFO] - The following 1 profile is active: "dev"
[2026-09-17 13:32:13.960] [gas-forecast] [] [] [o.s.d.r.c.RepositoryConfigurationDelegate] [main] [INFO] - Multiple Spring Data modules found, entering strict repository configuration mode
[2026-09-17 13:32:13.962] [gas-forecast] [] [] [o.s.d.r.c.RepositoryConfigurationDelegate] [main] [INFO] - Bootstrapping Spring Data Redis repositories in DEFAULT mode.
[2026-09-17 13:32:13.979] [gas-forecast] [] [] [o.s.d.r.c.RepositoryConfigurationDelegate] [main] [INFO] - Finished Spring Data repository scanning in 11 ms. Found 0 Redis repository interfaces.
[2026-09-17 13:32:14.271] [gas-forecast] [] [] [o.s.b.w.e.tomcat.TomcatWebServer] [main] [INFO] - Tomcat initialized with port 8080 (http)
[2026-09-17 13:32:14.276] [gas-forecast] [] [] [o.a.coyote.http11.Http11NioProtocol] [main] [INFO] - Initializing ProtocolHandler ["http-nio-8080"]
[2026-09-17 13:32:14.276] [gas-forecast] [] [] [o.a.catalina.core.StandardService] [main] [INFO] - Starting service [Tomcat]
[2026-09-17 13:32:14.276] [gas-forecast] [] [] [o.a.catalina.core.StandardEngine] [main] [INFO] - Starting Servlet engine: [Apache Tomcat/10.1.20]
[2026-09-17 13:32:14.294] [gas-forecast] [] [] [o.a.c.c.C.[.[.[/gas-forecast]] [main] [INFO] - Initializing Spring embedded WebApplicationContext
[2026-09-17 13:32:14.294] [gas-forecast] [] [] [o.s.b.w.s.c.ServletWebServerApplicationContext] [main] [INFO] - Root WebApplicationContext: initialization completed in 587 ms
[2026-09-17 13:32:15.034] [gas-forecast] [] [] [o.a.coyote.http11.Http11NioProtocol] [main] [INFO] - Starting ProtocolHandler ["http-nio-8080"]
[2026-09-17 13:32:15.042] [gas-forecast] [] [] [o.s.b.w.e.tomcat.TomcatWebServer] [main] [INFO] - Tomcat started on port 8080 (http) with context path '/gas-forecast'
[2026-09-17 13:32:15.046] [gas-forecast] [] [] [c.g.f.GasForecastStartupApplication] [main] [INFO] - Started GasForecastStartupApplication in 1.565 seconds (process running for 1.843)
[2026-09-17 13:32:52.012] [gas-forecast] [] [] [o.a.c.c.C.[.[.[/gas-forecast]] [http-nio-8080-exec-1] [INFO] - Initializing Spring DispatcherServlet 'dispatcherServlet'
[2026-09-17 13:32:52.012] [gas-forecast] [] [] [o.s.web.servlet.DispatcherServlet] [http-nio-8080-exec-1] [INFO] - Initializing Servlet 'dispatcherServlet'
[2026-09-17 13:32:52.013] [gas-forecast] [] [] [o.s.web.servlet.DispatcherServlet] [http-nio-8080-exec-1] [INFO] - Completed initialization in 1 ms
[2026-09-17 13:32:52.208] [gas-forecast] [] [] [com.zaxxer.hikari.HikariDataSource] [http-nio-8080-exec-1] [INFO] - HikariPool-1 - Starting...
[2026-09-17 13:32:52.289] [gas-forecast] [] [] [com.zaxxer.hikari.pool.HikariPool] [http-nio-8080-exec-1] [INFO] - HikariPool-1 - Added connection com.mysql.cj.jdbc.ConnectionImpl@6439e43a
[2026-09-17 13:32:52.290] [gas-forecast] [] [] [com.zaxxer.hikari.HikariDataSource] [http-nio-8080-exec-1] [INFO] - HikariPool-1 - Start completed.
[2026-09-17 13:33:20.141] [gas-forecast] [] [] [c.g.forecast.common.web.WebLogAspect] [http-nio-8080-exec-6] [INFO] - Request [客户列表分页查询] POST /gas-forecast/base-customer/listPage args={reqDTO=BaseCustomerPageReqDTO[page=1, size=200, keyword=null]}
[2026-09-17 13:33:20.141] [gas-forecast] [] [] [c.g.forecast.common.web.WebLogAspect] [http-nio-8080-exec-3] [INFO] - Request [行业列表查询] POST /gas-forecast/base-industry/listPage args={reqDTO=BaseIndustryPageReqDTO[page=1, size=200, keyword=null]}
[2026-09-17 13:33:20.141] [gas-forecast] [] [] [c.g.forecast.common.web.WebLogAspect] [http-nio-8080-exec-5] [INFO] - Request [模型列表查询] POST /gas-forecast/model-config/listPage args={reqDTO=ModelConfigPageReqDTO[page=1, size=10, keyword=null]}
[2026-09-17 13:33:20.141] [gas-forecast] [] [] [c.g.forecast.common.web.WebLogAspect] [http-nio-8080-exec-4] [INFO] - Request [区域列表查询] POST /gas-forecast/base-region/listPage args={reqDTO=BaseRegionPageReqDTO[page=1, size=200, keyword=null]}
[2026-09-17 13:33:20.174] [gas-forecast] [] [] [c.g.forecast.common.web.WebLogAspect] [http-nio-8080-exec-3] [INFO] - Request [行业列表查询] completed in 34 ms
[2026-09-17 13:33:20.174] [gas-forecast] [] [] [c.g.forecast.common.web.WebLogAspect] [http-nio-8080-exec-4] [INFO] - Request [区域列表查询] completed in 34 ms
[2026-09-17 13:33:20.174] [gas-forecast] [] [] [c.g.forecast.common.web.WebLogAspect] [http-nio-8080-exec-6] [INFO] - Request [客户列表分页查询] completed in 34 ms
[2026-09-17 13:33:20.183] [gas-forecast] [] [] [c.g.forecast.common.web.WebLogAspect] [http-nio-8080-exec-5] [INFO] - Request [模型列表查询] completed in 43 ms
[2026-09-17 13:33:23.199] [gas-forecast] [] [] [c.g.forecast.common.web.WebLogAspect] [http-nio-8080-exec-7] [INFO] - Request [训练特征数据列表查询] POST /gas-forecast/model-train-feature-data/listPage args={reqDTO=ModelTrainFeatureDataPageReqDTO[page=1, size=10, keyword=null]}
[2026-09-17 13:33:23.231] [gas-forecast] [] [] [c.g.forecast.common.web.WebLogAspect] [http-nio-8080-exec-7] [INFO] - Request [训练特征数据列表查询] completed in 32 ms
[2026-09-17 13:33:23.765] [gas-forecast] [] [] [c.g.forecast.common.web.WebLogAspect] [http-nio-8080-exec-8] [INFO] - Request [特征定义列表查询] POST /gas-forecast/model-feature-definition/listPage args={reqDTO=ModelFeatureDefinitionPageReqDTO[page=1, size=10, keyword=null]}
[2026-09-17 13:33:23.772] [gas-forecast] [] [] [c.g.forecast.common.web.WebLogAspect] [http-nio-8080-exec-8] [INFO] - Request [特征定义列表查询] completed in 7 ms
[2026-09-17 13:33:25.997] [gas-forecast] [] [] [c.g.forecast.common.web.WebLogAspect] [http-nio-8080-exec-9] [INFO] - Request [训练特征数据列表查询] POST /gas-forecast/model-train-feature-data/listPage args={reqDTO=ModelTrainFeatureDataPageReqDTO[page=1, size=10, keyword=null]}
[2026-09-17 13:33:26.032] [gas-forecast] [] [] [c.g.forecast.common.web.WebLogAspect] [http-nio-8080-exec-9] [INFO] - Request [训练特征数据列表查询] completed in 36 ms
[2026-09-17 13:33:30.644] [gas-forecast] [] [] [c.g.forecast.common.web.WebLogAspect] [http-nio-8080-exec-10] [INFO] - Request [特征定义列表查询] POST /gas-forecast/model-feature-definition/listPage args={reqDTO=ModelFeatureDefinitionPageReqDTO[page=1, size=10, keyword=null]}
[2026-09-17 13:33:30.649] [gas-forecast] [] [] [c.g.forecast.common.web.WebLogAspect] [http-nio-8080-exec-10] [INFO] - Request [特征定义列表查询] completed in 5 ms
[2026-09-17 13:33:31.155] [gas-forecast] [] [] [c.g.forecast.common.web.WebLogAspect] [http-nio-8080-exec-1] [INFO] - Request [训练特征数据列表查询] POST /gas-forecast/model-train-feature-data/listPage args={reqDTO=ModelTrainFeatureDataPageReqDTO[page=1, size=10, keyword=null]}
[2026-09-17 13:33:31.186] [gas-forecast] [] [] [c.g.forecast.common.web.WebLogAspect] [http-nio-8080-exec-1] [INFO] - Request [训练特征数据列表查询] completed in 32 ms
[2026-09-17 13:33:37.966] [gas-forecast] [] [] [c.g.forecast.common.web.WebLogAspect] [http-nio-8080-exec-3] [INFO] - Request [模型列表查询] POST /gas-forecast/model-config/listPage args={reqDTO=ModelConfigPageReqDTO[page=1, size=10, keyword=null]}
[2026-09-17 13:33:37.969] [gas-forecast] [] [] [c.g.forecast.common.web.WebLogAspect] [http-nio-8080-exec-2] [INFO] - Request [区域列表查询] POST /gas-forecast/base-region/listPage args={reqDTO=BaseRegionPageReqDTO[page=1, size=200, keyword=null]}
[2026-09-17 13:33:37.970] [gas-forecast] [] [] [c.g.forecast.common.web.WebLogAspect] [http-nio-8080-exec-4] [INFO] - Request [行业列表查询] POST /gas-forecast/base-industry/listPage args={reqDTO=BaseIndustryPageReqDTO[page=1, size=200, keyword=null]}
[2026-09-17 13:33:37.970] [gas-forecast] [] [] [c.g.forecast.common.web.WebLogAspect] [http-nio-8080-exec-6] [INFO] - Request [客户列表分页查询] POST /gas-forecast/base-customer/listPage args={reqDTO=BaseCustomerPageReqDTO[page=1, size=200, keyword=null]}
[2026-09-17 13:33:37.974] [gas-forecast] [] [] [c.g.forecast.common.web.WebLogAspect] [http-nio-8080-exec-2] [INFO] - Request [区域列表查询] completed in 5 ms
[2026-09-17 13:33:37.974] [gas-forecast] [] [] [c.g.forecast.common.web.WebLogAspect] [http-nio-8080-exec-4] [INFO] - Request [行业列表查询] completed in 4 ms
[2026-09-17 13:33:37.974] [gas-forecast] [] [] [c.g.forecast.common.web.WebLogAspect] [http-nio-8080-exec-6] [INFO] - Request [客户列表分页查询] completed in 4 ms
[2026-09-17 13:33:37.975] [gas-forecast] [] [] [c.g.forecast.common.web.WebLogAspect] [http-nio-8080-exec-3] [INFO] - Request [模型列表查询] completed in 9 ms
[2026-09-17 13:42:23.235] [gas-forecast] [] [] [c.g.forecast.common.web.WebLogAspect] [http-nio-8080-exec-5] [INFO] - Request [模型列表查询] POST /gas-forecast/model-config/listPage args={reqDTO=ModelConfigPageReqDTO[page=1, size=10, keyword=null]}
[2026-09-17 13:42:23.260] [gas-forecast] [] [] [c.g.forecast.common.web.WebLogAspect] [http-nio-8080-exec-5] [INFO] - Request [模型列表查询] completed in 25 ms
[2026-09-17 13:45:17.683] [gas-forecast] [] [] [c.g.forecast.common.web.WebLogAspect] [http-nio-8080-exec-7] [INFO] - Request [模型列表查询] POST /gas-forecast/model-config/listPage args={reqDTO=ModelConfigPageReqDTO[page=1, size=10, keyword=null]}
[2026-09-17 13:45:17.693] [gas-forecast] [] [] [c.g.forecast.common.web.WebLogAspect] [http-nio-8080-exec-7] [INFO] - Request [模型列表查询] completed in 10 ms
[2026-09-17 13:46:18.220] [gas-forecast] [] [] [c.g.forecast.common.web.WebLogAspect] [http-nio-8080-exec-8] [INFO] - Request [获取当前登录用户权限] GET /gas-forecast/auth/permissions args={}
[2026-09-17 13:46:18.239] [gas-forecast] [] [] [c.g.forecast.common.web.WebLogAspect] [http-nio-8080-exec-8] [INFO] - Request [获取当前登录用户权限] completed in 19 ms
[2026-09-17 13:46:18.247] [gas-forecast] [] [] [c.g.forecast.common.web.WebLogAspect] [http-nio-8080-exec-9] [INFO] - Request [模型列表查询] POST /gas-forecast/model-config/listPage args={reqDTO=ModelConfigPageReqDTO[page=1, size=10, keyword=null]}
[2026-09-17 13:46:18.255] [gas-forecast] [] [] [c.g.forecast.common.web.WebLogAspect] [http-nio-8080-exec-9] [INFO] - Request [模型列表查询] completed in 8 ms
[2026-09-17 13:57:19.970] [gas-forecast] [] [] [c.g.forecast.common.web.WebLogAspect] [http-nio-8080-exec-10] [INFO] - Request [获取当前登录用户权限] GET /gas-forecast/auth/permissions args={}
[2026-09-17 13:57:19.994] [gas-forecast] [] [] [c.g.forecast.common.web.WebLogAspect] [http-nio-8080-exec-1] [INFO] - Request [模型列表查询] POST /gas-forecast/model-config/listPage args={reqDTO=ModelConfigPageReqDTO[page=1, size=10, keyword=null]}
[2026-09-17 13:57:19.998] [gas-forecast] [] [] [c.g.forecast.common.web.WebLogAspect] [http-nio-8080-exec-10] [INFO] - Request [获取当前登录用户权限] completed in 28 ms
[2026-09-17 13:57:20.001] [gas-forecast] [] [] [c.g.forecast.common.web.WebLogAspect] [http-nio-8080-exec-1] [INFO] - Request [模型列表查询] completed in 7 ms
[2026-09-17 13:59:47.634] [gas-forecast] [] [] [c.g.forecast.common.web.WebLogAspect] [http-nio-8080-exec-4] [INFO] - Request [获取当前登录用户权限] GET /gas-forecast/auth/permissions args={}
[2026-09-17 13:59:47.653] [gas-forecast] [] [] [c.g.forecast.common.web.WebLogAspect] [http-nio-8080-exec-4] [INFO] - Request [获取当前登录用户权限] completed in 19 ms
[2026-09-17 13:59:47.686] [gas-forecast] [] [] [c.g.forecast.common.web.WebLogAspect] [http-nio-8080-exec-2] [INFO] - Request [日销量标准数据分页查询] POST /gas-forecast/data-daily-sales/listPage args={reqDTO=DataSalesPageReqDTO[page=1, size=10, keyword=null, startDate=null, endDate=null]}
[2026-09-17 13:59:47.720] [gas-forecast] [] [] [c.g.forecast.common.web.WebLogAspect] [http-nio-8080-exec-2] [INFO] - Request [日销量标准数据分页查询] completed in 37 ms
[2026-09-17 14:02:16.527] [gas-forecast] [] [] [c.g.forecast.common.web.WebLogAspect] [http-nio-8080-exec-6] [INFO] - Request [模型列表查询] POST /gas-forecast/model-config/listPage args={reqDTO=ModelConfigPageReqDTO[page=1, size=10, keyword=null]}
[2026-09-17 14:02:16.546] [gas-forecast] [] [] [c.g.forecast.common.web.WebLogAspect] [http-nio-8080-exec-6] [INFO] - Request [模型列表查询] completed in 19 ms
[2026-09-17 14:02:55.219] [gas-forecast] [] [] [c.g.forecast.common.web.WebLogAspect] [http-nio-8080-exec-3] [INFO] - Request [模型列表查询] POST /gas-forecast/model-config/listPage args={reqDTO=ModelConfigPageReqDTO[page=1, size=10, keyword=null]}
[2026-09-17 14:02:55.225] [gas-forecast] [] [] [c.g.forecast.common.web.WebLogAspect] [http-nio-8080-exec-3] [INFO] - Request [模型列表查询] completed in 6 ms
[2026-09-17 14:03:26.650] [gas-forecast] [] [] [c.g.forecast.common.web.WebLogAspect] [http-nio-8080-exec-5] [INFO] - Request [模型列表查询] POST /gas-forecast/model-config/listPage args={reqDTO=ModelConfigPageReqDTO[page=1, size=10, keyword=null]}
[2026-09-17 14:03:26.666] [gas-forecast] [] [] [c.g.forecast.common.web.WebLogAspect] [http-nio-8080-exec-5] [INFO] - Request [模型列表查询] completed in 16 ms
[2026-09-17 14:07:17.809] [gas-forecast] [] [] [com.zaxxer.hikari.HikariDataSource] [SpringApplicationShutdownHook] [INFO] - HikariPool-1 - Shutdown initiated...
[2026-09-17 14:07:17.809] [gas-forecast] [] [] [com.zaxxer.hikari.HikariDataSource] [SpringApplicationShutdownHook] [INFO] - HikariPool-1 - Shutdown completed.
[2026-09-17 14:07:19.545] [gas-forecast] [] [] [o.h.validator.internal.util.Version] [background-preinit] [INFO] - HV000001: Hibernate Validator 8.0.1.Final
[2026-09-17 14:07:19.556] [gas-forecast] [] [] [c.g.f.GasForecastStartupApplication] [main] [INFO] - Starting GasForecastStartupApplication using Java 21.0.11 with PID 20861 (/Users/zoujun/work/workspace/shiyou/gas-forecast/gas-forecast-startup/target/classes started by zoujun in /Users/zoujun/work/workspace/shiyou/gas-forecast)
[2026-09-17 14:07:19.557] [gas-forecast] [] [] [c.g.f.GasForecastStartupApplication] [main] [INFO] - The following 1 profile is active: "dev"
[2026-09-17 14:07:19.816] [gas-forecast] [] [] [o.s.d.r.c.RepositoryConfigurationDelegate] [main] [INFO] - Multiple Spring Data modules found, entering strict repository configuration mode
[2026-09-17 14:07:19.817] [gas-forecast] [] [] [o.s.d.r.c.RepositoryConfigurationDelegate] [main] [INFO] - Bootstrapping Spring Data Redis repositories in DEFAULT mode.
[2026-09-17 14:07:19.834] [gas-forecast] [] [] [o.s.d.r.c.RepositoryConfigurationDelegate] [main] [INFO] - Finished Spring Data repository scanning in 11 ms. Found 0 Redis repository interfaces.
[2026-09-17 14:07:20.111] [gas-forecast] [] [] [o.s.b.w.e.tomcat.TomcatWebServer] [main] [INFO] - Tomcat initialized with port 8080 (http)
[2026-09-17 14:07:20.115] [gas-forecast] [] [] [o.a.coyote.http11.Http11NioProtocol] [main] [INFO] - Initializing ProtocolHandler ["http-nio-8080"]
[2026-09-17 14:07:20.116] [gas-forecast] [] [] [o.a.catalina.core.StandardService] [main] [INFO] - Starting service [Tomcat]
[2026-09-17 14:07:20.116] [gas-forecast] [] [] [o.a.catalina.core.StandardEngine] [main] [INFO] - Starting Servlet engine: [Apache Tomcat/10.1.20]
[2026-09-17 14:07:20.133] [gas-forecast] [] [] [o.a.c.c.C.[.[.[/gas-forecast]] [main] [INFO] - Initializing Spring embedded WebApplicationContext
[2026-09-17 14:07:20.134] [gas-forecast] [] [] [o.s.b.w.s.c.ServletWebServerApplicationContext] [main] [INFO] - Root WebApplicationContext: initialization completed in 559 ms
[2026-09-17 14:07:20.795] [gas-forecast] [] [] [o.a.coyote.http11.Http11NioProtocol] [main] [INFO] - Starting ProtocolHandler ["http-nio-8080"]
[2026-09-17 14:07:20.802] [gas-forecast] [] [] [o.s.b.w.e.tomcat.TomcatWebServer] [main] [INFO] - Tomcat started on port 8080 (http) with context path '/gas-forecast'
[2026-09-17 14:07:20.806] [gas-forecast] [] [] [c.g.f.GasForecastStartupApplication] [main] [INFO] - Started GasForecastStartupApplication in 1.428 seconds (process running for 1.683)
[2026-09-17 14:07:55.921] [gas-forecast] [] [] [o.a.c.c.C.[.[.[/gas-forecast]] [http-nio-8080-exec-1] [INFO] - Initializing Spring DispatcherServlet 'dispatcherServlet'
[2026-09-17 14:07:55.922] [gas-forecast] [] [] [o.s.web.servlet.DispatcherServlet] [http-nio-8080-exec-1] [INFO] - Initializing Servlet 'dispatcherServlet'
[2026-09-17 14:07:55.923] [gas-forecast] [] [] [o.s.web.servlet.DispatcherServlet] [http-nio-8080-exec-1] [INFO] - Completed initialization in 0 ms
[2026-09-17 14:07:55.992] [gas-forecast] [] [] [c.g.forecast.common.web.WebLogAspect] [http-nio-8080-exec-2] [INFO] - Request [模型列表查询] POST /gas-forecast/model-config/listPage args={reqDTO=ModelConfigPageReqDTO[page=1, size=10, keyword=null]}
[2026-09-17 14:07:56.046] [gas-forecast] [] [] [com.zaxxer.hikari.HikariDataSource] [http-nio-8080-exec-2] [INFO] - HikariPool-1 - Starting...
[2026-09-17 14:07:56.090] [gas-forecast] [] [] [c.g.forecast.common.web.WebLogAspect] [http-nio-8080-exec-1] [INFO] - Request [获取当前登录用户权限] GET /gas-forecast/auth/permissions args={}
[2026-09-17 14:07:56.111] [gas-forecast] [] [] [com.zaxxer.hikari.pool.HikariPool] [http-nio-8080-exec-2] [INFO] - HikariPool-1 - Added connection com.mysql.cj.jdbc.ConnectionImpl@3110c00f
[2026-09-17 14:07:56.112] [gas-forecast] [] [] [com.zaxxer.hikari.HikariDataSource] [http-nio-8080-exec-2] [INFO] - HikariPool-1 - Start completed.
[2026-09-17 14:07:56.152] [gas-forecast] [] [] [c.g.forecast.common.web.WebLogAspect] [http-nio-8080-exec-2] [INFO] - Request [模型列表查询] completed in 161 ms
[2026-09-17 14:07:56.152] [gas-forecast] [] [] [c.g.forecast.common.web.WebLogAspect] [http-nio-8080-exec-1] [INFO] - Request [获取当前登录用户权限] completed in 63 ms
[2026-09-17 14:07:57.487] [gas-forecast] [] [] [c.g.forecast.common.web.WebLogAspect] [http-nio-8080-exec-4] [INFO] - Request [区域列表查询] POST /gas-forecast/base-region/listPage args={reqDTO=BaseRegionPageReqDTO[page=1, size=200, keyword=null]}
[2026-09-17 14:07:57.487] [gas-forecast] [] [] [c.g.forecast.common.web.WebLogAspect] [http-nio-8080-exec-3] [INFO] - Request [行业列表查询] POST /gas-forecast/base-industry/listPage args={reqDTO=BaseIndustryPageReqDTO[page=1, size=200, keyword=null]}
[2026-09-17 14:07:57.488] [gas-forecast] [] [] [c.g.forecast.common.web.WebLogAspect] [http-nio-8080-exec-5] [INFO] - Request [客户列表分页查询] POST /gas-forecast/base-customer/listPage args={reqDTO=BaseCustomerPageReqDTO[page=1, size=200, keyword=null]}
[2026-09-17 14:07:57.492] [gas-forecast] [] [] [c.g.forecast.common.web.WebLogAspect] [http-nio-8080-exec-3] [INFO] - Request [行业列表查询] completed in 5 ms
[2026-09-17 14:07:57.493] [gas-forecast] [] [] [c.g.forecast.common.web.WebLogAspect] [http-nio-8080-exec-4] [INFO] - Request [区域列表查询] completed in 6 ms
[2026-09-17 14:07:57.493] [gas-forecast] [] [] [c.g.forecast.common.web.WebLogAspect] [http-nio-8080-exec-5] [INFO] - Request [客户列表分页查询] completed in 5 ms
[2026-09-17 14:29:23.510] [gas-forecast] [] [] [com.zaxxer.hikari.HikariDataSource] [SpringApplicationShutdownHook] [INFO] - HikariPool-1 - Shutdown initiated...
[2026-09-17 14:29:23.512] [gas-forecast] [] [] [com.zaxxer.hikari.HikariDataSource] [SpringApplicationShutdownHook] [INFO] - HikariPool-1 - Shutdown completed.
[2026-09-17 14:29:25.618] [gas-forecast] [] [] [o.h.validator.internal.util.Version] [background-preinit] [INFO] - HV000001: Hibernate Validator 8.0.1.Final
[2026-09-17 14:29:25.628] [gas-forecast] [] [] [c.g.f.GasForecastStartupApplication] [main] [INFO] - Starting GasForecastStartupApplication using Java 21.0.11 with PID 22035 (/Users/zoujun/work/workspace/shiyou/gas-forecast/gas-forecast-startup/target/classes started by zoujun in /Users/zoujun/work/workspace/shiyou/gas-forecast)
[2026-09-17 14:29:25.629] [gas-forecast] [] [] [c.g.f.GasForecastStartupApplication] [main] [INFO] - The following 1 profile is active: "dev"
[2026-09-17 14:29:25.870] [gas-forecast] [] [] [o.s.d.r.c.RepositoryConfigurationDelegate] [main] [INFO] - Multiple Spring Data modules found, entering strict repository configuration mode
[2026-09-17 14:29:25.871] [gas-forecast] [] [] [o.s.d.r.c.RepositoryConfigurationDelegate] [main] [INFO] - Bootstrapping Spring Data Redis repositories in DEFAULT mode.
[2026-09-17 14:29:25.886] [gas-forecast] [] [] [o.s.d.r.c.RepositoryConfigurationDelegate] [main] [INFO] - Finished Spring Data repository scanning in 9 ms. Found 0 Redis repository interfaces.
[2026-09-17 14:29:26.144] [gas-forecast] [] [] [o.s.b.w.e.tomcat.TomcatWebServer] [main] [INFO] - Tomcat initialized with port 8080 (http)
[2026-09-17 14:29:26.148] [gas-forecast] [] [] [o.a.coyote.http11.Http11NioProtocol] [main] [INFO] - Initializing ProtocolHandler ["http-nio-8080"]
[2026-09-17 14:29:26.148] [gas-forecast] [] [] [o.a.catalina.core.StandardService] [main] [INFO] - Starting service [Tomcat]
[2026-09-17 14:29:26.148] [gas-forecast] [] [] [o.a.catalina.core.StandardEngine] [main] [INFO] - Starting Servlet engine: [Apache Tomcat/10.1.20]
[2026-09-17 14:29:26.164] [gas-forecast] [] [] [o.a.c.c.C.[.[.[/gas-forecast]] [main] [INFO] - Initializing Spring embedded WebApplicationContext
[2026-09-17 14:29:26.164] [gas-forecast] [] [] [o.s.b.w.s.c.ServletWebServerApplicationContext] [main] [INFO] - Root WebApplicationContext: initialization completed in 520 ms
[2026-09-17 14:29:26.805] [gas-forecast] [] [] [o.a.coyote.http11.Http11NioProtocol] [main] [INFO] - Starting ProtocolHandler ["http-nio-8080"]
[2026-09-17 14:29:26.811] [gas-forecast] [] [] [o.s.b.w.e.tomcat.TomcatWebServer] [main] [INFO] - Tomcat started on port 8080 (http) with context path '/gas-forecast'
[2026-09-17 14:29:26.815] [gas-forecast] [] [] [c.g.f.GasForecastStartupApplication] [main] [INFO] - Started GasForecastStartupApplication in 1.377 seconds (process running for 1.623)
[2026-09-17 14:29:31.467] [gas-forecast] [] [] [o.a.c.c.C.[.[.[/gas-forecast]] [http-nio-8080-exec-1] [INFO] - Initializing Spring DispatcherServlet 'dispatcherServlet'
[2026-09-17 14:29:31.468] [gas-forecast] [] [] [o.s.web.servlet.DispatcherServlet] [http-nio-8080-exec-1] [INFO] - Initializing Servlet 'dispatcherServlet'
[2026-09-17 14:29:31.468] [gas-forecast] [] [] [o.s.web.servlet.DispatcherServlet] [http-nio-8080-exec-1] [INFO] - Completed initialization in 0 ms
[2026-09-17 14:29:31.547] [gas-forecast] [] [] [c.g.forecast.common.web.WebLogAspect] [http-nio-8080-exec-2] [INFO] - Request [模型列表查询] POST /gas-forecast/model-config/listPage args={reqDTO=ModelConfigPageReqDTO[page=1, size=10, keyword=null]}
[2026-09-17 14:29:31.601] [gas-forecast] [] [] [com.zaxxer.hikari.HikariDataSource] [http-nio-8080-exec-2] [INFO] - HikariPool-1 - Starting...
[2026-09-17 14:29:31.640] [gas-forecast] [] [] [c.g.forecast.common.web.WebLogAspect] [http-nio-8080-exec-1] [INFO] - Request [获取当前登录用户权限] GET /gas-forecast/auth/permissions args={}
[2026-09-17 14:29:31.666] [gas-forecast] [] [] [com.zaxxer.hikari.pool.HikariPool] [http-nio-8080-exec-2] [INFO] - HikariPool-1 - Added connection com.mysql.cj.jdbc.ConnectionImpl@3dce27c3
[2026-09-17 14:29:31.666] [gas-forecast] [] [] [com.zaxxer.hikari.HikariDataSource] [http-nio-8080-exec-2] [INFO] - HikariPool-1 - Start completed.
[2026-09-17 14:29:31.704] [gas-forecast] [] [] [c.g.forecast.common.web.WebLogAspect] [http-nio-8080-exec-1] [INFO] - Request [获取当前登录用户权限] completed in 64 ms
[2026-09-17 14:29:31.710] [gas-forecast] [] [] [c.g.forecast.common.web.WebLogAspect] [http-nio-8080-exec-2] [INFO] - Request [模型列表查询] completed in 164 ms
[2026-09-17 14:29:33.048] [gas-forecast] [] [] [c.g.forecast.common.web.WebLogAspect] [http-nio-8080-exec-3] [INFO] - Request [区域列表查询] POST /gas-forecast/base-region/listPage args={reqDTO=BaseRegionPageReqDTO[page=1, size=200, keyword=null]}
[2026-09-17 14:29:33.049] [gas-forecast] [] [] [c.g.forecast.common.web.WebLogAspect] [http-nio-8080-exec-5] [INFO] - Request [客户列表分页查询] POST /gas-forecast/base-customer/listPage args={reqDTO=BaseCustomerPageReqDTO[page=1, size=200, keyword=null]}
[2026-09-17 14:29:33.051] [gas-forecast] [] [] [c.g.forecast.common.web.WebLogAspect] [http-nio-8080-exec-4] [INFO] - Request [行业列表查询] POST /gas-forecast/base-industry/listPage args={reqDTO=BaseIndustryPageReqDTO[page=1, size=200, keyword=null]}
[2026-09-17 14:29:33.054] [gas-forecast] [] [] [c.g.forecast.common.web.WebLogAspect] [http-nio-8080-exec-3] [INFO] - Request [区域列表查询] completed in 6 ms
[2026-09-17 14:29:33.055] [gas-forecast] [] [] [c.g.forecast.common.web.WebLogAspect] [http-nio-8080-exec-5] [INFO] - Request [客户列表分页查询] completed in 6 ms
[2026-09-17 14:29:33.056] [gas-forecast] [] [] [c.g.forecast.common.web.WebLogAspect] [http-nio-8080-exec-4] [INFO] - Request [行业列表查询] completed in 5 ms
[2026-09-17 14:34:04.121] [gas-forecast] [] [] [c.g.forecast.common.web.WebLogAspect] [http-nio-8080-exec-8] [INFO] - Request [模型列表查询] POST /gas-forecast/model-config/listPage args={reqDTO=ModelConfigPageReqDTO[page=1, size=10, keyword=null]}
[2026-09-17 14:34:04.142] [gas-forecast] [] [] [c.g.forecast.common.web.WebLogAspect] [http-nio-8080-exec-8] [INFO] - Request [模型列表查询] completed in 21 ms
[2026-09-17 14:35:59.702] [gas-forecast] [] [] [c.g.forecast.common.web.WebLogAspect] [http-nio-8080-exec-9] [INFO] - Request [模型列表查询] POST /gas-forecast/model-config/listPage args={reqDTO=ModelConfigPageReqDTO[page=1, size=10, keyword=null]}
[2026-09-17 14:35:59.721] [gas-forecast] [] [] [c.g.forecast.common.web.WebLogAspect] [http-nio-8080-exec-9] [INFO] - Request [模型列表查询] completed in 19 ms
[2026-09-17 14:37:52.527] [gas-forecast] [] [] [o.h.validator.internal.util.Version] [background-preinit] [INFO] - HV000001: Hibernate Validator 8.0.1.Final
[2026-09-17 14:37:52.537] [gas-forecast] [] [] [c.g.f.GasForecastStartupApplication] [main] [INFO] - Starting GasForecastStartupApplication using Java 21.0.11 with PID 22359 (/Users/zoujun/work/workspace/shiyou/gas-forecast/gas-forecast-startup/target/classes started by zoujun in /Users/zoujun/work/workspace/shiyou/gas-forecast)
[2026-09-17 14:37:52.537] [gas-forecast] [] [] [c.g.f.GasForecastStartupApplication] [main] [INFO] - The following 1 profile is active: "dev"
[2026-09-17 14:37:52.774] [gas-forecast] [] [] [o.s.d.r.c.RepositoryConfigurationDelegate] [main] [INFO] - Multiple Spring Data modules found, entering strict repository configuration mode
[2026-09-17 14:37:52.775] [gas-forecast] [] [] [o.s.d.r.c.RepositoryConfigurationDelegate] [main] [INFO] - Bootstrapping Spring Data Redis repositories in DEFAULT mode.
[2026-09-17 14:37:52.790] [gas-forecast] [] [] [o.s.d.r.c.RepositoryConfigurationDelegate] [main] [INFO] - Finished Spring Data repository scanning in 10 ms. Found 0 Redis repository interfaces.
[2026-09-17 14:37:53.056] [gas-forecast] [] [] [o.s.b.w.e.tomcat.TomcatWebServer] [main] [INFO] - Tomcat initialized with port 8080 (http)
[2026-09-17 14:37:53.060] [gas-forecast] [] [] [o.a.coyote.http11.Http11NioProtocol] [main] [INFO] - Initializing ProtocolHandler ["http-nio-8080"]
[2026-09-17 14:37:53.061] [gas-forecast] [] [] [o.a.catalina.core.StandardService] [main] [INFO] - Starting service [Tomcat]
[2026-09-17 14:37:53.061] [gas-forecast] [] [] [o.a.catalina.core.StandardEngine] [main] [INFO] - Starting Servlet engine: [Apache Tomcat/10.1.20]
[2026-09-17 14:37:53.077] [gas-forecast] [] [] [o.a.c.c.C.[.[.[/gas-forecast]] [main] [INFO] - Initializing Spring embedded WebApplicationContext
[2026-09-17 14:37:53.077] [gas-forecast] [] [] [o.s.b.w.s.c.ServletWebServerApplicationContext] [main] [INFO] - Root WebApplicationContext: initialization completed in 525 ms
[2026-09-17 14:37:53.718] [gas-forecast] [] [] [o.a.coyote.http11.Http11NioProtocol] [main] [INFO] - Starting ProtocolHandler ["http-nio-8080"]
[2026-09-17 14:37:53.724] [gas-forecast] [] [] [o.s.b.w.e.tomcat.TomcatWebServer] [main] [INFO] - Tomcat started on port 8080 (http) with context path '/gas-forecast'
[2026-09-17 14:37:53.728] [gas-forecast] [] [] [c.g.f.GasForecastStartupApplication] [main] [INFO] - Started GasForecastStartupApplication in 1.376 seconds (process running for 1.632)
[2026-09-17 14:38:10.870] [gas-forecast] [] [] [o.a.c.c.C.[.[.[/gas-forecast]] [http-nio-8080-exec-1] [INFO] - Initializing Spring DispatcherServlet 'dispatcherServlet'
[2026-09-17 14:38:10.870] [gas-forecast] [] [] [o.s.web.servlet.DispatcherServlet] [http-nio-8080-exec-1] [INFO] - Initializing Servlet 'dispatcherServlet'
[2026-09-17 14:38:10.871] [gas-forecast] [] [] [o.s.web.servlet.DispatcherServlet] [http-nio-8080-exec-1] [INFO] - Completed initialization in 1 ms
[2026-09-17 14:38:10.940] [gas-forecast] [] [] [c.g.forecast.common.web.WebLogAspect] [http-nio-8080-exec-2] [INFO] - Request [模型列表查询] POST /gas-forecast/model-config/listPage args={reqDTO=ModelConfigPageReqDTO[page=1, size=10, keyword=null]}
[2026-09-17 14:38:10.991] [gas-forecast] [] [] [com.zaxxer.hikari.HikariDataSource] [http-nio-8080-exec-2] [INFO] - HikariPool-1 - Starting...
[2026-09-17 14:38:11.028] [gas-forecast] [] [] [c.g.forecast.common.web.WebLogAspect] [http-nio-8080-exec-1] [INFO] - Request [获取当前登录用户权限] GET /gas-forecast/auth/permissions args={}
[2026-09-17 14:38:11.053] [gas-forecast] [] [] [com.zaxxer.hikari.pool.HikariPool] [http-nio-8080-exec-2] [INFO] - HikariPool-1 - Added connection com.mysql.cj.jdbc.ConnectionImpl@bf24022
[2026-09-17 14:38:11.053] [gas-forecast] [] [] [com.zaxxer.hikari.HikariDataSource] [http-nio-8080-exec-2] [INFO] - HikariPool-1 - Start completed.
[2026-09-17 14:38:11.091] [gas-forecast] [] [] [c.g.forecast.common.web.WebLogAspect] [http-nio-8080-exec-1] [INFO] - Request [获取当前登录用户权限] completed in 63 ms
[2026-09-17 14:38:11.094] [gas-forecast] [] [] [c.g.forecast.common.web.WebLogAspect] [http-nio-8080-exec-2] [INFO] - Request [模型列表查询] completed in 155 ms
[2026-09-17 14:38:14.501] [gas-forecast] [] [] [c.g.forecast.common.web.WebLogAspect] [http-nio-8080-exec-3] [INFO] - Request [行业列表查询] POST /gas-forecast/base-industry/listPage args={reqDTO=BaseIndustryPageReqDTO[page=1, size=200, keyword=null]}
[2026-09-17 14:38:14.501] [gas-forecast] [] [] [c.g.forecast.common.web.WebLogAspect] [http-nio-8080-exec-4] [INFO] - Request [区域列表查询] POST /gas-forecast/base-region/listPage args={reqDTO=BaseRegionPageReqDTO[page=1, size=200, keyword=null]}
[2026-09-17 14:38:14.504] [gas-forecast] [] [] [c.g.forecast.common.web.WebLogAspect] [http-nio-8080-exec-5] [INFO] - Request [客户列表分页查询] POST /gas-forecast/base-customer/listPage args={reqDTO=BaseCustomerPageReqDTO[page=1, size=200, keyword=null]}
[2026-09-17 14:38:14.508] [gas-forecast] [] [] [c.g.forecast.common.web.WebLogAspect] [http-nio-8080-exec-4] [INFO] - Request [区域列表查询] completed in 7 ms
[2026-09-17 14:38:14.510] [gas-forecast] [] [] [c.g.forecast.common.web.WebLogAspect] [http-nio-8080-exec-3] [INFO] - Request [行业列表查询] completed in 9 ms
[2026-09-17 14:38:14.510] [gas-forecast] [] [] [c.g.forecast.common.web.WebLogAspect] [http-nio-8080-exec-5] [INFO] - Request [客户列表分页查询] completed in 6 ms
[2026-09-17 14:44:30.644] [gas-forecast] [] [] [c.g.forecast.common.web.WebLogAspect] [http-nio-8080-exec-2] [INFO] - Request [模型列表查询] POST /gas-forecast/model-config/listPage args={reqDTO=ModelConfigPageReqDTO[page=1, size=10, keyword=null]}
[2026-09-17 14:44:30.668] [gas-forecast] [] [] [c.g.forecast.common.web.WebLogAspect] [http-nio-8080-exec-2] [INFO] - Request [模型列表查询] completed in 24 ms
[2026-09-17 14:46:25.922] [gas-forecast] [] [] [c.g.forecast.common.web.WebLogAspect] [http-nio-8080-exec-4] [INFO] - Request [获取当前登录用户权限] GET /gas-forecast/auth/permissions args={}
[2026-09-17 14:46:25.941] [gas-forecast] [] [] [c.g.forecast.common.web.WebLogAspect] [http-nio-8080-exec-4] [INFO] - Request [获取当前登录用户权限] completed in 19 ms
[2026-09-17 14:46:25.961] [gas-forecast] [] [] [c.g.forecast.common.web.WebLogAspect] [http-nio-8080-exec-3] [INFO] - Request [模型列表查询] POST /gas-forecast/model-config/listPage args={reqDTO=ModelConfigPageReqDTO[page=1, size=10, keyword=null]}
[2026-09-17 14:46:25.975] [gas-forecast] [] [] [c.g.forecast.common.web.WebLogAspect] [http-nio-8080-exec-3] [INFO] - Request [模型列表查询] completed in 14 ms
[2026-09-17 14:46:26.454] [gas-forecast] [] [] [c.g.forecast.common.web.WebLogAspect] [http-nio-8080-exec-5] [INFO] - Request [获取当前登录用户权限] GET /gas-forecast/auth/permissions args={}
[2026-09-17 14:46:26.462] [gas-forecast] [] [] [c.g.forecast.common.web.WebLogAspect] [http-nio-8080-exec-5] [INFO] - Request [获取当前登录用户权限] completed in 8 ms
[2026-09-17 14:46:26.475] [gas-forecast] [] [] [c.g.forecast.common.web.WebLogAspect] [http-nio-8080-exec-6] [INFO] - Request [模型列表查询] POST /gas-forecast/model-config/listPage args={reqDTO=ModelConfigPageReqDTO[page=1, size=10, keyword=null]}
[2026-09-17 14:46:26.484] [gas-forecast] [] [] [c.g.forecast.common.web.WebLogAspect] [http-nio-8080-exec-6] [INFO] - Request [模型列表查询] completed in 9 ms
[2026-09-17 14:46:28.392] [gas-forecast] [] [] [c.g.forecast.common.web.WebLogAspect] [http-nio-8080-exec-9] [INFO] - Request [客户列表分页查询] POST /gas-forecast/base-customer/listPage args={reqDTO=BaseCustomerPageReqDTO[page=1, size=200, keyword=null]}
[2026-09-17 14:46:28.392] [gas-forecast] [] [] [c.g.forecast.common.web.WebLogAspect] [http-nio-8080-exec-7] [INFO] - Request [区域列表查询] POST /gas-forecast/base-region/listPage args={reqDTO=BaseRegionPageReqDTO[page=1, size=200, keyword=null]}
[2026-09-17 14:46:28.392] [gas-forecast] [] [] [c.g.forecast.common.web.WebLogAspect] [http-nio-8080-exec-8] [INFO] - Request [行业列表查询] POST /gas-forecast/base-industry/listPage args={reqDTO=BaseIndustryPageReqDTO[page=1, size=200, keyword=null]}
[2026-09-17 14:46:28.396] [gas-forecast] [] [] [c.g.forecast.common.web.WebLogAspect] [http-nio-8080-exec-8] [INFO] - Request [行业列表查询] completed in 4 ms
[2026-09-17 14:46:28.397] [gas-forecast] [] [] [c.g.forecast.common.web.WebLogAspect] [http-nio-8080-exec-7] [INFO] - Request [区域列表查询] completed in 5 ms
[2026-09-17 14:46:28.397] [gas-forecast] [] [] [c.g.forecast.common.web.WebLogAspect] [http-nio-8080-exec-9] [INFO] - Request [客户列表分页查询] completed in 5 ms
[2026-09-17 14:46:39.219] [gas-forecast] [] [] [c.g.forecast.common.web.WebLogAspect] [http-nio-8080-exec-2] [INFO] - Request [区域列表查询] POST /gas-forecast/base-region/listPage args={reqDTO=BaseRegionPageReqDTO[page=1, size=10, keyword=null]}
[2026-09-17 14:46:39.224] [gas-forecast] [] [] [c.g.forecast.common.web.WebLogAspect] [http-nio-8080-exec-2] [INFO] - Request [区域列表查询] completed in 5 ms
[2026-09-17 14:46:42.098] [gas-forecast] [] [] [c.g.forecast.common.web.WebLogAspect] [http-nio-8080-exec-4] [INFO] - Request [行业列表查询] POST /gas-forecast/base-industry/listPage args={reqDTO=BaseIndustryPageReqDTO[page=1, size=10, keyword=null]}
[2026-09-17 14:46:42.101] [gas-forecast] [] [] [c.g.forecast.common.web.WebLogAspect] [http-nio-8080-exec-4] [INFO] - Request [行业列表查询] completed in 3 ms
[2026-09-17 14:46:46.143] [gas-forecast] [] [] [c.g.forecast.common.web.WebLogAspect] [http-nio-8080-exec-3] [INFO] - Request [日销量标准数据分页查询] POST /gas-forecast/data-daily-sales/listPage args={reqDTO=DataSalesPageReqDTO[page=1, size=10, keyword=null, startDate=null, endDate=null]}
[2026-09-17 14:46:46.179] [gas-forecast] [] [] [c.g.forecast.common.web.WebLogAspect] [http-nio-8080-exec-3] [INFO] - Request [日销量标准数据分页查询] completed in 38 ms
[2026-09-17 14:46:50.693] [gas-forecast] [] [] [c.g.forecast.common.web.WebLogAspect] [http-nio-8080-exec-5] [INFO] - Request [月销量标准数据分页查询] POST /gas-forecast/data-monthly-sales/listPage args={reqDTO=DataSalesPageReqDTO[page=1, size=10, keyword=null, startDate=null, endDate=null]}
[2026-09-17 14:46:50.700] [gas-forecast] [] [] [c.g.forecast.common.web.WebLogAspect] [http-nio-8080-exec-5] [INFO] - Request [月销量标准数据分页查询] completed in 7 ms
[2026-09-17 14:48:01.325] [gas-forecast] [] [] [c.g.forecast.common.web.WebLogAspect] [http-nio-8080-exec-6] [INFO] - Request [模型列表查询] POST /gas-forecast/model-config/listPage args={reqDTO=ModelConfigPageReqDTO[page=1, size=10, keyword=null]}
[2026-09-17 14:48:01.349] [gas-forecast] [] [] [c.g.forecast.common.web.WebLogAspect] [http-nio-8080-exec-6] [INFO] - Request [模型列表查询] completed in 24 ms
[2026-09-17 14:48:06.078] [gas-forecast] [] [] [c.g.forecast.common.web.WebLogAspect] [http-nio-8080-exec-9] [INFO] - Request [客户列表分页查询] POST /gas-forecast/base-customer/listPage args={reqDTO=BaseCustomerPageReqDTO[page=1, size=200, keyword=null]}
[2026-09-17 14:48:06.078] [gas-forecast] [] [] [c.g.forecast.common.web.WebLogAspect] [http-nio-8080-exec-8] [INFO] - Request [行业列表查询] POST /gas-forecast/base-industry/listPage args={reqDTO=BaseIndustryPageReqDTO[page=1, size=200, keyword=null]}
[2026-09-17 14:48:06.079] [gas-forecast] [] [] [c.g.forecast.common.web.WebLogAspect] [http-nio-8080-exec-7] [INFO] - Request [区域列表查询] POST /gas-forecast/base-region/listPage args={reqDTO=BaseRegionPageReqDTO[page=1, size=200, keyword=null]}
[2026-09-17 14:48:06.082] [gas-forecast] [] [] [c.g.forecast.common.web.WebLogAspect] [http-nio-8080-exec-8] [INFO] - Request [行业列表查询] completed in 4 ms
[2026-09-17 14:48:06.082] [gas-forecast] [] [] [c.g.forecast.common.web.WebLogAspect] [http-nio-8080-exec-9] [INFO] - Request [客户列表分页查询] completed in 4 ms
[2026-09-17 14:48:06.085] [gas-forecast] [] [] [c.g.forecast.common.web.WebLogAspect] [http-nio-8080-exec-7] [INFO] - Request [区域列表查询] completed in 6 ms
[2026-09-17 15:07:34.332] [gas-forecast] [] [] [o.h.validator.internal.util.Version] [background-preinit] [INFO] - HV000001: Hibernate Validator 8.0.1.Final
[2026-09-17 15:07:34.343] [gas-forecast] [] [] [c.g.f.GasForecastStartupApplication] [main] [INFO] - Starting GasForecastStartupApplication using Java 21.0.11 with PID 23514 (/Users/zoujun/work/workspace/shiyou/gas-forecast/gas-forecast-startup/target/classes started by zoujun in /Users/zoujun/work/workspace/shiyou/gas-forecast)
[2026-09-17 15:07:34.343] [gas-forecast] [] [] [c.g.f.GasForecastStartupApplication] [main] [INFO] - The following 1 profile is active: "dev"
[2026-09-17 15:07:34.604] [gas-forecast] [] [] [o.s.d.r.c.RepositoryConfigurationDelegate] [main] [INFO] - Multiple Spring Data modules found, entering strict repository configuration mode
[2026-09-17 15:07:34.605] [gas-forecast] [] [] [o.s.d.r.c.RepositoryConfigurationDelegate] [main] [INFO] - Bootstrapping Spring Data Redis repositories in DEFAULT mode.
[2026-09-17 15:07:34.622] [gas-forecast] [] [] [o.s.d.r.c.RepositoryConfigurationDelegate] [main] [INFO] - Finished Spring Data repository scanning in 10 ms. Found 0 Redis repository interfaces.
[2026-09-17 15:07:34.886] [gas-forecast] [] [] [o.s.b.w.e.tomcat.TomcatWebServer] [main] [INFO] - Tomcat initialized with port 8080 (http)
[2026-09-17 15:07:34.890] [gas-forecast] [] [] [o.a.coyote.http11.Http11NioProtocol] [main] [INFO] - Initializing ProtocolHandler ["http-nio-8080"]
[2026-09-17 15:07:34.891] [gas-forecast] [] [] [o.a.catalina.core.StandardService] [main] [INFO] - Starting service [Tomcat]
[2026-09-17 15:07:34.891] [gas-forecast] [] [] [o.a.catalina.core.StandardEngine] [main] [INFO] - Starting Servlet engine: [Apache Tomcat/10.1.20]
[2026-09-17 15:07:34.907] [gas-forecast] [] [] [o.a.c.c.C.[.[.[/gas-forecast]] [main] [INFO] - Initializing Spring embedded WebApplicationContext
[2026-09-17 15:07:34.907] [gas-forecast] [] [] [o.s.b.w.s.c.ServletWebServerApplicationContext] [main] [INFO] - Root WebApplicationContext: initialization completed in 544 ms
[2026-09-17 15:07:35.548] [gas-forecast] [] [] [o.a.coyote.http11.Http11NioProtocol] [main] [INFO] - Starting ProtocolHandler ["http-nio-8080"]
[2026-09-17 15:07:35.554] [gas-forecast] [] [] [o.s.b.w.e.tomcat.TomcatWebServer] [main] [INFO] - Tomcat started on port 8080 (http) with context path '/gas-forecast'
[2026-09-17 15:07:35.558] [gas-forecast] [] [] [c.g.f.GasForecastStartupApplication] [main] [INFO] - Started GasForecastStartupApplication in 1.408 seconds (process running for 1.663)
[2026-09-17 15:08:32.015] [gas-forecast] [] [] [o.a.c.c.C.[.[.[/gas-forecast]] [http-nio-8080-exec-1] [INFO] - Initializing Spring DispatcherServlet 'dispatcherServlet'
[2026-09-17 15:08:32.015] [gas-forecast] [] [] [o.s.web.servlet.DispatcherServlet] [http-nio-8080-exec-1] [INFO] - Initializing Servlet 'dispatcherServlet'
[2026-09-17 15:08:32.016] [gas-forecast] [] [] [o.s.web.servlet.DispatcherServlet] [http-nio-8080-exec-1] [INFO] - Completed initialization in 1 ms
[2026-09-17 15:08:32.085] [gas-forecast] [] [] [c.g.forecast.common.web.WebLogAspect] [http-nio-8080-exec-2] [INFO] - Request [模型列表查询] POST /gas-forecast/model-config/listPage args={reqDTO=ModelConfigPageReqDTO[page=1, size=10, keyword=null]}
[2026-09-17 15:08:32.133] [gas-forecast] [] [] [com.zaxxer.hikari.HikariDataSource] [http-nio-8080-exec-2] [INFO] - HikariPool-1 - Starting...
[2026-09-17 15:08:32.178] [gas-forecast] [] [] [c.g.forecast.common.web.WebLogAspect] [http-nio-8080-exec-1] [INFO] - Request [获取当前登录用户权限] GET /gas-forecast/auth/permissions args={}
[2026-09-17 15:08:32.200] [gas-forecast] [] [] [com.zaxxer.hikari.pool.HikariPool] [http-nio-8080-exec-2] [INFO] - HikariPool-1 - Added connection com.mysql.cj.jdbc.ConnectionImpl@6d59fc34
[2026-09-17 15:08:32.200] [gas-forecast] [] [] [com.zaxxer.hikari.HikariDataSource] [http-nio-8080-exec-2] [INFO] - HikariPool-1 - Start completed.
[2026-09-17 15:08:32.237] [gas-forecast] [] [] [c.g.forecast.common.web.WebLogAspect] [http-nio-8080-exec-1] [INFO] - Request [获取当前登录用户权限] completed in 59 ms
[2026-09-17 15:08:32.241] [gas-forecast] [] [] [c.g.forecast.common.web.WebLogAspect] [http-nio-8080-exec-2] [INFO] - Request [模型列表查询] completed in 156 ms
[2026-09-17 15:08:33.976] [gas-forecast] [] [] [c.g.forecast.common.web.WebLogAspect] [http-nio-8080-exec-3] [INFO] - Request [行业列表查询] POST /gas-forecast/base-industry/listPage args={reqDTO=BaseIndustryPageReqDTO[page=1, size=200, keyword=null]}
[2026-09-17 15:08:33.976] [gas-forecast] [] [] [c.g.forecast.common.web.WebLogAspect] [http-nio-8080-exec-5] [INFO] - Request [客户列表分页查询] POST /gas-forecast/base-customer/listPage args={reqDTO=BaseCustomerPageReqDTO[page=1, size=200, keyword=null]}
[2026-09-17 15:08:33.976] [gas-forecast] [] [] [c.g.forecast.common.web.WebLogAspect] [http-nio-8080-exec-4] [INFO] - Request [区域列表查询] POST /gas-forecast/base-region/listPage args={reqDTO=BaseRegionPageReqDTO[page=1, size=200, keyword=null]}
[2026-09-17 15:08:33.982] [gas-forecast] [] [] [c.g.forecast.common.web.WebLogAspect] [http-nio-8080-exec-4] [INFO] - Request [区域列表查询] completed in 6 ms
[2026-09-17 15:08:33.982] [gas-forecast] [] [] [c.g.forecast.common.web.WebLogAspect] [http-nio-8080-exec-3] [INFO] - Request [行业列表查询] completed in 6 ms
[2026-09-17 15:08:33.982] [gas-forecast] [] [] [c.g.forecast.common.web.WebLogAspect] [http-nio-8080-exec-5] [INFO] - Request [客户列表分页查询] completed in 6 ms
[2026-09-17 15:14:52.097] [gas-forecast] [] [] [c.g.forecast.common.web.WebLogAspect] [http-nio-8080-exec-7] [INFO] - Request [模型列表查询] POST /gas-forecast/model-config/listPage args={reqDTO=ModelConfigPageReqDTO[page=1, size=10, keyword=null]}
[2026-09-17 15:14:52.120] [gas-forecast] [] [] [c.g.forecast.common.web.WebLogAspect] [http-nio-8080-exec-7] [INFO] - Request [模型列表查询] completed in 23 ms
[2026-09-17 15:16:45.234] [gas-forecast] [] [] [com.zaxxer.hikari.HikariDataSource] [SpringApplicationShutdownHook] [INFO] - HikariPool-1 - Shutdown initiated...
[2026-09-17 15:16:45.236] [gas-forecast] [] [] [com.zaxxer.hikari.HikariDataSource] [SpringApplicationShutdownHook] [INFO] - HikariPool-1 - Shutdown completed.
[2026-09-17 15:16:46.337] [gas-forecast] [] [] [o.h.validator.internal.util.Version] [background-preinit] [INFO] - HV000001: Hibernate Validator 8.0.1.Final
[2026-09-17 15:16:46.347] [gas-forecast] [] [] [c.g.f.GasForecastStartupApplication] [main] [INFO] - Starting GasForecastStartupApplication using Java 21.0.11 with PID 24878 (/Users/zoujun/work/workspace/shiyou/gas-forecast/gas-forecast-startup/target/classes started by zoujun in /Users/zoujun/work/workspace/shiyou/gas-forecast)
[2026-09-17 15:16:46.347] [gas-forecast] [] [] [c.g.f.GasForecastStartupApplication] [main] [INFO] - The following 1 profile is active: "dev"
[2026-09-17 15:16:46.607] [gas-forecast] [] [] [o.s.d.r.c.RepositoryConfigurationDelegate] [main] [INFO] - Multiple Spring Data modules found, entering strict repository configuration mode
[2026-09-17 15:16:46.608] [gas-forecast] [] [] [o.s.d.r.c.RepositoryConfigurationDelegate] [main] [INFO] - Bootstrapping Spring Data Redis repositories in DEFAULT mode.
[2026-09-17 15:16:46.623] [gas-forecast] [] [] [o.s.d.r.c.RepositoryConfigurationDelegate] [main] [INFO] - Finished Spring Data repository scanning in 9 ms. Found 0 Redis repository interfaces.
[2026-09-17 15:16:46.892] [gas-forecast] [] [] [o.s.b.w.e.tomcat.TomcatWebServer] [main] [INFO] - Tomcat initialized with port 8080 (http)
[2026-09-17 15:16:46.896] [gas-forecast] [] [] [o.a.coyote.http11.Http11NioProtocol] [main] [INFO] - Initializing ProtocolHandler ["http-nio-8080"]
[2026-09-17 15:16:46.897] [gas-forecast] [] [] [o.a.catalina.core.StandardService] [main] [INFO] - Starting service [Tomcat]
[2026-09-17 15:16:46.897] [gas-forecast] [] [] [o.a.catalina.core.StandardEngine] [main] [INFO] - Starting Servlet engine: [Apache Tomcat/10.1.20]
[2026-09-17 15:16:46.913] [gas-forecast] [] [] [o.a.c.c.C.[.[.[/gas-forecast]] [main] [INFO] - Initializing Spring embedded WebApplicationContext
[2026-09-17 15:16:46.914] [gas-forecast] [] [] [o.s.b.w.s.c.ServletWebServerApplicationContext] [main] [INFO] - Root WebApplicationContext: initialization completed in 551 ms
[2026-09-17 15:16:47.573] [gas-forecast] [] [] [o.a.coyote.http11.Http11NioProtocol] [main] [INFO] - Starting ProtocolHandler ["http-nio-8080"]
[2026-09-17 15:16:47.580] [gas-forecast] [] [] [o.s.b.w.e.tomcat.TomcatWebServer] [main] [INFO] - Tomcat started on port 8080 (http) with context path '/gas-forecast'
[2026-09-17 15:16:47.584] [gas-forecast] [] [] [c.g.f.GasForecastStartupApplication] [main] [INFO] - Started GasForecastStartupApplication in 1.431 seconds (process running for 1.681)
[2026-09-17 15:23:32.658] [gas-forecast] [] [] [o.a.c.c.C.[.[.[/gas-forecast]] [http-nio-8080-exec-1] [INFO] - Initializing Spring DispatcherServlet 'dispatcherServlet'
[2026-09-17 15:23:32.658] [gas-forecast] [] [] [o.s.web.servlet.DispatcherServlet] [http-nio-8080-exec-1] [INFO] - Initializing Servlet 'dispatcherServlet'
[2026-09-17 15:23:32.659] [gas-forecast] [] [] [o.s.web.servlet.DispatcherServlet] [http-nio-8080-exec-1] [INFO] - Completed initialization in 1 ms
[2026-09-17 15:23:32.728] [gas-forecast] [] [] [c.g.forecast.common.web.WebLogAspect] [http-nio-8080-exec-2] [INFO] - Request [模型列表查询] POST /gas-forecast/model-config/listPage args={reqDTO=ModelConfigPageReqDTO[page=1, size=10, keyword=null]}
[2026-09-17 15:23:32.779] [gas-forecast] [] [] [com.zaxxer.hikari.HikariDataSource] [http-nio-8080-exec-2] [INFO] - HikariPool-1 - Starting...
[2026-09-17 15:23:32.822] [gas-forecast] [] [] [c.g.forecast.common.web.WebLogAspect] [http-nio-8080-exec-1] [INFO] - Request [获取当前登录用户权限] GET /gas-forecast/auth/permissions args={}
[2026-09-17 15:23:32.844] [gas-forecast] [] [] [com.zaxxer.hikari.pool.HikariPool] [http-nio-8080-exec-2] [INFO] - HikariPool-1 - Added connection com.mysql.cj.jdbc.ConnectionImpl@2407e0a5
[2026-09-17 15:23:32.844] [gas-forecast] [] [] [com.zaxxer.hikari.HikariDataSource] [http-nio-8080-exec-2] [INFO] - HikariPool-1 - Start completed.
[2026-09-17 15:23:32.880] [gas-forecast] [] [] [c.g.forecast.common.web.WebLogAspect] [http-nio-8080-exec-1] [INFO] - Request [获取当前登录用户权限] completed in 58 ms
[2026-09-17 15:23:32.882] [gas-forecast] [] [] [c.g.forecast.common.web.WebLogAspect] [http-nio-8080-exec-2] [INFO] - Request [模型列表查询] completed in 155 ms
[2026-09-17 15:23:33.201] [gas-forecast] [] [] [c.g.forecast.common.web.WebLogAspect] [http-nio-8080-exec-3] [INFO] - Request [获取当前登录用户权限] GET /gas-forecast/auth/permissions args={}
[2026-09-17 15:23:33.212] [gas-forecast] [] [] [c.g.forecast.common.web.WebLogAspect] [http-nio-8080-exec-3] [INFO] - Request [获取当前登录用户权限] completed in 11 ms
[2026-09-17 15:23:33.220] [gas-forecast] [] [] [c.g.forecast.common.web.WebLogAspect] [http-nio-8080-exec-4] [INFO] - Request [模型列表查询] POST /gas-forecast/model-config/listPage args={reqDTO=ModelConfigPageReqDTO[page=1, size=10, keyword=null]}
[2026-09-17 15:23:33.235] [gas-forecast] [] [] [c.g.forecast.common.web.WebLogAspect] [http-nio-8080-exec-4] [INFO] - Request [模型列表查询] completed in 15 ms
[2026-09-17 15:23:34.841] [gas-forecast] [] [] [c.g.forecast.common.web.WebLogAspect] [http-nio-8080-exec-5] [INFO] - Request [行业列表查询] POST /gas-forecast/base-industry/listPage args={reqDTO=BaseIndustryPageReqDTO[page=1, size=200, keyword=null]}
[2026-09-17 15:23:34.841] [gas-forecast] [] [] [c.g.forecast.common.web.WebLogAspect] [http-nio-8080-exec-6] [INFO] - Request [区域列表查询] POST /gas-forecast/base-region/listPage args={reqDTO=BaseRegionPageReqDTO[page=1, size=200, keyword=null]}
[2026-09-17 15:23:34.841] [gas-forecast] [] [] [c.g.forecast.common.web.WebLogAspect] [http-nio-8080-exec-7] [INFO] - Request [客户列表分页查询] POST /gas-forecast/base-customer/listPage args={reqDTO=BaseCustomerPageReqDTO[page=1, size=200, keyword=null]}
[2026-09-17 15:23:34.849] [gas-forecast] [] [] [c.g.forecast.common.web.WebLogAspect] [http-nio-8080-exec-5] [INFO] - Request [行业列表查询] completed in 8 ms
[2026-09-17 15:23:34.849] [gas-forecast] [] [] [c.g.forecast.common.web.WebLogAspect] [http-nio-8080-exec-7] [INFO] - Request [客户列表分页查询] completed in 8 ms
[2026-09-17 15:23:34.849] [gas-forecast] [] [] [c.g.forecast.common.web.WebLogAspect] [http-nio-8080-exec-6] [INFO] - Request [区域列表查询] completed in 8 ms
[2026-09-17 15:32:21.508] [gas-forecast] [] [] [c.g.forecast.common.web.WebLogAspect] [http-nio-8080-exec-1] [INFO] - Request [获取当前登录用户权限] GET /gas-forecast/auth/permissions args={}
[2026-09-17 15:32:21.538] [gas-forecast] [] [] [c.g.forecast.common.web.WebLogAspect] [http-nio-8080-exec-1] [INFO] - Request [获取当前登录用户权限] completed in 30 ms
[2026-09-17 15:32:21.551] [gas-forecast] [] [] [c.g.forecast.common.web.WebLogAspect] [http-nio-8080-exec-2] [INFO] - Request [模型列表查询] POST /gas-forecast/model-config/listPage args={reqDTO=ModelConfigPageReqDTO[page=1, size=10, keyword=null]}
[2026-09-17 15:32:21.563] [gas-forecast] [] [] [c.g.forecast.common.web.WebLogAspect] [http-nio-8080-exec-2] [INFO] - Request [模型列表查询] completed in 12 ms
[2026-09-17 15:32:26.281] [gas-forecast] [] [] [c.g.forecast.common.web.WebLogAspect] [http-nio-8080-exec-3] [INFO] - Request [区域列表查询] POST /gas-forecast/base-region/listPage args={reqDTO=BaseRegionPageReqDTO[page=1, size=200, keyword=null]}
[2026-09-17 15:32:26.281] [gas-forecast] [] [] [c.g.forecast.common.web.WebLogAspect] [http-nio-8080-exec-4] [INFO] - Request [行业列表查询] POST /gas-forecast/base-industry/listPage args={reqDTO=BaseIndustryPageReqDTO[page=1, size=200, keyword=null]}
[2026-09-17 15:32:26.282] [gas-forecast] [] [] [c.g.forecast.common.web.WebLogAspect] [http-nio-8080-exec-5] [INFO] - Request [客户列表分页查询] POST /gas-forecast/base-customer/listPage args={reqDTO=BaseCustomerPageReqDTO[page=1, size=200, keyword=null]}
[2026-09-17 15:32:26.285] [gas-forecast] [] [] [c.g.forecast.common.web.WebLogAspect] [http-nio-8080-exec-3] [INFO] - Request [区域列表查询] completed in 4 ms
[2026-09-17 15:32:26.286] [gas-forecast] [] [] [c.g.forecast.common.web.WebLogAspect] [http-nio-8080-exec-5] [INFO] - Request [客户列表分页查询] completed in 4 ms
[2026-09-17 15:32:26.288] [gas-forecast] [] [] [c.g.forecast.common.web.WebLogAspect] [http-nio-8080-exec-4] [INFO] - Request [行业列表查询] completed in 7 ms
[2026-09-17 15:33:31.211] [gas-forecast] [] [] [c.g.forecast.common.web.WebLogAspect] [http-nio-8080-exec-2] [INFO] - Request [获取当前登录用户权限] GET /gas-forecast/auth/permissions args={}
[2026-09-17 15:33:31.219] [gas-forecast] [] [] [c.g.forecast.common.web.WebLogAspect] [http-nio-8080-exec-2] [INFO] - Request [获取当前登录用户权限] completed in 8 ms
[2026-09-17 15:33:31.230] [gas-forecast] [] [] [c.g.forecast.common.web.WebLogAspect] [http-nio-8080-exec-5] [INFO] - Request [模型列表查询] POST /gas-forecast/model-config/listPage args={reqDTO=ModelConfigPageReqDTO[page=1, size=10, keyword=null]}
[2026-09-17 15:33:31.241] [gas-forecast] [] [] [c.g.forecast.common.web.WebLogAspect] [http-nio-8080-exec-5] [INFO] - Request [模型列表查询] completed in 11 ms
[2026-09-17 15:33:32.843] [gas-forecast] [] [] [c.g.forecast.common.web.WebLogAspect] [http-nio-8080-exec-3] [INFO] - Request [行业列表查询] POST /gas-forecast/base-industry/listPage args={reqDTO=BaseIndustryPageReqDTO[page=1, size=200, keyword=null]}
[2026-09-17 15:33:32.843] [gas-forecast] [] [] [c.g.forecast.common.web.WebLogAspect] [http-nio-8080-exec-6] [INFO] - Request [客户列表分页查询] POST /gas-forecast/base-customer/listPage args={reqDTO=BaseCustomerPageReqDTO[page=1, size=200, keyword=null]}
[2026-09-17 15:33:32.843] [gas-forecast] [] [] [c.g.forecast.common.web.WebLogAspect] [http-nio-8080-exec-4] [INFO] - Request [区域列表查询] POST /gas-forecast/base-region/listPage args={reqDTO=BaseRegionPageReqDTO[page=1, size=200, keyword=null]}
[2026-09-17 15:33:32.847] [gas-forecast] [] [] [c.g.forecast.common.web.WebLogAspect] [http-nio-8080-exec-3] [INFO] - Request [行业列表查询] completed in 4 ms
[2026-09-17 15:33:32.848] [gas-forecast] [] [] [c.g.forecast.common.web.WebLogAspect] [http-nio-8080-exec-6] [INFO] - Request [客户列表分页查询] completed in 5 ms
[2026-09-17 15:33:32.848] [gas-forecast] [] [] [c.g.forecast.common.web.WebLogAspect] [http-nio-8080-exec-4] [INFO] - Request [区域列表查询] completed in 5 ms
[2026-09-17 15:34:09.702] [gas-forecast] [] [] [c.g.forecast.common.web.WebLogAspect] [http-nio-8080-exec-10] [INFO] - Request [模型列表查询] POST /gas-forecast/model-config/listPage args={reqDTO=ModelConfigPageReqDTO[page=1, size=10, keyword=null]}
[2026-09-17 15:34:09.716] [gas-forecast] [] [] [c.g.forecast.common.web.WebLogAspect] [http-nio-8080-exec-10] [INFO] - Request [模型列表查询] completed in 14 ms
[2026-09-17 15:37:06.076] [gas-forecast] [] [] [c.g.forecast.common.web.WebLogAspect] [http-nio-8080-exec-1] [INFO] - Request [获取当前登录用户权限] GET /gas-forecast/auth/permissions args={}
[2026-09-17 15:37:06.095] [gas-forecast] [] [] [c.g.forecast.common.web.WebLogAspect] [http-nio-8080-exec-1] [INFO] - Request [获取当前登录用户权限] completed in 19 ms
[2026-09-17 15:37:06.098] [gas-forecast] [] [] [c.g.forecast.common.web.WebLogAspect] [http-nio-8080-exec-2] [INFO] - Request [模型列表查询] POST /gas-forecast/model-config/listPage args={reqDTO=ModelConfigPageReqDTO[page=1, size=10, keyword=null]}
[2026-09-17 15:37:06.110] [gas-forecast] [] [] [c.g.forecast.common.web.WebLogAspect] [http-nio-8080-exec-2] [INFO] - Request [模型列表查询] completed in 13 ms
[2026-09-17 15:37:07.109] [gas-forecast] [] [] [c.g.forecast.common.web.WebLogAspect] [http-nio-8080-exec-5] [INFO] - Request [区域列表查询] POST /gas-forecast/base-region/listPage args={reqDTO=BaseRegionPageReqDTO[page=1, size=200, keyword=null]}
[2026-09-17 15:37:07.109] [gas-forecast] [] [] [c.g.forecast.common.web.WebLogAspect] [http-nio-8080-exec-3] [INFO] - Request [行业列表查询] POST /gas-forecast/base-industry/listPage args={reqDTO=BaseIndustryPageReqDTO[page=1, size=200, keyword=null]}
[2026-09-17 15:37:07.109] [gas-forecast] [] [] [c.g.forecast.common.web.WebLogAspect] [http-nio-8080-exec-6] [INFO] - Request [客户列表分页查询] POST /gas-forecast/base-customer/listPage args={reqDTO=BaseCustomerPageReqDTO[page=1, size=200, keyword=null]}
[2026-09-17 15:37:07.114] [gas-forecast] [] [] [c.g.forecast.common.web.WebLogAspect] [http-nio-8080-exec-5] [INFO] - Request [区域列表查询] completed in 6 ms
[2026-09-17 15:37:07.114] [gas-forecast] [] [] [c.g.forecast.common.web.WebLogAspect] [http-nio-8080-exec-3] [INFO] - Request [行业列表查询] completed in 5 ms
[2026-09-17 15:37:07.118] [gas-forecast] [] [] [c.g.forecast.common.web.WebLogAspect] [http-nio-8080-exec-6] [INFO] - Request [客户列表分页查询] completed in 9 ms
[2026-09-17 16:11:49.731] [gas-forecast] [] [] [c.g.forecast.common.web.WebLogAspect] [http-nio-8080-exec-9] [INFO] - Request [获取当前登录用户权限] GET /gas-forecast/auth/permissions args={}
[2026-09-17 16:11:49.751] [gas-forecast] [] [] [c.g.forecast.common.web.WebLogAspect] [http-nio-8080-exec-9] [INFO] - Request [获取当前登录用户权限] completed in 20 ms
[2026-09-17 16:11:49.778] [gas-forecast] [] [] [c.g.forecast.common.web.WebLogAspect] [http-nio-8080-exec-10] [INFO] - Request [模型列表查询] POST /gas-forecast/model-config/listPage args={reqDTO=ModelConfigPageReqDTO[page=1, size=10, keyword=null]}
[2026-09-17 16:11:49.788] [gas-forecast] [] [] [c.g.forecast.common.web.WebLogAspect] [http-nio-8080-exec-10] [INFO] - Request [模型列表查询] completed in 10 ms
[2026-09-17 16:13:14.759] [gas-forecast] [] [] [c.g.forecast.common.web.WebLogAspect] [http-nio-8080-exec-1] [INFO] - Request [获取当前登录用户权限] GET /gas-forecast/auth/permissions args={}
[2026-09-17 16:13:14.765] [gas-forecast] [] [] [c.g.forecast.common.web.WebLogAspect] [http-nio-8080-exec-1] [INFO] - Request [获取当前登录用户权限] completed in 6 ms
[2026-09-17 16:13:14.797] [gas-forecast] [] [] [c.g.forecast.common.web.WebLogAspect] [http-nio-8080-exec-2] [INFO] - Request [模型列表查询] POST /gas-forecast/model-config/listPage args={reqDTO=ModelConfigPageReqDTO[page=1, size=10, keyword=null]}
[2026-09-17 16:13:14.808] [gas-forecast] [] [] [c.g.forecast.common.web.WebLogAspect] [http-nio-8080-exec-2] [INFO] - Request [模型列表查询] completed in 11 ms
[2026-09-17 16:48:49.046] [gas-forecast] [] [] [c.g.forecast.common.web.WebLogAspect] [http-nio-8080-exec-5] [INFO] - Request [训练特征数据列表查询] POST /gas-forecast/model-train-feature-data/listPage args={reqDTO=ModelTrainFeatureDataPageReqDTO[page=1, size=10, keyword=null]}
[2026-09-17 16:48:49.104] [gas-forecast] [] [] [c.g.forecast.common.web.WebLogAspect] [http-nio-8080-exec-5] [INFO] - Request [训练特征数据列表查询] completed in 58 ms
[2026-09-17 16:48:49.938] [gas-forecast] [] [] [c.g.forecast.common.web.WebLogAspect] [http-nio-8080-exec-3] [INFO] - Request [特征定义列表查询] POST /gas-forecast/model-feature-definition/listPage args={reqDTO=ModelFeatureDefinitionPageReqDTO[page=1, size=10, keyword=null]}
[2026-09-17 16:48:49.947] [gas-forecast] [] [] [c.g.forecast.common.web.WebLogAspect] [http-nio-8080-exec-3] [INFO] - Request [特征定义列表查询] completed in 10 ms
[2026-09-17 16:48:50.628] [gas-forecast] [] [] [c.g.forecast.common.web.WebLogAspect] [http-nio-8080-exec-6] [INFO] - Request [模型列表查询] POST /gas-forecast/model-config/listPage args={reqDTO=ModelConfigPageReqDTO[page=1, size=10, keyword=null]}
[2026-09-17 16:48:50.638] [gas-forecast] [] [] [c.g.forecast.common.web.WebLogAspect] [http-nio-8080-exec-6] [INFO] - Request [模型列表查询] completed in 10 ms
[2026-09-17 17:14:40.900] [gas-forecast] [] [] [c.g.forecast.common.web.WebLogAspect] [http-nio-8080-exec-7] [INFO] - Request [行业列表查询] POST /gas-forecast/base-industry/listPage args={reqDTO=BaseIndustryPageReqDTO[page=1, size=200, keyword=null]}
[2026-09-17 17:14:40.905] [gas-forecast] [] [] [c.g.forecast.common.web.WebLogAspect] [http-nio-8080-exec-7] [INFO] - Request [行业列表查询] completed in 5 ms
[2026-09-17 17:14:41.087] [gas-forecast] [] [] [c.g.forecast.common.web.WebLogAspect] [http-nio-8080-exec-4] [INFO] - Request [区域列表查询] POST /gas-forecast/base-region/listPage args={reqDTO=BaseRegionPageReqDTO[page=1, size=200, keyword=null]}
[2026-09-17 17:14:41.089] [gas-forecast] [] [] [c.g.forecast.common.web.WebLogAspect] [http-nio-8080-exec-8] [INFO] - Request [客户列表分页查询] POST /gas-forecast/base-customer/listPage args={reqDTO=BaseCustomerPageReqDTO[page=1, size=200, keyword=null]}
[2026-09-17 17:14:41.092] [gas-forecast] [] [] [c.g.forecast.common.web.WebLogAspect] [http-nio-8080-exec-4] [INFO] - Request [区域列表查询] completed in 5 ms
[2026-09-17 17:14:41.093] [gas-forecast] [] [] [c.g.forecast.common.web.WebLogAspect] [http-nio-8080-exec-8] [INFO] - Request [客户列表分页查询] completed in 4 ms
[2026-09-17 19:58:57.915] [gas-forecast] [] [] [o.h.validator.internal.util.Version] [background-preinit] [INFO] - HV000001: Hibernate Validator 8.0.1.Final
[2026-09-17 19:58:57.926] [gas-forecast] [] [] [c.g.f.GasForecastStartupApplication] [main] [INFO] - Starting GasForecastStartupApplication using Java 21.0.11 with PID 96374 (/Users/zoujun/work/workspace/shiyou/gas-forecast/gas-forecast-startup/target/classes started by zoujun in /Users/zoujun/work/workspace/shiyou/gas-forecast)
[2026-09-17 19:58:57.927] [gas-forecast] [] [] [c.g.f.GasForecastStartupApplication] [main] [INFO] - The following 1 profile is active: "dev"
[2026-09-17 19:58:58.221] [gas-forecast] [] [] [o.s.d.r.c.RepositoryConfigurationDelegate] [main] [INFO] - Multiple Spring Data modules found, entering strict repository configuration mode
[2026-09-17 19:58:58.223] [gas-forecast] [] [] [o.s.d.r.c.RepositoryConfigurationDelegate] [main] [INFO] - Bootstrapping Spring Data Redis repositories in DEFAULT mode.
[2026-09-17 19:58:58.242] [gas-forecast] [] [] [o.s.d.r.c.RepositoryConfigurationDelegate] [main] [INFO] - Finished Spring Data repository scanning in 12 ms. Found 0 Redis repository interfaces.
[2026-09-17 19:58:58.554] [gas-forecast] [] [] [o.s.b.w.e.tomcat.TomcatWebServer] [main] [INFO] - Tomcat initialized with port 8080 (http)
[2026-09-17 19:58:58.558] [gas-forecast] [] [] [o.a.coyote.http11.Http11NioProtocol] [main] [INFO] - Initializing ProtocolHandler ["http-nio-8080"]
[2026-09-17 19:58:58.558] [gas-forecast] [] [] [o.a.catalina.core.StandardService] [main] [INFO] - Starting service [Tomcat]
[2026-09-17 19:58:58.558] [gas-forecast] [] [] [o.a.catalina.core.StandardEngine] [main] [INFO] - Starting Servlet engine: [Apache Tomcat/10.1.20]
[2026-09-17 19:58:58.575] [gas-forecast] [] [] [o.a.c.c.C.[.[.[/gas-forecast]] [main] [INFO] - Initializing Spring embedded WebApplicationContext
[2026-09-17 19:58:58.575] [gas-forecast] [] [] [o.s.b.w.s.c.ServletWebServerApplicationContext] [main] [INFO] - Root WebApplicationContext: initialization completed in 632 ms
[2026-09-17 19:58:59.261] [gas-forecast] [] [] [o.a.coyote.http11.Http11NioProtocol] [main] [INFO] - Starting ProtocolHandler ["http-nio-8080"]
[2026-09-17 19:58:59.270] [gas-forecast] [] [] [o.s.b.w.e.tomcat.TomcatWebServer] [main] [INFO] - Tomcat started on port 8080 (http) with context path '/gas-forecast'
[2026-09-17 19:58:59.274] [gas-forecast] [] [] [c.g.f.GasForecastStartupApplication] [main] [INFO] - Started GasForecastStartupApplication in 1.565 seconds (process running for 2.089)
[2026-09-17 19:59:16.996] [gas-forecast] [] [] [o.a.c.c.C.[.[.[/gas-forecast]] [http-nio-8080-exec-1] [INFO] - Initializing Spring DispatcherServlet 'dispatcherServlet'
[2026-09-17 19:59:16.996] [gas-forecast] [] [] [o.s.web.servlet.DispatcherServlet] [http-nio-8080-exec-1] [INFO] - Initializing Servlet 'dispatcherServlet'
[2026-09-17 19:59:16.997] [gas-forecast] [] [] [o.s.web.servlet.DispatcherServlet] [http-nio-8080-exec-1] [INFO] - Completed initialization in 1 ms
[2026-09-17 19:59:17.137] [gas-forecast] [] [] [c.g.forecast.common.web.WebLogAspect] [http-nio-8080-exec-2] [INFO] - Request [模型列表查询] POST /gas-forecast/model-config/listPage args={reqDTO=ModelConfigPageReqDTO[page=1, size=10, keyword=null]}
[2026-09-17 19:59:17.185] [gas-forecast] [] [] [com.zaxxer.hikari.HikariDataSource] [http-nio-8080-exec-2] [INFO] - HikariPool-1 - Starting...
[2026-09-17 19:59:17.248] [gas-forecast] [] [] [com.zaxxer.hikari.pool.HikariPool] [http-nio-8080-exec-2] [INFO] - HikariPool-1 - Added connection com.mysql.cj.jdbc.ConnectionImpl@3003648e
[2026-09-17 19:59:17.249] [gas-forecast] [] [] [com.zaxxer.hikari.HikariDataSource] [http-nio-8080-exec-2] [INFO] - HikariPool-1 - Start completed.
[2026-09-17 19:59:17.289] [gas-forecast] [] [] [c.g.forecast.common.web.WebLogAspect] [http-nio-8080-exec-2] [INFO] - Request [模型列表查询] completed in 153 ms
[2026-09-17 20:00:48.317] [gas-forecast] [] [] [c.g.forecast.common.web.WebLogAspect] [http-nio-8080-exec-3] [INFO] - Request [获取登录验证码] GET /gas-forecast/auth/captcha args={}
[2026-09-17 20:00:48.317] [gas-forecast] [] [] [c.g.forecast.common.web.WebLogAspect] [http-nio-8080-exec-4] [INFO] - Request [获取登录RSA公钥] GET /gas-forecast/auth/rsa-public-key args={}
[2026-09-17 20:00:48.715] [gas-forecast] [] [] [c.g.forecast.common.web.WebLogAspect] [http-nio-8080-exec-4] [INFO] - Request [获取登录RSA公钥] completed in 398 ms
[2026-09-17 20:00:48.766] [gas-forecast] [] [] [c.g.forecast.common.web.WebLogAspect] [http-nio-8080-exec-3] [INFO] - Request [获取登录验证码] completed in 449 ms
[2026-09-17 20:00:57.903] [gas-forecast] [] [] [c.g.forecast.common.web.WebLogAspect] [http-nio-8080-exec-5] [INFO] - Request [用户登录] POST /gas-forecast/auth/login args={reqDTO=AuthLoginReqDTO[username=qhIvuzBh8ETPS28OMoSO9lwHionj2IMoONT8YId6szMV1jDlIDoe8ZVka7TJzByXDtm2d+VR/oEuasn6PjgNo2QZyPnZMpREpkdgQS9NeCSwSHby177v7ZHU+ZMxnUNDy8eLI8lrjiP+lKdLbh1OyQSkf1dBDpvYh+ggRlL5c55/oRD/71HTDjk/M8nxjHInuf64z4uJL/SKdIIvGeRDDmkF5vxvIh+oKmEF5W8ApLS/2o6P6pCiizULjTkh9kZWym+ScWa2px/H3QMTb1Abwf7s0WouovJsm/V6bAUeBKbZW/9PIh8yd9bcr5CKqCqwDwqZPswcqTZZOv/ECNR5QA==, password=nMLQ3DIum3j/ONfc6dsLjWVIe6EtwpyIgXNwC7vnfcJq8VMnazvPA5Vis+oUKNSoyfCY0Z3wM5ng7a3f7Z8Gj5H2wBIH8RI68yEH0o+R+nx5b9HY+qYcyk7+unDnlzn6+0L7qgxW1DeTcsuukSmlKZmYxJmaMX2KSyv9YniSl7GOGOjTk6pbi9xsVdHsHY2JZkpIyNu4IYvrpcd/uPsmp0WUiQFkw5w0BE26wUTuPfLo2HGqizVcGtGqbG8ZfMe6Yt/oIPxE8qcDnXrP/JXWBVU7N6Urd6Clgl+qFgAaeikwXTSVcozUhpXNuC/SXIz3iqJUXvLd98ItLS4IGQwxWw==, captchaId=707d76b5df8947758c724adb1486e22c, captchaCode=s64t, rsaPublicKey=MIIBIjANBgkqhkiG9w0BAQEFAAOCAQ8AMIIBCgKCAQEAzDsiLRK0K9uMgHU1CMr/FeqrZnG+w5Hytht19RFOTB9kS6OCDLB0V2re7azuO+vthZ9HkuAmHl9WHG/ii0cbydsgSAy5vRxYSNX9RaEQqJ6obnopht0UPmZiIiRKOHPYViF3KrO2W0IGR8SCgFcPd9QMdRI...}
[2026-09-17 20:00:57.950] [gas-forecast] [] [] [c.g.forecast.common.web.WebLogAspect] [http-nio-8080-exec-5] [INFO] - Request [用户登录] completed in 49 ms
[2026-09-17 20:00:57.989] [gas-forecast] [] [] [c.g.forecast.common.web.WebLogAspect] [http-nio-8080-exec-6] [INFO] - Request [模型列表查询] POST /gas-forecast/model-config/listPage args={reqDTO=ModelConfigPageReqDTO[page=1, size=10, keyword=null]}
[2026-09-17 20:00:58.005] [gas-forecast] [] [] [c.g.forecast.common.web.WebLogAspect] [http-nio-8080-exec-6] [INFO] - Request [模型列表查询] completed in 16 ms
[2026-09-17 20:01:02.417] [gas-forecast] [] [] [c.g.forecast.common.web.WebLogAspect] [http-nio-8080-exec-9] [INFO] - Request [行业列表查询] POST /gas-forecast/base-industry/listPage args={reqDTO=BaseIndustryPageReqDTO[page=1, size=200, keyword=null]}
[2026-09-17 20:01:02.417] [gas-forecast] [] [] [c.g.forecast.common.web.WebLogAspect] [http-nio-8080-exec-7] [INFO] - Request [区域列表查询] POST /gas-forecast/base-region/listPage args={reqDTO=BaseRegionPageReqDTO[page=1, size=200, keyword=null]}
[2026-09-17 20:01:02.417] [gas-forecast] [] [] [c.g.forecast.common.web.WebLogAspect] [http-nio-8080-exec-8] [INFO] - Request [客户列表分页查询] POST /gas-forecast/base-customer/listPage args={reqDTO=BaseCustomerPageReqDTO[page=1, size=200, keyword=null]}
[2026-09-17 20:01:02.424] [gas-forecast] [] [] [c.g.forecast.common.web.WebLogAspect] [http-nio-8080-exec-9] [INFO] - Request [行业列表查询] completed in 8 ms
[2026-09-17 20:01:02.425] [gas-forecast] [] [] [c.g.forecast.common.web.WebLogAspect] [http-nio-8080-exec-7] [INFO] - Request [区域列表查询] completed in 9 ms
[2026-09-17 20:01:02.425] [gas-forecast] [] [] [c.g.forecast.common.web.WebLogAspect] [http-nio-8080-exec-8] [INFO] - Request [客户列表分页查询] completed in 8 ms
[2026-09-17 20:05:29.697] [gas-forecast] [] [] [c.g.forecast.common.web.WebLogAspect] [http-nio-8080-exec-1] [INFO] - Request [模型列表查询] POST /gas-forecast/model-config/listPage args={reqDTO=ModelConfigPageReqDTO[page=1, size=10, keyword=null]}
[2026-09-17 20:05:29.720] [gas-forecast] [] [] [c.g.forecast.common.web.WebLogAspect] [http-nio-8080-exec-1] [INFO] - Request [模型列表查询] completed in 23 ms
[2026-09-17 20:05:53.143] [gas-forecast] [] [] [c.g.forecast.common.web.WebLogAspect] [http-nio-8080-exec-2] [INFO] - Request [模型列表查询] POST /gas-forecast/model-config/listPage args={reqDTO=ModelConfigPageReqDTO[page=1, size=10, keyword=null]}
[2026-09-17 20:05:53.153] [gas-forecast] [] [] [c.g.forecast.common.web.WebLogAspect] [http-nio-8080-exec-2] [INFO] - Request [模型列表查询] completed in 10 ms
[2026-09-17 20:08:10.908] [gas-forecast] [] [] [c.g.forecast.common.web.WebLogAspect] [http-nio-8080-exec-4] [INFO] - Request [区域列表查询] POST /gas-forecast/base-region/listPage args={reqDTO=BaseRegionPageReqDTO[page=1, size=200, keyword=null]}
[2026-09-17 20:08:10.913] [gas-forecast] [] [] [c.g.forecast.common.web.WebLogAspect] [http-nio-8080-exec-4] [INFO] - Request [区域列表查询] completed in 5 ms
[2026-09-17 20:08:16.289] [gas-forecast] [] [] [com.zaxxer.hikari.HikariDataSource] [SpringApplicationShutdownHook] [INFO] - HikariPool-1 - Shutdown initiated...
[2026-09-17 20:08:16.291] [gas-forecast] [] [] [com.zaxxer.hikari.HikariDataSource] [SpringApplicationShutdownHook] [INFO] - HikariPool-1 - Shutdown completed.
[2026-09-17 20:08:17.476] [gas-forecast] [] [] [o.h.validator.internal.util.Version] [background-preinit] [INFO] - HV000001: Hibernate Validator 8.0.1.Final
[2026-09-17 20:08:17.486] [gas-forecast] [] [] [c.g.f.GasForecastStartupApplication] [main] [INFO] - Starting GasForecastStartupApplication using Java 21.0.11 with PID 819 (/Users/zoujun/work/workspace/shiyou/gas-forecast/gas-forecast-startup/target/classes started by zoujun in /Users/zoujun/work/workspace/shiyou/gas-forecast)
[2026-09-17 20:08:17.486] [gas-forecast] [] [] [c.g.f.GasForecastStartupApplication] [main] [INFO] - The following 1 profile is active: "dev"
[2026-09-17 20:08:17.776] [gas-forecast] [] [] [o.s.d.r.c.RepositoryConfigurationDelegate] [main] [INFO] - Multiple Spring Data modules found, entering strict repository configuration mode
[2026-09-17 20:08:17.778] [gas-forecast] [] [] [o.s.d.r.c.RepositoryConfigurationDelegate] [main] [INFO] - Bootstrapping Spring Data Redis repositories in DEFAULT mode.
[2026-09-17 20:08:17.794] [gas-forecast] [] [] [o.s.d.r.c.RepositoryConfigurationDelegate] [main] [INFO] - Finished Spring Data repository scanning in 11 ms. Found 0 Redis repository interfaces.
[2026-09-17 20:08:18.087] [gas-forecast] [] [] [o.s.b.w.e.tomcat.TomcatWebServer] [main] [INFO] - Tomcat initialized with port 8080 (http)
[2026-09-17 20:08:18.091] [gas-forecast] [] [] [o.a.coyote.http11.Http11NioProtocol] [main] [INFO] - Initializing ProtocolHandler ["http-nio-8080"]
[2026-09-17 20:08:18.092] [gas-forecast] [] [] [o.a.catalina.core.StandardService] [main] [INFO] - Starting service [Tomcat]
[2026-09-17 20:08:18.092] [gas-forecast] [] [] [o.a.catalina.core.StandardEngine] [main] [INFO] - Starting Servlet engine: [Apache Tomcat/10.1.20]
[2026-09-17 20:08:18.109] [gas-forecast] [] [] [o.a.c.c.C.[.[.[/gas-forecast]] [main] [INFO] - Initializing Spring embedded WebApplicationContext
[2026-09-17 20:08:18.109] [gas-forecast] [] [] [o.s.b.w.s.c.ServletWebServerApplicationContext] [main] [INFO] - Root WebApplicationContext: initialization completed in 607 ms
[2026-09-17 20:08:18.830] [gas-forecast] [] [] [o.a.coyote.http11.Http11NioProtocol] [main] [INFO] - Starting ProtocolHandler ["http-nio-8080"]
[2026-09-17 20:08:18.837] [gas-forecast] [] [] [o.s.b.w.e.tomcat.TomcatWebServer] [main] [INFO] - Tomcat started on port 8080 (http) with context path '/gas-forecast'
[2026-09-17 20:08:18.840] [gas-forecast] [] [] [c.g.f.GasForecastStartupApplication] [main] [INFO] - Started GasForecastStartupApplication in 1.543 seconds (process running for 1.842)
[2026-09-17 20:08:27.152] [gas-forecast] [] [] [o.a.c.c.C.[.[.[/gas-forecast]] [http-nio-8080-exec-1] [INFO] - Initializing Spring DispatcherServlet 'dispatcherServlet'
[2026-09-17 20:08:27.152] [gas-forecast] [] [] [o.s.web.servlet.DispatcherServlet] [http-nio-8080-exec-1] [INFO] - Initializing Servlet 'dispatcherServlet'
[2026-09-17 20:08:27.153] [gas-forecast] [] [] [o.s.web.servlet.DispatcherServlet] [http-nio-8080-exec-1] [INFO] - Completed initialization in 1 ms
[2026-09-17 20:08:27.231] [gas-forecast] [] [] [c.g.forecast.common.web.WebLogAspect] [http-nio-8080-exec-2] [INFO] - Request [模型列表查询] POST /gas-forecast/model-config/listPage args={reqDTO=ModelConfigPageReqDTO[page=1, size=10, keyword=null]}
[2026-09-17 20:08:27.281] [gas-forecast] [] [] [com.zaxxer.hikari.HikariDataSource] [http-nio-8080-exec-2] [INFO] - HikariPool-1 - Starting...
[2026-09-17 20:08:27.323] [gas-forecast] [] [] [c.g.forecast.common.web.WebLogAspect] [http-nio-8080-exec-1] [INFO] - Request [获取当前登录用户权限] GET /gas-forecast/auth/permissions args={}
[2026-09-17 20:08:27.349] [gas-forecast] [] [] [com.zaxxer.hikari.pool.HikariPool] [http-nio-8080-exec-2] [INFO] - HikariPool-1 - Added connection com.mysql.cj.jdbc.ConnectionImpl@1b850aef
[2026-09-17 20:08:27.350] [gas-forecast] [] [] [com.zaxxer.hikari.HikariDataSource] [http-nio-8080-exec-2] [INFO] - HikariPool-1 - Start completed.
[2026-09-17 20:08:27.392] [gas-forecast] [] [] [c.g.forecast.common.web.WebLogAspect] [http-nio-8080-exec-1] [INFO] - Request [获取当前登录用户权限] completed in 69 ms
[2026-09-17 20:08:27.395] [gas-forecast] [] [] [c.g.forecast.common.web.WebLogAspect] [http-nio-8080-exec-2] [INFO] - Request [模型列表查询] completed in 165 ms
[2026-09-17 20:08:29.647] [gas-forecast] [] [] [c.g.forecast.common.web.WebLogAspect] [http-nio-8080-exec-3] [INFO] - Request [区域列表查询] POST /gas-forecast/base-region/listPage args={reqDTO=BaseRegionPageReqDTO[page=1, size=200, keyword=null]}
[2026-09-17 20:08:29.652] [gas-forecast] [] [] [c.g.forecast.common.web.WebLogAspect] [http-nio-8080-exec-3] [INFO] - Request [区域列表查询] completed in 5 ms
[2026-09-17 20:14:06.574] [gas-forecast] [] [] [com.zaxxer.hikari.HikariDataSource] [SpringApplicationShutdownHook] [INFO] - HikariPool-1 - Shutdown initiated...
[2026-09-17 20:14:06.576] [gas-forecast] [] [] [com.zaxxer.hikari.HikariDataSource] [SpringApplicationShutdownHook] [INFO] - HikariPool-1 - Shutdown completed.
[2026-09-17 20:14:08.208] [gas-forecast] [] [] [o.h.validator.internal.util.Version] [background-preinit] [INFO] - HV000001: Hibernate Validator 8.0.1.Final
[2026-09-17 20:14:08.217] [gas-forecast] [] [] [c.g.f.GasForecastStartupApplication] [main] [INFO] - Starting GasForecastStartupApplication using Java 21.0.11 with PID 3052 (/Users/zoujun/work/workspace/shiyou/gas-forecast/gas-forecast-startup/target/classes started by zoujun in /Users/zoujun/work/workspace/shiyou/gas-forecast)
[2026-09-17 20:14:08.218] [gas-forecast] [] [] [c.g.f.GasForecastStartupApplication] [main] [INFO] - The following 1 profile is active: "dev"
[2026-09-17 20:14:08.459] [gas-forecast] [] [] [o.s.d.r.c.RepositoryConfigurationDelegate] [main] [INFO] - Multiple Spring Data modules found, entering strict repository configuration mode
[2026-09-17 20:14:08.460] [gas-forecast] [] [] [o.s.d.r.c.RepositoryConfigurationDelegate] [main] [INFO] - Bootstrapping Spring Data Redis repositories in DEFAULT mode.
[2026-09-17 20:14:08.475] [gas-forecast] [] [] [o.s.d.r.c.RepositoryConfigurationDelegate] [main] [INFO] - Finished Spring Data repository scanning in 9 ms. Found 0 Redis repository interfaces.
[2026-09-17 20:14:08.743] [gas-forecast] [] [] [o.s.b.w.e.tomcat.TomcatWebServer] [main] [INFO] - Tomcat initialized with port 8080 (http)
[2026-09-17 20:14:08.747] [gas-forecast] [] [] [o.a.coyote.http11.Http11NioProtocol] [main] [INFO] - Initializing ProtocolHandler ["http-nio-8080"]
[2026-09-17 20:14:08.747] [gas-forecast] [] [] [o.a.catalina.core.StandardService] [main] [INFO] - Starting service [Tomcat]
[2026-09-17 20:14:08.747] [gas-forecast] [] [] [o.a.catalina.core.StandardEngine] [main] [INFO] - Starting Servlet engine: [Apache Tomcat/10.1.20]
[2026-09-17 20:14:08.763] [gas-forecast] [] [] [o.a.c.c.C.[.[.[/gas-forecast]] [main] [INFO] - Initializing Spring embedded WebApplicationContext
[2026-09-17 20:14:08.763] [gas-forecast] [] [] [o.s.b.w.s.c.ServletWebServerApplicationContext] [main] [INFO] - Root WebApplicationContext: initialization completed in 530 ms
[2026-09-17 20:14:09.417] [gas-forecast] [] [] [o.a.coyote.http11.Http11NioProtocol] [main] [INFO] - Starting ProtocolHandler ["http-nio-8080"]
[2026-09-17 20:14:09.424] [gas-forecast] [] [] [o.s.b.w.e.tomcat.TomcatWebServer] [main] [INFO] - Tomcat started on port 8080 (http) with context path '/gas-forecast'
[2026-09-17 20:14:09.428] [gas-forecast] [] [] [c.g.f.GasForecastStartupApplication] [main] [INFO] - Started GasForecastStartupApplication in 1.394 seconds (process running for 1.656)
[2026-09-17 20:14:14.282] [gas-forecast] [] [] [o.a.c.c.C.[.[.[/gas-forecast]] [http-nio-8080-exec-2] [INFO] - Initializing Spring DispatcherServlet 'dispatcherServlet'
[2026-09-17 20:14:14.282] [gas-forecast] [] [] [o.s.web.servlet.DispatcherServlet] [http-nio-8080-exec-2] [INFO] - Initializing Servlet 'dispatcherServlet'
[2026-09-17 20:14:14.283] [gas-forecast] [] [] [o.s.web.servlet.DispatcherServlet] [http-nio-8080-exec-2] [INFO] - Completed initialization in 1 ms
[2026-09-17 20:14:14.350] [gas-forecast] [] [] [c.g.forecast.common.web.WebLogAspect] [http-nio-8080-exec-2] [INFO] - Request [模型列表查询] POST /gas-forecast/model-config/listPage args={reqDTO=ModelConfigPageReqDTO[page=1, size=10, keyword=null]}
[2026-09-17 20:14:14.409] [gas-forecast] [] [] [com.zaxxer.hikari.HikariDataSource] [http-nio-8080-exec-2] [INFO] - HikariPool-1 - Starting...
[2026-09-17 20:14:14.461] [gas-forecast] [] [] [c.g.forecast.common.web.WebLogAspect] [http-nio-8080-exec-1] [INFO] - Request [获取当前登录用户权限] GET /gas-forecast/auth/permissions args={}
[2026-09-17 20:14:14.485] [gas-forecast] [] [] [com.zaxxer.hikari.pool.HikariPool] [http-nio-8080-exec-2] [INFO] - HikariPool-1 - Added connection com.mysql.cj.jdbc.ConnectionImpl@28679784
[2026-09-17 20:14:14.486] [gas-forecast] [] [] [com.zaxxer.hikari.HikariDataSource] [http-nio-8080-exec-2] [INFO] - HikariPool-1 - Start completed.
[2026-09-17 20:14:14.534] [gas-forecast] [] [] [c.g.forecast.common.web.WebLogAspect] [http-nio-8080-exec-1] [INFO] - Request [获取当前登录用户权限] completed in 73 ms
[2026-09-17 20:14:14.538] [gas-forecast] [] [] [c.g.forecast.common.web.WebLogAspect] [http-nio-8080-exec-2] [INFO] - Request [模型列表查询] completed in 188 ms
[2026-09-17 20:14:16.302] [gas-forecast] [] [] [c.g.forecast.common.web.WebLogAspect] [http-nio-8080-exec-3] [INFO] - Request [区域列表查询] POST /gas-forecast/base-region/listPage args={reqDTO=BaseRegionPageReqDTO[page=1, size=200, keyword=null]}
[2026-09-17 20:14:16.307] [gas-forecast] [] [] [c.g.forecast.common.web.WebLogAspect] [http-nio-8080-exec-3] [INFO] - Request [区域列表查询] completed in 5 ms
[2026-09-17 20:14:16.321] [gas-forecast] [] [] [c.g.forecast.common.web.WebLogAspect] [http-nio-8080-exec-4] [INFO] - Request [特征定义列表查询] POST /gas-forecast/model-feature-definition/listPage args={reqDTO=ModelFeatureDefinitionPageReqDTO[page=1, size=500, keyword=null]}
[2026-09-17 20:14:16.327] [gas-forecast] [] [] [c.g.forecast.common.web.WebLogAspect] [http-nio-8080-exec-4] [INFO] - Request [特征定义列表查询] completed in 7 ms
[2026-09-17 20:14:45.774] [gas-forecast] [] [] [c.g.forecast.common.web.WebLogAspect] [http-nio-8080-exec-5] [INFO] - Request [配置模型适用范围] POST /gas-forecast/model-config/updateScope args={reqDTO=ModelConfigScopeUpdateReqDTO[id=1, regionCode=null, industryCode=null, customerCode=null, regionCodes=[], industryCodes=[], customerCodes=[], featureRefs=[]]}
[2026-09-17 20:14:45.788] [gas-forecast] [] [] [c.g.forecast.common.web.WebLogAspect] [http-nio-8080-exec-5] [INFO] - Request [配置模型适用范围] completed in 16 ms
[2026-09-17 20:14:45.793] [gas-forecast] [] [] [c.g.forecast.common.web.WebLogAspect] [http-nio-8080-exec-6] [INFO] - Request [模型列表查询] POST /gas-forecast/model-config/listPage args={reqDTO=ModelConfigPageReqDTO[page=1, size=10, keyword=null]}
[2026-09-17 20:14:45.806] [gas-forecast] [] [] [c.g.forecast.common.web.WebLogAspect] [http-nio-8080-exec-6] [INFO] - Request [模型列表查询] completed in 13 ms
[2026-09-17 20:16:02.376] [gas-forecast] [] [] [c.g.forecast.common.web.WebLogAspect] [http-nio-8080-exec-7] [INFO] - Request [模型列表查询] POST /gas-forecast/model-config/listPage args={reqDTO=ModelConfigPageReqDTO[page=1, size=10, keyword=null]}
[2026-09-17 20:16:02.391] [gas-forecast] [] [] [c.g.forecast.common.web.WebLogAspect] [http-nio-8080-exec-7] [INFO] - Request [模型列表查询] completed in 15 ms
[2026-09-17 20:16:41.312] [gas-forecast] [] [] [c.g.forecast.common.web.WebLogAspect] [http-nio-8080-exec-8] [INFO] - Request [区域列表查询] POST /gas-forecast/base-region/listPage args={reqDTO=BaseRegionPageReqDTO[page=1, size=1000, keyword=null]}
[2026-09-17 20:16:41.318] [gas-forecast] [] [] [c.g.forecast.common.web.WebLogAspect] [http-nio-8080-exec-8] [INFO] - Request [区域列表查询] completed in 6 ms
[2026-09-17 20:16:41.325] [gas-forecast] [] [] [c.g.forecast.common.web.WebLogAspect] [http-nio-8080-exec-9] [INFO] - Request [特征定义列表查询] POST /gas-forecast/model-feature-definition/listPage args={reqDTO=ModelFeatureDefinitionPageReqDTO[page=1, size=500, keyword=null]}
[2026-09-17 20:16:41.329] [gas-forecast] [] [] [c.g.forecast.common.web.WebLogAspect] [http-nio-8080-exec-9] [INFO] - Request [特征定义列表查询] completed in 4 ms
[2026-09-17 20:16:47.449] [gas-forecast] [] [] [c.g.forecast.common.web.WebLogAspect] [http-nio-8080-exec-10] [INFO] - Request [获取当前登录用户权限] GET /gas-forecast/auth/permissions args={}
[2026-09-17 20:16:47.458] [gas-forecast] [] [] [c.g.forecast.common.web.WebLogAspect] [http-nio-8080-exec-10] [INFO] - Request [获取当前登录用户权限] completed in 9 ms
[2026-09-17 20:16:47.470] [gas-forecast] [] [] [c.g.forecast.common.web.WebLogAspect] [http-nio-8080-exec-1] [INFO] - Request [模型列表查询] POST /gas-forecast/model-config/listPage args={reqDTO=ModelConfigPageReqDTO[page=1, size=10, keyword=null]}
[2026-09-17 20:16:47.480] [gas-forecast] [] [] [c.g.forecast.common.web.WebLogAspect] [http-nio-8080-exec-1] [INFO] - Request [模型列表查询] completed in 10 ms
[2026-09-17 20:16:49.741] [gas-forecast] [] [] [c.g.forecast.common.web.WebLogAspect] [http-nio-8080-exec-2] [INFO] - Request [区域列表查询] POST /gas-forecast/base-region/listPage args={reqDTO=BaseRegionPageReqDTO[page=1, size=1000, keyword=null]}
[2026-09-17 20:16:49.746] [gas-forecast] [] [] [c.g.forecast.common.web.WebLogAspect] [http-nio-8080-exec-2] [INFO] - Request [区域列表查询] completed in 5 ms
[2026-09-17 20:16:49.757] [gas-forecast] [] [] [c.g.forecast.common.web.WebLogAspect] [http-nio-8080-exec-3] [INFO] - Request [特征定义列表查询] POST /gas-forecast/model-feature-definition/listPage args={reqDTO=ModelFeatureDefinitionPageReqDTO[page=1, size=500, keyword=null]}
[2026-09-17 20:16:49.760] [gas-forecast] [] [] [c.g.forecast.common.web.WebLogAspect] [http-nio-8080-exec-3] [INFO] - Request [特征定义列表查询] completed in 3 ms
[2026-09-17 20:19:13.842] [gas-forecast] [] [] [c.g.forecast.common.web.WebLogAspect] [http-nio-8080-exec-4] [INFO] - Request [模型列表查询] POST /gas-forecast/model-config/listPage args={reqDTO=ModelConfigPageReqDTO[page=1, size=10, keyword=null]}
[2026-09-17 20:19:13.856] [gas-forecast] [] [] [c.g.forecast.common.web.WebLogAspect] [http-nio-8080-exec-4] [INFO] - Request [模型列表查询] completed in 14 ms
[2026-09-17 20:20:09.191] [gas-forecast] [] [] [com.zaxxer.hikari.HikariDataSource] [SpringApplicationShutdownHook] [INFO] - HikariPool-1 - Shutdown initiated...
[2026-09-17 20:20:09.192] [gas-forecast] [] [] [com.zaxxer.hikari.HikariDataSource] [SpringApplicationShutdownHook] [INFO] - HikariPool-1 - Shutdown completed.
[2026-09-17 20:20:10.275] [gas-forecast] [] [] [o.h.validator.internal.util.Version] [background-preinit] [INFO] - HV000001: Hibernate Validator 8.0.1.Final
[2026-09-17 20:20:10.285] [gas-forecast] [] [] [c.g.f.GasForecastStartupApplication] [main] [INFO] - Starting GasForecastStartupApplication using Java 21.0.11 with PID 5184 (/Users/zoujun/work/workspace/shiyou/gas-forecast/gas-forecast-startup/target/classes started by zoujun in /Users/zoujun/work/workspace/shiyou/gas-forecast)
[2026-09-17 20:20:10.285] [gas-forecast] [] [] [c.g.f.GasForecastStartupApplication] [main] [INFO] - The following 1 profile is active: "dev"
[2026-09-17 20:20:10.555] [gas-forecast] [] [] [o.s.d.r.c.RepositoryConfigurationDelegate] [main] [INFO] - Multiple Spring Data modules found, entering strict repository configuration mode
[2026-09-17 20:20:10.556] [gas-forecast] [] [] [o.s.d.r.c.RepositoryConfigurationDelegate] [main] [INFO] - Bootstrapping Spring Data Redis repositories in DEFAULT mode.
[2026-09-17 20:20:10.575] [gas-forecast] [] [] [o.s.d.r.c.RepositoryConfigurationDelegate] [main] [INFO] - Finished Spring Data repository scanning in 12 ms. Found 0 Redis repository interfaces.
[2026-09-17 20:20:10.865] [gas-forecast] [] [] [o.s.b.w.e.tomcat.TomcatWebServer] [main] [INFO] - Tomcat initialized with port 8080 (http)
[2026-09-17 20:20:10.869] [gas-forecast] [] [] [o.a.coyote.http11.Http11NioProtocol] [main] [INFO] - Initializing ProtocolHandler ["http-nio-8080"]
[2026-09-17 20:20:10.869] [gas-forecast] [] [] [o.a.catalina.core.StandardService] [main] [INFO] - Starting service [Tomcat]
[2026-09-17 20:20:10.869] [gas-forecast] [] [] [o.a.catalina.core.StandardEngine] [main] [INFO] - Starting Servlet engine: [Apache Tomcat/10.1.20]
[2026-09-17 20:20:10.887] [gas-forecast] [] [] [o.a.c.c.C.[.[.[/gas-forecast]] [main] [INFO] - Initializing Spring embedded WebApplicationContext
[2026-09-17 20:20:10.887] [gas-forecast] [] [] [o.s.b.w.s.c.ServletWebServerApplicationContext] [main] [INFO] - Root WebApplicationContext: initialization completed in 586 ms
[2026-09-17 20:20:11.549] [gas-forecast] [] [] [o.a.coyote.http11.Http11NioProtocol] [main] [INFO] - Starting ProtocolHandler ["http-nio-8080"]
[2026-09-17 20:20:11.556] [gas-forecast] [] [] [o.s.b.w.e.tomcat.TomcatWebServer] [main] [INFO] - Tomcat started on port 8080 (http) with context path '/gas-forecast'
[2026-09-17 20:20:11.560] [gas-forecast] [] [] [c.g.f.GasForecastStartupApplication] [main] [INFO] - Started GasForecastStartupApplication in 1.479 seconds (process running for 1.739)
[2026-09-17 20:20:23.296] [gas-forecast] [] [] [o.a.c.c.C.[.[.[/gas-forecast]] [http-nio-8080-exec-2] [INFO] - Initializing Spring DispatcherServlet 'dispatcherServlet'
[2026-09-17 20:20:23.296] [gas-forecast] [] [] [o.s.web.servlet.DispatcherServlet] [http-nio-8080-exec-2] [INFO] - Initializing Servlet 'dispatcherServlet'
[2026-09-17 20:20:23.297] [gas-forecast] [] [] [o.s.web.servlet.DispatcherServlet] [http-nio-8080-exec-2] [INFO] - Completed initialization in 1 ms
[2026-09-17 20:20:23.361] [gas-forecast] [] [] [c.g.forecast.common.web.WebLogAspect] [http-nio-8080-exec-2] [INFO] - Request [模型列表查询] POST /gas-forecast/model-config/listPage args={reqDTO=ModelConfigPageReqDTO[page=1, size=10, keyword=null]}
[2026-09-17 20:20:23.413] [gas-forecast] [] [] [com.zaxxer.hikari.HikariDataSource] [http-nio-8080-exec-2] [INFO] - HikariPool-1 - Starting...
[2026-09-17 20:20:23.460] [gas-forecast] [] [] [c.g.forecast.common.web.WebLogAspect] [http-nio-8080-exec-1] [INFO] - Request [获取当前登录用户权限] GET /gas-forecast/auth/permissions args={}
[2026-09-17 20:20:23.477] [gas-forecast] [] [] [com.zaxxer.hikari.pool.HikariPool] [http-nio-8080-exec-2] [INFO] - HikariPool-1 - Added connection com.mysql.cj.jdbc.ConnectionImpl@20118fee
[2026-09-17 20:20:23.478] [gas-forecast] [] [] [com.zaxxer.hikari.HikariDataSource] [http-nio-8080-exec-2] [INFO] - HikariPool-1 - Start completed.
[2026-09-17 20:20:23.514] [gas-forecast] [] [] [c.g.forecast.common.web.WebLogAspect] [http-nio-8080-exec-1] [INFO] - Request [获取当前登录用户权限] completed in 54 ms
[2026-09-17 20:20:23.516] [gas-forecast] [] [] [c.g.forecast.common.web.WebLogAspect] [http-nio-8080-exec-2] [INFO] - Request [模型列表查询] completed in 155 ms
[2026-09-17 20:20:24.651] [gas-forecast] [] [] [c.g.forecast.common.web.WebLogAspect] [http-nio-8080-exec-3] [INFO] - Request [区域列表查询] POST /gas-forecast/base-region/listPage args={reqDTO=BaseRegionPageReqDTO[page=1, size=1000, keyword=null]}
[2026-09-17 20:20:24.656] [gas-forecast] [] [] [c.g.forecast.common.web.WebLogAspect] [http-nio-8080-exec-3] [INFO] - Request [区域列表查询] completed in 5 ms
[2026-09-17 20:20:24.668] [gas-forecast] [] [] [c.g.forecast.common.web.WebLogAspect] [http-nio-8080-exec-4] [INFO] - Request [特征定义列表查询] POST /gas-forecast/model-feature-definition/listPage args={reqDTO=ModelFeatureDefinitionPageReqDTO[page=1, size=500, keyword=null]}
[2026-09-17 20:20:24.676] [gas-forecast] [] [] [c.g.forecast.common.web.WebLogAspect] [http-nio-8080-exec-4] [INFO] - Request [特征定义列表查询] completed in 8 ms
[2026-09-17 20:24:01.302] [gas-forecast] [] [] [c.g.forecast.common.web.WebLogAspect] [http-nio-8080-exec-5] [INFO] - Request [模型列表查询] POST /gas-forecast/model-config/listPage args={reqDTO=ModelConfigPageReqDTO[page=1, size=10, keyword=null]}
[2026-09-17 20:24:01.322] [gas-forecast] [] [] [c.g.forecast.common.web.WebLogAspect] [http-nio-8080-exec-5] [INFO] - Request [模型列表查询] completed in 20 ms
[2026-09-17 20:24:06.728] [gas-forecast] [] [] [c.g.forecast.common.web.WebLogAspect] [http-nio-8080-exec-6] [INFO] - Request [获取当前登录用户权限] GET /gas-forecast/auth/permissions args={}
[2026-09-17 20:24:06.741] [gas-forecast] [] [] [c.g.forecast.common.web.WebLogAspect] [http-nio-8080-exec-6] [INFO] - Request [获取当前登录用户权限] completed in 13 ms
[2026-09-17 20:24:06.778] [gas-forecast] [] [] [c.g.forecast.common.web.WebLogAspect] [http-nio-8080-exec-7] [INFO] - Request [模型列表查询] POST /gas-forecast/model-config/listPage args={reqDTO=ModelConfigPageReqDTO[page=1, size=10, keyword=null]}
[2026-09-17 20:24:06.789] [gas-forecast] [] [] [c.g.forecast.common.web.WebLogAspect] [http-nio-8080-exec-7] [INFO] - Request [模型列表查询] completed in 11 ms
[2026-09-17 20:25:34.306] [gas-forecast] [] [] [c.g.forecast.common.web.WebLogAspect] [http-nio-8080-exec-8] [INFO] - Request [获取当前登录用户权限] GET /gas-forecast/auth/permissions args={}
[2026-09-17 20:25:34.326] [gas-forecast] [] [] [c.g.forecast.common.web.WebLogAspect] [http-nio-8080-exec-8] [INFO] - Request [获取当前登录用户权限] completed in 20 ms
[2026-09-17 20:25:34.335] [gas-forecast] [] [] [c.g.forecast.common.web.WebLogAspect] [http-nio-8080-exec-9] [INFO] - Request [模型列表查询] POST /gas-forecast/model-config/listPage args={reqDTO=ModelConfigPageReqDTO[page=1, size=10, keyword=null]}
[2026-09-17 20:25:34.346] [gas-forecast] [] [] [c.g.forecast.common.web.WebLogAspect] [http-nio-8080-exec-9] [INFO] - Request [模型列表查询] completed in 11 ms
[2026-09-17 20:25:35.354] [gas-forecast] [] [] [c.g.forecast.common.web.WebLogAspect] [http-nio-8080-exec-10] [INFO] - Request [区域列表查询] POST /gas-forecast/base-region/listPage args={reqDTO=BaseRegionPageReqDTO[page=1, size=1000, keyword=null]}
[2026-09-17 20:25:35.358] [gas-forecast] [] [] [c.g.forecast.common.web.WebLogAspect] [http-nio-8080-exec-10] [INFO] - Request [区域列表查询] completed in 4 ms
[2026-09-17 20:25:35.374] [gas-forecast] [] [] [c.g.forecast.common.web.WebLogAspect] [http-nio-8080-exec-1] [INFO] - Request [特征定义列表查询] POST /gas-forecast/model-feature-definition/listPage args={reqDTO=ModelFeatureDefinitionPageReqDTO[page=1, size=500, keyword=null]}
[2026-09-17 20:25:35.379] [gas-forecast] [] [] [c.g.forecast.common.web.WebLogAspect] [http-nio-8080-exec-1] [INFO] - Request [特征定义列表查询] completed in 5 ms
[2026-09-17 20:30:56.737] [gas-forecast] [] [] [c.g.forecast.common.web.WebLogAspect] [http-nio-8080-exec-2] [INFO] - Request [获取当前登录用户权限] GET /gas-forecast/auth/permissions args={}
[2026-09-17 20:30:56.757] [gas-forecast] [] [] [c.g.forecast.common.web.WebLogAspect] [http-nio-8080-exec-2] [INFO] - Request [获取当前登录用户权限] completed in 20 ms
[2026-09-17 20:30:56.777] [gas-forecast] [] [] [c.g.forecast.common.web.WebLogAspect] [http-nio-8080-exec-3] [INFO] - Request [模型列表查询] POST /gas-forecast/model-config/listPage args={reqDTO=ModelConfigPageReqDTO[page=1, size=10, keyword=null]}
[2026-09-17 20:30:56.788] [gas-forecast] [] [] [c.g.forecast.common.web.WebLogAspect] [http-nio-8080-exec-3] [INFO] - Request [模型列表查询] completed in 11 ms
[2026-09-17 20:30:58.622] [gas-forecast] [] [] [c.g.forecast.common.web.WebLogAspect] [http-nio-8080-exec-4] [INFO] - Request [区域列表查询] POST /gas-forecast/base-region/listPage args={reqDTO=BaseRegionPageReqDTO[page=1, size=1000, keyword=null]}
[2026-09-17 20:30:58.626] [gas-forecast] [] [] [c.g.forecast.common.web.WebLogAspect] [http-nio-8080-exec-4] [INFO] - Request [区域列表查询] completed in 4 ms
[2026-09-17 20:30:58.639] [gas-forecast] [] [] [c.g.forecast.common.web.WebLogAspect] [http-nio-8080-exec-5] [INFO] - Request [特征定义列表查询] POST /gas-forecast/model-feature-definition/listPage args={reqDTO=ModelFeatureDefinitionPageReqDTO[page=1, size=500, keyword=null]}
[2026-09-17 20:30:58.643] [gas-forecast] [] [] [c.g.forecast.common.web.WebLogAspect] [http-nio-8080-exec-5] [INFO] - Request [特征定义列表查询] completed in 4 ms
[2026-09-17 20:33:00.399] [gas-forecast] [] [] [c.g.forecast.common.web.WebLogAspect] [http-nio-8080-exec-6] [INFO] - Request [获取当前登录用户权限] GET /gas-forecast/auth/permissions args={}
[2026-09-17 20:33:00.416] [gas-forecast] [] [] [c.g.forecast.common.web.WebLogAspect] [http-nio-8080-exec-6] [INFO] - Request [获取当前登录用户权限] completed in 18 ms
[2026-09-17 20:33:00.428] [gas-forecast] [] [] [c.g.forecast.common.web.WebLogAspect] [http-nio-8080-exec-7] [INFO] - Request [模型列表查询] POST /gas-forecast/model-config/listPage args={reqDTO=ModelConfigPageReqDTO[page=1, size=10, keyword=null]}
[2026-09-17 20:33:00.439] [gas-forecast] [] [] [c.g.forecast.common.web.WebLogAspect] [http-nio-8080-exec-7] [INFO] - Request [模型列表查询] completed in 11 ms
[2026-09-17 20:33:01.690] [gas-forecast] [] [] [c.g.forecast.common.web.WebLogAspect] [http-nio-8080-exec-8] [INFO] - Request [区域列表查询] POST /gas-forecast/base-region/listPage args={reqDTO=BaseRegionPageReqDTO[page=1, size=1000, keyword=null]}
[2026-09-17 20:33:01.693] [gas-forecast] [] [] [c.g.forecast.common.web.WebLogAspect] [http-nio-8080-exec-8] [INFO] - Request [区域列表查询] completed in 3 ms
[2026-09-17 20:33:01.702] [gas-forecast] [] [] [c.g.forecast.common.web.WebLogAspect] [http-nio-8080-exec-9] [INFO] - Request [特征定义列表查询] POST /gas-forecast/model-feature-definition/listPage args={reqDTO=ModelFeatureDefinitionPageReqDTO[page=1, size=500, keyword=null]}
[2026-09-17 20:33:01.706] [gas-forecast] [] [] [c.g.forecast.common.web.WebLogAspect] [http-nio-8080-exec-9] [INFO] - Request [特征定义列表查询] completed in 4 ms
[2026-09-17 20:34:40.280] [gas-forecast] [] [] [c.g.forecast.common.web.WebLogAspect] [http-nio-8080-exec-10] [INFO] - Request [模型列表查询] POST /gas-forecast/model-config/listPage args={reqDTO=ModelConfigPageReqDTO[page=1, size=10, keyword=null]}
[2026-09-17 20:34:40.294] [gas-forecast] [] [] [c.g.forecast.common.web.WebLogAspect] [http-nio-8080-exec-10] [INFO] - Request [模型列表查询] completed in 14 ms
[2026-09-17 20:34:56.468] [gas-forecast] [] [] [c.g.forecast.common.web.WebLogAspect] [http-nio-8080-exec-1] [INFO] - Request [模型列表查询] POST /gas-forecast/model-config/listPage args={reqDTO=ModelConfigPageReqDTO[page=1, size=10, keyword=null]}
[2026-09-17 20:34:56.477] [gas-forecast] [] [] [c.g.forecast.common.web.WebLogAspect] [http-nio-8080-exec-1] [INFO] - Request [模型列表查询] completed in 9 ms
[2026-09-17 20:35:44.685] [gas-forecast] [] [] [c.g.forecast.common.web.WebLogAspect] [http-nio-8080-exec-2] [INFO] - Request [模型列表查询] POST /gas-forecast/model-config/listPage args={reqDTO=ModelConfigPageReqDTO[page=1, size=10, keyword=null]}
[2026-09-17 20:35:44.695] [gas-forecast] [] [] [c.g.forecast.common.web.WebLogAspect] [http-nio-8080-exec-2] [INFO] - Request [模型列表查询] completed in 10 ms
[2026-09-17 20:36:26.155] [gas-forecast] [] [] [c.g.forecast.common.web.WebLogAspect] [http-nio-8080-exec-3] [INFO] - Request [获取当前登录用户权限] GET /gas-forecast/auth/permissions args={}
[2026-09-17 20:36:26.170] [gas-forecast] [] [] [c.g.forecast.common.web.WebLogAspect] [http-nio-8080-exec-3] [INFO] - Request [获取当前登录用户权限] completed in 15 ms
[2026-09-17 20:36:26.173] [gas-forecast] [] [] [c.g.forecast.common.web.WebLogAspect] [http-nio-8080-exec-4] [INFO] - Request [模型列表查询] POST /gas-forecast/model-config/listPage args={reqDTO=ModelConfigPageReqDTO[page=1, size=10, keyword=null]}
[2026-09-17 20:36:26.182] [gas-forecast] [] [] [c.g.forecast.common.web.WebLogAspect] [http-nio-8080-exec-4] [INFO] - Request [模型列表查询] completed in 9 ms
[2026-09-17 20:36:28.369] [gas-forecast] [] [] [c.g.forecast.common.web.WebLogAspect] [http-nio-8080-exec-5] [INFO] - Request [区域列表查询] POST /gas-forecast/base-region/listPage args={reqDTO=BaseRegionPageReqDTO[page=1, size=1000, keyword=null]}
[2026-09-17 20:36:28.372] [gas-forecast] [] [] [c.g.forecast.common.web.WebLogAspect] [http-nio-8080-exec-5] [INFO] - Request [区域列表查询] completed in 3 ms
[2026-09-17 20:36:28.386] [gas-forecast] [] [] [c.g.forecast.common.web.WebLogAspect] [http-nio-8080-exec-6] [INFO] - Request [特征定义列表查询] POST /gas-forecast/model-feature-definition/listPage args={reqDTO=ModelFeatureDefinitionPageReqDTO[page=1, size=500, keyword=null]}
[2026-09-17 20:36:28.390] [gas-forecast] [] [] [c.g.forecast.common.web.WebLogAspect] [http-nio-8080-exec-6] [INFO] - Request [特征定义列表查询] completed in 4 ms
[2026-09-17 20:39:49.184] [gas-forecast] [] [] [c.g.forecast.common.web.WebLogAspect] [http-nio-8080-exec-8] [INFO] - Request [获取当前登录用户权限] GET /gas-forecast/auth/permissions args={}
[2026-09-17 20:39:49.203] [gas-forecast] [] [] [c.g.forecast.common.web.WebLogAspect] [http-nio-8080-exec-8] [INFO] - Request [获取当前登录用户权限] completed in 19 ms
[2026-09-17 20:39:49.229] [gas-forecast] [] [] [c.g.forecast.common.web.WebLogAspect] [http-nio-8080-exec-9] [INFO] - Request [模型列表查询] POST /gas-forecast/model-config/listPage args={reqDTO=ModelConfigPageReqDTO[page=1, size=10, keyword=null]}
[2026-09-17 20:39:49.240] [gas-forecast] [] [] [c.g.forecast.common.web.WebLogAspect] [http-nio-8080-exec-9] [INFO] - Request [模型列表查询] completed in 11 ms
[2026-09-17 20:42:21.785] [gas-forecast] [] [] [c.g.forecast.common.web.WebLogAspect] [http-nio-8080-exec-10] [INFO] - Request [获取当前登录用户权限] GET /gas-forecast/auth/permissions args={}
[2026-09-17 20:42:21.803] [gas-forecast] [] [] [c.g.forecast.common.web.WebLogAspect] [http-nio-8080-exec-10] [INFO] - Request [获取当前登录用户权限] completed in 18 ms
[2026-09-17 20:42:21.817] [gas-forecast] [] [] [c.g.forecast.common.web.WebLogAspect] [http-nio-8080-exec-1] [INFO] - Request [模型列表查询] POST /gas-forecast/model-config/listPage args={reqDTO=ModelConfigPageReqDTO[page=1, size=10, keyword=null]}
[2026-09-17 20:42:21.827] [gas-forecast] [] [] [c.g.forecast.common.web.WebLogAspect] [http-nio-8080-exec-1] [INFO] - Request [模型列表查询] completed in 10 ms
[2026-09-17 20:44:43.465] [gas-forecast] [] [] [com.zaxxer.hikari.HikariDataSource] [SpringApplicationShutdownHook] [INFO] - HikariPool-1 - Shutdown initiated...
[2026-09-17 20:44:43.467] [gas-forecast] [] [] [com.zaxxer.hikari.HikariDataSource] [SpringApplicationShutdownHook] [INFO] - HikariPool-1 - Shutdown completed.
[2026-09-17 20:44:44.529] [gas-forecast] [] [] [o.h.validator.internal.util.Version] [background-preinit] [INFO] - HV000001: Hibernate Validator 8.0.1.Final
[2026-09-17 20:44:44.541] [gas-forecast] [] [] [c.g.f.GasForecastStartupApplication] [main] [INFO] - Starting GasForecastStartupApplication using Java 21.0.11 with PID 13749 (/Users/zoujun/work/workspace/shiyou/gas-forecast/gas-forecast-startup/target/classes started by zoujun in /Users/zoujun/work/workspace/shiyou/gas-forecast)
[2026-09-17 20:44:44.542] [gas-forecast] [] [] [c.g.f.GasForecastStartupApplication] [main] [INFO] - The following 1 profile is active: "dev"
[2026-09-17 20:44:44.835] [gas-forecast] [] [] [o.s.d.r.c.RepositoryConfigurationDelegate] [main] [INFO] - Multiple Spring Data modules found, entering strict repository configuration mode
[2026-09-17 20:44:44.836] [gas-forecast] [] [] [o.s.d.r.c.RepositoryConfigurationDelegate] [main] [INFO] - Bootstrapping Spring Data Redis repositories in DEFAULT mode.
[2026-09-17 20:44:44.854] [gas-forecast] [] [] [o.s.d.r.c.RepositoryConfigurationDelegate] [main] [INFO] - Finished Spring Data repository scanning in 11 ms. Found 0 Redis repository interfaces.
[2026-09-17 20:44:45.150] [gas-forecast] [] [] [o.s.b.w.e.tomcat.TomcatWebServer] [main] [INFO] - Tomcat initialized with port 8080 (http)
[2026-09-17 20:44:45.155] [gas-forecast] [] [] [o.a.coyote.http11.Http11NioProtocol] [main] [INFO] - Initializing ProtocolHandler ["http-nio-8080"]
[2026-09-17 20:44:45.155] [gas-forecast] [] [] [o.a.catalina.core.StandardService] [main] [INFO] - Starting service [Tomcat]
[2026-09-17 20:44:45.156] [gas-forecast] [] [] [o.a.catalina.core.StandardEngine] [main] [INFO] - Starting Servlet engine: [Apache Tomcat/10.1.20]
[2026-09-17 20:44:45.174] [gas-forecast] [] [] [o.a.c.c.C.[.[.[/gas-forecast]] [main] [INFO] - Initializing Spring embedded WebApplicationContext
[2026-09-17 20:44:45.174] [gas-forecast] [] [] [o.s.b.w.s.c.ServletWebServerApplicationContext] [main] [INFO] - Root WebApplicationContext: initialization completed in 617 ms
[2026-09-17 20:44:45.853] [gas-forecast] [] [] [o.a.coyote.http11.Http11NioProtocol] [main] [INFO] - Starting ProtocolHandler ["http-nio-8080"]
[2026-09-17 20:44:45.861] [gas-forecast] [] [] [o.s.b.w.e.tomcat.TomcatWebServer] [main] [INFO] - Tomcat started on port 8080 (http) with context path '/gas-forecast'
[2026-09-17 20:44:45.864] [gas-forecast] [] [] [c.g.f.GasForecastStartupApplication] [main] [INFO] - Started GasForecastStartupApplication in 1.545 seconds (process running for 1.807)
[2026-09-17 20:55:01.820] [gas-forecast] [] [] [o.a.c.c.C.[.[.[/gas-forecast]] [http-nio-8080-exec-1] [INFO] - Initializing Spring DispatcherServlet 'dispatcherServlet'
[2026-09-17 20:55:01.820] [gas-forecast] [] [] [o.s.web.servlet.DispatcherServlet] [http-nio-8080-exec-1] [INFO] - Initializing Servlet 'dispatcherServlet'
[2026-09-17 20:55:01.821] [gas-forecast] [] [] [o.s.web.servlet.DispatcherServlet] [http-nio-8080-exec-1] [INFO] - Completed initialization in 1 ms
[2026-09-17 20:55:01.986] [gas-forecast] [] [] [com.zaxxer.hikari.HikariDataSource] [http-nio-8080-exec-1] [INFO] - HikariPool-1 - Starting...
[2026-09-17 20:55:02.052] [gas-forecast] [] [] [com.zaxxer.hikari.pool.HikariPool] [http-nio-8080-exec-1] [INFO] - HikariPool-1 - Added connection com.mysql.cj.jdbc.ConnectionImpl@399d2160
[2026-09-17 20:55:02.053] [gas-forecast] [] [] [com.zaxxer.hikari.HikariDataSource] [http-nio-8080-exec-1] [INFO] - HikariPool-1 - Start completed.
[2026-09-17 20:55:02.134] [gas-forecast] [] [] [c.g.forecast.common.web.WebLogAspect] [http-nio-8080-exec-1] [INFO] - Request [区域列表查询] POST /gas-forecast/base-region/listPage args={reqDTO=BaseRegionPageReqDTO[page=1, size=1000, keyword=null]}
[2026-09-17 20:55:02.175] [gas-forecast] [] [] [c.g.forecast.common.web.WebLogAspect] [http-nio-8080-exec-1] [INFO] - Request [区域列表查询] completed in 42 ms
[2026-09-17 20:55:02.199] [gas-forecast] [] [] [c.g.forecast.common.web.WebLogAspect] [http-nio-8080-exec-2] [INFO] - Request [特征定义列表查询] POST /gas-forecast/model-feature-definition/listPage args={reqDTO=ModelFeatureDefinitionPageReqDTO[page=1, size=500, keyword=null]}
[2026-09-17 20:55:02.208] [gas-forecast] [] [] [c.g.forecast.common.web.WebLogAspect] [http-nio-8080-exec-2] [INFO] - Request [特征定义列表查询] completed in 9 ms
[2026-09-17 20:55:08.775] [gas-forecast] [] [] [com.zaxxer.hikari.HikariDataSource] [SpringApplicationShutdownHook] [INFO] - HikariPool-1 - Shutdown initiated...
[2026-09-17 20:55:08.777] [gas-forecast] [] [] [com.zaxxer.hikari.HikariDataSource] [SpringApplicationShutdownHook] [INFO] - HikariPool-1 - Shutdown completed.
[2026-09-17 20:55:10.052] [gas-forecast] [] [] [o.h.validator.internal.util.Version] [background-preinit] [INFO] - HV000001: Hibernate Validator 8.0.1.Final
[2026-09-17 20:55:10.065] [gas-forecast] [] [] [c.g.f.GasForecastStartupApplication] [main] [INFO] - Starting GasForecastStartupApplication using Java 21.0.11 with PID 17093 (/Users/zoujun/work/workspace/shiyou/gas-forecast/gas-forecast-startup/target/classes started by zoujun in /Users/zoujun/work/workspace/shiyou/gas-forecast)
[2026-09-17 20:55:10.065] [gas-forecast] [] [] [c.g.f.GasForecastStartupApplication] [main] [INFO] - The following 1 profile is active: "dev"
[2026-09-17 20:55:10.326] [gas-forecast] [] [] [o.s.d.r.c.RepositoryConfigurationDelegate] [main] [INFO] - Multiple Spring Data modules found, entering strict repository configuration mode
[2026-09-17 20:55:10.327] [gas-forecast] [] [] [o.s.d.r.c.RepositoryConfigurationDelegate] [main] [INFO] - Bootstrapping Spring Data Redis repositories in DEFAULT mode.
[2026-09-17 20:55:10.343] [gas-forecast] [] [] [o.s.d.r.c.RepositoryConfigurationDelegate] [main] [INFO] - Finished Spring Data repository scanning in 10 ms. Found 0 Redis repository interfaces.
[2026-09-17 20:55:10.612] [gas-forecast] [] [] [o.s.b.w.e.tomcat.TomcatWebServer] [main] [INFO] - Tomcat initialized with port 8080 (http)
[2026-09-17 20:55:10.616] [gas-forecast] [] [] [o.a.coyote.http11.Http11NioProtocol] [main] [INFO] - Initializing ProtocolHandler ["http-nio-8080"]
[2026-09-17 20:55:10.616] [gas-forecast] [] [] [o.a.catalina.core.StandardService] [main] [INFO] - Starting service [Tomcat]
[2026-09-17 20:55:10.616] [gas-forecast] [] [] [o.a.catalina.core.StandardEngine] [main] [INFO] - Starting Servlet engine: [Apache Tomcat/10.1.20]
[2026-09-17 20:55:10.632] [gas-forecast] [] [] [o.a.c.c.C.[.[.[/gas-forecast]] [main] [INFO] - Initializing Spring embedded WebApplicationContext
[2026-09-17 20:55:10.632] [gas-forecast] [] [] [o.s.b.w.s.c.ServletWebServerApplicationContext] [main] [INFO] - Root WebApplicationContext: initialization completed in 547 ms
[2026-09-17 20:55:11.271] [gas-forecast] [] [] [o.a.coyote.http11.Http11NioProtocol] [main] [INFO] - Starting ProtocolHandler ["http-nio-8080"]
[2026-09-17 20:55:11.278] [gas-forecast] [] [] [o.s.b.w.e.tomcat.TomcatWebServer] [main] [INFO] - Tomcat started on port 8080 (http) with context path '/gas-forecast'
[2026-09-17 20:55:11.281] [gas-forecast] [] [] [c.g.f.GasForecastStartupApplication] [main] [INFO] - Started GasForecastStartupApplication in 1.415 seconds (process running for 1.835)
[2026-09-17 20:55:18.875] [gas-forecast] [] [] [o.a.c.c.C.[.[.[/gas-forecast]] [http-nio-8080-exec-2] [INFO] - Initializing Spring DispatcherServlet 'dispatcherServlet'
[2026-09-17 20:55:18.875] [gas-forecast] [] [] [o.s.web.servlet.DispatcherServlet] [http-nio-8080-exec-2] [INFO] - Initializing Servlet 'dispatcherServlet'
[2026-09-17 20:55:18.876] [gas-forecast] [] [] [o.s.web.servlet.DispatcherServlet] [http-nio-8080-exec-2] [INFO] - Completed initialization in 1 ms
[2026-09-17 20:55:18.949] [gas-forecast] [] [] [c.g.forecast.common.web.WebLogAspect] [http-nio-8080-exec-2] [INFO] - Request [模型列表查询] POST /gas-forecast/model-config/listPage args={reqDTO=ModelConfigPageReqDTO[page=1, size=10, keyword=null]}
[2026-09-17 20:55:19.004] [gas-forecast] [] [] [com.zaxxer.hikari.HikariDataSource] [http-nio-8080-exec-2] [INFO] - HikariPool-1 - Starting...
[2026-09-17 20:55:19.054] [gas-forecast] [] [] [c.g.forecast.common.web.WebLogAspect] [http-nio-8080-exec-1] [INFO] - Request [获取当前登录用户权限] GET /gas-forecast/auth/permissions args={}
[2026-09-17 20:55:19.079] [gas-forecast] [] [] [com.zaxxer.hikari.pool.HikariPool] [http-nio-8080-exec-2] [INFO] - HikariPool-1 - Added connection com.mysql.cj.jdbc.ConnectionImpl@1d210b74
[2026-09-17 20:55:19.080] [gas-forecast] [] [] [com.zaxxer.hikari.HikariDataSource] [http-nio-8080-exec-2] [INFO] - HikariPool-1 - Start completed.
[2026-09-17 20:55:19.120] [gas-forecast] [] [] [c.g.forecast.common.web.WebLogAspect] [http-nio-8080-exec-1] [INFO] - Request [获取当前登录用户权限] completed in 66 ms
[2026-09-17 20:55:19.125] [gas-forecast] [] [] [c.g.forecast.common.web.WebLogAspect] [http-nio-8080-exec-2] [INFO] - Request [模型列表查询] completed in 177 ms
[2026-09-17 20:55:20.462] [gas-forecast] [] [] [c.g.forecast.common.web.WebLogAspect] [http-nio-8080-exec-3] [INFO] - Request [区域列表查询] POST /gas-forecast/base-region/listPage args={reqDTO=BaseRegionPageReqDTO[page=1, size=1000, keyword=null]}
[2026-09-17 20:55:20.467] [gas-forecast] [] [] [c.g.forecast.common.web.WebLogAspect] [http-nio-8080-exec-3] [INFO] - Request [区域列表查询] completed in 5 ms
[2026-09-17 20:55:20.478] [gas-forecast] [] [] [c.g.forecast.common.web.WebLogAspect] [http-nio-8080-exec-4] [INFO] - Request [特征定义列表查询] POST /gas-forecast/model-feature-definition/listPage args={reqDTO=ModelFeatureDefinitionPageReqDTO[page=1, size=500, keyword=null]}
[2026-09-17 20:55:20.485] [gas-forecast] [] [] [c.g.forecast.common.web.WebLogAspect] [http-nio-8080-exec-4] [INFO] - Request [特征定义列表查询] completed in 7 ms
[2026-09-17 20:55:29.769] [gas-forecast] [] [] [c.g.forecast.common.web.WebLogAspect] [http-nio-8080-exec-5] [INFO] - Request [配置模型适用范围] POST /gas-forecast/model-config/updateScope args={reqDTO=ModelConfigScopeUpdateReqDTO[id=1, regionCode=null, industryCode=null, customerCode=null, regionCodes=[REG000011, REG000010, REG000009, REG000008, REG000007, REG000006, REG000005], industryCodes=[], customerCodes=[], featureRefs=[FeatureRefItem[featureId=5, requiredFlag=0, featureOrder=1], FeatureRefItem[featureId=4, requiredFlag=0, featureOrder=2], FeatureRefItem[featureId=3, requiredFlag=0, featureOrder=3], FeatureRefItem[featureId=2, requiredFlag=0, featureOrder=4], FeatureRefItem[featureId=1, requiredFlag=0, featureOrder=5]]]}
[2026-09-17 20:55:29.801] [gas-forecast] [] [] [c.g.forecast.common.web.WebLogAspect] [http-nio-8080-exec-5] [INFO] - Request [配置模型适用范围] completed in 34 ms
[2026-09-17 20:55:29.806] [gas-forecast] [] [] [c.g.forecast.common.web.WebLogAspect] [http-nio-8080-exec-6] [INFO] - Request [模型列表查询] POST /gas-forecast/model-config/listPage args={reqDTO=ModelConfigPageReqDTO[page=1, size=10, keyword=null]}
[2026-09-17 20:55:29.816] [gas-forecast] [] [] [c.g.forecast.common.web.WebLogAspect] [http-nio-8080-exec-6] [INFO] - Request [模型列表查询] completed in 10 ms
[2026-09-17 20:59:10.707] [gas-forecast] [] [] [c.g.forecast.common.web.WebLogAspect] [http-nio-8080-exec-7] [INFO] - Request [训练特征数据列表查询] POST /gas-forecast/model-train-feature-data/listPage args={reqDTO=ModelTrainFeatureDataPageReqDTO[page=1, size=10, keyword=null]}
[2026-09-17 20:59:10.760] [gas-forecast] [] [] [c.g.forecast.common.web.WebLogAspect] [http-nio-8080-exec-7] [INFO] - Request [训练特征数据列表查询] completed in 53 ms
[2026-09-17 20:59:32.014] [gas-forecast] [] [] [c.g.forecast.common.web.WebLogAspect] [http-nio-8080-exec-8] [INFO] - Request [训练特征数据列表查询] POST /gas-forecast/model-train-feature-data/listPage args={reqDTO=ModelTrainFeatureDataPageReqDTO[page=2, size=10, keyword=null]}
[2026-09-17 20:59:32.049] [gas-forecast] [] [] [c.g.forecast.common.web.WebLogAspect] [http-nio-8080-exec-8] [INFO] - Request [训练特征数据列表查询] completed in 35 ms
[2026-09-17 20:59:33.908] [gas-forecast] [] [] [c.g.forecast.common.web.WebLogAspect] [http-nio-8080-exec-9] [INFO] - Request [训练特征数据列表查询] POST /gas-forecast/model-train-feature-data/listPage args={reqDTO=ModelTrainFeatureDataPageReqDTO[page=3, size=10, keyword=null]}
[2026-09-17 20:59:33.942] [gas-forecast] [] [] [c.g.forecast.common.web.WebLogAspect] [http-nio-8080-exec-9] [INFO] - Request [训练特征数据列表查询] completed in 34 ms
[2026-09-17 20:59:38.015] [gas-forecast] [] [] [c.g.forecast.common.web.WebLogAspect] [http-nio-8080-exec-10] [INFO] - Request [训练特征数据列表查询] POST /gas-forecast/model-train-feature-data/listPage args={reqDTO=ModelTrainFeatureDataPageReqDTO[page=1, size=50, keyword=null]}
[2026-09-17 20:59:38.051] [gas-forecast] [] [] [c.g.forecast.common.web.WebLogAspect] [http-nio-8080-exec-10] [INFO] - Request [训练特征数据列表查询] completed in 36 ms
[2026-09-17 20:59:48.245] [gas-forecast] [] [] [c.g.forecast.common.web.WebLogAspect] [http-nio-8080-exec-1] [INFO] - Request [特征定义列表查询] POST /gas-forecast/model-feature-definition/listPage args={reqDTO=ModelFeatureDefinitionPageReqDTO[page=1, size=10, keyword=null]}
[2026-09-17 20:59:48.250] [gas-forecast] [] [] [c.g.forecast.common.web.WebLogAspect] [http-nio-8080-exec-1] [INFO] - Request [特征定义列表查询] completed in 5 ms
[2026-09-17 21:01:13.620] [gas-forecast] [] [] [c.g.forecast.common.web.WebLogAspect] [http-nio-8080-exec-2] [INFO] - Request [训练特征数据列表查询] POST /gas-forecast/model-train-feature-data/listPage args={reqDTO=ModelTrainFeatureDataPageReqDTO[page=1, size=10, keyword=null]}
[2026-09-17 21:01:13.663] [gas-forecast] [] [] [c.g.forecast.common.web.WebLogAspect] [http-nio-8080-exec-2] [INFO] - Request [训练特征数据列表查询] completed in 43 ms
[2026-09-17 21:01:14.697] [gas-forecast] [] [] [c.g.forecast.common.web.WebLogAspect] [http-nio-8080-exec-3] [INFO] - Request [特征定义列表查询] POST /gas-forecast/model-feature-definition/listPage args={reqDTO=ModelFeatureDefinitionPageReqDTO[page=1, size=10, keyword=null]}
[2026-09-17 21:01:14.702] [gas-forecast] [] [] [c.g.forecast.common.web.WebLogAspect] [http-nio-8080-exec-3] [INFO] - Request [特征定义列表查询] completed in 5 ms
[2026-09-17 21:01:17.032] [gas-forecast] [] [] [c.g.forecast.common.web.WebLogAspect] [http-nio-8080-exec-4] [INFO] - Request [模型列表查询] POST /gas-forecast/model-config/listPage args={reqDTO=ModelConfigPageReqDTO[page=1, size=10, keyword=null]}
[2026-09-17 21:01:17.042] [gas-forecast] [] [] [c.g.forecast.common.web.WebLogAspect] [http-nio-8080-exec-4] [INFO] - Request [模型列表查询] completed in 10 ms
[2026-09-17 21:02:09.437] [gas-forecast] [] [] [c.g.forecast.common.web.WebLogAspect] [http-nio-8080-exec-5] [INFO] - Request [区域列表查询] POST /gas-forecast/base-region/listPage args={reqDTO=BaseRegionPageReqDTO[page=1, size=1000, keyword=null]}
[2026-09-17 21:02:09.440] [gas-forecast] [] [] [c.g.forecast.common.web.WebLogAspect] [http-nio-8080-exec-5] [INFO] - Request [区域列表查询] completed in 4 ms
[2026-09-17 21:02:09.447] [gas-forecast] [] [] [c.g.forecast.common.web.WebLogAspect] [http-nio-8080-exec-6] [INFO] - Request [特征定义列表查询] POST /gas-forecast/model-feature-definition/listPage args={reqDTO=ModelFeatureDefinitionPageReqDTO[page=1, size=500, keyword=null]}
[2026-09-17 21:02:09.452] [gas-forecast] [] [] [c.g.forecast.common.web.WebLogAspect] [http-nio-8080-exec-6] [INFO] - Request [特征定义列表查询] completed in 5 ms
[2026-09-17 21:05:39.798] [gas-forecast] [] [] [c.g.forecast.common.web.WebLogAspect] [http-nio-8080-exec-7] [INFO] - Request [获取当前登录用户权限] GET /gas-forecast/auth/permissions args={}
[2026-09-17 21:05:39.817] [gas-forecast] [] [] [c.g.forecast.common.web.WebLogAspect] [http-nio-8080-exec-8] [INFO] - Request [模型列表查询] POST /gas-forecast/model-config/listPage args={reqDTO=ModelConfigPageReqDTO[page=1, size=10, keyword=null]}
[2026-09-17 21:05:39.818] [gas-forecast] [] [] [c.g.forecast.common.web.WebLogAspect] [http-nio-8080-exec-7] [INFO] - Request [获取当前登录用户权限] completed in 20 ms
[2026-09-17 21:05:39.827] [gas-forecast] [] [] [c.g.forecast.common.web.WebLogAspect] [http-nio-8080-exec-8] [INFO] - Request [模型列表查询] completed in 10 ms
[2026-09-17 21:11:22.817] [gas-forecast] [] [] [c.g.forecast.common.web.WebLogAspect] [http-nio-8080-exec-9] [INFO] - Request [区域列表查询] POST /gas-forecast/base-region/listPage args={reqDTO=BaseRegionPageReqDTO[page=1, size=1000, keyword=null]}
[2026-09-17 21:11:22.822] [gas-forecast] [] [] [c.g.forecast.common.web.WebLogAspect] [http-nio-8080-exec-9] [INFO] - Request [区域列表查询] completed in 5 ms
[2026-09-17 21:11:22.826] [gas-forecast] [] [] [c.g.forecast.common.web.WebLogAspect] [http-nio-8080-exec-10] [INFO] - Request [特征定义列表查询] POST /gas-forecast/model-feature-definition/listPage args={reqDTO=ModelFeatureDefinitionPageReqDTO[page=1, size=500, keyword=null]}
[2026-09-17 21:11:22.830] [gas-forecast] [] [] [c.g.forecast.common.web.WebLogAspect] [http-nio-8080-exec-10] [INFO] - Request [特征定义列表查询] completed in 4 ms
[2026-09-17 21:14:46.276] [gas-forecast] [] [] [c.g.forecast.common.web.WebLogAspect] [http-nio-8080-exec-1] [INFO] - Request [模型列表查询] POST /gas-forecast/model-config/listPage args={reqDTO=ModelConfigPageReqDTO[page=1, size=10, keyword=null]}
[2026-09-17 21:14:46.297] [gas-forecast] [] [] [c.g.forecast.common.web.WebLogAspect] [http-nio-8080-exec-1] [INFO] - Request [模型列表查询] completed in 21 ms
[2026-09-17 21:18:15.053] [gas-forecast] [] [] [c.g.forecast.common.web.WebLogAspect] [http-nio-8080-exec-2] [INFO] - Request [模型列表查询] POST /gas-forecast/model-config/listPage args={reqDTO=ModelConfigPageReqDTO[page=1, size=10, keyword=null]}
[2026-09-17 21:18:15.067] [gas-forecast] [] [] [c.g.forecast.common.web.WebLogAspect] [http-nio-8080-exec-3] [INFO] - Request [模型列表查询] POST /gas-forecast/model-config/listPage args={reqDTO=ModelConfigPageReqDTO[page=1, size=10, keyword=null]}
[2026-09-17 21:18:15.077] [gas-forecast] [] [] [c.g.forecast.common.web.WebLogAspect] [http-nio-8080-exec-2] [INFO] - Request [模型列表查询] completed in 24 ms
[2026-09-17 21:18:15.077] [gas-forecast] [] [] [c.g.forecast.common.web.WebLogAspect] [http-nio-8080-exec-3] [INFO] - Request [模型列表查询] completed in 10 ms
[2026-09-17 21:23:40.124] [gas-forecast] [] [] [com.zaxxer.hikari.HikariDataSource] [SpringApplicationShutdownHook] [INFO] - HikariPool-1 - Shutdown initiated...
[2026-09-17 21:23:40.126] [gas-forecast] [] [] [com.zaxxer.hikari.HikariDataSource] [SpringApplicationShutdownHook] [INFO] - HikariPool-1 - Shutdown completed.
[2026-09-17 21:23:41.965] [gas-forecast] [] [] [o.h.validator.internal.util.Version] [background-preinit] [INFO] - HV000001: Hibernate Validator 8.0.1.Final
[2026-09-17 21:23:41.975] [gas-forecast] [] [] [c.g.f.GasForecastStartupApplication] [main] [INFO] - Starting GasForecastStartupApplication using Java 21.0.11 with PID 25084 (/Users/zoujun/work/workspace/shiyou/gas-forecast/gas-forecast-startup/target/classes started by zoujun in /Users/zoujun/work/workspace/shiyou/gas-forecast)
[2026-09-17 21:23:41.975] [gas-forecast] [] [] [c.g.f.GasForecastStartupApplication] [main] [INFO] - The following 1 profile is active: "dev"
[2026-09-17 21:23:42.242] [gas-forecast] [] [] [o.s.d.r.c.RepositoryConfigurationDelegate] [main] [INFO] - Multiple Spring Data modules found, entering strict repository configuration mode
[2026-09-17 21:23:42.243] [gas-forecast] [] [] [o.s.d.r.c.RepositoryConfigurationDelegate] [main] [INFO] - Bootstrapping Spring Data Redis repositories in DEFAULT mode.
[2026-09-17 21:23:42.260] [gas-forecast] [] [] [o.s.d.r.c.RepositoryConfigurationDelegate] [main] [INFO] - Finished Spring Data repository scanning in 11 ms. Found 0 Redis repository interfaces.
[2026-09-17 21:23:42.575] [gas-forecast] [] [] [o.s.b.w.e.tomcat.TomcatWebServer] [main] [INFO] - Tomcat initialized with port 8080 (http)
[2026-09-17 21:23:42.580] [gas-forecast] [] [] [o.a.coyote.http11.Http11NioProtocol] [main] [INFO] - Initializing ProtocolHandler ["http-nio-8080"]
[2026-09-17 21:23:42.581] [gas-forecast] [] [] [o.a.catalina.core.StandardService] [main] [INFO] - Starting service [Tomcat]
[2026-09-17 21:23:42.581] [gas-forecast] [] [] [o.a.catalina.core.StandardEngine] [main] [INFO] - Starting Servlet engine: [Apache Tomcat/10.1.20]
[2026-09-17 21:23:42.600] [gas-forecast] [] [] [o.a.c.c.C.[.[.[/gas-forecast]] [main] [INFO] - Initializing Spring embedded WebApplicationContext
[2026-09-17 21:23:42.600] [gas-forecast] [] [] [o.s.b.w.s.c.ServletWebServerApplicationContext] [main] [INFO] - Root WebApplicationContext: initialization completed in 610 ms
[2026-09-17 21:23:43.334] [gas-forecast] [] [] [o.a.coyote.http11.Http11NioProtocol] [main] [INFO] - Starting ProtocolHandler ["http-nio-8080"]
[2026-09-17 21:23:43.342] [gas-forecast] [] [] [o.s.b.w.e.tomcat.TomcatWebServer] [main] [INFO] - Tomcat started on port 8080 (http) with context path '/gas-forecast'
[2026-09-17 21:23:43.346] [gas-forecast] [] [] [c.g.f.GasForecastStartupApplication] [main] [INFO] - Started GasForecastStartupApplication in 1.55 seconds (process running for 1.822)
[2026-09-17 21:23:44.191] [gas-forecast] [] [] [o.a.c.c.C.[.[.[/gas-forecast]] [http-nio-8080-exec-1] [INFO] - Initializing Spring DispatcherServlet 'dispatcherServlet'
[2026-09-17 21:23:44.191] [gas-forecast] [] [] [o.s.web.servlet.DispatcherServlet] [http-nio-8080-exec-1] [INFO] - Initializing Servlet 'dispatcherServlet'
[2026-09-17 21:23:44.192] [gas-forecast] [] [] [o.s.web.servlet.DispatcherServlet] [http-nio-8080-exec-1] [INFO] - Completed initialization in 1 ms
[2026-09-17 21:23:44.265] [gas-forecast] [] [] [c.g.forecast.common.web.WebLogAspect] [http-nio-8080-exec-3] [INFO] - Request [模型列表查询] POST /gas-forecast/model-config/listPage args={reqDTO=ModelConfigPageReqDTO[page=1, size=10, keyword=null]}
[2026-09-17 21:23:44.320] [gas-forecast] [] [] [com.zaxxer.hikari.HikariDataSource] [http-nio-8080-exec-3] [INFO] - HikariPool-1 - Starting...
[2026-09-17 21:23:44.370] [gas-forecast] [] [] [c.g.forecast.common.web.WebLogAspect] [http-nio-8080-exec-1] [INFO] - Request [获取当前登录用户权限] GET /gas-forecast/auth/permissions args={}
[2026-09-17 21:23:44.396] [gas-forecast] [] [] [com.zaxxer.hikari.pool.HikariPool] [http-nio-8080-exec-3] [INFO] - HikariPool-1 - Added connection com.mysql.cj.jdbc.ConnectionImpl@2eb34ddb
[2026-09-17 21:23:44.398] [gas-forecast] [] [] [com.zaxxer.hikari.HikariDataSource] [http-nio-8080-exec-3] [INFO] - HikariPool-1 - Start completed.
[2026-09-17 21:23:44.442] [gas-forecast] [] [] [c.g.forecast.common.web.WebLogAspect] [http-nio-8080-exec-1] [INFO] - Request [获取当前登录用户权限] completed in 72 ms
[2026-09-17 21:23:44.451] [gas-forecast] [] [] [c.g.forecast.common.web.WebLogAspect] [http-nio-8080-exec-3] [INFO] - Request [模型列表查询] completed in 187 ms
[2026-09-17 21:23:45.909] [gas-forecast] [] [] [c.g.forecast.common.web.WebLogAspect] [http-nio-8080-exec-2] [INFO] - Request [区域列表查询] POST /gas-forecast/base-region/listPage args={reqDTO=BaseRegionPageReqDTO[page=1, size=1000, keyword=null]}
[2026-09-17 21:23:45.913] [gas-forecast] [] [] [c.g.forecast.common.web.WebLogAspect] [http-nio-8080-exec-2] [INFO] - Request [区域列表查询] completed in 5 ms
[2026-09-17 21:23:45.926] [gas-forecast] [] [] [c.g.forecast.common.web.WebLogAspect] [http-nio-8080-exec-4] [INFO] - Request [特征定义列表查询] POST /gas-forecast/model-feature-definition/listPage args={reqDTO=ModelFeatureDefinitionPageReqDTO[page=1, size=500, keyword=null]}
[2026-09-17 21:23:45.931] [gas-forecast] [] [] [c.g.forecast.common.web.WebLogAspect] [http-nio-8080-exec-4] [INFO] - Request [特征定义列表查询] completed in 6 ms
[2026-09-17 21:23:58.119] [gas-forecast] [] [] [c.g.forecast.common.web.WebLogAspect] [http-nio-8080-exec-5] [INFO] - Request [训练特征数据列表查询] POST /gas-forecast/model-train-feature-data/listPage args={reqDTO=ModelTrainFeatureDataPageReqDTO[page=1, size=10, keyword=null]}
[2026-09-17 21:23:58.154] [gas-forecast] [] [] [c.g.forecast.common.web.WebLogAspect] [http-nio-8080-exec-5] [INFO] - Request [训练特征数据列表查询] completed in 35 ms
[2026-09-17 21:23:59.173] [gas-forecast] [] [] [c.g.forecast.common.web.WebLogAspect] [http-nio-8080-exec-6] [INFO] - Request [特征定义列表查询] POST /gas-forecast/model-feature-definition/listPage args={reqDTO=ModelFeatureDefinitionPageReqDTO[page=1, size=10, keyword=null]}
[2026-09-17 21:23:59.178] [gas-forecast] [] [] [c.g.forecast.common.web.WebLogAspect] [http-nio-8080-exec-6] [INFO] - Request [特征定义列表查询] completed in 5 ms
[2026-09-17 21:26:14.296] [gas-forecast] [] [] [c.g.forecast.common.web.WebLogAspect] [http-nio-8080-exec-7] [INFO] - Request [获取当前登录用户权限] GET /gas-forecast/auth/permissions args={}
[2026-09-17 21:26:14.315] [gas-forecast] [] [] [c.g.forecast.common.web.WebLogAspect] [http-nio-8080-exec-7] [INFO] - Request [获取当前登录用户权限] completed in 19 ms
[2026-09-17 21:26:14.316] [gas-forecast] [] [] [c.g.forecast.common.web.WebLogAspect] [http-nio-8080-exec-8] [INFO] - Request [特征定义列表查询] POST /gas-forecast/model-feature-definition/listPage args={reqDTO=ModelFeatureDefinitionPageReqDTO[page=1, size=10, keyword=null]}
[2026-09-17 21:26:14.320] [gas-forecast] [] [] [c.g.forecast.common.web.WebLogAspect] [http-nio-8080-exec-8] [INFO] - Request [特征定义列表查询] completed in 4 ms
[2026-09-17 21:39:35.447] [gas-forecast] [] [] [c.g.forecast.common.web.WebLogAspect] [http-nio-8080-exec-9] [INFO] - Request [获取当前登录用户权限] GET /gas-forecast/auth/permissions args={}
[2026-09-17 21:39:35.468] [gas-forecast] [] [] [c.g.forecast.common.web.WebLogAspect] [http-nio-8080-exec-9] [INFO] - Request [获取当前登录用户权限] completed in 21 ms
[2026-09-17 21:47:22.823] [gas-forecast] [] [] [c.g.forecast.common.web.WebLogAspect] [http-nio-8080-exec-10] [INFO] - Request [获取当前登录用户权限] GET /gas-forecast/auth/permissions args={}
[2026-09-17 21:47:22.840] [gas-forecast] [] [] [c.g.forecast.common.web.WebLogAspect] [http-nio-8080-exec-10] [INFO] - Request [获取当前登录用户权限] completed in 17 ms
[2026-09-17 21:51:14.435] [gas-forecast] [] [] [c.g.forecast.common.web.WebLogAspect] [http-nio-8080-exec-1] [INFO] - Request [区域列表查询] POST /gas-forecast/base-region/listPage args={reqDTO=BaseRegionPageReqDTO[page=1, size=10, keyword=null]}
[2026-09-17 21:51:14.440] [gas-forecast] [] [] [c.g.forecast.common.web.WebLogAspect] [http-nio-8080-exec-1] [INFO] - Request [区域列表查询] completed in 5 ms
[2026-09-17 21:51:18.854] [gas-forecast] [] [] [c.g.forecast.common.web.WebLogAspect] [http-nio-8080-exec-3] [INFO] - Request [模型列表查询] POST /gas-forecast/model-config/listPage args={reqDTO=ModelConfigPageReqDTO[page=1, size=10, keyword=null]}
[2026-09-17 21:51:18.865] [gas-forecast] [] [] [c.g.forecast.common.web.WebLogAspect] [http-nio-8080-exec-3] [INFO] - Request [模型列表查询] completed in 11 ms
[2026-09-17 21:51:20.376] [gas-forecast] [] [] [c.g.forecast.common.web.WebLogAspect] [http-nio-8080-exec-2] [INFO] - Request [训练特征数据列表查询] POST /gas-forecast/model-train-feature-data/listPage args={reqDTO=ModelTrainFeatureDataPageReqDTO[page=1, size=10, keyword=null]}
[2026-09-17 21:51:20.414] [gas-forecast] [] [] [c.g.forecast.common.web.WebLogAspect] [http-nio-8080-exec-2] [INFO] - Request [训练特征数据列表查询] completed in 38 ms
[2026-09-17 21:51:36.598] [gas-forecast] [] [] [c.g.forecast.common.web.WebLogAspect] [http-nio-8080-exec-4] [INFO] - Request [特征定义列表查询] POST /gas-forecast/model-feature-definition/listPage args={reqDTO=ModelFeatureDefinitionPageReqDTO[page=1, size=10, keyword=null]}
[2026-09-17 21:51:36.603] [gas-forecast] [] [] [c.g.forecast.common.web.WebLogAspect] [http-nio-8080-exec-4] [INFO] - Request [特征定义列表查询] completed in 5 ms
[2026-09-17 21:52:04.618] [gas-forecast] [] [] [c.g.forecast.common.web.WebLogAspect] [http-nio-8080-exec-5] [INFO] - Request [训练特征数据列表查询] POST /gas-forecast/model-train-feature-data/listPage args={reqDTO=ModelTrainFeatureDataPageReqDTO[page=1, size=10, keyword=null]}
[2026-09-17 21:52:04.656] [gas-forecast] [] [] [c.g.forecast.common.web.WebLogAspect] [http-nio-8080-exec-5] [INFO] - Request [训练特征数据列表查询] completed in 38 ms
[2026-09-17 21:52:05.723] [gas-forecast] [] [] [c.g.forecast.common.web.WebLogAspect] [http-nio-8080-exec-6] [INFO] - Request [模型列表查询] POST /gas-forecast/model-config/listPage args={reqDTO=ModelConfigPageReqDTO[page=1, size=10, keyword=null]}
[2026-09-17 21:52:05.738] [gas-forecast] [] [] [c.g.forecast.common.web.WebLogAspect] [http-nio-8080-exec-6] [INFO] - Request [模型列表查询] completed in 15 ms
[2026-09-17 21:55:58.132] [gas-forecast] [] [] [c.g.forecast.common.web.WebLogAspect] [http-nio-8080-exec-7] [INFO] - Request [模型列表查询] POST /gas-forecast/model-config/listPage args={reqDTO=ModelConfigPageReqDTO[page=1, size=10, keyword=null]}
[2026-09-17 21:55:58.145] [gas-forecast] [] [] [c.g.forecast.common.web.WebLogAspect] [http-nio-8080-exec-7] [INFO] - Request [模型列表查询] completed in 13 ms
[2026-09-17 22:13:25.881] [gas-forecast] [] [] [c.g.forecast.common.web.WebLogAspect] [http-nio-8080-exec-8] [INFO] - Request [获取当前登录用户权限] GET /gas-forecast/auth/permissions args={}
[2026-09-17 22:13:25.898] [gas-forecast] [] [] [c.g.forecast.common.web.WebLogAspect] [http-nio-8080-exec-8] [INFO] - Request [获取当前登录用户权限] completed in 17 ms
[2026-09-17 22:13:25.922] [gas-forecast] [] [] [c.g.forecast.common.web.WebLogAspect] [http-nio-8080-exec-9] [INFO] - Request [模型列表查询] POST /gas-forecast/model-config/listPage args={reqDTO=ModelConfigPageReqDTO[page=1, size=10, keyword=null]}
[2026-09-17 22:13:25.930] [gas-forecast] [] [] [c.g.forecast.common.web.WebLogAspect] [http-nio-8080-exec-9] [INFO] - Request [模型列表查询] completed in 8 ms
[2026-09-17 22:14:35.171] [gas-forecast] [] [] [com.zaxxer.hikari.HikariDataSource] [SpringApplicationShutdownHook] [INFO] - HikariPool-1 - Shutdown initiated...
[2026-09-17 22:14:35.172] [gas-forecast] [] [] [com.zaxxer.hikari.HikariDataSource] [SpringApplicationShutdownHook] [INFO] - HikariPool-1 - Shutdown completed.
[2026-09-17 22:14:37.730] [gas-forecast] [] [] [o.h.validator.internal.util.Version] [background-preinit] [INFO] - HV000001: Hibernate Validator 8.0.1.Final
[2026-09-17 22:14:37.742] [gas-forecast] [] [] [c.g.f.GasForecastStartupApplication] [main] [INFO] - Starting GasForecastStartupApplication using Java 21.0.11 with PID 37535 (/Users/zoujun/work/workspace/shiyou/gas-forecast/gas-forecast-startup/target/classes started by zoujun in /Users/zoujun/work/workspace/shiyou/gas-forecast)
[2026-09-17 22:14:37.742] [gas-forecast] [] [] [c.g.f.GasForecastStartupApplication] [main] [INFO] - The following 1 profile is active: "dev"
[2026-09-17 22:14:38.030] [gas-forecast] [] [] [o.s.d.r.c.RepositoryConfigurationDelegate] [main] [INFO] - Multiple Spring Data modules found, entering strict repository configuration mode
[2026-09-17 22:14:38.031] [gas-forecast] [] [] [o.s.d.r.c.RepositoryConfigurationDelegate] [main] [INFO] - Bootstrapping Spring Data Redis repositories in DEFAULT mode.
[2026-09-17 22:14:38.048] [gas-forecast] [] [] [o.s.d.r.c.RepositoryConfigurationDelegate] [main] [INFO] - Finished Spring Data repository scanning in 11 ms. Found 0 Redis repository interfaces.
[2026-09-17 22:14:38.350] [gas-forecast] [] [] [o.s.b.w.e.tomcat.TomcatWebServer] [main] [INFO] - Tomcat initialized with port 8080 (http)
[2026-09-17 22:14:38.354] [gas-forecast] [] [] [o.a.coyote.http11.Http11NioProtocol] [main] [INFO] - Initializing ProtocolHandler ["http-nio-8080"]
[2026-09-17 22:14:38.355] [gas-forecast] [] [] [o.a.catalina.core.StandardService] [main] [INFO] - Starting service [Tomcat]
[2026-09-17 22:14:38.355] [gas-forecast] [] [] [o.a.catalina.core.StandardEngine] [main] [INFO] - Starting Servlet engine: [Apache Tomcat/10.1.20]
[2026-09-17 22:14:38.373] [gas-forecast] [] [] [o.a.c.c.C.[.[.[/gas-forecast]] [main] [INFO] - Initializing Spring embedded WebApplicationContext
[2026-09-17 22:14:38.373] [gas-forecast] [] [] [o.s.b.w.s.c.ServletWebServerApplicationContext] [main] [INFO] - Root WebApplicationContext: initialization completed in 614 ms
[2026-09-17 22:14:39.055] [gas-forecast] [] [] [o.a.coyote.http11.Http11NioProtocol] [main] [INFO] - Starting ProtocolHandler ["http-nio-8080"]
[2026-09-17 22:14:39.062] [gas-forecast] [] [] [o.s.b.w.e.tomcat.TomcatWebServer] [main] [INFO] - Tomcat started on port 8080 (http) with context path '/gas-forecast'
[2026-09-17 22:14:39.066] [gas-forecast] [] [] [c.g.f.GasForecastStartupApplication] [main] [INFO] - Started GasForecastStartupApplication in 1.514 seconds (process running for 1.787)
[2026-09-17 22:32:06.260] [gas-forecast] [] [] [o.h.validator.internal.util.Version] [background-preinit] [INFO] - HV000001: Hibernate Validator 8.0.1.Final
[2026-09-17 22:32:06.272] [gas-forecast] [] [] [c.g.f.GasForecastStartupApplication] [main] [INFO] - Starting GasForecastStartupApplication using Java 21.0.11 with PID 44042 (/Users/zoujun/work/workspace/shiyou/gas-forecast/gas-forecast-startup/target/classes started by zoujun in /Users/zoujun/work/workspace/shiyou/gas-forecast)
[2026-09-17 22:32:06.272] [gas-forecast] [] [] [c.g.f.GasForecastStartupApplication] [main] [INFO] - The following 1 profile is active: "dev"
[2026-09-17 22:32:06.573] [gas-forecast] [] [] [o.s.d.r.c.RepositoryConfigurationDelegate] [main] [INFO] - Multiple Spring Data modules found, entering strict repository configuration mode
[2026-09-17 22:32:06.574] [gas-forecast] [] [] [o.s.d.r.c.RepositoryConfigurationDelegate] [main] [INFO] - Bootstrapping Spring Data Redis repositories in DEFAULT mode.
[2026-09-17 22:32:06.590] [gas-forecast] [] [] [o.s.d.r.c.RepositoryConfigurationDelegate] [main] [INFO] - Finished Spring Data repository scanning in 10 ms. Found 0 Redis repository interfaces.
[2026-09-17 22:32:06.880] [gas-forecast] [] [] [o.s.b.w.e.tomcat.TomcatWebServer] [main] [INFO] - Tomcat initialized with port 8080 (http)
[2026-09-17 22:32:06.884] [gas-forecast] [] [] [o.a.coyote.http11.Http11NioProtocol] [main] [INFO] - Initializing ProtocolHandler ["http-nio-8080"]
[2026-09-17 22:32:06.885] [gas-forecast] [] [] [o.a.catalina.core.StandardService] [main] [INFO] - Starting service [Tomcat]
[2026-09-17 22:32:06.885] [gas-forecast] [] [] [o.a.catalina.core.StandardEngine] [main] [INFO] - Starting Servlet engine: [Apache Tomcat/10.1.20]
[2026-09-17 22:32:06.902] [gas-forecast] [] [] [o.a.c.c.C.[.[.[/gas-forecast]] [main] [INFO] - Initializing Spring embedded WebApplicationContext
[2026-09-17 22:32:06.902] [gas-forecast] [] [] [o.s.b.w.s.c.ServletWebServerApplicationContext] [main] [INFO] - Root WebApplicationContext: initialization completed in 610 ms
[2026-09-17 22:32:07.557] [gas-forecast] [] [] [o.a.coyote.http11.Http11NioProtocol] [main] [INFO] - Starting ProtocolHandler ["http-nio-8080"]
[2026-09-17 22:32:07.564] [gas-forecast] [] [] [o.s.b.w.e.tomcat.TomcatWebServer] [main] [INFO] - Tomcat started on port 8080 (http) with context path '/gas-forecast'
[2026-09-17 22:32:07.568] [gas-forecast] [] [] [c.g.f.GasForecastStartupApplication] [main] [INFO] - Started GasForecastStartupApplication in 1.508 seconds (process running for 1.764)
[2026-09-17 22:32:49.361] [gas-forecast] [] [] [o.a.c.c.C.[.[.[/gas-forecast]] [http-nio-8080-exec-1] [INFO] - Initializing Spring DispatcherServlet 'dispatcherServlet'
[2026-09-17 22:32:49.361] [gas-forecast] [] [] [o.s.web.servlet.DispatcherServlet] [http-nio-8080-exec-1] [INFO] - Initializing Servlet 'dispatcherServlet'
[2026-09-17 22:32:49.362] [gas-forecast] [] [] [o.s.web.servlet.DispatcherServlet] [http-nio-8080-exec-1] [INFO] - Completed initialization in 1 ms
[2026-09-17 22:32:49.424] [gas-forecast] [] [] [c.g.forecast.common.web.WebLogAspect] [http-nio-8080-exec-1] [INFO] - Request [模型列表查询] POST /gas-forecast/model-config/listPage args={reqDTO=ModelConfigPageReqDTO[page=1, size=1000, keyword=null]}
[2026-09-17 22:32:49.471] [gas-forecast] [] [] [com.zaxxer.hikari.HikariDataSource] [http-nio-8080-exec-1] [INFO] - HikariPool-1 - Starting...
[2026-09-17 22:32:49.542] [gas-forecast] [] [] [com.zaxxer.hikari.pool.HikariPool] [http-nio-8080-exec-1] [INFO] - HikariPool-1 - Added connection com.mysql.cj.jdbc.ConnectionImpl@4077095
[2026-09-17 22:32:49.542] [gas-forecast] [] [] [com.zaxxer.hikari.HikariDataSource] [http-nio-8080-exec-1] [INFO] - HikariPool-1 - Start completed.
[2026-09-17 22:32:49.597] [gas-forecast] [] [] [c.g.forecast.common.web.WebLogAspect] [http-nio-8080-exec-1] [INFO] - Request [模型列表查询] completed in 173 ms
[2026-09-17 22:33:18.442] [gas-forecast] [] [] [c.g.forecast.common.web.WebLogAspect] [http-nio-8080-exec-2] [INFO] - Request [训练特征数据列表查询] POST /gas-forecast/model-train-feature-data/listPage args={reqDTO=ModelTrainFeatureDataPageReqDTO[page=1, size=10, keyword=null]}
[2026-09-17 22:33:18.481] [gas-forecast] [] [] [c.g.forecast.common.web.WebLogAspect] [http-nio-8080-exec-2] [INFO] - Request [训练特征数据列表查询] completed in 39 ms
[2026-09-17 22:33:22.401] [gas-forecast] [] [] [c.g.forecast.common.web.WebLogAspect] [http-nio-8080-exec-3] [INFO] - Request [特征定义列表查询] POST /gas-forecast/model-feature-definition/listPage args={reqDTO=ModelFeatureDefinitionPageReqDTO[page=1, size=10, keyword=null]}
[2026-09-17 22:33:22.407] [gas-forecast] [] [] [c.g.forecast.common.web.WebLogAspect] [http-nio-8080-exec-3] [INFO] - Request [特征定义列表查询] completed in 7 ms
[2026-09-17 22:33:25.027] [gas-forecast] [] [] [c.g.forecast.common.web.WebLogAspect] [http-nio-8080-exec-4] [INFO] - Request [训练特征数据列表查询] POST /gas-forecast/model-train-feature-data/listPage args={reqDTO=ModelTrainFeatureDataPageReqDTO[page=1, size=10, keyword=null]}
[2026-09-17 22:33:25.057] [gas-forecast] [] [] [c.g.forecast.common.web.WebLogAspect] [http-nio-8080-exec-4] [INFO] - Request [训练特征数据列表查询] completed in 30 ms
[2026-09-17 22:33:50.144] [gas-forecast] [] [] [c.g.forecast.common.web.WebLogAspect] [http-nio-8080-exec-5] [INFO] - Request [模型列表查询] POST /gas-forecast/model-config/listPage args={reqDTO=ModelConfigPageReqDTO[page=1, size=1000, keyword=null]}
[2026-09-17 22:33:50.156] [gas-forecast] [] [] [c.g.forecast.common.web.WebLogAspect] [http-nio-8080-exec-5] [INFO] - Request [模型列表查询] completed in 12 ms
[2026-09-17 22:34:27.309] [gas-forecast] [] [] [c.g.forecast.common.web.WebLogAspect] [http-nio-8080-exec-6] [INFO] - Request [训练特征数据列表查询] POST /gas-forecast/model-train-feature-data/listPage args={reqDTO=ModelTrainFeatureDataPageReqDTO[page=1, size=10, keyword=null]}
[2026-09-17 22:34:27.353] [gas-forecast] [] [] [c.g.forecast.common.web.WebLogAspect] [http-nio-8080-exec-6] [INFO] - Request [训练特征数据列表查询] completed in 44 ms
[2026-09-17 22:49:46.855] [gas-forecast] [] [] [c.g.forecast.common.web.WebLogAspect] [http-nio-8080-exec-8] [INFO] - Request [训练特征数据列表查询] POST /gas-forecast/model-train-feature-data/listPage args={reqDTO=ModelTrainFeatureDataPageReqDTO[page=1, size=10, keyword=null]}
[2026-09-17 22:49:46.904] [gas-forecast] [] [] [c.g.forecast.common.web.WebLogAspect] [http-nio-8080-exec-8] [INFO] - Request [训练特征数据列表查询] completed in 49 ms
[2026-09-17 22:49:46.969] [gas-forecast] [] [] [c.g.forecast.common.web.WebLogAspect] [http-nio-8080-exec-7] [INFO] - Request [获取当前登录用户权限] GET /gas-forecast/auth/permissions args={}
[2026-09-17 22:49:46.978] [gas-forecast] [] [] [c.g.forecast.common.web.WebLogAspect] [http-nio-8080-exec-7] [INFO] - Request [获取当前登录用户权限] completed in 9 ms
