[2026-09-11 14:16:13.243] [gas-forecast-startup] [] [] [c.g.f.d.m.B.selectList] [main] [DEBUG] - ==>  Preparing: SELECT id,region_code,region_name,region_type,parent_id,sort_no,enabled,remark,created_by,created_at,updated_by,updated_at,update_by_name,created_by_name FROM base_region_tb WHERE (region_name = ? AND region_type = ?) limit 1
[2026-09-11 14:16:13.251] [gas-forecast-startup] [] [] [c.g.f.d.m.B.selectList] [main] [DEBUG] - ==> Parameters: 江苏(String), PROVINCE(String)
[2026-09-11 14:16:13.259] [gas-forecast-startup] [] [] [c.g.f.d.m.B.selectList] [main] [DEBUG] - <==      Total: 0
[2026-09-11 14:16:13.263] [gas-forecast-startup] [] [] [c.g.f.d.m.M.delete] [main] [DEBUG] - ==>  Preparing: DELETE FROM model_forecast_result_tb WHERE (forecast_batch_no = ?)
[2026-09-11 14:16:13.263] [gas-forecast-startup] [] [] [c.g.f.d.m.M.delete] [main] [DEBUG] - ==> Parameters: WSFC-PRESET-001(String)
[2026-09-11 14:16:13.265] [gas-forecast-startup] [] [] [c.g.f.d.m.M.delete] [main] [DEBUG] - <==    Updates: 15
[2026-09-11 14:16:13.265] [gas-forecast-startup] [] [] [c.g.f.d.m.M.delete] [main] [DEBUG] - ==>  Preparing: DELETE FROM model_forecast_batch_tb WHERE (batch_no = ?)
[2026-09-11 14:16:13.265] [gas-forecast-startup] [] [] [c.g.f.d.m.M.delete] [main] [DEBUG] - ==> Parameters: WSFC-PRESET-001(String)
[2026-09-11 14:16:13.266] [gas-forecast-startup] [] [] [c.g.f.d.m.M.delete] [main] [DEBUG] - <==    Updates: 1
[2026-09-11 14:16:13.268] [gas-forecast-startup] [] [] [c.g.f.d.m.M.insert] [main] [DEBUG] - ==>  Preparing: INSERT INTO model_forecast_batch_tb ( batch_no, train_batch_no, agent_code, region_code, region_name, customer_code, customer_name, industry_code, industry_name, forecast_horizon, forecast_start_date, forecast_end_date, status, request_json, created_by, created_by_name ) VALUES ( ?, ?, ?, ?, ?, ?, ?, ?, ?, ?, ?, ?, ?, ?, ?, ? )
[2026-09-11 14:16:13.268] [gas-forecast-startup] [] [] [c.g.f.d.m.M.insert] [main] [DEBUG] - ==> Parameters: WSFC-PRESET-001(String), XQTRAIN-winter-supply-江苏(String), winter-supply(String), 江苏(String), 江苏(String), ALL(String), 全部客户(String), ALL(String), 全部行业(String), 15(Integer), 20261101(Integer), 2027-03-21(String), SUCCESS(String), {"agent_id":"winter-supply","source":"preset","model_name":"SeasonalMean3Y","industry":"全部行业","customer":"全部客户","metrics":{"mape":7.17,"mae":4757.26,"rmse":6950.99,"r2":0.23}}(String), system(String), 系统(String)
[2026-09-11 14:16:13.270] [gas-forecast-startup] [] [] [c.g.f.d.m.M.insert] [main] [DEBUG] - <==    Updates: 1
[2026-09-11 14:16:13.270] [gas-forecast-startup] [] [] [c.g.f.d.m.M.delete] [main] [DEBUG] - ==>  Preparing: DELETE FROM model_forecast_result_tb WHERE (forecast_batch_no = ?)
[2026-09-11 14:16:13.270] [gas-forecast-startup] [] [] [c.g.f.d.m.M.delete] [main] [DEBUG] - ==> Parameters: WSFC-PRESET-001(String)
[2026-09-11 14:16:13.271] [gas-forecast-startup] [] [] [c.g.f.d.m.M.delete] [main] [DEBUG] - <==    Updates: 0
[2026-09-11 14:16:13.271] [gas-forecast-startup] [] [] [c.g.f.d.m.M.insert] [main] [DEBUG] - ==>  Preparing: INSERT INTO model_forecast_result_tb ( forecast_batch_no, forecast_date, forecast_value ) VALUES ( ?, ?, ? )
[2026-09-11 14:16:13.271] [gas-forecast-startup] [] [] [c.g.f.d.m.M.insert] [main] [DEBUG] - ==> Parameters: WSFC-PRESET-001(String), 2026-11-01(String), 62452.141800000005(BigDecimal)
[2026-09-11 14:16:13.272] [gas-forecast-startup] [] [] [c.g.f.d.m.M.insert] [main] [DEBUG] - <==    Updates: 1
[2026-09-11 14:16:13.273] [gas-forecast-startup] [] [] [c.g.f.d.m.M.insert] [main] [DEBUG] - ==>  Preparing: INSERT INTO model_forecast_result_tb ( forecast_batch_no, forecast_date, forecast_value ) VALUES ( ?, ?, ? )
[2026-09-11 14:16:13.273] [gas-forecast-startup] [] [] [c.g.f.d.m.M.insert] [main] [DEBUG] - ==> Parameters: WSFC-PRESET-001(String), 2026-11-11(String), 69450.1108(BigDecimal)
[2026-09-11 14:16:13.273] [gas-forecast-startup] [] [] [c.g.f.d.m.M.insert] [main] [DEBUG] - <==    Updates: 1
[2026-09-11 14:16:13.273] [gas-forecast-startup] [] [] [c.g.f.d.m.M.insert] [main] [DEBUG] - ==>  Preparing: INSERT INTO model_forecast_result_tb ( forecast_batch_no, forecast_date, forecast_value ) VALUES ( ?, ?, ? )
[2026-09-11 14:16:13.274] [gas-forecast-startup] [] [] [c.g.f.d.m.M.insert] [main] [DEBUG] - ==> Parameters: WSFC-PRESET-001(String), 2026-11-21(String), 59515.5532(BigDecimal)
[2026-09-11 14:16:13.274] [gas-forecast-startup] [] [] [c.g.f.d.m.M.insert] [main] [DEBUG] - <==    Updates: 1
[2026-09-11 14:16:13.274] [gas-forecast-startup] [] [] [c.g.f.d.m.M.insert] [main] [DEBUG] - ==>  Preparing: INSERT INTO model_forecast_result_tb ( forecast_batch_no, forecast_date, forecast_value ) VALUES ( ?, ?, ? )
[2026-09-11 14:16:13.274] [gas-forecast-startup] [] [] [c.g.f.d.m.M.insert] [main] [DEBUG] - ==> Parameters: WSFC-PRESET-001(String), 2026-12-01(String), 62033.81033333333(BigDecimal)
[2026-09-11 14:16:13.275] [gas-forecast-startup] [] [] [c.g.f.d.m.M.insert] [main] [DEBUG] - <==    Updates: 1
[2026-09-11 14:16:13.275] [gas-forecast-startup] [] [] [c.g.f.d.m.M.insert] [main] [DEBUG] - ==>  Preparing: INSERT INTO model_forecast_result_tb ( forecast_batch_no, forecast_date, forecast_value ) VALUES ( ?, ?, ? )
[2026-09-11 14:16:13.275] [gas-forecast-startup] [] [] [c.g.f.d.m.M.insert] [main] [DEBUG] - ==> Parameters: WSFC-PRESET-001(String), 2026-12-11(String), 61872.60079999999(BigDecimal)
[2026-09-11 14:16:13.276] [gas-forecast-startup] [] [] [c.g.f.d.m.M.insert] [main] [DEBUG] - <==    Updates: 1
[2026-09-11 14:16:13.276] [gas-forecast-startup] [] [] [c.g.f.d.m.M.insert] [main] [DEBUG] - ==>  Preparing: INSERT INTO model_forecast_result_tb ( forecast_batch_no, forecast_date, forecast_value ) VALUES ( ?, ?, ? )
[2026-09-11 14:16:13.276] [gas-forecast-startup] [] [] [c.g.f.d.m.M.insert] [main] [DEBUG] - ==> Parameters: WSFC-PRESET-001(String), 2026-12-21(String), 71775.32526666667(BigDecimal)
[2026-09-11 14:16:13.276] [gas-forecast-startup] [] [] [c.g.f.d.m.M.insert] [main] [DEBUG] - <==    Updates: 1
[2026-09-11 14:16:13.277] [gas-forecast-startup] [] [] [c.g.f.d.m.M.insert] [main] [DEBUG] - ==>  Preparing: INSERT INTO model_forecast_result_tb ( forecast_batch_no, forecast_date, forecast_value ) VALUES ( ?, ?, ? )
[2026-09-11 14:16:13.277] [gas-forecast-startup] [] [] [c.g.f.d.m.M.insert] [main] [DEBUG] - ==> Parameters: WSFC-PRESET-001(String), 2027-01-01(String), 74405.03633333334(BigDecimal)
[2026-09-11 14:16:13.277] [gas-forecast-startup] [] [] [c.g.f.d.m.M.insert] [main] [DEBUG] - <==    Updates: 1
[2026-09-11 14:16:13.277] [gas-forecast-startup] [] [] [c.g.f.d.m.M.insert] [main] [DEBUG] - ==>  Preparing: INSERT INTO model_forecast_result_tb ( forecast_batch_no, forecast_date, forecast_value ) VALUES ( ?, ?, ? )
[2026-09-11 14:16:13.277] [gas-forecast-startup] [] [] [c.g.f.d.m.M.insert] [main] [DEBUG] - ==> Parameters: WSFC-PRESET-001(String), 2027-01-11(String), 78633.47723333332(BigDecimal)
[2026-09-11 14:16:13.278] [gas-forecast-startup] [] [] [c.g.f.d.m.M.insert] [main] [DEBUG] - <==    Updates: 1
[2026-09-11 14:16:13.278] [gas-forecast-startup] [] [] [c.g.f.d.m.M.insert] [main] [DEBUG] - ==>  Preparing: INSERT INTO model_forecast_result_tb ( forecast_batch_no, forecast_date, forecast_value ) VALUES ( ?, ?, ? )
[2026-09-11 14:16:13.278] [gas-forecast-startup] [] [] [c.g.f.d.m.M.insert] [main] [DEBUG] - ==> Parameters: WSFC-PRESET-001(String), 2027-01-21(String), 78838.3386(BigDecimal)
[2026-09-11 14:16:13.279] [gas-forecast-startup] [] [] [c.g.f.d.m.M.insert] [main] [DEBUG] - <==    Updates: 1
[2026-09-11 14:16:13.279] [gas-forecast-startup] [] [] [c.g.f.d.m.M.insert] [main] [DEBUG] - ==>  Preparing: INSERT INTO model_forecast_result_tb ( forecast_batch_no, forecast_date, forecast_value ) VALUES ( ?, ?, ? )
[2026-09-11 14:16:13.279] [gas-forecast-startup] [] [] [c.g.f.d.m.M.insert] [main] [DEBUG] - ==> Parameters: WSFC-PRESET-001(String), 2027-02-01(String), 72858.13429999999(BigDecimal)
[2026-09-11 14:16:13.279] [gas-forecast-startup] [] [] [c.g.f.d.m.M.insert] [main] [DEBUG] - <==    Updates: 1
[2026-09-11 14:16:13.280] [gas-forecast-startup] [] [] [c.g.f.d.m.M.insert] [main] [DEBUG] - ==>  Preparing: INSERT INTO model_forecast_result_tb ( forecast_batch_no, forecast_date, forecast_value ) VALUES ( ?, ?, ? )
[2026-09-11 14:16:13.280] [gas-forecast-startup] [] [] [c.g.f.d.m.M.insert] [main] [DEBUG] - ==> Parameters: WSFC-PRESET-001(String), 2027-02-11(String), 76642.91996666667(BigDecimal)
[2026-09-11 14:16:13.280] [gas-forecast-startup] [] [] [c.g.f.d.m.M.insert] [main] [DEBUG] - <==    Updates: 1
[2026-09-11 14:16:13.280] [gas-forecast-startup] [] [] [c.g.f.d.m.M.insert] [main] [DEBUG] - ==>  Preparing: INSERT INTO model_forecast_result_tb ( forecast_batch_no, forecast_date, forecast_value ) VALUES ( ?, ?, ? )
[2026-09-11 14:16:13.280] [gas-forecast-startup] [] [] [c.g.f.d.m.M.insert] [main] [DEBUG] - ==> Parameters: WSFC-PRESET-001(String), 2027-02-21(String), 64404.49103333333(BigDecimal)
[2026-09-11 14:16:13.281] [gas-forecast-startup] [] [] [c.g.f.d.m.M.insert] [main] [DEBUG] - <==    Updates: 1
[2026-09-11 14:16:13.281] [gas-forecast-startup] [] [] [c.g.f.d.m.M.insert] [main] [DEBUG] - ==>  Preparing: INSERT INTO model_forecast_result_tb ( forecast_batch_no, forecast_date, forecast_value ) VALUES ( ?, ?, ? )
[2026-09-11 14:16:13.281] [gas-forecast-startup] [] [] [c.g.f.d.m.M.insert] [main] [DEBUG] - ==> Parameters: WSFC-PRESET-001(String), 2027-03-01(String), 61096.32656666666(BigDecimal)
[2026-09-11 14:16:13.282] [gas-forecast-startup] [] [] [c.g.f.d.m.M.insert] [main] [DEBUG] - <==    Updates: 1
[2026-09-11 14:16:13.282] [gas-forecast-startup] [] [] [c.g.f.d.m.M.insert] [main] [DEBUG] - ==>  Preparing: INSERT INTO model_forecast_result_tb ( forecast_batch_no, forecast_date, forecast_value ) VALUES ( ?, ?, ? )
[2026-09-11 14:16:13.282] [gas-forecast-startup] [] [] [c.g.f.d.m.M.insert] [main] [DEBUG] - ==> Parameters: WSFC-PRESET-001(String), 2027-03-11(String), 62495.44760000001(BigDecimal)
[2026-09-11 14:16:13.282] [gas-forecast-startup] [] [] [c.g.f.d.m.M.insert] [main] [DEBUG] - <==    Updates: 1
[2026-09-11 14:16:13.283] [gas-forecast-startup] [] [] [c.g.f.d.m.M.insert] [main] [DEBUG] - ==>  Preparing: INSERT INTO model_forecast_result_tb ( forecast_batch_no, forecast_date, forecast_value ) VALUES ( ?, ?, ? )
[2026-09-11 14:16:13.283] [gas-forecast-startup] [] [] [c.g.f.d.m.M.insert] [main] [DEBUG] - ==> Parameters: WSFC-PRESET-001(String), 2027-03-21(String), 58869.7769(BigDecimal)
[2026-09-11 14:16:13.283] [gas-forecast-startup] [] [] [c.g.f.d.m.M.insert] [main] [DEBUG] - <==    Updates: 1
[2026-09-11 14:16:13.284] [gas-forecast-startup] [] [] [c.g.f.d.m.B.selectList] [main] [DEBUG] - ==>  Preparing: SELECT id,region_code,region_name,region_type,parent_id,sort_no,enabled,remark,created_by,created_at,updated_by,updated_at,update_by_name,created_by_name FROM base_region_tb WHERE (region_name = ? AND region_type = ?) limit 1
[2026-09-11 14:16:13.284] [gas-forecast-startup] [] [] [c.g.f.d.m.B.selectList] [main] [DEBUG] - ==> Parameters: 河北(String), PROVINCE(String)
[2026-09-11 14:16:13.286] [gas-forecast-startup] [] [] [c.g.f.d.m.B.selectList] [main] [DEBUG] - <==      Total: 1
[2026-09-11 14:16:13.286] [gas-forecast-startup] [] [] [c.g.f.d.m.M.delete] [main] [DEBUG] - ==>  Preparing: DELETE FROM model_forecast_result_tb WHERE (forecast_batch_no = ?)
[2026-09-11 14:16:13.286] [gas-forecast-startup] [] [] [c.g.f.d.m.M.delete] [main] [DEBUG] - ==> Parameters: WSFC-PRESET-002(String)
[2026-09-11 14:16:13.287] [gas-forecast-startup] [] [] [c.g.f.d.m.M.delete] [main] [DEBUG] - <==    Updates: 15
[2026-09-11 14:16:13.288] [gas-forecast-startup] [] [] [c.g.f.d.m.M.delete] [main] [DEBUG] - ==>  Preparing: DELETE FROM model_forecast_batch_tb WHERE (batch_no = ?)
[2026-09-11 14:16:13.289] [gas-forecast-startup] [] [] [c.g.f.d.m.M.delete] [main] [DEBUG] - ==> Parameters: WSFC-PRESET-002(String)
[2026-09-11 14:16:13.289] [gas-forecast-startup] [] [] [c.g.f.d.m.M.delete] [main] [DEBUG] - <==    Updates: 1
[2026-09-11 14:16:13.289] [gas-forecast-startup] [] [] [c.g.f.d.m.M.insert] [main] [DEBUG] - ==>  Preparing: INSERT INTO model_forecast_batch_tb ( batch_no, train_batch_no, agent_code, region_code, region_name, customer_code, customer_name, industry_code, industry_name, forecast_horizon, forecast_start_date, forecast_end_date, status, request_json, created_by, created_by_name ) VALUES ( ?, ?, ?, ?, ?, ?, ?, ?, ?, ?, ?, ?, ?, ?, ?, ? )
[2026-09-11 14:16:13.290] [gas-forecast-startup] [] [] [c.g.f.d.m.M.insert] [main] [DEBUG] - ==> Parameters: WSFC-PRESET-002(String), XQTRAIN-winter-supply-河北(String), winter-supply(String), 3f040f4b-9c2a-53a9-a518-b605292612f0(String), 河北(String), ALL(String), 全部客户(String), ALL(String), 全部行业(String), 15(Integer), 20261101(Integer), 2027-03-21(String), SUCCESS(String), {"agent_id":"winter-supply","source":"preset","model_name":"ElasticNet","industry":"全部行业","customer":"全部客户","metrics":{"mape":6.35,"mae":3277.18,"rmse":4321.08,"r2":0.96}}(String), system(String), 系统(String)
[2026-09-11 14:16:13.291] [gas-forecast-startup] [] [] [c.g.f.d.m.M.insert] [main] [DEBUG] - <==    Updates: 1
[2026-09-11 14:16:13.291] [gas-forecast-startup] [] [] [c.g.f.d.m.M.delete] [main] [DEBUG] - ==>  Preparing: DELETE FROM model_forecast_result_tb WHERE (forecast_batch_no = ?)
[2026-09-11 14:16:13.291] [gas-forecast-startup] [] [] [c.g.f.d.m.M.delete] [main] [DEBUG] - ==> Parameters: WSFC-PRESET-002(String)
[2026-09-11 14:16:13.292] [gas-forecast-startup] [] [] [c.g.f.d.m.M.delete] [main] [DEBUG] - <==    Updates: 0
[2026-09-11 14:16:13.292] [gas-forecast-startup] [] [] [c.g.f.d.m.M.insert] [main] [DEBUG] - ==>  Preparing: INSERT INTO model_forecast_result_tb ( forecast_batch_no, forecast_date, forecast_value ) VALUES ( ?, ?, ? )
[2026-09-11 14:16:13.292] [gas-forecast-startup] [] [] [c.g.f.d.m.M.insert] [main] [DEBUG] - ==> Parameters: WSFC-PRESET-002(String), 2026-11-01(String), 29766.296853723023(BigDecimal)
[2026-09-11 14:16:13.292] [gas-forecast-startup] [] [] [c.g.f.d.m.M.insert] [main] [DEBUG] - <==    Updates: 1
[2026-09-11 14:16:13.293] [gas-forecast-startup] [] [] [c.g.f.d.m.M.insert] [main] [DEBUG] - ==>  Preparing: INSERT INTO model_forecast_result_tb ( forecast_batch_no, forecast_date, forecast_value ) VALUES ( ?, ?, ? )
[2026-09-11 14:16:13.293] [gas-forecast-startup] [] [] [c.g.f.d.m.M.insert] [main] [DEBUG] - ==> Parameters: WSFC-PRESET-002(String), 2026-11-11(String), 32497.76590519945(BigDecimal)
[2026-09-11 14:16:13.293] [gas-forecast-startup] [] [] [c.g.f.d.m.M.insert] [main] [DEBUG] - <==    Updates: 1
[2026-09-11 14:16:13.293] [gas-forecast-startup] [] [] [c.g.f.d.m.M.insert] [main] [DEBUG] - ==>  Preparing: INSERT INTO model_forecast_result_tb ( forecast_batch_no, forecast_date, forecast_value ) VALUES ( ?, ?, ? )
[2026-09-11 14:16:13.293] [gas-forecast-startup] [] [] [c.g.f.d.m.M.insert] [main] [DEBUG] - ==> Parameters: WSFC-PRESET-002(String), 2026-11-21(String), 34401.95873523288(BigDecimal)
[2026-09-11 14:16:13.294] [gas-forecast-startup] [] [] [c.g.f.d.m.M.insert] [main] [DEBUG] - <==    Updates: 1
[2026-09-11 14:16:13.294] [gas-forecast-startup] [] [] [c.g.f.d.m.M.insert] [main] [DEBUG] - ==>  Preparing: INSERT INTO model_forecast_result_tb ( forecast_batch_no, forecast_date, forecast_value ) VALUES ( ?, ?, ? )
[2026-09-11 14:16:13.294] [gas-forecast-startup] [] [] [c.g.f.d.m.M.insert] [main] [DEBUG] - ==> Parameters: WSFC-PRESET-002(String), 2026-12-01(String), 37854.35230853676(BigDecimal)
[2026-09-11 14:16:13.295] [gas-forecast-startup] [] [] [c.g.f.d.m.M.insert] [main] [DEBUG] - <==    Updates: 1
[2026-09-11 14:16:13.295] [gas-forecast-startup] [] [] [c.g.f.d.m.M.insert] [main] [DEBUG] - ==>  Preparing: INSERT INTO model_forecast_result_tb ( forecast_batch_no, forecast_date, forecast_value ) VALUES ( ?, ?, ? )
[2026-09-11 14:16:13.295] [gas-forecast-startup] [] [] [c.g.f.d.m.M.insert] [main] [DEBUG] - ==> Parameters: WSFC-PRESET-002(String), 2026-12-11(String), 45053.03921272059(BigDecimal)
[2026-09-11 14:16:13.295] [gas-forecast-startup] [] [] [c.g.f.d.m.M.insert] [main] [DEBUG] - <==    Updates: 1
[2026-09-11 14:16:13.295] [gas-forecast-startup] [] [] [c.g.f.d.m.M.insert] [main] [DEBUG] - ==>  Preparing: INSERT INTO model_forecast_result_tb ( forecast_batch_no, forecast_date, forecast_value ) VALUES ( ?, ?, ? )
[2026-09-11 14:16:13.296] [gas-forecast-startup] [] [] [c.g.f.d.m.M.insert] [main] [DEBUG] - ==> Parameters: WSFC-PRESET-002(String), 2026-12-21(String), 47608.976188477(BigDecimal)
[2026-09-11 14:16:13.296] [gas-forecast-startup] [] [] [c.g.f.d.m.M.insert] [main] [DEBUG] - <==    Updates: 1
[2026-09-11 14:16:13.296] [gas-forecast-startup] [] [] [c.g.f.d.m.M.insert] [main] [DEBUG] - ==>  Preparing: INSERT INTO model_forecast_result_tb ( forecast_batch_no, forecast_date, forecast_value ) VALUES ( ?, ?, ? )
[2026-09-11 14:16:13.296] [gas-forecast-startup] [] [] [c.g.f.d.m.M.insert] [main] [DEBUG] - ==> Parameters: WSFC-PRESET-002(String), 2027-01-01(String), 43466.052907366815(BigDecimal)
[2026-09-11 14:16:13.297] [gas-forecast-startup] [] [] [c.g.f.d.m.M.insert] [main] [DEBUG] - <==    Updates: 1
[2026-09-11 14:16:13.297] [gas-forecast-startup] [] [] [c.g.f.d.m.M.insert] [main] [DEBUG] - ==>  Preparing: INSERT INTO model_forecast_result_tb ( forecast_batch_no, forecast_date, forecast_value ) VALUES ( ?, ?, ? )
[2026-09-11 14:16:13.297] [gas-forecast-startup] [] [] [c.g.f.d.m.M.insert] [main] [DEBUG] - ==> Parameters: WSFC-PRESET-002(String), 2027-01-11(String), 46666.80791194706(BigDecimal)
[2026-09-11 14:16:13.297] [gas-forecast-startup] [] [] [c.g.f.d.m.M.insert] [main] [DEBUG] - <==    Updates: 1
[2026-09-11 14:16:13.297] [gas-forecast-startup] [] [] [c.g.f.d.m.M.insert] [main] [DEBUG] - ==>  Preparing: INSERT INTO model_forecast_result_tb ( forecast_batch_no, forecast_date, forecast_value ) VALUES ( ?, ?, ? )
[2026-09-11 14:16:13.298] [gas-forecast-startup] [] [] [c.g.f.d.m.M.insert] [main] [DEBUG] - ==> Parameters: WSFC-PRESET-002(String), 2027-01-21(String), 49891.09240737419(BigDecimal)
[2026-09-11 14:16:13.298] [gas-forecast-startup] [] [] [c.g.f.d.m.M.insert] [main] [DEBUG] - <==    Updates: 1
[2026-09-11 14:16:13.298] [gas-forecast-startup] [] [] [c.g.f.d.m.M.insert] [main] [DEBUG] - ==>  Preparing: INSERT INTO model_forecast_result_tb ( forecast_batch_no, forecast_date, forecast_value ) VALUES ( ?, ?, ? )
[2026-09-11 14:16:13.298] [gas-forecast-startup] [] [] [c.g.f.d.m.M.insert] [main] [DEBUG] - ==> Parameters: WSFC-PRESET-002(String), 2027-02-01(String), 45192.8770093747(BigDecimal)
[2026-09-11 14:16:13.299] [gas-forecast-startup] [] [] [c.g.f.d.m.M.insert] [main] [DEBUG] - <==    Updates: 1
[2026-09-11 14:16:13.299] [gas-forecast-startup] [] [] [c.g.f.d.m.M.insert] [main] [DEBUG] - ==>  Preparing: INSERT INTO model_forecast_result_tb ( forecast_batch_no, forecast_date, forecast_value ) VALUES ( ?, ?, ? )
[2026-09-11 14:16:13.299] [gas-forecast-startup] [] [] [c.g.f.d.m.M.insert] [main] [DEBUG] - ==> Parameters: WSFC-PRESET-002(String), 2027-02-11(String), 39975.32237701204(BigDecimal)
[2026-09-11 14:16:13.299] [gas-forecast-startup] [] [] [c.g.f.d.m.M.insert] [main] [DEBUG] - <==    Updates: 1
[2026-09-11 14:16:13.299] [gas-forecast-startup] [] [] [c.g.f.d.m.M.insert] [main] [DEBUG] - ==>  Preparing: INSERT INTO model_forecast_result_tb ( forecast_batch_no, forecast_date, forecast_value ) VALUES ( ?, ?, ? )
[2026-09-11 14:16:13.300] [gas-forecast-startup] [] [] [c.g.f.d.m.M.insert] [main] [DEBUG] - ==> Parameters: WSFC-PRESET-002(String), 2027-02-21(String), 35314.45564646307(BigDecimal)
[2026-09-11 14:16:13.300] [gas-forecast-startup] [] [] [c.g.f.d.m.M.insert] [main] [DEBUG] - <==    Updates: 1
[2026-09-11 14:16:13.300] [gas-forecast-startup] [] [] [c.g.f.d.m.M.insert] [main] [DEBUG] - ==>  Preparing: INSERT INTO model_forecast_result_tb ( forecast_batch_no, forecast_date, forecast_value ) VALUES ( ?, ?, ? )
[2026-09-11 14:16:13.300] [gas-forecast-startup] [] [] [c.g.f.d.m.M.insert] [main] [DEBUG] - ==> Parameters: WSFC-PRESET-002(String), 2027-03-01(String), 34744.18598922172(BigDecimal)
[2026-09-11 14:16:13.301] [gas-forecast-startup] [] [] [c.g.f.d.m.M.insert] [main] [DEBUG] - <==    Updates: 1
[2026-09-11 14:16:13.301] [gas-forecast-startup] [] [] [c.g.f.d.m.M.insert] [main] [DEBUG] - ==>  Preparing: INSERT INTO model_forecast_result_tb ( forecast_batch_no, forecast_date, forecast_value ) VALUES ( ?, ?, ? )
[2026-09-11 14:16:13.301] [gas-forecast-startup] [] [] [c.g.f.d.m.M.insert] [main] [DEBUG] - ==> Parameters: WSFC-PRESET-002(String), 2027-03-11(String), 30762.077118869893(BigDecimal)
[2026-09-11 14:16:13.301] [gas-forecast-startup] [] [] [c.g.f.d.m.M.insert] [main] [DEBUG] - <==    Updates: 1
[2026-09-11 14:16:13.301] [gas-forecast-startup] [] [] [c.g.f.d.m.M.insert] [main] [DEBUG] - ==>  Preparing: INSERT INTO model_forecast_result_tb ( forecast_batch_no, forecast_date, forecast_value ) VALUES ( ?, ?, ? )
[2026-09-11 14:16:13.302] [gas-forecast-startup] [] [] [c.g.f.d.m.M.insert] [main] [DEBUG] - ==> Parameters: WSFC-PRESET-002(String), 2027-03-21(String), 28689.03871763212(BigDecimal)
[2026-09-11 14:16:13.302] [gas-forecast-startup] [] [] [c.g.f.d.m.M.insert] [main] [DEBUG] - <==    Updates: 1
[2026-09-11 14:16:13.309] [gas-forecast-startup] [] [] [c.g.f.d.m.B.selectList] [main] [DEBUG] - ==>  Preparing: SELECT id,region_code,region_name,region_type,parent_id,sort_no,enabled,remark,created_by,created_at,updated_by,updated_at,update_by_name,created_by_name FROM base_region_tb WHERE (region_name = ? AND region_type = ?) limit 1
[2026-09-11 14:16:13.309] [gas-forecast-startup] [] [] [c.g.f.d.m.B.selectList] [main] [DEBUG] - ==> Parameters: 江苏(String), PROVINCE(String)
[2026-09-11 14:16:13.309] [gas-forecast-startup] [] [] [c.g.f.d.m.B.selectList] [main] [DEBUG] - <==      Total: 0
[2026-09-11 14:16:13.310] [gas-forecast-startup] [] [] [c.g.f.d.m.B.selectList] [main] [DEBUG] - ==>  Preparing: SELECT id,industry_code,industry_name,parent_id,industry_level,sort_no,created_at,updated_at,created_by,created_by_name,updated_by,updated_by_name FROM base_industry_tb WHERE (industry_name = ?) limit 1
[2026-09-11 14:16:13.310] [gas-forecast-startup] [] [] [c.g.f.d.m.B.selectList] [main] [DEBUG] - ==> Parameters: CNG(String)
[2026-09-11 14:16:13.310] [gas-forecast-startup] [] [] [c.g.f.d.m.B.selectList] [main] [DEBUG] - <==      Total: 0
[2026-09-11 14:16:13.310] [gas-forecast-startup] [] [] [c.g.f.d.m.M.delete] [main] [DEBUG] - ==>  Preparing: DELETE FROM model_forecast_result_tb WHERE (forecast_batch_no = ?)
[2026-09-11 14:16:13.310] [gas-forecast-startup] [] [] [c.g.f.d.m.M.delete] [main] [DEBUG] - ==> Parameters: MSFC-PRESET-001(String)
[2026-09-11 14:16:13.311] [gas-forecast-startup] [] [] [c.g.f.d.m.M.delete] [main] [DEBUG] - <==    Updates: 50
[2026-09-11 14:16:13.311] [gas-forecast-startup] [] [] [c.g.f.d.m.M.delete] [main] [DEBUG] - ==>  Preparing: DELETE FROM model_forecast_batch_tb WHERE (batch_no = ?)
[2026-09-11 14:16:13.312] [gas-forecast-startup] [] [] [c.g.f.d.m.M.delete] [main] [DEBUG] - ==> Parameters: MSFC-PRESET-001(String)
[2026-09-11 14:16:13.312] [gas-forecast-startup] [] [] [c.g.f.d.m.M.delete] [main] [DEBUG] - <==    Updates: 1
[2026-09-11 14:16:13.312] [gas-forecast-startup] [] [] [c.g.f.d.m.M.insert] [main] [DEBUG] - ==>  Preparing: INSERT INTO model_forecast_batch_tb ( batch_no, train_batch_no, agent_code, region_code, region_name, customer_code, customer_name, industry_code, industry_name, forecast_horizon, forecast_start_date, forecast_end_date, status, request_json, created_by, created_by_name ) VALUES ( ?, ?, ?, ?, ?, ?, ?, ?, ?, ?, ?, ?, ?, ?, ?, ? )
[2026-09-11 14:16:13.312] [gas-forecast-startup] [] [] [c.g.f.d.m.M.insert] [main] [DEBUG] - ==> Parameters: MSFC-PRESET-001(String), XQTRAIN-monthly-sales-江苏(String), monthly-sales(String), 江苏(String), 江苏(String), ALL(String), 全部客户(String), CNG(String), CNG(String), 50(Integer), 20260526(Integer), 2026-07-14(String), SUCCESS(String), {"agent_id":"monthly-sales","source":"preset","model_name":"Prophet + AR(4)残差校正","industry":"CNG","customer":"全部客户","metrics":{"mape":12.3,"mae":9.0,"rmse":10.67,"r2":-0.53}}(String), system(String), 系统(String)
[2026-09-11 14:16:13.313] [gas-forecast-startup] [] [] [c.g.f.d.m.M.insert] [main] [DEBUG] - <==    Updates: 1
[2026-09-11 14:16:13.313] [gas-forecast-startup] [] [] [c.g.f.d.m.M.delete] [main] [DEBUG] - ==>  Preparing: DELETE FROM model_forecast_result_tb WHERE (forecast_batch_no = ?)
[2026-09-11 14:16:13.313] [gas-forecast-startup] [] [] [c.g.f.d.m.M.delete] [main] [DEBUG] - ==> Parameters: MSFC-PRESET-001(String)
[2026-09-11 14:16:13.314] [gas-forecast-startup] [] [] [c.g.f.d.m.M.delete] [main] [DEBUG] - <==    Updates: 0
[2026-09-11 14:16:13.314] [gas-forecast-startup] [] [] [c.g.f.d.m.M.insert] [main] [DEBUG] - ==>  Preparing: INSERT INTO model_forecast_result_tb ( forecast_batch_no, forecast_date, forecast_value ) VALUES ( ?, ?, ? )
[2026-09-11 14:16:13.314] [gas-forecast-startup] [] [] [c.g.f.d.m.M.insert] [main] [DEBUG] - ==> Parameters: MSFC-PRESET-001(String), 2026-05-26(String), 78.12169668108439(BigDecimal)
[2026-09-11 14:16:13.314] [gas-forecast-startup] [] [] [c.g.f.d.m.M.insert] [main] [DEBUG] - <==    Updates: 1
[2026-09-11 14:16:13.315] [gas-forecast-startup] [] [] [c.g.f.d.m.M.insert] [main] [DEBUG] - ==>  Preparing: INSERT INTO model_forecast_result_tb ( forecast_batch_no, forecast_date, forecast_value ) VALUES ( ?, ?, ? )
[2026-09-11 14:16:13.315] [gas-forecast-startup] [] [] [c.g.f.d.m.M.insert] [main] [DEBUG] - ==> Parameters: MSFC-PRESET-001(String), 2026-05-27(String), 79.02538699453991(BigDecimal)
[2026-09-11 14:16:13.315] [gas-forecast-startup] [] [] [c.g.f.d.m.M.insert] [main] [DEBUG] - <==    Updates: 1
[2026-09-11 14:16:13.315] [gas-forecast-startup] [] [] [c.g.f.d.m.M.insert] [main] [DEBUG] - ==>  Preparing: INSERT INTO model_forecast_result_tb ( forecast_batch_no, forecast_date, forecast_value ) VALUES ( ?, ?, ? )
[2026-09-11 14:16:13.315] [gas-forecast-startup] [] [] [c.g.f.d.m.M.insert] [main] [DEBUG] - ==> Parameters: MSFC-PRESET-001(String), 2026-05-28(String), 79.22481385965997(BigDecimal)
[2026-09-11 14:16:13.316] [gas-forecast-startup] [] [] [c.g.f.d.m.M.insert] [main] [DEBUG] - <==    Updates: 1
[2026-09-11 14:16:13.316] [gas-forecast-startup] [] [] [c.g.f.d.m.M.insert] [main] [DEBUG] - ==>  Preparing: INSERT INTO model_forecast_result_tb ( forecast_batch_no, forecast_date, forecast_value ) VALUES ( ?, ?, ? )
[2026-09-11 14:16:13.316] [gas-forecast-startup] [] [] [c.g.f.d.m.M.insert] [main] [DEBUG] - ==> Parameters: MSFC-PRESET-001(String), 2026-05-29(String), 79.66488579994308(BigDecimal)
[2026-09-11 14:16:13.316] [gas-forecast-startup] [] [] [c.g.f.d.m.M.insert] [main] [DEBUG] - <==    Updates: 1
[2026-09-11 14:16:13.316] [gas-forecast-startup] [] [] [c.g.f.d.m.M.insert] [main] [DEBUG] - ==>  Preparing: INSERT INTO model_forecast_result_tb ( forecast_batch_no, forecast_date, forecast_value ) VALUES ( ?, ?, ? )
[2026-09-11 14:16:13.316] [gas-forecast-startup] [] [] [c.g.f.d.m.M.insert] [main] [DEBUG] - ==> Parameters: MSFC-PRESET-001(String), 2026-05-30(String), 79.12145726088308(BigDecimal)
[2026-09-11 14:16:13.318] [gas-forecast-startup] [] [] [c.g.f.d.m.M.insert] [main] [DEBUG] - <==    Updates: 1
[2026-09-11 14:16:13.318] [gas-forecast-startup] [] [] [c.g.f.d.m.M.insert] [main] [DEBUG] - ==>  Preparing: INSERT INTO model_forecast_result_tb ( forecast_batch_no, forecast_date, forecast_value ) VALUES ( ?, ?, ? )
[2026-09-11 14:16:13.318] [gas-forecast-startup] [] [] [c.g.f.d.m.M.insert] [main] [DEBUG] - ==> Parameters: MSFC-PRESET-001(String), 2026-05-31(String), 79.20539414348343(BigDecimal)
[2026-09-11 14:16:13.319] [gas-forecast-startup] [] [] [c.g.f.d.m.M.insert] [main] [DEBUG] - <==    Updates: 1
[2026-09-11 14:16:13.319] [gas-forecast-startup] [] [] [c.g.f.d.m.M.insert] [main] [DEBUG] - ==>  Preparing: INSERT INTO model_forecast_result_tb ( forecast_batch_no, forecast_date, forecast_value ) VALUES ( ?, ?, ? )
[2026-09-11 14:16:13.319] [gas-forecast-startup] [] [] [c.g.f.d.m.M.insert] [main] [DEBUG] - ==> Parameters: MSFC-PRESET-001(String), 2026-06-01(String), 77.00882807462898(BigDecimal)
[2026-09-11 14:16:13.319] [gas-forecast-startup] [] [] [c.g.f.d.m.M.insert] [main] [DEBUG] - <==    Updates: 1
[2026-09-11 14:16:13.319] [gas-forecast-startup] [] [] [c.g.f.d.m.M.insert] [main] [DEBUG] - ==>  Preparing: INSERT INTO model_forecast_result_tb ( forecast_batch_no, forecast_date, forecast_value ) VALUES ( ?, ?, ? )
[2026-09-11 14:16:13.319] [gas-forecast-startup] [] [] [c.g.f.d.m.M.insert] [main] [DEBUG] - ==> Parameters: MSFC-PRESET-001(String), 2026-06-02(String), 78.35892994587611(BigDecimal)
[2026-09-11 14:16:13.320] [gas-forecast-startup] [] [] [c.g.f.d.m.M.insert] [main] [DEBUG] - <==    Updates: 1
[2026-09-11 14:16:13.320] [gas-forecast-startup] [] [] [c.g.f.d.m.M.insert] [main] [DEBUG] - ==>  Preparing: INSERT INTO model_forecast_result_tb ( forecast_batch_no, forecast_date, forecast_value ) VALUES ( ?, ?, ? )
[2026-09-11 14:16:13.320] [gas-forecast-startup] [] [] [c.g.f.d.m.M.insert] [main] [DEBUG] - ==> Parameters: MSFC-PRESET-001(String), 2026-06-03(String), 78.70206310349124(BigDecimal)
[2026-09-11 14:16:13.320] [gas-forecast-startup] [] [] [c.g.f.d.m.M.insert] [main] [DEBUG] - <==    Updates: 1
[2026-09-11 14:16:13.321] [gas-forecast-startup] [] [] [c.g.f.d.m.M.insert] [main] [DEBUG] - ==>  Preparing: INSERT INTO model_forecast_result_tb ( forecast_batch_no, forecast_date, forecast_value ) VALUES ( ?, ?, ? )
[2026-09-11 14:16:13.321] [gas-forecast-startup] [] [] [c.g.f.d.m.M.insert] [main] [DEBUG] - ==> Parameters: MSFC-PRESET-001(String), 2026-06-04(String), 79.13638741147385(BigDecimal)
[2026-09-11 14:16:13.321] [gas-forecast-startup] [] [] [c.g.f.d.m.M.insert] [main] [DEBUG] - <==    Updates: 1
[2026-09-11 14:16:13.321] [gas-forecast-startup] [] [] [c.g.f.d.m.M.insert] [main] [DEBUG] - ==>  Preparing: INSERT INTO model_forecast_result_tb ( forecast_batch_no, forecast_date, forecast_value ) VALUES ( ?, ?, ? )
[2026-09-11 14:16:13.321] [gas-forecast-startup] [] [] [c.g.f.d.m.M.insert] [main] [DEBUG] - ==> Parameters: MSFC-PRESET-001(String), 2026-06-05(String), 78.5453679548345(BigDecimal)
[2026-09-11 14:16:13.322] [gas-forecast-startup] [] [] [c.g.f.d.m.M.insert] [main] [DEBUG] - <==    Updates: 1
[2026-09-11 14:16:13.322] [gas-forecast-startup] [] [] [c.g.f.d.m.M.insert] [main] [DEBUG] - ==>  Preparing: INSERT INTO model_forecast_result_tb ( forecast_batch_no, forecast_date, forecast_value ) VALUES ( ?, ?, ? )
[2026-09-11 14:16:13.322] [gas-forecast-startup] [] [] [c.g.f.d.m.M.insert] [main] [DEBUG] - ==> Parameters: MSFC-PRESET-001(String), 2026-06-06(String), 78.35829485301332(BigDecimal)
[2026-09-11 14:16:13.322] [gas-forecast-startup] [] [] [c.g.f.d.m.M.insert] [main] [DEBUG] - <==    Updates: 1
[2026-09-11 14:16:13.322] [gas-forecast-startup] [] [] [c.g.f.d.m.M.insert] [main] [DEBUG] - ==>  Preparing: INSERT INTO model_forecast_result_tb ( forecast_batch_no, forecast_date, forecast_value ) VALUES ( ?, ?, ? )
[2026-09-11 14:16:13.322] [gas-forecast-startup] [] [] [c.g.f.d.m.M.insert] [main] [DEBUG] - ==> Parameters: MSFC-PRESET-001(String), 2026-06-07(String), 77.84438054016836(BigDecimal)
[2026-09-11 14:16:13.323] [gas-forecast-startup] [] [] [c.g.f.d.m.M.insert] [main] [DEBUG] - <==    Updates: 1
[2026-09-11 14:16:13.323] [gas-forecast-startup] [] [] [c.g.f.d.m.M.insert] [main] [DEBUG] - ==>  Preparing: INSERT INTO model_forecast_result_tb ( forecast_batch_no, forecast_date, forecast_value ) VALUES ( ?, ?, ? )
[2026-09-11 14:16:13.323] [gas-forecast-startup] [] [] [c.g.f.d.m.M.insert] [main] [DEBUG] - ==> Parameters: MSFC-PRESET-001(String), 2026-06-08(String), 76.136411744298(BigDecimal)
[2026-09-11 14:16:13.323] [gas-forecast-startup] [] [] [c.g.f.d.m.M.insert] [main] [DEBUG] - <==    Updates: 1
[2026-09-11 14:16:13.323] [gas-forecast-startup] [] [] [c.g.f.d.m.M.insert] [main] [DEBUG] - ==>  Preparing: INSERT INTO model_forecast_result_tb ( forecast_batch_no, forecast_date, forecast_value ) VALUES ( ?, ?, ? )
[2026-09-11 14:16:13.324] [gas-forecast-startup] [] [] [c.g.f.d.m.M.insert] [main] [DEBUG] - ==> Parameters: MSFC-PRESET-001(String), 2026-06-09(String), 76.8065618210666(BigDecimal)
[2026-09-11 14:16:13.324] [gas-forecast-startup] [] [] [c.g.f.d.m.M.insert] [main] [DEBUG] - <==    Updates: 1
[2026-09-11 14:16:13.324] [gas-forecast-startup] [] [] [c.g.f.d.m.M.insert] [main] [DEBUG] - ==>  Preparing: INSERT INTO model_forecast_result_tb ( forecast_batch_no, forecast_date, forecast_value ) VALUES ( ?, ?, ? )
[2026-09-11 14:16:13.324] [gas-forecast-startup] [] [] [c.g.f.d.m.M.insert] [main] [DEBUG] - ==> Parameters: MSFC-PRESET-001(String), 2026-06-10(String), 76.93586020227502(BigDecimal)
[2026-09-11 14:16:13.325] [gas-forecast-startup] [] [] [c.g.f.d.m.M.insert] [main] [DEBUG] - <==    Updates: 1
[2026-09-11 14:16:13.325] [gas-forecast-startup] [] [] [c.g.f.d.m.M.insert] [main] [DEBUG] - ==>  Preparing: INSERT INTO model_forecast_result_tb ( forecast_batch_no, forecast_date, forecast_value ) VALUES ( ?, ?, ? )
[2026-09-11 14:16:13.325] [gas-forecast-startup] [] [] [c.g.f.d.m.M.insert] [main] [DEBUG] - ==> Parameters: MSFC-PRESET-001(String), 2026-06-11(String), 77.2569531530605(BigDecimal)
[2026-09-11 14:16:13.325] [gas-forecast-startup] [] [] [c.g.f.d.m.M.insert] [main] [DEBUG] - <==    Updates: 1
[2026-09-11 14:16:13.325] [gas-forecast-startup] [] [] [c.g.f.d.m.M.insert] [main] [DEBUG] - ==>  Preparing: INSERT INTO model_forecast_result_tb ( forecast_batch_no, forecast_date, forecast_value ) VALUES ( ?, ?, ? )
[2026-09-11 14:16:13.325] [gas-forecast-startup] [] [] [c.g.f.d.m.M.insert] [main] [DEBUG] - ==> Parameters: MSFC-PRESET-001(String), 2026-06-12(String), 77.24306373921351(BigDecimal)
[2026-09-11 14:16:13.326] [gas-forecast-startup] [] [] [c.g.f.d.m.M.insert] [main] [DEBUG] - <==    Updates: 1
[2026-09-11 14:16:13.326] [gas-forecast-startup] [] [] [c.g.f.d.m.M.insert] [main] [DEBUG] - ==>  Preparing: INSERT INTO model_forecast_result_tb ( forecast_batch_no, forecast_date, forecast_value ) VALUES ( ?, ?, ? )
[2026-09-11 14:16:13.326] [gas-forecast-startup] [] [] [c.g.f.d.m.M.insert] [main] [DEBUG] - ==> Parameters: MSFC-PRESET-001(String), 2026-06-13(String), 77.36924986548189(BigDecimal)
[2026-09-11 14:16:13.326] [gas-forecast-startup] [] [] [c.g.f.d.m.M.insert] [main] [DEBUG] - <==    Updates: 1
[2026-09-11 14:16:13.326] [gas-forecast-startup] [] [] [c.g.f.d.m.M.insert] [main] [DEBUG] - ==>  Preparing: INSERT INTO model_forecast_result_tb ( forecast_batch_no, forecast_date, forecast_value ) VALUES ( ?, ?, ? )
[2026-09-11 14:16:13.326] [gas-forecast-startup] [] [] [c.g.f.d.m.M.insert] [main] [DEBUG] - ==> Parameters: MSFC-PRESET-001(String), 2026-06-14(String), 76.70394989171193(BigDecimal)
[2026-09-11 14:16:13.327] [gas-forecast-startup] [] [] [c.g.f.d.m.M.insert] [main] [DEBUG] - <==    Updates: 1
[2026-09-11 14:16:13.327] [gas-forecast-startup] [] [] [c.g.f.d.m.M.insert] [main] [DEBUG] - ==>  Preparing: INSERT INTO model_forecast_result_tb ( forecast_batch_no, forecast_date, forecast_value ) VALUES ( ?, ?, ? )
[2026-09-11 14:16:13.327] [gas-forecast-startup] [] [] [c.g.f.d.m.M.insert] [main] [DEBUG] - ==> Parameters: MSFC-PRESET-001(String), 2026-06-15(String), 75.51019492898918(BigDecimal)
[2026-09-11 14:16:13.327] [gas-forecast-startup] [] [] [c.g.f.d.m.M.insert] [main] [DEBUG] - <==    Updates: 1
[2026-09-11 14:16:13.328] [gas-forecast-startup] [] [] [c.g.f.d.m.M.insert] [main] [DEBUG] - ==>  Preparing: INSERT INTO model_forecast_result_tb ( forecast_batch_no, forecast_date, forecast_value ) VALUES ( ?, ?, ? )
[2026-09-11 14:16:13.328] [gas-forecast-startup] [] [] [c.g.f.d.m.M.insert] [main] [DEBUG] - ==> Parameters: MSFC-PRESET-001(String), 2026-06-16(String), 76.6028028910704(BigDecimal)
[2026-09-11 14:16:13.328] [gas-forecast-startup] [] [] [c.g.f.d.m.M.insert] [main] [DEBUG] - <==    Updates: 1
[2026-09-11 14:16:13.328] [gas-forecast-startup] [] [] [c.g.f.d.m.M.insert] [main] [DEBUG] - ==>  Preparing: INSERT INTO model_forecast_result_tb ( forecast_batch_no, forecast_date, forecast_value ) VALUES ( ?, ?, ? )
[2026-09-11 14:16:13.328] [gas-forecast-startup] [] [] [c.g.f.d.m.M.insert] [main] [DEBUG] - ==> Parameters: MSFC-PRESET-001(String), 2026-06-17(String), 76.89415484458301(BigDecimal)
[2026-09-11 14:16:13.329] [gas-forecast-startup] [] [] [c.g.f.d.m.M.insert] [main] [DEBUG] - <==    Updates: 1
[2026-09-11 14:16:13.329] [gas-forecast-startup] [] [] [c.g.f.d.m.M.insert] [main] [DEBUG] - ==>  Preparing: INSERT INTO model_forecast_result_tb ( forecast_batch_no, forecast_date, forecast_value ) VALUES ( ?, ?, ? )
[2026-09-11 14:16:13.329] [gas-forecast-startup] [] [] [c.g.f.d.m.M.insert] [main] [DEBUG] - ==> Parameters: MSFC-PRESET-001(String), 2026-06-18(String), 77.00747110739938(BigDecimal)
[2026-09-11 14:16:13.329] [gas-forecast-startup] [] [] [c.g.f.d.m.M.insert] [main] [DEBUG] - <==    Updates: 1
[2026-09-11 14:16:13.329] [gas-forecast-startup] [] [] [c.g.f.d.m.M.insert] [main] [DEBUG] - ==>  Preparing: INSERT INTO model_forecast_result_tb ( forecast_batch_no, forecast_date, forecast_value ) VALUES ( ?, ?, ? )
[2026-09-11 14:16:13.329] [gas-forecast-startup] [] [] [c.g.f.d.m.M.insert] [main] [DEBUG] - ==> Parameters: MSFC-PRESET-001(String), 2026-06-19(String), 79.83553459014446(BigDecimal)
[2026-09-11 14:16:13.330] [gas-forecast-startup] [] [] [c.g.f.d.m.M.insert] [main] [DEBUG] - <==    Updates: 1
[2026-09-11 14:16:13.330] [gas-forecast-startup] [] [] [c.g.f.d.m.M.insert] [main] [DEBUG] - ==>  Preparing: INSERT INTO model_forecast_result_tb ( forecast_batch_no, forecast_date, forecast_value ) VALUES ( ?, ?, ? )
[2026-09-11 14:16:13.330] [gas-forecast-startup] [] [] [c.g.f.d.m.M.insert] [main] [DEBUG] - ==> Parameters: MSFC-PRESET-001(String), 2026-06-20(String), 73.47519455274254(BigDecimal)
[2026-09-11 14:16:13.330] [gas-forecast-startup] [] [] [c.g.f.d.m.M.insert] [main] [DEBUG] - <==    Updates: 1
[2026-09-11 14:16:13.330] [gas-forecast-startup] [] [] [c.g.f.d.m.M.insert] [main] [DEBUG] - ==>  Preparing: INSERT INTO model_forecast_result_tb ( forecast_batch_no, forecast_date, forecast_value ) VALUES ( ?, ?, ? )
[2026-09-11 14:16:13.331] [gas-forecast-startup] [] [] [c.g.f.d.m.M.insert] [main] [DEBUG] - ==> Parameters: MSFC-PRESET-001(String), 2026-06-21(String), 74.1357236298349(BigDecimal)
[2026-09-11 14:16:13.331] [gas-forecast-startup] [] [] [c.g.f.d.m.M.insert] [main] [DEBUG] - <==    Updates: 1
[2026-09-11 14:16:13.331] [gas-forecast-startup] [] [] [c.g.f.d.m.M.insert] [main] [DEBUG] - ==>  Preparing: INSERT INTO model_forecast_result_tb ( forecast_batch_no, forecast_date, forecast_value ) VALUES ( ?, ?, ? )
[2026-09-11 14:16:13.331] [gas-forecast-startup] [] [] [c.g.f.d.m.M.insert] [main] [DEBUG] - ==> Parameters: MSFC-PRESET-001(String), 2026-06-22(String), 73.97065156831789(BigDecimal)
[2026-09-11 14:16:13.331] [gas-forecast-startup] [] [] [c.g.f.d.m.M.insert] [main] [DEBUG] - <==    Updates: 1
[2026-09-11 14:16:13.331] [gas-forecast-startup] [] [] [c.g.f.d.m.M.insert] [main] [DEBUG] - ==>  Preparing: INSERT INTO model_forecast_result_tb ( forecast_batch_no, forecast_date, forecast_value ) VALUES ( ?, ?, ? )
[2026-09-11 14:16:13.332] [gas-forecast-startup] [] [] [c.g.f.d.m.M.insert] [main] [DEBUG] - ==> Parameters: MSFC-PRESET-001(String), 2026-06-23(String), 75.29324670030594(BigDecimal)
[2026-09-11 14:16:13.332] [gas-forecast-startup] [] [] [c.g.f.d.m.M.insert] [main] [DEBUG] - <==    Updates: 1
[2026-09-11 14:16:13.332] [gas-forecast-startup] [] [] [c.g.f.d.m.M.insert] [main] [DEBUG] - ==>  Preparing: INSERT INTO model_forecast_result_tb ( forecast_batch_no, forecast_date, forecast_value ) VALUES ( ?, ?, ? )
[2026-09-11 14:16:13.332] [gas-forecast-startup] [] [] [c.g.f.d.m.M.insert] [main] [DEBUG] - ==> Parameters: MSFC-PRESET-001(String), 2026-06-24(String), 76.003475181849(BigDecimal)
[2026-09-11 14:16:13.333] [gas-forecast-startup] [] [] [c.g.f.d.m.M.insert] [main] [DEBUG] - <==    Updates: 1
[2026-09-11 14:16:13.333] [gas-forecast-startup] [] [] [c.g.f.d.m.M.insert] [main] [DEBUG] - ==>  Preparing: INSERT INTO model_forecast_result_tb ( forecast_batch_no, forecast_date, forecast_value ) VALUES ( ?, ?, ? )
[2026-09-11 14:16:13.333] [gas-forecast-startup] [] [] [c.g.f.d.m.M.insert] [main] [DEBUG] - ==> Parameters: MSFC-PRESET-001(String), 2026-06-25(String), 76.01482367789467(BigDecimal)
[2026-09-11 14:16:13.333] [gas-forecast-startup] [] [] [c.g.f.d.m.M.insert] [main] [DEBUG] - <==    Updates: 1
[2026-09-11 14:16:13.333] [gas-forecast-startup] [] [] [c.g.f.d.m.M.insert] [main] [DEBUG] - ==>  Preparing: INSERT INTO model_forecast_result_tb ( forecast_batch_no, forecast_date, forecast_value ) VALUES ( ?, ?, ? )
[2026-09-11 14:16:13.333] [gas-forecast-startup] [] [] [c.g.f.d.m.M.insert] [main] [DEBUG] - ==> Parameters: MSFC-PRESET-001(String), 2026-06-26(String), 75.99353591479425(BigDecimal)
[2026-09-11 14:16:13.334] [gas-forecast-startup] [] [] [c.g.f.d.m.M.insert] [main] [DEBUG] - <==    Updates: 1
[2026-09-11 14:16:13.334] [gas-forecast-startup] [] [] [c.g.f.d.m.M.insert] [main] [DEBUG] - ==>  Preparing: INSERT INTO model_forecast_result_tb ( forecast_batch_no, forecast_date, forecast_value ) VALUES ( ?, ?, ? )
[2026-09-11 14:16:13.334] [gas-forecast-startup] [] [] [c.g.f.d.m.M.insert] [main] [DEBUG] - ==> Parameters: MSFC-PRESET-001(String), 2026-06-27(String), 76.12013864263844(BigDecimal)
[2026-09-11 14:16:13.334] [gas-forecast-startup] [] [] [c.g.f.d.m.M.insert] [main] [DEBUG] - <==    Updates: 1
[2026-09-11 14:16:13.335] [gas-forecast-startup] [] [] [c.g.f.d.m.M.insert] [main] [DEBUG] - ==>  Preparing: INSERT INTO model_forecast_result_tb ( forecast_batch_no, forecast_date, forecast_value ) VALUES ( ?, ?, ? )
[2026-09-11 14:16:13.335] [gas-forecast-startup] [] [] [c.g.f.d.m.M.insert] [main] [DEBUG] - ==> Parameters: MSFC-PRESET-001(String), 2026-06-28(String), 75.85517913437029(BigDecimal)
[2026-09-11 14:16:13.335] [gas-forecast-startup] [] [] [c.g.f.d.m.M.insert] [main] [DEBUG] - <==    Updates: 1
[2026-09-11 14:16:13.335] [gas-forecast-startup] [] [] [c.g.f.d.m.M.insert] [main] [DEBUG] - ==>  Preparing: INSERT INTO model_forecast_result_tb ( forecast_batch_no, forecast_date, forecast_value ) VALUES ( ?, ?, ? )
[2026-09-11 14:16:13.335] [gas-forecast-startup] [] [] [c.g.f.d.m.M.insert] [main] [DEBUG] - ==> Parameters: MSFC-PRESET-001(String), 2026-06-29(String), 74.14160570106164(BigDecimal)
[2026-09-11 14:16:13.336] [gas-forecast-startup] [] [] [c.g.f.d.m.M.insert] [main] [DEBUG] - <==    Updates: 1
[2026-09-11 14:16:13.336] [gas-forecast-startup] [] [] [c.g.f.d.m.M.insert] [main] [DEBUG] - ==>  Preparing: INSERT INTO model_forecast_result_tb ( forecast_batch_no, forecast_date, forecast_value ) VALUES ( ?, ?, ? )
[2026-09-11 14:16:13.336] [gas-forecast-startup] [] [] [c.g.f.d.m.M.insert] [main] [DEBUG] - ==> Parameters: MSFC-PRESET-001(String), 2026-06-30(String), 75.40787440021522(BigDecimal)
[2026-09-11 14:16:13.336] [gas-forecast-startup] [] [] [c.g.f.d.m.M.insert] [main] [DEBUG] - <==    Updates: 1
[2026-09-11 14:16:13.336] [gas-forecast-startup] [] [] [c.g.f.d.m.M.insert] [main] [DEBUG] - ==>  Preparing: INSERT INTO model_forecast_result_tb ( forecast_batch_no, forecast_date, forecast_value ) VALUES ( ?, ?, ? )
[2026-09-11 14:16:13.336] [gas-forecast-startup] [] [] [c.g.f.d.m.M.insert] [main] [DEBUG] - ==> Parameters: MSFC-PRESET-001(String), 2026-07-01(String), 76.45334615674231(BigDecimal)
[2026-09-11 14:16:13.337] [gas-forecast-startup] [] [] [c.g.f.d.m.M.insert] [main] [DEBUG] - <==    Updates: 1
[2026-09-11 14:16:13.337] [gas-forecast-startup] [] [] [c.g.f.d.m.M.insert] [main] [DEBUG] - ==>  Preparing: INSERT INTO model_forecast_result_tb ( forecast_batch_no, forecast_date, forecast_value ) VALUES ( ?, ?, ? )
[2026-09-11 14:16:13.337] [gas-forecast-startup] [] [] [c.g.f.d.m.M.insert] [main] [DEBUG] - ==> Parameters: MSFC-PRESET-001(String), 2026-07-02(String), 76.32669521813585(BigDecimal)
[2026-09-11 14:16:13.337] [gas-forecast-startup] [] [] [c.g.f.d.m.M.insert] [main] [DEBUG] - <==    Updates: 1
[2026-09-11 14:16:13.337] [gas-forecast-startup] [] [] [c.g.f.d.m.M.insert] [main] [DEBUG] - ==>  Preparing: INSERT INTO model_forecast_result_tb ( forecast_batch_no, forecast_date, forecast_value ) VALUES ( ?, ?, ? )
[2026-09-11 14:16:13.337] [gas-forecast-startup] [] [] [c.g.f.d.m.M.insert] [main] [DEBUG] - ==> Parameters: MSFC-PRESET-001(String), 2026-07-03(String), 76.5349463023741(BigDecimal)
[2026-09-11 14:16:13.338] [gas-forecast-startup] [] [] [c.g.f.d.m.M.insert] [main] [DEBUG] - <==    Updates: 1
[2026-09-11 14:16:13.338] [gas-forecast-startup] [] [] [c.g.f.d.m.M.insert] [main] [DEBUG] - ==>  Preparing: INSERT INTO model_forecast_result_tb ( forecast_batch_no, forecast_date, forecast_value ) VALUES ( ?, ?, ? )
[2026-09-11 14:16:13.338] [gas-forecast-startup] [] [] [c.g.f.d.m.M.insert] [main] [DEBUG] - ==> Parameters: MSFC-PRESET-001(String), 2026-07-04(String), 77.18926313274835(BigDecimal)
[2026-09-11 14:16:13.338] [gas-forecast-startup] [] [] [c.g.f.d.m.M.insert] [main] [DEBUG] - <==    Updates: 1
[2026-09-11 14:16:13.339] [gas-forecast-startup] [] [] [c.g.f.d.m.M.insert] [main] [DEBUG] - ==>  Preparing: INSERT INTO model_forecast_result_tb ( forecast_batch_no, forecast_date, forecast_value ) VALUES ( ?, ?, ? )
[2026-09-11 14:16:13.339] [gas-forecast-startup] [] [] [c.g.f.d.m.M.insert] [main] [DEBUG] - ==> Parameters: MSFC-PRESET-001(String), 2026-07-05(String), 77.17232046210378(BigDecimal)
[2026-09-11 14:16:13.339] [gas-forecast-startup] [] [] [c.g.f.d.m.M.insert] [main] [DEBUG] - <==    Updates: 1
[2026-09-11 14:16:13.339] [gas-forecast-startup] [] [] [c.g.f.d.m.M.insert] [main] [DEBUG] - ==>  Preparing: INSERT INTO model_forecast_result_tb ( forecast_batch_no, forecast_date, forecast_value ) VALUES ( ?, ?, ? )
[2026-09-11 14:16:13.339] [gas-forecast-startup] [] [] [c.g.f.d.m.M.insert] [main] [DEBUG] - ==> Parameters: MSFC-PRESET-001(String), 2026-07-06(String), 75.7069695694012(BigDecimal)
[2026-09-11 14:16:13.339] [gas-forecast-startup] [] [] [c.g.f.d.m.M.insert] [main] [DEBUG] - <==    Updates: 1
[2026-09-11 14:16:13.340] [gas-forecast-startup] [] [] [c.g.f.d.m.M.insert] [main] [DEBUG] - ==>  Preparing: INSERT INTO model_forecast_result_tb ( forecast_batch_no, forecast_date, forecast_value ) VALUES ( ?, ?, ? )
[2026-09-11 14:16:13.340] [gas-forecast-startup] [] [] [c.g.f.d.m.M.insert] [main] [DEBUG] - ==> Parameters: MSFC-PRESET-001(String), 2026-07-07(String), 75.75912103763888(BigDecimal)
[2026-09-11 14:16:13.340] [gas-forecast-startup] [] [] [c.g.f.d.m.M.insert] [main] [DEBUG] - <==    Updates: 1
[2026-09-11 14:16:13.340] [gas-forecast-startup] [] [] [c.g.f.d.m.M.insert] [main] [DEBUG] - ==>  Preparing: INSERT INTO model_forecast_result_tb ( forecast_batch_no, forecast_date, forecast_value ) VALUES ( ?, ?, ? )
[2026-09-11 14:16:13.340] [gas-forecast-startup] [] [] [c.g.f.d.m.M.insert] [main] [DEBUG] - ==> Parameters: MSFC-PRESET-001(String), 2026-07-08(String), 77.10728811172278(BigDecimal)
[2026-09-11 14:16:13.340] [gas-forecast-startup] [] [] [c.g.f.d.m.M.insert] [main] [DEBUG] - <==    Updates: 1
[2026-09-11 14:16:13.341] [gas-forecast-startup] [] [] [c.g.f.d.m.M.insert] [main] [DEBUG] - ==>  Preparing: INSERT INTO model_forecast_result_tb ( forecast_batch_no, forecast_date, forecast_value ) VALUES ( ?, ?, ? )
[2026-09-11 14:16:13.341] [gas-forecast-startup] [] [] [c.g.f.d.m.M.insert] [main] [DEBUG] - ==> Parameters: MSFC-PRESET-001(String), 2026-07-09(String), 77.35357890115826(BigDecimal)
[2026-09-11 14:16:13.341] [gas-forecast-startup] [] [] [c.g.f.d.m.M.insert] [main] [DEBUG] - <==    Updates: 1
[2026-09-11 14:16:13.341] [gas-forecast-startup] [] [] [c.g.f.d.m.M.insert] [main] [DEBUG] - ==>  Preparing: INSERT INTO model_forecast_result_tb ( forecast_batch_no, forecast_date, forecast_value ) VALUES ( ?, ?, ? )
[2026-09-11 14:16:13.341] [gas-forecast-startup] [] [] [c.g.f.d.m.M.insert] [main] [DEBUG] - ==> Parameters: MSFC-PRESET-001(String), 2026-07-10(String), 77.70290339576911(BigDecimal)
[2026-09-11 14:16:13.342] [gas-forecast-startup] [] [] [c.g.f.d.m.M.insert] [main] [DEBUG] - <==    Updates: 1
[2026-09-11 14:16:13.342] [gas-forecast-startup] [] [] [c.g.f.d.m.M.insert] [main] [DEBUG] - ==>  Preparing: INSERT INTO model_forecast_result_tb ( forecast_batch_no, forecast_date, forecast_value ) VALUES ( ?, ?, ? )
[2026-09-11 14:16:13.342] [gas-forecast-startup] [] [] [c.g.f.d.m.M.insert] [main] [DEBUG] - ==> Parameters: MSFC-PRESET-001(String), 2026-07-11(String), 77.68012796892648(BigDecimal)
[2026-09-11 14:16:13.342] [gas-forecast-startup] [] [] [c.g.f.d.m.M.insert] [main] [DEBUG] - <==    Updates: 1
[2026-09-11 14:16:13.342] [gas-forecast-startup] [] [] [c.g.f.d.m.M.insert] [main] [DEBUG] - ==>  Preparing: INSERT INTO model_forecast_result_tb ( forecast_batch_no, forecast_date, forecast_value ) VALUES ( ?, ?, ? )
[2026-09-11 14:16:13.342] [gas-forecast-startup] [] [] [c.g.f.d.m.M.insert] [main] [DEBUG] - ==> Parameters: MSFC-PRESET-001(String), 2026-07-12(String), 77.0892456722459(BigDecimal)
[2026-09-11 14:16:13.343] [gas-forecast-startup] [] [] [c.g.f.d.m.M.insert] [main] [DEBUG] - <==    Updates: 1
[2026-09-11 14:16:13.343] [gas-forecast-startup] [] [] [c.g.f.d.m.M.insert] [main] [DEBUG] - ==>  Preparing: INSERT INTO model_forecast_result_tb ( forecast_batch_no, forecast_date, forecast_value ) VALUES ( ?, ?, ? )
[2026-09-11 14:16:13.343] [gas-forecast-startup] [] [] [c.g.f.d.m.M.insert] [main] [DEBUG] - ==> Parameters: MSFC-PRESET-001(String), 2026-07-13(String), 76.50612983851256(BigDecimal)
[2026-09-11 14:16:13.343] [gas-forecast-startup] [] [] [c.g.f.d.m.M.insert] [main] [DEBUG] - <==    Updates: 1
[2026-09-11 14:16:13.343] [gas-forecast-startup] [] [] [c.g.f.d.m.M.insert] [main] [DEBUG] - ==>  Preparing: INSERT INTO model_forecast_result_tb ( forecast_batch_no, forecast_date, forecast_value ) VALUES ( ?, ?, ? )
[2026-09-11 14:16:13.343] [gas-forecast-startup] [] [] [c.g.f.d.m.M.insert] [main] [DEBUG] - ==> Parameters: MSFC-PRESET-001(String), 2026-07-14(String), 77.90715547133433(BigDecimal)
[2026-09-11 14:16:13.344] [gas-forecast-startup] [] [] [c.g.f.d.m.M.insert] [main] [DEBUG] - <==    Updates: 1
[2026-09-11 14:16:13.346] [gas-forecast-startup] [] [] [c.g.f.d.m.B.selectList] [main] [DEBUG] - ==>  Preparing: SELECT id,region_code,region_name,region_type,parent_id,sort_no,enabled,remark,created_by,created_at,updated_by,updated_at,update_by_name,created_by_name FROM base_region_tb WHERE (region_name = ? AND region_type = ?) limit 1
[2026-09-11 14:16:13.346] [gas-forecast-startup] [] [] [c.g.f.d.m.B.selectList] [main] [DEBUG] - ==> Parameters: 江苏(String), PROVINCE(String)
[2026-09-11 14:16:13.347] [gas-forecast-startup] [] [] [c.g.f.d.m.B.selectList] [main] [DEBUG] - <==      Total: 0
[2026-09-11 14:16:13.347] [gas-forecast-startup] [] [] [c.g.f.d.m.B.selectList] [main] [DEBUG] - ==>  Preparing: SELECT id,industry_code,industry_name,parent_id,industry_level,sort_no,created_at,updated_at,created_by,created_by_name,updated_by,updated_by_name FROM base_industry_tb WHERE (industry_name = ?) limit 1
[2026-09-11 14:16:13.347] [gas-forecast-startup] [] [] [c.g.f.d.m.B.selectList] [main] [DEBUG] - ==> Parameters: LNG(String)
[2026-09-11 14:16:13.348] [gas-forecast-startup] [] [] [c.g.f.d.m.B.selectList] [main] [DEBUG] - <==      Total: 0
[2026-09-11 14:16:13.348] [gas-forecast-startup] [] [] [c.g.f.d.m.M.delete] [main] [DEBUG] - ==>  Preparing: DELETE FROM model_forecast_result_tb WHERE (forecast_batch_no = ?)
[2026-09-11 14:16:13.348] [gas-forecast-startup] [] [] [c.g.f.d.m.M.delete] [main] [DEBUG] - ==> Parameters: MSFC-PRESET-002(String)
[2026-09-11 14:16:13.349] [gas-forecast-startup] [] [] [c.g.f.d.m.M.delete] [main] [DEBUG] - <==    Updates: 50
[2026-09-11 14:16:13.350] [gas-forecast-startup] [] [] [c.g.f.d.m.M.delete] [main] [DEBUG] - ==>  Preparing: DELETE FROM model_forecast_batch_tb WHERE (batch_no = ?)
[2026-09-11 14:16:13.350] [gas-forecast-startup] [] [] [c.g.f.d.m.M.delete] [main] [DEBUG] - ==> Parameters: MSFC-PRESET-002(String)
[2026-09-11 14:16:13.350] [gas-forecast-startup] [] [] [c.g.f.d.m.M.delete] [main] [DEBUG] - <==    Updates: 1
[2026-09-11 14:16:13.350] [gas-forecast-startup] [] [] [c.g.f.d.m.M.insert] [main] [DEBUG] - ==>  Preparing: INSERT INTO model_forecast_batch_tb ( batch_no, train_batch_no, agent_code, region_code, region_name, customer_code, customer_name, industry_code, industry_name, forecast_horizon, forecast_start_date, forecast_end_date, status, request_json, created_by, created_by_name ) VALUES ( ?, ?, ?, ?, ?, ?, ?, ?, ?, ?, ?, ?, ?, ?, ?, ? )
[2026-09-11 14:16:13.350] [gas-forecast-startup] [] [] [c.g.f.d.m.M.insert] [main] [DEBUG] - ==> Parameters: MSFC-PRESET-002(String), XQTRAIN-monthly-sales-江苏(String), monthly-sales(String), 江苏(String), 江苏(String), ALL(String), 全部客户(String), LNG(String), LNG(String), 50(Integer), 20260526(Integer), 2026-07-14(String), SUCCESS(String), {"agent_id":"monthly-sales","source":"preset","model_name":"SARIMAX + 外生变量","industry":"LNG","customer":"全部客户","metrics":{"mape":90.98,"mae":51.09,"rmse":72.51,"r2":-0.04}}(String), system(String), 系统(String)
[2026-09-11 14:16:13.351] [gas-forecast-startup] [] [] [c.g.f.d.m.M.insert] [main] [DEBUG] - <==    Updates: 1
[2026-09-11 14:16:13.351] [gas-forecast-startup] [] [] [c.g.f.d.m.M.delete] [main] [DEBUG] - ==>  Preparing: DELETE FROM model_forecast_result_tb WHERE (forecast_batch_no = ?)
[2026-09-11 14:16:13.351] [gas-forecast-startup] [] [] [c.g.f.d.m.M.delete] [main] [DEBUG] - ==> Parameters: MSFC-PRESET-002(String)
[2026-09-11 14:16:13.352] [gas-forecast-startup] [] [] [c.g.f.d.m.M.delete] [main] [DEBUG] - <==    Updates: 0
[2026-09-11 14:16:13.352] [gas-forecast-startup] [] [] [c.g.f.d.m.M.insert] [main] [DEBUG] - ==>  Preparing: INSERT INTO model_forecast_result_tb ( forecast_batch_no, forecast_date, forecast_value ) VALUES ( ?, ?, ? )
[2026-09-11 14:16:13.352] [gas-forecast-startup] [] [] [c.g.f.d.m.M.insert] [main] [DEBUG] - ==> Parameters: MSFC-PRESET-002(String), 2026-05-26(String), 58.2516(BigDecimal)
[2026-09-11 14:16:13.353] [gas-forecast-startup] [] [] [c.g.f.d.m.M.insert] [main] [DEBUG] - <==    Updates: 1
[2026-09-11 14:16:13.353] [gas-forecast-startup] [] [] [c.g.f.d.m.M.insert] [main] [DEBUG] - ==>  Preparing: INSERT INTO model_forecast_result_tb ( forecast_batch_no, forecast_date, forecast_value ) VALUES ( ?, ?, ? )
[2026-09-11 14:16:13.353] [gas-forecast-startup] [] [] [c.g.f.d.m.M.insert] [main] [DEBUG] - ==> Parameters: MSFC-PRESET-002(String), 2026-05-27(String), 64.0064(BigDecimal)
[2026-09-11 14:16:13.354] [gas-forecast-startup] [] [] [c.g.f.d.m.M.insert] [main] [DEBUG] - <==    Updates: 1
[2026-09-11 14:16:13.354] [gas-forecast-startup] [] [] [c.g.f.d.m.M.insert] [main] [DEBUG] - ==>  Preparing: INSERT INTO model_forecast_result_tb ( forecast_batch_no, forecast_date, forecast_value ) VALUES ( ?, ?, ? )
[2026-09-11 14:16:13.354] [gas-forecast-startup] [] [] [c.g.f.d.m.M.insert] [main] [DEBUG] - ==> Parameters: MSFC-PRESET-002(String), 2026-05-28(String), 73.2986(BigDecimal)
[2026-09-11 14:16:13.355] [gas-forecast-startup] [] [] [c.g.f.d.m.M.insert] [main] [DEBUG] - <==    Updates: 1
[2026-09-11 14:16:13.355] [gas-forecast-startup] [] [] [c.g.f.d.m.M.insert] [main] [DEBUG] - ==>  Preparing: INSERT INTO model_forecast_result_tb ( forecast_batch_no, forecast_date, forecast_value ) VALUES ( ?, ?, ? )
[2026-09-11 14:16:13.355] [gas-forecast-startup] [] [] [c.g.f.d.m.M.insert] [main] [DEBUG] - ==> Parameters: MSFC-PRESET-002(String), 2026-05-29(String), 81.2507(BigDecimal)
[2026-09-11 14:16:13.355] [gas-forecast-startup] [] [] [c.g.f.d.m.M.insert] [main] [DEBUG] - <==    Updates: 1
[2026-09-11 14:16:13.356] [gas-forecast-startup] [] [] [c.g.f.d.m.M.insert] [main] [DEBUG] - ==>  Preparing: INSERT INTO model_forecast_result_tb ( forecast_batch_no, forecast_date, forecast_value ) VALUES ( ?, ?, ? )
[2026-09-11 14:16:13.356] [gas-forecast-startup] [] [] [c.g.f.d.m.M.insert] [main] [DEBUG] - ==> Parameters: MSFC-PRESET-002(String), 2026-05-30(String), 79.5547(BigDecimal)
[2026-09-11 14:16:13.356] [gas-forecast-startup] [] [] [c.g.f.d.m.M.insert] [main] [DEBUG] - <==    Updates: 1
[2026-09-11 14:16:13.356] [gas-forecast-startup] [] [] [c.g.f.d.m.M.insert] [main] [DEBUG] - ==>  Preparing: INSERT INTO model_forecast_result_tb ( forecast_batch_no, forecast_date, forecast_value ) VALUES ( ?, ?, ? )
[2026-09-11 14:16:13.356] [gas-forecast-startup] [] [] [c.g.f.d.m.M.insert] [main] [DEBUG] - ==> Parameters: MSFC-PRESET-002(String), 2026-05-31(String), 79.11(BigDecimal)
[2026-09-11 14:16:13.357] [gas-forecast-startup] [] [] [c.g.f.d.m.M.insert] [main] [DEBUG] - <==    Updates: 1
[2026-09-11 14:16:13.357] [gas-forecast-startup] [] [] [c.g.f.d.m.M.insert] [main] [DEBUG] - ==>  Preparing: INSERT INTO model_forecast_result_tb ( forecast_batch_no, forecast_date, forecast_value ) VALUES ( ?, ?, ? )
[2026-09-11 14:16:13.357] [gas-forecast-startup] [] [] [c.g.f.d.m.M.insert] [main] [DEBUG] - ==> Parameters: MSFC-PRESET-002(String), 2026-06-01(String), 79.912(BigDecimal)
[2026-09-11 14:16:13.357] [gas-forecast-startup] [] [] [c.g.f.d.m.M.insert] [main] [DEBUG] - <==    Updates: 1
[2026-09-11 14:16:13.357] [gas-forecast-startup] [] [] [c.g.f.d.m.M.insert] [main] [DEBUG] - ==>  Preparing: INSERT INTO model_forecast_result_tb ( forecast_batch_no, forecast_date, forecast_value ) VALUES ( ?, ?, ? )
[2026-09-11 14:16:13.357] [gas-forecast-startup] [] [] [c.g.f.d.m.M.insert] [main] [DEBUG] - ==> Parameters: MSFC-PRESET-002(String), 2026-06-02(String), 78.7814(BigDecimal)
[2026-09-11 14:16:13.358] [gas-forecast-startup] [] [] [c.g.f.d.m.M.insert] [main] [DEBUG] - <==    Updates: 1
[2026-09-11 14:16:13.358] [gas-forecast-startup] [] [] [c.g.f.d.m.M.insert] [main] [DEBUG] - ==>  Preparing: INSERT INTO model_forecast_result_tb ( forecast_batch_no, forecast_date, forecast_value ) VALUES ( ?, ?, ? )
[2026-09-11 14:16:13.358] [gas-forecast-startup] [] [] [c.g.f.d.m.M.insert] [main] [DEBUG] - ==> Parameters: MSFC-PRESET-002(String), 2026-06-03(String), 82.4604(BigDecimal)
[2026-09-11 14:16:13.359] [gas-forecast-startup] [] [] [c.g.f.d.m.M.insert] [main] [DEBUG] - <==    Updates: 1
[2026-09-11 14:16:13.359] [gas-forecast-startup] [] [] [c.g.f.d.m.M.insert] [main] [DEBUG] - ==>  Preparing: INSERT INTO model_forecast_result_tb ( forecast_batch_no, forecast_date, forecast_value ) VALUES ( ?, ?, ? )
[2026-09-11 14:16:13.359] [gas-forecast-startup] [] [] [c.g.f.d.m.M.insert] [main] [DEBUG] - ==> Parameters: MSFC-PRESET-002(String), 2026-06-04(String), 89.8385(BigDecimal)
[2026-09-11 14:16:13.360] [gas-forecast-startup] [] [] [c.g.f.d.m.M.insert] [main] [DEBUG] - <==    Updates: 1
[2026-09-11 14:16:13.360] [gas-forecast-startup] [] [] [c.g.f.d.m.M.insert] [main] [DEBUG] - ==>  Preparing: INSERT INTO model_forecast_result_tb ( forecast_batch_no, forecast_date, forecast_value ) VALUES ( ?, ?, ? )
[2026-09-11 14:16:13.360] [gas-forecast-startup] [] [] [c.g.f.d.m.M.insert] [main] [DEBUG] - ==> Parameters: MSFC-PRESET-002(String), 2026-06-05(String), 98.2903(BigDecimal)
[2026-09-11 14:16:13.360] [gas-forecast-startup] [] [] [c.g.f.d.m.M.insert] [main] [DEBUG] - <==    Updates: 1
[2026-09-11 14:16:13.360] [gas-forecast-startup] [] [] [c.g.f.d.m.M.insert] [main] [DEBUG] - ==>  Preparing: INSERT INTO model_forecast_result_tb ( forecast_batch_no, forecast_date, forecast_value ) VALUES ( ?, ?, ? )
[2026-09-11 14:16:13.361] [gas-forecast-startup] [] [] [c.g.f.d.m.M.insert] [main] [DEBUG] - ==> Parameters: MSFC-PRESET-002(String), 2026-06-06(String), 107.2041(BigDecimal)
[2026-09-11 14:16:13.361] [gas-forecast-startup] [] [] [c.g.f.d.m.M.insert] [main] [DEBUG] - <==    Updates: 1
[2026-09-11 14:16:13.361] [gas-forecast-startup] [] [] [c.g.f.d.m.M.insert] [main] [DEBUG] - ==>  Preparing: INSERT INTO model_forecast_result_tb ( forecast_batch_no, forecast_date, forecast_value ) VALUES ( ?, ?, ? )
[2026-09-11 14:16:13.361] [gas-forecast-startup] [] [] [c.g.f.d.m.M.insert] [main] [DEBUG] - ==> Parameters: MSFC-PRESET-002(String), 2026-06-07(String), 94.2625(BigDecimal)
[2026-09-11 14:16:13.361] [gas-forecast-startup] [] [] [c.g.f.d.m.M.insert] [main] [DEBUG] - <==    Updates: 1
[2026-09-11 14:16:13.361] [gas-forecast-startup] [] [] [c.g.f.d.m.M.insert] [main] [DEBUG] - ==>  Preparing: INSERT INTO model_forecast_result_tb ( forecast_batch_no, forecast_date, forecast_value ) VALUES ( ?, ?, ? )
[2026-09-11 14:16:13.361] [gas-forecast-startup] [] [] [c.g.f.d.m.M.insert] [main] [DEBUG] - ==> Parameters: MSFC-PRESET-002(String), 2026-06-08(String), 90.9433(BigDecimal)
[2026-09-11 14:16:13.362] [gas-forecast-startup] [] [] [c.g.f.d.m.M.insert] [main] [DEBUG] - <==    Updates: 1
[2026-09-11 14:16:13.362] [gas-forecast-startup] [] [] [c.g.f.d.m.M.insert] [main] [DEBUG] - ==>  Preparing: INSERT INTO model_forecast_result_tb ( forecast_batch_no, forecast_date, forecast_value ) VALUES ( ?, ?, ? )
[2026-09-11 14:16:13.362] [gas-forecast-startup] [] [] [c.g.f.d.m.M.insert] [main] [DEBUG] - ==> Parameters: MSFC-PRESET-002(String), 2026-06-09(String), 103.1445(BigDecimal)
[2026-09-11 14:16:13.362] [gas-forecast-startup] [] [] [c.g.f.d.m.M.insert] [main] [DEBUG] - <==    Updates: 1
[2026-09-11 14:16:13.362] [gas-forecast-startup] [] [] [c.g.f.d.m.M.insert] [main] [DEBUG] - ==>  Preparing: INSERT INTO model_forecast_result_tb ( forecast_batch_no, forecast_date, forecast_value ) VALUES ( ?, ?, ? )
[2026-09-11 14:16:13.362] [gas-forecast-startup] [] [] [c.g.f.d.m.M.insert] [main] [DEBUG] - ==> Parameters: MSFC-PRESET-002(String), 2026-06-10(String), 105.1816(BigDecimal)
[2026-09-11 14:16:13.363] [gas-forecast-startup] [] [] [c.g.f.d.m.M.insert] [main] [DEBUG] - <==    Updates: 1
[2026-09-11 14:16:13.363] [gas-forecast-startup] [] [] [c.g.f.d.m.M.insert] [main] [DEBUG] - ==>  Preparing: INSERT INTO model_forecast_result_tb ( forecast_batch_no, forecast_date, forecast_value ) VALUES ( ?, ?, ? )
[2026-09-11 14:16:13.363] [gas-forecast-startup] [] [] [c.g.f.d.m.M.insert] [main] [DEBUG] - ==> Parameters: MSFC-PRESET-002(String), 2026-06-11(String), 107.2956(BigDecimal)
[2026-09-11 14:16:13.364] [gas-forecast-startup] [] [] [c.g.f.d.m.M.insert] [main] [DEBUG] - <==    Updates: 1
[2026-09-11 14:16:13.364] [gas-forecast-startup] [] [] [c.g.f.d.m.M.insert] [main] [DEBUG] - ==>  Preparing: INSERT INTO model_forecast_result_tb ( forecast_batch_no, forecast_date, forecast_value ) VALUES ( ?, ?, ? )
[2026-09-11 14:16:13.364] [gas-forecast-startup] [] [] [c.g.f.d.m.M.insert] [main] [DEBUG] - ==> Parameters: MSFC-PRESET-002(String), 2026-06-12(String), 101.7012(BigDecimal)
[2026-09-11 14:16:13.364] [gas-forecast-startup] [] [] [c.g.f.d.m.M.insert] [main] [DEBUG] - <==    Updates: 1
[2026-09-11 14:16:13.364] [gas-forecast-startup] [] [] [c.g.f.d.m.M.insert] [main] [DEBUG] - ==>  Preparing: INSERT INTO model_forecast_result_tb ( forecast_batch_no, forecast_date, forecast_value ) VALUES ( ?, ?, ? )
[2026-09-11 14:16:13.364] [gas-forecast-startup] [] [] [c.g.f.d.m.M.insert] [main] [DEBUG] - ==> Parameters: MSFC-PRESET-002(String), 2026-06-13(String), 111.1262(BigDecimal)
[2026-09-11 14:16:13.365] [gas-forecast-startup] [] [] [c.g.f.d.m.M.insert] [main] [DEBUG] - <==    Updates: 1
[2026-09-11 14:16:13.365] [gas-forecast-startup] [] [] [c.g.f.d.m.M.insert] [main] [DEBUG] - ==>  Preparing: INSERT INTO model_forecast_result_tb ( forecast_batch_no, forecast_date, forecast_value ) VALUES ( ?, ?, ? )
[2026-09-11 14:16:13.365] [gas-forecast-startup] [] [] [c.g.f.d.m.M.insert] [main] [DEBUG] - ==> Parameters: MSFC-PRESET-002(String), 2026-06-14(String), 114.5481(BigDecimal)
[2026-09-11 14:16:13.365] [gas-forecast-startup] [] [] [c.g.f.d.m.M.insert] [main] [DEBUG] - <==    Updates: 1
[2026-09-11 14:16:13.365] [gas-forecast-startup] [] [] [c.g.f.d.m.M.insert] [main] [DEBUG] - ==>  Preparing: INSERT INTO model_forecast_result_tb ( forecast_batch_no, forecast_date, forecast_value ) VALUES ( ?, ?, ? )
[2026-09-11 14:16:13.366] [gas-forecast-startup] [] [] [c.g.f.d.m.M.insert] [main] [DEBUG] - ==> Parameters: MSFC-PRESET-002(String), 2026-06-15(String), 109.2519(BigDecimal)
[2026-09-11 14:16:13.366] [gas-forecast-startup] [] [] [c.g.f.d.m.M.insert] [main] [DEBUG] - <==    Updates: 1
[2026-09-11 14:16:13.366] [gas-forecast-startup] [] [] [c.g.f.d.m.M.insert] [main] [DEBUG] - ==>  Preparing: INSERT INTO model_forecast_result_tb ( forecast_batch_no, forecast_date, forecast_value ) VALUES ( ?, ?, ? )
[2026-09-11 14:16:13.366] [gas-forecast-startup] [] [] [c.g.f.d.m.M.insert] [main] [DEBUG] - ==> Parameters: MSFC-PRESET-002(String), 2026-06-16(String), 110.3228(BigDecimal)
[2026-09-11 14:16:13.366] [gas-forecast-startup] [] [] [c.g.f.d.m.M.insert] [main] [DEBUG] - <==    Updates: 1
[2026-09-11 14:16:13.366] [gas-forecast-startup] [] [] [c.g.f.d.m.M.insert] [main] [DEBUG] - ==>  Preparing: INSERT INTO model_forecast_result_tb ( forecast_batch_no, forecast_date, forecast_value ) VALUES ( ?, ?, ? )
[2026-09-11 14:16:13.367] [gas-forecast-startup] [] [] [c.g.f.d.m.M.insert] [main] [DEBUG] - ==> Parameters: MSFC-PRESET-002(String), 2026-06-17(String), 113.6076(BigDecimal)
[2026-09-11 14:16:13.367] [gas-forecast-startup] [] [] [c.g.f.d.m.M.insert] [main] [DEBUG] - <==    Updates: 1
[2026-09-11 14:16:13.367] [gas-forecast-startup] [] [] [c.g.f.d.m.M.insert] [main] [DEBUG] - ==>  Preparing: INSERT INTO model_forecast_result_tb ( forecast_batch_no, forecast_date, forecast_value ) VALUES ( ?, ?, ? )
[2026-09-11 14:16:13.367] [gas-forecast-startup] [] [] [c.g.f.d.m.M.insert] [main] [DEBUG] - ==> Parameters: MSFC-PRESET-002(String), 2026-06-18(String), 117.4566(BigDecimal)
[2026-09-11 14:16:13.367] [gas-forecast-startup] [] [] [c.g.f.d.m.M.insert] [main] [DEBUG] - <==    Updates: 1
[2026-09-11 14:16:13.367] [gas-forecast-startup] [] [] [c.g.f.d.m.M.insert] [main] [DEBUG] - ==>  Preparing: INSERT INTO model_forecast_result_tb ( forecast_batch_no, forecast_date, forecast_value ) VALUES ( ?, ?, ? )
[2026-09-11 14:16:13.367] [gas-forecast-startup] [] [] [c.g.f.d.m.M.insert] [main] [DEBUG] - ==> Parameters: MSFC-PRESET-002(String), 2026-06-19(String), 108.4027(BigDecimal)
[2026-09-11 14:16:13.368] [gas-forecast-startup] [] [] [c.g.f.d.m.M.insert] [main] [DEBUG] - <==    Updates: 1
[2026-09-11 14:16:13.368] [gas-forecast-startup] [] [] [c.g.f.d.m.M.insert] [main] [DEBUG] - ==>  Preparing: INSERT INTO model_forecast_result_tb ( forecast_batch_no, forecast_date, forecast_value ) VALUES ( ?, ?, ? )
[2026-09-11 14:16:13.368] [gas-forecast-startup] [] [] [c.g.f.d.m.M.insert] [main] [DEBUG] - ==> Parameters: MSFC-PRESET-002(String), 2026-06-20(String), 103.0965(BigDecimal)
[2026-09-11 14:16:13.369] [gas-forecast-startup] [] [] [c.g.f.d.m.M.insert] [main] [DEBUG] - <==    Updates: 1
[2026-09-11 14:16:13.369] [gas-forecast-startup] [] [] [c.g.f.d.m.M.insert] [main] [DEBUG] - ==>  Preparing: INSERT INTO model_forecast_result_tb ( forecast_batch_no, forecast_date, forecast_value ) VALUES ( ?, ?, ? )
[2026-09-11 14:16:13.369] [gas-forecast-startup] [] [] [c.g.f.d.m.M.insert] [main] [DEBUG] - ==> Parameters: MSFC-PRESET-002(String), 2026-06-21(String), 104.6474(BigDecimal)
[2026-09-11 14:16:13.369] [gas-forecast-startup] [] [] [c.g.f.d.m.M.insert] [main] [DEBUG] - <==    Updates: 1
[2026-09-11 14:16:13.369] [gas-forecast-startup] [] [] [c.g.f.d.m.M.insert] [main] [DEBUG] - ==>  Preparing: INSERT INTO model_forecast_result_tb ( forecast_batch_no, forecast_date, forecast_value ) VALUES ( ?, ?, ? )
[2026-09-11 14:16:13.369] [gas-forecast-startup] [] [] [c.g.f.d.m.M.insert] [main] [DEBUG] - ==> Parameters: MSFC-PRESET-002(String), 2026-06-22(String), 97.5829(BigDecimal)
[2026-09-11 14:16:13.370] [gas-forecast-startup] [] [] [c.g.f.d.m.M.insert] [main] [DEBUG] - <==    Updates: 1
[2026-09-11 14:16:13.370] [gas-forecast-startup] [] [] [c.g.f.d.m.M.insert] [main] [DEBUG] - ==>  Preparing: INSERT INTO model_forecast_result_tb ( forecast_batch_no, forecast_date, forecast_value ) VALUES ( ?, ?, ? )
[2026-09-11 14:16:13.370] [gas-forecast-startup] [] [] [c.g.f.d.m.M.insert] [main] [DEBUG] - ==> Parameters: MSFC-PRESET-002(String), 2026-06-23(String), 99.4549(BigDecimal)
[2026-09-11 14:16:13.370] [gas-forecast-startup] [] [] [c.g.f.d.m.M.insert] [main] [DEBUG] - <==    Updates: 1
[2026-09-11 14:16:13.370] [gas-forecast-startup] [] [] [c.g.f.d.m.M.insert] [main] [DEBUG] - ==>  Preparing: INSERT INTO model_forecast_result_tb ( forecast_batch_no, forecast_date, forecast_value ) VALUES ( ?, ?, ? )
[2026-09-11 14:16:13.370] [gas-forecast-startup] [] [] [c.g.f.d.m.M.insert] [main] [DEBUG] - ==> Parameters: MSFC-PRESET-002(String), 2026-06-24(String), 95.4241(BigDecimal)
[2026-09-11 14:16:13.371] [gas-forecast-startup] [] [] [c.g.f.d.m.M.insert] [main] [DEBUG] - <==    Updates: 1
[2026-09-11 14:16:13.371] [gas-forecast-startup] [] [] [c.g.f.d.m.M.insert] [main] [DEBUG] - ==>  Preparing: INSERT INTO model_forecast_result_tb ( forecast_batch_no, forecast_date, forecast_value ) VALUES ( ?, ?, ? )
[2026-09-11 14:16:13.371] [gas-forecast-startup] [] [] [c.g.f.d.m.M.insert] [main] [DEBUG] - ==> Parameters: MSFC-PRESET-002(String), 2026-06-25(String), 97.3319(BigDecimal)
[2026-09-11 14:16:13.371] [gas-forecast-startup] [] [] [c.g.f.d.m.M.insert] [main] [DEBUG] - <==    Updates: 1
[2026-09-11 14:16:13.371] [gas-forecast-startup] [] [] [c.g.f.d.m.M.insert] [main] [DEBUG] - ==>  Preparing: INSERT INTO model_forecast_result_tb ( forecast_batch_no, forecast_date, forecast_value ) VALUES ( ?, ?, ? )
[2026-09-11 14:16:13.371] [gas-forecast-startup] [] [] [c.g.f.d.m.M.insert] [main] [DEBUG] - ==> Parameters: MSFC-PRESET-002(String), 2026-06-26(String), 109.5295(BigDecimal)
[2026-09-11 14:16:13.372] [gas-forecast-startup] [] [] [c.g.f.d.m.M.insert] [main] [DEBUG] - <==    Updates: 1
[2026-09-11 14:16:13.372] [gas-forecast-startup] [] [] [c.g.f.d.m.M.insert] [main] [DEBUG] - ==>  Preparing: INSERT INTO model_forecast_result_tb ( forecast_batch_no, forecast_date, forecast_value ) VALUES ( ?, ?, ? )
[2026-09-11 14:16:13.372] [gas-forecast-startup] [] [] [c.g.f.d.m.M.insert] [main] [DEBUG] - ==> Parameters: MSFC-PRESET-002(String), 2026-06-27(String), 103.5385(BigDecimal)
[2026-09-11 14:16:13.372] [gas-forecast-startup] [] [] [c.g.f.d.m.M.insert] [main] [DEBUG] - <==    Updates: 1
[2026-09-11 14:16:13.372] [gas-forecast-startup] [] [] [c.g.f.d.m.M.insert] [main] [DEBUG] - ==>  Preparing: INSERT INTO model_forecast_result_tb ( forecast_batch_no, forecast_date, forecast_value ) VALUES ( ?, ?, ? )
[2026-09-11 14:16:13.372] [gas-forecast-startup] [] [] [c.g.f.d.m.M.insert] [main] [DEBUG] - ==> Parameters: MSFC-PRESET-002(String), 2026-06-28(String), 106.5917(BigDecimal)
[2026-09-11 14:16:13.372] [gas-forecast-startup] [] [] [c.g.f.d.m.M.insert] [main] [DEBUG] - <==    Updates: 1
[2026-09-11 14:16:13.373] [gas-forecast-startup] [] [] [c.g.f.d.m.M.insert] [main] [DEBUG] - ==>  Preparing: INSERT INTO model_forecast_result_tb ( forecast_batch_no, forecast_date, forecast_value ) VALUES ( ?, ?, ? )
[2026-09-11 14:16:13.373] [gas-forecast-startup] [] [] [c.g.f.d.m.M.insert] [main] [DEBUG] - ==> Parameters: MSFC-PRESET-002(String), 2026-06-29(String), 112.4221(BigDecimal)
[2026-09-11 14:16:13.373] [gas-forecast-startup] [] [] [c.g.f.d.m.M.insert] [main] [DEBUG] - <==    Updates: 1
[2026-09-11 14:16:13.373] [gas-forecast-startup] [] [] [c.g.f.d.m.M.insert] [main] [DEBUG] - ==>  Preparing: INSERT INTO model_forecast_result_tb ( forecast_batch_no, forecast_date, forecast_value ) VALUES ( ?, ?, ? )
[2026-09-11 14:16:13.373] [gas-forecast-startup] [] [] [c.g.f.d.m.M.insert] [main] [DEBUG] - ==> Parameters: MSFC-PRESET-002(String), 2026-06-30(String), 113.3954(BigDecimal)
[2026-09-11 14:16:13.374] [gas-forecast-startup] [] [] [c.g.f.d.m.M.insert] [main] [DEBUG] - <==    Updates: 1
[2026-09-11 14:16:13.374] [gas-forecast-startup] [] [] [c.g.f.d.m.M.insert] [main] [DEBUG] - ==>  Preparing: INSERT INTO model_forecast_result_tb ( forecast_batch_no, forecast_date, forecast_value ) VALUES ( ?, ?, ? )
[2026-09-11 14:16:13.374] [gas-forecast-startup] [] [] [c.g.f.d.m.M.insert] [main] [DEBUG] - ==> Parameters: MSFC-PRESET-002(String), 2026-07-01(String), 118.3319(BigDecimal)
[2026-09-11 14:16:13.374] [gas-forecast-startup] [] [] [c.g.f.d.m.M.insert] [main] [DEBUG] - <==    Updates: 1
[2026-09-11 14:16:13.374] [gas-forecast-startup] [] [] [c.g.f.d.m.M.insert] [main] [DEBUG] - ==>  Preparing: INSERT INTO model_forecast_result_tb ( forecast_batch_no, forecast_date, forecast_value ) VALUES ( ?, ?, ? )
[2026-09-11 14:16:13.374] [gas-forecast-startup] [] [] [c.g.f.d.m.M.insert] [main] [DEBUG] - ==> Parameters: MSFC-PRESET-002(String), 2026-07-02(String), 119.1787(BigDecimal)
[2026-09-11 14:16:13.375] [gas-forecast-startup] [] [] [c.g.f.d.m.M.insert] [main] [DEBUG] - <==    Updates: 1
[2026-09-11 14:16:13.375] [gas-forecast-startup] [] [] [c.g.f.d.m.M.insert] [main] [DEBUG] - ==>  Preparing: INSERT INTO model_forecast_result_tb ( forecast_batch_no, forecast_date, forecast_value ) VALUES ( ?, ?, ? )
[2026-09-11 14:16:13.375] [gas-forecast-startup] [] [] [c.g.f.d.m.M.insert] [main] [DEBUG] - ==> Parameters: MSFC-PRESET-002(String), 2026-07-03(String), 118.9452(BigDecimal)
[2026-09-11 14:16:13.375] [gas-forecast-startup] [] [] [c.g.f.d.m.M.insert] [main] [DEBUG] - <==    Updates: 1
[2026-09-11 14:16:13.375] [gas-forecast-startup] [] [] [c.g.f.d.m.M.insert] [main] [DEBUG] - ==>  Preparing: INSERT INTO model_forecast_result_tb ( forecast_batch_no, forecast_date, forecast_value ) VALUES ( ?, ?, ? )
[2026-09-11 14:16:13.376] [gas-forecast-startup] [] [] [c.g.f.d.m.M.insert] [main] [DEBUG] - ==> Parameters: MSFC-PRESET-002(String), 2026-07-04(String), 125.1581(BigDecimal)
[2026-09-11 14:16:13.376] [gas-forecast-startup] [] [] [c.g.f.d.m.M.insert] [main] [DEBUG] - <==    Updates: 1
[2026-09-11 14:16:13.376] [gas-forecast-startup] [] [] [c.g.f.d.m.M.insert] [main] [DEBUG] - ==>  Preparing: INSERT INTO model_forecast_result_tb ( forecast_batch_no, forecast_date, forecast_value ) VALUES ( ?, ?, ? )
[2026-09-11 14:16:13.376] [gas-forecast-startup] [] [] [c.g.f.d.m.M.insert] [main] [DEBUG] - ==> Parameters: MSFC-PRESET-002(String), 2026-07-05(String), 129.3806(BigDecimal)
[2026-09-11 14:16:13.377] [gas-forecast-startup] [] [] [c.g.f.d.m.M.insert] [main] [DEBUG] - <==    Updates: 1
[2026-09-11 14:16:13.377] [gas-forecast-startup] [] [] [c.g.f.d.m.M.insert] [main] [DEBUG] - ==>  Preparing: INSERT INTO model_forecast_result_tb ( forecast_batch_no, forecast_date, forecast_value ) VALUES ( ?, ?, ? )
[2026-09-11 14:16:13.377] [gas-forecast-startup] [] [] [c.g.f.d.m.M.insert] [main] [DEBUG] - ==> Parameters: MSFC-PRESET-002(String), 2026-07-06(String), 124.3232(BigDecimal)
[2026-09-11 14:16:13.377] [gas-forecast-startup] [] [] [c.g.f.d.m.M.insert] [main] [DEBUG] - <==    Updates: 1
[2026-09-11 14:16:13.377] [gas-forecast-startup] [] [] [c.g.f.d.m.M.insert] [main] [DEBUG] - ==>  Preparing: INSERT INTO model_forecast_result_tb ( forecast_batch_no, forecast_date, forecast_value ) VALUES ( ?, ?, ? )
[2026-09-11 14:16:13.377] [gas-forecast-startup] [] [] [c.g.f.d.m.M.insert] [main] [DEBUG] - ==> Parameters: MSFC-PRESET-002(String), 2026-07-07(String), 127.8437(BigDecimal)
[2026-09-11 14:16:13.378] [gas-forecast-startup] [] [] [c.g.f.d.m.M.insert] [main] [DEBUG] - <==    Updates: 1
[2026-09-11 14:16:13.378] [gas-forecast-startup] [] [] [c.g.f.d.m.M.insert] [main] [DEBUG] - ==>  Preparing: INSERT INTO model_forecast_result_tb ( forecast_batch_no, forecast_date, forecast_value ) VALUES ( ?, ?, ? )
[2026-09-11 14:16:13.378] [gas-forecast-startup] [] [] [c.g.f.d.m.M.insert] [main] [DEBUG] - ==> Parameters: MSFC-PRESET-002(String), 2026-07-08(String), 119.0931(BigDecimal)
[2026-09-11 14:16:13.378] [gas-forecast-startup] [] [] [c.g.f.d.m.M.insert] [main] [DEBUG] - <==    Updates: 1
[2026-09-11 14:16:13.379] [gas-forecast-startup] [] [] [c.g.f.d.m.M.insert] [main] [DEBUG] - ==>  Preparing: INSERT INTO model_forecast_result_tb ( forecast_batch_no, forecast_date, forecast_value ) VALUES ( ?, ?, ? )
[2026-09-11 14:16:13.379] [gas-forecast-startup] [] [] [c.g.f.d.m.M.insert] [main] [DEBUG] - ==> Parameters: MSFC-PRESET-002(String), 2026-07-09(String), 117.8401(BigDecimal)
[2026-09-11 14:16:13.379] [gas-forecast-startup] [] [] [c.g.f.d.m.M.insert] [main] [DEBUG] - <==    Updates: 1
[2026-09-11 14:16:13.379] [gas-forecast-startup] [] [] [c.g.f.d.m.M.insert] [main] [DEBUG] - ==>  Preparing: INSERT INTO model_forecast_result_tb ( forecast_batch_no, forecast_date, forecast_value ) VALUES ( ?, ?, ? )
[2026-09-11 14:16:13.379] [gas-forecast-startup] [] [] [c.g.f.d.m.M.insert] [main] [DEBUG] - ==> Parameters: MSFC-PRESET-002(String), 2026-07-10(String), 120.5594(BigDecimal)
[2026-09-11 14:16:13.380] [gas-forecast-startup] [] [] [c.g.f.d.m.M.insert] [main] [DEBUG] - <==    Updates: 1
[2026-09-11 14:16:13.380] [gas-forecast-startup] [] [] [c.g.f.d.m.M.insert] [main] [DEBUG] - ==>  Preparing: INSERT INTO model_forecast_result_tb ( forecast_batch_no, forecast_date, forecast_value ) VALUES ( ?, ?, ? )
[2026-09-11 14:16:13.380] [gas-forecast-startup] [] [] [c.g.f.d.m.M.insert] [main] [DEBUG] - ==> Parameters: MSFC-PRESET-002(String), 2026-07-11(String), 123.4471(BigDecimal)
[2026-09-11 14:16:13.381] [gas-forecast-startup] [] [] [c.g.f.d.m.M.insert] [main] [DEBUG] - <==    Updates: 1
[2026-09-11 14:16:13.381] [gas-forecast-startup] [] [] [c.g.f.d.m.M.insert] [main] [DEBUG] - ==>  Preparing: INSERT INTO model_forecast_result_tb ( forecast_batch_no, forecast_date, forecast_value ) VALUES ( ?, ?, ? )
[2026-09-11 14:16:13.381] [gas-forecast-startup] [] [] [c.g.f.d.m.M.insert] [main] [DEBUG] - ==> Parameters: MSFC-PRESET-002(String), 2026-07-12(String), 127.0102(BigDecimal)
[2026-09-11 14:16:13.381] [gas-forecast-startup] [] [] [c.g.f.d.m.M.insert] [main] [DEBUG] - <==    Updates: 1
[2026-09-11 14:16:13.381] [gas-forecast-startup] [] [] [c.g.f.d.m.M.insert] [main] [DEBUG] - ==>  Preparing: INSERT INTO model_forecast_result_tb ( forecast_batch_no, forecast_date, forecast_value ) VALUES ( ?, ?, ? )
[2026-09-11 14:16:13.381] [gas-forecast-startup] [] [] [c.g.f.d.m.M.insert] [main] [DEBUG] - ==> Parameters: MSFC-PRESET-002(String), 2026-07-13(String), 124.2027(BigDecimal)
[2026-09-11 14:16:13.382] [gas-forecast-startup] [] [] [c.g.f.d.m.M.insert] [main] [DEBUG] - <==    Updates: 1
[2026-09-11 14:16:13.382] [gas-forecast-startup] [] [] [c.g.f.d.m.M.insert] [main] [DEBUG] - ==>  Preparing: INSERT INTO model_forecast_result_tb ( forecast_batch_no, forecast_date, forecast_value ) VALUES ( ?, ?, ? )
[2026-09-11 14:16:13.382] [gas-forecast-startup] [] [] [c.g.f.d.m.M.insert] [main] [DEBUG] - ==> Parameters: MSFC-PRESET-002(String), 2026-07-14(String), 131.8053(BigDecimal)
[2026-09-11 14:16:13.382] [gas-forecast-startup] [] [] [c.g.f.d.m.M.insert] [main] [DEBUG] - <==    Updates: 1
[2026-09-11 14:16:13.384] [gas-forecast-startup] [] [] [c.g.f.d.m.B.selectList] [main] [DEBUG] - ==>  Preparing: SELECT id,region_code,region_name,region_type,parent_id,sort_no,enabled,remark,created_by,created_at,updated_by,updated_at,update_by_name,created_by_name FROM base_region_tb WHERE (region_name = ? AND region_type = ?) limit 1
[2026-09-11 14:16:13.384] [gas-forecast-startup] [] [] [c.g.f.d.m.B.selectList] [main] [DEBUG] - ==> Parameters: 江苏(String), PROVINCE(String)
[2026-09-11 14:16:13.384] [gas-forecast-startup] [] [] [c.g.f.d.m.B.selectList] [main] [DEBUG] - <==      Total: 0
[2026-09-11 14:16:13.385] [gas-forecast-startup] [] [] [c.g.f.d.m.B.selectList] [main] [DEBUG] - ==>  Preparing: SELECT id,industry_code,industry_name,parent_id,industry_level,sort_no,created_at,updated_at,created_by,created_by_name,updated_by,updated_by_name FROM base_industry_tb WHERE (industry_name = ?) limit 1
[2026-09-11 14:16:13.385] [gas-forecast-startup] [] [] [c.g.f.d.m.B.selectList] [main] [DEBUG] - ==> Parameters: 化工(String)
[2026-09-11 14:16:13.385] [gas-forecast-startup] [] [] [c.g.f.d.m.B.selectList] [main] [DEBUG] - <==      Total: 0
[2026-09-11 14:16:13.385] [gas-forecast-startup] [] [] [c.g.f.d.m.M.delete] [main] [DEBUG] - ==>  Preparing: DELETE FROM model_forecast_result_tb WHERE (forecast_batch_no = ?)
[2026-09-11 14:16:13.385] [gas-forecast-startup] [] [] [c.g.f.d.m.M.delete] [main] [DEBUG] - ==> Parameters: MSFC-PRESET-003(String)
[2026-09-11 14:16:13.386] [gas-forecast-startup] [] [] [c.g.f.d.m.M.delete] [main] [DEBUG] - <==    Updates: 50
[2026-09-11 14:16:13.386] [gas-forecast-startup] [] [] [c.g.f.d.m.M.delete] [main] [DEBUG] - ==>  Preparing: DELETE FROM model_forecast_batch_tb WHERE (batch_no = ?)
[2026-09-11 14:16:13.386] [gas-forecast-startup] [] [] [c.g.f.d.m.M.delete] [main] [DEBUG] - ==> Parameters: MSFC-PRESET-003(String)
[2026-09-11 14:16:13.386] [gas-forecast-startup] [] [] [c.g.f.d.m.M.delete] [main] [DEBUG] - <==    Updates: 1
[2026-09-11 14:16:13.386] [gas-forecast-startup] [] [] [c.g.f.d.m.M.insert] [main] [DEBUG] - ==>  Preparing: INSERT INTO model_forecast_batch_tb ( batch_no, train_batch_no, agent_code, region_code, region_name, customer_code, customer_name, industry_code, industry_name, forecast_horizon, forecast_start_date, forecast_end_date, status, request_json, created_by, created_by_name ) VALUES ( ?, ?, ?, ?, ?, ?, ?, ?, ?, ?, ?, ?, ?, ?, ?, ? )
[2026-09-11 14:16:13.387] [gas-forecast-startup] [] [] [c.g.f.d.m.M.insert] [main] [DEBUG] - ==> Parameters: MSFC-PRESET-003(String), XQTRAIN-monthly-sales-江苏(String), monthly-sales(String), 江苏(String), 江苏(String), ALL(String), 全部客户(String), 化工(String), 化工(String), 50(Integer), 20260526(Integer), 2026-07-14(String), SUCCESS(String), {"agent_id":"monthly-sales","source":"preset","model_name":"Prophet + XGBoost残差模型","industry":"化工","customer":"全部客户","metrics":{"mape":1.49,"mae":3.04,"rmse":3.7,"r2":0.99}}(String), system(String), 系统(String)
[2026-09-11 14:16:13.387] [gas-forecast-startup] [] [] [c.g.f.d.m.M.insert] [main] [DEBUG] - <==    Updates: 1
[2026-09-11 14:16:13.387] [gas-forecast-startup] [] [] [c.g.f.d.m.M.delete] [main] [DEBUG] - ==>  Preparing: DELETE FROM model_forecast_result_tb WHERE (forecast_batch_no = ?)
[2026-09-11 14:16:13.387] [gas-forecast-startup] [] [] [c.g.f.d.m.M.delete] [main] [DEBUG] - ==> Parameters: MSFC-PRESET-003(String)
[2026-09-11 14:16:13.388] [gas-forecast-startup] [] [] [c.g.f.d.m.M.delete] [main] [DEBUG] - <==    Updates: 0
[2026-09-11 14:16:13.388] [gas-forecast-startup] [] [] [c.g.f.d.m.M.insert] [main] [DEBUG] - ==>  Preparing: INSERT INTO model_forecast_result_tb ( forecast_batch_no, forecast_date, forecast_value ) VALUES ( ?, ?, ? )
[2026-09-11 14:16:13.388] [gas-forecast-startup] [] [] [c.g.f.d.m.M.insert] [main] [DEBUG] - ==> Parameters: MSFC-PRESET-003(String), 2026-05-26(String), 189.14866923118265(BigDecimal)
[2026-09-11 14:16:13.388] [gas-forecast-startup] [] [] [c.g.f.d.m.M.insert] [main] [DEBUG] - <==    Updates: 1
[2026-09-11 14:16:13.388] [gas-forecast-startup] [] [] [c.g.f.d.m.M.insert] [main] [DEBUG] - ==>  Preparing: INSERT INTO model_forecast_result_tb ( forecast_batch_no, forecast_date, forecast_value ) VALUES ( ?, ?, ? )
[2026-09-11 14:16:13.388] [gas-forecast-startup] [] [] [c.g.f.d.m.M.insert] [main] [DEBUG] - ==> Parameters: MSFC-PRESET-003(String), 2026-05-27(String), 188.4000219690749(BigDecimal)
[2026-09-11 14:16:13.389] [gas-forecast-startup] [] [] [c.g.f.d.m.M.insert] [main] [DEBUG] - <==    Updates: 1
[2026-09-11 14:16:13.389] [gas-forecast-startup] [] [] [c.g.f.d.m.M.insert] [main] [DEBUG] - ==>  Preparing: INSERT INTO model_forecast_result_tb ( forecast_batch_no, forecast_date, forecast_value ) VALUES ( ?, ?, ? )
[2026-09-11 14:16:13.389] [gas-forecast-startup] [] [] [c.g.f.d.m.M.insert] [main] [DEBUG] - ==> Parameters: MSFC-PRESET-003(String), 2026-05-28(String), 187.31234910797463(BigDecimal)
[2026-09-11 14:16:13.389] [gas-forecast-startup] [] [] [c.g.f.d.m.M.insert] [main] [DEBUG] - <==    Updates: 1
[2026-09-11 14:16:13.389] [gas-forecast-startup] [] [] [c.g.f.d.m.M.insert] [main] [DEBUG] - ==>  Preparing: INSERT INTO model_forecast_result_tb ( forecast_batch_no, forecast_date, forecast_value ) VALUES ( ?, ?, ? )
[2026-09-11 14:16:13.389] [gas-forecast-startup] [] [] [c.g.f.d.m.M.insert] [main] [DEBUG] - ==> Parameters: MSFC-PRESET-003(String), 2026-05-29(String), 187.2678179431768(BigDecimal)
[2026-09-11 14:16:13.389] [gas-forecast-startup] [] [] [c.g.f.d.m.M.insert] [main] [DEBUG] - <==    Updates: 1
[2026-09-11 14:16:13.390] [gas-forecast-startup] [] [] [c.g.f.d.m.M.insert] [main] [DEBUG] - ==>  Preparing: INSERT INTO model_forecast_result_tb ( forecast_batch_no, forecast_date, forecast_value ) VALUES ( ?, ?, ? )
[2026-09-11 14:16:13.390] [gas-forecast-startup] [] [] [c.g.f.d.m.M.insert] [main] [DEBUG] - ==> Parameters: MSFC-PRESET-003(String), 2026-05-30(String), 187.17057934475903(BigDecimal)
[2026-09-11 14:16:13.390] [gas-forecast-startup] [] [] [c.g.f.d.m.M.insert] [main] [DEBUG] - <==    Updates: 1
[2026-09-11 14:16:13.390] [gas-forecast-startup] [] [] [c.g.f.d.m.M.insert] [main] [DEBUG] - ==>  Preparing: INSERT INTO model_forecast_result_tb ( forecast_batch_no, forecast_date, forecast_value ) VALUES ( ?, ?, ? )
[2026-09-11 14:16:13.390] [gas-forecast-startup] [] [] [c.g.f.d.m.M.insert] [main] [DEBUG] - ==> Parameters: MSFC-PRESET-003(String), 2026-05-31(String), 186.5468189739908(BigDecimal)
[2026-09-11 14:16:13.390] [gas-forecast-startup] [] [] [c.g.f.d.m.M.insert] [main] [DEBUG] - <==    Updates: 1
[2026-09-11 14:16:13.390] [gas-forecast-startup] [] [] [c.g.f.d.m.M.insert] [main] [DEBUG] - ==>  Preparing: INSERT INTO model_forecast_result_tb ( forecast_batch_no, forecast_date, forecast_value ) VALUES ( ?, ?, ? )
[2026-09-11 14:16:13.390] [gas-forecast-startup] [] [] [c.g.f.d.m.M.insert] [main] [DEBUG] - ==> Parameters: MSFC-PRESET-003(String), 2026-06-01(String), 186.44464676024185(BigDecimal)
[2026-09-11 14:16:13.391] [gas-forecast-startup] [] [] [c.g.f.d.m.M.insert] [main] [DEBUG] - <==    Updates: 1
[2026-09-11 14:16:13.391] [gas-forecast-startup] [] [] [c.g.f.d.m.M.insert] [main] [DEBUG] - ==>  Preparing: INSERT INTO model_forecast_result_tb ( forecast_batch_no, forecast_date, forecast_value ) VALUES ( ?, ?, ? )
[2026-09-11 14:16:13.391] [gas-forecast-startup] [] [] [c.g.f.d.m.M.insert] [main] [DEBUG] - ==> Parameters: MSFC-PRESET-003(String), 2026-06-02(String), 186.5531790689012(BigDecimal)
[2026-09-11 14:16:13.391] [gas-forecast-startup] [] [] [c.g.f.d.m.M.insert] [main] [DEBUG] - <==    Updates: 1
[2026-09-11 14:16:13.391] [gas-forecast-startup] [] [] [c.g.f.d.m.M.insert] [main] [DEBUG] - ==>  Preparing: INSERT INTO model_forecast_result_tb ( forecast_batch_no, forecast_date, forecast_value ) VALUES ( ?, ?, ? )
[2026-09-11 14:16:13.391] [gas-forecast-startup] [] [] [c.g.f.d.m.M.insert] [main] [DEBUG] - ==> Parameters: MSFC-PRESET-003(String), 2026-06-03(String), 186.6033305640686(BigDecimal)
[2026-09-11 14:16:13.392] [gas-forecast-startup] [] [] [c.g.f.d.m.M.insert] [main] [DEBUG] - <==    Updates: 1
[2026-09-11 14:16:13.392] [gas-forecast-startup] [] [] [c.g.f.d.m.M.insert] [main] [DEBUG] - ==>  Preparing: INSERT INTO model_forecast_result_tb ( forecast_batch_no, forecast_date, forecast_value ) VALUES ( ?, ?, ? )
[2026-09-11 14:16:13.392] [gas-forecast-startup] [] [] [c.g.f.d.m.M.insert] [main] [DEBUG] - ==> Parameters: MSFC-PRESET-003(String), 2026-06-04(String), 186.39823464154995(BigDecimal)
[2026-09-11 14:16:13.392] [gas-forecast-startup] [] [] [c.g.f.d.m.M.insert] [main] [DEBUG] - <==    Updates: 1
[2026-09-11 14:16:13.393] [gas-forecast-startup] [] [] [c.g.f.d.m.M.insert] [main] [DEBUG] - ==>  Preparing: INSERT INTO model_forecast_result_tb ( forecast_batch_no, forecast_date, forecast_value ) VALUES ( ?, ?, ? )
[2026-09-11 14:16:13.393] [gas-forecast-startup] [] [] [c.g.f.d.m.M.insert] [main] [DEBUG] - ==> Parameters: MSFC-PRESET-003(String), 2026-06-05(String), 187.3090121490819(BigDecimal)
[2026-09-11 14:16:13.393] [gas-forecast-startup] [] [] [c.g.f.d.m.M.insert] [main] [DEBUG] - <==    Updates: 1
[2026-09-11 14:16:13.393] [gas-forecast-startup] [] [] [c.g.f.d.m.M.insert] [main] [DEBUG] - ==>  Preparing: INSERT INTO model_forecast_result_tb ( forecast_batch_no, forecast_date, forecast_value ) VALUES ( ?, ?, ? )
[2026-09-11 14:16:13.393] [gas-forecast-startup] [] [] [c.g.f.d.m.M.insert] [main] [DEBUG] - ==> Parameters: MSFC-PRESET-003(String), 2026-06-06(String), 188.22676901235585(BigDecimal)
[2026-09-11 14:16:13.394] [gas-forecast-startup] [] [] [c.g.f.d.m.M.insert] [main] [DEBUG] - <==    Updates: 1
[2026-09-11 14:16:13.394] [gas-forecast-startup] [] [] [c.g.f.d.m.M.insert] [main] [DEBUG] - ==>  Preparing: INSERT INTO model_forecast_result_tb ( forecast_batch_no, forecast_date, forecast_value ) VALUES ( ?, ?, ? )
[2026-09-11 14:16:13.394] [gas-forecast-startup] [] [] [c.g.f.d.m.M.insert] [main] [DEBUG] - ==> Parameters: MSFC-PRESET-003(String), 2026-06-07(String), 188.6629194854185(BigDecimal)
[2026-09-11 14:16:13.395] [gas-forecast-startup] [] [] [c.g.f.d.m.M.insert] [main] [DEBUG] - <==    Updates: 1
[2026-09-11 14:16:13.395] [gas-forecast-startup] [] [] [c.g.f.d.m.M.insert] [main] [DEBUG] - ==>  Preparing: INSERT INTO model_forecast_result_tb ( forecast_batch_no, forecast_date, forecast_value ) VALUES ( ?, ?, ? )
[2026-09-11 14:16:13.395] [gas-forecast-startup] [] [] [c.g.f.d.m.M.insert] [main] [DEBUG] - ==> Parameters: MSFC-PRESET-003(String), 2026-06-08(String), 189.64939724433685(BigDecimal)
[2026-09-11 14:16:13.396] [gas-forecast-startup] [] [] [c.g.f.d.m.M.insert] [main] [DEBUG] - <==    Updates: 1
[2026-09-11 14:16:13.396] [gas-forecast-startup] [] [] [c.g.f.d.m.M.insert] [main] [DEBUG] - ==>  Preparing: INSERT INTO model_forecast_result_tb ( forecast_batch_no, forecast_date, forecast_value ) VALUES ( ?, ?, ? )
[2026-09-11 14:16:13.396] [gas-forecast-startup] [] [] [c.g.f.d.m.M.insert] [main] [DEBUG] - ==> Parameters: MSFC-PRESET-003(String), 2026-06-09(String), 190.85810055150856(BigDecimal)
[2026-09-11 14:16:13.396] [gas-forecast-startup] [] [] [c.g.f.d.m.M.insert] [main] [DEBUG] - <==    Updates: 1
[2026-09-11 14:16:13.396] [gas-forecast-startup] [] [] [c.g.f.d.m.M.insert] [main] [DEBUG] - ==>  Preparing: INSERT INTO model_forecast_result_tb ( forecast_batch_no, forecast_date, forecast_value ) VALUES ( ?, ?, ? )
[2026-09-11 14:16:13.396] [gas-forecast-startup] [] [] [c.g.f.d.m.M.insert] [main] [DEBUG] - ==> Parameters: MSFC-PRESET-003(String), 2026-06-10(String), 192.0020790647563(BigDecimal)
[2026-09-11 14:16:13.397] [gas-forecast-startup] [] [] [c.g.f.d.m.M.insert] [main] [DEBUG] - <==    Updates: 1
[2026-09-11 14:16:13.397] [gas-forecast-startup] [] [] [c.g.f.d.m.M.insert] [main] [DEBUG] - ==>  Preparing: INSERT INTO model_forecast_result_tb ( forecast_batch_no, forecast_date, forecast_value ) VALUES ( ?, ?, ? )
[2026-09-11 14:16:13.397] [gas-forecast-startup] [] [] [c.g.f.d.m.M.insert] [main] [DEBUG] - ==> Parameters: MSFC-PRESET-003(String), 2026-06-11(String), 192.86637077411277(BigDecimal)
[2026-09-11 14:16:13.397] [gas-forecast-startup] [] [] [c.g.f.d.m.M.insert] [main] [DEBUG] - <==    Updates: 1
[2026-09-11 14:16:13.397] [gas-forecast-startup] [] [] [c.g.f.d.m.M.insert] [main] [DEBUG] - ==>  Preparing: INSERT INTO model_forecast_result_tb ( forecast_batch_no, forecast_date, forecast_value ) VALUES ( ?, ?, ? )
[2026-09-11 14:16:13.397] [gas-forecast-startup] [] [] [c.g.f.d.m.M.insert] [main] [DEBUG] - ==> Parameters: MSFC-PRESET-003(String), 2026-06-12(String), 194.80419772009893(BigDecimal)
[2026-09-11 14:16:13.398] [gas-forecast-startup] [] [] [c.g.f.d.m.M.insert] [main] [DEBUG] - <==    Updates: 1
[2026-09-11 14:16:13.398] [gas-forecast-startup] [] [] [c.g.f.d.m.M.insert] [main] [DEBUG] - ==>  Preparing: INSERT INTO model_forecast_result_tb ( forecast_batch_no, forecast_date, forecast_value ) VALUES ( ?, ?, ? )
[2026-09-11 14:16:13.398] [gas-forecast-startup] [] [] [c.g.f.d.m.M.insert] [main] [DEBUG] - ==> Parameters: MSFC-PRESET-003(String), 2026-06-13(String), 196.6893896911164(BigDecimal)
[2026-09-11 14:16:13.398] [gas-forecast-startup] [] [] [c.g.f.d.m.M.insert] [main] [DEBUG] - <==    Updates: 1
[2026-09-11 14:16:13.398] [gas-forecast-startup] [] [] [c.g.f.d.m.M.insert] [main] [DEBUG] - ==>  Preparing: INSERT INTO model_forecast_result_tb ( forecast_batch_no, forecast_date, forecast_value ) VALUES ( ?, ?, ? )
[2026-09-11 14:16:13.398] [gas-forecast-startup] [] [] [c.g.f.d.m.M.insert] [main] [DEBUG] - ==> Parameters: MSFC-PRESET-003(String), 2026-06-14(String), 198.01712116305717(BigDecimal)
[2026-09-11 14:16:13.398] [gas-forecast-startup] [] [] [c.g.f.d.m.M.insert] [main] [DEBUG] - <==    Updates: 1
[2026-09-11 14:16:13.399] [gas-forecast-startup] [] [] [c.g.f.d.m.M.insert] [main] [DEBUG] - ==>  Preparing: INSERT INTO model_forecast_result_tb ( forecast_batch_no, forecast_date, forecast_value ) VALUES ( ?, ?, ? )
[2026-09-11 14:16:13.399] [gas-forecast-startup] [] [] [c.g.f.d.m.M.insert] [main] [DEBUG] - ==> Parameters: MSFC-PRESET-003(String), 2026-06-15(String), 199.8045125360856(BigDecimal)
[2026-09-11 14:16:13.399] [gas-forecast-startup] [] [] [c.g.f.d.m.M.insert] [main] [DEBUG] - <==    Updates: 1
[2026-09-11 14:16:13.399] [gas-forecast-startup] [] [] [c.g.f.d.m.M.insert] [main] [DEBUG] - ==>  Preparing: INSERT INTO model_forecast_result_tb ( forecast_batch_no, forecast_date, forecast_value ) VALUES ( ?, ?, ? )
[2026-09-11 14:16:13.399] [gas-forecast-startup] [] [] [c.g.f.d.m.M.insert] [main] [DEBUG] - ==> Parameters: MSFC-PRESET-003(String), 2026-06-16(String), 201.71043134030063(BigDecimal)
[2026-09-11 14:16:13.399] [gas-forecast-startup] [] [] [c.g.f.d.m.M.insert] [main] [DEBUG] - <==    Updates: 1
[2026-09-11 14:16:13.399] [gas-forecast-startup] [] [] [c.g.f.d.m.M.insert] [main] [DEBUG] - ==>  Preparing: INSERT INTO model_forecast_result_tb ( forecast_batch_no, forecast_date, forecast_value ) VALUES ( ?, ?, ? )
[2026-09-11 14:16:13.399] [gas-forecast-startup] [] [] [c.g.f.d.m.M.insert] [main] [DEBUG] - ==> Parameters: MSFC-PRESET-003(String), 2026-06-17(String), 203.4369913383946(BigDecimal)
[2026-09-11 14:16:13.400] [gas-forecast-startup] [] [] [c.g.f.d.m.M.insert] [main] [DEBUG] - <==    Updates: 1
[2026-09-11 14:16:13.400] [gas-forecast-startup] [] [] [c.g.f.d.m.M.insert] [main] [DEBUG] - ==>  Preparing: INSERT INTO model_forecast_result_tb ( forecast_batch_no, forecast_date, forecast_value ) VALUES ( ?, ?, ? )
[2026-09-11 14:16:13.400] [gas-forecast-startup] [] [] [c.g.f.d.m.M.insert] [main] [DEBUG] - ==> Parameters: MSFC-PRESET-003(String), 2026-06-18(String), 204.76064954577825(BigDecimal)
[2026-09-11 14:16:13.400] [gas-forecast-startup] [] [] [c.g.f.d.m.M.insert] [main] [DEBUG] - <==    Updates: 1
[2026-09-11 14:16:13.400] [gas-forecast-startup] [] [] [c.g.f.d.m.M.insert] [main] [DEBUG] - ==>  Preparing: INSERT INTO model_forecast_result_tb ( forecast_batch_no, forecast_date, forecast_value ) VALUES ( ?, ?, ? )
[2026-09-11 14:16:13.401] [gas-forecast-startup] [] [] [c.g.f.d.m.M.insert] [main] [DEBUG] - ==> Parameters: MSFC-PRESET-003(String), 2026-06-19(String), 207.0286027844845(BigDecimal)
[2026-09-11 14:16:13.401] [gas-forecast-startup] [] [] [c.g.f.d.m.M.insert] [main] [DEBUG] - <==    Updates: 1
[2026-09-11 14:16:13.401] [gas-forecast-startup] [] [] [c.g.f.d.m.M.insert] [main] [DEBUG] - ==>  Preparing: INSERT INTO model_forecast_result_tb ( forecast_batch_no, forecast_date, forecast_value ) VALUES ( ?, ?, ? )
[2026-09-11 14:16:13.401] [gas-forecast-startup] [] [] [c.g.f.d.m.M.insert] [main] [DEBUG] - ==> Parameters: MSFC-PRESET-003(String), 2026-06-20(String), 209.11134755562173(BigDecimal)
[2026-09-11 14:16:13.401] [gas-forecast-startup] [] [] [c.g.f.d.m.M.insert] [main] [DEBUG] - <==    Updates: 1
[2026-09-11 14:16:13.402] [gas-forecast-startup] [] [] [c.g.f.d.m.M.insert] [main] [DEBUG] - ==>  Preparing: INSERT INTO model_forecast_result_tb ( forecast_batch_no, forecast_date, forecast_value ) VALUES ( ?, ?, ? )
[2026-09-11 14:16:13.402] [gas-forecast-startup] [] [] [c.g.f.d.m.M.insert] [main] [DEBUG] - ==> Parameters: MSFC-PRESET-003(String), 2026-06-21(String), 210.5034848589621(BigDecimal)
[2026-09-11 14:16:13.402] [gas-forecast-startup] [] [] [c.g.f.d.m.M.insert] [main] [DEBUG] - <==    Updates: 1
[2026-09-11 14:16:13.402] [gas-forecast-startup] [] [] [c.g.f.d.m.M.insert] [main] [DEBUG] - ==>  Preparing: INSERT INTO model_forecast_result_tb ( forecast_batch_no, forecast_date, forecast_value ) VALUES ( ?, ?, ? )
[2026-09-11 14:16:13.402] [gas-forecast-startup] [] [] [c.g.f.d.m.M.insert] [main] [DEBUG] - ==> Parameters: MSFC-PRESET-003(String), 2026-06-22(String), 212.22431926036452(BigDecimal)
[2026-09-11 14:16:13.402] [gas-forecast-startup] [] [] [c.g.f.d.m.M.insert] [main] [DEBUG] - <==    Updates: 1
[2026-09-11 14:16:13.403] [gas-forecast-startup] [] [] [c.g.f.d.m.M.insert] [main] [DEBUG] - ==>  Preparing: INSERT INTO model_forecast_result_tb ( forecast_batch_no, forecast_date, forecast_value ) VALUES ( ?, ?, ? )
[2026-09-11 14:16:13.403] [gas-forecast-startup] [] [] [c.g.f.d.m.M.insert] [main] [DEBUG] - ==> Parameters: MSFC-PRESET-003(String), 2026-06-23(String), 213.9375880537176(BigDecimal)
[2026-09-11 14:16:13.403] [gas-forecast-startup] [] [] [c.g.f.d.m.M.insert] [main] [DEBUG] - <==    Updates: 1
[2026-09-11 14:16:13.403] [gas-forecast-startup] [] [] [c.g.f.d.m.M.insert] [main] [DEBUG] - ==>  Preparing: INSERT INTO model_forecast_result_tb ( forecast_batch_no, forecast_date, forecast_value ) VALUES ( ?, ?, ? )
[2026-09-11 14:16:13.403] [gas-forecast-startup] [] [] [c.g.f.d.m.M.insert] [main] [DEBUG] - ==> Parameters: MSFC-PRESET-003(String), 2026-06-24(String), 215.35282054189705(BigDecimal)
[2026-09-11 14:16:13.404] [gas-forecast-startup] [] [] [c.g.f.d.m.M.insert] [main] [DEBUG] - <==    Updates: 1
[2026-09-11 14:16:13.404] [gas-forecast-startup] [] [] [c.g.f.d.m.M.insert] [main] [DEBUG] - ==>  Preparing: INSERT INTO model_forecast_result_tb ( forecast_batch_no, forecast_date, forecast_value ) VALUES ( ?, ?, ? )
[2026-09-11 14:16:13.404] [gas-forecast-startup] [] [] [c.g.f.d.m.M.insert] [main] [DEBUG] - ==> Parameters: MSFC-PRESET-003(String), 2026-06-25(String), 216.2562314137264(BigDecimal)
[2026-09-11 14:16:13.404] [gas-forecast-startup] [] [] [c.g.f.d.m.M.insert] [main] [DEBUG] - <==    Updates: 1
[2026-09-11 14:16:13.404] [gas-forecast-startup] [] [] [c.g.f.d.m.M.insert] [main] [DEBUG] - ==>  Preparing: INSERT INTO model_forecast_result_tb ( forecast_batch_no, forecast_date, forecast_value ) VALUES ( ?, ?, ? )
[2026-09-11 14:16:13.404] [gas-forecast-startup] [] [] [c.g.f.d.m.M.insert] [main] [DEBUG] - ==> Parameters: MSFC-PRESET-003(String), 2026-06-26(String), 218.00685553414772(BigDecimal)
[2026-09-11 14:16:13.404] [gas-forecast-startup] [] [] [c.g.f.d.m.M.insert] [main] [DEBUG] - <==    Updates: 1
[2026-09-11 14:16:13.405] [gas-forecast-startup] [] [] [c.g.f.d.m.M.insert] [main] [DEBUG] - ==>  Preparing: INSERT INTO model_forecast_result_tb ( forecast_batch_no, forecast_date, forecast_value ) VALUES ( ?, ?, ? )
[2026-09-11 14:16:13.405] [gas-forecast-startup] [] [] [c.g.f.d.m.M.insert] [main] [DEBUG] - ==> Parameters: MSFC-PRESET-003(String), 2026-06-27(String), 219.4887952128549(BigDecimal)
[2026-09-11 14:16:13.405] [gas-forecast-startup] [] [] [c.g.f.d.m.M.insert] [main] [DEBUG] - <==    Updates: 1
[2026-09-11 14:16:13.405] [gas-forecast-startup] [] [] [c.g.f.d.m.M.insert] [main] [DEBUG] - ==>  Preparing: INSERT INTO model_forecast_result_tb ( forecast_batch_no, forecast_date, forecast_value ) VALUES ( ?, ?, ? )
[2026-09-11 14:16:13.405] [gas-forecast-startup] [] [] [c.g.f.d.m.M.insert] [main] [DEBUG] - ==> Parameters: MSFC-PRESET-003(String), 2026-06-28(String), 220.2116702301294(BigDecimal)
[2026-09-11 14:16:13.405] [gas-forecast-startup] [] [] [c.g.f.d.m.M.insert] [main] [DEBUG] - <==    Updates: 1
[2026-09-11 14:16:13.405] [gas-forecast-startup] [] [] [c.g.f.d.m.M.insert] [main] [DEBUG] - ==>  Preparing: INSERT INTO model_forecast_result_tb ( forecast_batch_no, forecast_date, forecast_value ) VALUES ( ?, ?, ? )
[2026-09-11 14:16:13.405] [gas-forecast-startup] [] [] [c.g.f.d.m.M.insert] [main] [DEBUG] - ==> Parameters: MSFC-PRESET-003(String), 2026-06-29(String), 221.21082969196945(BigDecimal)
[2026-09-11 14:16:13.406] [gas-forecast-startup] [] [] [c.g.f.d.m.M.insert] [main] [DEBUG] - <==    Updates: 1
[2026-09-11 14:16:13.406] [gas-forecast-startup] [] [] [c.g.f.d.m.M.insert] [main] [DEBUG] - ==>  Preparing: INSERT INTO model_forecast_result_tb ( forecast_batch_no, forecast_date, forecast_value ) VALUES ( ?, ?, ? )
[2026-09-11 14:16:13.406] [gas-forecast-startup] [] [] [c.g.f.d.m.M.insert] [main] [DEBUG] - ==> Parameters: MSFC-PRESET-003(String), 2026-06-30(String), 222.16667217377537(BigDecimal)
[2026-09-11 14:16:13.406] [gas-forecast-startup] [] [] [c.g.f.d.m.M.insert] [main] [DEBUG] - <==    Updates: 1
[2026-09-11 14:16:13.406] [gas-forecast-startup] [] [] [c.g.f.d.m.M.insert] [main] [DEBUG] - ==>  Preparing: INSERT INTO model_forecast_result_tb ( forecast_batch_no, forecast_date, forecast_value ) VALUES ( ?, ?, ? )
[2026-09-11 14:16:13.406] [gas-forecast-startup] [] [] [c.g.f.d.m.M.insert] [main] [DEBUG] - ==> Parameters: MSFC-PRESET-003(String), 2026-07-01(String), 222.80558532813964(BigDecimal)
[2026-09-11 14:16:13.406] [gas-forecast-startup] [] [] [c.g.f.d.m.M.insert] [main] [DEBUG] - <==    Updates: 1
[2026-09-11 14:16:13.406] [gas-forecast-startup] [] [] [c.g.f.d.m.M.insert] [main] [DEBUG] - ==>  Preparing: INSERT INTO model_forecast_result_tb ( forecast_batch_no, forecast_date, forecast_value ) VALUES ( ?, ?, ? )
[2026-09-11 14:16:13.406] [gas-forecast-startup] [] [] [c.g.f.d.m.M.insert] [main] [DEBUG] - ==> Parameters: MSFC-PRESET-003(String), 2026-07-02(String), 222.9304203054677(BigDecimal)
[2026-09-11 14:16:13.407] [gas-forecast-startup] [] [] [c.g.f.d.m.M.insert] [main] [DEBUG] - <==    Updates: 1
[2026-09-11 14:16:13.407] [gas-forecast-startup] [] [] [c.g.f.d.m.M.insert] [main] [DEBUG] - ==>  Preparing: INSERT INTO model_forecast_result_tb ( forecast_batch_no, forecast_date, forecast_value ) VALUES ( ?, ?, ? )
[2026-09-11 14:16:13.407] [gas-forecast-startup] [] [] [c.g.f.d.m.M.insert] [main] [DEBUG] - ==> Parameters: MSFC-PRESET-003(String), 2026-07-03(String), 223.9162195752513(BigDecimal)
[2026-09-11 14:16:13.407] [gas-forecast-startup] [] [] [c.g.f.d.m.M.insert] [main] [DEBUG] - <==    Updates: 1
[2026-09-11 14:16:13.407] [gas-forecast-startup] [] [] [c.g.f.d.m.M.insert] [main] [DEBUG] - ==>  Preparing: INSERT INTO model_forecast_result_tb ( forecast_batch_no, forecast_date, forecast_value ) VALUES ( ?, ?, ? )
[2026-09-11 14:16:13.407] [gas-forecast-startup] [] [] [c.g.f.d.m.M.insert] [main] [DEBUG] - ==> Parameters: MSFC-PRESET-003(String), 2026-07-04(String), 224.66208006423028(BigDecimal)
[2026-09-11 14:16:13.408] [gas-forecast-startup] [] [] [c.g.f.d.m.M.insert] [main] [DEBUG] - <==    Updates: 1
[2026-09-11 14:16:13.408] [gas-forecast-startup] [] [] [c.g.f.d.m.M.insert] [main] [DEBUG] - ==>  Preparing: INSERT INTO model_forecast_result_tb ( forecast_batch_no, forecast_date, forecast_value ) VALUES ( ?, ?, ? )
[2026-09-11 14:16:13.408] [gas-forecast-startup] [] [] [c.g.f.d.m.M.insert] [main] [DEBUG] - ==> Parameters: MSFC-PRESET-003(String), 2026-07-05(String), 224.6912520175032(BigDecimal)
[2026-09-11 14:16:13.408] [gas-forecast-startup] [] [] [c.g.f.d.m.M.insert] [main] [DEBUG] - <==    Updates: 1
[2026-09-11 14:16:13.408] [gas-forecast-startup] [] [] [c.g.f.d.m.M.insert] [main] [DEBUG] - ==>  Preparing: INSERT INTO model_forecast_result_tb ( forecast_batch_no, forecast_date, forecast_value ) VALUES ( ?, ?, ? )
[2026-09-11 14:16:13.408] [gas-forecast-startup] [] [] [c.g.f.d.m.M.insert] [main] [DEBUG] - ==> Parameters: MSFC-PRESET-003(String), 2026-07-06(String), 225.05104177599875(BigDecimal)
[2026-09-11 14:16:13.409] [gas-forecast-startup] [] [] [c.g.f.d.m.M.insert] [main] [DEBUG] - <==    Updates: 1
[2026-09-11 14:16:13.409] [gas-forecast-startup] [] [] [c.g.f.d.m.M.insert] [main] [DEBUG] - ==>  Preparing: INSERT INTO model_forecast_result_tb ( forecast_batch_no, forecast_date, forecast_value ) VALUES ( ?, ?, ? )
[2026-09-11 14:16:13.409] [gas-forecast-startup] [] [] [c.g.f.d.m.M.insert] [main] [DEBUG] - ==> Parameters: MSFC-PRESET-003(String), 2026-07-07(String), 225.43187279343053(BigDecimal)
[2026-09-11 14:16:13.409] [gas-forecast-startup] [] [] [c.g.f.d.m.M.insert] [main] [DEBUG] - <==    Updates: 1
[2026-09-11 14:16:13.409] [gas-forecast-startup] [] [] [c.g.f.d.m.M.insert] [main] [DEBUG] - ==>  Preparing: INSERT INTO model_forecast_result_tb ( forecast_batch_no, forecast_date, forecast_value ) VALUES ( ?, ?, ? )
[2026-09-11 14:16:13.409] [gas-forecast-startup] [] [] [c.g.f.d.m.M.insert] [main] [DEBUG] - ==> Parameters: MSFC-PRESET-003(String), 2026-07-08(String), 225.56802246066687(BigDecimal)
[2026-09-11 14:16:13.410] [gas-forecast-startup] [] [] [c.g.f.d.m.M.insert] [main] [DEBUG] - <==    Updates: 1
[2026-09-11 14:16:13.410] [gas-forecast-startup] [] [] [c.g.f.d.m.M.insert] [main] [DEBUG] - ==>  Preparing: INSERT INTO model_forecast_result_tb ( forecast_batch_no, forecast_date, forecast_value ) VALUES ( ?, ?, ? )
[2026-09-11 14:16:13.410] [gas-forecast-startup] [] [] [c.g.f.d.m.M.insert] [main] [DEBUG] - ==> Parameters: MSFC-PRESET-003(String), 2026-07-09(String), 225.26795483699377(BigDecimal)
[2026-09-11 14:16:13.410] [gas-forecast-startup] [] [] [c.g.f.d.m.M.insert] [main] [DEBUG] - <==    Updates: 1
[2026-09-11 14:16:13.410] [gas-forecast-startup] [] [] [c.g.f.d.m.M.insert] [main] [DEBUG] - ==>  Preparing: INSERT INTO model_forecast_result_tb ( forecast_batch_no, forecast_date, forecast_value ) VALUES ( ?, ?, ? )
[2026-09-11 14:16:13.410] [gas-forecast-startup] [] [] [c.g.f.d.m.M.insert] [main] [DEBUG] - ==> Parameters: MSFC-PRESET-003(String), 2026-07-10(String), 225.90997086338064(BigDecimal)
[2026-09-11 14:16:13.411] [gas-forecast-startup] [] [] [c.g.f.d.m.M.insert] [main] [DEBUG] - <==    Updates: 1
[2026-09-11 14:16:13.411] [gas-forecast-startup] [] [] [c.g.f.d.m.M.insert] [main] [DEBUG] - ==>  Preparing: INSERT INTO model_forecast_result_tb ( forecast_batch_no, forecast_date, forecast_value ) VALUES ( ?, ?, ? )
[2026-09-11 14:16:13.411] [gas-forecast-startup] [] [] [c.g.f.d.m.M.insert] [main] [DEBUG] - ==> Parameters: MSFC-PRESET-003(String), 2026-07-11(String), 226.39405912770292(BigDecimal)
[2026-09-11 14:16:13.411] [gas-forecast-startup] [] [] [c.g.f.d.m.M.insert] [main] [DEBUG] - <==    Updates: 1
[2026-09-11 14:16:13.411] [gas-forecast-startup] [] [] [c.g.f.d.m.M.insert] [main] [DEBUG] - ==>  Preparing: INSERT INTO model_forecast_result_tb ( forecast_batch_no, forecast_date, forecast_value ) VALUES ( ?, ?, ? )
[2026-09-11 14:16:13.411] [gas-forecast-startup] [] [] [c.g.f.d.m.M.insert] [main] [DEBUG] - ==> Parameters: MSFC-PRESET-003(String), 2026-07-12(String), 226.24204689190435(BigDecimal)
[2026-09-11 14:16:13.412] [gas-forecast-startup] [] [] [c.g.f.d.m.M.insert] [main] [DEBUG] - <==    Updates: 1
[2026-09-11 14:16:13.412] [gas-forecast-startup] [] [] [c.g.f.d.m.M.insert] [main] [DEBUG] - ==>  Preparing: INSERT INTO model_forecast_result_tb ( forecast_batch_no, forecast_date, forecast_value ) VALUES ( ?, ?, ? )
[2026-09-11 14:16:13.412] [gas-forecast-startup] [] [] [c.g.f.d.m.M.insert] [main] [DEBUG] - ==> Parameters: MSFC-PRESET-003(String), 2026-07-13(String), 226.49761706547872(BigDecimal)
[2026-09-11 14:16:13.412] [gas-forecast-startup] [] [] [c.g.f.d.m.M.insert] [main] [DEBUG] - <==    Updates: 1
[2026-09-11 14:16:13.412] [gas-forecast-startup] [] [] [c.g.f.d.m.M.insert] [main] [DEBUG] - ==>  Preparing: INSERT INTO model_forecast_result_tb ( forecast_batch_no, forecast_date, forecast_value ) VALUES ( ?, ?, ? )
[2026-09-11 14:16:13.412] [gas-forecast-startup] [] [] [c.g.f.d.m.M.insert] [main] [DEBUG] - ==> Parameters: MSFC-PRESET-003(String), 2026-07-14(String), 226.84554121628312(BigDecimal)
[2026-09-11 14:16:13.412] [gas-forecast-startup] [] [] [c.g.f.d.m.M.insert] [main] [DEBUG] - <==    Updates: 1
[2026-09-11 14:16:13.417] [gas-forecast-startup] [] [] [c.g.f.d.m.B.selectList] [main] [DEBUG] - ==>  Preparing: SELECT id,region_code,region_name,region_type,parent_id,sort_no,enabled,remark,created_by,created_at,updated_by,updated_at,update_by_name,created_by_name FROM base_region_tb WHERE (region_name = ? AND region_type = ?) limit 1
[2026-09-11 14:16:13.417] [gas-forecast-startup] [] [] [c.g.f.d.m.B.selectList] [main] [DEBUG] - ==> Parameters: 江苏(String), PROVINCE(String)
[2026-09-11 14:16:13.418] [gas-forecast-startup] [] [] [c.g.f.d.m.B.selectList] [main] [DEBUG] - <==      Total: 0
[2026-09-11 14:16:13.418] [gas-forecast-startup] [] [] [c.g.f.d.m.B.selectList] [main] [DEBUG] - ==>  Preparing: SELECT id,industry_code,industry_name,parent_id,industry_level,sort_no,created_at,updated_at,created_by,created_by_name,updated_by,updated_by_name FROM base_industry_tb WHERE (industry_name = ?) limit 1
[2026-09-11 14:16:13.418] [gas-forecast-startup] [] [] [c.g.f.d.m.B.selectList] [main] [DEBUG] - ==> Parameters: 发电(String)
[2026-09-11 14:16:13.418] [gas-forecast-startup] [] [] [c.g.f.d.m.B.selectList] [main] [DEBUG] - <==      Total: 0
[2026-09-11 14:16:13.419] [gas-forecast-startup] [] [] [c.g.f.d.m.M.delete] [main] [DEBUG] - ==>  Preparing: DELETE FROM model_forecast_result_tb WHERE (forecast_batch_no = ?)
[2026-09-11 14:16:13.419] [gas-forecast-startup] [] [] [c.g.f.d.m.M.delete] [main] [DEBUG] - ==> Parameters: MSFC-PRESET-004(String)
[2026-09-11 14:16:13.419] [gas-forecast-startup] [] [] [c.g.f.d.m.M.delete] [main] [DEBUG] - <==    Updates: 50
[2026-09-11 14:16:13.419] [gas-forecast-startup] [] [] [c.g.f.d.m.M.delete] [main] [DEBUG] - ==>  Preparing: DELETE FROM model_forecast_batch_tb WHERE (batch_no = ?)
[2026-09-11 14:16:13.419] [gas-forecast-startup] [] [] [c.g.f.d.m.M.delete] [main] [DEBUG] - ==> Parameters: MSFC-PRESET-004(String)
[2026-09-11 14:16:13.420] [gas-forecast-startup] [] [] [c.g.f.d.m.M.delete] [main] [DEBUG] - <==    Updates: 1
[2026-09-11 14:16:13.420] [gas-forecast-startup] [] [] [c.g.f.d.m.M.insert] [main] [DEBUG] - ==>  Preparing: INSERT INTO model_forecast_batch_tb ( batch_no, train_batch_no, agent_code, region_code, region_name, customer_code, customer_name, industry_code, industry_name, forecast_horizon, forecast_start_date, forecast_end_date, status, request_json, created_by, created_by_name ) VALUES ( ?, ?, ?, ?, ?, ?, ?, ?, ?, ?, ?, ?, ?, ?, ?, ? )
[2026-09-11 14:16:13.420] [gas-forecast-startup] [] [] [c.g.f.d.m.M.insert] [main] [DEBUG] - ==> Parameters: MSFC-PRESET-004(String), XQTRAIN-monthly-sales-江苏(String), monthly-sales(String), 江苏(String), 江苏(String), ALL(String), 全部客户(String), 发电(String), 发电(String), 50(Integer), 20260526(Integer), 2026-07-14(String), SUCCESS(String), {"agent_id":"monthly-sales","source":"preset","model_name":"Prophet + AR残差校正","industry":"发电","customer":"全部客户","metrics":{"mape":14.69,"mae":340.85,"rmse":428.11,"r2":0.45}}(String), system(String), 系统(String)
[2026-09-11 14:16:13.420] [gas-forecast-startup] [] [] [c.g.f.d.m.M.insert] [main] [DEBUG] - <==    Updates: 1
[2026-09-11 14:16:13.420] [gas-forecast-startup] [] [] [c.g.f.d.m.M.delete] [main] [DEBUG] - ==>  Preparing: DELETE FROM model_forecast_result_tb WHERE (forecast_batch_no = ?)
[2026-09-11 14:16:13.420] [gas-forecast-startup] [] [] [c.g.f.d.m.M.delete] [main] [DEBUG] - ==> Parameters: MSFC-PRESET-004(String)
[2026-09-11 14:16:13.421] [gas-forecast-startup] [] [] [c.g.f.d.m.M.delete] [main] [DEBUG] - <==    Updates: 0
[2026-09-11 14:16:13.421] [gas-forecast-startup] [] [] [c.g.f.d.m.M.insert] [main] [DEBUG] - ==>  Preparing: INSERT INTO model_forecast_result_tb ( forecast_batch_no, forecast_date, forecast_value ) VALUES ( ?, ?, ? )
[2026-09-11 14:16:13.421] [gas-forecast-startup] [] [] [c.g.f.d.m.M.insert] [main] [DEBUG] - ==> Parameters: MSFC-PRESET-004(String), 2026-05-26(String), 1735.2983343104684(BigDecimal)
[2026-09-11 14:16:13.421] [gas-forecast-startup] [] [] [c.g.f.d.m.M.insert] [main] [DEBUG] - <==    Updates: 1
[2026-09-11 14:16:13.421] [gas-forecast-startup] [] [] [c.g.f.d.m.M.insert] [main] [DEBUG] - ==>  Preparing: INSERT INTO model_forecast_result_tb ( forecast_batch_no, forecast_date, forecast_value ) VALUES ( ?, ?, ? )
[2026-09-11 14:16:13.421] [gas-forecast-startup] [] [] [c.g.f.d.m.M.insert] [main] [DEBUG] - ==> Parameters: MSFC-PRESET-004(String), 2026-05-27(String), 1769.04510851776(BigDecimal)
[2026-09-11 14:16:13.422] [gas-forecast-startup] [] [] [c.g.f.d.m.M.insert] [main] [DEBUG] - <==    Updates: 1
[2026-09-11 14:16:13.422] [gas-forecast-startup] [] [] [c.g.f.d.m.M.insert] [main] [DEBUG] - ==>  Preparing: INSERT INTO model_forecast_result_tb ( forecast_batch_no, forecast_date, forecast_value ) VALUES ( ?, ?, ? )
[2026-09-11 14:16:13.422] [gas-forecast-startup] [] [] [c.g.f.d.m.M.insert] [main] [DEBUG] - ==> Parameters: MSFC-PRESET-004(String), 2026-05-28(String), 1765.8653878538564(BigDecimal)
[2026-09-11 14:16:13.422] [gas-forecast-startup] [] [] [c.g.f.d.m.M.insert] [main] [DEBUG] - <==    Updates: 1
[2026-09-11 14:16:13.422] [gas-forecast-startup] [] [] [c.g.f.d.m.M.insert] [main] [DEBUG] - ==>  Preparing: INSERT INTO model_forecast_result_tb ( forecast_batch_no, forecast_date, forecast_value ) VALUES ( ?, ?, ? )
[2026-09-11 14:16:13.423] [gas-forecast-startup] [] [] [c.g.f.d.m.M.insert] [main] [DEBUG] - ==> Parameters: MSFC-PRESET-004(String), 2026-05-29(String), 1838.472576902947(BigDecimal)
[2026-09-11 14:16:13.423] [gas-forecast-startup] [] [] [c.g.f.d.m.M.insert] [main] [DEBUG] - <==    Updates: 1
[2026-09-11 14:16:13.423] [gas-forecast-startup] [] [] [c.g.f.d.m.M.insert] [main] [DEBUG] - ==>  Preparing: INSERT INTO model_forecast_result_tb ( forecast_batch_no, forecast_date, forecast_value ) VALUES ( ?, ?, ? )
[2026-09-11 14:16:13.423] [gas-forecast-startup] [] [] [c.g.f.d.m.M.insert] [main] [DEBUG] - ==> Parameters: MSFC-PRESET-004(String), 2026-05-30(String), 1875.724808900712(BigDecimal)
[2026-09-11 14:16:13.423] [gas-forecast-startup] [] [] [c.g.f.d.m.M.insert] [main] [DEBUG] - <==    Updates: 1
[2026-09-11 14:16:13.423] [gas-forecast-startup] [] [] [c.g.f.d.m.M.insert] [main] [DEBUG] - ==>  Preparing: INSERT INTO model_forecast_result_tb ( forecast_batch_no, forecast_date, forecast_value ) VALUES ( ?, ?, ? )
[2026-09-11 14:16:13.423] [gas-forecast-startup] [] [] [c.g.f.d.m.M.insert] [main] [DEBUG] - ==> Parameters: MSFC-PRESET-004(String), 2026-05-31(String), 1751.283793848667(BigDecimal)
[2026-09-11 14:16:13.424] [gas-forecast-startup] [] [] [c.g.f.d.m.M.insert] [main] [DEBUG] - <==    Updates: 1
[2026-09-11 14:16:13.424] [gas-forecast-startup] [] [] [c.g.f.d.m.M.insert] [main] [DEBUG] - ==>  Preparing: INSERT INTO model_forecast_result_tb ( forecast_batch_no, forecast_date, forecast_value ) VALUES ( ?, ?, ? )
[2026-09-11 14:16:13.424] [gas-forecast-startup] [] [] [c.g.f.d.m.M.insert] [main] [DEBUG] - ==> Parameters: MSFC-PRESET-004(String), 2026-06-01(String), 1614.132688542132(BigDecimal)
[2026-09-11 14:16:13.424] [gas-forecast-startup] [] [] [c.g.f.d.m.M.insert] [main] [DEBUG] - <==    Updates: 1
[2026-09-11 14:16:13.424] [gas-forecast-startup] [] [] [c.g.f.d.m.M.insert] [main] [DEBUG] - ==>  Preparing: INSERT INTO model_forecast_result_tb ( forecast_batch_no, forecast_date, forecast_value ) VALUES ( ?, ?, ? )
[2026-09-11 14:16:13.424] [gas-forecast-startup] [] [] [c.g.f.d.m.M.insert] [main] [DEBUG] - ==> Parameters: MSFC-PRESET-004(String), 2026-06-02(String), 1996.144386253472(BigDecimal)
[2026-09-11 14:16:13.424] [gas-forecast-startup] [] [] [c.g.f.d.m.M.insert] [main] [DEBUG] - <==    Updates: 1
[2026-09-11 14:16:13.424] [gas-forecast-startup] [] [] [c.g.f.d.m.M.insert] [main] [DEBUG] - ==>  Preparing: INSERT INTO model_forecast_result_tb ( forecast_batch_no, forecast_date, forecast_value ) VALUES ( ?, ?, ? )
[2026-09-11 14:16:13.424] [gas-forecast-startup] [] [] [c.g.f.d.m.M.insert] [main] [DEBUG] - ==> Parameters: MSFC-PRESET-004(String), 2026-06-03(String), 2040.8920250053843(BigDecimal)
[2026-09-11 14:16:13.425] [gas-forecast-startup] [] [] [c.g.f.d.m.M.insert] [main] [DEBUG] - <==    Updates: 1
[2026-09-11 14:16:13.425] [gas-forecast-startup] [] [] [c.g.f.d.m.M.insert] [main] [DEBUG] - ==>  Preparing: INSERT INTO model_forecast_result_tb ( forecast_batch_no, forecast_date, forecast_value ) VALUES ( ?, ?, ? )
[2026-09-11 14:16:13.425] [gas-forecast-startup] [] [] [c.g.f.d.m.M.insert] [main] [DEBUG] - ==> Parameters: MSFC-PRESET-004(String), 2026-06-04(String), 2089.4057820845846(BigDecimal)
[2026-09-11 14:16:13.425] [gas-forecast-startup] [] [] [c.g.f.d.m.M.insert] [main] [DEBUG] - <==    Updates: 1
[2026-09-11 14:16:13.425] [gas-forecast-startup] [] [] [c.g.f.d.m.M.insert] [main] [DEBUG] - ==>  Preparing: INSERT INTO model_forecast_result_tb ( forecast_batch_no, forecast_date, forecast_value ) VALUES ( ?, ?, ? )
[2026-09-11 14:16:13.425] [gas-forecast-startup] [] [] [c.g.f.d.m.M.insert] [main] [DEBUG] - ==> Parameters: MSFC-PRESET-004(String), 2026-06-05(String), 2087.6119155661395(BigDecimal)
[2026-09-11 14:16:13.426] [gas-forecast-startup] [] [] [c.g.f.d.m.M.insert] [main] [DEBUG] - <==    Updates: 1
[2026-09-11 14:16:13.426] [gas-forecast-startup] [] [] [c.g.f.d.m.M.insert] [main] [DEBUG] - ==>  Preparing: INSERT INTO model_forecast_result_tb ( forecast_batch_no, forecast_date, forecast_value ) VALUES ( ?, ?, ? )
[2026-09-11 14:16:13.426] [gas-forecast-startup] [] [] [c.g.f.d.m.M.insert] [main] [DEBUG] - ==> Parameters: MSFC-PRESET-004(String), 2026-06-06(String), 2082.760808348713(BigDecimal)
[2026-09-11 14:16:13.426] [gas-forecast-startup] [] [] [c.g.f.d.m.M.insert] [main] [DEBUG] - <==    Updates: 1
[2026-09-11 14:16:13.426] [gas-forecast-startup] [] [] [c.g.f.d.m.M.insert] [main] [DEBUG] - ==>  Preparing: INSERT INTO model_forecast_result_tb ( forecast_batch_no, forecast_date, forecast_value ) VALUES ( ?, ?, ? )
[2026-09-11 14:16:13.426] [gas-forecast-startup] [] [] [c.g.f.d.m.M.insert] [main] [DEBUG] - ==> Parameters: MSFC-PRESET-004(String), 2026-06-07(String), 1953.024011036436(BigDecimal)
[2026-09-11 14:16:13.427] [gas-forecast-startup] [] [] [c.g.f.d.m.M.insert] [main] [DEBUG] - <==    Updates: 1
[2026-09-11 14:16:13.427] [gas-forecast-startup] [] [] [c.g.f.d.m.M.insert] [main] [DEBUG] - ==>  Preparing: INSERT INTO model_forecast_result_tb ( forecast_batch_no, forecast_date, forecast_value ) VALUES ( ?, ?, ? )
[2026-09-11 14:16:13.427] [gas-forecast-startup] [] [] [c.g.f.d.m.M.insert] [main] [DEBUG] - ==> Parameters: MSFC-PRESET-004(String), 2026-06-08(String), 1805.4859339074803(BigDecimal)
[2026-09-11 14:16:13.427] [gas-forecast-startup] [] [] [c.g.f.d.m.M.insert] [main] [DEBUG] - <==    Updates: 1
[2026-09-11 14:16:13.427] [gas-forecast-startup] [] [] [c.g.f.d.m.M.insert] [main] [DEBUG] - ==>  Preparing: INSERT INTO model_forecast_result_tb ( forecast_batch_no, forecast_date, forecast_value ) VALUES ( ?, ?, ? )
[2026-09-11 14:16:13.427] [gas-forecast-startup] [] [] [c.g.f.d.m.M.insert] [main] [DEBUG] - ==> Parameters: MSFC-PRESET-004(String), 2026-06-09(String), 2138.526990262825(BigDecimal)
[2026-09-11 14:16:13.427] [gas-forecast-startup] [] [] [c.g.f.d.m.M.insert] [main] [DEBUG] - <==    Updates: 1
[2026-09-11 14:16:13.427] [gas-forecast-startup] [] [] [c.g.f.d.m.M.insert] [main] [DEBUG] - ==>  Preparing: INSERT INTO model_forecast_result_tb ( forecast_batch_no, forecast_date, forecast_value ) VALUES ( ?, ?, ? )
[2026-09-11 14:16:13.427] [gas-forecast-startup] [] [] [c.g.f.d.m.M.insert] [main] [DEBUG] - ==> Parameters: MSFC-PRESET-004(String), 2026-06-10(String), 2182.4060026763736(BigDecimal)
[2026-09-11 14:16:13.428] [gas-forecast-startup] [] [] [c.g.f.d.m.M.insert] [main] [DEBUG] - <==    Updates: 1
[2026-09-11 14:16:13.428] [gas-forecast-startup] [] [] [c.g.f.d.m.M.insert] [main] [DEBUG] - ==>  Preparing: INSERT INTO model_forecast_result_tb ( forecast_batch_no, forecast_date, forecast_value ) VALUES ( ?, ?, ? )
[2026-09-11 14:16:13.428] [gas-forecast-startup] [] [] [c.g.f.d.m.M.insert] [main] [DEBUG] - ==> Parameters: MSFC-PRESET-004(String), 2026-06-11(String), 2213.2086088090377(BigDecimal)
[2026-09-11 14:16:13.428] [gas-forecast-startup] [] [] [c.g.f.d.m.M.insert] [main] [DEBUG] - <==    Updates: 1
[2026-09-11 14:16:13.428] [gas-forecast-startup] [] [] [c.g.f.d.m.M.insert] [main] [DEBUG] - ==>  Preparing: INSERT INTO model_forecast_result_tb ( forecast_batch_no, forecast_date, forecast_value ) VALUES ( ?, ?, ? )
[2026-09-11 14:16:13.428] [gas-forecast-startup] [] [] [c.g.f.d.m.M.insert] [main] [DEBUG] - ==> Parameters: MSFC-PRESET-004(String), 2026-06-12(String), 2159.320464017517(BigDecimal)
[2026-09-11 14:16:13.429] [gas-forecast-startup] [] [] [c.g.f.d.m.M.insert] [main] [DEBUG] - <==    Updates: 1
[2026-09-11 14:16:13.429] [gas-forecast-startup] [] [] [c.g.f.d.m.M.insert] [main] [DEBUG] - ==>  Preparing: INSERT INTO model_forecast_result_tb ( forecast_batch_no, forecast_date, forecast_value ) VALUES ( ?, ?, ? )
[2026-09-11 14:16:13.429] [gas-forecast-startup] [] [] [c.g.f.d.m.M.insert] [main] [DEBUG] - ==> Parameters: MSFC-PRESET-004(String), 2026-06-13(String), 2169.0613396691724(BigDecimal)
[2026-09-11 14:16:13.429] [gas-forecast-startup] [] [] [c.g.f.d.m.M.insert] [main] [DEBUG] - <==    Updates: 1
[2026-09-11 14:16:13.429] [gas-forecast-startup] [] [] [c.g.f.d.m.M.insert] [main] [DEBUG] - ==>  Preparing: INSERT INTO model_forecast_result_tb ( forecast_batch_no, forecast_date, forecast_value ) VALUES ( ?, ?, ? )
[2026-09-11 14:16:13.429] [gas-forecast-startup] [] [] [c.g.f.d.m.M.insert] [main] [DEBUG] - ==> Parameters: MSFC-PRESET-004(String), 2026-06-14(String), 2069.937804562937(BigDecimal)
[2026-09-11 14:16:13.430] [gas-forecast-startup] [] [] [c.g.f.d.m.M.insert] [main] [DEBUG] - <==    Updates: 1
[2026-09-11 14:16:13.430] [gas-forecast-startup] [] [] [c.g.f.d.m.M.insert] [main] [DEBUG] - ==>  Preparing: INSERT INTO model_forecast_result_tb ( forecast_batch_no, forecast_date, forecast_value ) VALUES ( ?, ?, ? )
[2026-09-11 14:16:13.430] [gas-forecast-startup] [] [] [c.g.f.d.m.M.insert] [main] [DEBUG] - ==> Parameters: MSFC-PRESET-004(String), 2026-06-15(String), 1946.1074187624624(BigDecimal)
[2026-09-11 14:16:13.430] [gas-forecast-startup] [] [] [c.g.f.d.m.M.insert] [main] [DEBUG] - <==    Updates: 1
[2026-09-11 14:16:13.430] [gas-forecast-startup] [] [] [c.g.f.d.m.M.insert] [main] [DEBUG] - ==>  Preparing: INSERT INTO model_forecast_result_tb ( forecast_batch_no, forecast_date, forecast_value ) VALUES ( ?, ?, ? )
[2026-09-11 14:16:13.430] [gas-forecast-startup] [] [] [c.g.f.d.m.M.insert] [main] [DEBUG] - ==> Parameters: MSFC-PRESET-004(String), 2026-06-16(String), 2325.883989241332(BigDecimal)
[2026-09-11 14:16:13.430] [gas-forecast-startup] [] [] [c.g.f.d.m.M.insert] [main] [DEBUG] - <==    Updates: 1
[2026-09-11 14:16:13.430] [gas-forecast-startup] [] [] [c.g.f.d.m.M.insert] [main] [DEBUG] - ==>  Preparing: INSERT INTO model_forecast_result_tb ( forecast_batch_no, forecast_date, forecast_value ) VALUES ( ?, ?, ? )
[2026-09-11 14:16:13.431] [gas-forecast-startup] [] [] [c.g.f.d.m.M.insert] [main] [DEBUG] - ==> Parameters: MSFC-PRESET-004(String), 2026-06-17(String), 2379.962474643069(BigDecimal)
[2026-09-11 14:16:13.431] [gas-forecast-startup] [] [] [c.g.f.d.m.M.insert] [main] [DEBUG] - <==    Updates: 1
[2026-09-11 14:16:13.431] [gas-forecast-startup] [] [] [c.g.f.d.m.M.insert] [main] [DEBUG] - ==>  Preparing: INSERT INTO model_forecast_result_tb ( forecast_batch_no, forecast_date, forecast_value ) VALUES ( ?, ?, ? )
[2026-09-11 14:16:13.431] [gas-forecast-startup] [] [] [c.g.f.d.m.M.insert] [main] [DEBUG] - ==> Parameters: MSFC-PRESET-004(String), 2026-06-18(String), 2378.50244212424(BigDecimal)
[2026-09-11 14:16:13.431] [gas-forecast-startup] [] [] [c.g.f.d.m.M.insert] [main] [DEBUG] - <==    Updates: 1
[2026-09-11 14:16:13.431] [gas-forecast-startup] [] [] [c.g.f.d.m.M.insert] [main] [DEBUG] - ==>  Preparing: INSERT INTO model_forecast_result_tb ( forecast_batch_no, forecast_date, forecast_value ) VALUES ( ?, ?, ? )
[2026-09-11 14:16:13.431] [gas-forecast-startup] [] [] [c.g.f.d.m.M.insert] [main] [DEBUG] - ==> Parameters: MSFC-PRESET-004(String), 2026-06-19(String), 2348.326952914371(BigDecimal)
[2026-09-11 14:16:13.432] [gas-forecast-startup] [] [] [c.g.f.d.m.M.insert] [main] [DEBUG] - <==    Updates: 1
[2026-09-11 14:16:13.432] [gas-forecast-startup] [] [] [c.g.f.d.m.M.insert] [main] [DEBUG] - ==>  Preparing: INSERT INTO model_forecast_result_tb ( forecast_batch_no, forecast_date, forecast_value ) VALUES ( ?, ?, ? )
[2026-09-11 14:16:13.432] [gas-forecast-startup] [] [] [c.g.f.d.m.M.insert] [main] [DEBUG] - ==> Parameters: MSFC-PRESET-004(String), 2026-06-20(String), 1822.4516628214585(BigDecimal)
[2026-09-11 14:16:13.432] [gas-forecast-startup] [] [] [c.g.f.d.m.M.insert] [main] [DEBUG] - <==    Updates: 1
[2026-09-11 14:16:13.432] [gas-forecast-startup] [] [] [c.g.f.d.m.M.insert] [main] [DEBUG] - ==>  Preparing: INSERT INTO model_forecast_result_tb ( forecast_batch_no, forecast_date, forecast_value ) VALUES ( ?, ?, ? )
[2026-09-11 14:16:13.432] [gas-forecast-startup] [] [] [c.g.f.d.m.M.insert] [main] [DEBUG] - ==> Parameters: MSFC-PRESET-004(String), 2026-06-21(String), 1877.2619984570783(BigDecimal)
[2026-09-11 14:16:13.432] [gas-forecast-startup] [] [] [c.g.f.d.m.M.insert] [main] [DEBUG] - <==    Updates: 1
[2026-09-11 14:16:13.433] [gas-forecast-startup] [] [] [c.g.f.d.m.M.insert] [main] [DEBUG] - ==>  Preparing: INSERT INTO model_forecast_result_tb ( forecast_batch_no, forecast_date, forecast_value ) VALUES ( ?, ?, ? )
[2026-09-11 14:16:13.433] [gas-forecast-startup] [] [] [c.g.f.d.m.M.insert] [main] [DEBUG] - ==> Parameters: MSFC-PRESET-004(String), 2026-06-22(String), 2016.4111065979744(BigDecimal)
[2026-09-11 14:16:13.433] [gas-forecast-startup] [] [] [c.g.f.d.m.M.insert] [main] [DEBUG] - <==    Updates: 1
[2026-09-11 14:16:13.433] [gas-forecast-startup] [] [] [c.g.f.d.m.M.insert] [main] [DEBUG] - ==>  Preparing: INSERT INTO model_forecast_result_tb ( forecast_batch_no, forecast_date, forecast_value ) VALUES ( ?, ?, ? )
[2026-09-11 14:16:13.433] [gas-forecast-startup] [] [] [c.g.f.d.m.M.insert] [main] [DEBUG] - ==> Parameters: MSFC-PRESET-004(String), 2026-06-23(String), 2370.513948394359(BigDecimal)
[2026-09-11 14:16:13.433] [gas-forecast-startup] [] [] [c.g.f.d.m.M.insert] [main] [DEBUG] - <==    Updates: 1
[2026-09-11 14:16:13.433] [gas-forecast-startup] [] [] [c.g.f.d.m.M.insert] [main] [DEBUG] - ==>  Preparing: INSERT INTO model_forecast_result_tb ( forecast_batch_no, forecast_date, forecast_value ) VALUES ( ?, ?, ? )
[2026-09-11 14:16:13.434] [gas-forecast-startup] [] [] [c.g.f.d.m.M.insert] [main] [DEBUG] - ==> Parameters: MSFC-PRESET-004(String), 2026-06-24(String), 2427.948404518915(BigDecimal)
[2026-09-11 14:16:13.434] [gas-forecast-startup] [] [] [c.g.f.d.m.M.insert] [main] [DEBUG] - <==    Updates: 1
[2026-09-11 14:16:13.434] [gas-forecast-startup] [] [] [c.g.f.d.m.M.insert] [main] [DEBUG] - ==>  Preparing: INSERT INTO model_forecast_result_tb ( forecast_batch_no, forecast_date, forecast_value ) VALUES ( ?, ?, ? )
[2026-09-11 14:16:13.434] [gas-forecast-startup] [] [] [c.g.f.d.m.M.insert] [main] [DEBUG] - ==> Parameters: MSFC-PRESET-004(String), 2026-06-25(String), 2428.314471279484(BigDecimal)
[2026-09-11 14:16:13.435] [gas-forecast-startup] [] [] [c.g.f.d.m.M.insert] [main] [DEBUG] - <==    Updates: 1
[2026-09-11 14:16:13.435] [gas-forecast-startup] [] [] [c.g.f.d.m.M.insert] [main] [DEBUG] - ==>  Preparing: INSERT INTO model_forecast_result_tb ( forecast_batch_no, forecast_date, forecast_value ) VALUES ( ?, ?, ? )
[2026-09-11 14:16:13.435] [gas-forecast-startup] [] [] [c.g.f.d.m.M.insert] [main] [DEBUG] - ==> Parameters: MSFC-PRESET-004(String), 2026-06-26(String), 2454.985885119412(BigDecimal)
[2026-09-11 14:16:13.436] [gas-forecast-startup] [] [] [c.g.f.d.m.M.insert] [main] [DEBUG] - <==    Updates: 1
[2026-09-11 14:16:13.436] [gas-forecast-startup] [] [] [c.g.f.d.m.M.insert] [main] [DEBUG] - ==>  Preparing: INSERT INTO model_forecast_result_tb ( forecast_batch_no, forecast_date, forecast_value ) VALUES ( ?, ?, ? )
[2026-09-11 14:16:13.436] [gas-forecast-startup] [] [] [c.g.f.d.m.M.insert] [main] [DEBUG] - ==> Parameters: MSFC-PRESET-004(String), 2026-06-27(String), 2490.194119731966(BigDecimal)
[2026-09-11 14:16:13.436] [gas-forecast-startup] [] [] [c.g.f.d.m.M.insert] [main] [DEBUG] - <==    Updates: 1
[2026-09-11 14:16:13.436] [gas-forecast-startup] [] [] [c.g.f.d.m.M.insert] [main] [DEBUG] - ==>  Preparing: INSERT INTO model_forecast_result_tb ( forecast_batch_no, forecast_date, forecast_value ) VALUES ( ?, ?, ? )
[2026-09-11 14:16:13.436] [gas-forecast-startup] [] [] [c.g.f.d.m.M.insert] [main] [DEBUG] - ==> Parameters: MSFC-PRESET-004(String), 2026-06-28(String), 2393.241500019694(BigDecimal)
[2026-09-11 14:16:13.436] [gas-forecast-startup] [] [] [c.g.f.d.m.M.insert] [main] [DEBUG] - <==    Updates: 1
[2026-09-11 14:16:13.436] [gas-forecast-startup] [] [] [c.g.f.d.m.M.insert] [main] [DEBUG] - ==>  Preparing: INSERT INTO model_forecast_result_tb ( forecast_batch_no, forecast_date, forecast_value ) VALUES ( ?, ?, ? )
[2026-09-11 14:16:13.436] [gas-forecast-startup] [] [] [c.g.f.d.m.M.insert] [main] [DEBUG] - ==> Parameters: MSFC-PRESET-004(String), 2026-06-29(String), 2225.237638772104(BigDecimal)
[2026-09-11 14:16:13.437] [gas-forecast-startup] [] [] [c.g.f.d.m.M.insert] [main] [DEBUG] - <==    Updates: 1
[2026-09-11 14:16:13.437] [gas-forecast-startup] [] [] [c.g.f.d.m.M.insert] [main] [DEBUG] - ==>  Preparing: INSERT INTO model_forecast_result_tb ( forecast_batch_no, forecast_date, forecast_value ) VALUES ( ?, ?, ? )
[2026-09-11 14:16:13.437] [gas-forecast-startup] [] [] [c.g.f.d.m.M.insert] [main] [DEBUG] - ==> Parameters: MSFC-PRESET-004(String), 2026-06-30(String), 2580.5804843377987(BigDecimal)
[2026-09-11 14:16:13.437] [gas-forecast-startup] [] [] [c.g.f.d.m.M.insert] [main] [DEBUG] - <==    Updates: 1
[2026-09-11 14:16:13.437] [gas-forecast-startup] [] [] [c.g.f.d.m.M.insert] [main] [DEBUG] - ==>  Preparing: INSERT INTO model_forecast_result_tb ( forecast_batch_no, forecast_date, forecast_value ) VALUES ( ?, ?, ? )
[2026-09-11 14:16:13.437] [gas-forecast-startup] [] [] [c.g.f.d.m.M.insert] [main] [DEBUG] - ==> Parameters: MSFC-PRESET-004(String), 2026-07-01(String), 2637.340174098351(BigDecimal)
[2026-09-11 14:16:13.438] [gas-forecast-startup] [] [] [c.g.f.d.m.M.insert] [main] [DEBUG] - <==    Updates: 1
[2026-09-11 14:16:13.438] [gas-forecast-startup] [] [] [c.g.f.d.m.M.insert] [main] [DEBUG] - ==>  Preparing: INSERT INTO model_forecast_result_tb ( forecast_batch_no, forecast_date, forecast_value ) VALUES ( ?, ?, ? )
[2026-09-11 14:16:13.438] [gas-forecast-startup] [] [] [c.g.f.d.m.M.insert] [main] [DEBUG] - ==> Parameters: MSFC-PRESET-004(String), 2026-07-02(String), 2646.2810767533542(BigDecimal)
[2026-09-11 14:16:13.438] [gas-forecast-startup] [] [] [c.g.f.d.m.M.insert] [main] [DEBUG] - <==    Updates: 1
[2026-09-11 14:16:13.438] [gas-forecast-startup] [] [] [c.g.f.d.m.M.insert] [main] [DEBUG] - ==>  Preparing: INSERT INTO model_forecast_result_tb ( forecast_batch_no, forecast_date, forecast_value ) VALUES ( ?, ?, ? )
[2026-09-11 14:16:13.438] [gas-forecast-startup] [] [] [c.g.f.d.m.M.insert] [main] [DEBUG] - ==> Parameters: MSFC-PRESET-004(String), 2026-07-03(String), 2684.334958723634(BigDecimal)
[2026-09-11 14:16:13.438] [gas-forecast-startup] [] [] [c.g.f.d.m.M.insert] [main] [DEBUG] - <==    Updates: 1
[2026-09-11 14:16:13.438] [gas-forecast-startup] [] [] [c.g.f.d.m.M.insert] [main] [DEBUG] - ==>  Preparing: INSERT INTO model_forecast_result_tb ( forecast_batch_no, forecast_date, forecast_value ) VALUES ( ?, ?, ? )
[2026-09-11 14:16:13.438] [gas-forecast-startup] [] [] [c.g.f.d.m.M.insert] [main] [DEBUG] - ==> Parameters: MSFC-PRESET-004(String), 2026-07-04(String), 2694.052024287844(BigDecimal)
[2026-09-11 14:16:13.439] [gas-forecast-startup] [] [] [c.g.f.d.m.M.insert] [main] [DEBUG] - <==    Updates: 1
[2026-09-11 14:16:13.439] [gas-forecast-startup] [] [] [c.g.f.d.m.M.insert] [main] [DEBUG] - ==>  Preparing: INSERT INTO model_forecast_result_tb ( forecast_batch_no, forecast_date, forecast_value ) VALUES ( ?, ?, ? )
[2026-09-11 14:16:13.439] [gas-forecast-startup] [] [] [c.g.f.d.m.M.insert] [main] [DEBUG] - ==> Parameters: MSFC-PRESET-004(String), 2026-07-05(String), 2652.659979108331(BigDecimal)
[2026-09-11 14:16:13.439] [gas-forecast-startup] [] [] [c.g.f.d.m.M.insert] [main] [DEBUG] - <==    Updates: 1
[2026-09-11 14:16:13.439] [gas-forecast-startup] [] [] [c.g.f.d.m.M.insert] [main] [DEBUG] - ==>  Preparing: INSERT INTO model_forecast_result_tb ( forecast_batch_no, forecast_date, forecast_value ) VALUES ( ?, ?, ? )
[2026-09-11 14:16:13.439] [gas-forecast-startup] [] [] [c.g.f.d.m.M.insert] [main] [DEBUG] - ==> Parameters: MSFC-PRESET-004(String), 2026-07-06(String), 2526.387306772372(BigDecimal)
[2026-09-11 14:16:13.440] [gas-forecast-startup] [] [] [c.g.f.d.m.M.insert] [main] [DEBUG] - <==    Updates: 1
[2026-09-11 14:16:13.440] [gas-forecast-startup] [] [] [c.g.f.d.m.M.insert] [main] [DEBUG] - ==>  Preparing: INSERT INTO model_forecast_result_tb ( forecast_batch_no, forecast_date, forecast_value ) VALUES ( ?, ?, ? )
[2026-09-11 14:16:13.440] [gas-forecast-startup] [] [] [c.g.f.d.m.M.insert] [main] [DEBUG] - ==> Parameters: MSFC-PRESET-004(String), 2026-07-07(String), 2887.010327682932(BigDecimal)
[2026-09-11 14:16:13.440] [gas-forecast-startup] [] [] [c.g.f.d.m.M.insert] [main] [DEBUG] - <==    Updates: 1
[2026-09-11 14:16:13.440] [gas-forecast-startup] [] [] [c.g.f.d.m.M.insert] [main] [DEBUG] - ==>  Preparing: INSERT INTO model_forecast_result_tb ( forecast_batch_no, forecast_date, forecast_value ) VALUES ( ?, ?, ? )
[2026-09-11 14:16:13.440] [gas-forecast-startup] [] [] [c.g.f.d.m.M.insert] [main] [DEBUG] - ==> Parameters: MSFC-PRESET-004(String), 2026-07-08(String), 2948.304420210502(BigDecimal)
[2026-09-11 14:16:13.441] [gas-forecast-startup] [] [] [c.g.f.d.m.M.insert] [main] [DEBUG] - <==    Updates: 1
[2026-09-11 14:16:13.441] [gas-forecast-startup] [] [] [c.g.f.d.m.M.insert] [main] [DEBUG] - ==>  Preparing: INSERT INTO model_forecast_result_tb ( forecast_batch_no, forecast_date, forecast_value ) VALUES ( ?, ?, ? )
[2026-09-11 14:16:13.441] [gas-forecast-startup] [] [] [c.g.f.d.m.M.insert] [main] [DEBUG] - ==> Parameters: MSFC-PRESET-004(String), 2026-07-09(String), 2918.241070159896(BigDecimal)
[2026-09-11 14:16:13.441] [gas-forecast-startup] [] [] [c.g.f.d.m.M.insert] [main] [DEBUG] - <==    Updates: 1
[2026-09-11 14:16:13.441] [gas-forecast-startup] [] [] [c.g.f.d.m.M.insert] [main] [DEBUG] - ==>  Preparing: INSERT INTO model_forecast_result_tb ( forecast_batch_no, forecast_date, forecast_value ) VALUES ( ?, ?, ? )
[2026-09-11 14:16:13.441] [gas-forecast-startup] [] [] [c.g.f.d.m.M.insert] [main] [DEBUG] - ==> Parameters: MSFC-PRESET-004(String), 2026-07-10(String), 2901.2874014472904(BigDecimal)
[2026-09-11 14:16:13.442] [gas-forecast-startup] [] [] [c.g.f.d.m.M.insert] [main] [DEBUG] - <==    Updates: 1
[2026-09-11 14:16:13.442] [gas-forecast-startup] [] [] [c.g.f.d.m.M.insert] [main] [DEBUG] - ==>  Preparing: INSERT INTO model_forecast_result_tb ( forecast_batch_no, forecast_date, forecast_value ) VALUES ( ?, ?, ? )
[2026-09-11 14:16:13.442] [gas-forecast-startup] [] [] [c.g.f.d.m.M.insert] [main] [DEBUG] - ==> Parameters: MSFC-PRESET-004(String), 2026-07-11(String), 2849.64928061876(BigDecimal)
[2026-09-11 14:16:13.442] [gas-forecast-startup] [] [] [c.g.f.d.m.M.insert] [main] [DEBUG] - <==    Updates: 1
[2026-09-11 14:16:13.442] [gas-forecast-startup] [] [] [c.g.f.d.m.M.insert] [main] [DEBUG] - ==>  Preparing: INSERT INTO model_forecast_result_tb ( forecast_batch_no, forecast_date, forecast_value ) VALUES ( ?, ?, ? )
[2026-09-11 14:16:13.442] [gas-forecast-startup] [] [] [c.g.f.d.m.M.insert] [main] [DEBUG] - ==> Parameters: MSFC-PRESET-004(String), 2026-07-12(String), 2750.6267204961605(BigDecimal)
[2026-09-11 14:16:13.442] [gas-forecast-startup] [] [] [c.g.f.d.m.M.insert] [main] [DEBUG] - <==    Updates: 1
[2026-09-11 14:16:13.442] [gas-forecast-startup] [] [] [c.g.f.d.m.M.insert] [main] [DEBUG] - ==>  Preparing: INSERT INTO model_forecast_result_tb ( forecast_batch_no, forecast_date, forecast_value ) VALUES ( ?, ?, ? )
[2026-09-11 14:16:13.443] [gas-forecast-startup] [] [] [c.g.f.d.m.M.insert] [main] [DEBUG] - ==> Parameters: MSFC-PRESET-004(String), 2026-07-13(String), 2701.333760068628(BigDecimal)
[2026-09-11 14:16:13.443] [gas-forecast-startup] [] [] [c.g.f.d.m.M.insert] [main] [DEBUG] - <==    Updates: 1
[2026-09-11 14:16:13.443] [gas-forecast-startup] [] [] [c.g.f.d.m.M.insert] [main] [DEBUG] - ==>  Preparing: INSERT INTO model_forecast_result_tb ( forecast_batch_no, forecast_date, forecast_value ) VALUES ( ?, ?, ? )
[2026-09-11 14:16:13.443] [gas-forecast-startup] [] [] [c.g.f.d.m.M.insert] [main] [DEBUG] - ==> Parameters: MSFC-PRESET-004(String), 2026-07-14(String), 3129.889803915767(BigDecimal)
[2026-09-11 14:16:13.443] [gas-forecast-startup] [] [] [c.g.f.d.m.M.insert] [main] [DEBUG] - <==    Updates: 1
[2026-09-11 14:16:13.445] [gas-forecast-startup] [] [] [c.g.f.d.m.B.selectList] [main] [DEBUG] - ==>  Preparing: SELECT id,region_code,region_name,region_type,parent_id,sort_no,enabled,remark,created_by,created_at,updated_by,updated_at,update_by_name,created_by_name FROM base_region_tb WHERE (region_name = ? AND region_type = ?) limit 1
[2026-09-11 14:16:13.445] [gas-forecast-startup] [] [] [c.g.f.d.m.B.selectList] [main] [DEBUG] - ==> Parameters: 江苏(String), PROVINCE(String)
[2026-09-11 14:16:13.445] [gas-forecast-startup] [] [] [c.g.f.d.m.B.selectList] [main] [DEBUG] - <==      Total: 0
[2026-09-11 14:16:13.446] [gas-forecast-startup] [] [] [c.g.f.d.m.B.selectList] [main] [DEBUG] - ==>  Preparing: SELECT id,industry_code,industry_name,parent_id,industry_level,sort_no,created_at,updated_at,created_by,created_by_name,updated_by,updated_by_name FROM base_industry_tb WHERE (industry_name = ?) limit 1
[2026-09-11 14:16:13.446] [gas-forecast-startup] [] [] [c.g.f.d.m.B.selectList] [main] [DEBUG] - ==> Parameters: 城市燃气(String)
[2026-09-11 14:16:13.446] [gas-forecast-startup] [] [] [c.g.f.d.m.B.selectList] [main] [DEBUG] - <==      Total: 0
[2026-09-11 14:16:13.446] [gas-forecast-startup] [] [] [c.g.f.d.m.M.delete] [main] [DEBUG] - ==>  Preparing: DELETE FROM model_forecast_result_tb WHERE (forecast_batch_no = ?)
[2026-09-11 14:16:13.446] [gas-forecast-startup] [] [] [c.g.f.d.m.M.delete] [main] [DEBUG] - ==> Parameters: MSFC-PRESET-005(String)
[2026-09-11 14:16:13.447] [gas-forecast-startup] [] [] [c.g.f.d.m.M.delete] [main] [DEBUG] - <==    Updates: 50
[2026-09-11 14:16:13.447] [gas-forecast-startup] [] [] [c.g.f.d.m.M.delete] [main] [DEBUG] - ==>  Preparing: DELETE FROM model_forecast_batch_tb WHERE (batch_no = ?)
[2026-09-11 14:16:13.447] [gas-forecast-startup] [] [] [c.g.f.d.m.M.delete] [main] [DEBUG] - ==> Parameters: MSFC-PRESET-005(String)
[2026-09-11 14:16:13.447] [gas-forecast-startup] [] [] [c.g.f.d.m.M.delete] [main] [DEBUG] - <==    Updates: 1
[2026-09-11 14:16:13.448] [gas-forecast-startup] [] [] [c.g.f.d.m.M.insert] [main] [DEBUG] - ==>  Preparing: INSERT INTO model_forecast_batch_tb ( batch_no, train_batch_no, agent_code, region_code, region_name, customer_code, customer_name, industry_code, industry_name, forecast_horizon, forecast_start_date, forecast_end_date, status, request_json, created_by, created_by_name ) VALUES ( ?, ?, ?, ?, ?, ?, ?, ?, ?, ?, ?, ?, ?, ?, ?, ? )
[2026-09-11 14:16:13.448] [gas-forecast-startup] [] [] [c.g.f.d.m.M.insert] [main] [DEBUG] - ==> Parameters: MSFC-PRESET-005(String), XQTRAIN-monthly-sales-江苏(String), monthly-sales(String), 江苏(String), 江苏(String), ALL(String), 全部客户(String), 城市燃气(String), 城市燃气(String), 50(Integer), 20260526(Integer), 2026-07-14(String), SUCCESS(String), {"agent_id":"monthly-sales","source":"preset","model_name":"Prophet + AR(4)残差校正","industry":"城市燃气","customer":"全部客户","metrics":{"mape":4.55,"mae":167.66,"rmse":212.26,"r2":0.79}}(String), system(String), 系统(String)
[2026-09-11 14:16:13.448] [gas-forecast-startup] [] [] [c.g.f.d.m.M.insert] [main] [DEBUG] - <==    Updates: 1
[2026-09-11 14:16:13.448] [gas-forecast-startup] [] [] [c.g.f.d.m.M.delete] [main] [DEBUG] - ==>  Preparing: DELETE FROM model_forecast_result_tb WHERE (forecast_batch_no = ?)
[2026-09-11 14:16:13.448] [gas-forecast-startup] [] [] [c.g.f.d.m.M.delete] [main] [DEBUG] - ==> Parameters: MSFC-PRESET-005(String)
[2026-09-11 14:16:13.449] [gas-forecast-startup] [] [] [c.g.f.d.m.M.delete] [main] [DEBUG] - <==    Updates: 0
[2026-09-11 14:16:13.449] [gas-forecast-startup] [] [] [c.g.f.d.m.M.insert] [main] [DEBUG] - ==>  Preparing: INSERT INTO model_forecast_result_tb ( forecast_batch_no, forecast_date, forecast_value ) VALUES ( ?, ?, ? )
[2026-09-11 14:16:13.449] [gas-forecast-startup] [] [] [c.g.f.d.m.M.insert] [main] [DEBUG] - ==> Parameters: MSFC-PRESET-005(String), 2026-05-26(String), 3252.424144866962(BigDecimal)
[2026-09-11 14:16:13.449] [gas-forecast-startup] [] [] [c.g.f.d.m.M.insert] [main] [DEBUG] - <==    Updates: 1
[2026-09-11 14:16:13.449] [gas-forecast-startup] [] [] [c.g.f.d.m.M.insert] [main] [DEBUG] - ==>  Preparing: INSERT INTO model_forecast_result_tb ( forecast_batch_no, forecast_date, forecast_value ) VALUES ( ?, ?, ? )
[2026-09-11 14:16:13.449] [gas-forecast-startup] [] [] [c.g.f.d.m.M.insert] [main] [DEBUG] - ==> Parameters: MSFC-PRESET-005(String), 2026-05-27(String), 3299.0827273151235(BigDecimal)
[2026-09-11 14:16:13.449] [gas-forecast-startup] [] [] [c.g.f.d.m.M.insert] [main] [DEBUG] - <==    Updates: 1
[2026-09-11 14:16:13.449] [gas-forecast-startup] [] [] [c.g.f.d.m.M.insert] [main] [DEBUG] - ==>  Preparing: INSERT INTO model_forecast_result_tb ( forecast_batch_no, forecast_date, forecast_value ) VALUES ( ?, ?, ? )
[2026-09-11 14:16:13.449] [gas-forecast-startup] [] [] [c.g.f.d.m.M.insert] [main] [DEBUG] - ==> Parameters: MSFC-PRESET-005(String), 2026-05-28(String), 3325.378333262053(BigDecimal)
[2026-09-11 14:16:13.450] [gas-forecast-startup] [] [] [c.g.f.d.m.M.insert] [main] [DEBUG] - <==    Updates: 1
[2026-09-11 14:16:13.450] [gas-forecast-startup] [] [] [c.g.f.d.m.M.insert] [main] [DEBUG] - ==>  Preparing: INSERT INTO model_forecast_result_tb ( forecast_batch_no, forecast_date, forecast_value ) VALUES ( ?, ?, ? )
[2026-09-11 14:16:13.450] [gas-forecast-startup] [] [] [c.g.f.d.m.M.insert] [main] [DEBUG] - ==> Parameters: MSFC-PRESET-005(String), 2026-05-29(String), 3338.989918147751(BigDecimal)
[2026-09-11 14:16:13.450] [gas-forecast-startup] [] [] [c.g.f.d.m.M.insert] [main] [DEBUG] - <==    Updates: 1
[2026-09-11 14:16:13.450] [gas-forecast-startup] [] [] [c.g.f.d.m.M.insert] [main] [DEBUG] - ==>  Preparing: INSERT INTO model_forecast_result_tb ( forecast_batch_no, forecast_date, forecast_value ) VALUES ( ?, ?, ? )
[2026-09-11 14:16:13.450] [gas-forecast-startup] [] [] [c.g.f.d.m.M.insert] [main] [DEBUG] - ==> Parameters: MSFC-PRESET-005(String), 2026-05-30(String), 3341.5069230961667(BigDecimal)
[2026-09-11 14:16:13.450] [gas-forecast-startup] [] [] [c.g.f.d.m.M.insert] [main] [DEBUG] - <==    Updates: 1
[2026-09-11 14:16:13.451] [gas-forecast-startup] [] [] [c.g.f.d.m.M.insert] [main] [DEBUG] - ==>  Preparing: INSERT INTO model_forecast_result_tb ( forecast_batch_no, forecast_date, forecast_value ) VALUES ( ?, ?, ? )
[2026-09-11 14:16:13.451] [gas-forecast-startup] [] [] [c.g.f.d.m.M.insert] [main] [DEBUG] - ==> Parameters: MSFC-PRESET-005(String), 2026-05-31(String), 3320.938550483166(BigDecimal)
[2026-09-11 14:16:13.451] [gas-forecast-startup] [] [] [c.g.f.d.m.M.insert] [main] [DEBUG] - <==    Updates: 1
[2026-09-11 14:16:13.451] [gas-forecast-startup] [] [] [c.g.f.d.m.M.insert] [main] [DEBUG] - ==>  Preparing: INSERT INTO model_forecast_result_tb ( forecast_batch_no, forecast_date, forecast_value ) VALUES ( ?, ?, ? )
[2026-09-11 14:16:13.451] [gas-forecast-startup] [] [] [c.g.f.d.m.M.insert] [main] [DEBUG] - ==> Parameters: MSFC-PRESET-005(String), 2026-06-01(String), 3265.345046766382(BigDecimal)
[2026-09-11 14:16:13.451] [gas-forecast-startup] [] [] [c.g.f.d.m.M.insert] [main] [DEBUG] - <==    Updates: 1
[2026-09-11 14:16:13.451] [gas-forecast-startup] [] [] [c.g.f.d.m.M.insert] [main] [DEBUG] - ==>  Preparing: INSERT INTO model_forecast_result_tb ( forecast_batch_no, forecast_date, forecast_value ) VALUES ( ?, ?, ? )
[2026-09-11 14:16:13.451] [gas-forecast-startup] [] [] [c.g.f.d.m.M.insert] [main] [DEBUG] - ==> Parameters: MSFC-PRESET-005(String), 2026-06-02(String), 3368.386296212893(BigDecimal)
[2026-09-11 14:16:13.452] [gas-forecast-startup] [] [] [c.g.f.d.m.M.insert] [main] [DEBUG] - <==    Updates: 1
[2026-09-11 14:16:13.452] [gas-forecast-startup] [] [] [c.g.f.d.m.M.insert] [main] [DEBUG] - ==>  Preparing: INSERT INTO model_forecast_result_tb ( forecast_batch_no, forecast_date, forecast_value ) VALUES ( ?, ?, ? )
[2026-09-11 14:16:13.452] [gas-forecast-startup] [] [] [c.g.f.d.m.M.insert] [main] [DEBUG] - ==> Parameters: MSFC-PRESET-005(String), 2026-06-03(String), 3383.5876701913403(BigDecimal)
[2026-09-11 14:16:13.452] [gas-forecast-startup] [] [] [c.g.f.d.m.M.insert] [main] [DEBUG] - <==    Updates: 1
[2026-09-11 14:16:13.452] [gas-forecast-startup] [] [] [c.g.f.d.m.M.insert] [main] [DEBUG] - ==>  Preparing: INSERT INTO model_forecast_result_tb ( forecast_batch_no, forecast_date, forecast_value ) VALUES ( ?, ?, ? )
[2026-09-11 14:16:13.452] [gas-forecast-startup] [] [] [c.g.f.d.m.M.insert] [main] [DEBUG] - ==> Parameters: MSFC-PRESET-005(String), 2026-06-04(String), 3401.8013343281505(BigDecimal)
[2026-09-11 14:16:13.452] [gas-forecast-startup] [] [] [c.g.f.d.m.M.insert] [main] [DEBUG] - <==    Updates: 1
[2026-09-11 14:16:13.453] [gas-forecast-startup] [] [] [c.g.f.d.m.M.insert] [main] [DEBUG] - ==>  Preparing: INSERT INTO model_forecast_result_tb ( forecast_batch_no, forecast_date, forecast_value ) VALUES ( ?, ?, ? )
[2026-09-11 14:16:13.453] [gas-forecast-startup] [] [] [c.g.f.d.m.M.insert] [main] [DEBUG] - ==> Parameters: MSFC-PRESET-005(String), 2026-06-05(String), 3408.5987574142105(BigDecimal)
[2026-09-11 14:16:13.453] [gas-forecast-startup] [] [] [c.g.f.d.m.M.insert] [main] [DEBUG] - <==    Updates: 1
[2026-09-11 14:16:13.453] [gas-forecast-startup] [] [] [c.g.f.d.m.M.insert] [main] [DEBUG] - ==>  Preparing: INSERT INTO model_forecast_result_tb ( forecast_batch_no, forecast_date, forecast_value ) VALUES ( ?, ?, ? )
[2026-09-11 14:16:13.453] [gas-forecast-startup] [] [] [c.g.f.d.m.M.insert] [main] [DEBUG] - ==> Parameters: MSFC-PRESET-005(String), 2026-06-06(String), 3394.949675161967(BigDecimal)
[2026-09-11 14:16:13.453] [gas-forecast-startup] [] [] [c.g.f.d.m.M.insert] [main] [DEBUG] - <==    Updates: 1
[2026-09-11 14:16:13.453] [gas-forecast-startup] [] [] [c.g.f.d.m.M.insert] [main] [DEBUG] - ==>  Preparing: INSERT INTO model_forecast_result_tb ( forecast_batch_no, forecast_date, forecast_value ) VALUES ( ?, ?, ? )
[2026-09-11 14:16:13.453] [gas-forecast-startup] [] [] [c.g.f.d.m.M.insert] [main] [DEBUG] - ==> Parameters: MSFC-PRESET-005(String), 2026-06-07(String), 3373.0689530564623(BigDecimal)
[2026-09-11 14:16:13.453] [gas-forecast-startup] [] [] [c.g.f.d.m.M.insert] [main] [DEBUG] - <==    Updates: 1
[2026-09-11 14:16:13.454] [gas-forecast-startup] [] [] [c.g.f.d.m.M.insert] [main] [DEBUG] - ==>  Preparing: INSERT INTO model_forecast_result_tb ( forecast_batch_no, forecast_date, forecast_value ) VALUES ( ?, ?, ? )
[2026-09-11 14:16:13.454] [gas-forecast-startup] [] [] [c.g.f.d.m.M.insert] [main] [DEBUG] - ==> Parameters: MSFC-PRESET-005(String), 2026-06-08(String), 3326.4062957339115(BigDecimal)
[2026-09-11 14:16:13.454] [gas-forecast-startup] [] [] [c.g.f.d.m.M.insert] [main] [DEBUG] - <==    Updates: 1
[2026-09-11 14:16:13.454] [gas-forecast-startup] [] [] [c.g.f.d.m.M.insert] [main] [DEBUG] - ==>  Preparing: INSERT INTO model_forecast_result_tb ( forecast_batch_no, forecast_date, forecast_value ) VALUES ( ?, ?, ? )
[2026-09-11 14:16:13.454] [gas-forecast-startup] [] [] [c.g.f.d.m.M.insert] [main] [DEBUG] - ==> Parameters: MSFC-PRESET-005(String), 2026-06-09(String), 3423.9403791058644(BigDecimal)
[2026-09-11 14:16:13.454] [gas-forecast-startup] [] [] [c.g.f.d.m.M.insert] [main] [DEBUG] - <==    Updates: 1
[2026-09-11 14:16:13.454] [gas-forecast-startup] [] [] [c.g.f.d.m.M.insert] [main] [DEBUG] - ==>  Preparing: INSERT INTO model_forecast_result_tb ( forecast_batch_no, forecast_date, forecast_value ) VALUES ( ?, ?, ? )
[2026-09-11 14:16:13.454] [gas-forecast-startup] [] [] [c.g.f.d.m.M.insert] [main] [DEBUG] - ==> Parameters: MSFC-PRESET-005(String), 2026-06-10(String), 3428.9613853932865(BigDecimal)
[2026-09-11 14:16:13.454] [gas-forecast-startup] [] [] [c.g.f.d.m.M.insert] [main] [DEBUG] - <==    Updates: 1
[2026-09-11 14:16:13.454] [gas-forecast-startup] [] [] [c.g.f.d.m.M.insert] [main] [DEBUG] - ==>  Preparing: INSERT INTO model_forecast_result_tb ( forecast_batch_no, forecast_date, forecast_value ) VALUES ( ?, ?, ? )
[2026-09-11 14:16:13.454] [gas-forecast-startup] [] [] [c.g.f.d.m.M.insert] [main] [DEBUG] - ==> Parameters: MSFC-PRESET-005(String), 2026-06-11(String), 3457.452053175682(BigDecimal)
[2026-09-11 14:16:13.455] [gas-forecast-startup] [] [] [c.g.f.d.m.M.insert] [main] [DEBUG] - <==    Updates: 1
[2026-09-11 14:16:13.455] [gas-forecast-startup] [] [] [c.g.f.d.m.M.insert] [main] [DEBUG] - ==>  Preparing: INSERT INTO model_forecast_result_tb ( forecast_batch_no, forecast_date, forecast_value ) VALUES ( ?, ?, ? )
[2026-09-11 14:16:13.455] [gas-forecast-startup] [] [] [c.g.f.d.m.M.insert] [main] [DEBUG] - ==> Parameters: MSFC-PRESET-005(String), 2026-06-12(String), 3455.556493787805(BigDecimal)
[2026-09-11 14:16:13.455] [gas-forecast-startup] [] [] [c.g.f.d.m.M.insert] [main] [DEBUG] - <==    Updates: 1
[2026-09-11 14:16:13.455] [gas-forecast-startup] [] [] [c.g.f.d.m.M.insert] [main] [DEBUG] - ==>  Preparing: INSERT INTO model_forecast_result_tb ( forecast_batch_no, forecast_date, forecast_value ) VALUES ( ?, ?, ? )
[2026-09-11 14:16:13.455] [gas-forecast-startup] [] [] [c.g.f.d.m.M.insert] [main] [DEBUG] - ==> Parameters: MSFC-PRESET-005(String), 2026-06-13(String), 3436.7370593892665(BigDecimal)
[2026-09-11 14:16:13.455] [gas-forecast-startup] [] [] [c.g.f.d.m.M.insert] [main] [DEBUG] - <==    Updates: 1
[2026-09-11 14:16:13.455] [gas-forecast-startup] [] [] [c.g.f.d.m.M.insert] [main] [DEBUG] - ==>  Preparing: INSERT INTO model_forecast_result_tb ( forecast_batch_no, forecast_date, forecast_value ) VALUES ( ?, ?, ? )
[2026-09-11 14:16:13.456] [gas-forecast-startup] [] [] [c.g.f.d.m.M.insert] [main] [DEBUG] - ==> Parameters: MSFC-PRESET-005(String), 2026-06-14(String), 3398.096511386209(BigDecimal)
[2026-09-11 14:16:13.456] [gas-forecast-startup] [] [] [c.g.f.d.m.M.insert] [main] [DEBUG] - <==    Updates: 1
[2026-09-11 14:16:13.456] [gas-forecast-startup] [] [] [c.g.f.d.m.M.insert] [main] [DEBUG] - ==>  Preparing: INSERT INTO model_forecast_result_tb ( forecast_batch_no, forecast_date, forecast_value ) VALUES ( ?, ?, ? )
[2026-09-11 14:16:13.456] [gas-forecast-startup] [] [] [c.g.f.d.m.M.insert] [main] [DEBUG] - ==> Parameters: MSFC-PRESET-005(String), 2026-06-15(String), 3349.8034961626554(BigDecimal)
[2026-09-11 14:16:13.456] [gas-forecast-startup] [] [] [c.g.f.d.m.M.insert] [main] [DEBUG] - <==    Updates: 1
[2026-09-11 14:16:13.456] [gas-forecast-startup] [] [] [c.g.f.d.m.M.insert] [main] [DEBUG] - ==>  Preparing: INSERT INTO model_forecast_result_tb ( forecast_batch_no, forecast_date, forecast_value ) VALUES ( ?, ?, ? )
[2026-09-11 14:16:13.456] [gas-forecast-startup] [] [] [c.g.f.d.m.M.insert] [main] [DEBUG] - ==> Parameters: MSFC-PRESET-005(String), 2026-06-16(String), 3460.695226385757(BigDecimal)
[2026-09-11 14:16:13.456] [gas-forecast-startup] [] [] [c.g.f.d.m.M.insert] [main] [DEBUG] - <==    Updates: 1
[2026-09-11 14:16:13.456] [gas-forecast-startup] [] [] [c.g.f.d.m.M.insert] [main] [DEBUG] - ==>  Preparing: INSERT INTO model_forecast_result_tb ( forecast_batch_no, forecast_date, forecast_value ) VALUES ( ?, ?, ? )
[2026-09-11 14:16:13.456] [gas-forecast-startup] [] [] [c.g.f.d.m.M.insert] [main] [DEBUG] - ==> Parameters: MSFC-PRESET-005(String), 2026-06-17(String), 3473.033067450788(BigDecimal)
[2026-09-11 14:16:13.457] [gas-forecast-startup] [] [] [c.g.f.d.m.M.insert] [main] [DEBUG] - <==    Updates: 1
[2026-09-11 14:16:13.457] [gas-forecast-startup] [] [] [c.g.f.d.m.M.insert] [main] [DEBUG] - ==>  Preparing: INSERT INTO model_forecast_result_tb ( forecast_batch_no, forecast_date, forecast_value ) VALUES ( ?, ?, ? )
[2026-09-11 14:16:13.457] [gas-forecast-startup] [] [] [c.g.f.d.m.M.insert] [main] [DEBUG] - ==> Parameters: MSFC-PRESET-005(String), 2026-06-18(String), 3477.187043824904(BigDecimal)
[2026-09-11 14:16:13.457] [gas-forecast-startup] [] [] [c.g.f.d.m.M.insert] [main] [DEBUG] - <==    Updates: 1
[2026-09-11 14:16:13.457] [gas-forecast-startup] [] [] [c.g.f.d.m.M.insert] [main] [DEBUG] - ==>  Preparing: INSERT INTO model_forecast_result_tb ( forecast_batch_no, forecast_date, forecast_value ) VALUES ( ?, ?, ? )
[2026-09-11 14:16:13.457] [gas-forecast-startup] [] [] [c.g.f.d.m.M.insert] [main] [DEBUG] - ==> Parameters: MSFC-PRESET-005(String), 2026-06-19(String), 3399.8242908188395(BigDecimal)
[2026-09-11 14:16:13.457] [gas-forecast-startup] [] [] [c.g.f.d.m.M.insert] [main] [DEBUG] - <==    Updates: 1
[2026-09-11 14:16:13.457] [gas-forecast-startup] [] [] [c.g.f.d.m.M.insert] [main] [DEBUG] - ==>  Preparing: INSERT INTO model_forecast_result_tb ( forecast_batch_no, forecast_date, forecast_value ) VALUES ( ?, ?, ? )
[2026-09-11 14:16:13.457] [gas-forecast-startup] [] [] [c.g.f.d.m.M.insert] [main] [DEBUG] - ==> Parameters: MSFC-PRESET-005(String), 2026-06-20(String), 3114.689301212148(BigDecimal)
[2026-09-11 14:16:13.458] [gas-forecast-startup] [] [] [c.g.f.d.m.M.insert] [main] [DEBUG] - <==    Updates: 1
[2026-09-11 14:16:13.458] [gas-forecast-startup] [] [] [c.g.f.d.m.M.insert] [main] [DEBUG] - ==>  Preparing: INSERT INTO model_forecast_result_tb ( forecast_batch_no, forecast_date, forecast_value ) VALUES ( ?, ?, ? )
[2026-09-11 14:16:13.458] [gas-forecast-startup] [] [] [c.g.f.d.m.M.insert] [main] [DEBUG] - ==> Parameters: MSFC-PRESET-005(String), 2026-06-21(String), 3286.110643452664(BigDecimal)
[2026-09-11 14:16:13.458] [gas-forecast-startup] [] [] [c.g.f.d.m.M.insert] [main] [DEBUG] - <==    Updates: 1
[2026-09-11 14:16:13.458] [gas-forecast-startup] [] [] [c.g.f.d.m.M.insert] [main] [DEBUG] - ==>  Preparing: INSERT INTO model_forecast_result_tb ( forecast_batch_no, forecast_date, forecast_value ) VALUES ( ?, ?, ? )
[2026-09-11 14:16:13.458] [gas-forecast-startup] [] [] [c.g.f.d.m.M.insert] [main] [DEBUG] - ==> Parameters: MSFC-PRESET-005(String), 2026-06-22(String), 3357.6007474463186(BigDecimal)
[2026-09-11 14:16:13.458] [gas-forecast-startup] [] [] [c.g.f.d.m.M.insert] [main] [DEBUG] - <==    Updates: 1
[2026-09-11 14:16:13.458] [gas-forecast-startup] [] [] [c.g.f.d.m.M.insert] [main] [DEBUG] - ==>  Preparing: INSERT INTO model_forecast_result_tb ( forecast_batch_no, forecast_date, forecast_value ) VALUES ( ?, ?, ? )
[2026-09-11 14:16:13.458] [gas-forecast-startup] [] [] [c.g.f.d.m.M.insert] [main] [DEBUG] - ==> Parameters: MSFC-PRESET-005(String), 2026-06-23(String), 3451.2412868431675(BigDecimal)
[2026-09-11 14:16:13.459] [gas-forecast-startup] [] [] [c.g.f.d.m.M.insert] [main] [DEBUG] - <==    Updates: 1
[2026-09-11 14:16:13.459] [gas-forecast-startup] [] [] [c.g.f.d.m.M.insert] [main] [DEBUG] - ==>  Preparing: INSERT INTO model_forecast_result_tb ( forecast_batch_no, forecast_date, forecast_value ) VALUES ( ?, ?, ? )
[2026-09-11 14:16:13.459] [gas-forecast-startup] [] [] [c.g.f.d.m.M.insert] [main] [DEBUG] - ==> Parameters: MSFC-PRESET-005(String), 2026-06-24(String), 3459.3750186470625(BigDecimal)
[2026-09-11 14:16:13.459] [gas-forecast-startup] [] [] [c.g.f.d.m.M.insert] [main] [DEBUG] - <==    Updates: 1
[2026-09-11 14:16:13.459] [gas-forecast-startup] [] [] [c.g.f.d.m.M.insert] [main] [DEBUG] - ==>  Preparing: INSERT INTO model_forecast_result_tb ( forecast_batch_no, forecast_date, forecast_value ) VALUES ( ?, ?, ? )
[2026-09-11 14:16:13.459] [gas-forecast-startup] [] [] [c.g.f.d.m.M.insert] [main] [DEBUG] - ==> Parameters: MSFC-PRESET-005(String), 2026-06-25(String), 3474.0449816368896(BigDecimal)
[2026-09-11 14:16:13.459] [gas-forecast-startup] [] [] [c.g.f.d.m.M.insert] [main] [DEBUG] - <==    Updates: 1
[2026-09-11 14:16:13.459] [gas-forecast-startup] [] [] [c.g.f.d.m.M.insert] [main] [DEBUG] - ==>  Preparing: INSERT INTO model_forecast_result_tb ( forecast_batch_no, forecast_date, forecast_value ) VALUES ( ?, ?, ? )
[2026-09-11 14:16:13.459] [gas-forecast-startup] [] [] [c.g.f.d.m.M.insert] [main] [DEBUG] - ==> Parameters: MSFC-PRESET-005(String), 2026-06-26(String), 3467.664161802448(BigDecimal)
[2026-09-11 14:16:13.459] [gas-forecast-startup] [] [] [c.g.f.d.m.M.insert] [main] [DEBUG] - <==    Updates: 1
[2026-09-11 14:16:13.459] [gas-forecast-startup] [] [] [c.g.f.d.m.M.insert] [main] [DEBUG] - ==>  Preparing: INSERT INTO model_forecast_result_tb ( forecast_batch_no, forecast_date, forecast_value ) VALUES ( ?, ?, ? )
[2026-09-11 14:16:13.460] [gas-forecast-startup] [] [] [c.g.f.d.m.M.insert] [main] [DEBUG] - ==> Parameters: MSFC-PRESET-005(String), 2026-06-27(String), 3444.0597194410766(BigDecimal)
[2026-09-11 14:16:13.460] [gas-forecast-startup] [] [] [c.g.f.d.m.M.insert] [main] [DEBUG] - <==    Updates: 1
[2026-09-11 14:16:13.460] [gas-forecast-startup] [] [] [c.g.f.d.m.M.insert] [main] [DEBUG] - ==>  Preparing: INSERT INTO model_forecast_result_tb ( forecast_batch_no, forecast_date, forecast_value ) VALUES ( ?, ?, ? )
[2026-09-11 14:16:13.460] [gas-forecast-startup] [] [] [c.g.f.d.m.M.insert] [main] [DEBUG] - ==> Parameters: MSFC-PRESET-005(String), 2026-06-28(String), 3399.3925936732744(BigDecimal)
[2026-09-11 14:16:13.460] [gas-forecast-startup] [] [] [c.g.f.d.m.M.insert] [main] [DEBUG] - <==    Updates: 1
[2026-09-11 14:16:13.460] [gas-forecast-startup] [] [] [c.g.f.d.m.M.insert] [main] [DEBUG] - ==>  Preparing: INSERT INTO model_forecast_result_tb ( forecast_batch_no, forecast_date, forecast_value ) VALUES ( ?, ?, ? )
[2026-09-11 14:16:13.460] [gas-forecast-startup] [] [] [c.g.f.d.m.M.insert] [main] [DEBUG] - ==> Parameters: MSFC-PRESET-005(String), 2026-06-29(String), 3321.293719689912(BigDecimal)
[2026-09-11 14:16:13.460] [gas-forecast-startup] [] [] [c.g.f.d.m.M.insert] [main] [DEBUG] - <==    Updates: 1
[2026-09-11 14:16:13.460] [gas-forecast-startup] [] [] [c.g.f.d.m.M.insert] [main] [DEBUG] - ==>  Preparing: INSERT INTO model_forecast_result_tb ( forecast_batch_no, forecast_date, forecast_value ) VALUES ( ?, ?, ? )
[2026-09-11 14:16:13.460] [gas-forecast-startup] [] [] [c.g.f.d.m.M.insert] [main] [DEBUG] - ==> Parameters: MSFC-PRESET-005(String), 2026-06-30(String), 3401.40804680664(BigDecimal)
[2026-09-11 14:16:13.460] [gas-forecast-startup] [] [] [c.g.f.d.m.M.insert] [main] [DEBUG] - <==    Updates: 1
[2026-09-11 14:16:13.460] [gas-forecast-startup] [] [] [c.g.f.d.m.M.insert] [main] [DEBUG] - ==>  Preparing: INSERT INTO model_forecast_result_tb ( forecast_batch_no, forecast_date, forecast_value ) VALUES ( ?, ?, ? )
[2026-09-11 14:16:13.461] [gas-forecast-startup] [] [] [c.g.f.d.m.M.insert] [main] [DEBUG] - ==> Parameters: MSFC-PRESET-005(String), 2026-07-01(String), 3420.298042645049(BigDecimal)
[2026-09-11 14:16:13.461] [gas-forecast-startup] [] [] [c.g.f.d.m.M.insert] [main] [DEBUG] - <==    Updates: 1
[2026-09-11 14:16:13.461] [gas-forecast-startup] [] [] [c.g.f.d.m.M.insert] [main] [DEBUG] - ==>  Preparing: INSERT INTO model_forecast_result_tb ( forecast_batch_no, forecast_date, forecast_value ) VALUES ( ?, ?, ? )
[2026-09-11 14:16:13.461] [gas-forecast-startup] [] [] [c.g.f.d.m.M.insert] [main] [DEBUG] - ==> Parameters: MSFC-PRESET-005(String), 2026-07-02(String), 3421.741454724659(BigDecimal)
[2026-09-11 14:16:13.461] [gas-forecast-startup] [] [] [c.g.f.d.m.M.insert] [main] [DEBUG] - <==    Updates: 1
[2026-09-11 14:16:13.461] [gas-forecast-startup] [] [] [c.g.f.d.m.M.insert] [main] [DEBUG] - ==>  Preparing: INSERT INTO model_forecast_result_tb ( forecast_batch_no, forecast_date, forecast_value ) VALUES ( ?, ?, ? )
[2026-09-11 14:16:13.461] [gas-forecast-startup] [] [] [c.g.f.d.m.M.insert] [main] [DEBUG] - ==> Parameters: MSFC-PRESET-005(String), 2026-07-03(String), 3408.5428901378737(BigDecimal)
[2026-09-11 14:16:13.461] [gas-forecast-startup] [] [] [c.g.f.d.m.M.insert] [main] [DEBUG] - <==    Updates: 1
[2026-09-11 14:16:13.461] [gas-forecast-startup] [] [] [c.g.f.d.m.M.insert] [main] [DEBUG] - ==>  Preparing: INSERT INTO model_forecast_result_tb ( forecast_batch_no, forecast_date, forecast_value ) VALUES ( ?, ?, ? )
[2026-09-11 14:16:13.461] [gas-forecast-startup] [] [] [c.g.f.d.m.M.insert] [main] [DEBUG] - ==> Parameters: MSFC-PRESET-005(String), 2026-07-04(String), 3391.5962390390805(BigDecimal)
[2026-09-11 14:16:13.461] [gas-forecast-startup] [] [] [c.g.f.d.m.M.insert] [main] [DEBUG] - <==    Updates: 1
[2026-09-11 14:16:13.461] [gas-forecast-startup] [] [] [c.g.f.d.m.M.insert] [main] [DEBUG] - ==>  Preparing: INSERT INTO model_forecast_result_tb ( forecast_batch_no, forecast_date, forecast_value ) VALUES ( ?, ?, ? )
[2026-09-11 14:16:13.462] [gas-forecast-startup] [] [] [c.g.f.d.m.M.insert] [main] [DEBUG] - ==> Parameters: MSFC-PRESET-005(String), 2026-07-05(String), 3349.969955927052(BigDecimal)
[2026-09-11 14:16:13.462] [gas-forecast-startup] [] [] [c.g.f.d.m.M.insert] [main] [DEBUG] - <==    Updates: 1
[2026-09-11 14:16:13.462] [gas-forecast-startup] [] [] [c.g.f.d.m.M.insert] [main] [DEBUG] - ==>  Preparing: INSERT INTO model_forecast_result_tb ( forecast_batch_no, forecast_date, forecast_value ) VALUES ( ?, ?, ? )
[2026-09-11 14:16:13.462] [gas-forecast-startup] [] [] [c.g.f.d.m.M.insert] [main] [DEBUG] - ==> Parameters: MSFC-PRESET-005(String), 2026-07-06(String), 3287.859918667777(BigDecimal)
[2026-09-11 14:16:13.462] [gas-forecast-startup] [] [] [c.g.f.d.m.M.insert] [main] [DEBUG] - <==    Updates: 1
[2026-09-11 14:16:13.462] [gas-forecast-startup] [] [] [c.g.f.d.m.M.insert] [main] [DEBUG] - ==>  Preparing: INSERT INTO model_forecast_result_tb ( forecast_batch_no, forecast_date, forecast_value ) VALUES ( ?, ?, ? )
[2026-09-11 14:16:13.462] [gas-forecast-startup] [] [] [c.g.f.d.m.M.insert] [main] [DEBUG] - ==> Parameters: MSFC-PRESET-005(String), 2026-07-07(String), 3353.6856277057595(BigDecimal)
[2026-09-11 14:16:13.462] [gas-forecast-startup] [] [] [c.g.f.d.m.M.insert] [main] [DEBUG] - <==    Updates: 1
[2026-09-11 14:16:13.462] [gas-forecast-startup] [] [] [c.g.f.d.m.M.insert] [main] [DEBUG] - ==>  Preparing: INSERT INTO model_forecast_result_tb ( forecast_batch_no, forecast_date, forecast_value ) VALUES ( ?, ?, ? )
[2026-09-11 14:16:13.462] [gas-forecast-startup] [] [] [c.g.f.d.m.M.insert] [main] [DEBUG] - ==> Parameters: MSFC-PRESET-005(String), 2026-07-08(String), 3374.535112275003(BigDecimal)
[2026-09-11 14:16:13.463] [gas-forecast-startup] [] [] [c.g.f.d.m.M.insert] [main] [DEBUG] - <==    Updates: 1
[2026-09-11 14:16:13.463] [gas-forecast-startup] [] [] [c.g.f.d.m.M.insert] [main] [DEBUG] - ==>  Preparing: INSERT INTO model_forecast_result_tb ( forecast_batch_no, forecast_date, forecast_value ) VALUES ( ?, ?, ? )
[2026-09-11 14:16:13.463] [gas-forecast-startup] [] [] [c.g.f.d.m.M.insert] [main] [DEBUG] - ==> Parameters: MSFC-PRESET-005(String), 2026-07-09(String), 3372.242461240814(BigDecimal)
[2026-09-11 14:16:13.463] [gas-forecast-startup] [] [] [c.g.f.d.m.M.insert] [main] [DEBUG] - <==    Updates: 1
[2026-09-11 14:16:13.463] [gas-forecast-startup] [] [] [c.g.f.d.m.M.insert] [main] [DEBUG] - ==>  Preparing: INSERT INTO model_forecast_result_tb ( forecast_batch_no, forecast_date, forecast_value ) VALUES ( ?, ?, ? )
[2026-09-11 14:16:13.463] [gas-forecast-startup] [] [] [c.g.f.d.m.M.insert] [main] [DEBUG] - ==> Parameters: MSFC-PRESET-005(String), 2026-07-10(String), 3362.476533083565(BigDecimal)
[2026-09-11 14:16:13.463] [gas-forecast-startup] [] [] [c.g.f.d.m.M.insert] [main] [DEBUG] - <==    Updates: 1
[2026-09-11 14:16:13.463] [gas-forecast-startup] [] [] [c.g.f.d.m.M.insert] [main] [DEBUG] - ==>  Preparing: INSERT INTO model_forecast_result_tb ( forecast_batch_no, forecast_date, forecast_value ) VALUES ( ?, ?, ? )
[2026-09-11 14:16:13.463] [gas-forecast-startup] [] [] [c.g.f.d.m.M.insert] [main] [DEBUG] - ==> Parameters: MSFC-PRESET-005(String), 2026-07-11(String), 3354.268005229336(BigDecimal)
[2026-09-11 14:16:13.463] [gas-forecast-startup] [] [] [c.g.f.d.m.M.insert] [main] [DEBUG] - <==    Updates: 1
[2026-09-11 14:16:13.463] [gas-forecast-startup] [] [] [c.g.f.d.m.M.insert] [main] [DEBUG] - ==>  Preparing: INSERT INTO model_forecast_result_tb ( forecast_batch_no, forecast_date, forecast_value ) VALUES ( ?, ?, ? )
[2026-09-11 14:16:13.463] [gas-forecast-startup] [] [] [c.g.f.d.m.M.insert] [main] [DEBUG] - ==> Parameters: MSFC-PRESET-005(String), 2026-07-12(String), 3314.576759033612(BigDecimal)
[2026-09-11 14:16:13.463] [gas-forecast-startup] [] [] [c.g.f.d.m.M.insert] [main] [DEBUG] - <==    Updates: 1
[2026-09-11 14:16:13.464] [gas-forecast-startup] [] [] [c.g.f.d.m.M.insert] [main] [DEBUG] - ==>  Preparing: INSERT INTO model_forecast_result_tb ( forecast_batch_no, forecast_date, forecast_value ) VALUES ( ?, ?, ? )
[2026-09-11 14:16:13.464] [gas-forecast-startup] [] [] [c.g.f.d.m.M.insert] [main] [DEBUG] - ==> Parameters: MSFC-PRESET-005(String), 2026-07-13(String), 3261.1829351146685(BigDecimal)
[2026-09-11 14:16:13.464] [gas-forecast-startup] [] [] [c.g.f.d.m.M.insert] [main] [DEBUG] - <==    Updates: 1
[2026-09-11 14:16:13.464] [gas-forecast-startup] [] [] [c.g.f.d.m.M.insert] [main] [DEBUG] - ==>  Preparing: INSERT INTO model_forecast_result_tb ( forecast_batch_no, forecast_date, forecast_value ) VALUES ( ?, ?, ? )
[2026-09-11 14:16:13.464] [gas-forecast-startup] [] [] [c.g.f.d.m.M.insert] [main] [DEBUG] - ==> Parameters: MSFC-PRESET-005(String), 2026-07-14(String), 3355.335713243875(BigDecimal)
[2026-09-11 14:16:13.464] [gas-forecast-startup] [] [] [c.g.f.d.m.M.insert] [main] [DEBUG] - <==    Updates: 1
[2026-09-11 14:16:13.466] [gas-forecast-startup] [] [] [c.g.f.d.m.B.selectList] [main] [DEBUG] - ==>  Preparing: SELECT id,region_code,region_name,region_type,parent_id,sort_no,enabled,remark,created_by,created_at,updated_by,updated_at,update_by_name,created_by_name FROM base_region_tb WHERE (region_name = ? AND region_type = ?) limit 1
[2026-09-11 14:16:13.466] [gas-forecast-startup] [] [] [c.g.f.d.m.B.selectList] [main] [DEBUG] - ==> Parameters: 江苏(String), PROVINCE(String)
[2026-09-11 14:16:13.466] [gas-forecast-startup] [] [] [c.g.f.d.m.B.selectList] [main] [DEBUG] - <==      Total: 0
[2026-09-11 14:16:13.466] [gas-forecast-startup] [] [] [c.g.f.d.m.B.selectList] [main] [DEBUG] - ==>  Preparing: SELECT id,industry_code,industry_name,parent_id,industry_level,sort_no,created_at,updated_at,created_by,created_by_name,updated_by,updated_by_name FROM base_industry_tb WHERE (industry_name = ?) limit 1
[2026-09-11 14:16:13.466] [gas-forecast-startup] [] [] [c.g.f.d.m.B.selectList] [main] [DEBUG] - ==> Parameters: 工业燃料(String)
[2026-09-11 14:16:13.466] [gas-forecast-startup] [] [] [c.g.f.d.m.B.selectList] [main] [DEBUG] - <==      Total: 0
[2026-09-11 14:16:13.466] [gas-forecast-startup] [] [] [c.g.f.d.m.M.delete] [main] [DEBUG] - ==>  Preparing: DELETE FROM model_forecast_result_tb WHERE (forecast_batch_no = ?)
[2026-09-11 14:16:13.466] [gas-forecast-startup] [] [] [c.g.f.d.m.M.delete] [main] [DEBUG] - ==> Parameters: MSFC-PRESET-006(String)
[2026-09-11 14:16:13.467] [gas-forecast-startup] [] [] [c.g.f.d.m.M.delete] [main] [DEBUG] - <==    Updates: 50
[2026-09-11 14:16:13.467] [gas-forecast-startup] [] [] [c.g.f.d.m.M.delete] [main] [DEBUG] - ==>  Preparing: DELETE FROM model_forecast_batch_tb WHERE (batch_no = ?)
[2026-09-11 14:16:13.467] [gas-forecast-startup] [] [] [c.g.f.d.m.M.delete] [main] [DEBUG] - ==> Parameters: MSFC-PRESET-006(String)
[2026-09-11 14:16:13.467] [gas-forecast-startup] [] [] [c.g.f.d.m.M.delete] [main] [DEBUG] - <==    Updates: 1
[2026-09-11 14:16:13.467] [gas-forecast-startup] [] [] [c.g.f.d.m.M.insert] [main] [DEBUG] - ==>  Preparing: INSERT INTO model_forecast_batch_tb ( batch_no, train_batch_no, agent_code, region_code, region_name, customer_code, customer_name, industry_code, industry_name, forecast_horizon, forecast_start_date, forecast_end_date, status, request_json, created_by, created_by_name ) VALUES ( ?, ?, ?, ?, ?, ?, ?, ?, ?, ?, ?, ?, ?, ?, ?, ? )
[2026-09-11 14:16:13.467] [gas-forecast-startup] [] [] [c.g.f.d.m.M.insert] [main] [DEBUG] - ==> Parameters: MSFC-PRESET-006(String), XQTRAIN-monthly-sales-江苏(String), monthly-sales(String), 江苏(String), 江苏(String), ALL(String), 全部客户(String), 工业燃料(String), 工业燃料(String), 50(Integer), 20260101(Integer), 2026-02-19(String), SUCCESS(String), {"agent_id":"monthly-sales","source":"preset","model_name":"Prophet + XGBoost残差模型","industry":"工业燃料","customer":"全部客户","metrics":{"mape":3.52,"mae":0.8,"rmse":1.68,"r2":0.08}}(String), system(String), 系统(String)
[2026-09-11 14:16:13.468] [gas-forecast-startup] [] [] [c.g.f.d.m.M.insert] [main] [DEBUG] - <==    Updates: 1
[2026-09-11 14:16:13.468] [gas-forecast-startup] [] [] [c.g.f.d.m.M.delete] [main] [DEBUG] - ==>  Preparing: DELETE FROM model_forecast_result_tb WHERE (forecast_batch_no = ?)
[2026-09-11 14:16:13.468] [gas-forecast-startup] [] [] [c.g.f.d.m.M.delete] [main] [DEBUG] - ==> Parameters: MSFC-PRESET-006(String)
[2026-09-11 14:16:13.468] [gas-forecast-startup] [] [] [c.g.f.d.m.M.delete] [main] [DEBUG] - <==    Updates: 0
[2026-09-11 14:16:13.468] [gas-forecast-startup] [] [] [c.g.f.d.m.M.insert] [main] [DEBUG] - ==>  Preparing: INSERT INTO model_forecast_result_tb ( forecast_batch_no, forecast_date, forecast_value ) VALUES ( ?, ?, ? )
[2026-09-11 14:16:13.468] [gas-forecast-startup] [] [] [c.g.f.d.m.M.insert] [main] [DEBUG] - ==> Parameters: MSFC-PRESET-006(String), 2026-01-01(String), 27.518452407448844(BigDecimal)
[2026-09-11 14:16:13.468] [gas-forecast-startup] [] [] [c.g.f.d.m.M.insert] [main] [DEBUG] - <==    Updates: 1
[2026-09-11 14:16:13.468] [gas-forecast-startup] [] [] [c.g.f.d.m.M.insert] [main] [DEBUG] - ==>  Preparing: INSERT INTO model_forecast_result_tb ( forecast_batch_no, forecast_date, forecast_value ) VALUES ( ?, ?, ? )
[2026-09-11 14:16:13.468] [gas-forecast-startup] [] [] [c.g.f.d.m.M.insert] [main] [DEBUG] - ==> Parameters: MSFC-PRESET-006(String), 2026-01-02(String), 27.65746928595621(BigDecimal)
[2026-09-11 14:16:13.468] [gas-forecast-startup] [] [] [c.g.f.d.m.M.insert] [main] [DEBUG] - <==    Updates: 1
[2026-09-11 14:16:13.469] [gas-forecast-startup] [] [] [c.g.f.d.m.M.insert] [main] [DEBUG] - ==>  Preparing: INSERT INTO model_forecast_result_tb ( forecast_batch_no, forecast_date, forecast_value ) VALUES ( ?, ?, ? )
[2026-09-11 14:16:13.469] [gas-forecast-startup] [] [] [c.g.f.d.m.M.insert] [main] [DEBUG] - ==> Parameters: MSFC-PRESET-006(String), 2026-01-03(String), 27.8071425762726(BigDecimal)
[2026-09-11 14:16:13.469] [gas-forecast-startup] [] [] [c.g.f.d.m.M.insert] [main] [DEBUG] - <==    Updates: 1
[2026-09-11 14:16:13.469] [gas-forecast-startup] [] [] [c.g.f.d.m.M.insert] [main] [DEBUG] - ==>  Preparing: INSERT INTO model_forecast_result_tb ( forecast_batch_no, forecast_date, forecast_value ) VALUES ( ?, ?, ? )
[2026-09-11 14:16:13.469] [gas-forecast-startup] [] [] [c.g.f.d.m.M.insert] [main] [DEBUG] - ==> Parameters: MSFC-PRESET-006(String), 2026-01-04(String), 27.99336001714069(BigDecimal)
[2026-09-11 14:16:13.469] [gas-forecast-startup] [] [] [c.g.f.d.m.M.insert] [main] [DEBUG] - <==    Updates: 1
[2026-09-11 14:16:13.469] [gas-forecast-startup] [] [] [c.g.f.d.m.M.insert] [main] [DEBUG] - ==>  Preparing: INSERT INTO model_forecast_result_tb ( forecast_batch_no, forecast_date, forecast_value ) VALUES ( ?, ?, ? )
[2026-09-11 14:16:13.469] [gas-forecast-startup] [] [] [c.g.f.d.m.M.insert] [main] [DEBUG] - ==> Parameters: MSFC-PRESET-006(String), 2026-01-05(String), 28.15714292704896(BigDecimal)
[2026-09-11 14:16:13.469] [gas-forecast-startup] [] [] [c.g.f.d.m.M.insert] [main] [DEBUG] - <==    Updates: 1
[2026-09-11 14:16:13.469] [gas-forecast-startup] [] [] [c.g.f.d.m.M.insert] [main] [DEBUG] - ==>  Preparing: INSERT INTO model_forecast_result_tb ( forecast_batch_no, forecast_date, forecast_value ) VALUES ( ?, ?, ? )
[2026-09-11 14:16:13.470] [gas-forecast-startup] [] [] [c.g.f.d.m.M.insert] [main] [DEBUG] - ==> Parameters: MSFC-PRESET-006(String), 2026-01-06(String), 28.15059409453745(BigDecimal)
[2026-09-11 14:16:13.470] [gas-forecast-startup] [] [] [c.g.f.d.m.M.insert] [main] [DEBUG] - <==    Updates: 1
[2026-09-11 14:16:13.470] [gas-forecast-startup] [] [] [c.g.f.d.m.M.insert] [main] [DEBUG] - ==>  Preparing: INSERT INTO model_forecast_result_tb ( forecast_batch_no, forecast_date, forecast_value ) VALUES ( ?, ?, ? )
[2026-09-11 14:16:13.470] [gas-forecast-startup] [] [] [c.g.f.d.m.M.insert] [main] [DEBUG] - ==> Parameters: MSFC-PRESET-006(String), 2026-01-07(String), 28.34478577162469(BigDecimal)
[2026-09-11 14:16:13.470] [gas-forecast-startup] [] [] [c.g.f.d.m.M.insert] [main] [DEBUG] - <==    Updates: 1
[2026-09-11 14:16:13.470] [gas-forecast-startup] [] [] [c.g.f.d.m.M.insert] [main] [DEBUG] - ==>  Preparing: INSERT INTO model_forecast_result_tb ( forecast_batch_no, forecast_date, forecast_value ) VALUES ( ?, ?, ? )
[2026-09-11 14:16:13.470] [gas-forecast-startup] [] [] [c.g.f.d.m.M.insert] [main] [DEBUG] - ==> Parameters: MSFC-PRESET-006(String), 2026-01-08(String), 28.416838110804434(BigDecimal)
[2026-09-11 14:16:13.471] [gas-forecast-startup] [] [] [c.g.f.d.m.M.insert] [main] [DEBUG] - <==    Updates: 1
[2026-09-11 14:16:13.471] [gas-forecast-startup] [] [] [c.g.f.d.m.M.insert] [main] [DEBUG] - ==>  Preparing: INSERT INTO model_forecast_result_tb ( forecast_batch_no, forecast_date, forecast_value ) VALUES ( ?, ?, ? )
[2026-09-11 14:16:13.471] [gas-forecast-startup] [] [] [c.g.f.d.m.M.insert] [main] [DEBUG] - ==> Parameters: MSFC-PRESET-006(String), 2026-01-09(String), 28.529899906592416(BigDecimal)
[2026-09-11 14:16:13.471] [gas-forecast-startup] [] [] [c.g.f.d.m.M.insert] [main] [DEBUG] - <==    Updates: 1
[2026-09-11 14:16:13.471] [gas-forecast-startup] [] [] [c.g.f.d.m.M.insert] [main] [DEBUG] - ==>  Preparing: INSERT INTO model_forecast_result_tb ( forecast_batch_no, forecast_date, forecast_value ) VALUES ( ?, ?, ? )
[2026-09-11 14:16:13.471] [gas-forecast-startup] [] [] [c.g.f.d.m.M.insert] [main] [DEBUG] - ==> Parameters: MSFC-PRESET-006(String), 2026-01-10(String), 28.64309091658452(BigDecimal)
[2026-09-11 14:16:13.471] [gas-forecast-startup] [] [] [c.g.f.d.m.M.insert] [main] [DEBUG] - <==    Updates: 1
[2026-09-11 14:16:13.471] [gas-forecast-startup] [] [] [c.g.f.d.m.M.insert] [main] [DEBUG] - ==>  Preparing: INSERT INTO model_forecast_result_tb ( forecast_batch_no, forecast_date, forecast_value ) VALUES ( ?, ?, ? )
[2026-09-11 14:16:13.471] [gas-forecast-startup] [] [] [c.g.f.d.m.M.insert] [main] [DEBUG] - ==> Parameters: MSFC-PRESET-006(String), 2026-01-11(String), 28.782891038620058(BigDecimal)
[2026-09-11 14:16:13.471] [gas-forecast-startup] [] [] [c.g.f.d.m.M.insert] [main] [DEBUG] - <==    Updates: 1
[2026-09-11 14:16:13.471] [gas-forecast-startup] [] [] [c.g.f.d.m.M.insert] [main] [DEBUG] - ==>  Preparing: INSERT INTO model_forecast_result_tb ( forecast_batch_no, forecast_date, forecast_value ) VALUES ( ?, ?, ? )
[2026-09-11 14:16:13.471] [gas-forecast-startup] [] [] [c.g.f.d.m.M.insert] [main] [DEBUG] - ==> Parameters: MSFC-PRESET-006(String), 2026-01-12(String), 28.891055169799984(BigDecimal)
[2026-09-11 14:16:13.472] [gas-forecast-startup] [] [] [c.g.f.d.m.M.insert] [main] [DEBUG] - <==    Updates: 1
[2026-09-11 14:16:13.472] [gas-forecast-startup] [] [] [c.g.f.d.m.M.insert] [main] [DEBUG] - ==>  Preparing: INSERT INTO model_forecast_result_tb ( forecast_batch_no, forecast_date, forecast_value ) VALUES ( ?, ?, ? )
[2026-09-11 14:16:13.472] [gas-forecast-startup] [] [] [c.g.f.d.m.M.insert] [main] [DEBUG] - ==> Parameters: MSFC-PRESET-006(String), 2026-01-13(String), 28.82055281548614(BigDecimal)
[2026-09-11 14:16:13.472] [gas-forecast-startup] [] [] [c.g.f.d.m.M.insert] [main] [DEBUG] - <==    Updates: 1
[2026-09-11 14:16:13.472] [gas-forecast-startup] [] [] [c.g.f.d.m.M.insert] [main] [DEBUG] - ==>  Preparing: INSERT INTO model_forecast_result_tb ( forecast_batch_no, forecast_date, forecast_value ) VALUES ( ?, ?, ? )
[2026-09-11 14:16:13.472] [gas-forecast-startup] [] [] [c.g.f.d.m.M.insert] [main] [DEBUG] - ==> Parameters: MSFC-PRESET-006(String), 2026-01-14(String), 28.943445450020963(BigDecimal)
[2026-09-11 14:16:13.472] [gas-forecast-startup] [] [] [c.g.f.d.m.M.insert] [main] [DEBUG] - <==    Updates: 1
[2026-09-11 14:16:13.472] [gas-forecast-startup] [] [] [c.g.f.d.m.M.insert] [main] [DEBUG] - ==>  Preparing: INSERT INTO model_forecast_result_tb ( forecast_batch_no, forecast_date, forecast_value ) VALUES ( ?, ?, ? )
[2026-09-11 14:16:13.472] [gas-forecast-startup] [] [] [c.g.f.d.m.M.insert] [main] [DEBUG] - ==> Parameters: MSFC-PRESET-006(String), 2026-01-15(String), 28.93795201938921(BigDecimal)
[2026-09-11 14:16:13.472] [gas-forecast-startup] [] [] [c.g.f.d.m.M.insert] [main] [DEBUG] - <==    Updates: 1
[2026-09-11 14:16:13.472] [gas-forecast-startup] [] [] [c.g.f.d.m.M.insert] [main] [DEBUG] - ==>  Preparing: INSERT INTO model_forecast_result_tb ( forecast_batch_no, forecast_date, forecast_value ) VALUES ( ?, ?, ? )
[2026-09-11 14:16:13.472] [gas-forecast-startup] [] [] [c.g.f.d.m.M.insert] [main] [DEBUG] - ==> Parameters: MSFC-PRESET-006(String), 2026-01-16(String), 28.96841454914383(BigDecimal)
[2026-09-11 14:16:13.473] [gas-forecast-startup] [] [] [c.g.f.d.m.M.insert] [main] [DEBUG] - <==    Updates: 1
[2026-09-11 14:16:13.473] [gas-forecast-startup] [] [] [c.g.f.d.m.M.insert] [main] [DEBUG] - ==>  Preparing: INSERT INTO model_forecast_result_tb ( forecast_batch_no, forecast_date, forecast_value ) VALUES ( ?, ?, ? )
[2026-09-11 14:16:13.473] [gas-forecast-startup] [] [] [c.g.f.d.m.M.insert] [main] [DEBUG] - ==> Parameters: MSFC-PRESET-006(String), 2026-01-17(String), 28.995223289747837(BigDecimal)
[2026-09-11 14:16:13.473] [gas-forecast-startup] [] [] [c.g.f.d.m.M.insert] [main] [DEBUG] - <==    Updates: 1
[2026-09-11 14:16:13.473] [gas-forecast-startup] [] [] [c.g.f.d.m.M.insert] [main] [DEBUG] - ==>  Preparing: INSERT INTO model_forecast_result_tb ( forecast_batch_no, forecast_date, forecast_value ) VALUES ( ?, ?, ? )
[2026-09-11 14:16:13.473] [gas-forecast-startup] [] [] [c.g.f.d.m.M.insert] [main] [DEBUG] - ==> Parameters: MSFC-PRESET-006(String), 2026-01-18(String), 29.046186888655377(BigDecimal)
[2026-09-11 14:16:13.473] [gas-forecast-startup] [] [] [c.g.f.d.m.M.insert] [main] [DEBUG] - <==    Updates: 1
[2026-09-11 14:16:13.473] [gas-forecast-startup] [] [] [c.g.f.d.m.M.insert] [main] [DEBUG] - ==>  Preparing: INSERT INTO model_forecast_result_tb ( forecast_batch_no, forecast_date, forecast_value ) VALUES ( ?, ?, ? )
[2026-09-11 14:16:13.473] [gas-forecast-startup] [] [] [c.g.f.d.m.M.insert] [main] [DEBUG] - ==> Parameters: MSFC-PRESET-006(String), 2026-01-19(String), 29.06442668223217(BigDecimal)
[2026-09-11 14:16:13.473] [gas-forecast-startup] [] [] [c.g.f.d.m.M.insert] [main] [DEBUG] - <==    Updates: 1
[2026-09-11 14:16:13.473] [gas-forecast-startup] [] [] [c.g.f.d.m.M.insert] [main] [DEBUG] - ==>  Preparing: INSERT INTO model_forecast_result_tb ( forecast_batch_no, forecast_date, forecast_value ) VALUES ( ?, ?, ? )
[2026-09-11 14:16:13.473] [gas-forecast-startup] [] [] [c.g.f.d.m.M.insert] [main] [DEBUG] - ==> Parameters: MSFC-PRESET-006(String), 2026-01-20(String), 28.90429449488487(BigDecimal)
[2026-09-11 14:16:13.474] [gas-forecast-startup] [] [] [c.g.f.d.m.M.insert] [main] [DEBUG] - <==    Updates: 1
[2026-09-11 14:16:13.474] [gas-forecast-startup] [] [] [c.g.f.d.m.M.insert] [main] [DEBUG] - ==>  Preparing: INSERT INTO model_forecast_result_tb ( forecast_batch_no, forecast_date, forecast_value ) VALUES ( ?, ?, ? )
[2026-09-11 14:16:13.474] [gas-forecast-startup] [] [] [c.g.f.d.m.M.insert] [main] [DEBUG] - ==> Parameters: MSFC-PRESET-006(String), 2026-01-21(String), 28.9392273138056(BigDecimal)
[2026-09-11 14:16:13.474] [gas-forecast-startup] [] [] [c.g.f.d.m.M.insert] [main] [DEBUG] - <==    Updates: 1
[2026-09-11 14:16:13.474] [gas-forecast-startup] [] [] [c.g.f.d.m.M.insert] [main] [DEBUG] - ==>  Preparing: INSERT INTO model_forecast_result_tb ( forecast_batch_no, forecast_date, forecast_value ) VALUES ( ?, ?, ? )
[2026-09-11 14:16:13.474] [gas-forecast-startup] [] [] [c.g.f.d.m.M.insert] [main] [DEBUG] - ==> Parameters: MSFC-PRESET-006(String), 2026-01-22(String), 28.8487896374726(BigDecimal)
[2026-09-11 14:16:13.474] [gas-forecast-startup] [] [] [c.g.f.d.m.M.insert] [main] [DEBUG] - <==    Updates: 1
[2026-09-11 14:16:13.474] [gas-forecast-startup] [] [] [c.g.f.d.m.M.insert] [main] [DEBUG] - ==>  Preparing: INSERT INTO model_forecast_result_tb ( forecast_batch_no, forecast_date, forecast_value ) VALUES ( ?, ?, ? )
[2026-09-11 14:16:13.474] [gas-forecast-startup] [] [] [c.g.f.d.m.M.insert] [main] [DEBUG] - ==> Parameters: MSFC-PRESET-006(String), 2026-01-23(String), 28.798615902505865(BigDecimal)
[2026-09-11 14:16:13.474] [gas-forecast-startup] [] [] [c.g.f.d.m.M.insert] [main] [DEBUG] - <==    Updates: 1
[2026-09-11 14:16:13.474] [gas-forecast-startup] [] [] [c.g.f.d.m.M.insert] [main] [DEBUG] - ==>  Preparing: INSERT INTO model_forecast_result_tb ( forecast_batch_no, forecast_date, forecast_value ) VALUES ( ?, ?, ? )
[2026-09-11 14:16:13.474] [gas-forecast-startup] [] [] [c.g.f.d.m.M.insert] [main] [DEBUG] - ==> Parameters: MSFC-PRESET-006(String), 2026-01-24(String), 28.750312886395825(BigDecimal)
[2026-09-11 14:16:13.475] [gas-forecast-startup] [] [] [c.g.f.d.m.M.insert] [main] [DEBUG] - <==    Updates: 1
[2026-09-11 14:16:13.475] [gas-forecast-startup] [] [] [c.g.f.d.m.M.insert] [main] [DEBUG] - ==>  Preparing: INSERT INTO model_forecast_result_tb ( forecast_batch_no, forecast_date, forecast_value ) VALUES ( ?, ?, ? )
[2026-09-11 14:16:13.475] [gas-forecast-startup] [] [] [c.g.f.d.m.M.insert] [main] [DEBUG] - ==> Parameters: MSFC-PRESET-006(String), 2026-01-25(String), 28.732808054277022(BigDecimal)
[2026-09-11 14:16:13.475] [gas-forecast-startup] [] [] [c.g.f.d.m.M.insert] [main] [DEBUG] - <==    Updates: 1
[2026-09-11 14:16:13.475] [gas-forecast-startup] [] [] [c.g.f.d.m.M.insert] [main] [DEBUG] - ==>  Preparing: INSERT INTO model_forecast_result_tb ( forecast_batch_no, forecast_date, forecast_value ) VALUES ( ?, ?, ? )
[2026-09-11 14:16:13.475] [gas-forecast-startup] [] [] [c.g.f.d.m.M.insert] [main] [DEBUG] - ==> Parameters: MSFC-PRESET-006(String), 2026-01-26(String), 28.690223423576224(BigDecimal)
[2026-09-11 14:16:13.475] [gas-forecast-startup] [] [] [c.g.f.d.m.M.insert] [main] [DEBUG] - <==    Updates: 1
[2026-09-11 14:16:13.475] [gas-forecast-startup] [] [] [c.g.f.d.m.M.insert] [main] [DEBUG] - ==>  Preparing: INSERT INTO model_forecast_result_tb ( forecast_batch_no, forecast_date, forecast_value ) VALUES ( ?, ?, ? )
[2026-09-11 14:16:13.475] [gas-forecast-startup] [] [] [c.g.f.d.m.M.insert] [main] [DEBUG] - ==> Parameters: MSFC-PRESET-006(String), 2026-01-27(String), 28.477774804261312(BigDecimal)
[2026-09-11 14:16:13.475] [gas-forecast-startup] [] [] [c.g.f.d.m.M.insert] [main] [DEBUG] - <==    Updates: 1
[2026-09-11 14:16:13.475] [gas-forecast-startup] [] [] [c.g.f.d.m.M.insert] [main] [DEBUG] - ==>  Preparing: INSERT INTO model_forecast_result_tb ( forecast_batch_no, forecast_date, forecast_value ) VALUES ( ?, ?, ? )
[2026-09-11 14:16:13.475] [gas-forecast-startup] [] [] [c.g.f.d.m.M.insert] [main] [DEBUG] - ==> Parameters: MSFC-PRESET-006(String), 2026-01-28(String), 28.46961023041407(BigDecimal)
[2026-09-11 14:16:13.476] [gas-forecast-startup] [] [] [c.g.f.d.m.M.insert] [main] [DEBUG] - <==    Updates: 1
[2026-09-11 14:16:13.476] [gas-forecast-startup] [] [] [c.g.f.d.m.M.insert] [main] [DEBUG] - ==>  Preparing: INSERT INTO model_forecast_result_tb ( forecast_batch_no, forecast_date, forecast_value ) VALUES ( ?, ?, ? )
[2026-09-11 14:16:13.476] [gas-forecast-startup] [] [] [c.g.f.d.m.M.insert] [main] [DEBUG] - ==> Parameters: MSFC-PRESET-006(String), 2026-01-29(String), 28.345838792925694(BigDecimal)
[2026-09-11 14:16:13.476] [gas-forecast-startup] [] [] [c.g.f.d.m.M.insert] [main] [DEBUG] - <==    Updates: 1
[2026-09-11 14:16:13.476] [gas-forecast-startup] [] [] [c.g.f.d.m.M.insert] [main] [DEBUG] - ==>  Preparing: INSERT INTO model_forecast_result_tb ( forecast_batch_no, forecast_date, forecast_value ) VALUES ( ?, ?, ? )
[2026-09-11 14:16:13.476] [gas-forecast-startup] [] [] [c.g.f.d.m.M.insert] [main] [DEBUG] - ==> Parameters: MSFC-PRESET-006(String), 2026-01-30(String), 28.27246264168369(BigDecimal)
[2026-09-11 14:16:13.476] [gas-forecast-startup] [] [] [c.g.f.d.m.M.insert] [main] [DEBUG] - <==    Updates: 1
[2026-09-11 14:16:13.476] [gas-forecast-startup] [] [] [c.g.f.d.m.M.insert] [main] [DEBUG] - ==>  Preparing: INSERT INTO model_forecast_result_tb ( forecast_batch_no, forecast_date, forecast_value ) VALUES ( ?, ?, ? )
[2026-09-11 14:16:13.476] [gas-forecast-startup] [] [] [c.g.f.d.m.M.insert] [main] [DEBUG] - ==> Parameters: MSFC-PRESET-006(String), 2026-01-31(String), 28.211272359192296(BigDecimal)
[2026-09-11 14:16:13.476] [gas-forecast-startup] [] [] [c.g.f.d.m.M.insert] [main] [DEBUG] - <==    Updates: 1
[2026-09-11 14:16:13.476] [gas-forecast-startup] [] [] [c.g.f.d.m.M.insert] [main] [DEBUG] - ==>  Preparing: INSERT INTO model_forecast_result_tb ( forecast_batch_no, forecast_date, forecast_value ) VALUES ( ?, ?, ? )
[2026-09-11 14:16:13.477] [gas-forecast-startup] [] [] [c.g.f.d.m.M.insert] [main] [DEBUG] - ==> Parameters: MSFC-PRESET-006(String), 2026-02-01(String), 28.191191908555847(BigDecimal)
[2026-09-11 14:16:13.477] [gas-forecast-startup] [] [] [c.g.f.d.m.M.insert] [main] [DEBUG] - <==    Updates: 1
[2026-09-11 14:16:13.477] [gas-forecast-startup] [] [] [c.g.f.d.m.M.insert] [main] [DEBUG] - ==>  Preparing: INSERT INTO model_forecast_result_tb ( forecast_batch_no, forecast_date, forecast_value ) VALUES ( ?, ?, ? )
[2026-09-11 14:16:13.477] [gas-forecast-startup] [] [] [c.g.f.d.m.M.insert] [main] [DEBUG] - ==> Parameters: MSFC-PRESET-006(String), 2026-02-02(String), 28.15615288596846(BigDecimal)
[2026-09-11 14:16:13.477] [gas-forecast-startup] [] [] [c.g.f.d.m.M.insert] [main] [DEBUG] - <==    Updates: 1
[2026-09-11 14:16:13.477] [gas-forecast-startup] [] [] [c.g.f.d.m.M.insert] [main] [DEBUG] - ==>  Preparing: INSERT INTO model_forecast_result_tb ( forecast_batch_no, forecast_date, forecast_value ) VALUES ( ?, ?, ? )
[2026-09-11 14:16:13.477] [gas-forecast-startup] [] [] [c.g.f.d.m.M.insert] [main] [DEBUG] - ==> Parameters: MSFC-PRESET-006(String), 2026-02-03(String), 27.960998006313588(BigDecimal)
[2026-09-11 14:16:13.477] [gas-forecast-startup] [] [] [c.g.f.d.m.M.insert] [main] [DEBUG] - <==    Updates: 1
[2026-09-11 14:16:13.477] [gas-forecast-startup] [] [] [c.g.f.d.m.M.insert] [main] [DEBUG] - ==>  Preparing: INSERT INTO model_forecast_result_tb ( forecast_batch_no, forecast_date, forecast_value ) VALUES ( ?, ?, ? )
[2026-09-11 14:16:13.477] [gas-forecast-startup] [] [] [c.g.f.d.m.M.insert] [main] [DEBUG] - ==> Parameters: MSFC-PRESET-006(String), 2026-02-04(String), 27.979327618147064(BigDecimal)
[2026-09-11 14:16:13.477] [gas-forecast-startup] [] [] [c.g.f.d.m.M.insert] [main] [DEBUG] - <==    Updates: 1
[2026-09-11 14:16:13.477] [gas-forecast-startup] [] [] [c.g.f.d.m.M.insert] [main] [DEBUG] - ==>  Preparing: INSERT INTO model_forecast_result_tb ( forecast_batch_no, forecast_date, forecast_value ) VALUES ( ?, ?, ? )
[2026-09-11 14:16:13.477] [gas-forecast-startup] [] [] [c.g.f.d.m.M.insert] [main] [DEBUG] - ==> Parameters: MSFC-PRESET-006(String), 2026-02-05(String), 27.890540345527064(BigDecimal)
[2026-09-11 14:16:13.478] [gas-forecast-startup] [] [] [c.g.f.d.m.M.insert] [main] [DEBUG] - <==    Updates: 1
[2026-09-11 14:16:13.478] [gas-forecast-startup] [] [] [c.g.f.d.m.M.insert] [main] [DEBUG] - ==>  Preparing: INSERT INTO model_forecast_result_tb ( forecast_batch_no, forecast_date, forecast_value ) VALUES ( ?, ?, ? )
[2026-09-11 14:16:13.478] [gas-forecast-startup] [] [] [c.g.f.d.m.M.insert] [main] [DEBUG] - ==> Parameters: MSFC-PRESET-006(String), 2026-02-06(String), 27.859780419738943(BigDecimal)
[2026-09-11 14:16:13.478] [gas-forecast-startup] [] [] [c.g.f.d.m.M.insert] [main] [DEBUG] - <==    Updates: 1
[2026-09-11 14:16:13.478] [gas-forecast-startup] [] [] [c.g.f.d.m.M.insert] [main] [DEBUG] - ==>  Preparing: INSERT INTO model_forecast_result_tb ( forecast_batch_no, forecast_date, forecast_value ) VALUES ( ?, ?, ? )
[2026-09-11 14:16:13.478] [gas-forecast-startup] [] [] [c.g.f.d.m.M.insert] [main] [DEBUG] - ==> Parameters: MSFC-PRESET-006(String), 2026-02-07(String), 27.84785160700255(BigDecimal)
[2026-09-11 14:16:13.478] [gas-forecast-startup] [] [] [c.g.f.d.m.M.insert] [main] [DEBUG] - <==    Updates: 1
[2026-09-11 14:16:13.478] [gas-forecast-startup] [] [] [c.g.f.d.m.M.insert] [main] [DEBUG] - ==>  Preparing: INSERT INTO model_forecast_result_tb ( forecast_batch_no, forecast_date, forecast_value ) VALUES ( ?, ?, ? )
[2026-09-11 14:16:13.478] [gas-forecast-startup] [] [] [c.g.f.d.m.M.insert] [main] [DEBUG] - ==> Parameters: MSFC-PRESET-006(String), 2026-02-08(String), 27.882583553738865(BigDecimal)
[2026-09-11 14:16:13.478] [gas-forecast-startup] [] [] [c.g.f.d.m.M.insert] [main] [DEBUG] - <==    Updates: 1
[2026-09-11 14:16:13.478] [gas-forecast-startup] [] [] [c.g.f.d.m.M.insert] [main] [DEBUG] - ==>  Preparing: INSERT INTO model_forecast_result_tb ( forecast_batch_no, forecast_date, forecast_value ) VALUES ( ?, ?, ? )
[2026-09-11 14:16:13.478] [gas-forecast-startup] [] [] [c.g.f.d.m.M.insert] [main] [DEBUG] - ==> Parameters: MSFC-PRESET-006(String), 2026-02-09(String), 27.906729820230925(BigDecimal)
[2026-09-11 14:16:13.479] [gas-forecast-startup] [] [] [c.g.f.d.m.M.insert] [main] [DEBUG] - <==    Updates: 1
[2026-09-11 14:16:13.479] [gas-forecast-startup] [] [] [c.g.f.d.m.M.insert] [main] [DEBUG] - ==>  Preparing: INSERT INTO model_forecast_result_tb ( forecast_batch_no, forecast_date, forecast_value ) VALUES ( ?, ?, ? )
[2026-09-11 14:16:13.479] [gas-forecast-startup] [] [] [c.g.f.d.m.M.insert] [main] [DEBUG] - ==> Parameters: MSFC-PRESET-006(String), 2026-02-10(String), 27.77389700389549(BigDecimal)
[2026-09-11 14:16:13.479] [gas-forecast-startup] [] [] [c.g.f.d.m.M.insert] [main] [DEBUG] - <==    Updates: 1
[2026-09-11 14:16:13.479] [gas-forecast-startup] [] [] [c.g.f.d.m.M.insert] [main] [DEBUG] - ==>  Preparing: INSERT INTO model_forecast_result_tb ( forecast_batch_no, forecast_date, forecast_value ) VALUES ( ?, ?, ? )
[2026-09-11 14:16:13.479] [gas-forecast-startup] [] [] [c.g.f.d.m.M.insert] [main] [DEBUG] - ==> Parameters: MSFC-PRESET-006(String), 2026-02-11(String), 27.85641816508753(BigDecimal)
[2026-09-11 14:16:13.479] [gas-forecast-startup] [] [] [c.g.f.d.m.M.insert] [main] [DEBUG] - <==    Updates: 1
[2026-09-11 14:16:13.479] [gas-forecast-startup] [] [] [c.g.f.d.m.M.insert] [main] [DEBUG] - ==>  Preparing: INSERT INTO model_forecast_result_tb ( forecast_batch_no, forecast_date, forecast_value ) VALUES ( ?, ?, ? )
[2026-09-11 14:16:13.479] [gas-forecast-startup] [] [] [c.g.f.d.m.M.insert] [main] [DEBUG] - ==> Parameters: MSFC-PRESET-006(String), 2026-02-12(String), 27.832421027420303(BigDecimal)
[2026-09-11 14:16:13.479] [gas-forecast-startup] [] [] [c.g.f.d.m.M.insert] [main] [DEBUG] - <==    Updates: 1
[2026-09-11 14:16:13.479] [gas-forecast-startup] [] [] [c.g.f.d.m.M.insert] [main] [DEBUG] - ==>  Preparing: INSERT INTO model_forecast_result_tb ( forecast_batch_no, forecast_date, forecast_value ) VALUES ( ?, ?, ? )
[2026-09-11 14:16:13.480] [gas-forecast-startup] [] [] [c.g.f.d.m.M.insert] [main] [DEBUG] - ==> Parameters: MSFC-PRESET-006(String), 2026-02-13(String), 27.86580286358817(BigDecimal)
[2026-09-11 14:16:13.480] [gas-forecast-startup] [] [] [c.g.f.d.m.M.insert] [main] [DEBUG] - <==    Updates: 1
[2026-09-11 14:16:13.480] [gas-forecast-startup] [] [] [c.g.f.d.m.M.insert] [main] [DEBUG] - ==>  Preparing: INSERT INTO model_forecast_result_tb ( forecast_batch_no, forecast_date, forecast_value ) VALUES ( ?, ?, ? )
[2026-09-11 14:16:13.480] [gas-forecast-startup] [] [] [c.g.f.d.m.M.insert] [main] [DEBUG] - ==> Parameters: MSFC-PRESET-006(String), 2026-02-14(String), 27.916171310605044(BigDecimal)
[2026-09-11 14:16:13.480] [gas-forecast-startup] [] [] [c.g.f.d.m.M.insert] [main] [DEBUG] - <==    Updates: 1
[2026-09-11 14:16:13.480] [gas-forecast-startup] [] [] [c.g.f.d.m.M.insert] [main] [DEBUG] - ==>  Preparing: INSERT INTO model_forecast_result_tb ( forecast_batch_no, forecast_date, forecast_value ) VALUES ( ?, ?, ? )
[2026-09-11 14:16:13.480] [gas-forecast-startup] [] [] [c.g.f.d.m.M.insert] [main] [DEBUG] - ==> Parameters: MSFC-PRESET-006(String), 2026-02-15(String), 28.01023628108855(BigDecimal)
[2026-09-11 14:16:13.480] [gas-forecast-startup] [] [] [c.g.f.d.m.M.insert] [main] [DEBUG] - <==    Updates: 1
[2026-09-11 14:16:13.480] [gas-forecast-startup] [] [] [c.g.f.d.m.M.insert] [main] [DEBUG] - ==>  Preparing: INSERT INTO model_forecast_result_tb ( forecast_batch_no, forecast_date, forecast_value ) VALUES ( ?, ?, ? )
[2026-09-11 14:16:13.480] [gas-forecast-startup] [] [] [c.g.f.d.m.M.insert] [main] [DEBUG] - ==> Parameters: MSFC-PRESET-006(String), 2026-02-16(String), 28.08973161105984(BigDecimal)
[2026-09-11 14:16:13.480] [gas-forecast-startup] [] [] [c.g.f.d.m.M.insert] [main] [DEBUG] - <==    Updates: 1
[2026-09-11 14:16:13.480] [gas-forecast-startup] [] [] [c.g.f.d.m.M.insert] [main] [DEBUG] - ==>  Preparing: INSERT INTO model_forecast_result_tb ( forecast_batch_no, forecast_date, forecast_value ) VALUES ( ?, ?, ? )
[2026-09-11 14:16:13.480] [gas-forecast-startup] [] [] [c.g.f.d.m.M.insert] [main] [DEBUG] - ==> Parameters: MSFC-PRESET-006(String), 2026-02-17(String), 28.00736525693337(BigDecimal)
[2026-09-11 14:16:13.481] [gas-forecast-startup] [] [] [c.g.f.d.m.M.insert] [main] [DEBUG] - <==    Updates: 1
[2026-09-11 14:16:13.481] [gas-forecast-startup] [] [] [c.g.f.d.m.M.insert] [main] [DEBUG] - ==>  Preparing: INSERT INTO model_forecast_result_tb ( forecast_batch_no, forecast_date, forecast_value ) VALUES ( ?, ?, ? )
[2026-09-11 14:16:13.481] [gas-forecast-startup] [] [] [c.g.f.d.m.M.insert] [main] [DEBUG] - ==> Parameters: MSFC-PRESET-006(String), 2026-02-18(String), 28.13471072421448(BigDecimal)
[2026-09-11 14:16:13.481] [gas-forecast-startup] [] [] [c.g.f.d.m.M.insert] [main] [DEBUG] - <==    Updates: 1
[2026-09-11 14:16:13.481] [gas-forecast-startup] [] [] [c.g.f.d.m.M.insert] [main] [DEBUG] - ==>  Preparing: INSERT INTO model_forecast_result_tb ( forecast_batch_no, forecast_date, forecast_value ) VALUES ( ?, ?, ? )
[2026-09-11 14:16:13.481] [gas-forecast-startup] [] [] [c.g.f.d.m.M.insert] [main] [DEBUG] - ==> Parameters: MSFC-PRESET-006(String), 2026-02-19(String), 28.14928974278829(BigDecimal)
[2026-09-11 14:16:13.481] [gas-forecast-startup] [] [] [c.g.f.d.m.M.insert] [main] [DEBUG] - <==    Updates: 1
[2026-09-11 14:16:13.482] [gas-forecast-startup] [] [] [c.g.f.d.m.B.selectList] [main] [DEBUG] - ==>  Preparing: SELECT id,region_code,region_name,region_type,parent_id,sort_no,enabled,remark,created_by,created_at,updated_by,updated_at,update_by_name,created_by_name FROM base_region_tb WHERE (region_name = ? AND region_type = ?) limit 1
[2026-09-11 14:16:13.482] [gas-forecast-startup] [] [] [c.g.f.d.m.B.selectList] [main] [DEBUG] - ==> Parameters: 河北(String), PROVINCE(String)
[2026-09-11 14:16:13.483] [gas-forecast-startup] [] [] [c.g.f.d.m.B.selectList] [main] [DEBUG] - <==      Total: 1
[2026-09-11 14:16:13.483] [gas-forecast-startup] [] [] [c.g.f.d.m.B.selectList] [main] [DEBUG] - ==>  Preparing: SELECT id,industry_code,industry_name,parent_id,industry_level,sort_no,created_at,updated_at,created_by,created_by_name,updated_by,updated_by_name FROM base_industry_tb WHERE (industry_name = ?) limit 1
[2026-09-11 14:16:13.483] [gas-forecast-startup] [] [] [c.g.f.d.m.B.selectList] [main] [DEBUG] - ==> Parameters: CNG(String)
[2026-09-11 14:16:13.483] [gas-forecast-startup] [] [] [c.g.f.d.m.B.selectList] [main] [DEBUG] - <==      Total: 0
[2026-09-11 14:16:13.483] [gas-forecast-startup] [] [] [c.g.f.d.m.M.delete] [main] [DEBUG] - ==>  Preparing: DELETE FROM model_forecast_result_tb WHERE (forecast_batch_no = ?)
[2026-09-11 14:16:13.483] [gas-forecast-startup] [] [] [c.g.f.d.m.M.delete] [main] [DEBUG] - ==> Parameters: MSFC-PRESET-007(String)
[2026-09-11 14:16:13.484] [gas-forecast-startup] [] [] [c.g.f.d.m.M.delete] [main] [DEBUG] - <==    Updates: 50
[2026-09-11 14:16:13.484] [gas-forecast-startup] [] [] [c.g.f.d.m.M.delete] [main] [DEBUG] - ==>  Preparing: DELETE FROM model_forecast_batch_tb WHERE (batch_no = ?)
[2026-09-11 14:16:13.484] [gas-forecast-startup] [] [] [c.g.f.d.m.M.delete] [main] [DEBUG] - ==> Parameters: MSFC-PRESET-007(String)
[2026-09-11 14:16:13.484] [gas-forecast-startup] [] [] [c.g.f.d.m.M.delete] [main] [DEBUG] - <==    Updates: 1
[2026-09-11 14:16:13.484] [gas-forecast-startup] [] [] [c.g.f.d.m.M.insert] [main] [DEBUG] - ==>  Preparing: INSERT INTO model_forecast_batch_tb ( batch_no, train_batch_no, agent_code, region_code, region_name, customer_code, customer_name, industry_code, industry_name, forecast_horizon, forecast_start_date, forecast_end_date, status, request_json, created_by, created_by_name ) VALUES ( ?, ?, ?, ?, ?, ?, ?, ?, ?, ?, ?, ?, ?, ?, ?, ? )
[2026-09-11 14:16:13.484] [gas-forecast-startup] [] [] [c.g.f.d.m.M.insert] [main] [DEBUG] - ==> Parameters: MSFC-PRESET-007(String), XQTRAIN-monthly-sales-河北(String), monthly-sales(String), 3f040f4b-9c2a-53a9-a518-b605292612f0(String), 河北(String), ALL(String), 全部客户(String), CNG(String), CNG(String), 50(Integer), 20260526(Integer), 2026-07-14(String), SUCCESS(String), {"agent_id":"monthly-sales","source":"preset","model_name":"xgboost_log_mape","industry":"CNG","customer":"全部客户","metrics":{"mape":64.17,"mae":2.12,"rmse":2.88,"r2":-0.36}}(String), system(String), 系统(String)
[2026-09-11 14:16:13.484] [gas-forecast-startup] [] [] [c.g.f.d.m.M.insert] [main] [DEBUG] - <==    Updates: 1
[2026-09-11 14:16:13.484] [gas-forecast-startup] [] [] [c.g.f.d.m.M.delete] [main] [DEBUG] - ==>  Preparing: DELETE FROM model_forecast_result_tb WHERE (forecast_batch_no = ?)
[2026-09-11 14:16:13.484] [gas-forecast-startup] [] [] [c.g.f.d.m.M.delete] [main] [DEBUG] - ==> Parameters: MSFC-PRESET-007(String)
[2026-09-11 14:16:13.485] [gas-forecast-startup] [] [] [c.g.f.d.m.M.delete] [main] [DEBUG] - <==    Updates: 0
[2026-09-11 14:16:13.485] [gas-forecast-startup] [] [] [c.g.f.d.m.M.insert] [main] [DEBUG] - ==>  Preparing: INSERT INTO model_forecast_result_tb ( forecast_batch_no, forecast_date, forecast_value ) VALUES ( ?, ?, ? )
[2026-09-11 14:16:13.485] [gas-forecast-startup] [] [] [c.g.f.d.m.M.insert] [main] [DEBUG] - ==> Parameters: MSFC-PRESET-007(String), 2026-05-26(String), 0.0(BigDecimal)
[2026-09-11 14:16:13.485] [gas-forecast-startup] [] [] [c.g.f.d.m.M.insert] [main] [DEBUG] - <==    Updates: 1
[2026-09-11 14:16:13.485] [gas-forecast-startup] [] [] [c.g.f.d.m.M.insert] [main] [DEBUG] - ==>  Preparing: INSERT INTO model_forecast_result_tb ( forecast_batch_no, forecast_date, forecast_value ) VALUES ( ?, ?, ? )
[2026-09-11 14:16:13.486] [gas-forecast-startup] [] [] [c.g.f.d.m.M.insert] [main] [DEBUG] - ==> Parameters: MSFC-PRESET-007(String), 2026-05-27(String), 0.0(BigDecimal)
[2026-09-11 14:16:13.486] [gas-forecast-startup] [] [] [c.g.f.d.m.M.insert] [main] [DEBUG] - <==    Updates: 1
[2026-09-11 14:16:13.486] [gas-forecast-startup] [] [] [c.g.f.d.m.M.insert] [main] [DEBUG] - ==>  Preparing: INSERT INTO model_forecast_result_tb ( forecast_batch_no, forecast_date, forecast_value ) VALUES ( ?, ?, ? )
[2026-09-11 14:16:13.486] [gas-forecast-startup] [] [] [c.g.f.d.m.M.insert] [main] [DEBUG] - ==> Parameters: MSFC-PRESET-007(String), 2026-05-28(String), 0.0(BigDecimal)
[2026-09-11 14:16:13.487] [gas-forecast-startup] [] [] [c.g.f.d.m.M.insert] [main] [DEBUG] - <==    Updates: 1
[2026-09-11 14:16:13.487] [gas-forecast-startup] [] [] [c.g.f.d.m.M.insert] [main] [DEBUG] - ==>  Preparing: INSERT INTO model_forecast_result_tb ( forecast_batch_no, forecast_date, forecast_value ) VALUES ( ?, ?, ? )
[2026-09-11 14:16:13.487] [gas-forecast-startup] [] [] [c.g.f.d.m.M.insert] [main] [DEBUG] - ==> Parameters: MSFC-PRESET-007(String), 2026-05-29(String), 0.0(BigDecimal)
[2026-09-11 14:16:13.487] [gas-forecast-startup] [] [] [c.g.f.d.m.M.insert] [main] [DEBUG] - <==    Updates: 1
[2026-09-11 14:16:13.487] [gas-forecast-startup] [] [] [c.g.f.d.m.M.insert] [main] [DEBUG] - ==>  Preparing: INSERT INTO model_forecast_result_tb ( forecast_batch_no, forecast_date, forecast_value ) VALUES ( ?, ?, ? )
[2026-09-11 14:16:13.487] [gas-forecast-startup] [] [] [c.g.f.d.m.M.insert] [main] [DEBUG] - ==> Parameters: MSFC-PRESET-007(String), 2026-05-30(String), 0.0(BigDecimal)
[2026-09-11 14:16:13.487] [gas-forecast-startup] [] [] [c.g.f.d.m.M.insert] [main] [DEBUG] - <==    Updates: 1
[2026-09-11 14:16:13.487] [gas-forecast-startup] [] [] [c.g.f.d.m.M.insert] [main] [DEBUG] - ==>  Preparing: INSERT INTO model_forecast_result_tb ( forecast_batch_no, forecast_date, forecast_value ) VALUES ( ?, ?, ? )
[2026-09-11 14:16:13.487] [gas-forecast-startup] [] [] [c.g.f.d.m.M.insert] [main] [DEBUG] - ==> Parameters: MSFC-PRESET-007(String), 2026-05-31(String), 0.0(BigDecimal)
[2026-09-11 14:16:13.487] [gas-forecast-startup] [] [] [c.g.f.d.m.M.insert] [main] [DEBUG] - <==    Updates: 1
[2026-09-11 14:16:13.487] [gas-forecast-startup] [] [] [c.g.f.d.m.M.insert] [main] [DEBUG] - ==>  Preparing: INSERT INTO model_forecast_result_tb ( forecast_batch_no, forecast_date, forecast_value ) VALUES ( ?, ?, ? )
[2026-09-11 14:16:13.487] [gas-forecast-startup] [] [] [c.g.f.d.m.M.insert] [main] [DEBUG] - ==> Parameters: MSFC-PRESET-007(String), 2026-06-01(String), 0.0901271057659549(BigDecimal)
[2026-09-11 14:16:13.488] [gas-forecast-startup] [] [] [c.g.f.d.m.M.insert] [main] [DEBUG] - <==    Updates: 1
[2026-09-11 14:16:13.488] [gas-forecast-startup] [] [] [c.g.f.d.m.M.insert] [main] [DEBUG] - ==>  Preparing: INSERT INTO model_forecast_result_tb ( forecast_batch_no, forecast_date, forecast_value ) VALUES ( ?, ?, ? )
[2026-09-11 14:16:13.488] [gas-forecast-startup] [] [] [c.g.f.d.m.M.insert] [main] [DEBUG] - ==> Parameters: MSFC-PRESET-007(String), 2026-06-02(String), 0.5901846049823423(BigDecimal)
[2026-09-11 14:16:13.488] [gas-forecast-startup] [] [] [c.g.f.d.m.M.insert] [main] [DEBUG] - <==    Updates: 1
[2026-09-11 14:16:13.488] [gas-forecast-startup] [] [] [c.g.f.d.m.M.insert] [main] [DEBUG] - ==>  Preparing: INSERT INTO model_forecast_result_tb ( forecast_batch_no, forecast_date, forecast_value ) VALUES ( ?, ?, ? )
[2026-09-11 14:16:13.488] [gas-forecast-startup] [] [] [c.g.f.d.m.M.insert] [main] [DEBUG] - ==> Parameters: MSFC-PRESET-007(String), 2026-06-03(String), 1.3758473607410016(BigDecimal)
[2026-09-11 14:16:13.488] [gas-forecast-startup] [] [] [c.g.f.d.m.M.insert] [main] [DEBUG] - <==    Updates: 1
[2026-09-11 14:16:13.488] [gas-forecast-startup] [] [] [c.g.f.d.m.M.insert] [main] [DEBUG] - ==>  Preparing: INSERT INTO model_forecast_result_tb ( forecast_batch_no, forecast_date, forecast_value ) VALUES ( ?, ?, ? )
[2026-09-11 14:16:13.488] [gas-forecast-startup] [] [] [c.g.f.d.m.M.insert] [main] [DEBUG] - ==> Parameters: MSFC-PRESET-007(String), 2026-06-04(String), 1.3182704318412657(BigDecimal)
[2026-09-11 14:16:13.488] [gas-forecast-startup] [] [] [c.g.f.d.m.M.insert] [main] [DEBUG] - <==    Updates: 1
[2026-09-11 14:16:13.488] [gas-forecast-startup] [] [] [c.g.f.d.m.M.insert] [main] [DEBUG] - ==>  Preparing: INSERT INTO model_forecast_result_tb ( forecast_batch_no, forecast_date, forecast_value ) VALUES ( ?, ?, ? )
[2026-09-11 14:16:13.488] [gas-forecast-startup] [] [] [c.g.f.d.m.M.insert] [main] [DEBUG] - ==> Parameters: MSFC-PRESET-007(String), 2026-06-05(String), 1.4859661341152968(BigDecimal)
[2026-09-11 14:16:13.489] [gas-forecast-startup] [] [] [c.g.f.d.m.M.insert] [main] [DEBUG] - <==    Updates: 1
[2026-09-11 14:16:13.489] [gas-forecast-startup] [] [] [c.g.f.d.m.M.insert] [main] [DEBUG] - ==>  Preparing: INSERT INTO model_forecast_result_tb ( forecast_batch_no, forecast_date, forecast_value ) VALUES ( ?, ?, ? )
[2026-09-11 14:16:13.489] [gas-forecast-startup] [] [] [c.g.f.d.m.M.insert] [main] [DEBUG] - ==> Parameters: MSFC-PRESET-007(String), 2026-06-06(String), 2.0301192045024754(BigDecimal)
[2026-09-11 14:16:13.489] [gas-forecast-startup] [] [] [c.g.f.d.m.M.insert] [main] [DEBUG] - <==    Updates: 1
[2026-09-11 14:16:13.489] [gas-forecast-startup] [] [] [c.g.f.d.m.M.insert] [main] [DEBUG] - ==>  Preparing: INSERT INTO model_forecast_result_tb ( forecast_batch_no, forecast_date, forecast_value ) VALUES ( ?, ?, ? )
[2026-09-11 14:16:13.489] [gas-forecast-startup] [] [] [c.g.f.d.m.M.insert] [main] [DEBUG] - ==> Parameters: MSFC-PRESET-007(String), 2026-06-07(String), 1.856041794166528(BigDecimal)
[2026-09-11 14:16:13.489] [gas-forecast-startup] [] [] [c.g.f.d.m.M.insert] [main] [DEBUG] - <==    Updates: 1
[2026-09-11 14:16:13.489] [gas-forecast-startup] [] [] [c.g.f.d.m.M.insert] [main] [DEBUG] - ==>  Preparing: INSERT INTO model_forecast_result_tb ( forecast_batch_no, forecast_date, forecast_value ) VALUES ( ?, ?, ? )
[2026-09-11 14:16:13.489] [gas-forecast-startup] [] [] [c.g.f.d.m.M.insert] [main] [DEBUG] - ==> Parameters: MSFC-PRESET-007(String), 2026-06-08(String), 2.0979447783628613(BigDecimal)
[2026-09-11 14:16:13.489] [gas-forecast-startup] [] [] [c.g.f.d.m.M.insert] [main] [DEBUG] - <==    Updates: 1
[2026-09-11 14:16:13.489] [gas-forecast-startup] [] [] [c.g.f.d.m.M.insert] [main] [DEBUG] - ==>  Preparing: INSERT INTO model_forecast_result_tb ( forecast_batch_no, forecast_date, forecast_value ) VALUES ( ?, ?, ? )
[2026-09-11 14:16:13.489] [gas-forecast-startup] [] [] [c.g.f.d.m.M.insert] [main] [DEBUG] - ==> Parameters: MSFC-PRESET-007(String), 2026-06-09(String), 2.056361921606626(BigDecimal)
[2026-09-11 14:16:13.490] [gas-forecast-startup] [] [] [c.g.f.d.m.M.insert] [main] [DEBUG] - <==    Updates: 1
[2026-09-11 14:16:13.490] [gas-forecast-startup] [] [] [c.g.f.d.m.M.insert] [main] [DEBUG] - ==>  Preparing: INSERT INTO model_forecast_result_tb ( forecast_batch_no, forecast_date, forecast_value ) VALUES ( ?, ?, ? )
[2026-09-11 14:16:13.490] [gas-forecast-startup] [] [] [c.g.f.d.m.M.insert] [main] [DEBUG] - ==> Parameters: MSFC-PRESET-007(String), 2026-06-10(String), 2.785939127573224(BigDecimal)
[2026-09-11 14:16:13.490] [gas-forecast-startup] [] [] [c.g.f.d.m.M.insert] [main] [DEBUG] - <==    Updates: 1
[2026-09-11 14:16:13.490] [gas-forecast-startup] [] [] [c.g.f.d.m.M.insert] [main] [DEBUG] - ==>  Preparing: INSERT INTO model_forecast_result_tb ( forecast_batch_no, forecast_date, forecast_value ) VALUES ( ?, ?, ? )
[2026-09-11 14:16:13.490] [gas-forecast-startup] [] [] [c.g.f.d.m.M.insert] [main] [DEBUG] - ==> Parameters: MSFC-PRESET-007(String), 2026-06-11(String), 2.1809741963092764(BigDecimal)
[2026-09-11 14:16:13.490] [gas-forecast-startup] [] [] [c.g.f.d.m.M.insert] [main] [DEBUG] - <==    Updates: 1
[2026-09-11 14:16:13.490] [gas-forecast-startup] [] [] [c.g.f.d.m.M.insert] [main] [DEBUG] - ==>  Preparing: INSERT INTO model_forecast_result_tb ( forecast_batch_no, forecast_date, forecast_value ) VALUES ( ?, ?, ? )
[2026-09-11 14:16:13.490] [gas-forecast-startup] [] [] [c.g.f.d.m.M.insert] [main] [DEBUG] - ==> Parameters: MSFC-PRESET-007(String), 2026-06-12(String), 2.039230813144863(BigDecimal)
[2026-09-11 14:16:13.490] [gas-forecast-startup] [] [] [c.g.f.d.m.M.insert] [main] [DEBUG] - <==    Updates: 1
[2026-09-11 14:16:13.490] [gas-forecast-startup] [] [] [c.g.f.d.m.M.insert] [main] [DEBUG] - ==>  Preparing: INSERT INTO model_forecast_result_tb ( forecast_batch_no, forecast_date, forecast_value ) VALUES ( ?, ?, ? )
[2026-09-11 14:16:13.490] [gas-forecast-startup] [] [] [c.g.f.d.m.M.insert] [main] [DEBUG] - ==> Parameters: MSFC-PRESET-007(String), 2026-06-13(String), 1.982490766462752(BigDecimal)
[2026-09-11 14:16:13.490] [gas-forecast-startup] [] [] [c.g.f.d.m.M.insert] [main] [DEBUG] - <==    Updates: 1
[2026-09-11 14:16:13.491] [gas-forecast-startup] [] [] [c.g.f.d.m.M.insert] [main] [DEBUG] - ==>  Preparing: INSERT INTO model_forecast_result_tb ( forecast_batch_no, forecast_date, forecast_value ) VALUES ( ?, ?, ? )
[2026-09-11 14:16:13.491] [gas-forecast-startup] [] [] [c.g.f.d.m.M.insert] [main] [DEBUG] - ==> Parameters: MSFC-PRESET-007(String), 2026-06-14(String), 1.9018821774613848(BigDecimal)
[2026-09-11 14:16:13.491] [gas-forecast-startup] [] [] [c.g.f.d.m.M.insert] [main] [DEBUG] - <==    Updates: 1
[2026-09-11 14:16:13.491] [gas-forecast-startup] [] [] [c.g.f.d.m.M.insert] [main] [DEBUG] - ==>  Preparing: INSERT INTO model_forecast_result_tb ( forecast_batch_no, forecast_date, forecast_value ) VALUES ( ?, ?, ? )
[2026-09-11 14:16:13.491] [gas-forecast-startup] [] [] [c.g.f.d.m.M.insert] [main] [DEBUG] - ==> Parameters: MSFC-PRESET-007(String), 2026-06-15(String), 1.8194504034087435(BigDecimal)
[2026-09-11 14:16:13.491] [gas-forecast-startup] [] [] [c.g.f.d.m.M.insert] [main] [DEBUG] - <==    Updates: 1
[2026-09-11 14:16:13.491] [gas-forecast-startup] [] [] [c.g.f.d.m.M.insert] [main] [DEBUG] - ==>  Preparing: INSERT INTO model_forecast_result_tb ( forecast_batch_no, forecast_date, forecast_value ) VALUES ( ?, ?, ? )
[2026-09-11 14:16:13.491] [gas-forecast-startup] [] [] [c.g.f.d.m.M.insert] [main] [DEBUG] - ==> Parameters: MSFC-PRESET-007(String), 2026-06-16(String), 1.2664465217979406(BigDecimal)
[2026-09-11 14:16:13.491] [gas-forecast-startup] [] [] [c.g.f.d.m.M.insert] [main] [DEBUG] - <==    Updates: 1
[2026-09-11 14:16:13.491] [gas-forecast-startup] [] [] [c.g.f.d.m.M.insert] [main] [DEBUG] - ==>  Preparing: INSERT INTO model_forecast_result_tb ( forecast_batch_no, forecast_date, forecast_value ) VALUES ( ?, ?, ? )
[2026-09-11 14:16:13.491] [gas-forecast-startup] [] [] [c.g.f.d.m.M.insert] [main] [DEBUG] - ==> Parameters: MSFC-PRESET-007(String), 2026-06-17(String), 2.053222206733968(BigDecimal)
[2026-09-11 14:16:13.491] [gas-forecast-startup] [] [] [c.g.f.d.m.M.insert] [main] [DEBUG] - <==    Updates: 1
[2026-09-11 14:16:13.492] [gas-forecast-startup] [] [] [c.g.f.d.m.M.insert] [main] [DEBUG] - ==>  Preparing: INSERT INTO model_forecast_result_tb ( forecast_batch_no, forecast_date, forecast_value ) VALUES ( ?, ?, ? )
[2026-09-11 14:16:13.492] [gas-forecast-startup] [] [] [c.g.f.d.m.M.insert] [main] [DEBUG] - ==> Parameters: MSFC-PRESET-007(String), 2026-06-18(String), 1.5182872982553604(BigDecimal)
[2026-09-11 14:16:13.492] [gas-forecast-startup] [] [] [c.g.f.d.m.M.insert] [main] [DEBUG] - <==    Updates: 1
[2026-09-11 14:16:13.492] [gas-forecast-startup] [] [] [c.g.f.d.m.M.insert] [main] [DEBUG] - ==>  Preparing: INSERT INTO model_forecast_result_tb ( forecast_batch_no, forecast_date, forecast_value ) VALUES ( ?, ?, ? )
[2026-09-11 14:16:13.492] [gas-forecast-startup] [] [] [c.g.f.d.m.M.insert] [main] [DEBUG] - ==> Parameters: MSFC-PRESET-007(String), 2026-06-19(String), 0.8816823182938848(BigDecimal)
[2026-09-11 14:16:13.492] [gas-forecast-startup] [] [] [c.g.f.d.m.M.insert] [main] [DEBUG] - <==    Updates: 1
[2026-09-11 14:16:13.492] [gas-forecast-startup] [] [] [c.g.f.d.m.M.insert] [main] [DEBUG] - ==>  Preparing: INSERT INTO model_forecast_result_tb ( forecast_batch_no, forecast_date, forecast_value ) VALUES ( ?, ?, ? )
[2026-09-11 14:16:13.492] [gas-forecast-startup] [] [] [c.g.f.d.m.M.insert] [main] [DEBUG] - ==> Parameters: MSFC-PRESET-007(String), 2026-06-20(String), 0.4272508807771252(BigDecimal)
[2026-09-11 14:16:13.492] [gas-forecast-startup] [] [] [c.g.f.d.m.M.insert] [main] [DEBUG] - <==    Updates: 1
[2026-09-11 14:16:13.492] [gas-forecast-startup] [] [] [c.g.f.d.m.M.insert] [main] [DEBUG] - ==>  Preparing: INSERT INTO model_forecast_result_tb ( forecast_batch_no, forecast_date, forecast_value ) VALUES ( ?, ?, ? )
[2026-09-11 14:16:13.492] [gas-forecast-startup] [] [] [c.g.f.d.m.M.insert] [main] [DEBUG] - ==> Parameters: MSFC-PRESET-007(String), 2026-06-21(String), 0.0(BigDecimal)
[2026-09-11 14:16:13.492] [gas-forecast-startup] [] [] [c.g.f.d.m.M.insert] [main] [DEBUG] - <==    Updates: 1
[2026-09-11 14:16:13.492] [gas-forecast-startup] [] [] [c.g.f.d.m.M.insert] [main] [DEBUG] - ==>  Preparing: INSERT INTO model_forecast_result_tb ( forecast_batch_no, forecast_date, forecast_value ) VALUES ( ?, ?, ? )
[2026-09-11 14:16:13.492] [gas-forecast-startup] [] [] [c.g.f.d.m.M.insert] [main] [DEBUG] - ==> Parameters: MSFC-PRESET-007(String), 2026-06-22(String), 1.407139990327023(BigDecimal)
[2026-09-11 14:16:13.493] [gas-forecast-startup] [] [] [c.g.f.d.m.M.insert] [main] [DEBUG] - <==    Updates: 1
[2026-09-11 14:16:13.493] [gas-forecast-startup] [] [] [c.g.f.d.m.M.insert] [main] [DEBUG] - ==>  Preparing: INSERT INTO model_forecast_result_tb ( forecast_batch_no, forecast_date, forecast_value ) VALUES ( ?, ?, ? )
[2026-09-11 14:16:13.493] [gas-forecast-startup] [] [] [c.g.f.d.m.M.insert] [main] [DEBUG] - ==> Parameters: MSFC-PRESET-007(String), 2026-06-23(String), 1.0079157650135588(BigDecimal)
[2026-09-11 14:16:13.493] [gas-forecast-startup] [] [] [c.g.f.d.m.M.insert] [main] [DEBUG] - <==    Updates: 1
[2026-09-11 14:16:13.493] [gas-forecast-startup] [] [] [c.g.f.d.m.M.insert] [main] [DEBUG] - ==>  Preparing: INSERT INTO model_forecast_result_tb ( forecast_batch_no, forecast_date, forecast_value ) VALUES ( ?, ?, ? )
[2026-09-11 14:16:13.493] [gas-forecast-startup] [] [] [c.g.f.d.m.M.insert] [main] [DEBUG] - ==> Parameters: MSFC-PRESET-007(String), 2026-06-24(String), 1.3811386636640022(BigDecimal)
[2026-09-11 14:16:13.493] [gas-forecast-startup] [] [] [c.g.f.d.m.M.insert] [main] [DEBUG] - <==    Updates: 1
[2026-09-11 14:16:13.493] [gas-forecast-startup] [] [] [c.g.f.d.m.M.insert] [main] [DEBUG] - ==>  Preparing: INSERT INTO model_forecast_result_tb ( forecast_batch_no, forecast_date, forecast_value ) VALUES ( ?, ?, ? )
[2026-09-11 14:16:13.493] [gas-forecast-startup] [] [] [c.g.f.d.m.M.insert] [main] [DEBUG] - ==> Parameters: MSFC-PRESET-007(String), 2026-06-25(String), 0.6171902939779659(BigDecimal)
[2026-09-11 14:16:13.493] [gas-forecast-startup] [] [] [c.g.f.d.m.M.insert] [main] [DEBUG] - <==    Updates: 1
[2026-09-11 14:16:13.493] [gas-forecast-startup] [] [] [c.g.f.d.m.M.insert] [main] [DEBUG] - ==>  Preparing: INSERT INTO model_forecast_result_tb ( forecast_batch_no, forecast_date, forecast_value ) VALUES ( ?, ?, ? )
[2026-09-11 14:16:13.493] [gas-forecast-startup] [] [] [c.g.f.d.m.M.insert] [main] [DEBUG] - ==> Parameters: MSFC-PRESET-007(String), 2026-06-26(String), 0.0205607868559133(BigDecimal)
[2026-09-11 14:16:13.494] [gas-forecast-startup] [] [] [c.g.f.d.m.M.insert] [main] [DEBUG] - <==    Updates: 1
[2026-09-11 14:16:13.494] [gas-forecast-startup] [] [] [c.g.f.d.m.M.insert] [main] [DEBUG] - ==>  Preparing: INSERT INTO model_forecast_result_tb ( forecast_batch_no, forecast_date, forecast_value ) VALUES ( ?, ?, ? )
[2026-09-11 14:16:13.494] [gas-forecast-startup] [] [] [c.g.f.d.m.M.insert] [main] [DEBUG] - ==> Parameters: MSFC-PRESET-007(String), 2026-06-27(String), 0.4518021681469705(BigDecimal)
[2026-09-11 14:16:13.494] [gas-forecast-startup] [] [] [c.g.f.d.m.M.insert] [main] [DEBUG] - <==    Updates: 1
[2026-09-11 14:16:13.494] [gas-forecast-startup] [] [] [c.g.f.d.m.M.insert] [main] [DEBUG] - ==>  Preparing: INSERT INTO model_forecast_result_tb ( forecast_batch_no, forecast_date, forecast_value ) VALUES ( ?, ?, ? )
[2026-09-11 14:16:13.494] [gas-forecast-startup] [] [] [c.g.f.d.m.M.insert] [main] [DEBUG] - ==> Parameters: MSFC-PRESET-007(String), 2026-06-28(String), 0.2263046156200853(BigDecimal)
[2026-09-11 14:16:13.494] [gas-forecast-startup] [] [] [c.g.f.d.m.M.insert] [main] [DEBUG] - <==    Updates: 1
[2026-09-11 14:16:13.494] [gas-forecast-startup] [] [] [c.g.f.d.m.M.insert] [main] [DEBUG] - ==>  Preparing: INSERT INTO model_forecast_result_tb ( forecast_batch_no, forecast_date, forecast_value ) VALUES ( ?, ?, ? )
[2026-09-11 14:16:13.495] [gas-forecast-startup] [] [] [c.g.f.d.m.M.insert] [main] [DEBUG] - ==> Parameters: MSFC-PRESET-007(String), 2026-06-29(String), 0.0(BigDecimal)
[2026-09-11 14:16:13.495] [gas-forecast-startup] [] [] [c.g.f.d.m.M.insert] [main] [DEBUG] - <==    Updates: 1
[2026-09-11 14:16:13.495] [gas-forecast-startup] [] [] [c.g.f.d.m.M.insert] [main] [DEBUG] - ==>  Preparing: INSERT INTO model_forecast_result_tb ( forecast_batch_no, forecast_date, forecast_value ) VALUES ( ?, ?, ? )
[2026-09-11 14:16:13.495] [gas-forecast-startup] [] [] [c.g.f.d.m.M.insert] [main] [DEBUG] - ==> Parameters: MSFC-PRESET-007(String), 2026-06-30(String), 0.0(BigDecimal)
[2026-09-11 14:16:13.495] [gas-forecast-startup] [] [] [c.g.f.d.m.M.insert] [main] [DEBUG] - <==    Updates: 1
[2026-09-11 14:16:13.495] [gas-forecast-startup] [] [] [c.g.f.d.m.M.insert] [main] [DEBUG] - ==>  Preparing: INSERT INTO model_forecast_result_tb ( forecast_batch_no, forecast_date, forecast_value ) VALUES ( ?, ?, ? )
[2026-09-11 14:16:13.495] [gas-forecast-startup] [] [] [c.g.f.d.m.M.insert] [main] [DEBUG] - ==> Parameters: MSFC-PRESET-007(String), 2026-07-01(String), 0.1324020634526011(BigDecimal)
[2026-09-11 14:16:13.495] [gas-forecast-startup] [] [] [c.g.f.d.m.M.insert] [main] [DEBUG] - <==    Updates: 1
[2026-09-11 14:16:13.495] [gas-forecast-startup] [] [] [c.g.f.d.m.M.insert] [main] [DEBUG] - ==>  Preparing: INSERT INTO model_forecast_result_tb ( forecast_batch_no, forecast_date, forecast_value ) VALUES ( ?, ?, ? )
[2026-09-11 14:16:13.495] [gas-forecast-startup] [] [] [c.g.f.d.m.M.insert] [main] [DEBUG] - ==> Parameters: MSFC-PRESET-007(String), 2026-07-02(String), 0.0(BigDecimal)
[2026-09-11 14:16:13.495] [gas-forecast-startup] [] [] [c.g.f.d.m.M.insert] [main] [DEBUG] - <==    Updates: 1
[2026-09-11 14:16:13.495] [gas-forecast-startup] [] [] [c.g.f.d.m.M.insert] [main] [DEBUG] - ==>  Preparing: INSERT INTO model_forecast_result_tb ( forecast_batch_no, forecast_date, forecast_value ) VALUES ( ?, ?, ? )
[2026-09-11 14:16:13.495] [gas-forecast-startup] [] [] [c.g.f.d.m.M.insert] [main] [DEBUG] - ==> Parameters: MSFC-PRESET-007(String), 2026-07-03(String), 0.0(BigDecimal)
[2026-09-11 14:16:13.496] [gas-forecast-startup] [] [] [c.g.f.d.m.M.insert] [main] [DEBUG] - <==    Updates: 1
[2026-09-11 14:16:13.496] [gas-forecast-startup] [] [] [c.g.f.d.m.M.insert] [main] [DEBUG] - ==>  Preparing: INSERT INTO model_forecast_result_tb ( forecast_batch_no, forecast_date, forecast_value ) VALUES ( ?, ?, ? )
[2026-09-11 14:16:13.496] [gas-forecast-startup] [] [] [c.g.f.d.m.M.insert] [main] [DEBUG] - ==> Parameters: MSFC-PRESET-007(String), 2026-07-04(String), 0.0(BigDecimal)
[2026-09-11 14:16:13.496] [gas-forecast-startup] [] [] [c.g.f.d.m.M.insert] [main] [DEBUG] - <==    Updates: 1
[2026-09-11 14:16:13.496] [gas-forecast-startup] [] [] [c.g.f.d.m.M.insert] [main] [DEBUG] - ==>  Preparing: INSERT INTO model_forecast_result_tb ( forecast_batch_no, forecast_date, forecast_value ) VALUES ( ?, ?, ? )
[2026-09-11 14:16:13.496] [gas-forecast-startup] [] [] [c.g.f.d.m.M.insert] [main] [DEBUG] - ==> Parameters: MSFC-PRESET-007(String), 2026-07-05(String), 0.0(BigDecimal)
[2026-09-11 14:16:13.496] [gas-forecast-startup] [] [] [c.g.f.d.m.M.insert] [main] [DEBUG] - <==    Updates: 1
[2026-09-11 14:16:13.496] [gas-forecast-startup] [] [] [c.g.f.d.m.M.insert] [main] [DEBUG] - ==>  Preparing: INSERT INTO model_forecast_result_tb ( forecast_batch_no, forecast_date, forecast_value ) VALUES ( ?, ?, ? )
[2026-09-11 14:16:13.496] [gas-forecast-startup] [] [] [c.g.f.d.m.M.insert] [main] [DEBUG] - ==> Parameters: MSFC-PRESET-007(String), 2026-07-06(String), 0.0(BigDecimal)
[2026-09-11 14:16:13.496] [gas-forecast-startup] [] [] [c.g.f.d.m.M.insert] [main] [DEBUG] - <==    Updates: 1
[2026-09-11 14:16:13.496] [gas-forecast-startup] [] [] [c.g.f.d.m.M.insert] [main] [DEBUG] - ==>  Preparing: INSERT INTO model_forecast_result_tb ( forecast_batch_no, forecast_date, forecast_value ) VALUES ( ?, ?, ? )
[2026-09-11 14:16:13.496] [gas-forecast-startup] [] [] [c.g.f.d.m.M.insert] [main] [DEBUG] - ==> Parameters: MSFC-PRESET-007(String), 2026-07-07(String), 0.0(BigDecimal)
[2026-09-11 14:16:13.497] [gas-forecast-startup] [] [] [c.g.f.d.m.M.insert] [main] [DEBUG] - <==    Updates: 1
[2026-09-11 14:16:13.497] [gas-forecast-startup] [] [] [c.g.f.d.m.M.insert] [main] [DEBUG] - ==>  Preparing: INSERT INTO model_forecast_result_tb ( forecast_batch_no, forecast_date, forecast_value ) VALUES ( ?, ?, ? )
[2026-09-11 14:16:13.497] [gas-forecast-startup] [] [] [c.g.f.d.m.M.insert] [main] [DEBUG] - ==> Parameters: MSFC-PRESET-007(String), 2026-07-08(String), 0.0(BigDecimal)
[2026-09-11 14:16:13.497] [gas-forecast-startup] [] [] [c.g.f.d.m.M.insert] [main] [DEBUG] - <==    Updates: 1
[2026-09-11 14:16:13.497] [gas-forecast-startup] [] [] [c.g.f.d.m.M.insert] [main] [DEBUG] - ==>  Preparing: INSERT INTO model_forecast_result_tb ( forecast_batch_no, forecast_date, forecast_value ) VALUES ( ?, ?, ? )
[2026-09-11 14:16:13.497] [gas-forecast-startup] [] [] [c.g.f.d.m.M.insert] [main] [DEBUG] - ==> Parameters: MSFC-PRESET-007(String), 2026-07-09(String), 0.0748127539039498(BigDecimal)
[2026-09-11 14:16:13.497] [gas-forecast-startup] [] [] [c.g.f.d.m.M.insert] [main] [DEBUG] - <==    Updates: 1
[2026-09-11 14:16:13.497] [gas-forecast-startup] [] [] [c.g.f.d.m.M.insert] [main] [DEBUG] - ==>  Preparing: INSERT INTO model_forecast_result_tb ( forecast_batch_no, forecast_date, forecast_value ) VALUES ( ?, ?, ? )
[2026-09-11 14:16:13.498] [gas-forecast-startup] [] [] [c.g.f.d.m.M.insert] [main] [DEBUG] - ==> Parameters: MSFC-PRESET-007(String), 2026-07-10(String), 0.0(BigDecimal)
[2026-09-11 14:16:13.498] [gas-forecast-startup] [] [] [c.g.f.d.m.M.insert] [main] [DEBUG] - <==    Updates: 1
[2026-09-11 14:16:13.498] [gas-forecast-startup] [] [] [c.g.f.d.m.M.insert] [main] [DEBUG] - ==>  Preparing: INSERT INTO model_forecast_result_tb ( forecast_batch_no, forecast_date, forecast_value ) VALUES ( ?, ?, ? )
[2026-09-11 14:16:13.498] [gas-forecast-startup] [] [] [c.g.f.d.m.M.insert] [main] [DEBUG] - ==> Parameters: MSFC-PRESET-007(String), 2026-07-11(String), 0.0(BigDecimal)
[2026-09-11 14:16:13.498] [gas-forecast-startup] [] [] [c.g.f.d.m.M.insert] [main] [DEBUG] - <==    Updates: 1
[2026-09-11 14:16:13.498] [gas-forecast-startup] [] [] [c.g.f.d.m.M.insert] [main] [DEBUG] - ==>  Preparing: INSERT INTO model_forecast_result_tb ( forecast_batch_no, forecast_date, forecast_value ) VALUES ( ?, ?, ? )
[2026-09-11 14:16:13.498] [gas-forecast-startup] [] [] [c.g.f.d.m.M.insert] [main] [DEBUG] - ==> Parameters: MSFC-PRESET-007(String), 2026-07-12(String), 0.0(BigDecimal)
[2026-09-11 14:16:13.498] [gas-forecast-startup] [] [] [c.g.f.d.m.M.insert] [main] [DEBUG] - <==    Updates: 1
[2026-09-11 14:16:13.498] [gas-forecast-startup] [] [] [c.g.f.d.m.M.insert] [main] [DEBUG] - ==>  Preparing: INSERT INTO model_forecast_result_tb ( forecast_batch_no, forecast_date, forecast_value ) VALUES ( ?, ?, ? )
[2026-09-11 14:16:13.498] [gas-forecast-startup] [] [] [c.g.f.d.m.M.insert] [main] [DEBUG] - ==> Parameters: MSFC-PRESET-007(String), 2026-07-13(String), 0.0(BigDecimal)
[2026-09-11 14:16:13.499] [gas-forecast-startup] [] [] [c.g.f.d.m.M.insert] [main] [DEBUG] - <==    Updates: 1
[2026-09-11 14:16:13.499] [gas-forecast-startup] [] [] [c.g.f.d.m.M.insert] [main] [DEBUG] - ==>  Preparing: INSERT INTO model_forecast_result_tb ( forecast_batch_no, forecast_date, forecast_value ) VALUES ( ?, ?, ? )
[2026-09-11 14:16:13.499] [gas-forecast-startup] [] [] [c.g.f.d.m.M.insert] [main] [DEBUG] - ==> Parameters: MSFC-PRESET-007(String), 2026-07-14(String), 0.0(BigDecimal)
[2026-09-11 14:16:13.499] [gas-forecast-startup] [] [] [c.g.f.d.m.M.insert] [main] [DEBUG] - <==    Updates: 1
[2026-09-11 14:16:13.500] [gas-forecast-startup] [] [] [c.g.f.d.m.B.selectList] [main] [DEBUG] - ==>  Preparing: SELECT id,region_code,region_name,region_type,parent_id,sort_no,enabled,remark,created_by,created_at,updated_by,updated_at,update_by_name,created_by_name FROM base_region_tb WHERE (region_name = ? AND region_type = ?) limit 1
[2026-09-11 14:16:13.500] [gas-forecast-startup] [] [] [c.g.f.d.m.B.selectList] [main] [DEBUG] - ==> Parameters: 河北(String), PROVINCE(String)
[2026-09-11 14:16:13.500] [gas-forecast-startup] [] [] [c.g.f.d.m.B.selectList] [main] [DEBUG] - <==      Total: 1
[2026-09-11 14:16:13.500] [gas-forecast-startup] [] [] [c.g.f.d.m.B.selectList] [main] [DEBUG] - ==>  Preparing: SELECT id,industry_code,industry_name,parent_id,industry_level,sort_no,created_at,updated_at,created_by,created_by_name,updated_by,updated_by_name FROM base_industry_tb WHERE (industry_name = ?) limit 1
[2026-09-11 14:16:13.500] [gas-forecast-startup] [] [] [c.g.f.d.m.B.selectList] [main] [DEBUG] - ==> Parameters: LNG(String)
[2026-09-11 14:16:13.501] [gas-forecast-startup] [] [] [c.g.f.d.m.B.selectList] [main] [DEBUG] - <==      Total: 0
[2026-09-11 14:16:13.501] [gas-forecast-startup] [] [] [c.g.f.d.m.M.delete] [main] [DEBUG] - ==>  Preparing: DELETE FROM model_forecast_result_tb WHERE (forecast_batch_no = ?)
[2026-09-11 14:16:13.501] [gas-forecast-startup] [] [] [c.g.f.d.m.M.delete] [main] [DEBUG] - ==> Parameters: MSFC-PRESET-008(String)
[2026-09-11 14:16:13.501] [gas-forecast-startup] [] [] [c.g.f.d.m.M.delete] [main] [DEBUG] - <==    Updates: 50
[2026-09-11 14:16:13.501] [gas-forecast-startup] [] [] [c.g.f.d.m.M.delete] [main] [DEBUG] - ==>  Preparing: DELETE FROM model_forecast_batch_tb WHERE (batch_no = ?)
[2026-09-11 14:16:13.501] [gas-forecast-startup] [] [] [c.g.f.d.m.M.delete] [main] [DEBUG] - ==> Parameters: MSFC-PRESET-008(String)
[2026-09-11 14:16:13.501] [gas-forecast-startup] [] [] [c.g.f.d.m.M.delete] [main] [DEBUG] - <==    Updates: 1
[2026-09-11 14:16:13.502] [gas-forecast-startup] [] [] [c.g.f.d.m.M.insert] [main] [DEBUG] - ==>  Preparing: INSERT INTO model_forecast_batch_tb ( batch_no, train_batch_no, agent_code, region_code, region_name, customer_code, customer_name, industry_code, industry_name, forecast_horizon, forecast_start_date, forecast_end_date, status, request_json, created_by, created_by_name ) VALUES ( ?, ?, ?, ?, ?, ?, ?, ?, ?, ?, ?, ?, ?, ?, ?, ? )
[2026-09-11 14:16:13.502] [gas-forecast-startup] [] [] [c.g.f.d.m.M.insert] [main] [DEBUG] - ==> Parameters: MSFC-PRESET-008(String), XQTRAIN-monthly-sales-河北(String), monthly-sales(String), 3f040f4b-9c2a-53a9-a518-b605292612f0(String), 河北(String), ALL(String), 全部客户(String), LNG(String), LNG(String), 50(Integer), 20260526(Integer), 2026-07-14(String), SUCCESS(String), {"agent_id":"monthly-sales","source":"preset","model_name":"LightGBM","industry":"LNG","customer":"全部客户","metrics":{"mape":20.05,"mae":39.01,"rmse":88.93,"r2":0.6}}(String), system(String), 系统(String)
[2026-09-11 14:16:13.502] [gas-forecast-startup] [] [] [c.g.f.d.m.M.insert] [main] [DEBUG] - <==    Updates: 1
[2026-09-11 14:16:13.502] [gas-forecast-startup] [] [] [c.g.f.d.m.M.delete] [main] [DEBUG] - ==>  Preparing: DELETE FROM model_forecast_result_tb WHERE (forecast_batch_no = ?)
[2026-09-11 14:16:13.502] [gas-forecast-startup] [] [] [c.g.f.d.m.M.delete] [main] [DEBUG] - ==> Parameters: MSFC-PRESET-008(String)
[2026-09-11 14:16:13.502] [gas-forecast-startup] [] [] [c.g.f.d.m.M.delete] [main] [DEBUG] - <==    Updates: 0
[2026-09-11 14:16:13.502] [gas-forecast-startup] [] [] [c.g.f.d.m.M.insert] [main] [DEBUG] - ==>  Preparing: INSERT INTO model_forecast_result_tb ( forecast_batch_no, forecast_date, forecast_value ) VALUES ( ?, ?, ? )
[2026-09-11 14:16:13.502] [gas-forecast-startup] [] [] [c.g.f.d.m.M.insert] [main] [DEBUG] - ==> Parameters: MSFC-PRESET-008(String), 2026-05-26(String), 129.0889(BigDecimal)
[2026-09-11 14:16:13.502] [gas-forecast-startup] [] [] [c.g.f.d.m.M.insert] [main] [DEBUG] - <==    Updates: 1
[2026-09-11 14:16:13.502] [gas-forecast-startup] [] [] [c.g.f.d.m.M.insert] [main] [DEBUG] - ==>  Preparing: INSERT INTO model_forecast_result_tb ( forecast_batch_no, forecast_date, forecast_value ) VALUES ( ?, ?, ? )
[2026-09-11 14:16:13.503] [gas-forecast-startup] [] [] [c.g.f.d.m.M.insert] [main] [DEBUG] - ==> Parameters: MSFC-PRESET-008(String), 2026-05-27(String), 148.2652(BigDecimal)
[2026-09-11 14:16:13.503] [gas-forecast-startup] [] [] [c.g.f.d.m.M.insert] [main] [DEBUG] - <==    Updates: 1
[2026-09-11 14:16:13.503] [gas-forecast-startup] [] [] [c.g.f.d.m.M.insert] [main] [DEBUG] - ==>  Preparing: INSERT INTO model_forecast_result_tb ( forecast_batch_no, forecast_date, forecast_value ) VALUES ( ?, ?, ? )
[2026-09-11 14:16:13.503] [gas-forecast-startup] [] [] [c.g.f.d.m.M.insert] [main] [DEBUG] - ==> Parameters: MSFC-PRESET-008(String), 2026-05-28(String), 156.1316(BigDecimal)
[2026-09-11 14:16:13.503] [gas-forecast-startup] [] [] [c.g.f.d.m.M.insert] [main] [DEBUG] - <==    Updates: 1
[2026-09-11 14:16:13.503] [gas-forecast-startup] [] [] [c.g.f.d.m.M.insert] [main] [DEBUG] - ==>  Preparing: INSERT INTO model_forecast_result_tb ( forecast_batch_no, forecast_date, forecast_value ) VALUES ( ?, ?, ? )
[2026-09-11 14:16:13.503] [gas-forecast-startup] [] [] [c.g.f.d.m.M.insert] [main] [DEBUG] - ==> Parameters: MSFC-PRESET-008(String), 2026-05-29(String), 166.9334(BigDecimal)
[2026-09-11 14:16:13.504] [gas-forecast-startup] [] [] [c.g.f.d.m.M.insert] [main] [DEBUG] - <==    Updates: 1
[2026-09-11 14:16:13.504] [gas-forecast-startup] [] [] [c.g.f.d.m.M.insert] [main] [DEBUG] - ==>  Preparing: INSERT INTO model_forecast_result_tb ( forecast_batch_no, forecast_date, forecast_value ) VALUES ( ?, ?, ? )
[2026-09-11 14:16:13.504] [gas-forecast-startup] [] [] [c.g.f.d.m.M.insert] [main] [DEBUG] - ==> Parameters: MSFC-PRESET-008(String), 2026-05-30(String), 171.5888(BigDecimal)
[2026-09-11 14:16:13.504] [gas-forecast-startup] [] [] [c.g.f.d.m.M.insert] [main] [DEBUG] - <==    Updates: 1
[2026-09-11 14:16:13.504] [gas-forecast-startup] [] [] [c.g.f.d.m.M.insert] [main] [DEBUG] - ==>  Preparing: INSERT INTO model_forecast_result_tb ( forecast_batch_no, forecast_date, forecast_value ) VALUES ( ?, ?, ? )
[2026-09-11 14:16:13.504] [gas-forecast-startup] [] [] [c.g.f.d.m.M.insert] [main] [DEBUG] - ==> Parameters: MSFC-PRESET-008(String), 2026-05-31(String), 180.956(BigDecimal)
[2026-09-11 14:16:13.505] [gas-forecast-startup] [] [] [c.g.f.d.m.M.insert] [main] [DEBUG] - <==    Updates: 1
[2026-09-11 14:16:13.505] [gas-forecast-startup] [] [] [c.g.f.d.m.M.insert] [main] [DEBUG] - ==>  Preparing: INSERT INTO model_forecast_result_tb ( forecast_batch_no, forecast_date, forecast_value ) VALUES ( ?, ?, ? )
[2026-09-11 14:16:13.505] [gas-forecast-startup] [] [] [c.g.f.d.m.M.insert] [main] [DEBUG] - ==> Parameters: MSFC-PRESET-008(String), 2026-06-01(String), 185.4756(BigDecimal)
[2026-09-11 14:16:13.505] [gas-forecast-startup] [] [] [c.g.f.d.m.M.insert] [main] [DEBUG] - <==    Updates: 1
[2026-09-11 14:16:13.505] [gas-forecast-startup] [] [] [c.g.f.d.m.M.insert] [main] [DEBUG] - ==>  Preparing: INSERT INTO model_forecast_result_tb ( forecast_batch_no, forecast_date, forecast_value ) VALUES ( ?, ?, ? )
[2026-09-11 14:16:13.505] [gas-forecast-startup] [] [] [c.g.f.d.m.M.insert] [main] [DEBUG] - ==> Parameters: MSFC-PRESET-008(String), 2026-06-02(String), 184.6038(BigDecimal)
[2026-09-11 14:16:13.505] [gas-forecast-startup] [] [] [c.g.f.d.m.M.insert] [main] [DEBUG] - <==    Updates: 1
[2026-09-11 14:16:13.505] [gas-forecast-startup] [] [] [c.g.f.d.m.M.insert] [main] [DEBUG] - ==>  Preparing: INSERT INTO model_forecast_result_tb ( forecast_batch_no, forecast_date, forecast_value ) VALUES ( ?, ?, ? )
[2026-09-11 14:16:13.505] [gas-forecast-startup] [] [] [c.g.f.d.m.M.insert] [main] [DEBUG] - ==> Parameters: MSFC-PRESET-008(String), 2026-06-03(String), 180.7269(BigDecimal)
[2026-09-11 14:16:13.505] [gas-forecast-startup] [] [] [c.g.f.d.m.M.insert] [main] [DEBUG] - <==    Updates: 1
[2026-09-11 14:16:13.505] [gas-forecast-startup] [] [] [c.g.f.d.m.M.insert] [main] [DEBUG] - ==>  Preparing: INSERT INTO model_forecast_result_tb ( forecast_batch_no, forecast_date, forecast_value ) VALUES ( ?, ?, ? )
[2026-09-11 14:16:13.505] [gas-forecast-startup] [] [] [c.g.f.d.m.M.insert] [main] [DEBUG] - ==> Parameters: MSFC-PRESET-008(String), 2026-06-04(String), 182.1473(BigDecimal)
[2026-09-11 14:16:13.506] [gas-forecast-startup] [] [] [c.g.f.d.m.M.insert] [main] [DEBUG] - <==    Updates: 1
[2026-09-11 14:16:13.506] [gas-forecast-startup] [] [] [c.g.f.d.m.M.insert] [main] [DEBUG] - ==>  Preparing: INSERT INTO model_forecast_result_tb ( forecast_batch_no, forecast_date, forecast_value ) VALUES ( ?, ?, ? )
[2026-09-11 14:16:13.506] [gas-forecast-startup] [] [] [c.g.f.d.m.M.insert] [main] [DEBUG] - ==> Parameters: MSFC-PRESET-008(String), 2026-06-05(String), 155.8896(BigDecimal)
[2026-09-11 14:16:13.506] [gas-forecast-startup] [] [] [c.g.f.d.m.M.insert] [main] [DEBUG] - <==    Updates: 1
[2026-09-11 14:16:13.506] [gas-forecast-startup] [] [] [c.g.f.d.m.M.insert] [main] [DEBUG] - ==>  Preparing: INSERT INTO model_forecast_result_tb ( forecast_batch_no, forecast_date, forecast_value ) VALUES ( ?, ?, ? )
[2026-09-11 14:16:13.506] [gas-forecast-startup] [] [] [c.g.f.d.m.M.insert] [main] [DEBUG] - ==> Parameters: MSFC-PRESET-008(String), 2026-06-06(String), 135.8528(BigDecimal)
[2026-09-11 14:16:13.506] [gas-forecast-startup] [] [] [c.g.f.d.m.M.insert] [main] [DEBUG] - <==    Updates: 1
[2026-09-11 14:16:13.506] [gas-forecast-startup] [] [] [c.g.f.d.m.M.insert] [main] [DEBUG] - ==>  Preparing: INSERT INTO model_forecast_result_tb ( forecast_batch_no, forecast_date, forecast_value ) VALUES ( ?, ?, ? )
[2026-09-11 14:16:13.506] [gas-forecast-startup] [] [] [c.g.f.d.m.M.insert] [main] [DEBUG] - ==> Parameters: MSFC-PRESET-008(String), 2026-06-07(String), 140.0783(BigDecimal)
[2026-09-11 14:16:13.506] [gas-forecast-startup] [] [] [c.g.f.d.m.M.insert] [main] [DEBUG] - <==    Updates: 1
[2026-09-11 14:16:13.506] [gas-forecast-startup] [] [] [c.g.f.d.m.M.insert] [main] [DEBUG] - ==>  Preparing: INSERT INTO model_forecast_result_tb ( forecast_batch_no, forecast_date, forecast_value ) VALUES ( ?, ?, ? )
[2026-09-11 14:16:13.507] [gas-forecast-startup] [] [] [c.g.f.d.m.M.insert] [main] [DEBUG] - ==> Parameters: MSFC-PRESET-008(String), 2026-06-08(String), 137.6966(BigDecimal)
[2026-09-11 14:16:13.507] [gas-forecast-startup] [] [] [c.g.f.d.m.M.insert] [main] [DEBUG] - <==    Updates: 1
[2026-09-11 14:16:13.507] [gas-forecast-startup] [] [] [c.g.f.d.m.M.insert] [main] [DEBUG] - ==>  Preparing: INSERT INTO model_forecast_result_tb ( forecast_batch_no, forecast_date, forecast_value ) VALUES ( ?, ?, ? )
[2026-09-11 14:16:13.507] [gas-forecast-startup] [] [] [c.g.f.d.m.M.insert] [main] [DEBUG] - ==> Parameters: MSFC-PRESET-008(String), 2026-06-09(String), 137.3149(BigDecimal)
[2026-09-11 14:16:13.507] [gas-forecast-startup] [] [] [c.g.f.d.m.M.insert] [main] [DEBUG] - <==    Updates: 1
[2026-09-11 14:16:13.507] [gas-forecast-startup] [] [] [c.g.f.d.m.M.insert] [main] [DEBUG] - ==>  Preparing: INSERT INTO model_forecast_result_tb ( forecast_batch_no, forecast_date, forecast_value ) VALUES ( ?, ?, ? )
[2026-09-11 14:16:13.507] [gas-forecast-startup] [] [] [c.g.f.d.m.M.insert] [main] [DEBUG] - ==> Parameters: MSFC-PRESET-008(String), 2026-06-10(String), 141.1908(BigDecimal)
[2026-09-11 14:16:13.507] [gas-forecast-startup] [] [] [c.g.f.d.m.M.insert] [main] [DEBUG] - <==    Updates: 1
[2026-09-11 14:16:13.507] [gas-forecast-startup] [] [] [c.g.f.d.m.M.insert] [main] [DEBUG] - ==>  Preparing: INSERT INTO model_forecast_result_tb ( forecast_batch_no, forecast_date, forecast_value ) VALUES ( ?, ?, ? )
[2026-09-11 14:16:13.507] [gas-forecast-startup] [] [] [c.g.f.d.m.M.insert] [main] [DEBUG] - ==> Parameters: MSFC-PRESET-008(String), 2026-06-11(String), 144.0168(BigDecimal)
[2026-09-11 14:16:13.507] [gas-forecast-startup] [] [] [c.g.f.d.m.M.insert] [main] [DEBUG] - <==    Updates: 1
[2026-09-11 14:16:13.508] [gas-forecast-startup] [] [] [c.g.f.d.m.M.insert] [main] [DEBUG] - ==>  Preparing: INSERT INTO model_forecast_result_tb ( forecast_batch_no, forecast_date, forecast_value ) VALUES ( ?, ?, ? )
[2026-09-11 14:16:13.508] [gas-forecast-startup] [] [] [c.g.f.d.m.M.insert] [main] [DEBUG] - ==> Parameters: MSFC-PRESET-008(String), 2026-06-12(String), 147.0323(BigDecimal)
[2026-09-11 14:16:13.508] [gas-forecast-startup] [] [] [c.g.f.d.m.M.insert] [main] [DEBUG] - <==    Updates: 1
[2026-09-11 14:16:13.508] [gas-forecast-startup] [] [] [c.g.f.d.m.M.insert] [main] [DEBUG] - ==>  Preparing: INSERT INTO model_forecast_result_tb ( forecast_batch_no, forecast_date, forecast_value ) VALUES ( ?, ?, ? )
[2026-09-11 14:16:13.508] [gas-forecast-startup] [] [] [c.g.f.d.m.M.insert] [main] [DEBUG] - ==> Parameters: MSFC-PRESET-008(String), 2026-06-13(String), 139.4188(BigDecimal)
[2026-09-11 14:16:13.508] [gas-forecast-startup] [] [] [c.g.f.d.m.M.insert] [main] [DEBUG] - <==    Updates: 1
[2026-09-11 14:16:13.508] [gas-forecast-startup] [] [] [c.g.f.d.m.M.insert] [main] [DEBUG] - ==>  Preparing: INSERT INTO model_forecast_result_tb ( forecast_batch_no, forecast_date, forecast_value ) VALUES ( ?, ?, ? )
[2026-09-11 14:16:13.508] [gas-forecast-startup] [] [] [c.g.f.d.m.M.insert] [main] [DEBUG] - ==> Parameters: MSFC-PRESET-008(String), 2026-06-14(String), 137.6074(BigDecimal)
[2026-09-11 14:16:13.508] [gas-forecast-startup] [] [] [c.g.f.d.m.M.insert] [main] [DEBUG] - <==    Updates: 1
[2026-09-11 14:16:13.508] [gas-forecast-startup] [] [] [c.g.f.d.m.M.insert] [main] [DEBUG] - ==>  Preparing: INSERT INTO model_forecast_result_tb ( forecast_batch_no, forecast_date, forecast_value ) VALUES ( ?, ?, ? )
[2026-09-11 14:16:13.508] [gas-forecast-startup] [] [] [c.g.f.d.m.M.insert] [main] [DEBUG] - ==> Parameters: MSFC-PRESET-008(String), 2026-06-15(String), 139.9455(BigDecimal)
[2026-09-11 14:16:13.508] [gas-forecast-startup] [] [] [c.g.f.d.m.M.insert] [main] [DEBUG] - <==    Updates: 1
[2026-09-11 14:16:13.508] [gas-forecast-startup] [] [] [c.g.f.d.m.M.insert] [main] [DEBUG] - ==>  Preparing: INSERT INTO model_forecast_result_tb ( forecast_batch_no, forecast_date, forecast_value ) VALUES ( ?, ?, ? )
[2026-09-11 14:16:13.508] [gas-forecast-startup] [] [] [c.g.f.d.m.M.insert] [main] [DEBUG] - ==> Parameters: MSFC-PRESET-008(String), 2026-06-16(String), 129.123(BigDecimal)
[2026-09-11 14:16:13.509] [gas-forecast-startup] [] [] [c.g.f.d.m.M.insert] [main] [DEBUG] - <==    Updates: 1
[2026-09-11 14:16:13.509] [gas-forecast-startup] [] [] [c.g.f.d.m.M.insert] [main] [DEBUG] - ==>  Preparing: INSERT INTO model_forecast_result_tb ( forecast_batch_no, forecast_date, forecast_value ) VALUES ( ?, ?, ? )
[2026-09-11 14:16:13.509] [gas-forecast-startup] [] [] [c.g.f.d.m.M.insert] [main] [DEBUG] - ==> Parameters: MSFC-PRESET-008(String), 2026-06-17(String), 104.61(BigDecimal)
[2026-09-11 14:16:13.509] [gas-forecast-startup] [] [] [c.g.f.d.m.M.insert] [main] [DEBUG] - <==    Updates: 1
[2026-09-11 14:16:13.509] [gas-forecast-startup] [] [] [c.g.f.d.m.M.insert] [main] [DEBUG] - ==>  Preparing: INSERT INTO model_forecast_result_tb ( forecast_batch_no, forecast_date, forecast_value ) VALUES ( ?, ?, ? )
[2026-09-11 14:16:13.509] [gas-forecast-startup] [] [] [c.g.f.d.m.M.insert] [main] [DEBUG] - ==> Parameters: MSFC-PRESET-008(String), 2026-06-18(String), 116.4415(BigDecimal)
[2026-09-11 14:16:13.509] [gas-forecast-startup] [] [] [c.g.f.d.m.M.insert] [main] [DEBUG] - <==    Updates: 1
[2026-09-11 14:16:13.509] [gas-forecast-startup] [] [] [c.g.f.d.m.M.insert] [main] [DEBUG] - ==>  Preparing: INSERT INTO model_forecast_result_tb ( forecast_batch_no, forecast_date, forecast_value ) VALUES ( ?, ?, ? )
[2026-09-11 14:16:13.509] [gas-forecast-startup] [] [] [c.g.f.d.m.M.insert] [main] [DEBUG] - ==> Parameters: MSFC-PRESET-008(String), 2026-06-19(String), 131.3266(BigDecimal)
[2026-09-11 14:16:13.509] [gas-forecast-startup] [] [] [c.g.f.d.m.M.insert] [main] [DEBUG] - <==    Updates: 1
[2026-09-11 14:16:13.509] [gas-forecast-startup] [] [] [c.g.f.d.m.M.insert] [main] [DEBUG] - ==>  Preparing: INSERT INTO model_forecast_result_tb ( forecast_batch_no, forecast_date, forecast_value ) VALUES ( ?, ?, ? )
[2026-09-11 14:16:13.509] [gas-forecast-startup] [] [] [c.g.f.d.m.M.insert] [main] [DEBUG] - ==> Parameters: MSFC-PRESET-008(String), 2026-06-20(String), 139.8351(BigDecimal)
[2026-09-11 14:16:13.510] [gas-forecast-startup] [] [] [c.g.f.d.m.M.insert] [main] [DEBUG] - <==    Updates: 1
[2026-09-11 14:16:13.510] [gas-forecast-startup] [] [] [c.g.f.d.m.M.insert] [main] [DEBUG] - ==>  Preparing: INSERT INTO model_forecast_result_tb ( forecast_batch_no, forecast_date, forecast_value ) VALUES ( ?, ?, ? )
[2026-09-11 14:16:13.510] [gas-forecast-startup] [] [] [c.g.f.d.m.M.insert] [main] [DEBUG] - ==> Parameters: MSFC-PRESET-008(String), 2026-06-21(String), 151.2823(BigDecimal)
[2026-09-11 14:16:13.510] [gas-forecast-startup] [] [] [c.g.f.d.m.M.insert] [main] [DEBUG] - <==    Updates: 1
[2026-09-11 14:16:13.510] [gas-forecast-startup] [] [] [c.g.f.d.m.M.insert] [main] [DEBUG] - ==>  Preparing: INSERT INTO model_forecast_result_tb ( forecast_batch_no, forecast_date, forecast_value ) VALUES ( ?, ?, ? )
[2026-09-11 14:16:13.510] [gas-forecast-startup] [] [] [c.g.f.d.m.M.insert] [main] [DEBUG] - ==> Parameters: MSFC-PRESET-008(String), 2026-06-22(String), 156.7682(BigDecimal)
[2026-09-11 14:16:13.510] [gas-forecast-startup] [] [] [c.g.f.d.m.M.insert] [main] [DEBUG] - <==    Updates: 1
[2026-09-11 14:16:13.510] [gas-forecast-startup] [] [] [c.g.f.d.m.M.insert] [main] [DEBUG] - ==>  Preparing: INSERT INTO model_forecast_result_tb ( forecast_batch_no, forecast_date, forecast_value ) VALUES ( ?, ?, ? )
[2026-09-11 14:16:13.510] [gas-forecast-startup] [] [] [c.g.f.d.m.M.insert] [main] [DEBUG] - ==> Parameters: MSFC-PRESET-008(String), 2026-06-23(String), 162.6448(BigDecimal)
[2026-09-11 14:16:13.510] [gas-forecast-startup] [] [] [c.g.f.d.m.M.insert] [main] [DEBUG] - <==    Updates: 1
[2026-09-11 14:16:13.510] [gas-forecast-startup] [] [] [c.g.f.d.m.M.insert] [main] [DEBUG] - ==>  Preparing: INSERT INTO model_forecast_result_tb ( forecast_batch_no, forecast_date, forecast_value ) VALUES ( ?, ?, ? )
[2026-09-11 14:16:13.510] [gas-forecast-startup] [] [] [c.g.f.d.m.M.insert] [main] [DEBUG] - ==> Parameters: MSFC-PRESET-008(String), 2026-06-24(String), 176.2584(BigDecimal)
[2026-09-11 14:16:13.510] [gas-forecast-startup] [] [] [c.g.f.d.m.M.insert] [main] [DEBUG] - <==    Updates: 1
[2026-09-11 14:16:13.510] [gas-forecast-startup] [] [] [c.g.f.d.m.M.insert] [main] [DEBUG] - ==>  Preparing: INSERT INTO model_forecast_result_tb ( forecast_batch_no, forecast_date, forecast_value ) VALUES ( ?, ?, ? )
[2026-09-11 14:16:13.510] [gas-forecast-startup] [] [] [c.g.f.d.m.M.insert] [main] [DEBUG] - ==> Parameters: MSFC-PRESET-008(String), 2026-06-25(String), 186.6252(BigDecimal)
[2026-09-11 14:16:13.511] [gas-forecast-startup] [] [] [c.g.f.d.m.M.insert] [main] [DEBUG] - <==    Updates: 1
[2026-09-11 14:16:13.511] [gas-forecast-startup] [] [] [c.g.f.d.m.M.insert] [main] [DEBUG] - ==>  Preparing: INSERT INTO model_forecast_result_tb ( forecast_batch_no, forecast_date, forecast_value ) VALUES ( ?, ?, ? )
[2026-09-11 14:16:13.511] [gas-forecast-startup] [] [] [c.g.f.d.m.M.insert] [main] [DEBUG] - ==> Parameters: MSFC-PRESET-008(String), 2026-06-26(String), 196.4551(BigDecimal)
[2026-09-11 14:16:13.511] [gas-forecast-startup] [] [] [c.g.f.d.m.M.insert] [main] [DEBUG] - <==    Updates: 1
[2026-09-11 14:16:13.511] [gas-forecast-startup] [] [] [c.g.f.d.m.M.insert] [main] [DEBUG] - ==>  Preparing: INSERT INTO model_forecast_result_tb ( forecast_batch_no, forecast_date, forecast_value ) VALUES ( ?, ?, ? )
[2026-09-11 14:16:13.511] [gas-forecast-startup] [] [] [c.g.f.d.m.M.insert] [main] [DEBUG] - ==> Parameters: MSFC-PRESET-008(String), 2026-06-27(String), 196.5069(BigDecimal)
[2026-09-11 14:16:13.511] [gas-forecast-startup] [] [] [c.g.f.d.m.M.insert] [main] [DEBUG] - <==    Updates: 1
[2026-09-11 14:16:13.511] [gas-forecast-startup] [] [] [c.g.f.d.m.M.insert] [main] [DEBUG] - ==>  Preparing: INSERT INTO model_forecast_result_tb ( forecast_batch_no, forecast_date, forecast_value ) VALUES ( ?, ?, ? )
[2026-09-11 14:16:13.511] [gas-forecast-startup] [] [] [c.g.f.d.m.M.insert] [main] [DEBUG] - ==> Parameters: MSFC-PRESET-008(String), 2026-06-28(String), 195.1624(BigDecimal)
[2026-09-11 14:16:13.511] [gas-forecast-startup] [] [] [c.g.f.d.m.M.insert] [main] [DEBUG] - <==    Updates: 1
[2026-09-11 14:16:13.511] [gas-forecast-startup] [] [] [c.g.f.d.m.M.insert] [main] [DEBUG] - ==>  Preparing: INSERT INTO model_forecast_result_tb ( forecast_batch_no, forecast_date, forecast_value ) VALUES ( ?, ?, ? )
[2026-09-11 14:16:13.511] [gas-forecast-startup] [] [] [c.g.f.d.m.M.insert] [main] [DEBUG] - ==> Parameters: MSFC-PRESET-008(String), 2026-06-29(String), 197.6155(BigDecimal)
[2026-09-11 14:16:13.511] [gas-forecast-startup] [] [] [c.g.f.d.m.M.insert] [main] [DEBUG] - <==    Updates: 1
[2026-09-11 14:16:13.511] [gas-forecast-startup] [] [] [c.g.f.d.m.M.insert] [main] [DEBUG] - ==>  Preparing: INSERT INTO model_forecast_result_tb ( forecast_batch_no, forecast_date, forecast_value ) VALUES ( ?, ?, ? )
[2026-09-11 14:16:13.512] [gas-forecast-startup] [] [] [c.g.f.d.m.M.insert] [main] [DEBUG] - ==> Parameters: MSFC-PRESET-008(String), 2026-06-30(String), 201.8878(BigDecimal)
[2026-09-11 14:16:13.512] [gas-forecast-startup] [] [] [c.g.f.d.m.M.insert] [main] [DEBUG] - <==    Updates: 1
[2026-09-11 14:16:13.512] [gas-forecast-startup] [] [] [c.g.f.d.m.M.insert] [main] [DEBUG] - ==>  Preparing: INSERT INTO model_forecast_result_tb ( forecast_batch_no, forecast_date, forecast_value ) VALUES ( ?, ?, ? )
[2026-09-11 14:16:13.512] [gas-forecast-startup] [] [] [c.g.f.d.m.M.insert] [main] [DEBUG] - ==> Parameters: MSFC-PRESET-008(String), 2026-07-01(String), 205.8979(BigDecimal)
[2026-09-11 14:16:13.512] [gas-forecast-startup] [] [] [c.g.f.d.m.M.insert] [main] [DEBUG] - <==    Updates: 1
[2026-09-11 14:16:13.512] [gas-forecast-startup] [] [] [c.g.f.d.m.M.insert] [main] [DEBUG] - ==>  Preparing: INSERT INTO model_forecast_result_tb ( forecast_batch_no, forecast_date, forecast_value ) VALUES ( ?, ?, ? )
[2026-09-11 14:16:13.512] [gas-forecast-startup] [] [] [c.g.f.d.m.M.insert] [main] [DEBUG] - ==> Parameters: MSFC-PRESET-008(String), 2026-07-02(String), 200.9046(BigDecimal)
[2026-09-11 14:16:13.512] [gas-forecast-startup] [] [] [c.g.f.d.m.M.insert] [main] [DEBUG] - <==    Updates: 1
[2026-09-11 14:16:13.512] [gas-forecast-startup] [] [] [c.g.f.d.m.M.insert] [main] [DEBUG] - ==>  Preparing: INSERT INTO model_forecast_result_tb ( forecast_batch_no, forecast_date, forecast_value ) VALUES ( ?, ?, ? )
[2026-09-11 14:16:13.512] [gas-forecast-startup] [] [] [c.g.f.d.m.M.insert] [main] [DEBUG] - ==> Parameters: MSFC-PRESET-008(String), 2026-07-03(String), 196.6435(BigDecimal)
[2026-09-11 14:16:13.512] [gas-forecast-startup] [] [] [c.g.f.d.m.M.insert] [main] [DEBUG] - <==    Updates: 1
[2026-09-11 14:16:13.512] [gas-forecast-startup] [] [] [c.g.f.d.m.M.insert] [main] [DEBUG] - ==>  Preparing: INSERT INTO model_forecast_result_tb ( forecast_batch_no, forecast_date, forecast_value ) VALUES ( ?, ?, ? )
[2026-09-11 14:16:13.513] [gas-forecast-startup] [] [] [c.g.f.d.m.M.insert] [main] [DEBUG] - ==> Parameters: MSFC-PRESET-008(String), 2026-07-04(String), 198.0315(BigDecimal)
[2026-09-11 14:16:13.513] [gas-forecast-startup] [] [] [c.g.f.d.m.M.insert] [main] [DEBUG] - <==    Updates: 1
[2026-09-11 14:16:13.513] [gas-forecast-startup] [] [] [c.g.f.d.m.M.insert] [main] [DEBUG] - ==>  Preparing: INSERT INTO model_forecast_result_tb ( forecast_batch_no, forecast_date, forecast_value ) VALUES ( ?, ?, ? )
[2026-09-11 14:16:13.513] [gas-forecast-startup] [] [] [c.g.f.d.m.M.insert] [main] [DEBUG] - ==> Parameters: MSFC-PRESET-008(String), 2026-07-05(String), 203.8291(BigDecimal)
[2026-09-11 14:16:13.513] [gas-forecast-startup] [] [] [c.g.f.d.m.M.insert] [main] [DEBUG] - <==    Updates: 1
[2026-09-11 14:16:13.513] [gas-forecast-startup] [] [] [c.g.f.d.m.M.insert] [main] [DEBUG] - ==>  Preparing: INSERT INTO model_forecast_result_tb ( forecast_batch_no, forecast_date, forecast_value ) VALUES ( ?, ?, ? )
[2026-09-11 14:16:13.513] [gas-forecast-startup] [] [] [c.g.f.d.m.M.insert] [main] [DEBUG] - ==> Parameters: MSFC-PRESET-008(String), 2026-07-06(String), 196.0588(BigDecimal)
[2026-09-11 14:16:13.513] [gas-forecast-startup] [] [] [c.g.f.d.m.M.insert] [main] [DEBUG] - <==    Updates: 1
[2026-09-11 14:16:13.513] [gas-forecast-startup] [] [] [c.g.f.d.m.M.insert] [main] [DEBUG] - ==>  Preparing: INSERT INTO model_forecast_result_tb ( forecast_batch_no, forecast_date, forecast_value ) VALUES ( ?, ?, ? )
[2026-09-11 14:16:13.513] [gas-forecast-startup] [] [] [c.g.f.d.m.M.insert] [main] [DEBUG] - ==> Parameters: MSFC-PRESET-008(String), 2026-07-07(String), 191.7373(BigDecimal)
[2026-09-11 14:16:13.513] [gas-forecast-startup] [] [] [c.g.f.d.m.M.insert] [main] [DEBUG] - <==    Updates: 1
[2026-09-11 14:16:13.513] [gas-forecast-startup] [] [] [c.g.f.d.m.M.insert] [main] [DEBUG] - ==>  Preparing: INSERT INTO model_forecast_result_tb ( forecast_batch_no, forecast_date, forecast_value ) VALUES ( ?, ?, ? )
[2026-09-11 14:16:13.513] [gas-forecast-startup] [] [] [c.g.f.d.m.M.insert] [main] [DEBUG] - ==> Parameters: MSFC-PRESET-008(String), 2026-07-08(String), 195.3723(BigDecimal)
[2026-09-11 14:16:13.514] [gas-forecast-startup] [] [] [c.g.f.d.m.M.insert] [main] [DEBUG] - <==    Updates: 1
[2026-09-11 14:16:13.514] [gas-forecast-startup] [] [] [c.g.f.d.m.M.insert] [main] [DEBUG] - ==>  Preparing: INSERT INTO model_forecast_result_tb ( forecast_batch_no, forecast_date, forecast_value ) VALUES ( ?, ?, ? )
[2026-09-11 14:16:13.514] [gas-forecast-startup] [] [] [c.g.f.d.m.M.insert] [main] [DEBUG] - ==> Parameters: MSFC-PRESET-008(String), 2026-07-09(String), 190.09(BigDecimal)
[2026-09-11 14:16:13.514] [gas-forecast-startup] [] [] [c.g.f.d.m.M.insert] [main] [DEBUG] - <==    Updates: 1
[2026-09-11 14:16:13.514] [gas-forecast-startup] [] [] [c.g.f.d.m.M.insert] [main] [DEBUG] - ==>  Preparing: INSERT INTO model_forecast_result_tb ( forecast_batch_no, forecast_date, forecast_value ) VALUES ( ?, ?, ? )
[2026-09-11 14:16:13.514] [gas-forecast-startup] [] [] [c.g.f.d.m.M.insert] [main] [DEBUG] - ==> Parameters: MSFC-PRESET-008(String), 2026-07-10(String), 180.8872(BigDecimal)
[2026-09-11 14:16:13.514] [gas-forecast-startup] [] [] [c.g.f.d.m.M.insert] [main] [DEBUG] - <==    Updates: 1
[2026-09-11 14:16:13.514] [gas-forecast-startup] [] [] [c.g.f.d.m.M.insert] [main] [DEBUG] - ==>  Preparing: INSERT INTO model_forecast_result_tb ( forecast_batch_no, forecast_date, forecast_value ) VALUES ( ?, ?, ? )
[2026-09-11 14:16:13.514] [gas-forecast-startup] [] [] [c.g.f.d.m.M.insert] [main] [DEBUG] - ==> Parameters: MSFC-PRESET-008(String), 2026-07-11(String), 180.6675(BigDecimal)
[2026-09-11 14:16:13.514] [gas-forecast-startup] [] [] [c.g.f.d.m.M.insert] [main] [DEBUG] - <==    Updates: 1
[2026-09-11 14:16:13.514] [gas-forecast-startup] [] [] [c.g.f.d.m.M.insert] [main] [DEBUG] - ==>  Preparing: INSERT INTO model_forecast_result_tb ( forecast_batch_no, forecast_date, forecast_value ) VALUES ( ?, ?, ? )
[2026-09-11 14:16:13.514] [gas-forecast-startup] [] [] [c.g.f.d.m.M.insert] [main] [DEBUG] - ==> Parameters: MSFC-PRESET-008(String), 2026-07-12(String), 184.1513(BigDecimal)
[2026-09-11 14:16:13.514] [gas-forecast-startup] [] [] [c.g.f.d.m.M.insert] [main] [DEBUG] - <==    Updates: 1
[2026-09-11 14:16:13.514] [gas-forecast-startup] [] [] [c.g.f.d.m.M.insert] [main] [DEBUG] - ==>  Preparing: INSERT INTO model_forecast_result_tb ( forecast_batch_no, forecast_date, forecast_value ) VALUES ( ?, ?, ? )
[2026-09-11 14:16:13.514] [gas-forecast-startup] [] [] [c.g.f.d.m.M.insert] [main] [DEBUG] - ==> Parameters: MSFC-PRESET-008(String), 2026-07-13(String), 187.6265(BigDecimal)
[2026-09-11 14:16:13.515] [gas-forecast-startup] [] [] [c.g.f.d.m.M.insert] [main] [DEBUG] - <==    Updates: 1
[2026-09-11 14:16:13.515] [gas-forecast-startup] [] [] [c.g.f.d.m.M.insert] [main] [DEBUG] - ==>  Preparing: INSERT INTO model_forecast_result_tb ( forecast_batch_no, forecast_date, forecast_value ) VALUES ( ?, ?, ? )
[2026-09-11 14:16:13.515] [gas-forecast-startup] [] [] [c.g.f.d.m.M.insert] [main] [DEBUG] - ==> Parameters: MSFC-PRESET-008(String), 2026-07-14(String), 188.9945(BigDecimal)
[2026-09-11 14:16:13.515] [gas-forecast-startup] [] [] [c.g.f.d.m.M.insert] [main] [DEBUG] - <==    Updates: 1
[2026-09-11 14:16:13.516] [gas-forecast-startup] [] [] [c.g.f.d.m.B.selectList] [main] [DEBUG] - ==>  Preparing: SELECT id,region_code,region_name,region_type,parent_id,sort_no,enabled,remark,created_by,created_at,updated_by,updated_at,update_by_name,created_by_name FROM base_region_tb WHERE (region_name = ? AND region_type = ?) limit 1
[2026-09-11 14:16:13.516] [gas-forecast-startup] [] [] [c.g.f.d.m.B.selectList] [main] [DEBUG] - ==> Parameters: 河北(String), PROVINCE(String)
[2026-09-11 14:16:13.516] [gas-forecast-startup] [] [] [c.g.f.d.m.B.selectList] [main] [DEBUG] - <==      Total: 1
[2026-09-11 14:16:13.516] [gas-forecast-startup] [] [] [c.g.f.d.m.B.selectList] [main] [DEBUG] - ==>  Preparing: SELECT id,industry_code,industry_name,parent_id,industry_level,sort_no,created_at,updated_at,created_by,created_by_name,updated_by,updated_by_name FROM base_industry_tb WHERE (industry_name = ?) limit 1
[2026-09-11 14:16:13.516] [gas-forecast-startup] [] [] [c.g.f.d.m.B.selectList] [main] [DEBUG] - ==> Parameters: 化工(String)
[2026-09-11 14:16:13.517] [gas-forecast-startup] [] [] [c.g.f.d.m.B.selectList] [main] [DEBUG] - <==      Total: 0
[2026-09-11 14:16:13.517] [gas-forecast-startup] [] [] [c.g.f.d.m.M.delete] [main] [DEBUG] - ==>  Preparing: DELETE FROM model_forecast_result_tb WHERE (forecast_batch_no = ?)
[2026-09-11 14:16:13.517] [gas-forecast-startup] [] [] [c.g.f.d.m.M.delete] [main] [DEBUG] - ==> Parameters: MSFC-PRESET-009(String)
[2026-09-11 14:16:13.517] [gas-forecast-startup] [] [] [c.g.f.d.m.M.delete] [main] [DEBUG] - <==    Updates: 50
[2026-09-11 14:16:13.517] [gas-forecast-startup] [] [] [c.g.f.d.m.M.delete] [main] [DEBUG] - ==>  Preparing: DELETE FROM model_forecast_batch_tb WHERE (batch_no = ?)
[2026-09-11 14:16:13.517] [gas-forecast-startup] [] [] [c.g.f.d.m.M.delete] [main] [DEBUG] - ==> Parameters: MSFC-PRESET-009(String)
[2026-09-11 14:16:13.518] [gas-forecast-startup] [] [] [c.g.f.d.m.M.delete] [main] [DEBUG] - <==    Updates: 1
[2026-09-11 14:16:13.518] [gas-forecast-startup] [] [] [c.g.f.d.m.M.insert] [main] [DEBUG] - ==>  Preparing: INSERT INTO model_forecast_batch_tb ( batch_no, train_batch_no, agent_code, region_code, region_name, customer_code, customer_name, industry_code, industry_name, forecast_horizon, forecast_start_date, forecast_end_date, status, request_json, created_by, created_by_name ) VALUES ( ?, ?, ?, ?, ?, ?, ?, ?, ?, ?, ?, ?, ?, ?, ?, ? )
[2026-09-11 14:16:13.518] [gas-forecast-startup] [] [] [c.g.f.d.m.M.insert] [main] [DEBUG] - ==> Parameters: MSFC-PRESET-009(String), XQTRAIN-monthly-sales-河北(String), monthly-sales(String), 3f040f4b-9c2a-53a9-a518-b605292612f0(String), 河北(String), ALL(String), 全部客户(String), 化工(String), 化工(String), 50(Integer), 20260526(Integer), 2026-07-14(String), SUCCESS(String), {"agent_id":"monthly-sales","source":"preset","model_name":"Ridge 回归","industry":"化工","customer":"全部客户","metrics":{"mape":8.57,"mae":7.74,"rmse":10.01,"r2":-0.16}}(String), system(String), 系统(String)
[2026-09-11 14:16:13.518] [gas-forecast-startup] [] [] [c.g.f.d.m.M.insert] [main] [DEBUG] - <==    Updates: 1
[2026-09-11 14:16:13.518] [gas-forecast-startup] [] [] [c.g.f.d.m.M.delete] [main] [DEBUG] - ==>  Preparing: DELETE FROM model_forecast_result_tb WHERE (forecast_batch_no = ?)
[2026-09-11 14:16:13.518] [gas-forecast-startup] [] [] [c.g.f.d.m.M.delete] [main] [DEBUG] - ==> Parameters: MSFC-PRESET-009(String)
[2026-09-11 14:16:13.518] [gas-forecast-startup] [] [] [c.g.f.d.m.M.delete] [main] [DEBUG] - <==    Updates: 0
[2026-09-11 14:16:13.518] [gas-forecast-startup] [] [] [c.g.f.d.m.M.insert] [main] [DEBUG] - ==>  Preparing: INSERT INTO model_forecast_result_tb ( forecast_batch_no, forecast_date, forecast_value ) VALUES ( ?, ?, ? )
[2026-09-11 14:16:13.518] [gas-forecast-startup] [] [] [c.g.f.d.m.M.insert] [main] [DEBUG] - ==> Parameters: MSFC-PRESET-009(String), 2026-05-26(String), 81.4146(BigDecimal)
[2026-09-11 14:16:13.518] [gas-forecast-startup] [] [] [c.g.f.d.m.M.insert] [main] [DEBUG] - <==    Updates: 1
[2026-09-11 14:16:13.519] [gas-forecast-startup] [] [] [c.g.f.d.m.M.insert] [main] [DEBUG] - ==>  Preparing: INSERT INTO model_forecast_result_tb ( forecast_batch_no, forecast_date, forecast_value ) VALUES ( ?, ?, ? )
[2026-09-11 14:16:13.519] [gas-forecast-startup] [] [] [c.g.f.d.m.M.insert] [main] [DEBUG] - ==> Parameters: MSFC-PRESET-009(String), 2026-05-27(String), 79.8118(BigDecimal)
[2026-09-11 14:16:13.519] [gas-forecast-startup] [] [] [c.g.f.d.m.M.insert] [main] [DEBUG] - <==    Updates: 1
[2026-09-11 14:16:13.519] [gas-forecast-startup] [] [] [c.g.f.d.m.M.insert] [main] [DEBUG] - ==>  Preparing: INSERT INTO model_forecast_result_tb ( forecast_batch_no, forecast_date, forecast_value ) VALUES ( ?, ?, ? )
[2026-09-11 14:16:13.519] [gas-forecast-startup] [] [] [c.g.f.d.m.M.insert] [main] [DEBUG] - ==> Parameters: MSFC-PRESET-009(String), 2026-05-28(String), 79.2566(BigDecimal)
[2026-09-11 14:16:13.519] [gas-forecast-startup] [] [] [c.g.f.d.m.M.insert] [main] [DEBUG] - <==    Updates: 1
[2026-09-11 14:16:13.519] [gas-forecast-startup] [] [] [c.g.f.d.m.M.insert] [main] [DEBUG] - ==>  Preparing: INSERT INTO model_forecast_result_tb ( forecast_batch_no, forecast_date, forecast_value ) VALUES ( ?, ?, ? )
[2026-09-11 14:16:13.519] [gas-forecast-startup] [] [] [c.g.f.d.m.M.insert] [main] [DEBUG] - ==> Parameters: MSFC-PRESET-009(String), 2026-05-29(String), 77.0157(BigDecimal)
[2026-09-11 14:16:13.519] [gas-forecast-startup] [] [] [c.g.f.d.m.M.insert] [main] [DEBUG] - <==    Updates: 1
[2026-09-11 14:16:13.519] [gas-forecast-startup] [] [] [c.g.f.d.m.M.insert] [main] [DEBUG] - ==>  Preparing: INSERT INTO model_forecast_result_tb ( forecast_batch_no, forecast_date, forecast_value ) VALUES ( ?, ?, ? )
[2026-09-11 14:16:13.519] [gas-forecast-startup] [] [] [c.g.f.d.m.M.insert] [main] [DEBUG] - ==> Parameters: MSFC-PRESET-009(String), 2026-05-30(String), 73.3658(BigDecimal)
[2026-09-11 14:16:13.519] [gas-forecast-startup] [] [] [c.g.f.d.m.M.insert] [main] [DEBUG] - <==    Updates: 1
[2026-09-11 14:16:13.519] [gas-forecast-startup] [] [] [c.g.f.d.m.M.insert] [main] [DEBUG] - ==>  Preparing: INSERT INTO model_forecast_result_tb ( forecast_batch_no, forecast_date, forecast_value ) VALUES ( ?, ?, ? )
[2026-09-11 14:16:13.520] [gas-forecast-startup] [] [] [c.g.f.d.m.M.insert] [main] [DEBUG] - ==> Parameters: MSFC-PRESET-009(String), 2026-05-31(String), 73.3062(BigDecimal)
[2026-09-11 14:16:13.520] [gas-forecast-startup] [] [] [c.g.f.d.m.M.insert] [main] [DEBUG] - <==    Updates: 1
[2026-09-11 14:16:13.520] [gas-forecast-startup] [] [] [c.g.f.d.m.M.insert] [main] [DEBUG] - ==>  Preparing: INSERT INTO model_forecast_result_tb ( forecast_batch_no, forecast_date, forecast_value ) VALUES ( ?, ?, ? )
[2026-09-11 14:16:13.520] [gas-forecast-startup] [] [] [c.g.f.d.m.M.insert] [main] [DEBUG] - ==> Parameters: MSFC-PRESET-009(String), 2026-06-01(String), 74.1126(BigDecimal)
[2026-09-11 14:16:13.520] [gas-forecast-startup] [] [] [c.g.f.d.m.M.insert] [main] [DEBUG] - <==    Updates: 1
[2026-09-11 14:16:13.520] [gas-forecast-startup] [] [] [c.g.f.d.m.M.insert] [main] [DEBUG] - ==>  Preparing: INSERT INTO model_forecast_result_tb ( forecast_batch_no, forecast_date, forecast_value ) VALUES ( ?, ?, ? )
[2026-09-11 14:16:13.520] [gas-forecast-startup] [] [] [c.g.f.d.m.M.insert] [main] [DEBUG] - ==> Parameters: MSFC-PRESET-009(String), 2026-06-02(String), 73.8432(BigDecimal)
[2026-09-11 14:16:13.520] [gas-forecast-startup] [] [] [c.g.f.d.m.M.insert] [main] [DEBUG] - <==    Updates: 1
[2026-09-11 14:16:13.520] [gas-forecast-startup] [] [] [c.g.f.d.m.M.insert] [main] [DEBUG] - ==>  Preparing: INSERT INTO model_forecast_result_tb ( forecast_batch_no, forecast_date, forecast_value ) VALUES ( ?, ?, ? )
[2026-09-11 14:16:13.520] [gas-forecast-startup] [] [] [c.g.f.d.m.M.insert] [main] [DEBUG] - ==> Parameters: MSFC-PRESET-009(String), 2026-06-03(String), 72.5704(BigDecimal)
[2026-09-11 14:16:13.520] [gas-forecast-startup] [] [] [c.g.f.d.m.M.insert] [main] [DEBUG] - <==    Updates: 1
[2026-09-11 14:16:13.520] [gas-forecast-startup] [] [] [c.g.f.d.m.M.insert] [main] [DEBUG] - ==>  Preparing: INSERT INTO model_forecast_result_tb ( forecast_batch_no, forecast_date, forecast_value ) VALUES ( ?, ?, ? )
[2026-09-11 14:16:13.520] [gas-forecast-startup] [] [] [c.g.f.d.m.M.insert] [main] [DEBUG] - ==> Parameters: MSFC-PRESET-009(String), 2026-06-04(String), 71.9132(BigDecimal)
[2026-09-11 14:16:13.521] [gas-forecast-startup] [] [] [c.g.f.d.m.M.insert] [main] [DEBUG] - <==    Updates: 1
[2026-09-11 14:16:13.521] [gas-forecast-startup] [] [] [c.g.f.d.m.M.insert] [main] [DEBUG] - ==>  Preparing: INSERT INTO model_forecast_result_tb ( forecast_batch_no, forecast_date, forecast_value ) VALUES ( ?, ?, ? )
[2026-09-11 14:16:13.521] [gas-forecast-startup] [] [] [c.g.f.d.m.M.insert] [main] [DEBUG] - ==> Parameters: MSFC-PRESET-009(String), 2026-06-05(String), 71.1374(BigDecimal)
[2026-09-11 14:16:13.521] [gas-forecast-startup] [] [] [c.g.f.d.m.M.insert] [main] [DEBUG] - <==    Updates: 1
[2026-09-11 14:16:13.521] [gas-forecast-startup] [] [] [c.g.f.d.m.M.insert] [main] [DEBUG] - ==>  Preparing: INSERT INTO model_forecast_result_tb ( forecast_batch_no, forecast_date, forecast_value ) VALUES ( ?, ?, ? )
[2026-09-11 14:16:13.521] [gas-forecast-startup] [] [] [c.g.f.d.m.M.insert] [main] [DEBUG] - ==> Parameters: MSFC-PRESET-009(String), 2026-06-06(String), 69.6844(BigDecimal)
[2026-09-11 14:16:13.521] [gas-forecast-startup] [] [] [c.g.f.d.m.M.insert] [main] [DEBUG] - <==    Updates: 1
[2026-09-11 14:16:13.521] [gas-forecast-startup] [] [] [c.g.f.d.m.M.insert] [main] [DEBUG] - ==>  Preparing: INSERT INTO model_forecast_result_tb ( forecast_batch_no, forecast_date, forecast_value ) VALUES ( ?, ?, ? )
[2026-09-11 14:16:13.521] [gas-forecast-startup] [] [] [c.g.f.d.m.M.insert] [main] [DEBUG] - ==> Parameters: MSFC-PRESET-009(String), 2026-06-07(String), 69.0175(BigDecimal)
[2026-09-11 14:16:13.521] [gas-forecast-startup] [] [] [c.g.f.d.m.M.insert] [main] [DEBUG] - <==    Updates: 1
[2026-09-11 14:16:13.521] [gas-forecast-startup] [] [] [c.g.f.d.m.M.insert] [main] [DEBUG] - ==>  Preparing: INSERT INTO model_forecast_result_tb ( forecast_batch_no, forecast_date, forecast_value ) VALUES ( ?, ?, ? )
[2026-09-11 14:16:13.521] [gas-forecast-startup] [] [] [c.g.f.d.m.M.insert] [main] [DEBUG] - ==> Parameters: MSFC-PRESET-009(String), 2026-06-08(String), 69.0037(BigDecimal)
[2026-09-11 14:16:13.522] [gas-forecast-startup] [] [] [c.g.f.d.m.M.insert] [main] [DEBUG] - <==    Updates: 1
[2026-09-11 14:16:13.522] [gas-forecast-startup] [] [] [c.g.f.d.m.M.insert] [main] [DEBUG] - ==>  Preparing: INSERT INTO model_forecast_result_tb ( forecast_batch_no, forecast_date, forecast_value ) VALUES ( ?, ?, ? )
[2026-09-11 14:16:13.522] [gas-forecast-startup] [] [] [c.g.f.d.m.M.insert] [main] [DEBUG] - ==> Parameters: MSFC-PRESET-009(String), 2026-06-09(String), 66.7009(BigDecimal)
[2026-09-11 14:16:13.522] [gas-forecast-startup] [] [] [c.g.f.d.m.M.insert] [main] [DEBUG] - <==    Updates: 1
[2026-09-11 14:16:13.522] [gas-forecast-startup] [] [] [c.g.f.d.m.M.insert] [main] [DEBUG] - ==>  Preparing: INSERT INTO model_forecast_result_tb ( forecast_batch_no, forecast_date, forecast_value ) VALUES ( ?, ?, ? )
[2026-09-11 14:16:13.522] [gas-forecast-startup] [] [] [c.g.f.d.m.M.insert] [main] [DEBUG] - ==> Parameters: MSFC-PRESET-009(String), 2026-06-10(String), 66.7932(BigDecimal)
[2026-09-11 14:16:13.522] [gas-forecast-startup] [] [] [c.g.f.d.m.M.insert] [main] [DEBUG] - <==    Updates: 1
[2026-09-11 14:16:13.522] [gas-forecast-startup] [] [] [c.g.f.d.m.M.insert] [main] [DEBUG] - ==>  Preparing: INSERT INTO model_forecast_result_tb ( forecast_batch_no, forecast_date, forecast_value ) VALUES ( ?, ?, ? )
[2026-09-11 14:16:13.522] [gas-forecast-startup] [] [] [c.g.f.d.m.M.insert] [main] [DEBUG] - ==> Parameters: MSFC-PRESET-009(String), 2026-06-11(String), 67.0097(BigDecimal)
[2026-09-11 14:16:13.522] [gas-forecast-startup] [] [] [c.g.f.d.m.M.insert] [main] [DEBUG] - <==    Updates: 1
[2026-09-11 14:16:13.522] [gas-forecast-startup] [] [] [c.g.f.d.m.M.insert] [main] [DEBUG] - ==>  Preparing: INSERT INTO model_forecast_result_tb ( forecast_batch_no, forecast_date, forecast_value ) VALUES ( ?, ?, ? )
[2026-09-11 14:16:13.522] [gas-forecast-startup] [] [] [c.g.f.d.m.M.insert] [main] [DEBUG] - ==> Parameters: MSFC-PRESET-009(String), 2026-06-12(String), 65.4206(BigDecimal)
[2026-09-11 14:16:13.523] [gas-forecast-startup] [] [] [c.g.f.d.m.M.insert] [main] [DEBUG] - <==    Updates: 1
[2026-09-11 14:16:13.523] [gas-forecast-startup] [] [] [c.g.f.d.m.M.insert] [main] [DEBUG] - ==>  Preparing: INSERT INTO model_forecast_result_tb ( forecast_batch_no, forecast_date, forecast_value ) VALUES ( ?, ?, ? )
[2026-09-11 14:16:13.523] [gas-forecast-startup] [] [] [c.g.f.d.m.M.insert] [main] [DEBUG] - ==> Parameters: MSFC-PRESET-009(String), 2026-06-13(String), 63.8874(BigDecimal)
[2026-09-11 14:16:13.523] [gas-forecast-startup] [] [] [c.g.f.d.m.M.insert] [main] [DEBUG] - <==    Updates: 1
[2026-09-11 14:16:13.523] [gas-forecast-startup] [] [] [c.g.f.d.m.M.insert] [main] [DEBUG] - ==>  Preparing: INSERT INTO model_forecast_result_tb ( forecast_batch_no, forecast_date, forecast_value ) VALUES ( ?, ?, ? )
[2026-09-11 14:16:13.523] [gas-forecast-startup] [] [] [c.g.f.d.m.M.insert] [main] [DEBUG] - ==> Parameters: MSFC-PRESET-009(String), 2026-06-14(String), 62.9335(BigDecimal)
[2026-09-11 14:16:13.524] [gas-forecast-startup] [] [] [c.g.f.d.m.M.insert] [main] [DEBUG] - <==    Updates: 1
[2026-09-11 14:16:13.524] [gas-forecast-startup] [] [] [c.g.f.d.m.M.insert] [main] [DEBUG] - ==>  Preparing: INSERT INTO model_forecast_result_tb ( forecast_batch_no, forecast_date, forecast_value ) VALUES ( ?, ?, ? )
[2026-09-11 14:16:13.524] [gas-forecast-startup] [] [] [c.g.f.d.m.M.insert] [main] [DEBUG] - ==> Parameters: MSFC-PRESET-009(String), 2026-06-15(String), 62.8767(BigDecimal)
[2026-09-11 14:16:13.524] [gas-forecast-startup] [] [] [c.g.f.d.m.M.insert] [main] [DEBUG] - <==    Updates: 1
[2026-09-11 14:16:13.524] [gas-forecast-startup] [] [] [c.g.f.d.m.M.insert] [main] [DEBUG] - ==>  Preparing: INSERT INTO model_forecast_result_tb ( forecast_batch_no, forecast_date, forecast_value ) VALUES ( ?, ?, ? )
[2026-09-11 14:16:13.524] [gas-forecast-startup] [] [] [c.g.f.d.m.M.insert] [main] [DEBUG] - ==> Parameters: MSFC-PRESET-009(String), 2026-06-16(String), 61.3262(BigDecimal)
[2026-09-11 14:16:13.524] [gas-forecast-startup] [] [] [c.g.f.d.m.M.insert] [main] [DEBUG] - <==    Updates: 1
[2026-09-11 14:16:13.524] [gas-forecast-startup] [] [] [c.g.f.d.m.M.insert] [main] [DEBUG] - ==>  Preparing: INSERT INTO model_forecast_result_tb ( forecast_batch_no, forecast_date, forecast_value ) VALUES ( ?, ?, ? )
[2026-09-11 14:16:13.525] [gas-forecast-startup] [] [] [c.g.f.d.m.M.insert] [main] [DEBUG] - ==> Parameters: MSFC-PRESET-009(String), 2026-06-17(String), 61.4546(BigDecimal)
[2026-09-11 14:16:13.525] [gas-forecast-startup] [] [] [c.g.f.d.m.M.insert] [main] [DEBUG] - <==    Updates: 1
[2026-09-11 14:16:13.525] [gas-forecast-startup] [] [] [c.g.f.d.m.M.insert] [main] [DEBUG] - ==>  Preparing: INSERT INTO model_forecast_result_tb ( forecast_batch_no, forecast_date, forecast_value ) VALUES ( ?, ?, ? )
[2026-09-11 14:16:13.525] [gas-forecast-startup] [] [] [c.g.f.d.m.M.insert] [main] [DEBUG] - ==> Parameters: MSFC-PRESET-009(String), 2026-06-18(String), 60.1441(BigDecimal)
[2026-09-11 14:16:13.525] [gas-forecast-startup] [] [] [c.g.f.d.m.M.insert] [main] [DEBUG] - <==    Updates: 1
[2026-09-11 14:16:13.525] [gas-forecast-startup] [] [] [c.g.f.d.m.M.insert] [main] [DEBUG] - ==>  Preparing: INSERT INTO model_forecast_result_tb ( forecast_batch_no, forecast_date, forecast_value ) VALUES ( ?, ?, ? )
[2026-09-11 14:16:13.525] [gas-forecast-startup] [] [] [c.g.f.d.m.M.insert] [main] [DEBUG] - ==> Parameters: MSFC-PRESET-009(String), 2026-06-19(String), 58.0482(BigDecimal)
[2026-09-11 14:16:13.525] [gas-forecast-startup] [] [] [c.g.f.d.m.M.insert] [main] [DEBUG] - <==    Updates: 1
[2026-09-11 14:16:13.525] [gas-forecast-startup] [] [] [c.g.f.d.m.M.insert] [main] [DEBUG] - ==>  Preparing: INSERT INTO model_forecast_result_tb ( forecast_batch_no, forecast_date, forecast_value ) VALUES ( ?, ?, ? )
[2026-09-11 14:16:13.525] [gas-forecast-startup] [] [] [c.g.f.d.m.M.insert] [main] [DEBUG] - ==> Parameters: MSFC-PRESET-009(String), 2026-06-20(String), 55.7573(BigDecimal)
[2026-09-11 14:16:13.525] [gas-forecast-startup] [] [] [c.g.f.d.m.M.insert] [main] [DEBUG] - <==    Updates: 1
[2026-09-11 14:16:13.525] [gas-forecast-startup] [] [] [c.g.f.d.m.M.insert] [main] [DEBUG] - ==>  Preparing: INSERT INTO model_forecast_result_tb ( forecast_batch_no, forecast_date, forecast_value ) VALUES ( ?, ?, ? )
[2026-09-11 14:16:13.525] [gas-forecast-startup] [] [] [c.g.f.d.m.M.insert] [main] [DEBUG] - ==> Parameters: MSFC-PRESET-009(String), 2026-06-21(String), 55.051(BigDecimal)
[2026-09-11 14:16:13.526] [gas-forecast-startup] [] [] [c.g.f.d.m.M.insert] [main] [DEBUG] - <==    Updates: 1
[2026-09-11 14:16:13.526] [gas-forecast-startup] [] [] [c.g.f.d.m.M.insert] [main] [DEBUG] - ==>  Preparing: INSERT INTO model_forecast_result_tb ( forecast_batch_no, forecast_date, forecast_value ) VALUES ( ?, ?, ? )
[2026-09-11 14:16:13.526] [gas-forecast-startup] [] [] [c.g.f.d.m.M.insert] [main] [DEBUG] - ==> Parameters: MSFC-PRESET-009(String), 2026-06-22(String), 55.661(BigDecimal)
[2026-09-11 14:16:13.526] [gas-forecast-startup] [] [] [c.g.f.d.m.M.insert] [main] [DEBUG] - <==    Updates: 1
[2026-09-11 14:16:13.526] [gas-forecast-startup] [] [] [c.g.f.d.m.M.insert] [main] [DEBUG] - ==>  Preparing: INSERT INTO model_forecast_result_tb ( forecast_batch_no, forecast_date, forecast_value ) VALUES ( ?, ?, ? )
[2026-09-11 14:16:13.526] [gas-forecast-startup] [] [] [c.g.f.d.m.M.insert] [main] [DEBUG] - ==> Parameters: MSFC-PRESET-009(String), 2026-06-23(String), 55.0673(BigDecimal)
[2026-09-11 14:16:13.526] [gas-forecast-startup] [] [] [c.g.f.d.m.M.insert] [main] [DEBUG] - <==    Updates: 1
[2026-09-11 14:16:13.526] [gas-forecast-startup] [] [] [c.g.f.d.m.M.insert] [main] [DEBUG] - ==>  Preparing: INSERT INTO model_forecast_result_tb ( forecast_batch_no, forecast_date, forecast_value ) VALUES ( ?, ?, ? )
[2026-09-11 14:16:13.526] [gas-forecast-startup] [] [] [c.g.f.d.m.M.insert] [main] [DEBUG] - ==> Parameters: MSFC-PRESET-009(String), 2026-06-24(String), 52.4487(BigDecimal)
[2026-09-11 14:16:13.526] [gas-forecast-startup] [] [] [c.g.f.d.m.M.insert] [main] [DEBUG] - <==    Updates: 1
[2026-09-11 14:16:13.526] [gas-forecast-startup] [] [] [c.g.f.d.m.M.insert] [main] [DEBUG] - ==>  Preparing: INSERT INTO model_forecast_result_tb ( forecast_batch_no, forecast_date, forecast_value ) VALUES ( ?, ?, ? )
[2026-09-11 14:16:13.526] [gas-forecast-startup] [] [] [c.g.f.d.m.M.insert] [main] [DEBUG] - ==> Parameters: MSFC-PRESET-009(String), 2026-06-25(String), 51.8525(BigDecimal)
[2026-09-11 14:16:13.526] [gas-forecast-startup] [] [] [c.g.f.d.m.M.insert] [main] [DEBUG] - <==    Updates: 1
[2026-09-11 14:16:13.526] [gas-forecast-startup] [] [] [c.g.f.d.m.M.insert] [main] [DEBUG] - ==>  Preparing: INSERT INTO model_forecast_result_tb ( forecast_batch_no, forecast_date, forecast_value ) VALUES ( ?, ?, ? )
[2026-09-11 14:16:13.526] [gas-forecast-startup] [] [] [c.g.f.d.m.M.insert] [main] [DEBUG] - ==> Parameters: MSFC-PRESET-009(String), 2026-06-26(String), 49.582(BigDecimal)
[2026-09-11 14:16:13.527] [gas-forecast-startup] [] [] [c.g.f.d.m.M.insert] [main] [DEBUG] - <==    Updates: 1
[2026-09-11 14:16:13.527] [gas-forecast-startup] [] [] [c.g.f.d.m.M.insert] [main] [DEBUG] - ==>  Preparing: INSERT INTO model_forecast_result_tb ( forecast_batch_no, forecast_date, forecast_value ) VALUES ( ?, ?, ? )
[2026-09-11 14:16:13.527] [gas-forecast-startup] [] [] [c.g.f.d.m.M.insert] [main] [DEBUG] - ==> Parameters: MSFC-PRESET-009(String), 2026-06-27(String), 48.3007(BigDecimal)
[2026-09-11 14:16:13.527] [gas-forecast-startup] [] [] [c.g.f.d.m.M.insert] [main] [DEBUG] - <==    Updates: 1
[2026-09-11 14:16:13.527] [gas-forecast-startup] [] [] [c.g.f.d.m.M.insert] [main] [DEBUG] - ==>  Preparing: INSERT INTO model_forecast_result_tb ( forecast_batch_no, forecast_date, forecast_value ) VALUES ( ?, ?, ? )
[2026-09-11 14:16:13.527] [gas-forecast-startup] [] [] [c.g.f.d.m.M.insert] [main] [DEBUG] - ==> Parameters: MSFC-PRESET-009(String), 2026-06-28(String), 47.1879(BigDecimal)
[2026-09-11 14:16:13.527] [gas-forecast-startup] [] [] [c.g.f.d.m.M.insert] [main] [DEBUG] - <==    Updates: 1
[2026-09-11 14:16:13.527] [gas-forecast-startup] [] [] [c.g.f.d.m.M.insert] [main] [DEBUG] - ==>  Preparing: INSERT INTO model_forecast_result_tb ( forecast_batch_no, forecast_date, forecast_value ) VALUES ( ?, ?, ? )
[2026-09-11 14:16:13.527] [gas-forecast-startup] [] [] [c.g.f.d.m.M.insert] [main] [DEBUG] - ==> Parameters: MSFC-PRESET-009(String), 2026-06-29(String), 45.8055(BigDecimal)
[2026-09-11 14:16:13.527] [gas-forecast-startup] [] [] [c.g.f.d.m.M.insert] [main] [DEBUG] - <==    Updates: 1
[2026-09-11 14:16:13.527] [gas-forecast-startup] [] [] [c.g.f.d.m.M.insert] [main] [DEBUG] - ==>  Preparing: INSERT INTO model_forecast_result_tb ( forecast_batch_no, forecast_date, forecast_value ) VALUES ( ?, ?, ? )
[2026-09-11 14:16:13.527] [gas-forecast-startup] [] [] [c.g.f.d.m.M.insert] [main] [DEBUG] - ==> Parameters: MSFC-PRESET-009(String), 2026-06-30(String), 46.1389(BigDecimal)
[2026-09-11 14:16:13.528] [gas-forecast-startup] [] [] [c.g.f.d.m.M.insert] [main] [DEBUG] - <==    Updates: 1
[2026-09-11 14:16:13.528] [gas-forecast-startup] [] [] [c.g.f.d.m.M.insert] [main] [DEBUG] - ==>  Preparing: INSERT INTO model_forecast_result_tb ( forecast_batch_no, forecast_date, forecast_value ) VALUES ( ?, ?, ? )
[2026-09-11 14:16:13.528] [gas-forecast-startup] [] [] [c.g.f.d.m.M.insert] [main] [DEBUG] - ==> Parameters: MSFC-PRESET-009(String), 2026-07-01(String), 44.3054(BigDecimal)
[2026-09-11 14:16:13.528] [gas-forecast-startup] [] [] [c.g.f.d.m.M.insert] [main] [DEBUG] - <==    Updates: 1
[2026-09-11 14:16:13.528] [gas-forecast-startup] [] [] [c.g.f.d.m.M.insert] [main] [DEBUG] - ==>  Preparing: INSERT INTO model_forecast_result_tb ( forecast_batch_no, forecast_date, forecast_value ) VALUES ( ?, ?, ? )
[2026-09-11 14:16:13.528] [gas-forecast-startup] [] [] [c.g.f.d.m.M.insert] [main] [DEBUG] - ==> Parameters: MSFC-PRESET-009(String), 2026-07-02(String), 42.1972(BigDecimal)
[2026-09-11 14:16:13.528] [gas-forecast-startup] [] [] [c.g.f.d.m.M.insert] [main] [DEBUG] - <==    Updates: 1
[2026-09-11 14:16:13.528] [gas-forecast-startup] [] [] [c.g.f.d.m.M.insert] [main] [DEBUG] - ==>  Preparing: INSERT INTO model_forecast_result_tb ( forecast_batch_no, forecast_date, forecast_value ) VALUES ( ?, ?, ? )
[2026-09-11 14:16:13.528] [gas-forecast-startup] [] [] [c.g.f.d.m.M.insert] [main] [DEBUG] - ==> Parameters: MSFC-PRESET-009(String), 2026-07-03(String), 41.6901(BigDecimal)
[2026-09-11 14:16:13.528] [gas-forecast-startup] [] [] [c.g.f.d.m.M.insert] [main] [DEBUG] - <==    Updates: 1
[2026-09-11 14:16:13.528] [gas-forecast-startup] [] [] [c.g.f.d.m.M.insert] [main] [DEBUG] - ==>  Preparing: INSERT INTO model_forecast_result_tb ( forecast_batch_no, forecast_date, forecast_value ) VALUES ( ?, ?, ? )
[2026-09-11 14:16:13.528] [gas-forecast-startup] [] [] [c.g.f.d.m.M.insert] [main] [DEBUG] - ==> Parameters: MSFC-PRESET-009(String), 2026-07-04(String), 40.6354(BigDecimal)
[2026-09-11 14:16:13.528] [gas-forecast-startup] [] [] [c.g.f.d.m.M.insert] [main] [DEBUG] - <==    Updates: 1
[2026-09-11 14:16:13.528] [gas-forecast-startup] [] [] [c.g.f.d.m.M.insert] [main] [DEBUG] - ==>  Preparing: INSERT INTO model_forecast_result_tb ( forecast_batch_no, forecast_date, forecast_value ) VALUES ( ?, ?, ? )
[2026-09-11 14:16:13.528] [gas-forecast-startup] [] [] [c.g.f.d.m.M.insert] [main] [DEBUG] - ==> Parameters: MSFC-PRESET-009(String), 2026-07-05(String), 42.5547(BigDecimal)
[2026-09-11 14:16:13.529] [gas-forecast-startup] [] [] [c.g.f.d.m.M.insert] [main] [DEBUG] - <==    Updates: 1
[2026-09-11 14:16:13.529] [gas-forecast-startup] [] [] [c.g.f.d.m.M.insert] [main] [DEBUG] - ==>  Preparing: INSERT INTO model_forecast_result_tb ( forecast_batch_no, forecast_date, forecast_value ) VALUES ( ?, ?, ? )
[2026-09-11 14:16:13.529] [gas-forecast-startup] [] [] [c.g.f.d.m.M.insert] [main] [DEBUG] - ==> Parameters: MSFC-PRESET-009(String), 2026-07-06(String), 44.011(BigDecimal)
[2026-09-11 14:16:13.529] [gas-forecast-startup] [] [] [c.g.f.d.m.M.insert] [main] [DEBUG] - <==    Updates: 1
[2026-09-11 14:16:13.529] [gas-forecast-startup] [] [] [c.g.f.d.m.M.insert] [main] [DEBUG] - ==>  Preparing: INSERT INTO model_forecast_result_tb ( forecast_batch_no, forecast_date, forecast_value ) VALUES ( ?, ?, ? )
[2026-09-11 14:16:13.529] [gas-forecast-startup] [] [] [c.g.f.d.m.M.insert] [main] [DEBUG] - ==> Parameters: MSFC-PRESET-009(String), 2026-07-07(String), 42.2306(BigDecimal)
[2026-09-11 14:16:13.529] [gas-forecast-startup] [] [] [c.g.f.d.m.M.insert] [main] [DEBUG] - <==    Updates: 1
[2026-09-11 14:16:13.529] [gas-forecast-startup] [] [] [c.g.f.d.m.M.insert] [main] [DEBUG] - ==>  Preparing: INSERT INTO model_forecast_result_tb ( forecast_batch_no, forecast_date, forecast_value ) VALUES ( ?, ?, ? )
[2026-09-11 14:16:13.529] [gas-forecast-startup] [] [] [c.g.f.d.m.M.insert] [main] [DEBUG] - ==> Parameters: MSFC-PRESET-009(String), 2026-07-08(String), 42.5256(BigDecimal)
[2026-09-11 14:16:13.529] [gas-forecast-startup] [] [] [c.g.f.d.m.M.insert] [main] [DEBUG] - <==    Updates: 1
[2026-09-11 14:16:13.529] [gas-forecast-startup] [] [] [c.g.f.d.m.M.insert] [main] [DEBUG] - ==>  Preparing: INSERT INTO model_forecast_result_tb ( forecast_batch_no, forecast_date, forecast_value ) VALUES ( ?, ?, ? )
[2026-09-11 14:16:13.529] [gas-forecast-startup] [] [] [c.g.f.d.m.M.insert] [main] [DEBUG] - ==> Parameters: MSFC-PRESET-009(String), 2026-07-09(String), 41.7138(BigDecimal)
[2026-09-11 14:16:13.529] [gas-forecast-startup] [] [] [c.g.f.d.m.M.insert] [main] [DEBUG] - <==    Updates: 1
[2026-09-11 14:16:13.529] [gas-forecast-startup] [] [] [c.g.f.d.m.M.insert] [main] [DEBUG] - ==>  Preparing: INSERT INTO model_forecast_result_tb ( forecast_batch_no, forecast_date, forecast_value ) VALUES ( ?, ?, ? )
[2026-09-11 14:16:13.529] [gas-forecast-startup] [] [] [c.g.f.d.m.M.insert] [main] [DEBUG] - ==> Parameters: MSFC-PRESET-009(String), 2026-07-10(String), 39.9215(BigDecimal)
[2026-09-11 14:16:13.530] [gas-forecast-startup] [] [] [c.g.f.d.m.M.insert] [main] [DEBUG] - <==    Updates: 1
[2026-09-11 14:16:13.530] [gas-forecast-startup] [] [] [c.g.f.d.m.M.insert] [main] [DEBUG] - ==>  Preparing: INSERT INTO model_forecast_result_tb ( forecast_batch_no, forecast_date, forecast_value ) VALUES ( ?, ?, ? )
[2026-09-11 14:16:13.530] [gas-forecast-startup] [] [] [c.g.f.d.m.M.insert] [main] [DEBUG] - ==> Parameters: MSFC-PRESET-009(String), 2026-07-11(String), 38.904(BigDecimal)
[2026-09-11 14:16:13.530] [gas-forecast-startup] [] [] [c.g.f.d.m.M.insert] [main] [DEBUG] - <==    Updates: 1
[2026-09-11 14:16:13.530] [gas-forecast-startup] [] [] [c.g.f.d.m.M.insert] [main] [DEBUG] - ==>  Preparing: INSERT INTO model_forecast_result_tb ( forecast_batch_no, forecast_date, forecast_value ) VALUES ( ?, ?, ? )
[2026-09-11 14:16:13.530] [gas-forecast-startup] [] [] [c.g.f.d.m.M.insert] [main] [DEBUG] - ==> Parameters: MSFC-PRESET-009(String), 2026-07-12(String), 38.1235(BigDecimal)
[2026-09-11 14:16:13.530] [gas-forecast-startup] [] [] [c.g.f.d.m.M.insert] [main] [DEBUG] - <==    Updates: 1
[2026-09-11 14:16:13.530] [gas-forecast-startup] [] [] [c.g.f.d.m.M.insert] [main] [DEBUG] - ==>  Preparing: INSERT INTO model_forecast_result_tb ( forecast_batch_no, forecast_date, forecast_value ) VALUES ( ?, ?, ? )
[2026-09-11 14:16:13.530] [gas-forecast-startup] [] [] [c.g.f.d.m.M.insert] [main] [DEBUG] - ==> Parameters: MSFC-PRESET-009(String), 2026-07-13(String), 37.2118(BigDecimal)
[2026-09-11 14:16:13.531] [gas-forecast-startup] [] [] [c.g.f.d.m.M.insert] [main] [DEBUG] - <==    Updates: 1
[2026-09-11 14:16:13.531] [gas-forecast-startup] [] [] [c.g.f.d.m.M.insert] [main] [DEBUG] - ==>  Preparing: INSERT INTO model_forecast_result_tb ( forecast_batch_no, forecast_date, forecast_value ) VALUES ( ?, ?, ? )
[2026-09-11 14:16:13.531] [gas-forecast-startup] [] [] [c.g.f.d.m.M.insert] [main] [DEBUG] - ==> Parameters: MSFC-PRESET-009(String), 2026-07-14(String), 38.8667(BigDecimal)
[2026-09-11 14:16:13.531] [gas-forecast-startup] [] [] [c.g.f.d.m.M.insert] [main] [DEBUG] - <==    Updates: 1
[2026-09-11 14:16:13.532] [gas-forecast-startup] [] [] [c.g.f.d.m.B.selectList] [main] [DEBUG] - ==>  Preparing: SELECT id,region_code,region_name,region_type,parent_id,sort_no,enabled,remark,created_by,created_at,updated_by,updated_at,update_by_name,created_by_name FROM base_region_tb WHERE (region_name = ? AND region_type = ?) limit 1
[2026-09-11 14:16:13.532] [gas-forecast-startup] [] [] [c.g.f.d.m.B.selectList] [main] [DEBUG] - ==> Parameters: 河北(String), PROVINCE(String)
[2026-09-11 14:16:13.532] [gas-forecast-startup] [] [] [c.g.f.d.m.B.selectList] [main] [DEBUG] - <==      Total: 1
[2026-09-11 14:16:13.532] [gas-forecast-startup] [] [] [c.g.f.d.m.B.selectList] [main] [DEBUG] - ==>  Preparing: SELECT id,industry_code,industry_name,parent_id,industry_level,sort_no,created_at,updated_at,created_by,created_by_name,updated_by,updated_by_name FROM base_industry_tb WHERE (industry_name = ?) limit 1
[2026-09-11 14:16:13.532] [gas-forecast-startup] [] [] [c.g.f.d.m.B.selectList] [main] [DEBUG] - ==> Parameters: 发电(String)
[2026-09-11 14:16:13.532] [gas-forecast-startup] [] [] [c.g.f.d.m.B.selectList] [main] [DEBUG] - <==      Total: 0
[2026-09-11 14:16:13.532] [gas-forecast-startup] [] [] [c.g.f.d.m.M.delete] [main] [DEBUG] - ==>  Preparing: DELETE FROM model_forecast_result_tb WHERE (forecast_batch_no = ?)
[2026-09-11 14:16:13.532] [gas-forecast-startup] [] [] [c.g.f.d.m.M.delete] [main] [DEBUG] - ==> Parameters: MSFC-PRESET-010(String)
[2026-09-11 14:16:13.533] [gas-forecast-startup] [] [] [c.g.f.d.m.M.delete] [main] [DEBUG] - <==    Updates: 100
[2026-09-11 14:16:13.533] [gas-forecast-startup] [] [] [c.g.f.d.m.M.delete] [main] [DEBUG] - ==>  Preparing: DELETE FROM model_forecast_batch_tb WHERE (batch_no = ?)
[2026-09-11 14:16:13.533] [gas-forecast-startup] [] [] [c.g.f.d.m.M.delete] [main] [DEBUG] - ==> Parameters: MSFC-PRESET-010(String)
[2026-09-11 14:16:13.533] [gas-forecast-startup] [] [] [c.g.f.d.m.M.delete] [main] [DEBUG] - <==    Updates: 1
[2026-09-11 14:16:13.533] [gas-forecast-startup] [] [] [c.g.f.d.m.M.insert] [main] [DEBUG] - ==>  Preparing: INSERT INTO model_forecast_batch_tb ( batch_no, train_batch_no, agent_code, region_code, region_name, customer_code, customer_name, industry_code, industry_name, forecast_horizon, forecast_start_date, forecast_end_date, status, request_json, created_by, created_by_name ) VALUES ( ?, ?, ?, ?, ?, ?, ?, ?, ?, ?, ?, ?, ?, ?, ?, ? )
[2026-09-11 14:16:13.533] [gas-forecast-startup] [] [] [c.g.f.d.m.M.insert] [main] [DEBUG] - ==> Parameters: MSFC-PRESET-010(String), XQTRAIN-monthly-sales-河北(String), monthly-sales(String), 3f040f4b-9c2a-53a9-a518-b605292612f0(String), 河北(String), ALL(String), 全部客户(String), 发电(String), 发电(String), 100(Integer), 20260526(Integer), 2026-09-02(String), SUCCESS(String), {"agent_id":"monthly-sales","source":"preset","model_name":"LightGBM","industry":"发电","customer":"全部客户","metrics":{"mape":38.04,"mae":14.9,"rmse":27.32,"r2":0.73}}(String), system(String), 系统(String)
[2026-09-11 14:16:13.534] [gas-forecast-startup] [] [] [c.g.f.d.m.M.insert] [main] [DEBUG] - <==    Updates: 1
[2026-09-11 14:16:13.534] [gas-forecast-startup] [] [] [c.g.f.d.m.M.delete] [main] [DEBUG] - ==>  Preparing: DELETE FROM model_forecast_result_tb WHERE (forecast_batch_no = ?)
[2026-09-11 14:16:13.534] [gas-forecast-startup] [] [] [c.g.f.d.m.M.delete] [main] [DEBUG] - ==> Parameters: MSFC-PRESET-010(String)
[2026-09-11 14:16:13.534] [gas-forecast-startup] [] [] [c.g.f.d.m.M.delete] [main] [DEBUG] - <==    Updates: 0
[2026-09-11 14:16:13.534] [gas-forecast-startup] [] [] [c.g.f.d.m.M.insert] [main] [DEBUG] - ==>  Preparing: INSERT INTO model_forecast_result_tb ( forecast_batch_no, forecast_date, forecast_value ) VALUES ( ?, ?, ? )
[2026-09-11 14:16:13.534] [gas-forecast-startup] [] [] [c.g.f.d.m.M.insert] [main] [DEBUG] - ==> Parameters: MSFC-PRESET-010(String), 2026-05-26(String), 55.67221686453082(BigDecimal)
[2026-09-11 14:16:13.534] [gas-forecast-startup] [] [] [c.g.f.d.m.M.insert] [main] [DEBUG] - <==    Updates: 1
[2026-09-11 14:16:13.534] [gas-forecast-startup] [] [] [c.g.f.d.m.M.insert] [main] [DEBUG] - ==>  Preparing: INSERT INTO model_forecast_result_tb ( forecast_batch_no, forecast_date, forecast_value ) VALUES ( ?, ?, ? )
[2026-09-11 14:16:13.534] [gas-forecast-startup] [] [] [c.g.f.d.m.M.insert] [main] [DEBUG] - ==> Parameters: MSFC-PRESET-010(String), 2026-05-27(String), 55.36553946789918(BigDecimal)
[2026-09-11 14:16:13.534] [gas-forecast-startup] [] [] [c.g.f.d.m.M.insert] [main] [DEBUG] - <==    Updates: 1
[2026-09-11 14:16:13.534] [gas-forecast-startup] [] [] [c.g.f.d.m.M.insert] [main] [DEBUG] - ==>  Preparing: INSERT INTO model_forecast_result_tb ( forecast_batch_no, forecast_date, forecast_value ) VALUES ( ?, ?, ? )
[2026-09-11 14:16:13.534] [gas-forecast-startup] [] [] [c.g.f.d.m.M.insert] [main] [DEBUG] - ==> Parameters: MSFC-PRESET-010(String), 2026-05-28(String), 57.28025208908941(BigDecimal)
[2026-09-11 14:16:13.535] [gas-forecast-startup] [] [] [c.g.f.d.m.M.insert] [main] [DEBUG] - <==    Updates: 1
[2026-09-11 14:16:13.535] [gas-forecast-startup] [] [] [c.g.f.d.m.M.insert] [main] [DEBUG] - ==>  Preparing: INSERT INTO model_forecast_result_tb ( forecast_batch_no, forecast_date, forecast_value ) VALUES ( ?, ?, ? )
[2026-09-11 14:16:13.535] [gas-forecast-startup] [] [] [c.g.f.d.m.M.insert] [main] [DEBUG] - ==> Parameters: MSFC-PRESET-010(String), 2026-05-29(String), 56.167125513150445(BigDecimal)
[2026-09-11 14:16:13.535] [gas-forecast-startup] [] [] [c.g.f.d.m.M.insert] [main] [DEBUG] - <==    Updates: 1
[2026-09-11 14:16:13.535] [gas-forecast-startup] [] [] [c.g.f.d.m.M.insert] [main] [DEBUG] - ==>  Preparing: INSERT INTO model_forecast_result_tb ( forecast_batch_no, forecast_date, forecast_value ) VALUES ( ?, ?, ? )
[2026-09-11 14:16:13.535] [gas-forecast-startup] [] [] [c.g.f.d.m.M.insert] [main] [DEBUG] - ==> Parameters: MSFC-PRESET-010(String), 2026-05-30(String), 57.1549562130163(BigDecimal)
[2026-09-11 14:16:13.535] [gas-forecast-startup] [] [] [c.g.f.d.m.M.insert] [main] [DEBUG] - <==    Updates: 1
[2026-09-11 14:16:13.535] [gas-forecast-startup] [] [] [c.g.f.d.m.M.insert] [main] [DEBUG] - ==>  Preparing: INSERT INTO model_forecast_result_tb ( forecast_batch_no, forecast_date, forecast_value ) VALUES ( ?, ?, ? )
[2026-09-11 14:16:13.535] [gas-forecast-startup] [] [] [c.g.f.d.m.M.insert] [main] [DEBUG] - ==> Parameters: MSFC-PRESET-010(String), 2026-05-31(String), 57.03735416889345(BigDecimal)
[2026-09-11 14:16:13.535] [gas-forecast-startup] [] [] [c.g.f.d.m.M.insert] [main] [DEBUG] - <==    Updates: 1
[2026-09-11 14:16:13.535] [gas-forecast-startup] [] [] [c.g.f.d.m.M.insert] [main] [DEBUG] - ==>  Preparing: INSERT INTO model_forecast_result_tb ( forecast_batch_no, forecast_date, forecast_value ) VALUES ( ?, ?, ? )
[2026-09-11 14:16:13.535] [gas-forecast-startup] [] [] [c.g.f.d.m.M.insert] [main] [DEBUG] - ==> Parameters: MSFC-PRESET-010(String), 2026-06-01(String), 62.99113660911396(BigDecimal)
[2026-09-11 14:16:13.535] [gas-forecast-startup] [] [] [c.g.f.d.m.M.insert] [main] [DEBUG] - <==    Updates: 1
[2026-09-11 14:16:13.535] [gas-forecast-startup] [] [] [c.g.f.d.m.M.insert] [main] [DEBUG] - ==>  Preparing: INSERT INTO model_forecast_result_tb ( forecast_batch_no, forecast_date, forecast_value ) VALUES ( ?, ?, ? )
[2026-09-11 14:16:13.535] [gas-forecast-startup] [] [] [c.g.f.d.m.M.insert] [main] [DEBUG] - ==> Parameters: MSFC-PRESET-010(String), 2026-06-02(String), 60.63392374092507(BigDecimal)
[2026-09-11 14:16:13.536] [gas-forecast-startup] [] [] [c.g.f.d.m.M.insert] [main] [DEBUG] - <==    Updates: 1
[2026-09-11 14:16:13.536] [gas-forecast-startup] [] [] [c.g.f.d.m.M.insert] [main] [DEBUG] - ==>  Preparing: INSERT INTO model_forecast_result_tb ( forecast_batch_no, forecast_date, forecast_value ) VALUES ( ?, ?, ? )
[2026-09-11 14:16:13.536] [gas-forecast-startup] [] [] [c.g.f.d.m.M.insert] [main] [DEBUG] - ==> Parameters: MSFC-PRESET-010(String), 2026-06-03(String), 60.63392374092507(BigDecimal)
[2026-09-11 14:16:13.536] [gas-forecast-startup] [] [] [c.g.f.d.m.M.insert] [main] [DEBUG] - <==    Updates: 1
[2026-09-11 14:16:13.536] [gas-forecast-startup] [] [] [c.g.f.d.m.M.insert] [main] [DEBUG] - ==>  Preparing: INSERT INTO model_forecast_result_tb ( forecast_batch_no, forecast_date, forecast_value ) VALUES ( ?, ?, ? )
[2026-09-11 14:16:13.536] [gas-forecast-startup] [] [] [c.g.f.d.m.M.insert] [main] [DEBUG] - ==> Parameters: MSFC-PRESET-010(String), 2026-06-04(String), 60.40312567283403(BigDecimal)
[2026-09-11 14:16:13.536] [gas-forecast-startup] [] [] [c.g.f.d.m.M.insert] [main] [DEBUG] - <==    Updates: 1
[2026-09-11 14:16:13.536] [gas-forecast-startup] [] [] [c.g.f.d.m.M.insert] [main] [DEBUG] - ==>  Preparing: INSERT INTO model_forecast_result_tb ( forecast_batch_no, forecast_date, forecast_value ) VALUES ( ?, ?, ? )
[2026-09-11 14:16:13.536] [gas-forecast-startup] [] [] [c.g.f.d.m.M.insert] [main] [DEBUG] - ==> Parameters: MSFC-PRESET-010(String), 2026-06-05(String), 60.235450203481854(BigDecimal)
[2026-09-11 14:16:13.536] [gas-forecast-startup] [] [] [c.g.f.d.m.M.insert] [main] [DEBUG] - <==    Updates: 1
[2026-09-11 14:16:13.536] [gas-forecast-startup] [] [] [c.g.f.d.m.M.insert] [main] [DEBUG] - ==>  Preparing: INSERT INTO model_forecast_result_tb ( forecast_batch_no, forecast_date, forecast_value ) VALUES ( ?, ?, ? )
[2026-09-11 14:16:13.536] [gas-forecast-startup] [] [] [c.g.f.d.m.M.insert] [main] [DEBUG] - ==> Parameters: MSFC-PRESET-010(String), 2026-06-06(String), 60.40312567283403(BigDecimal)
[2026-09-11 14:16:13.537] [gas-forecast-startup] [] [] [c.g.f.d.m.M.insert] [main] [DEBUG] - <==    Updates: 1
[2026-09-11 14:16:13.537] [gas-forecast-startup] [] [] [c.g.f.d.m.M.insert] [main] [DEBUG] - ==>  Preparing: INSERT INTO model_forecast_result_tb ( forecast_batch_no, forecast_date, forecast_value ) VALUES ( ?, ?, ? )
[2026-09-11 14:16:13.537] [gas-forecast-startup] [] [] [c.g.f.d.m.M.insert] [main] [DEBUG] - ==> Parameters: MSFC-PRESET-010(String), 2026-06-07(String), 60.40312567283403(BigDecimal)
[2026-09-11 14:16:13.537] [gas-forecast-startup] [] [] [c.g.f.d.m.M.insert] [main] [DEBUG] - <==    Updates: 1
[2026-09-11 14:16:13.537] [gas-forecast-startup] [] [] [c.g.f.d.m.M.insert] [main] [DEBUG] - ==>  Preparing: INSERT INTO model_forecast_result_tb ( forecast_batch_no, forecast_date, forecast_value ) VALUES ( ?, ?, ? )
[2026-09-11 14:16:13.537] [gas-forecast-startup] [] [] [c.g.f.d.m.M.insert] [main] [DEBUG] - ==> Parameters: MSFC-PRESET-010(String), 2026-06-08(String), 58.89221383852171(BigDecimal)
[2026-09-11 14:16:13.537] [gas-forecast-startup] [] [] [c.g.f.d.m.M.insert] [main] [DEBUG] - <==    Updates: 1
[2026-09-11 14:16:13.537] [gas-forecast-startup] [] [] [c.g.f.d.m.M.insert] [main] [DEBUG] - ==>  Preparing: INSERT INTO model_forecast_result_tb ( forecast_batch_no, forecast_date, forecast_value ) VALUES ( ?, ?, ? )
[2026-09-11 14:16:13.537] [gas-forecast-startup] [] [] [c.g.f.d.m.M.insert] [main] [DEBUG] - ==> Parameters: MSFC-PRESET-010(String), 2026-06-09(String), 57.542055934970186(BigDecimal)
[2026-09-11 14:16:13.537] [gas-forecast-startup] [] [] [c.g.f.d.m.M.insert] [main] [DEBUG] - <==    Updates: 1
[2026-09-11 14:16:13.537] [gas-forecast-startup] [] [] [c.g.f.d.m.M.insert] [main] [DEBUG] - ==>  Preparing: INSERT INTO model_forecast_result_tb ( forecast_batch_no, forecast_date, forecast_value ) VALUES ( ?, ?, ? )
[2026-09-11 14:16:13.537] [gas-forecast-startup] [] [] [c.g.f.d.m.M.insert] [main] [DEBUG] - ==> Parameters: MSFC-PRESET-010(String), 2026-06-10(String), 57.542055934970186(BigDecimal)
[2026-09-11 14:16:13.537] [gas-forecast-startup] [] [] [c.g.f.d.m.M.insert] [main] [DEBUG] - <==    Updates: 1
[2026-09-11 14:16:13.537] [gas-forecast-startup] [] [] [c.g.f.d.m.M.insert] [main] [DEBUG] - ==>  Preparing: INSERT INTO model_forecast_result_tb ( forecast_batch_no, forecast_date, forecast_value ) VALUES ( ?, ?, ? )
[2026-09-11 14:16:13.537] [gas-forecast-startup] [] [] [c.g.f.d.m.M.insert] [main] [DEBUG] - ==> Parameters: MSFC-PRESET-010(String), 2026-06-11(String), 57.0566147990927(BigDecimal)
[2026-09-11 14:16:13.538] [gas-forecast-startup] [] [] [c.g.f.d.m.M.insert] [main] [DEBUG] - <==    Updates: 1
[2026-09-11 14:16:13.538] [gas-forecast-startup] [] [] [c.g.f.d.m.M.insert] [main] [DEBUG] - ==>  Preparing: INSERT INTO model_forecast_result_tb ( forecast_batch_no, forecast_date, forecast_value ) VALUES ( ?, ?, ? )
[2026-09-11 14:16:13.538] [gas-forecast-startup] [] [] [c.g.f.d.m.M.insert] [main] [DEBUG] - ==> Parameters: MSFC-PRESET-010(String), 2026-06-12(String), 57.0566147990927(BigDecimal)
[2026-09-11 14:16:13.538] [gas-forecast-startup] [] [] [c.g.f.d.m.M.insert] [main] [DEBUG] - <==    Updates: 1
[2026-09-11 14:16:13.538] [gas-forecast-startup] [] [] [c.g.f.d.m.M.insert] [main] [DEBUG] - ==>  Preparing: INSERT INTO model_forecast_result_tb ( forecast_batch_no, forecast_date, forecast_value ) VALUES ( ?, ?, ? )
[2026-09-11 14:16:13.538] [gas-forecast-startup] [] [] [c.g.f.d.m.M.insert] [main] [DEBUG] - ==> Parameters: MSFC-PRESET-010(String), 2026-06-13(String), 55.93893243963648(BigDecimal)
[2026-09-11 14:16:13.538] [gas-forecast-startup] [] [] [c.g.f.d.m.M.insert] [main] [DEBUG] - <==    Updates: 1
[2026-09-11 14:16:13.538] [gas-forecast-startup] [] [] [c.g.f.d.m.M.insert] [main] [DEBUG] - ==>  Preparing: INSERT INTO model_forecast_result_tb ( forecast_batch_no, forecast_date, forecast_value ) VALUES ( ?, ?, ? )
[2026-09-11 14:16:13.538] [gas-forecast-startup] [] [] [c.g.f.d.m.M.insert] [main] [DEBUG] - ==> Parameters: MSFC-PRESET-010(String), 2026-06-14(String), 55.93893243963648(BigDecimal)
[2026-09-11 14:16:13.538] [gas-forecast-startup] [] [] [c.g.f.d.m.M.insert] [main] [DEBUG] - <==    Updates: 1
[2026-09-11 14:16:13.538] [gas-forecast-startup] [] [] [c.g.f.d.m.M.insert] [main] [DEBUG] - ==>  Preparing: INSERT INTO model_forecast_result_tb ( forecast_batch_no, forecast_date, forecast_value ) VALUES ( ?, ?, ? )
[2026-09-11 14:16:13.538] [gas-forecast-startup] [] [] [c.g.f.d.m.M.insert] [main] [DEBUG] - ==> Parameters: MSFC-PRESET-010(String), 2026-06-15(String), 56.42437357551396(BigDecimal)
[2026-09-11 14:16:13.538] [gas-forecast-startup] [] [] [c.g.f.d.m.M.insert] [main] [DEBUG] - <==    Updates: 1
[2026-09-11 14:16:13.538] [gas-forecast-startup] [] [] [c.g.f.d.m.M.insert] [main] [DEBUG] - ==>  Preparing: INSERT INTO model_forecast_result_tb ( forecast_batch_no, forecast_date, forecast_value ) VALUES ( ?, ?, ? )
[2026-09-11 14:16:13.538] [gas-forecast-startup] [] [] [c.g.f.d.m.M.insert] [main] [DEBUG] - ==> Parameters: MSFC-PRESET-010(String), 2026-06-16(String), 56.42437357551396(BigDecimal)
[2026-09-11 14:16:13.539] [gas-forecast-startup] [] [] [c.g.f.d.m.M.insert] [main] [DEBUG] - <==    Updates: 1
[2026-09-11 14:16:13.539] [gas-forecast-startup] [] [] [c.g.f.d.m.M.insert] [main] [DEBUG] - ==>  Preparing: INSERT INTO model_forecast_result_tb ( forecast_batch_no, forecast_date, forecast_value ) VALUES ( ?, ?, ? )
[2026-09-11 14:16:13.539] [gas-forecast-startup] [] [] [c.g.f.d.m.M.insert] [main] [DEBUG] - ==> Parameters: MSFC-PRESET-010(String), 2026-06-17(String), 56.42437357551396(BigDecimal)
[2026-09-11 14:16:13.539] [gas-forecast-startup] [] [] [c.g.f.d.m.M.insert] [main] [DEBUG] - <==    Updates: 1
[2026-09-11 14:16:13.539] [gas-forecast-startup] [] [] [c.g.f.d.m.M.insert] [main] [DEBUG] - ==>  Preparing: INSERT INTO model_forecast_result_tb ( forecast_batch_no, forecast_date, forecast_value ) VALUES ( ?, ?, ? )
[2026-09-11 14:16:13.539] [gas-forecast-startup] [] [] [c.g.f.d.m.M.insert] [main] [DEBUG] - ==> Parameters: MSFC-PRESET-010(String), 2026-06-18(String), 56.52252307319821(BigDecimal)
[2026-09-11 14:16:13.539] [gas-forecast-startup] [] [] [c.g.f.d.m.M.insert] [main] [DEBUG] - <==    Updates: 1
[2026-09-11 14:16:13.539] [gas-forecast-startup] [] [] [c.g.f.d.m.M.insert] [main] [DEBUG] - ==>  Preparing: INSERT INTO model_forecast_result_tb ( forecast_batch_no, forecast_date, forecast_value ) VALUES ( ?, ?, ? )
[2026-09-11 14:16:13.539] [gas-forecast-startup] [] [] [c.g.f.d.m.M.insert] [main] [DEBUG] - ==> Parameters: MSFC-PRESET-010(String), 2026-06-19(String), 56.21430113512974(BigDecimal)
[2026-09-11 14:16:13.539] [gas-forecast-startup] [] [] [c.g.f.d.m.M.insert] [main] [DEBUG] - <==    Updates: 1
[2026-09-11 14:16:13.539] [gas-forecast-startup] [] [] [c.g.f.d.m.M.insert] [main] [DEBUG] - ==>  Preparing: INSERT INTO model_forecast_result_tb ( forecast_batch_no, forecast_date, forecast_value ) VALUES ( ?, ?, ? )
[2026-09-11 14:16:13.539] [gas-forecast-startup] [] [] [c.g.f.d.m.M.insert] [main] [DEBUG] - ==> Parameters: MSFC-PRESET-010(String), 2026-06-20(String), 56.52252307319821(BigDecimal)
[2026-09-11 14:16:13.540] [gas-forecast-startup] [] [] [c.g.f.d.m.M.insert] [main] [DEBUG] - <==    Updates: 1
[2026-09-11 14:16:13.540] [gas-forecast-startup] [] [] [c.g.f.d.m.M.insert] [main] [DEBUG] - ==>  Preparing: INSERT INTO model_forecast_result_tb ( forecast_batch_no, forecast_date, forecast_value ) VALUES ( ?, ?, ? )
[2026-09-11 14:16:13.540] [gas-forecast-startup] [] [] [c.g.f.d.m.M.insert] [main] [DEBUG] - ==> Parameters: MSFC-PRESET-010(String), 2026-06-21(String), 56.52252307319821(BigDecimal)
[2026-09-11 14:16:13.540] [gas-forecast-startup] [] [] [c.g.f.d.m.M.insert] [main] [DEBUG] - <==    Updates: 1
[2026-09-11 14:16:13.540] [gas-forecast-startup] [] [] [c.g.f.d.m.M.insert] [main] [DEBUG] - ==>  Preparing: INSERT INTO model_forecast_result_tb ( forecast_batch_no, forecast_date, forecast_value ) VALUES ( ?, ?, ? )
[2026-09-11 14:16:13.540] [gas-forecast-startup] [] [] [c.g.f.d.m.M.insert] [main] [DEBUG] - ==> Parameters: MSFC-PRESET-010(String), 2026-06-22(String), 56.69974227100722(BigDecimal)
[2026-09-11 14:16:13.540] [gas-forecast-startup] [] [] [c.g.f.d.m.M.insert] [main] [DEBUG] - <==    Updates: 1
[2026-09-11 14:16:13.540] [gas-forecast-startup] [] [] [c.g.f.d.m.M.insert] [main] [DEBUG] - ==>  Preparing: INSERT INTO model_forecast_result_tb ( forecast_batch_no, forecast_date, forecast_value ) VALUES ( ?, ?, ? )
[2026-09-11 14:16:13.540] [gas-forecast-startup] [] [] [c.g.f.d.m.M.insert] [main] [DEBUG] - ==> Parameters: MSFC-PRESET-010(String), 2026-06-23(String), 56.69974227100722(BigDecimal)
[2026-09-11 14:16:13.540] [gas-forecast-startup] [] [] [c.g.f.d.m.M.insert] [main] [DEBUG] - <==    Updates: 1
[2026-09-11 14:16:13.540] [gas-forecast-startup] [] [] [c.g.f.d.m.M.insert] [main] [DEBUG] - ==>  Preparing: INSERT INTO model_forecast_result_tb ( forecast_batch_no, forecast_date, forecast_value ) VALUES ( ?, ?, ? )
[2026-09-11 14:16:13.540] [gas-forecast-startup] [] [] [c.g.f.d.m.M.insert] [main] [DEBUG] - ==> Parameters: MSFC-PRESET-010(String), 2026-06-24(String), 56.69974227100722(BigDecimal)
[2026-09-11 14:16:13.541] [gas-forecast-startup] [] [] [c.g.f.d.m.M.insert] [main] [DEBUG] - <==    Updates: 1
[2026-09-11 14:16:13.541] [gas-forecast-startup] [] [] [c.g.f.d.m.M.insert] [main] [DEBUG] - ==>  Preparing: INSERT INTO model_forecast_result_tb ( forecast_batch_no, forecast_date, forecast_value ) VALUES ( ?, ?, ? )
[2026-09-11 14:16:13.541] [gas-forecast-startup] [] [] [c.g.f.d.m.M.insert] [main] [DEBUG] - ==> Parameters: MSFC-PRESET-010(String), 2026-06-25(String), 56.21430113512974(BigDecimal)
[2026-09-11 14:16:13.541] [gas-forecast-startup] [] [] [c.g.f.d.m.M.insert] [main] [DEBUG] - <==    Updates: 1
[2026-09-11 14:16:13.541] [gas-forecast-startup] [] [] [c.g.f.d.m.M.insert] [main] [DEBUG] - ==>  Preparing: INSERT INTO model_forecast_result_tb ( forecast_batch_no, forecast_date, forecast_value ) VALUES ( ?, ?, ? )
[2026-09-11 14:16:13.541] [gas-forecast-startup] [] [] [c.g.f.d.m.M.insert] [main] [DEBUG] - ==> Parameters: MSFC-PRESET-010(String), 2026-06-26(String), 56.21430113512974(BigDecimal)
[2026-09-11 14:16:13.541] [gas-forecast-startup] [] [] [c.g.f.d.m.M.insert] [main] [DEBUG] - <==    Updates: 1
[2026-09-11 14:16:13.541] [gas-forecast-startup] [] [] [c.g.f.d.m.M.insert] [main] [DEBUG] - ==>  Preparing: INSERT INTO model_forecast_result_tb ( forecast_batch_no, forecast_date, forecast_value ) VALUES ( ?, ?, ? )
[2026-09-11 14:16:13.541] [gas-forecast-startup] [] [] [c.g.f.d.m.M.insert] [main] [DEBUG] - ==> Parameters: MSFC-PRESET-010(String), 2026-06-27(String), 56.855889442417215(BigDecimal)
[2026-09-11 14:16:13.541] [gas-forecast-startup] [] [] [c.g.f.d.m.M.insert] [main] [DEBUG] - <==    Updates: 1
[2026-09-11 14:16:13.541] [gas-forecast-startup] [] [] [c.g.f.d.m.M.insert] [main] [DEBUG] - ==>  Preparing: INSERT INTO model_forecast_result_tb ( forecast_batch_no, forecast_date, forecast_value ) VALUES ( ?, ?, ? )
[2026-09-11 14:16:13.541] [gas-forecast-startup] [] [] [c.g.f.d.m.M.insert] [main] [DEBUG] - ==> Parameters: MSFC-PRESET-010(String), 2026-06-28(String), 57.29076202529846(BigDecimal)
[2026-09-11 14:16:13.541] [gas-forecast-startup] [] [] [c.g.f.d.m.M.insert] [main] [DEBUG] - <==    Updates: 1
[2026-09-11 14:16:13.541] [gas-forecast-startup] [] [] [c.g.f.d.m.M.insert] [main] [DEBUG] - ==>  Preparing: INSERT INTO model_forecast_result_tb ( forecast_batch_no, forecast_date, forecast_value ) VALUES ( ?, ?, ? )
[2026-09-11 14:16:13.542] [gas-forecast-startup] [] [] [c.g.f.d.m.M.insert] [main] [DEBUG] - ==> Parameters: MSFC-PRESET-010(String), 2026-06-29(String), 59.79831470501866(BigDecimal)
[2026-09-11 14:16:13.542] [gas-forecast-startup] [] [] [c.g.f.d.m.M.insert] [main] [DEBUG] - <==    Updates: 1
[2026-09-11 14:16:13.542] [gas-forecast-startup] [] [] [c.g.f.d.m.M.insert] [main] [DEBUG] - ==>  Preparing: INSERT INTO model_forecast_result_tb ( forecast_batch_no, forecast_date, forecast_value ) VALUES ( ?, ?, ? )
[2026-09-11 14:16:13.542] [gas-forecast-startup] [] [] [c.g.f.d.m.M.insert] [main] [DEBUG] - ==> Parameters: MSFC-PRESET-010(String), 2026-06-30(String), 60.07386884482733(BigDecimal)
[2026-09-11 14:16:13.542] [gas-forecast-startup] [] [] [c.g.f.d.m.M.insert] [main] [DEBUG] - <==    Updates: 1
[2026-09-11 14:16:13.542] [gas-forecast-startup] [] [] [c.g.f.d.m.M.insert] [main] [DEBUG] - ==>  Preparing: INSERT INTO model_forecast_result_tb ( forecast_batch_no, forecast_date, forecast_value ) VALUES ( ?, ?, ? )
[2026-09-11 14:16:13.542] [gas-forecast-startup] [] [] [c.g.f.d.m.M.insert] [main] [DEBUG] - ==> Parameters: MSFC-PRESET-010(String), 2026-07-01(String), 64.61953858033031(BigDecimal)
[2026-09-11 14:16:13.542] [gas-forecast-startup] [] [] [c.g.f.d.m.M.insert] [main] [DEBUG] - <==    Updates: 1
[2026-09-11 14:16:13.542] [gas-forecast-startup] [] [] [c.g.f.d.m.M.insert] [main] [DEBUG] - ==>  Preparing: INSERT INTO model_forecast_result_tb ( forecast_batch_no, forecast_date, forecast_value ) VALUES ( ?, ?, ? )
[2026-09-11 14:16:13.542] [gas-forecast-startup] [] [] [c.g.f.d.m.M.insert] [main] [DEBUG] - ==> Parameters: MSFC-PRESET-010(String), 2026-07-02(String), 63.92127342808494(BigDecimal)
[2026-09-11 14:16:13.542] [gas-forecast-startup] [] [] [c.g.f.d.m.M.insert] [main] [DEBUG] - <==    Updates: 1
[2026-09-11 14:16:13.542] [gas-forecast-startup] [] [] [c.g.f.d.m.M.insert] [main] [DEBUG] - ==>  Preparing: INSERT INTO model_forecast_result_tb ( forecast_batch_no, forecast_date, forecast_value ) VALUES ( ?, ?, ? )
[2026-09-11 14:16:13.542] [gas-forecast-startup] [] [] [c.g.f.d.m.M.insert] [main] [DEBUG] - ==> Parameters: MSFC-PRESET-010(String), 2026-07-03(String), 63.63947491342807(BigDecimal)
[2026-09-11 14:16:13.543] [gas-forecast-startup] [] [] [c.g.f.d.m.M.insert] [main] [DEBUG] - <==    Updates: 1
[2026-09-11 14:16:13.543] [gas-forecast-startup] [] [] [c.g.f.d.m.M.insert] [main] [DEBUG] - ==>  Preparing: INSERT INTO model_forecast_result_tb ( forecast_batch_no, forecast_date, forecast_value ) VALUES ( ?, ?, ? )
[2026-09-11 14:16:13.543] [gas-forecast-startup] [] [] [c.g.f.d.m.M.insert] [main] [DEBUG] - ==> Parameters: MSFC-PRESET-010(String), 2026-07-04(String), 63.24705503905904(BigDecimal)
[2026-09-11 14:16:13.543] [gas-forecast-startup] [] [] [c.g.f.d.m.M.insert] [main] [DEBUG] - <==    Updates: 1
[2026-09-11 14:16:13.543] [gas-forecast-startup] [] [] [c.g.f.d.m.M.insert] [main] [DEBUG] - ==>  Preparing: INSERT INTO model_forecast_result_tb ( forecast_batch_no, forecast_date, forecast_value ) VALUES ( ?, ?, ? )
[2026-09-11 14:16:13.543] [gas-forecast-startup] [] [] [c.g.f.d.m.M.insert] [main] [DEBUG] - ==> Parameters: MSFC-PRESET-010(String), 2026-07-05(String), 60.36482681508348(BigDecimal)
[2026-09-11 14:16:13.543] [gas-forecast-startup] [] [] [c.g.f.d.m.M.insert] [main] [DEBUG] - <==    Updates: 1
[2026-09-11 14:16:13.543] [gas-forecast-startup] [] [] [c.g.f.d.m.M.insert] [main] [DEBUG] - ==>  Preparing: INSERT INTO model_forecast_result_tb ( forecast_batch_no, forecast_date, forecast_value ) VALUES ( ?, ?, ? )
[2026-09-11 14:16:13.543] [gas-forecast-startup] [] [] [c.g.f.d.m.M.insert] [main] [DEBUG] - ==> Parameters: MSFC-PRESET-010(String), 2026-07-06(String), 60.85026795096096(BigDecimal)
[2026-09-11 14:16:13.543] [gas-forecast-startup] [] [] [c.g.f.d.m.M.insert] [main] [DEBUG] - <==    Updates: 1
[2026-09-11 14:16:13.543] [gas-forecast-startup] [] [] [c.g.f.d.m.M.insert] [main] [DEBUG] - ==>  Preparing: INSERT INTO model_forecast_result_tb ( forecast_batch_no, forecast_date, forecast_value ) VALUES ( ?, ?, ? )
[2026-09-11 14:16:13.543] [gas-forecast-startup] [] [] [c.g.f.d.m.M.insert] [main] [DEBUG] - ==> Parameters: MSFC-PRESET-010(String), 2026-07-07(String), 60.20867964367347(BigDecimal)
[2026-09-11 14:16:13.544] [gas-forecast-startup] [] [] [c.g.f.d.m.M.insert] [main] [DEBUG] - <==    Updates: 1
[2026-09-11 14:16:13.544] [gas-forecast-startup] [] [] [c.g.f.d.m.M.insert] [main] [DEBUG] - ==>  Preparing: INSERT INTO model_forecast_result_tb ( forecast_batch_no, forecast_date, forecast_value ) VALUES ( ?, ?, ? )
[2026-09-11 14:16:13.544] [gas-forecast-startup] [] [] [c.g.f.d.m.M.insert] [main] [DEBUG] - ==> Parameters: MSFC-PRESET-010(String), 2026-07-08(String), 58.15874780320163(BigDecimal)
[2026-09-11 14:16:13.544] [gas-forecast-startup] [] [] [c.g.f.d.m.M.insert] [main] [DEBUG] - <==    Updates: 1
[2026-09-11 14:16:13.544] [gas-forecast-startup] [] [] [c.g.f.d.m.M.insert] [main] [DEBUG] - ==>  Preparing: INSERT INTO model_forecast_result_tb ( forecast_batch_no, forecast_date, forecast_value ) VALUES ( ?, ?, ? )
[2026-09-11 14:16:13.544] [gas-forecast-startup] [] [] [c.g.f.d.m.M.insert] [main] [DEBUG] - ==> Parameters: MSFC-PRESET-010(String), 2026-07-09(String), 56.6313707018411(BigDecimal)
[2026-09-11 14:16:13.544] [gas-forecast-startup] [] [] [c.g.f.d.m.M.insert] [main] [DEBUG] - <==    Updates: 1
[2026-09-11 14:16:13.544] [gas-forecast-startup] [] [] [c.g.f.d.m.M.insert] [main] [DEBUG] - ==>  Preparing: INSERT INTO model_forecast_result_tb ( forecast_batch_no, forecast_date, forecast_value ) VALUES ( ?, ?, ? )
[2026-09-11 14:16:13.544] [gas-forecast-startup] [] [] [c.g.f.d.m.M.insert] [main] [DEBUG] - ==> Parameters: MSFC-PRESET-010(String), 2026-07-10(String), 56.6313707018411(BigDecimal)
[2026-09-11 14:16:13.544] [gas-forecast-startup] [] [] [c.g.f.d.m.M.insert] [main] [DEBUG] - <==    Updates: 1
[2026-09-11 14:16:13.544] [gas-forecast-startup] [] [] [c.g.f.d.m.M.insert] [main] [DEBUG] - ==>  Preparing: INSERT INTO model_forecast_result_tb ( forecast_batch_no, forecast_date, forecast_value ) VALUES ( ?, ?, ? )
[2026-09-11 14:16:13.544] [gas-forecast-startup] [] [] [c.g.f.d.m.M.insert] [main] [DEBUG] - ==> Parameters: MSFC-PRESET-010(String), 2026-07-11(String), 56.6313707018411(BigDecimal)
[2026-09-11 14:16:13.544] [gas-forecast-startup] [] [] [c.g.f.d.m.M.insert] [main] [DEBUG] - <==    Updates: 1
[2026-09-11 14:16:13.544] [gas-forecast-startup] [] [] [c.g.f.d.m.M.insert] [main] [DEBUG] - ==>  Preparing: INSERT INTO model_forecast_result_tb ( forecast_batch_no, forecast_date, forecast_value ) VALUES ( ?, ?, ? )
[2026-09-11 14:16:13.545] [gas-forecast-startup] [] [] [c.g.f.d.m.M.insert] [main] [DEBUG] - ==> Parameters: MSFC-PRESET-010(String), 2026-07-12(String), 56.6313707018411(BigDecimal)
[2026-09-11 14:16:13.545] [gas-forecast-startup] [] [] [c.g.f.d.m.M.insert] [main] [DEBUG] - <==    Updates: 1
[2026-09-11 14:16:13.545] [gas-forecast-startup] [] [] [c.g.f.d.m.M.insert] [main] [DEBUG] - ==>  Preparing: INSERT INTO model_forecast_result_tb ( forecast_batch_no, forecast_date, forecast_value ) VALUES ( ?, ?, ? )
[2026-09-11 14:16:13.545] [gas-forecast-startup] [] [] [c.g.f.d.m.M.insert] [main] [DEBUG] - ==> Parameters: MSFC-PRESET-010(String), 2026-07-13(String), 55.99912947826236(BigDecimal)
[2026-09-11 14:16:13.545] [gas-forecast-startup] [] [] [c.g.f.d.m.M.insert] [main] [DEBUG] - <==    Updates: 1
[2026-09-11 14:16:13.545] [gas-forecast-startup] [] [] [c.g.f.d.m.M.insert] [main] [DEBUG] - ==>  Preparing: INSERT INTO model_forecast_result_tb ( forecast_batch_no, forecast_date, forecast_value ) VALUES ( ?, ?, ? )
[2026-09-11 14:16:13.545] [gas-forecast-startup] [] [] [c.g.f.d.m.M.insert] [main] [DEBUG] - ==> Parameters: MSFC-PRESET-010(String), 2026-07-14(String), 55.99912947826236(BigDecimal)
[2026-09-11 14:16:13.545] [gas-forecast-startup] [] [] [c.g.f.d.m.M.insert] [main] [DEBUG] - <==    Updates: 1
[2026-09-11 14:16:13.545] [gas-forecast-startup] [] [] [c.g.f.d.m.M.insert] [main] [DEBUG] - ==>  Preparing: INSERT INTO model_forecast_result_tb ( forecast_batch_no, forecast_date, forecast_value ) VALUES ( ?, ?, ? )
[2026-09-11 14:16:13.545] [gas-forecast-startup] [] [] [c.g.f.d.m.M.insert] [main] [DEBUG] - ==> Parameters: MSFC-PRESET-010(String), 2026-07-15(String), 55.99912947826236(BigDecimal)
[2026-09-11 14:16:13.545] [gas-forecast-startup] [] [] [c.g.f.d.m.M.insert] [main] [DEBUG] - <==    Updates: 1
[2026-09-11 14:16:13.545] [gas-forecast-startup] [] [] [c.g.f.d.m.M.insert] [main] [DEBUG] - ==>  Preparing: INSERT INTO model_forecast_result_tb ( forecast_batch_no, forecast_date, forecast_value ) VALUES ( ?, ?, ? )
[2026-09-11 14:16:13.545] [gas-forecast-startup] [] [] [c.g.f.d.m.M.insert] [main] [DEBUG] - ==> Parameters: MSFC-PRESET-010(String), 2026-07-16(String), 55.51368834238488(BigDecimal)
[2026-09-11 14:16:13.546] [gas-forecast-startup] [] [] [c.g.f.d.m.M.insert] [main] [DEBUG] - <==    Updates: 1
[2026-09-11 14:16:13.546] [gas-forecast-startup] [] [] [c.g.f.d.m.M.insert] [main] [DEBUG] - ==>  Preparing: INSERT INTO model_forecast_result_tb ( forecast_batch_no, forecast_date, forecast_value ) VALUES ( ?, ?, ? )
[2026-09-11 14:16:13.546] [gas-forecast-startup] [] [] [c.g.f.d.m.M.insert] [main] [DEBUG] - ==> Parameters: MSFC-PRESET-010(String), 2026-07-17(String), 55.51368834238488(BigDecimal)
[2026-09-11 14:16:13.546] [gas-forecast-startup] [] [] [c.g.f.d.m.M.insert] [main] [DEBUG] - <==    Updates: 1
[2026-09-11 14:16:13.546] [gas-forecast-startup] [] [] [c.g.f.d.m.M.insert] [main] [DEBUG] - ==>  Preparing: INSERT INTO model_forecast_result_tb ( forecast_batch_no, forecast_date, forecast_value ) VALUES ( ?, ?, ? )
[2026-09-11 14:16:13.546] [gas-forecast-startup] [] [] [c.g.f.d.m.M.insert] [main] [DEBUG] - ==> Parameters: MSFC-PRESET-010(String), 2026-07-18(String), 55.78905703787814(BigDecimal)
[2026-09-11 14:16:13.546] [gas-forecast-startup] [] [] [c.g.f.d.m.M.insert] [main] [DEBUG] - <==    Updates: 1
[2026-09-11 14:16:13.546] [gas-forecast-startup] [] [] [c.g.f.d.m.M.insert] [main] [DEBUG] - ==>  Preparing: INSERT INTO model_forecast_result_tb ( forecast_batch_no, forecast_date, forecast_value ) VALUES ( ?, ?, ? )
[2026-09-11 14:16:13.546] [gas-forecast-startup] [] [] [c.g.f.d.m.M.insert] [main] [DEBUG] - ==> Parameters: MSFC-PRESET-010(String), 2026-07-19(String), 55.78905703787814(BigDecimal)
[2026-09-11 14:16:13.546] [gas-forecast-startup] [] [] [c.g.f.d.m.M.insert] [main] [DEBUG] - <==    Updates: 1
[2026-09-11 14:16:13.546] [gas-forecast-startup] [] [] [c.g.f.d.m.M.insert] [main] [DEBUG] - ==>  Preparing: INSERT INTO model_forecast_result_tb ( forecast_batch_no, forecast_date, forecast_value ) VALUES ( ?, ?, ? )
[2026-09-11 14:16:13.547] [gas-forecast-startup] [] [] [c.g.f.d.m.M.insert] [main] [DEBUG] - ==> Parameters: MSFC-PRESET-010(String), 2026-07-20(String), 56.27449817375562(BigDecimal)
[2026-09-11 14:16:13.547] [gas-forecast-startup] [] [] [c.g.f.d.m.M.insert] [main] [DEBUG] - <==    Updates: 1
[2026-09-11 14:16:13.547] [gas-forecast-startup] [] [] [c.g.f.d.m.M.insert] [main] [DEBUG] - ==>  Preparing: INSERT INTO model_forecast_result_tb ( forecast_batch_no, forecast_date, forecast_value ) VALUES ( ?, ?, ? )
[2026-09-11 14:16:13.547] [gas-forecast-startup] [] [] [c.g.f.d.m.M.insert] [main] [DEBUG] - ==> Parameters: MSFC-PRESET-010(String), 2026-07-21(String), 56.27449817375562(BigDecimal)
[2026-09-11 14:16:13.547] [gas-forecast-startup] [] [] [c.g.f.d.m.M.insert] [main] [DEBUG] - <==    Updates: 1
[2026-09-11 14:16:13.547] [gas-forecast-startup] [] [] [c.g.f.d.m.M.insert] [main] [DEBUG] - ==>  Preparing: INSERT INTO model_forecast_result_tb ( forecast_batch_no, forecast_date, forecast_value ) VALUES ( ?, ?, ? )
[2026-09-11 14:16:13.547] [gas-forecast-startup] [] [] [c.g.f.d.m.M.insert] [main] [DEBUG] - ==> Parameters: MSFC-PRESET-010(String), 2026-07-22(String), 56.27449817375562(BigDecimal)
[2026-09-11 14:16:13.547] [gas-forecast-startup] [] [] [c.g.f.d.m.M.insert] [main] [DEBUG] - <==    Updates: 1
[2026-09-11 14:16:13.547] [gas-forecast-startup] [] [] [c.g.f.d.m.M.insert] [main] [DEBUG] - ==>  Preparing: INSERT INTO model_forecast_result_tb ( forecast_batch_no, forecast_date, forecast_value ) VALUES ( ?, ?, ? )
[2026-09-11 14:16:13.547] [gas-forecast-startup] [] [] [c.g.f.d.m.M.insert] [main] [DEBUG] - ==> Parameters: MSFC-PRESET-010(String), 2026-07-23(String), 55.78905703787814(BigDecimal)
[2026-09-11 14:16:13.548] [gas-forecast-startup] [] [] [c.g.f.d.m.M.insert] [main] [DEBUG] - <==    Updates: 1
[2026-09-11 14:16:13.548] [gas-forecast-startup] [] [] [c.g.f.d.m.M.insert] [main] [DEBUG] - ==>  Preparing: INSERT INTO model_forecast_result_tb ( forecast_batch_no, forecast_date, forecast_value ) VALUES ( ?, ?, ? )
[2026-09-11 14:16:13.548] [gas-forecast-startup] [] [] [c.g.f.d.m.M.insert] [main] [DEBUG] - ==> Parameters: MSFC-PRESET-010(String), 2026-07-24(String), 55.78905703787814(BigDecimal)
[2026-09-11 14:16:13.548] [gas-forecast-startup] [] [] [c.g.f.d.m.M.insert] [main] [DEBUG] - <==    Updates: 1
[2026-09-11 14:16:13.548] [gas-forecast-startup] [] [] [c.g.f.d.m.M.insert] [main] [DEBUG] - ==>  Preparing: INSERT INTO model_forecast_result_tb ( forecast_batch_no, forecast_date, forecast_value ) VALUES ( ?, ?, ? )
[2026-09-11 14:16:13.548] [gas-forecast-startup] [] [] [c.g.f.d.m.M.insert] [main] [DEBUG] - ==> Parameters: MSFC-PRESET-010(String), 2026-07-25(String), 55.78905703787814(BigDecimal)
[2026-09-11 14:16:13.548] [gas-forecast-startup] [] [] [c.g.f.d.m.M.insert] [main] [DEBUG] - <==    Updates: 1
[2026-09-11 14:16:13.548] [gas-forecast-startup] [] [] [c.g.f.d.m.M.insert] [main] [DEBUG] - ==>  Preparing: INSERT INTO model_forecast_result_tb ( forecast_batch_no, forecast_date, forecast_value ) VALUES ( ?, ?, ? )
[2026-09-11 14:16:13.548] [gas-forecast-startup] [] [] [c.g.f.d.m.M.insert] [main] [DEBUG] - ==> Parameters: MSFC-PRESET-010(String), 2026-07-26(String), 55.78905703787814(BigDecimal)
[2026-09-11 14:16:13.549] [gas-forecast-startup] [] [] [c.g.f.d.m.M.insert] [main] [DEBUG] - <==    Updates: 1
[2026-09-11 14:16:13.549] [gas-forecast-startup] [] [] [c.g.f.d.m.M.insert] [main] [DEBUG] - ==>  Preparing: INSERT INTO model_forecast_result_tb ( forecast_batch_no, forecast_date, forecast_value ) VALUES ( ?, ?, ? )
[2026-09-11 14:16:13.549] [gas-forecast-startup] [] [] [c.g.f.d.m.M.insert] [main] [DEBUG] - ==> Parameters: MSFC-PRESET-010(String), 2026-07-27(String), 56.27449817375562(BigDecimal)
[2026-09-11 14:16:13.549] [gas-forecast-startup] [] [] [c.g.f.d.m.M.insert] [main] [DEBUG] - <==    Updates: 1
[2026-09-11 14:16:13.549] [gas-forecast-startup] [] [] [c.g.f.d.m.M.insert] [main] [DEBUG] - ==>  Preparing: INSERT INTO model_forecast_result_tb ( forecast_batch_no, forecast_date, forecast_value ) VALUES ( ?, ?, ? )
[2026-09-11 14:16:13.549] [gas-forecast-startup] [] [] [c.g.f.d.m.M.insert] [main] [DEBUG] - ==> Parameters: MSFC-PRESET-010(String), 2026-07-28(String), 56.27449817375562(BigDecimal)
[2026-09-11 14:16:13.549] [gas-forecast-startup] [] [] [c.g.f.d.m.M.insert] [main] [DEBUG] - <==    Updates: 1
[2026-09-11 14:16:13.549] [gas-forecast-startup] [] [] [c.g.f.d.m.M.insert] [main] [DEBUG] - ==>  Preparing: INSERT INTO model_forecast_result_tb ( forecast_batch_no, forecast_date, forecast_value ) VALUES ( ?, ?, ? )
[2026-09-11 14:16:13.549] [gas-forecast-startup] [] [] [c.g.f.d.m.M.insert] [main] [DEBUG] - ==> Parameters: MSFC-PRESET-010(String), 2026-07-29(String), 56.27449817375562(BigDecimal)
[2026-09-11 14:16:13.549] [gas-forecast-startup] [] [] [c.g.f.d.m.M.insert] [main] [DEBUG] - <==    Updates: 1
[2026-09-11 14:16:13.549] [gas-forecast-startup] [] [] [c.g.f.d.m.M.insert] [main] [DEBUG] - ==>  Preparing: INSERT INTO model_forecast_result_tb ( forecast_batch_no, forecast_date, forecast_value ) VALUES ( ?, ?, ? )
[2026-09-11 14:16:13.549] [gas-forecast-startup] [] [] [c.g.f.d.m.M.insert] [main] [DEBUG] - ==> Parameters: MSFC-PRESET-010(String), 2026-07-30(String), 55.78905703787814(BigDecimal)
[2026-09-11 14:16:13.550] [gas-forecast-startup] [] [] [c.g.f.d.m.M.insert] [main] [DEBUG] - <==    Updates: 1
[2026-09-11 14:16:13.550] [gas-forecast-startup] [] [] [c.g.f.d.m.M.insert] [main] [DEBUG] - ==>  Preparing: INSERT INTO model_forecast_result_tb ( forecast_batch_no, forecast_date, forecast_value ) VALUES ( ?, ?, ? )
[2026-09-11 14:16:13.550] [gas-forecast-startup] [] [] [c.g.f.d.m.M.insert] [main] [DEBUG] - ==> Parameters: MSFC-PRESET-010(String), 2026-07-31(String), 55.78905703787814(BigDecimal)
[2026-09-11 14:16:13.550] [gas-forecast-startup] [] [] [c.g.f.d.m.M.insert] [main] [DEBUG] - <==    Updates: 1
[2026-09-11 14:16:13.550] [gas-forecast-startup] [] [] [c.g.f.d.m.M.insert] [main] [DEBUG] - ==>  Preparing: INSERT INTO model_forecast_result_tb ( forecast_batch_no, forecast_date, forecast_value ) VALUES ( ?, ?, ? )
[2026-09-11 14:16:13.550] [gas-forecast-startup] [] [] [c.g.f.d.m.M.insert] [main] [DEBUG] - ==> Parameters: MSFC-PRESET-010(String), 2026-08-01(String), 60.27379103918595(BigDecimal)
[2026-09-11 14:16:13.550] [gas-forecast-startup] [] [] [c.g.f.d.m.M.insert] [main] [DEBUG] - <==    Updates: 1
[2026-09-11 14:16:13.550] [gas-forecast-startup] [] [] [c.g.f.d.m.M.insert] [main] [DEBUG] - ==>  Preparing: INSERT INTO model_forecast_result_tb ( forecast_batch_no, forecast_date, forecast_value ) VALUES ( ?, ?, ? )
[2026-09-11 14:16:13.550] [gas-forecast-startup] [] [] [c.g.f.d.m.M.insert] [main] [DEBUG] - ==> Parameters: MSFC-PRESET-010(String), 2026-08-02(String), 59.72323850779598(BigDecimal)
[2026-09-11 14:16:13.550] [gas-forecast-startup] [] [] [c.g.f.d.m.M.insert] [main] [DEBUG] - <==    Updates: 1
[2026-09-11 14:16:13.550] [gas-forecast-startup] [] [] [c.g.f.d.m.M.insert] [main] [DEBUG] - ==>  Preparing: INSERT INTO model_forecast_result_tb ( forecast_batch_no, forecast_date, forecast_value ) VALUES ( ?, ?, ? )
[2026-09-11 14:16:13.550] [gas-forecast-startup] [] [] [c.g.f.d.m.M.insert] [main] [DEBUG] - ==> Parameters: MSFC-PRESET-010(String), 2026-08-03(String), 60.20867964367347(BigDecimal)
[2026-09-11 14:16:13.552] [gas-forecast-startup] [] [] [c.g.f.d.m.M.insert] [main] [DEBUG] - <==    Updates: 1
[2026-09-11 14:16:13.552] [gas-forecast-startup] [] [] [c.g.f.d.m.M.insert] [main] [DEBUG] - ==>  Preparing: INSERT INTO model_forecast_result_tb ( forecast_batch_no, forecast_date, forecast_value ) VALUES ( ?, ?, ? )
[2026-09-11 14:16:13.552] [gas-forecast-startup] [] [] [c.g.f.d.m.M.insert] [main] [DEBUG] - ==> Parameters: MSFC-PRESET-010(String), 2026-08-04(String), 60.20867964367347(BigDecimal)
[2026-09-11 14:16:13.552] [gas-forecast-startup] [] [] [c.g.f.d.m.M.insert] [main] [DEBUG] - <==    Updates: 1
[2026-09-11 14:16:13.552] [gas-forecast-startup] [] [] [c.g.f.d.m.M.insert] [main] [DEBUG] - ==>  Preparing: INSERT INTO model_forecast_result_tb ( forecast_batch_no, forecast_date, forecast_value ) VALUES ( ?, ?, ? )
[2026-09-11 14:16:13.552] [gas-forecast-startup] [] [] [c.g.f.d.m.M.insert] [main] [DEBUG] - ==> Parameters: MSFC-PRESET-010(String), 2026-08-05(String), 60.20867964367347(BigDecimal)
[2026-09-11 14:16:13.552] [gas-forecast-startup] [] [] [c.g.f.d.m.M.insert] [main] [DEBUG] - <==    Updates: 1
[2026-09-11 14:16:13.552] [gas-forecast-startup] [] [] [c.g.f.d.m.M.insert] [main] [DEBUG] - ==>  Preparing: INSERT INTO model_forecast_result_tb ( forecast_batch_no, forecast_date, forecast_value ) VALUES ( ?, ?, ? )
[2026-09-11 14:16:13.553] [gas-forecast-startup] [] [] [c.g.f.d.m.M.insert] [main] [DEBUG] - ==> Parameters: MSFC-PRESET-010(String), 2026-08-06(String), 59.72323850779598(BigDecimal)
[2026-09-11 14:16:13.553] [gas-forecast-startup] [] [] [c.g.f.d.m.M.insert] [main] [DEBUG] - <==    Updates: 1
[2026-09-11 14:16:13.553] [gas-forecast-startup] [] [] [c.g.f.d.m.M.insert] [main] [DEBUG] - ==>  Preparing: INSERT INTO model_forecast_result_tb ( forecast_batch_no, forecast_date, forecast_value ) VALUES ( ?, ?, ? )
[2026-09-11 14:16:13.553] [gas-forecast-startup] [] [] [c.g.f.d.m.M.insert] [main] [DEBUG] - ==> Parameters: MSFC-PRESET-010(String), 2026-08-07(String), 59.72323850779598(BigDecimal)
[2026-09-11 14:16:13.553] [gas-forecast-startup] [] [] [c.g.f.d.m.M.insert] [main] [DEBUG] - <==    Updates: 1
[2026-09-11 14:16:13.553] [gas-forecast-startup] [] [] [c.g.f.d.m.M.insert] [main] [DEBUG] - ==>  Preparing: INSERT INTO model_forecast_result_tb ( forecast_batch_no, forecast_date, forecast_value ) VALUES ( ?, ?, ? )
[2026-09-11 14:16:13.553] [gas-forecast-startup] [] [] [c.g.f.d.m.M.insert] [main] [DEBUG] - ==> Parameters: MSFC-PRESET-010(String), 2026-08-08(String), 57.67330666732414(BigDecimal)
[2026-09-11 14:16:13.553] [gas-forecast-startup] [] [] [c.g.f.d.m.M.insert] [main] [DEBUG] - <==    Updates: 1
[2026-09-11 14:16:13.553] [gas-forecast-startup] [] [] [c.g.f.d.m.M.insert] [main] [DEBUG] - ==>  Preparing: INSERT INTO model_forecast_result_tb ( forecast_batch_no, forecast_date, forecast_value ) VALUES ( ?, ?, ? )
[2026-09-11 14:16:13.553] [gas-forecast-startup] [] [] [c.g.f.d.m.M.insert] [main] [DEBUG] - ==> Parameters: MSFC-PRESET-010(String), 2026-08-09(String), 56.6313707018411(BigDecimal)
[2026-09-11 14:16:13.553] [gas-forecast-startup] [] [] [c.g.f.d.m.M.insert] [main] [DEBUG] - <==    Updates: 1
[2026-09-11 14:16:13.553] [gas-forecast-startup] [] [] [c.g.f.d.m.M.insert] [main] [DEBUG] - ==>  Preparing: INSERT INTO model_forecast_result_tb ( forecast_batch_no, forecast_date, forecast_value ) VALUES ( ?, ?, ? )
[2026-09-11 14:16:13.553] [gas-forecast-startup] [] [] [c.g.f.d.m.M.insert] [main] [DEBUG] - ==> Parameters: MSFC-PRESET-010(String), 2026-08-10(String), 57.116811837718586(BigDecimal)
[2026-09-11 14:16:13.554] [gas-forecast-startup] [] [] [c.g.f.d.m.M.insert] [main] [DEBUG] - <==    Updates: 1
[2026-09-11 14:16:13.554] [gas-forecast-startup] [] [] [c.g.f.d.m.M.insert] [main] [DEBUG] - ==>  Preparing: INSERT INTO model_forecast_result_tb ( forecast_batch_no, forecast_date, forecast_value ) VALUES ( ?, ?, ? )
[2026-09-11 14:16:13.554] [gas-forecast-startup] [] [] [c.g.f.d.m.M.insert] [main] [DEBUG] - ==> Parameters: MSFC-PRESET-010(String), 2026-08-11(String), 57.116811837718586(BigDecimal)
[2026-09-11 14:16:13.554] [gas-forecast-startup] [] [] [c.g.f.d.m.M.insert] [main] [DEBUG] - <==    Updates: 1
[2026-09-11 14:16:13.554] [gas-forecast-startup] [] [] [c.g.f.d.m.M.insert] [main] [DEBUG] - ==>  Preparing: INSERT INTO model_forecast_result_tb ( forecast_batch_no, forecast_date, forecast_value ) VALUES ( ?, ?, ? )
[2026-09-11 14:16:13.554] [gas-forecast-startup] [] [] [c.g.f.d.m.M.insert] [main] [DEBUG] - ==> Parameters: MSFC-PRESET-010(String), 2026-08-12(String), 57.116811837718586(BigDecimal)
[2026-09-11 14:16:13.554] [gas-forecast-startup] [] [] [c.g.f.d.m.M.insert] [main] [DEBUG] - <==    Updates: 1
[2026-09-11 14:16:13.554] [gas-forecast-startup] [] [] [c.g.f.d.m.M.insert] [main] [DEBUG] - ==>  Preparing: INSERT INTO model_forecast_result_tb ( forecast_batch_no, forecast_date, forecast_value ) VALUES ( ?, ?, ? )
[2026-09-11 14:16:13.554] [gas-forecast-startup] [] [] [c.g.f.d.m.M.insert] [main] [DEBUG] - ==> Parameters: MSFC-PRESET-010(String), 2026-08-13(String), 55.51368834238488(BigDecimal)
[2026-09-11 14:16:13.555] [gas-forecast-startup] [] [] [c.g.f.d.m.M.insert] [main] [DEBUG] - <==    Updates: 1
[2026-09-11 14:16:13.555] [gas-forecast-startup] [] [] [c.g.f.d.m.M.insert] [main] [DEBUG] - ==>  Preparing: INSERT INTO model_forecast_result_tb ( forecast_batch_no, forecast_date, forecast_value ) VALUES ( ?, ?, ? )
[2026-09-11 14:16:13.555] [gas-forecast-startup] [] [] [c.g.f.d.m.M.insert] [main] [DEBUG] - ==> Parameters: MSFC-PRESET-010(String), 2026-08-14(String), 56.37380502251772(BigDecimal)
[2026-09-11 14:16:13.555] [gas-forecast-startup] [] [] [c.g.f.d.m.M.insert] [main] [DEBUG] - <==    Updates: 1
[2026-09-11 14:16:13.555] [gas-forecast-startup] [] [] [c.g.f.d.m.M.insert] [main] [DEBUG] - ==>  Preparing: INSERT INTO model_forecast_result_tb ( forecast_batch_no, forecast_date, forecast_value ) VALUES ( ?, ?, ? )
[2026-09-11 14:16:13.555] [gas-forecast-startup] [] [] [c.g.f.d.m.M.insert] [main] [DEBUG] - ==> Parameters: MSFC-PRESET-010(String), 2026-08-15(String), 56.37380502251772(BigDecimal)
[2026-09-11 14:16:13.555] [gas-forecast-startup] [] [] [c.g.f.d.m.M.insert] [main] [DEBUG] - <==    Updates: 1
[2026-09-11 14:16:13.555] [gas-forecast-startup] [] [] [c.g.f.d.m.M.insert] [main] [DEBUG] - ==>  Preparing: INSERT INTO model_forecast_result_tb ( forecast_batch_no, forecast_date, forecast_value ) VALUES ( ?, ?, ? )
[2026-09-11 14:16:13.555] [gas-forecast-startup] [] [] [c.g.f.d.m.M.insert] [main] [DEBUG] - ==> Parameters: MSFC-PRESET-010(String), 2026-08-16(String), 56.37380502251772(BigDecimal)
[2026-09-11 14:16:13.555] [gas-forecast-startup] [] [] [c.g.f.d.m.M.insert] [main] [DEBUG] - <==    Updates: 1
[2026-09-11 14:16:13.555] [gas-forecast-startup] [] [] [c.g.f.d.m.M.insert] [main] [DEBUG] - ==>  Preparing: INSERT INTO model_forecast_result_tb ( forecast_batch_no, forecast_date, forecast_value ) VALUES ( ?, ?, ? )
[2026-09-11 14:16:13.555] [gas-forecast-startup] [] [] [c.g.f.d.m.M.insert] [main] [DEBUG] - ==> Parameters: MSFC-PRESET-010(String), 2026-08-17(String), 56.85924615839521(BigDecimal)
[2026-09-11 14:16:13.556] [gas-forecast-startup] [] [] [c.g.f.d.m.M.insert] [main] [DEBUG] - <==    Updates: 1
[2026-09-11 14:16:13.556] [gas-forecast-startup] [] [] [c.g.f.d.m.M.insert] [main] [DEBUG] - ==>  Preparing: INSERT INTO model_forecast_result_tb ( forecast_batch_no, forecast_date, forecast_value ) VALUES ( ?, ?, ? )
[2026-09-11 14:16:13.556] [gas-forecast-startup] [] [] [c.g.f.d.m.M.insert] [main] [DEBUG] - ==> Parameters: MSFC-PRESET-010(String), 2026-08-18(String), 57.13461485388847(BigDecimal)
[2026-09-11 14:16:13.556] [gas-forecast-startup] [] [] [c.g.f.d.m.M.insert] [main] [DEBUG] - <==    Updates: 1
[2026-09-11 14:16:13.556] [gas-forecast-startup] [] [] [c.g.f.d.m.M.insert] [main] [DEBUG] - ==>  Preparing: INSERT INTO model_forecast_result_tb ( forecast_batch_no, forecast_date, forecast_value ) VALUES ( ?, ?, ? )
[2026-09-11 14:16:13.556] [gas-forecast-startup] [] [] [c.g.f.d.m.M.insert] [main] [DEBUG] - ==> Parameters: MSFC-PRESET-010(String), 2026-08-19(String), 57.13461485388847(BigDecimal)
[2026-09-11 14:16:13.556] [gas-forecast-startup] [] [] [c.g.f.d.m.M.insert] [main] [DEBUG] - <==    Updates: 1
[2026-09-11 14:16:13.556] [gas-forecast-startup] [] [] [c.g.f.d.m.M.insert] [main] [DEBUG] - ==>  Preparing: INSERT INTO model_forecast_result_tb ( forecast_batch_no, forecast_date, forecast_value ) VALUES ( ?, ?, ? )
[2026-09-11 14:16:13.556] [gas-forecast-startup] [] [] [c.g.f.d.m.M.insert] [main] [DEBUG] - ==> Parameters: MSFC-PRESET-010(String), 2026-08-20(String), 56.649173718010985(BigDecimal)
[2026-09-11 14:16:13.556] [gas-forecast-startup] [] [] [c.g.f.d.m.M.insert] [main] [DEBUG] - <==    Updates: 1
[2026-09-11 14:16:13.556] [gas-forecast-startup] [] [] [c.g.f.d.m.M.insert] [main] [DEBUG] - ==>  Preparing: INSERT INTO model_forecast_result_tb ( forecast_batch_no, forecast_date, forecast_value ) VALUES ( ?, ?, ? )
[2026-09-11 14:16:13.556] [gas-forecast-startup] [] [] [c.g.f.d.m.M.insert] [main] [DEBUG] - ==> Parameters: MSFC-PRESET-010(String), 2026-08-21(String), 56.649173718010985(BigDecimal)
[2026-09-11 14:16:13.556] [gas-forecast-startup] [] [] [c.g.f.d.m.M.insert] [main] [DEBUG] - <==    Updates: 1
[2026-09-11 14:16:13.556] [gas-forecast-startup] [] [] [c.g.f.d.m.M.insert] [main] [DEBUG] - ==>  Preparing: INSERT INTO model_forecast_result_tb ( forecast_batch_no, forecast_date, forecast_value ) VALUES ( ?, ?, ? )
[2026-09-11 14:16:13.556] [gas-forecast-startup] [] [] [c.g.f.d.m.M.insert] [main] [DEBUG] - ==> Parameters: MSFC-PRESET-010(String), 2026-08-22(String), 56.649173718010985(BigDecimal)
[2026-09-11 14:16:13.557] [gas-forecast-startup] [] [] [c.g.f.d.m.M.insert] [main] [DEBUG] - <==    Updates: 1
[2026-09-11 14:16:13.557] [gas-forecast-startup] [] [] [c.g.f.d.m.M.insert] [main] [DEBUG] - ==>  Preparing: INSERT INTO model_forecast_result_tb ( forecast_batch_no, forecast_date, forecast_value ) VALUES ( ?, ?, ? )
[2026-09-11 14:16:13.557] [gas-forecast-startup] [] [] [c.g.f.d.m.M.insert] [main] [DEBUG] - ==> Parameters: MSFC-PRESET-010(String), 2026-08-23(String), 56.649173718010985(BigDecimal)
[2026-09-11 14:16:13.557] [gas-forecast-startup] [] [] [c.g.f.d.m.M.insert] [main] [DEBUG] - <==    Updates: 1
[2026-09-11 14:16:13.557] [gas-forecast-startup] [] [] [c.g.f.d.m.M.insert] [main] [DEBUG] - ==>  Preparing: INSERT INTO model_forecast_result_tb ( forecast_batch_no, forecast_date, forecast_value ) VALUES ( ?, ?, ? )
[2026-09-11 14:16:13.557] [gas-forecast-startup] [] [] [c.g.f.d.m.M.insert] [main] [DEBUG] - ==> Parameters: MSFC-PRESET-010(String), 2026-08-24(String), 57.13461485388847(BigDecimal)
[2026-09-11 14:16:13.557] [gas-forecast-startup] [] [] [c.g.f.d.m.M.insert] [main] [DEBUG] - <==    Updates: 1
[2026-09-11 14:16:13.557] [gas-forecast-startup] [] [] [c.g.f.d.m.M.insert] [main] [DEBUG] - ==>  Preparing: INSERT INTO model_forecast_result_tb ( forecast_batch_no, forecast_date, forecast_value ) VALUES ( ?, ?, ? )
[2026-09-11 14:16:13.557] [gas-forecast-startup] [] [] [c.g.f.d.m.M.insert] [main] [DEBUG] - ==> Parameters: MSFC-PRESET-010(String), 2026-08-25(String), 57.13461485388847(BigDecimal)
[2026-09-11 14:16:13.557] [gas-forecast-startup] [] [] [c.g.f.d.m.M.insert] [main] [DEBUG] - <==    Updates: 1
[2026-09-11 14:16:13.557] [gas-forecast-startup] [] [] [c.g.f.d.m.M.insert] [main] [DEBUG] - ==>  Preparing: INSERT INTO model_forecast_result_tb ( forecast_batch_no, forecast_date, forecast_value ) VALUES ( ?, ?, ? )
[2026-09-11 14:16:13.557] [gas-forecast-startup] [] [] [c.g.f.d.m.M.insert] [main] [DEBUG] - ==> Parameters: MSFC-PRESET-010(String), 2026-08-26(String), 57.13461485388847(BigDecimal)
[2026-09-11 14:16:13.558] [gas-forecast-startup] [] [] [c.g.f.d.m.M.insert] [main] [DEBUG] - <==    Updates: 1
[2026-09-11 14:16:13.558] [gas-forecast-startup] [] [] [c.g.f.d.m.M.insert] [main] [DEBUG] - ==>  Preparing: INSERT INTO model_forecast_result_tb ( forecast_batch_no, forecast_date, forecast_value ) VALUES ( ?, ?, ? )
[2026-09-11 14:16:13.558] [gas-forecast-startup] [] [] [c.g.f.d.m.M.insert] [main] [DEBUG] - ==> Parameters: MSFC-PRESET-010(String), 2026-08-27(String), 56.649173718010985(BigDecimal)
[2026-09-11 14:16:13.558] [gas-forecast-startup] [] [] [c.g.f.d.m.M.insert] [main] [DEBUG] - <==    Updates: 1
[2026-09-11 14:16:13.558] [gas-forecast-startup] [] [] [c.g.f.d.m.M.insert] [main] [DEBUG] - ==>  Preparing: INSERT INTO model_forecast_result_tb ( forecast_batch_no, forecast_date, forecast_value ) VALUES ( ?, ?, ? )
[2026-09-11 14:16:13.558] [gas-forecast-startup] [] [] [c.g.f.d.m.M.insert] [main] [DEBUG] - ==> Parameters: MSFC-PRESET-010(String), 2026-08-28(String), 56.649173718010985(BigDecimal)
[2026-09-11 14:16:13.558] [gas-forecast-startup] [] [] [c.g.f.d.m.M.insert] [main] [DEBUG] - <==    Updates: 1
[2026-09-11 14:16:13.558] [gas-forecast-startup] [] [] [c.g.f.d.m.M.insert] [main] [DEBUG] - ==>  Preparing: INSERT INTO model_forecast_result_tb ( forecast_batch_no, forecast_date, forecast_value ) VALUES ( ?, ?, ? )
[2026-09-11 14:16:13.558] [gas-forecast-startup] [] [] [c.g.f.d.m.M.insert] [main] [DEBUG] - ==> Parameters: MSFC-PRESET-010(String), 2026-08-29(String), 56.649173718010985(BigDecimal)
[2026-09-11 14:16:13.559] [gas-forecast-startup] [] [] [c.g.f.d.m.M.insert] [main] [DEBUG] - <==    Updates: 1
[2026-09-11 14:16:13.559] [gas-forecast-startup] [] [] [c.g.f.d.m.M.insert] [main] [DEBUG] - ==>  Preparing: INSERT INTO model_forecast_result_tb ( forecast_batch_no, forecast_date, forecast_value ) VALUES ( ?, ?, ? )
[2026-09-11 14:16:13.559] [gas-forecast-startup] [] [] [c.g.f.d.m.M.insert] [main] [DEBUG] - ==> Parameters: MSFC-PRESET-010(String), 2026-08-30(String), 60.14216535523694(BigDecimal)
[2026-09-11 14:16:13.559] [gas-forecast-startup] [] [] [c.g.f.d.m.M.insert] [main] [DEBUG] - <==    Updates: 1
[2026-09-11 14:16:13.559] [gas-forecast-startup] [] [] [c.g.f.d.m.M.insert] [main] [DEBUG] - ==>  Preparing: INSERT INTO model_forecast_result_tb ( forecast_batch_no, forecast_date, forecast_value ) VALUES ( ?, ?, ? )
[2026-09-11 14:16:13.559] [gas-forecast-startup] [] [] [c.g.f.d.m.M.insert] [main] [DEBUG] - ==> Parameters: MSFC-PRESET-010(String), 2026-08-31(String), 61.446031418460144(BigDecimal)
[2026-09-11 14:16:13.559] [gas-forecast-startup] [] [] [c.g.f.d.m.M.insert] [main] [DEBUG] - <==    Updates: 1
[2026-09-11 14:16:13.559] [gas-forecast-startup] [] [] [c.g.f.d.m.M.insert] [main] [DEBUG] - ==>  Preparing: INSERT INTO model_forecast_result_tb ( forecast_batch_no, forecast_date, forecast_value ) VALUES ( ?, ?, ? )
[2026-09-11 14:16:13.559] [gas-forecast-startup] [] [] [c.g.f.d.m.M.insert] [main] [DEBUG] - ==> Parameters: MSFC-PRESET-010(String), 2026-09-01(String), 67.3723169234279(BigDecimal)
[2026-09-11 14:16:13.560] [gas-forecast-startup] [] [] [c.g.f.d.m.M.insert] [main] [DEBUG] - <==    Updates: 1
[2026-09-11 14:16:13.560] [gas-forecast-startup] [] [] [c.g.f.d.m.M.insert] [main] [DEBUG] - ==>  Preparing: INSERT INTO model_forecast_result_tb ( forecast_batch_no, forecast_date, forecast_value ) VALUES ( ?, ?, ? )
[2026-09-11 14:16:13.560] [gas-forecast-startup] [] [] [c.g.f.d.m.M.insert] [main] [DEBUG] - ==> Parameters: MSFC-PRESET-010(String), 2026-09-02(String), 64.5617879610323(BigDecimal)
[2026-09-11 14:16:13.560] [gas-forecast-startup] [] [] [c.g.f.d.m.M.insert] [main] [DEBUG] - <==    Updates: 1
[2026-09-11 14:16:13.561] [gas-forecast-startup] [] [] [c.g.f.d.m.B.selectList] [main] [DEBUG] - ==>  Preparing: SELECT id,region_code,region_name,region_type,parent_id,sort_no,enabled,remark,created_by,created_at,updated_by,updated_at,update_by_name,created_by_name FROM base_region_tb WHERE (region_name = ? AND region_type = ?) limit 1
[2026-09-11 14:16:13.561] [gas-forecast-startup] [] [] [c.g.f.d.m.B.selectList] [main] [DEBUG] - ==> Parameters: 河北(String), PROVINCE(String)
[2026-09-11 14:16:13.562] [gas-forecast-startup] [] [] [c.g.f.d.m.B.selectList] [main] [DEBUG] - <==      Total: 1
[2026-09-11 14:16:13.562] [gas-forecast-startup] [] [] [c.g.f.d.m.B.selectList] [main] [DEBUG] - ==>  Preparing: SELECT id,industry_code,industry_name,parent_id,industry_level,sort_no,created_at,updated_at,created_by,created_by_name,updated_by,updated_by_name FROM base_industry_tb WHERE (industry_name = ?) limit 1
[2026-09-11 14:16:13.562] [gas-forecast-startup] [] [] [c.g.f.d.m.B.selectList] [main] [DEBUG] - ==> Parameters: 城市燃气(String)
[2026-09-11 14:16:13.562] [gas-forecast-startup] [] [] [c.g.f.d.m.B.selectList] [main] [DEBUG] - <==      Total: 0
[2026-09-11 14:16:13.562] [gas-forecast-startup] [] [] [c.g.f.d.m.M.delete] [main] [DEBUG] - ==>  Preparing: DELETE FROM model_forecast_result_tb WHERE (forecast_batch_no = ?)
[2026-09-11 14:16:13.562] [gas-forecast-startup] [] [] [c.g.f.d.m.M.delete] [main] [DEBUG] - ==> Parameters: MSFC-PRESET-011(String)
[2026-09-11 14:16:13.563] [gas-forecast-startup] [] [] [c.g.f.d.m.M.delete] [main] [DEBUG] - <==    Updates: 100
[2026-09-11 14:16:13.563] [gas-forecast-startup] [] [] [c.g.f.d.m.M.delete] [main] [DEBUG] - ==>  Preparing: DELETE FROM model_forecast_batch_tb WHERE (batch_no = ?)
[2026-09-11 14:16:13.563] [gas-forecast-startup] [] [] [c.g.f.d.m.M.delete] [main] [DEBUG] - ==> Parameters: MSFC-PRESET-011(String)
[2026-09-11 14:16:13.563] [gas-forecast-startup] [] [] [c.g.f.d.m.M.delete] [main] [DEBUG] - <==    Updates: 1
[2026-09-11 14:16:13.564] [gas-forecast-startup] [] [] [c.g.f.d.m.M.insert] [main] [DEBUG] - ==>  Preparing: INSERT INTO model_forecast_batch_tb ( batch_no, train_batch_no, agent_code, region_code, region_name, customer_code, customer_name, industry_code, industry_name, forecast_horizon, forecast_start_date, forecast_end_date, status, request_json, created_by, created_by_name ) VALUES ( ?, ?, ?, ?, ?, ?, ?, ?, ?, ?, ?, ?, ?, ?, ?, ? )
[2026-09-11 14:16:13.564] [gas-forecast-startup] [] [] [c.g.f.d.m.M.insert] [main] [DEBUG] - ==> Parameters: MSFC-PRESET-011(String), XQTRAIN-monthly-sales-河北(String), monthly-sales(String), 3f040f4b-9c2a-53a9-a518-b605292612f0(String), 河北(String), ALL(String), 全部客户(String), 城市燃气(String), 城市燃气(String), 100(Integer), 20260526(Integer), 2026-09-02(String), SUCCESS(String), {"agent_id":"monthly-sales","source":"preset","model_name":"LightGBM 直接多步预测","industry":"城市燃气","customer":"全部客户","metrics":{"mape":3.04,"mae":107.79,"rmse":172.93,"r2":0.99}}(String), system(String), 系统(String)
[2026-09-11 14:16:13.564] [gas-forecast-startup] [] [] [c.g.f.d.m.M.insert] [main] [DEBUG] - <==    Updates: 1
[2026-09-11 14:16:13.564] [gas-forecast-startup] [] [] [c.g.f.d.m.M.delete] [main] [DEBUG] - ==>  Preparing: DELETE FROM model_forecast_result_tb WHERE (forecast_batch_no = ?)
[2026-09-11 14:16:13.564] [gas-forecast-startup] [] [] [c.g.f.d.m.M.delete] [main] [DEBUG] - ==> Parameters: MSFC-PRESET-011(String)
[2026-09-11 14:16:13.564] [gas-forecast-startup] [] [] [c.g.f.d.m.M.delete] [main] [DEBUG] - <==    Updates: 0
[2026-09-11 14:16:13.565] [gas-forecast-startup] [] [] [c.g.f.d.m.M.insert] [main] [DEBUG] - ==>  Preparing: INSERT INTO model_forecast_result_tb ( forecast_batch_no, forecast_date, forecast_value ) VALUES ( ?, ?, ? )
[2026-09-11 14:16:13.565] [gas-forecast-startup] [] [] [c.g.f.d.m.M.insert] [main] [DEBUG] - ==> Parameters: MSFC-PRESET-011(String), 2026-05-26(String), 2409.972847058576(BigDecimal)
[2026-09-11 14:16:13.565] [gas-forecast-startup] [] [] [c.g.f.d.m.M.insert] [main] [DEBUG] - <==    Updates: 1
[2026-09-11 14:16:13.565] [gas-forecast-startup] [] [] [c.g.f.d.m.M.insert] [main] [DEBUG] - ==>  Preparing: INSERT INTO model_forecast_result_tb ( forecast_batch_no, forecast_date, forecast_value ) VALUES ( ?, ?, ? )
[2026-09-11 14:16:13.565] [gas-forecast-startup] [] [] [c.g.f.d.m.M.insert] [main] [DEBUG] - ==> Parameters: MSFC-PRESET-011(String), 2026-05-27(String), 1596.903262272662(BigDecimal)
[2026-09-11 14:16:13.565] [gas-forecast-startup] [] [] [c.g.f.d.m.M.insert] [main] [DEBUG] - <==    Updates: 1
[2026-09-11 14:16:13.565] [gas-forecast-startup] [] [] [c.g.f.d.m.M.insert] [main] [DEBUG] - ==>  Preparing: INSERT INTO model_forecast_result_tb ( forecast_batch_no, forecast_date, forecast_value ) VALUES ( ?, ?, ? )
[2026-09-11 14:16:13.565] [gas-forecast-startup] [] [] [c.g.f.d.m.M.insert] [main] [DEBUG] - ==> Parameters: MSFC-PRESET-011(String), 2026-05-28(String), 1607.5606384508217(BigDecimal)
[2026-09-11 14:16:13.565] [gas-forecast-startup] [] [] [c.g.f.d.m.M.insert] [main] [DEBUG] - <==    Updates: 1
[2026-09-11 14:16:13.565] [gas-forecast-startup] [] [] [c.g.f.d.m.M.insert] [main] [DEBUG] - ==>  Preparing: INSERT INTO model_forecast_result_tb ( forecast_batch_no, forecast_date, forecast_value ) VALUES ( ?, ?, ? )
[2026-09-11 14:16:13.565] [gas-forecast-startup] [] [] [c.g.f.d.m.M.insert] [main] [DEBUG] - ==> Parameters: MSFC-PRESET-011(String), 2026-05-29(String), 1341.2027569722306(BigDecimal)
[2026-09-11 14:16:13.566] [gas-forecast-startup] [] [] [c.g.f.d.m.M.insert] [main] [DEBUG] - <==    Updates: 1
[2026-09-11 14:16:13.566] [gas-forecast-startup] [] [] [c.g.f.d.m.M.insert] [main] [DEBUG] - ==>  Preparing: INSERT INTO model_forecast_result_tb ( forecast_batch_no, forecast_date, forecast_value ) VALUES ( ?, ?, ? )
[2026-09-11 14:16:13.566] [gas-forecast-startup] [] [] [c.g.f.d.m.M.insert] [main] [DEBUG] - ==> Parameters: MSFC-PRESET-011(String), 2026-05-30(String), 1352.387468897462(BigDecimal)
[2026-09-11 14:16:13.566] [gas-forecast-startup] [] [] [c.g.f.d.m.M.insert] [main] [DEBUG] - <==    Updates: 1
[2026-09-11 14:16:13.566] [gas-forecast-startup] [] [] [c.g.f.d.m.M.insert] [main] [DEBUG] - ==>  Preparing: INSERT INTO model_forecast_result_tb ( forecast_batch_no, forecast_date, forecast_value ) VALUES ( ?, ?, ? )
[2026-09-11 14:16:13.566] [gas-forecast-startup] [] [] [c.g.f.d.m.M.insert] [main] [DEBUG] - ==> Parameters: MSFC-PRESET-011(String), 2026-05-31(String), 1350.147392784569(BigDecimal)
[2026-09-11 14:16:13.566] [gas-forecast-startup] [] [] [c.g.f.d.m.M.insert] [main] [DEBUG] - <==    Updates: 1
[2026-09-11 14:16:13.566] [gas-forecast-startup] [] [] [c.g.f.d.m.M.insert] [main] [DEBUG] - ==>  Preparing: INSERT INTO model_forecast_result_tb ( forecast_batch_no, forecast_date, forecast_value ) VALUES ( ?, ?, ? )
[2026-09-11 14:16:13.566] [gas-forecast-startup] [] [] [c.g.f.d.m.M.insert] [main] [DEBUG] - ==> Parameters: MSFC-PRESET-011(String), 2026-06-01(String), 1368.0472631774542(BigDecimal)
[2026-09-11 14:16:13.567] [gas-forecast-startup] [] [] [c.g.f.d.m.M.insert] [main] [DEBUG] - <==    Updates: 1
[2026-09-11 14:16:13.567] [gas-forecast-startup] [] [] [c.g.f.d.m.M.insert] [main] [DEBUG] - ==>  Preparing: INSERT INTO model_forecast_result_tb ( forecast_batch_no, forecast_date, forecast_value ) VALUES ( ?, ?, ? )
[2026-09-11 14:16:13.567] [gas-forecast-startup] [] [] [c.g.f.d.m.M.insert] [main] [DEBUG] - ==> Parameters: MSFC-PRESET-011(String), 2026-06-02(String), 1442.2369659944638(BigDecimal)
[2026-09-11 14:16:13.567] [gas-forecast-startup] [] [] [c.g.f.d.m.M.insert] [main] [DEBUG] - <==    Updates: 1
[2026-09-11 14:16:13.567] [gas-forecast-startup] [] [] [c.g.f.d.m.M.insert] [main] [DEBUG] - ==>  Preparing: INSERT INTO model_forecast_result_tb ( forecast_batch_no, forecast_date, forecast_value ) VALUES ( ?, ?, ? )
[2026-09-11 14:16:13.567] [gas-forecast-startup] [] [] [c.g.f.d.m.M.insert] [main] [DEBUG] - ==> Parameters: MSFC-PRESET-011(String), 2026-06-03(String), 1485.8980204505604(BigDecimal)
[2026-09-11 14:16:13.568] [gas-forecast-startup] [] [] [c.g.f.d.m.M.insert] [main] [DEBUG] - <==    Updates: 1
[2026-09-11 14:16:13.568] [gas-forecast-startup] [] [] [c.g.f.d.m.M.insert] [main] [DEBUG] - ==>  Preparing: INSERT INTO model_forecast_result_tb ( forecast_batch_no, forecast_date, forecast_value ) VALUES ( ?, ?, ? )
[2026-09-11 14:16:13.568] [gas-forecast-startup] [] [] [c.g.f.d.m.M.insert] [main] [DEBUG] - ==> Parameters: MSFC-PRESET-011(String), 2026-06-04(String), 1483.738239102806(BigDecimal)
[2026-09-11 14:16:13.568] [gas-forecast-startup] [] [] [c.g.f.d.m.M.insert] [main] [DEBUG] - <==    Updates: 1
[2026-09-11 14:16:13.568] [gas-forecast-startup] [] [] [c.g.f.d.m.M.insert] [main] [DEBUG] - ==>  Preparing: INSERT INTO model_forecast_result_tb ( forecast_batch_no, forecast_date, forecast_value ) VALUES ( ?, ?, ? )
[2026-09-11 14:16:13.568] [gas-forecast-startup] [] [] [c.g.f.d.m.M.insert] [main] [DEBUG] - ==> Parameters: MSFC-PRESET-011(String), 2026-06-05(String), 1481.6554566593632(BigDecimal)
[2026-09-11 14:16:13.568] [gas-forecast-startup] [] [] [c.g.f.d.m.M.insert] [main] [DEBUG] - <==    Updates: 1
[2026-09-11 14:16:13.568] [gas-forecast-startup] [] [] [c.g.f.d.m.M.insert] [main] [DEBUG] - ==>  Preparing: INSERT INTO model_forecast_result_tb ( forecast_batch_no, forecast_date, forecast_value ) VALUES ( ?, ?, ? )
[2026-09-11 14:16:13.568] [gas-forecast-startup] [] [] [c.g.f.d.m.M.insert] [main] [DEBUG] - ==> Parameters: MSFC-PRESET-011(String), 2026-06-06(String), 1485.5165644034494(BigDecimal)
[2026-09-11 14:16:13.568] [gas-forecast-startup] [] [] [c.g.f.d.m.M.insert] [main] [DEBUG] - <==    Updates: 1
[2026-09-11 14:16:13.568] [gas-forecast-startup] [] [] [c.g.f.d.m.M.insert] [main] [DEBUG] - ==>  Preparing: INSERT INTO model_forecast_result_tb ( forecast_batch_no, forecast_date, forecast_value ) VALUES ( ?, ?, ? )
[2026-09-11 14:16:13.568] [gas-forecast-startup] [] [] [c.g.f.d.m.M.insert] [main] [DEBUG] - ==> Parameters: MSFC-PRESET-011(String), 2026-06-07(String), 1453.2312478301526(BigDecimal)
[2026-09-11 14:16:13.569] [gas-forecast-startup] [] [] [c.g.f.d.m.M.insert] [main] [DEBUG] - <==    Updates: 1
[2026-09-11 14:16:13.569] [gas-forecast-startup] [] [] [c.g.f.d.m.M.insert] [main] [DEBUG] - ==>  Preparing: INSERT INTO model_forecast_result_tb ( forecast_batch_no, forecast_date, forecast_value ) VALUES ( ?, ?, ? )
[2026-09-11 14:16:13.569] [gas-forecast-startup] [] [] [c.g.f.d.m.M.insert] [main] [DEBUG] - ==> Parameters: MSFC-PRESET-011(String), 2026-06-08(String), 1482.0474736801816(BigDecimal)
[2026-09-11 14:16:13.569] [gas-forecast-startup] [] [] [c.g.f.d.m.M.insert] [main] [DEBUG] - <==    Updates: 1
[2026-09-11 14:16:13.569] [gas-forecast-startup] [] [] [c.g.f.d.m.M.insert] [main] [DEBUG] - ==>  Preparing: INSERT INTO model_forecast_result_tb ( forecast_batch_no, forecast_date, forecast_value ) VALUES ( ?, ?, ? )
[2026-09-11 14:16:13.569] [gas-forecast-startup] [] [] [c.g.f.d.m.M.insert] [main] [DEBUG] - ==> Parameters: MSFC-PRESET-011(String), 2026-06-09(String), 1514.538965309719(BigDecimal)
[2026-09-11 14:16:13.569] [gas-forecast-startup] [] [] [c.g.f.d.m.M.insert] [main] [DEBUG] - <==    Updates: 1
[2026-09-11 14:16:13.569] [gas-forecast-startup] [] [] [c.g.f.d.m.M.insert] [main] [DEBUG] - ==>  Preparing: INSERT INTO model_forecast_result_tb ( forecast_batch_no, forecast_date, forecast_value ) VALUES ( ?, ?, ? )
[2026-09-11 14:16:13.569] [gas-forecast-startup] [] [] [c.g.f.d.m.M.insert] [main] [DEBUG] - ==> Parameters: MSFC-PRESET-011(String), 2026-06-10(String), 1546.4638644854133(BigDecimal)
[2026-09-11 14:16:13.569] [gas-forecast-startup] [] [] [c.g.f.d.m.M.insert] [main] [DEBUG] - <==    Updates: 1
[2026-09-11 14:16:13.569] [gas-forecast-startup] [] [] [c.g.f.d.m.M.insert] [main] [DEBUG] - ==>  Preparing: INSERT INTO model_forecast_result_tb ( forecast_batch_no, forecast_date, forecast_value ) VALUES ( ?, ?, ? )
[2026-09-11 14:16:13.569] [gas-forecast-startup] [] [] [c.g.f.d.m.M.insert] [main] [DEBUG] - ==> Parameters: MSFC-PRESET-011(String), 2026-06-11(String), 1544.6418549898203(BigDecimal)
[2026-09-11 14:16:13.570] [gas-forecast-startup] [] [] [c.g.f.d.m.M.insert] [main] [DEBUG] - <==    Updates: 1
[2026-09-11 14:16:13.570] [gas-forecast-startup] [] [] [c.g.f.d.m.M.insert] [main] [DEBUG] - ==>  Preparing: INSERT INTO model_forecast_result_tb ( forecast_batch_no, forecast_date, forecast_value ) VALUES ( ?, ?, ? )
[2026-09-11 14:16:13.570] [gas-forecast-startup] [] [] [c.g.f.d.m.M.insert] [main] [DEBUG] - ==> Parameters: MSFC-PRESET-011(String), 2026-06-12(String), 1541.375586728304(BigDecimal)
[2026-09-11 14:16:13.570] [gas-forecast-startup] [] [] [c.g.f.d.m.M.insert] [main] [DEBUG] - <==    Updates: 1
[2026-09-11 14:16:13.570] [gas-forecast-startup] [] [] [c.g.f.d.m.M.insert] [main] [DEBUG] - ==>  Preparing: INSERT INTO model_forecast_result_tb ( forecast_batch_no, forecast_date, forecast_value ) VALUES ( ?, ?, ? )
[2026-09-11 14:16:13.570] [gas-forecast-startup] [] [] [c.g.f.d.m.M.insert] [main] [DEBUG] - ==> Parameters: MSFC-PRESET-011(String), 2026-06-13(String), 1547.5266870085582(BigDecimal)
[2026-09-11 14:16:13.570] [gas-forecast-startup] [] [] [c.g.f.d.m.M.insert] [main] [DEBUG] - <==    Updates: 1
[2026-09-11 14:16:13.570] [gas-forecast-startup] [] [] [c.g.f.d.m.M.insert] [main] [DEBUG] - ==>  Preparing: INSERT INTO model_forecast_result_tb ( forecast_batch_no, forecast_date, forecast_value ) VALUES ( ?, ?, ? )
[2026-09-11 14:16:13.570] [gas-forecast-startup] [] [] [c.g.f.d.m.M.insert] [main] [DEBUG] - ==> Parameters: MSFC-PRESET-011(String), 2026-06-14(String), 1546.847414358662(BigDecimal)
[2026-09-11 14:16:13.571] [gas-forecast-startup] [] [] [c.g.f.d.m.M.insert] [main] [DEBUG] - <==    Updates: 1
[2026-09-11 14:16:13.571] [gas-forecast-startup] [] [] [c.g.f.d.m.M.insert] [main] [DEBUG] - ==>  Preparing: INSERT INTO model_forecast_result_tb ( forecast_batch_no, forecast_date, forecast_value ) VALUES ( ?, ?, ? )
[2026-09-11 14:16:13.571] [gas-forecast-startup] [] [] [c.g.f.d.m.M.insert] [main] [DEBUG] - ==> Parameters: MSFC-PRESET-011(String), 2026-06-15(String), 1544.6418549898203(BigDecimal)
[2026-09-11 14:16:13.571] [gas-forecast-startup] [] [] [c.g.f.d.m.M.insert] [main] [DEBUG] - <==    Updates: 1
[2026-09-11 14:16:13.571] [gas-forecast-startup] [] [] [c.g.f.d.m.M.insert] [main] [DEBUG] - ==>  Preparing: INSERT INTO model_forecast_result_tb ( forecast_batch_no, forecast_date, forecast_value ) VALUES ( ?, ?, ? )
[2026-09-11 14:16:13.571] [gas-forecast-startup] [] [] [c.g.f.d.m.M.insert] [main] [DEBUG] - ==> Parameters: MSFC-PRESET-011(String), 2026-06-16(String), 1607.3282538012847(BigDecimal)
[2026-09-11 14:16:13.571] [gas-forecast-startup] [] [] [c.g.f.d.m.M.insert] [main] [DEBUG] - <==    Updates: 1
[2026-09-11 14:16:13.571] [gas-forecast-startup] [] [] [c.g.f.d.m.M.insert] [main] [DEBUG] - ==>  Preparing: INSERT INTO model_forecast_result_tb ( forecast_batch_no, forecast_date, forecast_value ) VALUES ( ?, ?, ? )
[2026-09-11 14:16:13.572] [gas-forecast-startup] [] [] [c.g.f.d.m.M.insert] [main] [DEBUG] - ==> Parameters: MSFC-PRESET-011(String), 2026-06-17(String), 1607.3282538012847(BigDecimal)
[2026-09-11 14:16:13.572] [gas-forecast-startup] [] [] [c.g.f.d.m.M.insert] [main] [DEBUG] - <==    Updates: 1
[2026-09-11 14:16:13.572] [gas-forecast-startup] [] [] [c.g.f.d.m.M.insert] [main] [DEBUG] - ==>  Preparing: INSERT INTO model_forecast_result_tb ( forecast_batch_no, forecast_date, forecast_value ) VALUES ( ?, ?, ? )
[2026-09-11 14:16:13.572] [gas-forecast-startup] [] [] [c.g.f.d.m.M.insert] [main] [DEBUG] - ==> Parameters: MSFC-PRESET-011(String), 2026-06-18(String), 1606.098974759759(BigDecimal)
[2026-09-11 14:16:13.572] [gas-forecast-startup] [] [] [c.g.f.d.m.M.insert] [main] [DEBUG] - <==    Updates: 1
[2026-09-11 14:16:13.572] [gas-forecast-startup] [] [] [c.g.f.d.m.M.insert] [main] [DEBUG] - ==>  Preparing: INSERT INTO model_forecast_result_tb ( forecast_batch_no, forecast_date, forecast_value ) VALUES ( ?, ?, ? )
[2026-09-11 14:16:13.572] [gas-forecast-startup] [] [] [c.g.f.d.m.M.insert] [main] [DEBUG] - ==> Parameters: MSFC-PRESET-011(String), 2026-06-19(String), 1606.098974759759(BigDecimal)
[2026-09-11 14:16:13.573] [gas-forecast-startup] [] [] [c.g.f.d.m.M.insert] [main] [DEBUG] - <==    Updates: 1
[2026-09-11 14:16:13.573] [gas-forecast-startup] [] [] [c.g.f.d.m.M.insert] [main] [DEBUG] - ==>  Preparing: INSERT INTO model_forecast_result_tb ( forecast_batch_no, forecast_date, forecast_value ) VALUES ( ?, ?, ? )
[2026-09-11 14:16:13.573] [gas-forecast-startup] [] [] [c.g.f.d.m.M.insert] [main] [DEBUG] - ==> Parameters: MSFC-PRESET-011(String), 2026-06-20(String), 1610.1147362035993(BigDecimal)
[2026-09-11 14:16:13.573] [gas-forecast-startup] [] [] [c.g.f.d.m.M.insert] [main] [DEBUG] - <==    Updates: 1
[2026-09-11 14:16:13.573] [gas-forecast-startup] [] [] [c.g.f.d.m.M.insert] [main] [DEBUG] - ==>  Preparing: INSERT INTO model_forecast_result_tb ( forecast_batch_no, forecast_date, forecast_value ) VALUES ( ?, ?, ? )
[2026-09-11 14:16:13.573] [gas-forecast-startup] [] [] [c.g.f.d.m.M.insert] [main] [DEBUG] - ==> Parameters: MSFC-PRESET-011(String), 2026-06-21(String), 1610.1147362035993(BigDecimal)
[2026-09-11 14:16:13.573] [gas-forecast-startup] [] [] [c.g.f.d.m.M.insert] [main] [DEBUG] - <==    Updates: 1
[2026-09-11 14:16:13.573] [gas-forecast-startup] [] [] [c.g.f.d.m.M.insert] [main] [DEBUG] - ==>  Preparing: INSERT INTO model_forecast_result_tb ( forecast_batch_no, forecast_date, forecast_value ) VALUES ( ?, ?, ? )
[2026-09-11 14:16:13.573] [gas-forecast-startup] [] [] [c.g.f.d.m.M.insert] [main] [DEBUG] - ==> Parameters: MSFC-PRESET-011(String), 2026-06-22(String), 1605.5530232733165(BigDecimal)
[2026-09-11 14:16:13.573] [gas-forecast-startup] [] [] [c.g.f.d.m.M.insert] [main] [DEBUG] - <==    Updates: 1
[2026-09-11 14:16:13.573] [gas-forecast-startup] [] [] [c.g.f.d.m.M.insert] [main] [DEBUG] - ==>  Preparing: INSERT INTO model_forecast_result_tb ( forecast_batch_no, forecast_date, forecast_value ) VALUES ( ?, ?, ? )
[2026-09-11 14:16:13.573] [gas-forecast-startup] [] [] [c.g.f.d.m.M.insert] [main] [DEBUG] - ==> Parameters: MSFC-PRESET-011(String), 2026-06-23(String), 1796.6889978467038(BigDecimal)
[2026-09-11 14:16:13.574] [gas-forecast-startup] [] [] [c.g.f.d.m.M.insert] [main] [DEBUG] - <==    Updates: 1
[2026-09-11 14:16:13.574] [gas-forecast-startup] [] [] [c.g.f.d.m.M.insert] [main] [DEBUG] - ==>  Preparing: INSERT INTO model_forecast_result_tb ( forecast_batch_no, forecast_date, forecast_value ) VALUES ( ?, ?, ? )
[2026-09-11 14:16:13.574] [gas-forecast-startup] [] [] [c.g.f.d.m.M.insert] [main] [DEBUG] - ==> Parameters: MSFC-PRESET-011(String), 2026-06-24(String), 1795.4913683962532(BigDecimal)
[2026-09-11 14:16:13.574] [gas-forecast-startup] [] [] [c.g.f.d.m.M.insert] [main] [DEBUG] - <==    Updates: 1
[2026-09-11 14:16:13.574] [gas-forecast-startup] [] [] [c.g.f.d.m.M.insert] [main] [DEBUG] - ==>  Preparing: INSERT INTO model_forecast_result_tb ( forecast_batch_no, forecast_date, forecast_value ) VALUES ( ?, ?, ? )
[2026-09-11 14:16:13.574] [gas-forecast-startup] [] [] [c.g.f.d.m.M.insert] [main] [DEBUG] - ==> Parameters: MSFC-PRESET-011(String), 2026-06-25(String), 1795.4913683962532(BigDecimal)
[2026-09-11 14:16:13.574] [gas-forecast-startup] [] [] [c.g.f.d.m.M.insert] [main] [DEBUG] - <==    Updates: 1
[2026-09-11 14:16:13.574] [gas-forecast-startup] [] [] [c.g.f.d.m.M.insert] [main] [DEBUG] - ==>  Preparing: INSERT INTO model_forecast_result_tb ( forecast_batch_no, forecast_date, forecast_value ) VALUES ( ?, ?, ? )
[2026-09-11 14:16:13.574] [gas-forecast-startup] [] [] [c.g.f.d.m.M.insert] [main] [DEBUG] - ==> Parameters: MSFC-PRESET-011(String), 2026-06-26(String), 1795.4913683962532(BigDecimal)
[2026-09-11 14:16:13.574] [gas-forecast-startup] [] [] [c.g.f.d.m.M.insert] [main] [DEBUG] - <==    Updates: 1
[2026-09-11 14:16:13.574] [gas-forecast-startup] [] [] [c.g.f.d.m.M.insert] [main] [DEBUG] - ==>  Preparing: INSERT INTO model_forecast_result_tb ( forecast_batch_no, forecast_date, forecast_value ) VALUES ( ?, ?, ? )
[2026-09-11 14:16:13.574] [gas-forecast-startup] [] [] [c.g.f.d.m.M.insert] [main] [DEBUG] - ==> Parameters: MSFC-PRESET-011(String), 2026-06-27(String), 1798.0363610711474(BigDecimal)
[2026-09-11 14:16:13.575] [gas-forecast-startup] [] [] [c.g.f.d.m.M.insert] [main] [DEBUG] - <==    Updates: 1
[2026-09-11 14:16:13.575] [gas-forecast-startup] [] [] [c.g.f.d.m.M.insert] [main] [DEBUG] - ==>  Preparing: INSERT INTO model_forecast_result_tb ( forecast_batch_no, forecast_date, forecast_value ) VALUES ( ?, ?, ? )
[2026-09-11 14:16:13.575] [gas-forecast-startup] [] [] [c.g.f.d.m.M.insert] [main] [DEBUG] - ==> Parameters: MSFC-PRESET-011(String), 2026-06-28(String), 1798.0363610711474(BigDecimal)
[2026-09-11 14:16:13.575] [gas-forecast-startup] [] [] [c.g.f.d.m.M.insert] [main] [DEBUG] - <==    Updates: 1
[2026-09-11 14:16:13.575] [gas-forecast-startup] [] [] [c.g.f.d.m.M.insert] [main] [DEBUG] - ==>  Preparing: INSERT INTO model_forecast_result_tb ( forecast_batch_no, forecast_date, forecast_value ) VALUES ( ?, ?, ? )
[2026-09-11 14:16:13.575] [gas-forecast-startup] [] [] [c.g.f.d.m.M.insert] [main] [DEBUG] - ==> Parameters: MSFC-PRESET-011(String), 2026-06-29(String), 1795.4913683962532(BigDecimal)
[2026-09-11 14:16:13.575] [gas-forecast-startup] [] [] [c.g.f.d.m.M.insert] [main] [DEBUG] - <==    Updates: 1
[2026-09-11 14:16:13.575] [gas-forecast-startup] [] [] [c.g.f.d.m.M.insert] [main] [DEBUG] - ==>  Preparing: INSERT INTO model_forecast_result_tb ( forecast_batch_no, forecast_date, forecast_value ) VALUES ( ?, ?, ? )
[2026-09-11 14:16:13.575] [gas-forecast-startup] [] [] [c.g.f.d.m.M.insert] [main] [DEBUG] - ==> Parameters: MSFC-PRESET-011(String), 2026-06-30(String), 1795.4913683962532(BigDecimal)
[2026-09-11 14:16:13.576] [gas-forecast-startup] [] [] [c.g.f.d.m.M.insert] [main] [DEBUG] - <==    Updates: 1
[2026-09-11 14:16:13.576] [gas-forecast-startup] [] [] [c.g.f.d.m.M.insert] [main] [DEBUG] - ==>  Preparing: INSERT INTO model_forecast_result_tb ( forecast_batch_no, forecast_date, forecast_value ) VALUES ( ?, ?, ? )
[2026-09-11 14:16:13.576] [gas-forecast-startup] [] [] [c.g.f.d.m.M.insert] [main] [DEBUG] - ==> Parameters: MSFC-PRESET-011(String), 2026-07-01(String), 1762.1790581925432(BigDecimal)
[2026-09-11 14:16:13.576] [gas-forecast-startup] [] [] [c.g.f.d.m.M.insert] [main] [DEBUG] - <==    Updates: 1
[2026-09-11 14:16:13.576] [gas-forecast-startup] [] [] [c.g.f.d.m.M.insert] [main] [DEBUG] - ==>  Preparing: INSERT INTO model_forecast_result_tb ( forecast_batch_no, forecast_date, forecast_value ) VALUES ( ?, ?, ? )
[2026-09-11 14:16:13.576] [gas-forecast-startup] [] [] [c.g.f.d.m.M.insert] [main] [DEBUG] - ==> Parameters: MSFC-PRESET-011(String), 2026-07-02(String), 1759.4510023481234(BigDecimal)
[2026-09-11 14:16:13.576] [gas-forecast-startup] [] [] [c.g.f.d.m.M.insert] [main] [DEBUG] - <==    Updates: 1
[2026-09-11 14:16:13.576] [gas-forecast-startup] [] [] [c.g.f.d.m.M.insert] [main] [DEBUG] - ==>  Preparing: INSERT INTO model_forecast_result_tb ( forecast_batch_no, forecast_date, forecast_value ) VALUES ( ?, ?, ? )
[2026-09-11 14:16:13.576] [gas-forecast-startup] [] [] [c.g.f.d.m.M.insert] [main] [DEBUG] - ==> Parameters: MSFC-PRESET-011(String), 2026-07-03(String), 1786.497708405617(BigDecimal)
[2026-09-11 14:16:13.577] [gas-forecast-startup] [] [] [c.g.f.d.m.M.insert] [main] [DEBUG] - <==    Updates: 1
[2026-09-11 14:16:13.577] [gas-forecast-startup] [] [] [c.g.f.d.m.M.insert] [main] [DEBUG] - ==>  Preparing: INSERT INTO model_forecast_result_tb ( forecast_batch_no, forecast_date, forecast_value ) VALUES ( ?, ?, ? )
[2026-09-11 14:16:13.577] [gas-forecast-startup] [] [] [c.g.f.d.m.M.insert] [main] [DEBUG] - ==> Parameters: MSFC-PRESET-011(String), 2026-07-04(String), 1826.1352452083263(BigDecimal)
[2026-09-11 14:16:13.577] [gas-forecast-startup] [] [] [c.g.f.d.m.M.insert] [main] [DEBUG] - <==    Updates: 1
[2026-09-11 14:16:13.577] [gas-forecast-startup] [] [] [c.g.f.d.m.M.insert] [main] [DEBUG] - ==>  Preparing: INSERT INTO model_forecast_result_tb ( forecast_batch_no, forecast_date, forecast_value ) VALUES ( ?, ?, ? )
[2026-09-11 14:16:13.577] [gas-forecast-startup] [] [] [c.g.f.d.m.M.insert] [main] [DEBUG] - ==> Parameters: MSFC-PRESET-011(String), 2026-07-05(String), 1826.1352452083263(BigDecimal)
[2026-09-11 14:16:13.577] [gas-forecast-startup] [] [] [c.g.f.d.m.M.insert] [main] [DEBUG] - <==    Updates: 1
[2026-09-11 14:16:13.577] [gas-forecast-startup] [] [] [c.g.f.d.m.M.insert] [main] [DEBUG] - ==>  Preparing: INSERT INTO model_forecast_result_tb ( forecast_batch_no, forecast_date, forecast_value ) VALUES ( ?, ?, ? )
[2026-09-11 14:16:13.577] [gas-forecast-startup] [] [] [c.g.f.d.m.M.insert] [main] [DEBUG] - ==> Parameters: MSFC-PRESET-011(String), 2026-07-06(String), 1826.1352452083263(BigDecimal)
[2026-09-11 14:16:13.577] [gas-forecast-startup] [] [] [c.g.f.d.m.M.insert] [main] [DEBUG] - <==    Updates: 1
[2026-09-11 14:16:13.577] [gas-forecast-startup] [] [] [c.g.f.d.m.M.insert] [main] [DEBUG] - ==>  Preparing: INSERT INTO model_forecast_result_tb ( forecast_batch_no, forecast_date, forecast_value ) VALUES ( ?, ?, ? )
[2026-09-11 14:16:13.577] [gas-forecast-startup] [] [] [c.g.f.d.m.M.insert] [main] [DEBUG] - ==> Parameters: MSFC-PRESET-011(String), 2026-07-07(String), 1826.1352452083263(BigDecimal)
[2026-09-11 14:16:13.577] [gas-forecast-startup] [] [] [c.g.f.d.m.M.insert] [main] [DEBUG] - <==    Updates: 1
[2026-09-11 14:16:13.577] [gas-forecast-startup] [] [] [c.g.f.d.m.M.insert] [main] [DEBUG] - ==>  Preparing: INSERT INTO model_forecast_result_tb ( forecast_batch_no, forecast_date, forecast_value ) VALUES ( ?, ?, ? )
[2026-09-11 14:16:13.578] [gas-forecast-startup] [] [] [c.g.f.d.m.M.insert] [main] [DEBUG] - ==> Parameters: MSFC-PRESET-011(String), 2026-07-08(String), 1826.1352452083263(BigDecimal)
[2026-09-11 14:16:13.578] [gas-forecast-startup] [] [] [c.g.f.d.m.M.insert] [main] [DEBUG] - <==    Updates: 1
[2026-09-11 14:16:13.578] [gas-forecast-startup] [] [] [c.g.f.d.m.M.insert] [main] [DEBUG] - ==>  Preparing: INSERT INTO model_forecast_result_tb ( forecast_batch_no, forecast_date, forecast_value ) VALUES ( ?, ?, ? )
[2026-09-11 14:16:13.578] [gas-forecast-startup] [] [] [c.g.f.d.m.M.insert] [main] [DEBUG] - ==> Parameters: MSFC-PRESET-011(String), 2026-07-09(String), 1826.1352452083263(BigDecimal)
[2026-09-11 14:16:13.578] [gas-forecast-startup] [] [] [c.g.f.d.m.M.insert] [main] [DEBUG] - <==    Updates: 1
[2026-09-11 14:16:13.578] [gas-forecast-startup] [] [] [c.g.f.d.m.M.insert] [main] [DEBUG] - ==>  Preparing: INSERT INTO model_forecast_result_tb ( forecast_batch_no, forecast_date, forecast_value ) VALUES ( ?, ?, ? )
[2026-09-11 14:16:13.578] [gas-forecast-startup] [] [] [c.g.f.d.m.M.insert] [main] [DEBUG] - ==> Parameters: MSFC-PRESET-011(String), 2026-07-10(String), 1826.1352452083263(BigDecimal)
[2026-09-11 14:16:13.578] [gas-forecast-startup] [] [] [c.g.f.d.m.M.insert] [main] [DEBUG] - <==    Updates: 1
[2026-09-11 14:16:13.578] [gas-forecast-startup] [] [] [c.g.f.d.m.M.insert] [main] [DEBUG] - ==>  Preparing: INSERT INTO model_forecast_result_tb ( forecast_batch_no, forecast_date, forecast_value ) VALUES ( ?, ?, ? )
[2026-09-11 14:16:13.578] [gas-forecast-startup] [] [] [c.g.f.d.m.M.insert] [main] [DEBUG] - ==> Parameters: MSFC-PRESET-011(String), 2026-07-11(String), 1826.1352452083263(BigDecimal)
[2026-09-11 14:16:13.579] [gas-forecast-startup] [] [] [c.g.f.d.m.M.insert] [main] [DEBUG] - <==    Updates: 1
[2026-09-11 14:16:13.579] [gas-forecast-startup] [] [] [c.g.f.d.m.M.insert] [main] [DEBUG] - ==>  Preparing: INSERT INTO model_forecast_result_tb ( forecast_batch_no, forecast_date, forecast_value ) VALUES ( ?, ?, ? )
[2026-09-11 14:16:13.579] [gas-forecast-startup] [] [] [c.g.f.d.m.M.insert] [main] [DEBUG] - ==> Parameters: MSFC-PRESET-011(String), 2026-07-12(String), 1826.1352452083263(BigDecimal)
[2026-09-11 14:16:13.579] [gas-forecast-startup] [] [] [c.g.f.d.m.M.insert] [main] [DEBUG] - <==    Updates: 1
[2026-09-11 14:16:13.579] [gas-forecast-startup] [] [] [c.g.f.d.m.M.insert] [main] [DEBUG] - ==>  Preparing: INSERT INTO model_forecast_result_tb ( forecast_batch_no, forecast_date, forecast_value ) VALUES ( ?, ?, ? )
[2026-09-11 14:16:13.579] [gas-forecast-startup] [] [] [c.g.f.d.m.M.insert] [main] [DEBUG] - ==> Parameters: MSFC-PRESET-011(String), 2026-07-13(String), 1827.908878237783(BigDecimal)
[2026-09-11 14:16:13.579] [gas-forecast-startup] [] [] [c.g.f.d.m.M.insert] [main] [DEBUG] - <==    Updates: 1
[2026-09-11 14:16:13.579] [gas-forecast-startup] [] [] [c.g.f.d.m.M.insert] [main] [DEBUG] - ==>  Preparing: INSERT INTO model_forecast_result_tb ( forecast_batch_no, forecast_date, forecast_value ) VALUES ( ?, ?, ? )
[2026-09-11 14:16:13.579] [gas-forecast-startup] [] [] [c.g.f.d.m.M.insert] [main] [DEBUG] - ==> Parameters: MSFC-PRESET-011(String), 2026-07-14(String), 1829.5002667836104(BigDecimal)
[2026-09-11 14:16:13.580] [gas-forecast-startup] [] [] [c.g.f.d.m.M.insert] [main] [DEBUG] - <==    Updates: 1
[2026-09-11 14:16:13.580] [gas-forecast-startup] [] [] [c.g.f.d.m.M.insert] [main] [DEBUG] - ==>  Preparing: INSERT INTO model_forecast_result_tb ( forecast_batch_no, forecast_date, forecast_value ) VALUES ( ?, ?, ? )
[2026-09-11 14:16:13.580] [gas-forecast-startup] [] [] [c.g.f.d.m.M.insert] [main] [DEBUG] - ==> Parameters: MSFC-PRESET-011(String), 2026-07-15(String), 1829.5002667836104(BigDecimal)
[2026-09-11 14:16:13.580] [gas-forecast-startup] [] [] [c.g.f.d.m.M.insert] [main] [DEBUG] - <==    Updates: 1
[2026-09-11 14:16:13.580] [gas-forecast-startup] [] [] [c.g.f.d.m.M.insert] [main] [DEBUG] - ==>  Preparing: INSERT INTO model_forecast_result_tb ( forecast_batch_no, forecast_date, forecast_value ) VALUES ( ?, ?, ? )
[2026-09-11 14:16:13.580] [gas-forecast-startup] [] [] [c.g.f.d.m.M.insert] [main] [DEBUG] - ==> Parameters: MSFC-PRESET-011(String), 2026-07-16(String), 1829.5002667836104(BigDecimal)
[2026-09-11 14:16:13.580] [gas-forecast-startup] [] [] [c.g.f.d.m.M.insert] [main] [DEBUG] - <==    Updates: 1
[2026-09-11 14:16:13.580] [gas-forecast-startup] [] [] [c.g.f.d.m.M.insert] [main] [DEBUG] - ==>  Preparing: INSERT INTO model_forecast_result_tb ( forecast_batch_no, forecast_date, forecast_value ) VALUES ( ?, ?, ? )
[2026-09-11 14:16:13.580] [gas-forecast-startup] [] [] [c.g.f.d.m.M.insert] [main] [DEBUG] - ==> Parameters: MSFC-PRESET-011(String), 2026-07-17(String), 1829.5002667836104(BigDecimal)
[2026-09-11 14:16:13.580] [gas-forecast-startup] [] [] [c.g.f.d.m.M.insert] [main] [DEBUG] - <==    Updates: 1
[2026-09-11 14:16:13.580] [gas-forecast-startup] [] [] [c.g.f.d.m.M.insert] [main] [DEBUG] - ==>  Preparing: INSERT INTO model_forecast_result_tb ( forecast_batch_no, forecast_date, forecast_value ) VALUES ( ?, ?, ? )
[2026-09-11 14:16:13.580] [gas-forecast-startup] [] [] [c.g.f.d.m.M.insert] [main] [DEBUG] - ==> Parameters: MSFC-PRESET-011(String), 2026-07-18(String), 1829.5002667836104(BigDecimal)
[2026-09-11 14:16:13.581] [gas-forecast-startup] [] [] [c.g.f.d.m.M.insert] [main] [DEBUG] - <==    Updates: 1
[2026-09-11 14:16:13.581] [gas-forecast-startup] [] [] [c.g.f.d.m.M.insert] [main] [DEBUG] - ==>  Preparing: INSERT INTO model_forecast_result_tb ( forecast_batch_no, forecast_date, forecast_value ) VALUES ( ?, ?, ? )
[2026-09-11 14:16:13.581] [gas-forecast-startup] [] [] [c.g.f.d.m.M.insert] [main] [DEBUG] - ==> Parameters: MSFC-PRESET-011(String), 2026-07-19(String), 1829.5002667836104(BigDecimal)
[2026-09-11 14:16:13.581] [gas-forecast-startup] [] [] [c.g.f.d.m.M.insert] [main] [DEBUG] - <==    Updates: 1
[2026-09-11 14:16:13.581] [gas-forecast-startup] [] [] [c.g.f.d.m.M.insert] [main] [DEBUG] - ==>  Preparing: INSERT INTO model_forecast_result_tb ( forecast_batch_no, forecast_date, forecast_value ) VALUES ( ?, ?, ? )
[2026-09-11 14:16:13.581] [gas-forecast-startup] [] [] [c.g.f.d.m.M.insert] [main] [DEBUG] - ==> Parameters: MSFC-PRESET-011(String), 2026-07-20(String), 1829.5002667836104(BigDecimal)
[2026-09-11 14:16:13.581] [gas-forecast-startup] [] [] [c.g.f.d.m.M.insert] [main] [DEBUG] - <==    Updates: 1
[2026-09-11 14:16:13.581] [gas-forecast-startup] [] [] [c.g.f.d.m.M.insert] [main] [DEBUG] - ==>  Preparing: INSERT INTO model_forecast_result_tb ( forecast_batch_no, forecast_date, forecast_value ) VALUES ( ?, ?, ? )
[2026-09-11 14:16:13.581] [gas-forecast-startup] [] [] [c.g.f.d.m.M.insert] [main] [DEBUG] - ==> Parameters: MSFC-PRESET-011(String), 2026-07-21(String), 2007.790448894515(BigDecimal)
[2026-09-11 14:16:13.581] [gas-forecast-startup] [] [] [c.g.f.d.m.M.insert] [main] [DEBUG] - <==    Updates: 1
[2026-09-11 14:16:13.581] [gas-forecast-startup] [] [] [c.g.f.d.m.M.insert] [main] [DEBUG] - ==>  Preparing: INSERT INTO model_forecast_result_tb ( forecast_batch_no, forecast_date, forecast_value ) VALUES ( ?, ?, ? )
[2026-09-11 14:16:13.581] [gas-forecast-startup] [] [] [c.g.f.d.m.M.insert] [main] [DEBUG] - ==> Parameters: MSFC-PRESET-011(String), 2026-07-22(String), 2007.790448894515(BigDecimal)
[2026-09-11 14:16:13.582] [gas-forecast-startup] [] [] [c.g.f.d.m.M.insert] [main] [DEBUG] - <==    Updates: 1
[2026-09-11 14:16:13.582] [gas-forecast-startup] [] [] [c.g.f.d.m.M.insert] [main] [DEBUG] - ==>  Preparing: INSERT INTO model_forecast_result_tb ( forecast_batch_no, forecast_date, forecast_value ) VALUES ( ?, ?, ? )
[2026-09-11 14:16:13.582] [gas-forecast-startup] [] [] [c.g.f.d.m.M.insert] [main] [DEBUG] - ==> Parameters: MSFC-PRESET-011(String), 2026-07-23(String), 2005.968439398922(BigDecimal)
[2026-09-11 14:16:13.582] [gas-forecast-startup] [] [] [c.g.f.d.m.M.insert] [main] [DEBUG] - <==    Updates: 1
[2026-09-11 14:16:13.582] [gas-forecast-startup] [] [] [c.g.f.d.m.M.insert] [main] [DEBUG] - ==>  Preparing: INSERT INTO model_forecast_result_tb ( forecast_batch_no, forecast_date, forecast_value ) VALUES ( ?, ?, ? )
[2026-09-11 14:16:13.582] [gas-forecast-startup] [] [] [c.g.f.d.m.M.insert] [main] [DEBUG] - ==> Parameters: MSFC-PRESET-011(String), 2026-07-24(String), 2008.302325945968(BigDecimal)
[2026-09-11 14:16:13.582] [gas-forecast-startup] [] [] [c.g.f.d.m.M.insert] [main] [DEBUG] - <==    Updates: 1
[2026-09-11 14:16:13.582] [gas-forecast-startup] [] [] [c.g.f.d.m.M.insert] [main] [DEBUG] - ==>  Preparing: INSERT INTO model_forecast_result_tb ( forecast_batch_no, forecast_date, forecast_value ) VALUES ( ?, ?, ? )
[2026-09-11 14:16:13.582] [gas-forecast-startup] [] [] [c.g.f.d.m.M.insert] [main] [DEBUG] - ==> Parameters: MSFC-PRESET-011(String), 2026-07-25(String), 2008.302325945968(BigDecimal)
[2026-09-11 14:16:13.582] [gas-forecast-startup] [] [] [c.g.f.d.m.M.insert] [main] [DEBUG] - <==    Updates: 1
[2026-09-11 14:16:13.582] [gas-forecast-startup] [] [] [c.g.f.d.m.M.insert] [main] [DEBUG] - ==>  Preparing: INSERT INTO model_forecast_result_tb ( forecast_batch_no, forecast_date, forecast_value ) VALUES ( ?, ?, ? )
[2026-09-11 14:16:13.582] [gas-forecast-startup] [] [] [c.g.f.d.m.M.insert] [main] [DEBUG] - ==> Parameters: MSFC-PRESET-011(String), 2026-07-26(String), 2008.302325945968(BigDecimal)
[2026-09-11 14:16:13.583] [gas-forecast-startup] [] [] [c.g.f.d.m.M.insert] [main] [DEBUG] - <==    Updates: 1
[2026-09-11 14:16:13.583] [gas-forecast-startup] [] [] [c.g.f.d.m.M.insert] [main] [DEBUG] - ==>  Preparing: INSERT INTO model_forecast_result_tb ( forecast_batch_no, forecast_date, forecast_value ) VALUES ( ?, ?, ? )
[2026-09-11 14:16:13.583] [gas-forecast-startup] [] [] [c.g.f.d.m.M.insert] [main] [DEBUG] - ==> Parameters: MSFC-PRESET-011(String), 2026-07-27(String), 2008.302325945968(BigDecimal)
[2026-09-11 14:16:13.583] [gas-forecast-startup] [] [] [c.g.f.d.m.M.insert] [main] [DEBUG] - <==    Updates: 1
[2026-09-11 14:16:13.583] [gas-forecast-startup] [] [] [c.g.f.d.m.M.insert] [main] [DEBUG] - ==>  Preparing: INSERT INTO model_forecast_result_tb ( forecast_batch_no, forecast_date, forecast_value ) VALUES ( ?, ?, ? )
[2026-09-11 14:16:13.583] [gas-forecast-startup] [] [] [c.g.f.d.m.M.insert] [main] [DEBUG] - ==> Parameters: MSFC-PRESET-011(String), 2026-07-28(String), 2010.1243354415603(BigDecimal)
[2026-09-11 14:16:13.583] [gas-forecast-startup] [] [] [c.g.f.d.m.M.insert] [main] [DEBUG] - <==    Updates: 1
[2026-09-11 14:16:13.583] [gas-forecast-startup] [] [] [c.g.f.d.m.M.insert] [main] [DEBUG] - ==>  Preparing: INSERT INTO model_forecast_result_tb ( forecast_batch_no, forecast_date, forecast_value ) VALUES ( ?, ?, ? )
[2026-09-11 14:16:13.583] [gas-forecast-startup] [] [] [c.g.f.d.m.M.insert] [main] [DEBUG] - ==> Parameters: MSFC-PRESET-011(String), 2026-07-29(String), 2008.302325945968(BigDecimal)
[2026-09-11 14:16:13.583] [gas-forecast-startup] [] [] [c.g.f.d.m.M.insert] [main] [DEBUG] - <==    Updates: 1
[2026-09-11 14:16:13.583] [gas-forecast-startup] [] [] [c.g.f.d.m.M.insert] [main] [DEBUG] - ==>  Preparing: INSERT INTO model_forecast_result_tb ( forecast_batch_no, forecast_date, forecast_value ) VALUES ( ?, ?, ? )
[2026-09-11 14:16:13.583] [gas-forecast-startup] [] [] [c.g.f.d.m.M.insert] [main] [DEBUG] - ==> Parameters: MSFC-PRESET-011(String), 2026-07-30(String), 2008.302325945968(BigDecimal)
[2026-09-11 14:16:13.584] [gas-forecast-startup] [] [] [c.g.f.d.m.M.insert] [main] [DEBUG] - <==    Updates: 1
[2026-09-11 14:16:13.584] [gas-forecast-startup] [] [] [c.g.f.d.m.M.insert] [main] [DEBUG] - ==>  Preparing: INSERT INTO model_forecast_result_tb ( forecast_batch_no, forecast_date, forecast_value ) VALUES ( ?, ?, ? )
[2026-09-11 14:16:13.584] [gas-forecast-startup] [] [] [c.g.f.d.m.M.insert] [main] [DEBUG] - ==> Parameters: MSFC-PRESET-011(String), 2026-07-31(String), 2004.925967858134(BigDecimal)
[2026-09-11 14:16:13.584] [gas-forecast-startup] [] [] [c.g.f.d.m.M.insert] [main] [DEBUG] - <==    Updates: 1
[2026-09-11 14:16:13.584] [gas-forecast-startup] [] [] [c.g.f.d.m.M.insert] [main] [DEBUG] - ==>  Preparing: INSERT INTO model_forecast_result_tb ( forecast_batch_no, forecast_date, forecast_value ) VALUES ( ?, ?, ? )
[2026-09-11 14:16:13.584] [gas-forecast-startup] [] [] [c.g.f.d.m.M.insert] [main] [DEBUG] - ==> Parameters: MSFC-PRESET-011(String), 2026-08-01(String), 2007.6540237025536(BigDecimal)
[2026-09-11 14:16:13.584] [gas-forecast-startup] [] [] [c.g.f.d.m.M.insert] [main] [DEBUG] - <==    Updates: 1
[2026-09-11 14:16:13.585] [gas-forecast-startup] [] [] [c.g.f.d.m.M.insert] [main] [DEBUG] - ==>  Preparing: INSERT INTO model_forecast_result_tb ( forecast_batch_no, forecast_date, forecast_value ) VALUES ( ?, ?, ? )
[2026-09-11 14:16:13.585] [gas-forecast-startup] [] [] [c.g.f.d.m.M.insert] [main] [DEBUG] - ==> Parameters: MSFC-PRESET-011(String), 2026-08-02(String), 2005.653116543495(BigDecimal)
[2026-09-11 14:16:13.585] [gas-forecast-startup] [] [] [c.g.f.d.m.M.insert] [main] [DEBUG] - <==    Updates: 1
[2026-09-11 14:16:13.585] [gas-forecast-startup] [] [] [c.g.f.d.m.M.insert] [main] [DEBUG] - ==>  Preparing: INSERT INTO model_forecast_result_tb ( forecast_batch_no, forecast_date, forecast_value ) VALUES ( ?, ?, ? )
[2026-09-11 14:16:13.585] [gas-forecast-startup] [] [] [c.g.f.d.m.M.insert] [main] [DEBUG] - ==> Parameters: MSFC-PRESET-011(String), 2026-08-03(String), 2009.029474631328(BigDecimal)
[2026-09-11 14:16:13.585] [gas-forecast-startup] [] [] [c.g.f.d.m.M.insert] [main] [DEBUG] - <==    Updates: 1
[2026-09-11 14:16:13.585] [gas-forecast-startup] [] [] [c.g.f.d.m.M.insert] [main] [DEBUG] - ==>  Preparing: INSERT INTO model_forecast_result_tb ( forecast_batch_no, forecast_date, forecast_value ) VALUES ( ?, ?, ? )
[2026-09-11 14:16:13.585] [gas-forecast-startup] [] [] [c.g.f.d.m.M.insert] [main] [DEBUG] - ==> Parameters: MSFC-PRESET-011(String), 2026-08-04(String), 2009.029474631328(BigDecimal)
[2026-09-11 14:16:13.585] [gas-forecast-startup] [] [] [c.g.f.d.m.M.insert] [main] [DEBUG] - <==    Updates: 1
[2026-09-11 14:16:13.585] [gas-forecast-startup] [] [] [c.g.f.d.m.M.insert] [main] [DEBUG] - ==>  Preparing: INSERT INTO model_forecast_result_tb ( forecast_batch_no, forecast_date, forecast_value ) VALUES ( ?, ?, ? )
[2026-09-11 14:16:13.585] [gas-forecast-startup] [] [] [c.g.f.d.m.M.insert] [main] [DEBUG] - ==> Parameters: MSFC-PRESET-011(String), 2026-08-05(String), 2005.6644530560443(BigDecimal)
[2026-09-11 14:16:13.585] [gas-forecast-startup] [] [] [c.g.f.d.m.M.insert] [main] [DEBUG] - <==    Updates: 1
[2026-09-11 14:16:13.585] [gas-forecast-startup] [] [] [c.g.f.d.m.M.insert] [main] [DEBUG] - ==>  Preparing: INSERT INTO model_forecast_result_tb ( forecast_batch_no, forecast_date, forecast_value ) VALUES ( ?, ?, ? )
[2026-09-11 14:16:13.586] [gas-forecast-startup] [] [] [c.g.f.d.m.M.insert] [main] [DEBUG] - ==> Parameters: MSFC-PRESET-011(String), 2026-08-06(String), 2005.6644530560443(BigDecimal)
[2026-09-11 14:16:13.586] [gas-forecast-startup] [] [] [c.g.f.d.m.M.insert] [main] [DEBUG] - <==    Updates: 1
[2026-09-11 14:16:13.586] [gas-forecast-startup] [] [] [c.g.f.d.m.M.insert] [main] [DEBUG] - ==>  Preparing: INSERT INTO model_forecast_result_tb ( forecast_batch_no, forecast_date, forecast_value ) VALUES ( ?, ?, ? )
[2026-09-11 14:16:13.586] [gas-forecast-startup] [] [] [c.g.f.d.m.M.insert] [main] [DEBUG] - ==> Parameters: MSFC-PRESET-011(String), 2026-08-07(String), 2005.6644530560443(BigDecimal)
[2026-09-11 14:16:13.586] [gas-forecast-startup] [] [] [c.g.f.d.m.M.insert] [main] [DEBUG] - <==    Updates: 1
[2026-09-11 14:16:13.586] [gas-forecast-startup] [] [] [c.g.f.d.m.M.insert] [main] [DEBUG] - ==>  Preparing: INSERT INTO model_forecast_result_tb ( forecast_batch_no, forecast_date, forecast_value ) VALUES ( ?, ?, ? )
[2026-09-11 14:16:13.586] [gas-forecast-startup] [] [] [c.g.f.d.m.M.insert] [main] [DEBUG] - ==> Parameters: MSFC-PRESET-011(String), 2026-08-08(String), 2005.6644530560443(BigDecimal)
[2026-09-11 14:16:13.586] [gas-forecast-startup] [] [] [c.g.f.d.m.M.insert] [main] [DEBUG] - <==    Updates: 1
[2026-09-11 14:16:13.586] [gas-forecast-startup] [] [] [c.g.f.d.m.M.insert] [main] [DEBUG] - ==>  Preparing: INSERT INTO model_forecast_result_tb ( forecast_batch_no, forecast_date, forecast_value ) VALUES ( ?, ?, ? )
[2026-09-11 14:16:13.586] [gas-forecast-startup] [] [] [c.g.f.d.m.M.insert] [main] [DEBUG] - ==> Parameters: MSFC-PRESET-011(String), 2026-08-09(String), 2005.6644530560443(BigDecimal)
[2026-09-11 14:16:13.586] [gas-forecast-startup] [] [] [c.g.f.d.m.M.insert] [main] [DEBUG] - <==    Updates: 1
[2026-09-11 14:16:13.586] [gas-forecast-startup] [] [] [c.g.f.d.m.M.insert] [main] [DEBUG] - ==>  Preparing: INSERT INTO model_forecast_result_tb ( forecast_batch_no, forecast_date, forecast_value ) VALUES ( ?, ?, ? )
[2026-09-11 14:16:13.586] [gas-forecast-startup] [] [] [c.g.f.d.m.M.insert] [main] [DEBUG] - ==> Parameters: MSFC-PRESET-011(String), 2026-08-10(String), 2005.6644530560443(BigDecimal)
[2026-09-11 14:16:13.587] [gas-forecast-startup] [] [] [c.g.f.d.m.M.insert] [main] [DEBUG] - <==    Updates: 1
[2026-09-11 14:16:13.587] [gas-forecast-startup] [] [] [c.g.f.d.m.M.insert] [main] [DEBUG] - ==>  Preparing: INSERT INTO model_forecast_result_tb ( forecast_batch_no, forecast_date, forecast_value ) VALUES ( ?, ?, ? )
[2026-09-11 14:16:13.587] [gas-forecast-startup] [] [] [c.g.f.d.m.M.insert] [main] [DEBUG] - ==> Parameters: MSFC-PRESET-011(String), 2026-08-11(String), 2005.6644530560443(BigDecimal)
[2026-09-11 14:16:13.587] [gas-forecast-startup] [] [] [c.g.f.d.m.M.insert] [main] [DEBUG] - <==    Updates: 1
[2026-09-11 14:16:13.587] [gas-forecast-startup] [] [] [c.g.f.d.m.M.insert] [main] [DEBUG] - ==>  Preparing: INSERT INTO model_forecast_result_tb ( forecast_batch_no, forecast_date, forecast_value ) VALUES ( ?, ?, ? )
[2026-09-11 14:16:13.587] [gas-forecast-startup] [] [] [c.g.f.d.m.M.insert] [main] [DEBUG] - ==> Parameters: MSFC-PRESET-011(String), 2026-08-12(String), 2005.7014435465649(BigDecimal)
[2026-09-11 14:16:13.587] [gas-forecast-startup] [] [] [c.g.f.d.m.M.insert] [main] [DEBUG] - <==    Updates: 1
[2026-09-11 14:16:13.587] [gas-forecast-startup] [] [] [c.g.f.d.m.M.insert] [main] [DEBUG] - ==>  Preparing: INSERT INTO model_forecast_result_tb ( forecast_batch_no, forecast_date, forecast_value ) VALUES ( ?, ?, ? )
[2026-09-11 14:16:13.587] [gas-forecast-startup] [] [] [c.g.f.d.m.M.insert] [main] [DEBUG] - ==> Parameters: MSFC-PRESET-011(String), 2026-08-13(String), 2007.5234530421576(BigDecimal)
[2026-09-11 14:16:13.587] [gas-forecast-startup] [] [] [c.g.f.d.m.M.insert] [main] [DEBUG] - <==    Updates: 1
[2026-09-11 14:16:13.587] [gas-forecast-startup] [] [] [c.g.f.d.m.M.insert] [main] [DEBUG] - ==>  Preparing: INSERT INTO model_forecast_result_tb ( forecast_batch_no, forecast_date, forecast_value ) VALUES ( ?, ?, ? )
[2026-09-11 14:16:13.588] [gas-forecast-startup] [] [] [c.g.f.d.m.M.insert] [main] [DEBUG] - ==> Parameters: MSFC-PRESET-011(String), 2026-08-14(String), 2007.5234530421576(BigDecimal)
[2026-09-11 14:16:13.588] [gas-forecast-startup] [] [] [c.g.f.d.m.M.insert] [main] [DEBUG] - <==    Updates: 1
[2026-09-11 14:16:13.588] [gas-forecast-startup] [] [] [c.g.f.d.m.M.insert] [main] [DEBUG] - ==>  Preparing: INSERT INTO model_forecast_result_tb ( forecast_batch_no, forecast_date, forecast_value ) VALUES ( ?, ?, ? )
[2026-09-11 14:16:13.588] [gas-forecast-startup] [] [] [c.g.f.d.m.M.insert] [main] [DEBUG] - ==> Parameters: MSFC-PRESET-011(String), 2026-08-15(String), 2008.1566414496865(BigDecimal)
[2026-09-11 14:16:13.588] [gas-forecast-startup] [] [] [c.g.f.d.m.M.insert] [main] [DEBUG] - <==    Updates: 1
[2026-09-11 14:16:13.588] [gas-forecast-startup] [] [] [c.g.f.d.m.M.insert] [main] [DEBUG] - ==>  Preparing: INSERT INTO model_forecast_result_tb ( forecast_batch_no, forecast_date, forecast_value ) VALUES ( ?, ?, ? )
[2026-09-11 14:16:13.588] [gas-forecast-startup] [] [] [c.g.f.d.m.M.insert] [main] [DEBUG] - ==> Parameters: MSFC-PRESET-011(String), 2026-08-16(String), 2008.1566414496865(BigDecimal)
[2026-09-11 14:16:13.588] [gas-forecast-startup] [] [] [c.g.f.d.m.M.insert] [main] [DEBUG] - <==    Updates: 1
[2026-09-11 14:16:13.588] [gas-forecast-startup] [] [] [c.g.f.d.m.M.insert] [main] [DEBUG] - ==>  Preparing: INSERT INTO model_forecast_result_tb ( forecast_batch_no, forecast_date, forecast_value ) VALUES ( ?, ?, ? )
[2026-09-11 14:16:13.588] [gas-forecast-startup] [] [] [c.g.f.d.m.M.insert] [main] [DEBUG] - ==> Parameters: MSFC-PRESET-011(String), 2026-08-17(String), 2008.1566414496865(BigDecimal)
[2026-09-11 14:16:13.588] [gas-forecast-startup] [] [] [c.g.f.d.m.M.insert] [main] [DEBUG] - <==    Updates: 1
[2026-09-11 14:16:13.588] [gas-forecast-startup] [] [] [c.g.f.d.m.M.insert] [main] [DEBUG] - ==>  Preparing: INSERT INTO model_forecast_result_tb ( forecast_batch_no, forecast_date, forecast_value ) VALUES ( ?, ?, ? )
[2026-09-11 14:16:13.588] [gas-forecast-startup] [] [] [c.g.f.d.m.M.insert] [main] [DEBUG] - ==> Parameters: MSFC-PRESET-011(String), 2026-08-18(String), 2008.1566414496865(BigDecimal)
[2026-09-11 14:16:13.589] [gas-forecast-startup] [] [] [c.g.f.d.m.M.insert] [main] [DEBUG] - <==    Updates: 1
[2026-09-11 14:16:13.589] [gas-forecast-startup] [] [] [c.g.f.d.m.M.insert] [main] [DEBUG] - ==>  Preparing: INSERT INTO model_forecast_result_tb ( forecast_batch_no, forecast_date, forecast_value ) VALUES ( ?, ?, ? )
[2026-09-11 14:16:13.589] [gas-forecast-startup] [] [] [c.g.f.d.m.M.insert] [main] [DEBUG] - ==> Parameters: MSFC-PRESET-011(String), 2026-08-19(String), 2008.1566414496865(BigDecimal)
[2026-09-11 14:16:13.589] [gas-forecast-startup] [] [] [c.g.f.d.m.M.insert] [main] [DEBUG] - <==    Updates: 1
[2026-09-11 14:16:13.589] [gas-forecast-startup] [] [] [c.g.f.d.m.M.insert] [main] [DEBUG] - ==>  Preparing: INSERT INTO model_forecast_result_tb ( forecast_batch_no, forecast_date, forecast_value ) VALUES ( ?, ?, ? )
[2026-09-11 14:16:13.589] [gas-forecast-startup] [] [] [c.g.f.d.m.M.insert] [main] [DEBUG] - ==> Parameters: MSFC-PRESET-011(String), 2026-08-20(String), 2008.1566414496865(BigDecimal)
[2026-09-11 14:16:13.589] [gas-forecast-startup] [] [] [c.g.f.d.m.M.insert] [main] [DEBUG] - <==    Updates: 1
[2026-09-11 14:16:13.589] [gas-forecast-startup] [] [] [c.g.f.d.m.M.insert] [main] [DEBUG] - ==>  Preparing: INSERT INTO model_forecast_result_tb ( forecast_batch_no, forecast_date, forecast_value ) VALUES ( ?, ?, ? )
[2026-09-11 14:16:13.589] [gas-forecast-startup] [] [] [c.g.f.d.m.M.insert] [main] [DEBUG] - ==> Parameters: MSFC-PRESET-011(String), 2026-08-21(String), 2008.1566414496865(BigDecimal)
[2026-09-11 14:16:13.589] [gas-forecast-startup] [] [] [c.g.f.d.m.M.insert] [main] [DEBUG] - <==    Updates: 1
[2026-09-11 14:16:13.589] [gas-forecast-startup] [] [] [c.g.f.d.m.M.insert] [main] [DEBUG] - ==>  Preparing: INSERT INTO model_forecast_result_tb ( forecast_batch_no, forecast_date, forecast_value ) VALUES ( ?, ?, ? )
[2026-09-11 14:16:13.589] [gas-forecast-startup] [] [] [c.g.f.d.m.M.insert] [main] [DEBUG] - ==> Parameters: MSFC-PRESET-011(String), 2026-08-22(String), 2008.119650959166(BigDecimal)
[2026-09-11 14:16:13.590] [gas-forecast-startup] [] [] [c.g.f.d.m.M.insert] [main] [DEBUG] - <==    Updates: 1
[2026-09-11 14:16:13.590] [gas-forecast-startup] [] [] [c.g.f.d.m.M.insert] [main] [DEBUG] - ==>  Preparing: INSERT INTO model_forecast_result_tb ( forecast_batch_no, forecast_date, forecast_value ) VALUES ( ?, ?, ? )
[2026-09-11 14:16:13.590] [gas-forecast-startup] [] [] [c.g.f.d.m.M.insert] [main] [DEBUG] - ==> Parameters: MSFC-PRESET-011(String), 2026-08-23(String), 2009.7292460181548(BigDecimal)
[2026-09-11 14:16:13.590] [gas-forecast-startup] [] [] [c.g.f.d.m.M.insert] [main] [DEBUG] - <==    Updates: 1
[2026-09-11 14:16:13.590] [gas-forecast-startup] [] [] [c.g.f.d.m.M.insert] [main] [DEBUG] - ==>  Preparing: INSERT INTO model_forecast_result_tb ( forecast_batch_no, forecast_date, forecast_value ) VALUES ( ?, ?, ? )
[2026-09-11 14:16:13.590] [gas-forecast-startup] [] [] [c.g.f.d.m.M.insert] [main] [DEBUG] - ==> Parameters: MSFC-PRESET-011(String), 2026-08-24(String), 2081.72664193549(BigDecimal)
[2026-09-11 14:16:13.590] [gas-forecast-startup] [] [] [c.g.f.d.m.M.insert] [main] [DEBUG] - <==    Updates: 1
[2026-09-11 14:16:13.590] [gas-forecast-startup] [] [] [c.g.f.d.m.M.insert] [main] [DEBUG] - ==>  Preparing: INSERT INTO model_forecast_result_tb ( forecast_batch_no, forecast_date, forecast_value ) VALUES ( ?, ?, ? )
[2026-09-11 14:16:13.590] [gas-forecast-startup] [] [] [c.g.f.d.m.M.insert] [main] [DEBUG] - ==> Parameters: MSFC-PRESET-011(String), 2026-08-25(String), 2081.72664193549(BigDecimal)
[2026-09-11 14:16:13.590] [gas-forecast-startup] [] [] [c.g.f.d.m.M.insert] [main] [DEBUG] - <==    Updates: 1
[2026-09-11 14:16:13.590] [gas-forecast-startup] [] [] [c.g.f.d.m.M.insert] [main] [DEBUG] - ==>  Preparing: INSERT INTO model_forecast_result_tb ( forecast_batch_no, forecast_date, forecast_value ) VALUES ( ?, ?, ? )
[2026-09-11 14:16:13.590] [gas-forecast-startup] [] [] [c.g.f.d.m.M.insert] [main] [DEBUG] - ==> Parameters: MSFC-PRESET-011(String), 2026-08-26(String), 2081.72664193549(BigDecimal)
[2026-09-11 14:16:13.591] [gas-forecast-startup] [] [] [c.g.f.d.m.M.insert] [main] [DEBUG] - <==    Updates: 1
[2026-09-11 14:16:13.591] [gas-forecast-startup] [] [] [c.g.f.d.m.M.insert] [main] [DEBUG] - ==>  Preparing: INSERT INTO model_forecast_result_tb ( forecast_batch_no, forecast_date, forecast_value ) VALUES ( ?, ?, ? )
[2026-09-11 14:16:13.591] [gas-forecast-startup] [] [] [c.g.f.d.m.M.insert] [main] [DEBUG] - ==> Parameters: MSFC-PRESET-011(String), 2026-08-27(String), 2081.72664193549(BigDecimal)
[2026-09-11 14:16:13.591] [gas-forecast-startup] [] [] [c.g.f.d.m.M.insert] [main] [DEBUG] - <==    Updates: 1
[2026-09-11 14:16:13.591] [gas-forecast-startup] [] [] [c.g.f.d.m.M.insert] [main] [DEBUG] - ==>  Preparing: INSERT INTO model_forecast_result_tb ( forecast_batch_no, forecast_date, forecast_value ) VALUES ( ?, ?, ? )
[2026-09-11 14:16:13.591] [gas-forecast-startup] [] [] [c.g.f.d.m.M.insert] [main] [DEBUG] - ==> Parameters: MSFC-PRESET-011(String), 2026-08-28(String), 2081.72664193549(BigDecimal)
[2026-09-11 14:16:13.591] [gas-forecast-startup] [] [] [c.g.f.d.m.M.insert] [main] [DEBUG] - <==    Updates: 1
[2026-09-11 14:16:13.591] [gas-forecast-startup] [] [] [c.g.f.d.m.M.insert] [main] [DEBUG] - ==>  Preparing: INSERT INTO model_forecast_result_tb ( forecast_batch_no, forecast_date, forecast_value ) VALUES ( ?, ?, ? )
[2026-09-11 14:16:13.591] [gas-forecast-startup] [] [] [c.g.f.d.m.M.insert] [main] [DEBUG] - ==> Parameters: MSFC-PRESET-011(String), 2026-08-29(String), 2081.72664193549(BigDecimal)
[2026-09-11 14:16:13.592] [gas-forecast-startup] [] [] [c.g.f.d.m.M.insert] [main] [DEBUG] - <==    Updates: 1
[2026-09-11 14:16:13.592] [gas-forecast-startup] [] [] [c.g.f.d.m.M.insert] [main] [DEBUG] - ==>  Preparing: INSERT INTO model_forecast_result_tb ( forecast_batch_no, forecast_date, forecast_value ) VALUES ( ?, ?, ? )
[2026-09-11 14:16:13.592] [gas-forecast-startup] [] [] [c.g.f.d.m.M.insert] [main] [DEBUG] - ==> Parameters: MSFC-PRESET-011(String), 2026-08-30(String), 2081.72664193549(BigDecimal)
[2026-09-11 14:16:13.592] [gas-forecast-startup] [] [] [c.g.f.d.m.M.insert] [main] [DEBUG] - <==    Updates: 1
[2026-09-11 14:16:13.592] [gas-forecast-startup] [] [] [c.g.f.d.m.M.insert] [main] [DEBUG] - ==>  Preparing: INSERT INTO model_forecast_result_tb ( forecast_batch_no, forecast_date, forecast_value ) VALUES ( ?, ?, ? )
[2026-09-11 14:16:13.592] [gas-forecast-startup] [] [] [c.g.f.d.m.M.insert] [main] [DEBUG] - ==> Parameters: MSFC-PRESET-011(String), 2026-08-31(String), 2096.5626247279406(BigDecimal)
[2026-09-11 14:16:13.592] [gas-forecast-startup] [] [] [c.g.f.d.m.M.insert] [main] [DEBUG] - <==    Updates: 1
[2026-09-11 14:16:13.592] [gas-forecast-startup] [] [] [c.g.f.d.m.M.insert] [main] [DEBUG] - ==>  Preparing: INSERT INTO model_forecast_result_tb ( forecast_batch_no, forecast_date, forecast_value ) VALUES ( ?, ?, ? )
[2026-09-11 14:16:13.592] [gas-forecast-startup] [] [] [c.g.f.d.m.M.insert] [main] [DEBUG] - ==> Parameters: MSFC-PRESET-011(String), 2026-09-01(String), 2129.333517764917(BigDecimal)
[2026-09-11 14:16:13.593] [gas-forecast-startup] [] [] [c.g.f.d.m.M.insert] [main] [DEBUG] - <==    Updates: 1
[2026-09-11 14:16:13.593] [gas-forecast-startup] [] [] [c.g.f.d.m.M.insert] [main] [DEBUG] - ==>  Preparing: INSERT INTO model_forecast_result_tb ( forecast_batch_no, forecast_date, forecast_value ) VALUES ( ?, ?, ? )
[2026-09-11 14:16:13.593] [gas-forecast-startup] [] [] [c.g.f.d.m.M.insert] [main] [DEBUG] - ==> Parameters: MSFC-PRESET-011(String), 2026-09-02(String), 2080.999493250129(BigDecimal)
[2026-09-11 14:16:13.593] [gas-forecast-startup] [] [] [c.g.f.d.m.M.insert] [main] [DEBUG] - <==    Updates: 1
[2026-09-11 14:16:13.594] [gas-forecast-startup] [] [] [c.g.f.d.m.B.selectList] [main] [DEBUG] - ==>  Preparing: SELECT id,region_code,region_name,region_type,parent_id,sort_no,enabled,remark,created_by,created_at,updated_by,updated_at,update_by_name,created_by_name FROM base_region_tb WHERE (region_name = ? AND region_type = ?) limit 1
[2026-09-11 14:16:13.594] [gas-forecast-startup] [] [] [c.g.f.d.m.B.selectList] [main] [DEBUG] - ==> Parameters: 河北(String), PROVINCE(String)
[2026-09-11 14:16:13.595] [gas-forecast-startup] [] [] [c.g.f.d.m.B.selectList] [main] [DEBUG] - <==      Total: 1
[2026-09-11 14:16:13.595] [gas-forecast-startup] [] [] [c.g.f.d.m.B.selectList] [main] [DEBUG] - ==>  Preparing: SELECT id,industry_code,industry_name,parent_id,industry_level,sort_no,created_at,updated_at,created_by,created_by_name,updated_by,updated_by_name FROM base_industry_tb WHERE (industry_name = ?) limit 1
[2026-09-11 14:16:13.595] [gas-forecast-startup] [] [] [c.g.f.d.m.B.selectList] [main] [DEBUG] - ==> Parameters: 工业燃料(String)
[2026-09-11 14:16:13.595] [gas-forecast-startup] [] [] [c.g.f.d.m.B.selectList] [main] [DEBUG] - <==      Total: 0
[2026-09-11 14:16:13.595] [gas-forecast-startup] [] [] [c.g.f.d.m.M.delete] [main] [DEBUG] - ==>  Preparing: DELETE FROM model_forecast_result_tb WHERE (forecast_batch_no = ?)
[2026-09-11 14:16:13.595] [gas-forecast-startup] [] [] [c.g.f.d.m.M.delete] [main] [DEBUG] - ==> Parameters: MSFC-PRESET-012(String)
[2026-09-11 14:16:13.596] [gas-forecast-startup] [] [] [c.g.f.d.m.M.delete] [main] [DEBUG] - <==    Updates: 50
[2026-09-11 14:16:13.596] [gas-forecast-startup] [] [] [c.g.f.d.m.M.delete] [main] [DEBUG] - ==>  Preparing: DELETE FROM model_forecast_batch_tb WHERE (batch_no = ?)
[2026-09-11 14:16:13.596] [gas-forecast-startup] [] [] [c.g.f.d.m.M.delete] [main] [DEBUG] - ==> Parameters: MSFC-PRESET-012(String)
[2026-09-11 14:16:13.596] [gas-forecast-startup] [] [] [c.g.f.d.m.M.delete] [main] [DEBUG] - <==    Updates: 1
[2026-09-11 14:16:13.596] [gas-forecast-startup] [] [] [c.g.f.d.m.M.insert] [main] [DEBUG] - ==>  Preparing: INSERT INTO model_forecast_batch_tb ( batch_no, train_batch_no, agent_code, region_code, region_name, customer_code, customer_name, industry_code, industry_name, forecast_horizon, forecast_start_date, forecast_end_date, status, request_json, created_by, created_by_name ) VALUES ( ?, ?, ?, ?, ?, ?, ?, ?, ?, ?, ?, ?, ?, ?, ?, ? )
[2026-09-11 14:16:13.597] [gas-forecast-startup] [] [] [c.g.f.d.m.M.insert] [main] [DEBUG] - ==> Parameters: MSFC-PRESET-012(String), XQTRAIN-monthly-sales-河北(String), monthly-sales(String), 3f040f4b-9c2a-53a9-a518-b605292612f0(String), 河北(String), ALL(String), 全部客户(String), 工业燃料(String), 工业燃料(String), 50(Integer), 20260526(Integer), 2026-07-14(String), SUCCESS(String), {"agent_id":"monthly-sales","source":"preset","model_name":"per_50_day_refit","industry":"工业燃料","customer":"全部客户","metrics":{"mape":20.16,"mae":17.03,"rmse":25.4,"r2":0.21}}(String), system(String), 系统(String)
[2026-09-11 14:16:13.597] [gas-forecast-startup] [] [] [c.g.f.d.m.M.insert] [main] [DEBUG] - <==    Updates: 1
[2026-09-11 14:16:13.597] [gas-forecast-startup] [] [] [c.g.f.d.m.M.delete] [main] [DEBUG] - ==>  Preparing: DELETE FROM model_forecast_result_tb WHERE (forecast_batch_no = ?)
[2026-09-11 14:16:13.597] [gas-forecast-startup] [] [] [c.g.f.d.m.M.delete] [main] [DEBUG] - ==> Parameters: MSFC-PRESET-012(String)
[2026-09-11 14:16:13.597] [gas-forecast-startup] [] [] [c.g.f.d.m.M.delete] [main] [DEBUG] - <==    Updates: 0
[2026-09-11 14:16:13.597] [gas-forecast-startup] [] [] [c.g.f.d.m.M.insert] [main] [DEBUG] - ==>  Preparing: INSERT INTO model_forecast_result_tb ( forecast_batch_no, forecast_date, forecast_value ) VALUES ( ?, ?, ? )
[2026-09-11 14:16:13.597] [gas-forecast-startup] [] [] [c.g.f.d.m.M.insert] [main] [DEBUG] - ==> Parameters: MSFC-PRESET-012(String), 2026-05-26(String), 97.41678610305394(BigDecimal)
[2026-09-11 14:16:13.597] [gas-forecast-startup] [] [] [c.g.f.d.m.M.insert] [main] [DEBUG] - <==    Updates: 1
[2026-09-11 14:16:13.598] [gas-forecast-startup] [] [] [c.g.f.d.m.M.insert] [main] [DEBUG] - ==>  Preparing: INSERT INTO model_forecast_result_tb ( forecast_batch_no, forecast_date, forecast_value ) VALUES ( ?, ?, ? )
[2026-09-11 14:16:13.598] [gas-forecast-startup] [] [] [c.g.f.d.m.M.insert] [main] [DEBUG] - ==> Parameters: MSFC-PRESET-012(String), 2026-05-27(String), 98.0166148910875(BigDecimal)
[2026-09-11 14:16:13.598] [gas-forecast-startup] [] [] [c.g.f.d.m.M.insert] [main] [DEBUG] - <==    Updates: 1
[2026-09-11 14:16:13.598] [gas-forecast-startup] [] [] [c.g.f.d.m.M.insert] [main] [DEBUG] - ==>  Preparing: INSERT INTO model_forecast_result_tb ( forecast_batch_no, forecast_date, forecast_value ) VALUES ( ?, ?, ? )
[2026-09-11 14:16:13.598] [gas-forecast-startup] [] [] [c.g.f.d.m.M.insert] [main] [DEBUG] - ==> Parameters: MSFC-PRESET-012(String), 2026-05-28(String), 98.09146909702974(BigDecimal)
[2026-09-11 14:16:13.598] [gas-forecast-startup] [] [] [c.g.f.d.m.M.insert] [main] [DEBUG] - <==    Updates: 1
[2026-09-11 14:16:13.598] [gas-forecast-startup] [] [] [c.g.f.d.m.M.insert] [main] [DEBUG] - ==>  Preparing: INSERT INTO model_forecast_result_tb ( forecast_batch_no, forecast_date, forecast_value ) VALUES ( ?, ?, ? )
[2026-09-11 14:16:13.598] [gas-forecast-startup] [] [] [c.g.f.d.m.M.insert] [main] [DEBUG] - ==> Parameters: MSFC-PRESET-012(String), 2026-05-29(String), 97.55625911988614(BigDecimal)
[2026-09-11 14:16:13.598] [gas-forecast-startup] [] [] [c.g.f.d.m.M.insert] [main] [DEBUG] - <==    Updates: 1
[2026-09-11 14:16:13.598] [gas-forecast-startup] [] [] [c.g.f.d.m.M.insert] [main] [DEBUG] - ==>  Preparing: INSERT INTO model_forecast_result_tb ( forecast_batch_no, forecast_date, forecast_value ) VALUES ( ?, ?, ? )
[2026-09-11 14:16:13.598] [gas-forecast-startup] [] [] [c.g.f.d.m.M.insert] [main] [DEBUG] - ==> Parameters: MSFC-PRESET-012(String), 2026-05-30(String), 96.94651156645476(BigDecimal)
[2026-09-11 14:16:13.599] [gas-forecast-startup] [] [] [c.g.f.d.m.M.insert] [main] [DEBUG] - <==    Updates: 1
[2026-09-11 14:16:13.599] [gas-forecast-startup] [] [] [c.g.f.d.m.M.insert] [main] [DEBUG] - ==>  Preparing: INSERT INTO model_forecast_result_tb ( forecast_batch_no, forecast_date, forecast_value ) VALUES ( ?, ?, ? )
[2026-09-11 14:16:13.599] [gas-forecast-startup] [] [] [c.g.f.d.m.M.insert] [main] [DEBUG] - ==> Parameters: MSFC-PRESET-012(String), 2026-05-31(String), 96.20390450817698(BigDecimal)
[2026-09-11 14:16:13.599] [gas-forecast-startup] [] [] [c.g.f.d.m.M.insert] [main] [DEBUG] - <==    Updates: 1
[2026-09-11 14:16:13.599] [gas-forecast-startup] [] [] [c.g.f.d.m.M.insert] [main] [DEBUG] - ==>  Preparing: INSERT INTO model_forecast_result_tb ( forecast_batch_no, forecast_date, forecast_value ) VALUES ( ?, ?, ? )
[2026-09-11 14:16:13.599] [gas-forecast-startup] [] [] [c.g.f.d.m.M.insert] [main] [DEBUG] - ==> Parameters: MSFC-PRESET-012(String), 2026-06-01(String), 97.2221925417668(BigDecimal)
[2026-09-11 14:16:13.599] [gas-forecast-startup] [] [] [c.g.f.d.m.M.insert] [main] [DEBUG] - <==    Updates: 1
[2026-09-11 14:16:13.599] [gas-forecast-startup] [] [] [c.g.f.d.m.M.insert] [main] [DEBUG] - ==>  Preparing: INSERT INTO model_forecast_result_tb ( forecast_batch_no, forecast_date, forecast_value ) VALUES ( ?, ?, ? )
[2026-09-11 14:16:13.599] [gas-forecast-startup] [] [] [c.g.f.d.m.M.insert] [main] [DEBUG] - ==> Parameters: MSFC-PRESET-012(String), 2026-06-02(String), 97.46868976175712(BigDecimal)
[2026-09-11 14:16:13.600] [gas-forecast-startup] [] [] [c.g.f.d.m.M.insert] [main] [DEBUG] - <==    Updates: 1
[2026-09-11 14:16:13.600] [gas-forecast-startup] [] [] [c.g.f.d.m.M.insert] [main] [DEBUG] - ==>  Preparing: INSERT INTO model_forecast_result_tb ( forecast_batch_no, forecast_date, forecast_value ) VALUES ( ?, ?, ? )
[2026-09-11 14:16:13.600] [gas-forecast-startup] [] [] [c.g.f.d.m.M.insert] [main] [DEBUG] - ==> Parameters: MSFC-PRESET-012(String), 2026-06-03(String), 98.03812549731585(BigDecimal)
[2026-09-11 14:16:13.600] [gas-forecast-startup] [] [] [c.g.f.d.m.M.insert] [main] [DEBUG] - <==    Updates: 1
[2026-09-11 14:16:13.600] [gas-forecast-startup] [] [] [c.g.f.d.m.M.insert] [main] [DEBUG] - ==>  Preparing: INSERT INTO model_forecast_result_tb ( forecast_batch_no, forecast_date, forecast_value ) VALUES ( ?, ?, ? )
[2026-09-11 14:16:13.600] [gas-forecast-startup] [] [] [c.g.f.d.m.M.insert] [main] [DEBUG] - ==> Parameters: MSFC-PRESET-012(String), 2026-06-04(String), 98.34760129665464(BigDecimal)
[2026-09-11 14:16:13.600] [gas-forecast-startup] [] [] [c.g.f.d.m.M.insert] [main] [DEBUG] - <==    Updates: 1
[2026-09-11 14:16:13.600] [gas-forecast-startup] [] [] [c.g.f.d.m.M.insert] [main] [DEBUG] - ==>  Preparing: INSERT INTO model_forecast_result_tb ( forecast_batch_no, forecast_date, forecast_value ) VALUES ( ?, ?, ? )
[2026-09-11 14:16:13.600] [gas-forecast-startup] [] [] [c.g.f.d.m.M.insert] [main] [DEBUG] - ==> Parameters: MSFC-PRESET-012(String), 2026-06-05(String), 98.28440289478716(BigDecimal)
[2026-09-11 14:16:13.600] [gas-forecast-startup] [] [] [c.g.f.d.m.M.insert] [main] [DEBUG] - <==    Updates: 1
[2026-09-11 14:16:13.600] [gas-forecast-startup] [] [] [c.g.f.d.m.M.insert] [main] [DEBUG] - ==>  Preparing: INSERT INTO model_forecast_result_tb ( forecast_batch_no, forecast_date, forecast_value ) VALUES ( ?, ?, ? )
[2026-09-11 14:16:13.600] [gas-forecast-startup] [] [] [c.g.f.d.m.M.insert] [main] [DEBUG] - ==> Parameters: MSFC-PRESET-012(String), 2026-06-06(String), 98.09333654119033(BigDecimal)
[2026-09-11 14:16:13.600] [gas-forecast-startup] [] [] [c.g.f.d.m.M.insert] [main] [DEBUG] - <==    Updates: 1
[2026-09-11 14:16:13.601] [gas-forecast-startup] [] [] [c.g.f.d.m.M.insert] [main] [DEBUG] - ==>  Preparing: INSERT INTO model_forecast_result_tb ( forecast_batch_no, forecast_date, forecast_value ) VALUES ( ?, ?, ? )
[2026-09-11 14:16:13.601] [gas-forecast-startup] [] [] [c.g.f.d.m.M.insert] [main] [DEBUG] - ==> Parameters: MSFC-PRESET-012(String), 2026-06-07(String), 98.04486073345508(BigDecimal)
[2026-09-11 14:16:13.601] [gas-forecast-startup] [] [] [c.g.f.d.m.M.insert] [main] [DEBUG] - <==    Updates: 1
[2026-09-11 14:16:13.601] [gas-forecast-startup] [] [] [c.g.f.d.m.M.insert] [main] [DEBUG] - ==>  Preparing: INSERT INTO model_forecast_result_tb ( forecast_batch_no, forecast_date, forecast_value ) VALUES ( ?, ?, ? )
[2026-09-11 14:16:13.601] [gas-forecast-startup] [] [] [c.g.f.d.m.M.insert] [main] [DEBUG] - ==> Parameters: MSFC-PRESET-012(String), 2026-06-08(String), 98.0127077906175(BigDecimal)
[2026-09-11 14:16:13.601] [gas-forecast-startup] [] [] [c.g.f.d.m.M.insert] [main] [DEBUG] - <==    Updates: 1
[2026-09-11 14:16:13.601] [gas-forecast-startup] [] [] [c.g.f.d.m.M.insert] [main] [DEBUG] - ==>  Preparing: INSERT INTO model_forecast_result_tb ( forecast_batch_no, forecast_date, forecast_value ) VALUES ( ?, ?, ? )
[2026-09-11 14:16:13.601] [gas-forecast-startup] [] [] [c.g.f.d.m.M.insert] [main] [DEBUG] - ==> Parameters: MSFC-PRESET-012(String), 2026-06-09(String), 98.37674208834846(BigDecimal)
[2026-09-11 14:16:13.601] [gas-forecast-startup] [] [] [c.g.f.d.m.M.insert] [main] [DEBUG] - <==    Updates: 1
[2026-09-11 14:16:13.601] [gas-forecast-startup] [] [] [c.g.f.d.m.M.insert] [main] [DEBUG] - ==>  Preparing: INSERT INTO model_forecast_result_tb ( forecast_batch_no, forecast_date, forecast_value ) VALUES ( ?, ?, ? )
[2026-09-11 14:16:13.601] [gas-forecast-startup] [] [] [c.g.f.d.m.M.insert] [main] [DEBUG] - ==> Parameters: MSFC-PRESET-012(String), 2026-06-10(String), 99.70779953434126(BigDecimal)
[2026-09-11 14:16:13.601] [gas-forecast-startup] [] [] [c.g.f.d.m.M.insert] [main] [DEBUG] - <==    Updates: 1
[2026-09-11 14:16:13.601] [gas-forecast-startup] [] [] [c.g.f.d.m.M.insert] [main] [DEBUG] - ==>  Preparing: INSERT INTO model_forecast_result_tb ( forecast_batch_no, forecast_date, forecast_value ) VALUES ( ?, ?, ? )
[2026-09-11 14:16:13.601] [gas-forecast-startup] [] [] [c.g.f.d.m.M.insert] [main] [DEBUG] - ==> Parameters: MSFC-PRESET-012(String), 2026-06-11(String), 99.89828922634727(BigDecimal)
[2026-09-11 14:16:13.602] [gas-forecast-startup] [] [] [c.g.f.d.m.M.insert] [main] [DEBUG] - <==    Updates: 1
[2026-09-11 14:16:13.602] [gas-forecast-startup] [] [] [c.g.f.d.m.M.insert] [main] [DEBUG] - ==>  Preparing: INSERT INTO model_forecast_result_tb ( forecast_batch_no, forecast_date, forecast_value ) VALUES ( ?, ?, ? )
[2026-09-11 14:16:13.602] [gas-forecast-startup] [] [] [c.g.f.d.m.M.insert] [main] [DEBUG] - ==> Parameters: MSFC-PRESET-012(String), 2026-06-12(String), 100.76979297875307(BigDecimal)
[2026-09-11 14:16:13.602] [gas-forecast-startup] [] [] [c.g.f.d.m.M.insert] [main] [DEBUG] - <==    Updates: 1
[2026-09-11 14:16:13.602] [gas-forecast-startup] [] [] [c.g.f.d.m.M.insert] [main] [DEBUG] - ==>  Preparing: INSERT INTO model_forecast_result_tb ( forecast_batch_no, forecast_date, forecast_value ) VALUES ( ?, ?, ? )
[2026-09-11 14:16:13.602] [gas-forecast-startup] [] [] [c.g.f.d.m.M.insert] [main] [DEBUG] - ==> Parameters: MSFC-PRESET-012(String), 2026-06-13(String), 100.69220584262632(BigDecimal)
[2026-09-11 14:16:13.602] [gas-forecast-startup] [] [] [c.g.f.d.m.M.insert] [main] [DEBUG] - <==    Updates: 1
[2026-09-11 14:16:13.602] [gas-forecast-startup] [] [] [c.g.f.d.m.M.insert] [main] [DEBUG] - ==>  Preparing: INSERT INTO model_forecast_result_tb ( forecast_batch_no, forecast_date, forecast_value ) VALUES ( ?, ?, ? )
[2026-09-11 14:16:13.602] [gas-forecast-startup] [] [] [c.g.f.d.m.M.insert] [main] [DEBUG] - ==> Parameters: MSFC-PRESET-012(String), 2026-06-14(String), 100.95741710880446(BigDecimal)
[2026-09-11 14:16:13.602] [gas-forecast-startup] [] [] [c.g.f.d.m.M.insert] [main] [DEBUG] - <==    Updates: 1
[2026-09-11 14:16:13.603] [gas-forecast-startup] [] [] [c.g.f.d.m.M.insert] [main] [DEBUG] - ==>  Preparing: INSERT INTO model_forecast_result_tb ( forecast_batch_no, forecast_date, forecast_value ) VALUES ( ?, ?, ? )
[2026-09-11 14:16:13.603] [gas-forecast-startup] [] [] [c.g.f.d.m.M.insert] [main] [DEBUG] - ==> Parameters: MSFC-PRESET-012(String), 2026-06-15(String), 101.08876815004788(BigDecimal)
[2026-09-11 14:16:13.603] [gas-forecast-startup] [] [] [c.g.f.d.m.M.insert] [main] [DEBUG] - <==    Updates: 1
[2026-09-11 14:16:13.603] [gas-forecast-startup] [] [] [c.g.f.d.m.M.insert] [main] [DEBUG] - ==>  Preparing: INSERT INTO model_forecast_result_tb ( forecast_batch_no, forecast_date, forecast_value ) VALUES ( ?, ?, ? )
[2026-09-11 14:16:13.603] [gas-forecast-startup] [] [] [c.g.f.d.m.M.insert] [main] [DEBUG] - ==> Parameters: MSFC-PRESET-012(String), 2026-06-16(String), 100.92640956087769(BigDecimal)
[2026-09-11 14:16:13.603] [gas-forecast-startup] [] [] [c.g.f.d.m.M.insert] [main] [DEBUG] - <==    Updates: 1
[2026-09-11 14:16:13.603] [gas-forecast-startup] [] [] [c.g.f.d.m.M.insert] [main] [DEBUG] - ==>  Preparing: INSERT INTO model_forecast_result_tb ( forecast_batch_no, forecast_date, forecast_value ) VALUES ( ?, ?, ? )
[2026-09-11 14:16:13.603] [gas-forecast-startup] [] [] [c.g.f.d.m.M.insert] [main] [DEBUG] - ==> Parameters: MSFC-PRESET-012(String), 2026-06-17(String), 101.56733974410132(BigDecimal)
[2026-09-11 14:16:13.603] [gas-forecast-startup] [] [] [c.g.f.d.m.M.insert] [main] [DEBUG] - <==    Updates: 1
[2026-09-11 14:16:13.604] [gas-forecast-startup] [] [] [c.g.f.d.m.M.insert] [main] [DEBUG] - ==>  Preparing: INSERT INTO model_forecast_result_tb ( forecast_batch_no, forecast_date, forecast_value ) VALUES ( ?, ?, ? )
[2026-09-11 14:16:13.604] [gas-forecast-startup] [] [] [c.g.f.d.m.M.insert] [main] [DEBUG] - ==> Parameters: MSFC-PRESET-012(String), 2026-06-18(String), 102.04399955555726(BigDecimal)
[2026-09-11 14:16:13.604] [gas-forecast-startup] [] [] [c.g.f.d.m.M.insert] [main] [DEBUG] - <==    Updates: 1
[2026-09-11 14:16:13.604] [gas-forecast-startup] [] [] [c.g.f.d.m.M.insert] [main] [DEBUG] - ==>  Preparing: INSERT INTO model_forecast_result_tb ( forecast_batch_no, forecast_date, forecast_value ) VALUES ( ?, ?, ? )
[2026-09-11 14:16:13.604] [gas-forecast-startup] [] [] [c.g.f.d.m.M.insert] [main] [DEBUG] - ==> Parameters: MSFC-PRESET-012(String), 2026-06-19(String), 104.42762086255983(BigDecimal)
[2026-09-11 14:16:13.604] [gas-forecast-startup] [] [] [c.g.f.d.m.M.insert] [main] [DEBUG] - <==    Updates: 1
[2026-09-11 14:16:13.604] [gas-forecast-startup] [] [] [c.g.f.d.m.M.insert] [main] [DEBUG] - ==>  Preparing: INSERT INTO model_forecast_result_tb ( forecast_batch_no, forecast_date, forecast_value ) VALUES ( ?, ?, ? )
[2026-09-11 14:16:13.604] [gas-forecast-startup] [] [] [c.g.f.d.m.M.insert] [main] [DEBUG] - ==> Parameters: MSFC-PRESET-012(String), 2026-06-20(String), 105.80249913419456(BigDecimal)
[2026-09-11 14:16:13.604] [gas-forecast-startup] [] [] [c.g.f.d.m.M.insert] [main] [DEBUG] - <==    Updates: 1
[2026-09-11 14:16:13.604] [gas-forecast-startup] [] [] [c.g.f.d.m.M.insert] [main] [DEBUG] - ==>  Preparing: INSERT INTO model_forecast_result_tb ( forecast_batch_no, forecast_date, forecast_value ) VALUES ( ?, ?, ? )
[2026-09-11 14:16:13.604] [gas-forecast-startup] [] [] [c.g.f.d.m.M.insert] [main] [DEBUG] - ==> Parameters: MSFC-PRESET-012(String), 2026-06-21(String), 105.7609268490082(BigDecimal)
[2026-09-11 14:16:13.604] [gas-forecast-startup] [] [] [c.g.f.d.m.M.insert] [main] [DEBUG] - <==    Updates: 1
[2026-09-11 14:16:13.604] [gas-forecast-startup] [] [] [c.g.f.d.m.M.insert] [main] [DEBUG] - ==>  Preparing: INSERT INTO model_forecast_result_tb ( forecast_batch_no, forecast_date, forecast_value ) VALUES ( ?, ?, ? )
[2026-09-11 14:16:13.604] [gas-forecast-startup] [] [] [c.g.f.d.m.M.insert] [main] [DEBUG] - ==> Parameters: MSFC-PRESET-012(String), 2026-06-22(String), 103.23075484333324(BigDecimal)
[2026-09-11 14:16:13.605] [gas-forecast-startup] [] [] [c.g.f.d.m.M.insert] [main] [DEBUG] - <==    Updates: 1
[2026-09-11 14:16:13.605] [gas-forecast-startup] [] [] [c.g.f.d.m.M.insert] [main] [DEBUG] - ==>  Preparing: INSERT INTO model_forecast_result_tb ( forecast_batch_no, forecast_date, forecast_value ) VALUES ( ?, ?, ? )
[2026-09-11 14:16:13.605] [gas-forecast-startup] [] [] [c.g.f.d.m.M.insert] [main] [DEBUG] - ==> Parameters: MSFC-PRESET-012(String), 2026-06-23(String), 102.11936408612402(BigDecimal)
[2026-09-11 14:16:13.605] [gas-forecast-startup] [] [] [c.g.f.d.m.M.insert] [main] [DEBUG] - <==    Updates: 1
[2026-09-11 14:16:13.605] [gas-forecast-startup] [] [] [c.g.f.d.m.M.insert] [main] [DEBUG] - ==>  Preparing: INSERT INTO model_forecast_result_tb ( forecast_batch_no, forecast_date, forecast_value ) VALUES ( ?, ?, ? )
[2026-09-11 14:16:13.605] [gas-forecast-startup] [] [] [c.g.f.d.m.M.insert] [main] [DEBUG] - ==> Parameters: MSFC-PRESET-012(String), 2026-06-24(String), 101.80569822532787(BigDecimal)
[2026-09-11 14:16:13.605] [gas-forecast-startup] [] [] [c.g.f.d.m.M.insert] [main] [DEBUG] - <==    Updates: 1
[2026-09-11 14:16:13.605] [gas-forecast-startup] [] [] [c.g.f.d.m.M.insert] [main] [DEBUG] - ==>  Preparing: INSERT INTO model_forecast_result_tb ( forecast_batch_no, forecast_date, forecast_value ) VALUES ( ?, ?, ? )
[2026-09-11 14:16:13.605] [gas-forecast-startup] [] [] [c.g.f.d.m.M.insert] [main] [DEBUG] - ==> Parameters: MSFC-PRESET-012(String), 2026-06-25(String), 102.2041609153543(BigDecimal)
[2026-09-11 14:16:13.605] [gas-forecast-startup] [] [] [c.g.f.d.m.M.insert] [main] [DEBUG] - <==    Updates: 1
[2026-09-11 14:16:13.605] [gas-forecast-startup] [] [] [c.g.f.d.m.M.insert] [main] [DEBUG] - ==>  Preparing: INSERT INTO model_forecast_result_tb ( forecast_batch_no, forecast_date, forecast_value ) VALUES ( ?, ?, ? )
[2026-09-11 14:16:13.606] [gas-forecast-startup] [] [] [c.g.f.d.m.M.insert] [main] [DEBUG] - ==> Parameters: MSFC-PRESET-012(String), 2026-06-26(String), 102.28370643505714(BigDecimal)
[2026-09-11 14:16:13.606] [gas-forecast-startup] [] [] [c.g.f.d.m.M.insert] [main] [DEBUG] - <==    Updates: 1
[2026-09-11 14:16:13.606] [gas-forecast-startup] [] [] [c.g.f.d.m.M.insert] [main] [DEBUG] - ==>  Preparing: INSERT INTO model_forecast_result_tb ( forecast_batch_no, forecast_date, forecast_value ) VALUES ( ?, ?, ? )
[2026-09-11 14:16:13.606] [gas-forecast-startup] [] [] [c.g.f.d.m.M.insert] [main] [DEBUG] - ==> Parameters: MSFC-PRESET-012(String), 2026-06-27(String), 103.1138479683165(BigDecimal)
[2026-09-11 14:16:13.606] [gas-forecast-startup] [] [] [c.g.f.d.m.M.insert] [main] [DEBUG] - <==    Updates: 1
[2026-09-11 14:16:13.606] [gas-forecast-startup] [] [] [c.g.f.d.m.M.insert] [main] [DEBUG] - ==>  Preparing: INSERT INTO model_forecast_result_tb ( forecast_batch_no, forecast_date, forecast_value ) VALUES ( ?, ?, ? )
[2026-09-11 14:16:13.606] [gas-forecast-startup] [] [] [c.g.f.d.m.M.insert] [main] [DEBUG] - ==> Parameters: MSFC-PRESET-012(String), 2026-06-28(String), 104.03386553573782(BigDecimal)
[2026-09-11 14:16:13.606] [gas-forecast-startup] [] [] [c.g.f.d.m.M.insert] [main] [DEBUG] - <==    Updates: 1
[2026-09-11 14:16:13.606] [gas-forecast-startup] [] [] [c.g.f.d.m.M.insert] [main] [DEBUG] - ==>  Preparing: INSERT INTO model_forecast_result_tb ( forecast_batch_no, forecast_date, forecast_value ) VALUES ( ?, ?, ? )
[2026-09-11 14:16:13.606] [gas-forecast-startup] [] [] [c.g.f.d.m.M.insert] [main] [DEBUG] - ==> Parameters: MSFC-PRESET-012(String), 2026-06-29(String), 102.802374674436(BigDecimal)
[2026-09-11 14:16:13.606] [gas-forecast-startup] [] [] [c.g.f.d.m.M.insert] [main] [DEBUG] - <==    Updates: 1
[2026-09-11 14:16:13.606] [gas-forecast-startup] [] [] [c.g.f.d.m.M.insert] [main] [DEBUG] - ==>  Preparing: INSERT INTO model_forecast_result_tb ( forecast_batch_no, forecast_date, forecast_value ) VALUES ( ?, ?, ? )
[2026-09-11 14:16:13.606] [gas-forecast-startup] [] [] [c.g.f.d.m.M.insert] [main] [DEBUG] - ==> Parameters: MSFC-PRESET-012(String), 2026-06-30(String), 102.03984640284632(BigDecimal)
[2026-09-11 14:16:13.607] [gas-forecast-startup] [] [] [c.g.f.d.m.M.insert] [main] [DEBUG] - <==    Updates: 1
[2026-09-11 14:16:13.607] [gas-forecast-startup] [] [] [c.g.f.d.m.M.insert] [main] [DEBUG] - ==>  Preparing: INSERT INTO model_forecast_result_tb ( forecast_batch_no, forecast_date, forecast_value ) VALUES ( ?, ?, ? )
[2026-09-11 14:16:13.607] [gas-forecast-startup] [] [] [c.g.f.d.m.M.insert] [main] [DEBUG] - ==> Parameters: MSFC-PRESET-012(String), 2026-07-01(String), 98.5275215996206(BigDecimal)
[2026-09-11 14:16:13.607] [gas-forecast-startup] [] [] [c.g.f.d.m.M.insert] [main] [DEBUG] - <==    Updates: 1
[2026-09-11 14:16:13.607] [gas-forecast-startup] [] [] [c.g.f.d.m.M.insert] [main] [DEBUG] - ==>  Preparing: INSERT INTO model_forecast_result_tb ( forecast_batch_no, forecast_date, forecast_value ) VALUES ( ?, ?, ? )
[2026-09-11 14:16:13.607] [gas-forecast-startup] [] [] [c.g.f.d.m.M.insert] [main] [DEBUG] - ==> Parameters: MSFC-PRESET-012(String), 2026-07-02(String), 97.64418622135604(BigDecimal)
[2026-09-11 14:16:13.607] [gas-forecast-startup] [] [] [c.g.f.d.m.M.insert] [main] [DEBUG] - <==    Updates: 1
[2026-09-11 14:16:13.607] [gas-forecast-startup] [] [] [c.g.f.d.m.M.insert] [main] [DEBUG] - ==>  Preparing: INSERT INTO model_forecast_result_tb ( forecast_batch_no, forecast_date, forecast_value ) VALUES ( ?, ?, ? )
[2026-09-11 14:16:13.607] [gas-forecast-startup] [] [] [c.g.f.d.m.M.insert] [main] [DEBUG] - ==> Parameters: MSFC-PRESET-012(String), 2026-07-03(String), 97.73064923524724(BigDecimal)
[2026-09-11 14:16:13.607] [gas-forecast-startup] [] [] [c.g.f.d.m.M.insert] [main] [DEBUG] - <==    Updates: 1
[2026-09-11 14:16:13.607] [gas-forecast-startup] [] [] [c.g.f.d.m.M.insert] [main] [DEBUG] - ==>  Preparing: INSERT INTO model_forecast_result_tb ( forecast_batch_no, forecast_date, forecast_value ) VALUES ( ?, ?, ? )
[2026-09-11 14:16:13.607] [gas-forecast-startup] [] [] [c.g.f.d.m.M.insert] [main] [DEBUG] - ==> Parameters: MSFC-PRESET-012(String), 2026-07-04(String), 97.64476880282048(BigDecimal)
[2026-09-11 14:16:13.608] [gas-forecast-startup] [] [] [c.g.f.d.m.M.insert] [main] [DEBUG] - <==    Updates: 1
[2026-09-11 14:16:13.608] [gas-forecast-startup] [] [] [c.g.f.d.m.M.insert] [main] [DEBUG] - ==>  Preparing: INSERT INTO model_forecast_result_tb ( forecast_batch_no, forecast_date, forecast_value ) VALUES ( ?, ?, ? )
[2026-09-11 14:16:13.608] [gas-forecast-startup] [] [] [c.g.f.d.m.M.insert] [main] [DEBUG] - ==> Parameters: MSFC-PRESET-012(String), 2026-07-05(String), 98.01594915520069(BigDecimal)
[2026-09-11 14:16:13.608] [gas-forecast-startup] [] [] [c.g.f.d.m.M.insert] [main] [DEBUG] - <==    Updates: 1
[2026-09-11 14:16:13.608] [gas-forecast-startup] [] [] [c.g.f.d.m.M.insert] [main] [DEBUG] - ==>  Preparing: INSERT INTO model_forecast_result_tb ( forecast_batch_no, forecast_date, forecast_value ) VALUES ( ?, ?, ? )
[2026-09-11 14:16:13.608] [gas-forecast-startup] [] [] [c.g.f.d.m.M.insert] [main] [DEBUG] - ==> Parameters: MSFC-PRESET-012(String), 2026-07-06(String), 98.3869511083386(BigDecimal)
[2026-09-11 14:16:13.609] [gas-forecast-startup] [] [] [c.g.f.d.m.M.insert] [main] [DEBUG] - <==    Updates: 1
[2026-09-11 14:16:13.609] [gas-forecast-startup] [] [] [c.g.f.d.m.M.insert] [main] [DEBUG] - ==>  Preparing: INSERT INTO model_forecast_result_tb ( forecast_batch_no, forecast_date, forecast_value ) VALUES ( ?, ?, ? )
[2026-09-11 14:16:13.609] [gas-forecast-startup] [] [] [c.g.f.d.m.M.insert] [main] [DEBUG] - ==> Parameters: MSFC-PRESET-012(String), 2026-07-07(String), 98.5824669711404(BigDecimal)
[2026-09-11 14:16:13.609] [gas-forecast-startup] [] [] [c.g.f.d.m.M.insert] [main] [DEBUG] - <==    Updates: 1
[2026-09-11 14:16:13.609] [gas-forecast-startup] [] [] [c.g.f.d.m.M.insert] [main] [DEBUG] - ==>  Preparing: INSERT INTO model_forecast_result_tb ( forecast_batch_no, forecast_date, forecast_value ) VALUES ( ?, ?, ? )
[2026-09-11 14:16:13.609] [gas-forecast-startup] [] [] [c.g.f.d.m.M.insert] [main] [DEBUG] - ==> Parameters: MSFC-PRESET-012(String), 2026-07-08(String), 98.74485391189155(BigDecimal)
[2026-09-11 14:16:13.609] [gas-forecast-startup] [] [] [c.g.f.d.m.M.insert] [main] [DEBUG] - <==    Updates: 1
[2026-09-11 14:16:13.609] [gas-forecast-startup] [] [] [c.g.f.d.m.M.insert] [main] [DEBUG] - ==>  Preparing: INSERT INTO model_forecast_result_tb ( forecast_batch_no, forecast_date, forecast_value ) VALUES ( ?, ?, ? )
[2026-09-11 14:16:13.609] [gas-forecast-startup] [] [] [c.g.f.d.m.M.insert] [main] [DEBUG] - ==> Parameters: MSFC-PRESET-012(String), 2026-07-09(String), 98.1002970182938(BigDecimal)
[2026-09-11 14:16:13.609] [gas-forecast-startup] [] [] [c.g.f.d.m.M.insert] [main] [DEBUG] - <==    Updates: 1
[2026-09-11 14:16:13.609] [gas-forecast-startup] [] [] [c.g.f.d.m.M.insert] [main] [DEBUG] - ==>  Preparing: INSERT INTO model_forecast_result_tb ( forecast_batch_no, forecast_date, forecast_value ) VALUES ( ?, ?, ? )
[2026-09-11 14:16:13.609] [gas-forecast-startup] [] [] [c.g.f.d.m.M.insert] [main] [DEBUG] - ==> Parameters: MSFC-PRESET-012(String), 2026-07-10(String), 97.55791761810896(BigDecimal)
[2026-09-11 14:16:13.610] [gas-forecast-startup] [] [] [c.g.f.d.m.M.insert] [main] [DEBUG] - <==    Updates: 1
[2026-09-11 14:16:13.610] [gas-forecast-startup] [] [] [c.g.f.d.m.M.insert] [main] [DEBUG] - ==>  Preparing: INSERT INTO model_forecast_result_tb ( forecast_batch_no, forecast_date, forecast_value ) VALUES ( ?, ?, ? )
[2026-09-11 14:16:13.610] [gas-forecast-startup] [] [] [c.g.f.d.m.M.insert] [main] [DEBUG] - ==> Parameters: MSFC-PRESET-012(String), 2026-07-11(String), 97.87777969397212(BigDecimal)
[2026-09-11 14:16:13.610] [gas-forecast-startup] [] [] [c.g.f.d.m.M.insert] [main] [DEBUG] - <==    Updates: 1
[2026-09-11 14:16:13.610] [gas-forecast-startup] [] [] [c.g.f.d.m.M.insert] [main] [DEBUG] - ==>  Preparing: INSERT INTO model_forecast_result_tb ( forecast_batch_no, forecast_date, forecast_value ) VALUES ( ?, ?, ? )
[2026-09-11 14:16:13.610] [gas-forecast-startup] [] [] [c.g.f.d.m.M.insert] [main] [DEBUG] - ==> Parameters: MSFC-PRESET-012(String), 2026-07-12(String), 98.33504328606(BigDecimal)
[2026-09-11 14:16:13.610] [gas-forecast-startup] [] [] [c.g.f.d.m.M.insert] [main] [DEBUG] - <==    Updates: 1
[2026-09-11 14:16:13.610] [gas-forecast-startup] [] [] [c.g.f.d.m.M.insert] [main] [DEBUG] - ==>  Preparing: INSERT INTO model_forecast_result_tb ( forecast_batch_no, forecast_date, forecast_value ) VALUES ( ?, ?, ? )
[2026-09-11 14:16:13.610] [gas-forecast-startup] [] [] [c.g.f.d.m.M.insert] [main] [DEBUG] - ==> Parameters: MSFC-PRESET-012(String), 2026-07-13(String), 99.1132031111864(BigDecimal)
[2026-09-11 14:16:13.610] [gas-forecast-startup] [] [] [c.g.f.d.m.M.insert] [main] [DEBUG] - <==    Updates: 1
[2026-09-11 14:16:13.610] [gas-forecast-startup] [] [] [c.g.f.d.m.M.insert] [main] [DEBUG] - ==>  Preparing: INSERT INTO model_forecast_result_tb ( forecast_batch_no, forecast_date, forecast_value ) VALUES ( ?, ?, ? )
[2026-09-11 14:16:13.610] [gas-forecast-startup] [] [] [c.g.f.d.m.M.insert] [main] [DEBUG] - ==> Parameters: MSFC-PRESET-012(String), 2026-07-14(String), 99.21866620009558(BigDecimal)
[2026-09-11 14:16:13.611] [gas-forecast-startup] [] [] [c.g.f.d.m.M.insert] [main] [DEBUG] - <==    Updates: 1
[2026-09-11 14:16:13.614] [gas-forecast-startup] [] [] [c.g.f.d.m.B.selectList] [main] [DEBUG] - ==>  Preparing: SELECT id,region_code,region_name,region_type,parent_id,sort_no,enabled,remark,created_by,created_at,updated_by,updated_at,update_by_name,created_by_name FROM base_region_tb WHERE (region_name = ? AND region_type = ?) limit 1
[2026-09-11 14:16:13.614] [gas-forecast-startup] [] [] [c.g.f.d.m.B.selectList] [main] [DEBUG] - ==> Parameters: 江苏(String), PROVINCE(String)
[2026-09-11 14:16:13.614] [gas-forecast-startup] [] [] [c.g.f.d.m.B.selectList] [main] [DEBUG] - <==      Total: 0
[2026-09-11 14:16:13.614] [gas-forecast-startup] [] [] [c.g.f.d.m.B.selectList] [main] [DEBUG] - ==>  Preparing: SELECT id,industry_code,industry_name,parent_id,industry_level,sort_no,created_at,updated_at,created_by,created_by_name,updated_by,updated_by_name FROM base_industry_tb WHERE (industry_name = ?) limit 1
[2026-09-11 14:16:13.614] [gas-forecast-startup] [] [] [c.g.f.d.m.B.selectList] [main] [DEBUG] - ==> Parameters: CNG(String)
[2026-09-11 14:16:13.615] [gas-forecast-startup] [] [] [c.g.f.d.m.B.selectList] [main] [DEBUG] - <==      Total: 0
[2026-09-11 14:16:13.615] [gas-forecast-startup] [] [] [c.g.f.d.m.M.delete] [main] [DEBUG] - ==>  Preparing: DELETE FROM model_forecast_result_tb WHERE (forecast_batch_no = ?)
[2026-09-11 14:16:13.615] [gas-forecast-startup] [] [] [c.g.f.d.m.M.delete] [main] [DEBUG] - ==> Parameters: STFC-PRESET-001(String)
[2026-09-11 14:16:13.615] [gas-forecast-startup] [] [] [c.g.f.d.m.M.delete] [main] [DEBUG] - <==    Updates: 50
[2026-09-11 14:16:13.615] [gas-forecast-startup] [] [] [c.g.f.d.m.M.delete] [main] [DEBUG] - ==>  Preparing: DELETE FROM model_forecast_batch_tb WHERE (batch_no = ?)
[2026-09-11 14:16:13.615] [gas-forecast-startup] [] [] [c.g.f.d.m.M.delete] [main] [DEBUG] - ==> Parameters: STFC-PRESET-001(String)
[2026-09-11 14:16:13.616] [gas-forecast-startup] [] [] [c.g.f.d.m.M.delete] [main] [DEBUG] - <==    Updates: 1
[2026-09-11 14:16:13.616] [gas-forecast-startup] [] [] [c.g.f.d.m.M.insert] [main] [DEBUG] - ==>  Preparing: INSERT INTO model_forecast_batch_tb ( batch_no, train_batch_no, agent_code, region_code, region_name, customer_code, customer_name, industry_code, industry_name, forecast_horizon, forecast_start_date, forecast_end_date, status, request_json, created_by, created_by_name ) VALUES ( ?, ?, ?, ?, ?, ?, ?, ?, ?, ?, ?, ?, ?, ?, ?, ? )
[2026-09-11 14:16:13.616] [gas-forecast-startup] [] [] [c.g.f.d.m.M.insert] [main] [DEBUG] - ==> Parameters: STFC-PRESET-001(String), XQTRAIN-short-term-江苏(String), short-term(String), 江苏(String), 江苏(String), ALL(String), 全部客户(String), CNG(String), CNG(String), 50(Integer), 20260526(Integer), 2026-07-14(String), SUCCESS(String), {"agent_id":"short-term","source":"preset","model_name":"Prophet + XGBoost","industry":"CNG","customer":"全部客户","metrics":{"mape":6.49,"mae":4.95,"rmse":6.14,"r2":0.49}}(String), system(String), 系统(String)
[2026-09-11 14:16:13.616] [gas-forecast-startup] [] [] [c.g.f.d.m.M.insert] [main] [DEBUG] - <==    Updates: 1
[2026-09-11 14:16:13.616] [gas-forecast-startup] [] [] [c.g.f.d.m.M.delete] [main] [DEBUG] - ==>  Preparing: DELETE FROM model_forecast_result_tb WHERE (forecast_batch_no = ?)
[2026-09-11 14:16:13.616] [gas-forecast-startup] [] [] [c.g.f.d.m.M.delete] [main] [DEBUG] - ==> Parameters: STFC-PRESET-001(String)
[2026-09-11 14:16:13.617] [gas-forecast-startup] [] [] [c.g.f.d.m.M.delete] [main] [DEBUG] - <==    Updates: 0
[2026-09-11 14:16:13.617] [gas-forecast-startup] [] [] [c.g.f.d.m.M.insert] [main] [DEBUG] - ==>  Preparing: INSERT INTO model_forecast_result_tb ( forecast_batch_no, forecast_date, forecast_value ) VALUES ( ?, ?, ? )
[2026-09-11 14:16:13.617] [gas-forecast-startup] [] [] [c.g.f.d.m.M.insert] [main] [DEBUG] - ==> Parameters: STFC-PRESET-001(String), 2026-05-26(String), 85.43767020635487(BigDecimal)
[2026-09-11 14:16:13.617] [gas-forecast-startup] [] [] [c.g.f.d.m.M.insert] [main] [DEBUG] - <==    Updates: 1
[2026-09-11 14:16:13.617] [gas-forecast-startup] [] [] [c.g.f.d.m.M.insert] [main] [DEBUG] - ==>  Preparing: INSERT INTO model_forecast_result_tb ( forecast_batch_no, forecast_date, forecast_value ) VALUES ( ?, ?, ? )
[2026-09-11 14:16:13.617] [gas-forecast-startup] [] [] [c.g.f.d.m.M.insert] [main] [DEBUG] - ==> Parameters: STFC-PRESET-001(String), 2026-05-27(String), 82.98066467427424(BigDecimal)
[2026-09-11 14:16:13.617] [gas-forecast-startup] [] [] [c.g.f.d.m.M.insert] [main] [DEBUG] - <==    Updates: 1
[2026-09-11 14:16:13.617] [gas-forecast-startup] [] [] [c.g.f.d.m.M.insert] [main] [DEBUG] - ==>  Preparing: INSERT INTO model_forecast_result_tb ( forecast_batch_no, forecast_date, forecast_value ) VALUES ( ?, ?, ? )
[2026-09-11 14:16:13.617] [gas-forecast-startup] [] [] [c.g.f.d.m.M.insert] [main] [DEBUG] - ==> Parameters: STFC-PRESET-001(String), 2026-05-28(String), 80.5844254561988(BigDecimal)
[2026-09-11 14:16:13.617] [gas-forecast-startup] [] [] [c.g.f.d.m.M.insert] [main] [DEBUG] - <==    Updates: 1
[2026-09-11 14:16:13.617] [gas-forecast-startup] [] [] [c.g.f.d.m.M.insert] [main] [DEBUG] - ==>  Preparing: INSERT INTO model_forecast_result_tb ( forecast_batch_no, forecast_date, forecast_value ) VALUES ( ?, ?, ? )
[2026-09-11 14:16:13.617] [gas-forecast-startup] [] [] [c.g.f.d.m.M.insert] [main] [DEBUG] - ==> Parameters: STFC-PRESET-001(String), 2026-05-29(String), 83.07362331068808(BigDecimal)
[2026-09-11 14:16:13.618] [gas-forecast-startup] [] [] [c.g.f.d.m.M.insert] [main] [DEBUG] - <==    Updates: 1
[2026-09-11 14:16:13.618] [gas-forecast-startup] [] [] [c.g.f.d.m.M.insert] [main] [DEBUG] - ==>  Preparing: INSERT INTO model_forecast_result_tb ( forecast_batch_no, forecast_date, forecast_value ) VALUES ( ?, ?, ? )
[2026-09-11 14:16:13.618] [gas-forecast-startup] [] [] [c.g.f.d.m.M.insert] [main] [DEBUG] - ==> Parameters: STFC-PRESET-001(String), 2026-05-30(String), 82.5304322898377(BigDecimal)
[2026-09-11 14:16:13.618] [gas-forecast-startup] [] [] [c.g.f.d.m.M.insert] [main] [DEBUG] - <==    Updates: 1
[2026-09-11 14:16:13.618] [gas-forecast-startup] [] [] [c.g.f.d.m.M.insert] [main] [DEBUG] - ==>  Preparing: INSERT INTO model_forecast_result_tb ( forecast_batch_no, forecast_date, forecast_value ) VALUES ( ?, ?, ? )
[2026-09-11 14:16:13.618] [gas-forecast-startup] [] [] [c.g.f.d.m.M.insert] [main] [DEBUG] - ==> Parameters: STFC-PRESET-001(String), 2026-05-31(String), 80.30786745095176(BigDecimal)
[2026-09-11 14:16:13.618] [gas-forecast-startup] [] [] [c.g.f.d.m.M.insert] [main] [DEBUG] - <==    Updates: 1
[2026-09-11 14:16:13.619] [gas-forecast-startup] [] [] [c.g.f.d.m.M.insert] [main] [DEBUG] - ==>  Preparing: INSERT INTO model_forecast_result_tb ( forecast_batch_no, forecast_date, forecast_value ) VALUES ( ?, ?, ? )
[2026-09-11 14:16:13.619] [gas-forecast-startup] [] [] [c.g.f.d.m.M.insert] [main] [DEBUG] - ==> Parameters: STFC-PRESET-001(String), 2026-06-01(String), 80.73339089087341(BigDecimal)
[2026-09-11 14:16:13.619] [gas-forecast-startup] [] [] [c.g.f.d.m.M.insert] [main] [DEBUG] - <==    Updates: 1
[2026-09-11 14:16:13.619] [gas-forecast-startup] [] [] [c.g.f.d.m.M.insert] [main] [DEBUG] - ==>  Preparing: INSERT INTO model_forecast_result_tb ( forecast_batch_no, forecast_date, forecast_value ) VALUES ( ?, ?, ? )
[2026-09-11 14:16:13.619] [gas-forecast-startup] [] [] [c.g.f.d.m.M.insert] [main] [DEBUG] - ==> Parameters: STFC-PRESET-001(String), 2026-06-02(String), 81.50541922055959(BigDecimal)
[2026-09-11 14:16:13.619] [gas-forecast-startup] [] [] [c.g.f.d.m.M.insert] [main] [DEBUG] - <==    Updates: 1
[2026-09-11 14:16:13.619] [gas-forecast-startup] [] [] [c.g.f.d.m.M.insert] [main] [DEBUG] - ==>  Preparing: INSERT INTO model_forecast_result_tb ( forecast_batch_no, forecast_date, forecast_value ) VALUES ( ?, ?, ? )
[2026-09-11 14:16:13.619] [gas-forecast-startup] [] [] [c.g.f.d.m.M.insert] [main] [DEBUG] - ==> Parameters: STFC-PRESET-001(String), 2026-06-03(String), 79.65282903454327(BigDecimal)
[2026-09-11 14:16:13.619] [gas-forecast-startup] [] [] [c.g.f.d.m.M.insert] [main] [DEBUG] - <==    Updates: 1
[2026-09-11 14:16:13.619] [gas-forecast-startup] [] [] [c.g.f.d.m.M.insert] [main] [DEBUG] - ==>  Preparing: INSERT INTO model_forecast_result_tb ( forecast_batch_no, forecast_date, forecast_value ) VALUES ( ?, ?, ? )
[2026-09-11 14:16:13.619] [gas-forecast-startup] [] [] [c.g.f.d.m.M.insert] [main] [DEBUG] - ==> Parameters: STFC-PRESET-001(String), 2026-06-04(String), 81.09758268424444(BigDecimal)
[2026-09-11 14:16:13.619] [gas-forecast-startup] [] [] [c.g.f.d.m.M.insert] [main] [DEBUG] - <==    Updates: 1
[2026-09-11 14:16:13.619] [gas-forecast-startup] [] [] [c.g.f.d.m.M.insert] [main] [DEBUG] - ==>  Preparing: INSERT INTO model_forecast_result_tb ( forecast_batch_no, forecast_date, forecast_value ) VALUES ( ?, ?, ? )
[2026-09-11 14:16:13.619] [gas-forecast-startup] [] [] [c.g.f.d.m.M.insert] [main] [DEBUG] - ==> Parameters: STFC-PRESET-001(String), 2026-06-05(String), 80.18486605154104(BigDecimal)
[2026-09-11 14:16:13.620] [gas-forecast-startup] [] [] [c.g.f.d.m.M.insert] [main] [DEBUG] - <==    Updates: 1
[2026-09-11 14:16:13.620] [gas-forecast-startup] [] [] [c.g.f.d.m.M.insert] [main] [DEBUG] - ==>  Preparing: INSERT INTO model_forecast_result_tb ( forecast_batch_no, forecast_date, forecast_value ) VALUES ( ?, ?, ? )
[2026-09-11 14:16:13.620] [gas-forecast-startup] [] [] [c.g.f.d.m.M.insert] [main] [DEBUG] - ==> Parameters: STFC-PRESET-001(String), 2026-06-06(String), 79.9034581325732(BigDecimal)
[2026-09-11 14:16:13.620] [gas-forecast-startup] [] [] [c.g.f.d.m.M.insert] [main] [DEBUG] - <==    Updates: 1
[2026-09-11 14:16:13.620] [gas-forecast-startup] [] [] [c.g.f.d.m.M.insert] [main] [DEBUG] - ==>  Preparing: INSERT INTO model_forecast_result_tb ( forecast_batch_no, forecast_date, forecast_value ) VALUES ( ?, ?, ? )
[2026-09-11 14:16:13.620] [gas-forecast-startup] [] [] [c.g.f.d.m.M.insert] [main] [DEBUG] - ==> Parameters: STFC-PRESET-001(String), 2026-06-07(String), 80.29028989051059(BigDecimal)
[2026-09-11 14:16:13.620] [gas-forecast-startup] [] [] [c.g.f.d.m.M.insert] [main] [DEBUG] - <==    Updates: 1
[2026-09-11 14:16:13.620] [gas-forecast-startup] [] [] [c.g.f.d.m.M.insert] [main] [DEBUG] - ==>  Preparing: INSERT INTO model_forecast_result_tb ( forecast_batch_no, forecast_date, forecast_value ) VALUES ( ?, ?, ? )
[2026-09-11 14:16:13.620] [gas-forecast-startup] [] [] [c.g.f.d.m.M.insert] [main] [DEBUG] - ==> Parameters: STFC-PRESET-001(String), 2026-06-08(String), 78.66425160417334(BigDecimal)
[2026-09-11 14:16:13.620] [gas-forecast-startup] [] [] [c.g.f.d.m.M.insert] [main] [DEBUG] - <==    Updates: 1
[2026-09-11 14:16:13.620] [gas-forecast-startup] [] [] [c.g.f.d.m.M.insert] [main] [DEBUG] - ==>  Preparing: INSERT INTO model_forecast_result_tb ( forecast_batch_no, forecast_date, forecast_value ) VALUES ( ?, ?, ? )
[2026-09-11 14:16:13.620] [gas-forecast-startup] [] [] [c.g.f.d.m.M.insert] [main] [DEBUG] - ==> Parameters: STFC-PRESET-001(String), 2026-06-09(String), 78.93248506913118(BigDecimal)
[2026-09-11 14:16:13.621] [gas-forecast-startup] [] [] [c.g.f.d.m.M.insert] [main] [DEBUG] - <==    Updates: 1
[2026-09-11 14:16:13.621] [gas-forecast-startup] [] [] [c.g.f.d.m.M.insert] [main] [DEBUG] - ==>  Preparing: INSERT INTO model_forecast_result_tb ( forecast_batch_no, forecast_date, forecast_value ) VALUES ( ?, ?, ? )
[2026-09-11 14:16:13.621] [gas-forecast-startup] [] [] [c.g.f.d.m.M.insert] [main] [DEBUG] - ==> Parameters: STFC-PRESET-001(String), 2026-06-10(String), 79.0436024252954(BigDecimal)
[2026-09-11 14:16:13.621] [gas-forecast-startup] [] [] [c.g.f.d.m.M.insert] [main] [DEBUG] - <==    Updates: 1
[2026-09-11 14:16:13.621] [gas-forecast-startup] [] [] [c.g.f.d.m.M.insert] [main] [DEBUG] - ==>  Preparing: INSERT INTO model_forecast_result_tb ( forecast_batch_no, forecast_date, forecast_value ) VALUES ( ?, ?, ? )
[2026-09-11 14:16:13.621] [gas-forecast-startup] [] [] [c.g.f.d.m.M.insert] [main] [DEBUG] - ==> Parameters: STFC-PRESET-001(String), 2026-06-11(String), 78.43059924888033(BigDecimal)
[2026-09-11 14:16:13.621] [gas-forecast-startup] [] [] [c.g.f.d.m.M.insert] [main] [DEBUG] - <==    Updates: 1
[2026-09-11 14:16:13.621] [gas-forecast-startup] [] [] [c.g.f.d.m.M.insert] [main] [DEBUG] - ==>  Preparing: INSERT INTO model_forecast_result_tb ( forecast_batch_no, forecast_date, forecast_value ) VALUES ( ?, ?, ? )
[2026-09-11 14:16:13.621] [gas-forecast-startup] [] [] [c.g.f.d.m.M.insert] [main] [DEBUG] - ==> Parameters: STFC-PRESET-001(String), 2026-06-12(String), 78.65103653693399(BigDecimal)
[2026-09-11 14:16:13.621] [gas-forecast-startup] [] [] [c.g.f.d.m.M.insert] [main] [DEBUG] - <==    Updates: 1
[2026-09-11 14:16:13.622] [gas-forecast-startup] [] [] [c.g.f.d.m.M.insert] [main] [DEBUG] - ==>  Preparing: INSERT INTO model_forecast_result_tb ( forecast_batch_no, forecast_date, forecast_value ) VALUES ( ?, ?, ? )
[2026-09-11 14:16:13.622] [gas-forecast-startup] [] [] [c.g.f.d.m.M.insert] [main] [DEBUG] - ==> Parameters: STFC-PRESET-001(String), 2026-06-13(String), 78.58578059327428(BigDecimal)
[2026-09-11 14:16:13.622] [gas-forecast-startup] [] [] [c.g.f.d.m.M.insert] [main] [DEBUG] - <==    Updates: 1
[2026-09-11 14:16:13.622] [gas-forecast-startup] [] [] [c.g.f.d.m.M.insert] [main] [DEBUG] - ==>  Preparing: INSERT INTO model_forecast_result_tb ( forecast_batch_no, forecast_date, forecast_value ) VALUES ( ?, ?, ? )
[2026-09-11 14:16:13.622] [gas-forecast-startup] [] [] [c.g.f.d.m.M.insert] [main] [DEBUG] - ==> Parameters: STFC-PRESET-001(String), 2026-06-14(String), 76.83349183803068(BigDecimal)
[2026-09-11 14:16:13.622] [gas-forecast-startup] [] [] [c.g.f.d.m.M.insert] [main] [DEBUG] - <==    Updates: 1
[2026-09-11 14:16:13.622] [gas-forecast-startup] [] [] [c.g.f.d.m.M.insert] [main] [DEBUG] - ==>  Preparing: INSERT INTO model_forecast_result_tb ( forecast_batch_no, forecast_date, forecast_value ) VALUES ( ?, ?, ? )
[2026-09-11 14:16:13.622] [gas-forecast-startup] [] [] [c.g.f.d.m.M.insert] [main] [DEBUG] - ==> Parameters: STFC-PRESET-001(String), 2026-06-15(String), 76.89330493961748(BigDecimal)
[2026-09-11 14:16:13.622] [gas-forecast-startup] [] [] [c.g.f.d.m.M.insert] [main] [DEBUG] - <==    Updates: 1
[2026-09-11 14:16:13.622] [gas-forecast-startup] [] [] [c.g.f.d.m.M.insert] [main] [DEBUG] - ==>  Preparing: INSERT INTO model_forecast_result_tb ( forecast_batch_no, forecast_date, forecast_value ) VALUES ( ?, ?, ? )
[2026-09-11 14:16:13.622] [gas-forecast-startup] [] [] [c.g.f.d.m.M.insert] [main] [DEBUG] - ==> Parameters: STFC-PRESET-001(String), 2026-06-16(String), 77.76160835098109(BigDecimal)
[2026-09-11 14:16:13.622] [gas-forecast-startup] [] [] [c.g.f.d.m.M.insert] [main] [DEBUG] - <==    Updates: 1
[2026-09-11 14:16:13.622] [gas-forecast-startup] [] [] [c.g.f.d.m.M.insert] [main] [DEBUG] - ==>  Preparing: INSERT INTO model_forecast_result_tb ( forecast_batch_no, forecast_date, forecast_value ) VALUES ( ?, ?, ? )
[2026-09-11 14:16:13.622] [gas-forecast-startup] [] [] [c.g.f.d.m.M.insert] [main] [DEBUG] - ==> Parameters: STFC-PRESET-001(String), 2026-06-17(String), 76.40540460294939(BigDecimal)
[2026-09-11 14:16:13.623] [gas-forecast-startup] [] [] [c.g.f.d.m.M.insert] [main] [DEBUG] - <==    Updates: 1
[2026-09-11 14:16:13.623] [gas-forecast-startup] [] [] [c.g.f.d.m.M.insert] [main] [DEBUG] - ==>  Preparing: INSERT INTO model_forecast_result_tb ( forecast_batch_no, forecast_date, forecast_value ) VALUES ( ?, ?, ? )
[2026-09-11 14:16:13.623] [gas-forecast-startup] [] [] [c.g.f.d.m.M.insert] [main] [DEBUG] - ==> Parameters: STFC-PRESET-001(String), 2026-06-18(String), 76.6970036665262(BigDecimal)
[2026-09-11 14:16:13.623] [gas-forecast-startup] [] [] [c.g.f.d.m.M.insert] [main] [DEBUG] - <==    Updates: 1
[2026-09-11 14:16:13.623] [gas-forecast-startup] [] [] [c.g.f.d.m.M.insert] [main] [DEBUG] - ==>  Preparing: INSERT INTO model_forecast_result_tb ( forecast_batch_no, forecast_date, forecast_value ) VALUES ( ?, ?, ? )
[2026-09-11 14:16:13.623] [gas-forecast-startup] [] [] [c.g.f.d.m.M.insert] [main] [DEBUG] - ==> Parameters: STFC-PRESET-001(String), 2026-06-19(String), 77.76362093783226(BigDecimal)
[2026-09-11 14:16:13.623] [gas-forecast-startup] [] [] [c.g.f.d.m.M.insert] [main] [DEBUG] - <==    Updates: 1
[2026-09-11 14:16:13.623] [gas-forecast-startup] [] [] [c.g.f.d.m.M.insert] [main] [DEBUG] - ==>  Preparing: INSERT INTO model_forecast_result_tb ( forecast_batch_no, forecast_date, forecast_value ) VALUES ( ?, ?, ? )
[2026-09-11 14:16:13.623] [gas-forecast-startup] [] [] [c.g.f.d.m.M.insert] [main] [DEBUG] - ==> Parameters: STFC-PRESET-001(String), 2026-06-20(String), 76.9274380503289(BigDecimal)
[2026-09-11 14:16:13.623] [gas-forecast-startup] [] [] [c.g.f.d.m.M.insert] [main] [DEBUG] - <==    Updates: 1
[2026-09-11 14:16:13.623] [gas-forecast-startup] [] [] [c.g.f.d.m.M.insert] [main] [DEBUG] - ==>  Preparing: INSERT INTO model_forecast_result_tb ( forecast_batch_no, forecast_date, forecast_value ) VALUES ( ?, ?, ? )
[2026-09-11 14:16:13.623] [gas-forecast-startup] [] [] [c.g.f.d.m.M.insert] [main] [DEBUG] - ==> Parameters: STFC-PRESET-001(String), 2026-06-21(String), 76.42948824288861(BigDecimal)
[2026-09-11 14:16:13.624] [gas-forecast-startup] [] [] [c.g.f.d.m.M.insert] [main] [DEBUG] - <==    Updates: 1
[2026-09-11 14:16:13.624] [gas-forecast-startup] [] [] [c.g.f.d.m.M.insert] [main] [DEBUG] - ==>  Preparing: INSERT INTO model_forecast_result_tb ( forecast_batch_no, forecast_date, forecast_value ) VALUES ( ?, ?, ? )
[2026-09-11 14:16:13.624] [gas-forecast-startup] [] [] [c.g.f.d.m.M.insert] [main] [DEBUG] - ==> Parameters: STFC-PRESET-001(String), 2026-06-22(String), 75.81402127494036(BigDecimal)
[2026-09-11 14:16:13.624] [gas-forecast-startup] [] [] [c.g.f.d.m.M.insert] [main] [DEBUG] - <==    Updates: 1
[2026-09-11 14:16:13.624] [gas-forecast-startup] [] [] [c.g.f.d.m.M.insert] [main] [DEBUG] - ==>  Preparing: INSERT INTO model_forecast_result_tb ( forecast_batch_no, forecast_date, forecast_value ) VALUES ( ?, ?, ? )
[2026-09-11 14:16:13.624] [gas-forecast-startup] [] [] [c.g.f.d.m.M.insert] [main] [DEBUG] - ==> Parameters: STFC-PRESET-001(String), 2026-06-23(String), 76.13262614221769(BigDecimal)
[2026-09-11 14:16:13.624] [gas-forecast-startup] [] [] [c.g.f.d.m.M.insert] [main] [DEBUG] - <==    Updates: 1
[2026-09-11 14:16:13.624] [gas-forecast-startup] [] [] [c.g.f.d.m.M.insert] [main] [DEBUG] - ==>  Preparing: INSERT INTO model_forecast_result_tb ( forecast_batch_no, forecast_date, forecast_value ) VALUES ( ?, ?, ? )
[2026-09-11 14:16:13.624] [gas-forecast-startup] [] [] [c.g.f.d.m.M.insert] [main] [DEBUG] - ==> Parameters: STFC-PRESET-001(String), 2026-06-24(String), 76.134441583101(BigDecimal)
[2026-09-11 14:16:13.624] [gas-forecast-startup] [] [] [c.g.f.d.m.M.insert] [main] [DEBUG] - <==    Updates: 1
[2026-09-11 14:16:13.624] [gas-forecast-startup] [] [] [c.g.f.d.m.M.insert] [main] [DEBUG] - ==>  Preparing: INSERT INTO model_forecast_result_tb ( forecast_batch_no, forecast_date, forecast_value ) VALUES ( ?, ?, ? )
[2026-09-11 14:16:13.625] [gas-forecast-startup] [] [] [c.g.f.d.m.M.insert] [main] [DEBUG] - ==> Parameters: STFC-PRESET-001(String), 2026-06-25(String), 76.05319212771533(BigDecimal)
[2026-09-11 14:16:13.625] [gas-forecast-startup] [] [] [c.g.f.d.m.M.insert] [main] [DEBUG] - <==    Updates: 1
[2026-09-11 14:16:13.625] [gas-forecast-startup] [] [] [c.g.f.d.m.M.insert] [main] [DEBUG] - ==>  Preparing: INSERT INTO model_forecast_result_tb ( forecast_batch_no, forecast_date, forecast_value ) VALUES ( ?, ?, ? )
[2026-09-11 14:16:13.625] [gas-forecast-startup] [] [] [c.g.f.d.m.M.insert] [main] [DEBUG] - ==> Parameters: STFC-PRESET-001(String), 2026-06-26(String), 76.35618437155509(BigDecimal)
[2026-09-11 14:16:13.625] [gas-forecast-startup] [] [] [c.g.f.d.m.M.insert] [main] [DEBUG] - <==    Updates: 1
[2026-09-11 14:16:13.625] [gas-forecast-startup] [] [] [c.g.f.d.m.M.insert] [main] [DEBUG] - ==>  Preparing: INSERT INTO model_forecast_result_tb ( forecast_batch_no, forecast_date, forecast_value ) VALUES ( ?, ?, ? )
[2026-09-11 14:16:13.625] [gas-forecast-startup] [] [] [c.g.f.d.m.M.insert] [main] [DEBUG] - ==> Parameters: STFC-PRESET-001(String), 2026-06-27(String), 76.3960501826751(BigDecimal)
[2026-09-11 14:16:13.625] [gas-forecast-startup] [] [] [c.g.f.d.m.M.insert] [main] [DEBUG] - <==    Updates: 1
[2026-09-11 14:16:13.625] [gas-forecast-startup] [] [] [c.g.f.d.m.M.insert] [main] [DEBUG] - ==>  Preparing: INSERT INTO model_forecast_result_tb ( forecast_batch_no, forecast_date, forecast_value ) VALUES ( ?, ?, ? )
[2026-09-11 14:16:13.625] [gas-forecast-startup] [] [] [c.g.f.d.m.M.insert] [main] [DEBUG] - ==> Parameters: STFC-PRESET-001(String), 2026-06-28(String), 75.81587437056972(BigDecimal)
[2026-09-11 14:16:13.625] [gas-forecast-startup] [] [] [c.g.f.d.m.M.insert] [main] [DEBUG] - <==    Updates: 1
[2026-09-11 14:16:13.625] [gas-forecast-startup] [] [] [c.g.f.d.m.M.insert] [main] [DEBUG] - ==>  Preparing: INSERT INTO model_forecast_result_tb ( forecast_batch_no, forecast_date, forecast_value ) VALUES ( ?, ?, ? )
[2026-09-11 14:16:13.625] [gas-forecast-startup] [] [] [c.g.f.d.m.M.insert] [main] [DEBUG] - ==> Parameters: STFC-PRESET-001(String), 2026-06-29(String), 75.19593390440824(BigDecimal)
[2026-09-11 14:16:13.626] [gas-forecast-startup] [] [] [c.g.f.d.m.M.insert] [main] [DEBUG] - <==    Updates: 1
[2026-09-11 14:16:13.626] [gas-forecast-startup] [] [] [c.g.f.d.m.M.insert] [main] [DEBUG] - ==>  Preparing: INSERT INTO model_forecast_result_tb ( forecast_batch_no, forecast_date, forecast_value ) VALUES ( ?, ?, ? )
[2026-09-11 14:16:13.626] [gas-forecast-startup] [] [] [c.g.f.d.m.M.insert] [main] [DEBUG] - ==> Parameters: STFC-PRESET-001(String), 2026-06-30(String), 76.24748205980677(BigDecimal)
[2026-09-11 14:16:13.626] [gas-forecast-startup] [] [] [c.g.f.d.m.M.insert] [main] [DEBUG] - <==    Updates: 1
[2026-09-11 14:16:13.626] [gas-forecast-startup] [] [] [c.g.f.d.m.M.insert] [main] [DEBUG] - ==>  Preparing: INSERT INTO model_forecast_result_tb ( forecast_batch_no, forecast_date, forecast_value ) VALUES ( ?, ?, ? )
[2026-09-11 14:16:13.626] [gas-forecast-startup] [] [] [c.g.f.d.m.M.insert] [main] [DEBUG] - ==> Parameters: STFC-PRESET-001(String), 2026-07-01(String), 76.33419837734657(BigDecimal)
[2026-09-11 14:16:13.626] [gas-forecast-startup] [] [] [c.g.f.d.m.M.insert] [main] [DEBUG] - <==    Updates: 1
[2026-09-11 14:16:13.626] [gas-forecast-startup] [] [] [c.g.f.d.m.M.insert] [main] [DEBUG] - ==>  Preparing: INSERT INTO model_forecast_result_tb ( forecast_batch_no, forecast_date, forecast_value ) VALUES ( ?, ?, ? )
[2026-09-11 14:16:13.626] [gas-forecast-startup] [] [] [c.g.f.d.m.M.insert] [main] [DEBUG] - ==> Parameters: STFC-PRESET-001(String), 2026-07-02(String), 76.22317773133402(BigDecimal)
[2026-09-11 14:16:13.626] [gas-forecast-startup] [] [] [c.g.f.d.m.M.insert] [main] [DEBUG] - <==    Updates: 1
[2026-09-11 14:16:13.626] [gas-forecast-startup] [] [] [c.g.f.d.m.M.insert] [main] [DEBUG] - ==>  Preparing: INSERT INTO model_forecast_result_tb ( forecast_batch_no, forecast_date, forecast_value ) VALUES ( ?, ?, ? )
[2026-09-11 14:16:13.626] [gas-forecast-startup] [] [] [c.g.f.d.m.M.insert] [main] [DEBUG] - ==> Parameters: STFC-PRESET-001(String), 2026-07-03(String), 76.9680256098576(BigDecimal)
[2026-09-11 14:16:13.627] [gas-forecast-startup] [] [] [c.g.f.d.m.M.insert] [main] [DEBUG] - <==    Updates: 1
[2026-09-11 14:16:13.627] [gas-forecast-startup] [] [] [c.g.f.d.m.M.insert] [main] [DEBUG] - ==>  Preparing: INSERT INTO model_forecast_result_tb ( forecast_batch_no, forecast_date, forecast_value ) VALUES ( ?, ?, ? )
[2026-09-11 14:16:13.627] [gas-forecast-startup] [] [] [c.g.f.d.m.M.insert] [main] [DEBUG] - ==> Parameters: STFC-PRESET-001(String), 2026-07-04(String), 77.10465693717936(BigDecimal)
[2026-09-11 14:16:13.627] [gas-forecast-startup] [] [] [c.g.f.d.m.M.insert] [main] [DEBUG] - <==    Updates: 1
[2026-09-11 14:16:13.627] [gas-forecast-startup] [] [] [c.g.f.d.m.M.insert] [main] [DEBUG] - ==>  Preparing: INSERT INTO model_forecast_result_tb ( forecast_batch_no, forecast_date, forecast_value ) VALUES ( ?, ?, ? )
[2026-09-11 14:16:13.627] [gas-forecast-startup] [] [] [c.g.f.d.m.M.insert] [main] [DEBUG] - ==> Parameters: STFC-PRESET-001(String), 2026-07-05(String), 76.72895519038839(BigDecimal)
[2026-09-11 14:16:13.627] [gas-forecast-startup] [] [] [c.g.f.d.m.M.insert] [main] [DEBUG] - <==    Updates: 1
[2026-09-11 14:16:13.627] [gas-forecast-startup] [] [] [c.g.f.d.m.M.insert] [main] [DEBUG] - ==>  Preparing: INSERT INTO model_forecast_result_tb ( forecast_batch_no, forecast_date, forecast_value ) VALUES ( ?, ?, ? )
[2026-09-11 14:16:13.627] [gas-forecast-startup] [] [] [c.g.f.d.m.M.insert] [main] [DEBUG] - ==> Parameters: STFC-PRESET-001(String), 2026-07-06(String), 75.97655846220303(BigDecimal)
[2026-09-11 14:16:13.627] [gas-forecast-startup] [] [] [c.g.f.d.m.M.insert] [main] [DEBUG] - <==    Updates: 1
[2026-09-11 14:16:13.627] [gas-forecast-startup] [] [] [c.g.f.d.m.M.insert] [main] [DEBUG] - ==>  Preparing: INSERT INTO model_forecast_result_tb ( forecast_batch_no, forecast_date, forecast_value ) VALUES ( ?, ?, ? )
[2026-09-11 14:16:13.627] [gas-forecast-startup] [] [] [c.g.f.d.m.M.insert] [main] [DEBUG] - ==> Parameters: STFC-PRESET-001(String), 2026-07-07(String), 76.33496549357609(BigDecimal)
[2026-09-11 14:16:13.628] [gas-forecast-startup] [] [] [c.g.f.d.m.M.insert] [main] [DEBUG] - <==    Updates: 1
[2026-09-11 14:16:13.628] [gas-forecast-startup] [] [] [c.g.f.d.m.M.insert] [main] [DEBUG] - ==>  Preparing: INSERT INTO model_forecast_result_tb ( forecast_batch_no, forecast_date, forecast_value ) VALUES ( ?, ?, ? )
[2026-09-11 14:16:13.628] [gas-forecast-startup] [] [] [c.g.f.d.m.M.insert] [main] [DEBUG] - ==> Parameters: STFC-PRESET-001(String), 2026-07-08(String), 77.18310709282824(BigDecimal)
[2026-09-11 14:16:13.628] [gas-forecast-startup] [] [] [c.g.f.d.m.M.insert] [main] [DEBUG] - <==    Updates: 1
[2026-09-11 14:16:13.628] [gas-forecast-startup] [] [] [c.g.f.d.m.M.insert] [main] [DEBUG] - ==>  Preparing: INSERT INTO model_forecast_result_tb ( forecast_batch_no, forecast_date, forecast_value ) VALUES ( ?, ?, ? )
[2026-09-11 14:16:13.628] [gas-forecast-startup] [] [] [c.g.f.d.m.M.insert] [main] [DEBUG] - ==> Parameters: STFC-PRESET-001(String), 2026-07-09(String), 77.05698725302479(BigDecimal)
[2026-09-11 14:16:13.628] [gas-forecast-startup] [] [] [c.g.f.d.m.M.insert] [main] [DEBUG] - <==    Updates: 1
[2026-09-11 14:16:13.628] [gas-forecast-startup] [] [] [c.g.f.d.m.M.insert] [main] [DEBUG] - ==>  Preparing: INSERT INTO model_forecast_result_tb ( forecast_batch_no, forecast_date, forecast_value ) VALUES ( ?, ?, ? )
[2026-09-11 14:16:13.628] [gas-forecast-startup] [] [] [c.g.f.d.m.M.insert] [main] [DEBUG] - ==> Parameters: STFC-PRESET-001(String), 2026-07-10(String), 76.92456185367526(BigDecimal)
[2026-09-11 14:16:13.628] [gas-forecast-startup] [] [] [c.g.f.d.m.M.insert] [main] [DEBUG] - <==    Updates: 1
[2026-09-11 14:16:13.628] [gas-forecast-startup] [] [] [c.g.f.d.m.M.insert] [main] [DEBUG] - ==>  Preparing: INSERT INTO model_forecast_result_tb ( forecast_batch_no, forecast_date, forecast_value ) VALUES ( ?, ?, ? )
[2026-09-11 14:16:13.628] [gas-forecast-startup] [] [] [c.g.f.d.m.M.insert] [main] [DEBUG] - ==> Parameters: STFC-PRESET-001(String), 2026-07-11(String), 77.88506786765862(BigDecimal)
[2026-09-11 14:16:13.629] [gas-forecast-startup] [] [] [c.g.f.d.m.M.insert] [main] [DEBUG] - <==    Updates: 1
[2026-09-11 14:16:13.629] [gas-forecast-startup] [] [] [c.g.f.d.m.M.insert] [main] [DEBUG] - ==>  Preparing: INSERT INTO model_forecast_result_tb ( forecast_batch_no, forecast_date, forecast_value ) VALUES ( ?, ?, ? )
[2026-09-11 14:16:13.629] [gas-forecast-startup] [] [] [c.g.f.d.m.M.insert] [main] [DEBUG] - ==> Parameters: STFC-PRESET-001(String), 2026-07-12(String), 77.1690518891613(BigDecimal)
[2026-09-11 14:16:13.629] [gas-forecast-startup] [] [] [c.g.f.d.m.M.insert] [main] [DEBUG] - <==    Updates: 1
[2026-09-11 14:16:13.629] [gas-forecast-startup] [] [] [c.g.f.d.m.M.insert] [main] [DEBUG] - ==>  Preparing: INSERT INTO model_forecast_result_tb ( forecast_batch_no, forecast_date, forecast_value ) VALUES ( ?, ?, ? )
[2026-09-11 14:16:13.629] [gas-forecast-startup] [] [] [c.g.f.d.m.M.insert] [main] [DEBUG] - ==> Parameters: STFC-PRESET-001(String), 2026-07-13(String), 76.99852855422178(BigDecimal)
[2026-09-11 14:16:13.629] [gas-forecast-startup] [] [] [c.g.f.d.m.M.insert] [main] [DEBUG] - <==    Updates: 1
[2026-09-11 14:16:13.629] [gas-forecast-startup] [] [] [c.g.f.d.m.M.insert] [main] [DEBUG] - ==>  Preparing: INSERT INTO model_forecast_result_tb ( forecast_batch_no, forecast_date, forecast_value ) VALUES ( ?, ?, ? )
[2026-09-11 14:16:13.629] [gas-forecast-startup] [] [] [c.g.f.d.m.M.insert] [main] [DEBUG] - ==> Parameters: STFC-PRESET-001(String), 2026-07-14(String), 78.21799475901837(BigDecimal)
[2026-09-11 14:16:13.629] [gas-forecast-startup] [] [] [c.g.f.d.m.M.insert] [main] [DEBUG] - <==    Updates: 1
[2026-09-11 14:16:13.630] [gas-forecast-startup] [] [] [c.g.f.d.m.B.selectList] [main] [DEBUG] - ==>  Preparing: SELECT id,region_code,region_name,region_type,parent_id,sort_no,enabled,remark,created_by,created_at,updated_by,updated_at,update_by_name,created_by_name FROM base_region_tb WHERE (region_name = ? AND region_type = ?) limit 1
[2026-09-11 14:16:13.631] [gas-forecast-startup] [] [] [c.g.f.d.m.B.selectList] [main] [DEBUG] - ==> Parameters: 江苏(String), PROVINCE(String)
[2026-09-11 14:16:13.631] [gas-forecast-startup] [] [] [c.g.f.d.m.B.selectList] [main] [DEBUG] - <==      Total: 0
[2026-09-11 14:16:13.631] [gas-forecast-startup] [] [] [c.g.f.d.m.B.selectList] [main] [DEBUG] - ==>  Preparing: SELECT id,industry_code,industry_name,parent_id,industry_level,sort_no,created_at,updated_at,created_by,created_by_name,updated_by,updated_by_name FROM base_industry_tb WHERE (industry_name = ?) limit 1
[2026-09-11 14:16:13.631] [gas-forecast-startup] [] [] [c.g.f.d.m.B.selectList] [main] [DEBUG] - ==> Parameters: 化工(String)
[2026-09-11 14:16:13.631] [gas-forecast-startup] [] [] [c.g.f.d.m.B.selectList] [main] [DEBUG] - <==      Total: 0
[2026-09-11 14:16:13.631] [gas-forecast-startup] [] [] [c.g.f.d.m.M.delete] [main] [DEBUG] - ==>  Preparing: DELETE FROM model_forecast_result_tb WHERE (forecast_batch_no = ?)
[2026-09-11 14:16:13.631] [gas-forecast-startup] [] [] [c.g.f.d.m.M.delete] [main] [DEBUG] - ==> Parameters: STFC-PRESET-002(String)
[2026-09-11 14:16:13.632] [gas-forecast-startup] [] [] [c.g.f.d.m.M.delete] [main] [DEBUG] - <==    Updates: 50
[2026-09-11 14:16:13.632] [gas-forecast-startup] [] [] [c.g.f.d.m.M.delete] [main] [DEBUG] - ==>  Preparing: DELETE FROM model_forecast_batch_tb WHERE (batch_no = ?)
[2026-09-11 14:16:13.632] [gas-forecast-startup] [] [] [c.g.f.d.m.M.delete] [main] [DEBUG] - ==> Parameters: STFC-PRESET-002(String)
[2026-09-11 14:16:13.632] [gas-forecast-startup] [] [] [c.g.f.d.m.M.delete] [main] [DEBUG] - <==    Updates: 1
[2026-09-11 14:16:13.632] [gas-forecast-startup] [] [] [c.g.f.d.m.M.insert] [main] [DEBUG] - ==>  Preparing: INSERT INTO model_forecast_batch_tb ( batch_no, train_batch_no, agent_code, region_code, region_name, customer_code, customer_name, industry_code, industry_name, forecast_horizon, forecast_start_date, forecast_end_date, status, request_json, created_by, created_by_name ) VALUES ( ?, ?, ?, ?, ?, ?, ?, ?, ?, ?, ?, ?, ?, ?, ?, ? )
[2026-09-11 14:16:13.632] [gas-forecast-startup] [] [] [c.g.f.d.m.M.insert] [main] [DEBUG] - ==> Parameters: STFC-PRESET-002(String), XQTRAIN-short-term-江苏(String), short-term(String), 江苏(String), 江苏(String), ALL(String), 全部客户(String), 化工(String), 化工(String), 50(Integer), 20260526(Integer), 2026-07-14(String), SUCCESS(String), {"agent_id":"short-term","source":"preset","model_name":"Prophet + XGBoost (xgbv2)","industry":"化工","customer":"全部客户","metrics":{"mape":4.83,"mae":8.3,"rmse":12.53,"r2":0.91}}(String), system(String), 系统(String)
[2026-09-11 14:16:13.632] [gas-forecast-startup] [] [] [c.g.f.d.m.M.insert] [main] [DEBUG] - <==    Updates: 1
[2026-09-11 14:16:13.633] [gas-forecast-startup] [] [] [c.g.f.d.m.M.delete] [main] [DEBUG] - ==>  Preparing: DELETE FROM model_forecast_result_tb WHERE (forecast_batch_no = ?)
[2026-09-11 14:16:13.633] [gas-forecast-startup] [] [] [c.g.f.d.m.M.delete] [main] [DEBUG] - ==> Parameters: STFC-PRESET-002(String)
[2026-09-11 14:16:13.633] [gas-forecast-startup] [] [] [c.g.f.d.m.M.delete] [main] [DEBUG] - <==    Updates: 0
[2026-09-11 14:16:13.633] [gas-forecast-startup] [] [] [c.g.f.d.m.M.insert] [main] [DEBUG] - ==>  Preparing: INSERT INTO model_forecast_result_tb ( forecast_batch_no, forecast_date, forecast_value ) VALUES ( ?, ?, ? )
[2026-09-11 14:16:13.633] [gas-forecast-startup] [] [] [c.g.f.d.m.M.insert] [main] [DEBUG] - ==> Parameters: STFC-PRESET-002(String), 2026-05-26(String), 134.64587905860648(BigDecimal)
[2026-09-11 14:16:13.633] [gas-forecast-startup] [] [] [c.g.f.d.m.M.insert] [main] [DEBUG] - <==    Updates: 1
[2026-09-11 14:16:13.633] [gas-forecast-startup] [] [] [c.g.f.d.m.M.insert] [main] [DEBUG] - ==>  Preparing: INSERT INTO model_forecast_result_tb ( forecast_batch_no, forecast_date, forecast_value ) VALUES ( ?, ?, ? )
[2026-09-11 14:16:13.633] [gas-forecast-startup] [] [] [c.g.f.d.m.M.insert] [main] [DEBUG] - ==> Parameters: STFC-PRESET-002(String), 2026-05-27(String), 133.1488865500254(BigDecimal)
[2026-09-11 14:16:13.633] [gas-forecast-startup] [] [] [c.g.f.d.m.M.insert] [main] [DEBUG] - <==    Updates: 1
[2026-09-11 14:16:13.633] [gas-forecast-startup] [] [] [c.g.f.d.m.M.insert] [main] [DEBUG] - ==>  Preparing: INSERT INTO model_forecast_result_tb ( forecast_batch_no, forecast_date, forecast_value ) VALUES ( ?, ?, ? )
[2026-09-11 14:16:13.634] [gas-forecast-startup] [] [] [c.g.f.d.m.M.insert] [main] [DEBUG] - ==> Parameters: STFC-PRESET-002(String), 2026-05-28(String), 134.19013367368814(BigDecimal)
[2026-09-11 14:16:13.634] [gas-forecast-startup] [] [] [c.g.f.d.m.M.insert] [main] [DEBUG] - <==    Updates: 1
[2026-09-11 14:16:13.634] [gas-forecast-startup] [] [] [c.g.f.d.m.M.insert] [main] [DEBUG] - ==>  Preparing: INSERT INTO model_forecast_result_tb ( forecast_batch_no, forecast_date, forecast_value ) VALUES ( ?, ?, ? )
[2026-09-11 14:16:13.634] [gas-forecast-startup] [] [] [c.g.f.d.m.M.insert] [main] [DEBUG] - ==> Parameters: STFC-PRESET-002(String), 2026-05-29(String), 136.58951319875808(BigDecimal)
[2026-09-11 14:16:13.634] [gas-forecast-startup] [] [] [c.g.f.d.m.M.insert] [main] [DEBUG] - <==    Updates: 1
[2026-09-11 14:16:13.634] [gas-forecast-startup] [] [] [c.g.f.d.m.M.insert] [main] [DEBUG] - ==>  Preparing: INSERT INTO model_forecast_result_tb ( forecast_batch_no, forecast_date, forecast_value ) VALUES ( ?, ?, ? )
[2026-09-11 14:16:13.634] [gas-forecast-startup] [] [] [c.g.f.d.m.M.insert] [main] [DEBUG] - ==> Parameters: STFC-PRESET-002(String), 2026-05-30(String), 138.98556966218877(BigDecimal)
[2026-09-11 14:16:13.634] [gas-forecast-startup] [] [] [c.g.f.d.m.M.insert] [main] [DEBUG] - <==    Updates: 1
[2026-09-11 14:16:13.634] [gas-forecast-startup] [] [] [c.g.f.d.m.M.insert] [main] [DEBUG] - ==>  Preparing: INSERT INTO model_forecast_result_tb ( forecast_batch_no, forecast_date, forecast_value ) VALUES ( ?, ?, ? )
[2026-09-11 14:16:13.634] [gas-forecast-startup] [] [] [c.g.f.d.m.M.insert] [main] [DEBUG] - ==> Parameters: STFC-PRESET-002(String), 2026-05-31(String), 135.43963577748875(BigDecimal)
[2026-09-11 14:16:13.635] [gas-forecast-startup] [] [] [c.g.f.d.m.M.insert] [main] [DEBUG] - <==    Updates: 1
[2026-09-11 14:16:13.635] [gas-forecast-startup] [] [] [c.g.f.d.m.M.insert] [main] [DEBUG] - ==>  Preparing: INSERT INTO model_forecast_result_tb ( forecast_batch_no, forecast_date, forecast_value ) VALUES ( ?, ?, ? )
[2026-09-11 14:16:13.635] [gas-forecast-startup] [] [] [c.g.f.d.m.M.insert] [main] [DEBUG] - ==> Parameters: STFC-PRESET-002(String), 2026-06-01(String), 135.93221475309628(BigDecimal)
[2026-09-11 14:16:13.635] [gas-forecast-startup] [] [] [c.g.f.d.m.M.insert] [main] [DEBUG] - <==    Updates: 1
[2026-09-11 14:16:13.635] [gas-forecast-startup] [] [] [c.g.f.d.m.M.insert] [main] [DEBUG] - ==>  Preparing: INSERT INTO model_forecast_result_tb ( forecast_batch_no, forecast_date, forecast_value ) VALUES ( ?, ?, ? )
[2026-09-11 14:16:13.635] [gas-forecast-startup] [] [] [c.g.f.d.m.M.insert] [main] [DEBUG] - ==> Parameters: STFC-PRESET-002(String), 2026-06-02(String), 138.284146397919(BigDecimal)
[2026-09-11 14:16:13.635] [gas-forecast-startup] [] [] [c.g.f.d.m.M.insert] [main] [DEBUG] - <==    Updates: 1
[2026-09-11 14:16:13.635] [gas-forecast-startup] [] [] [c.g.f.d.m.M.insert] [main] [DEBUG] - ==>  Preparing: INSERT INTO model_forecast_result_tb ( forecast_batch_no, forecast_date, forecast_value ) VALUES ( ?, ?, ? )
[2026-09-11 14:16:13.635] [gas-forecast-startup] [] [] [c.g.f.d.m.M.insert] [main] [DEBUG] - ==> Parameters: STFC-PRESET-002(String), 2026-06-03(String), 138.76131072768763(BigDecimal)
[2026-09-11 14:16:13.636] [gas-forecast-startup] [] [] [c.g.f.d.m.M.insert] [main] [DEBUG] - <==    Updates: 1
[2026-09-11 14:16:13.636] [gas-forecast-startup] [] [] [c.g.f.d.m.M.insert] [main] [DEBUG] - ==>  Preparing: INSERT INTO model_forecast_result_tb ( forecast_batch_no, forecast_date, forecast_value ) VALUES ( ?, ?, ? )
[2026-09-11 14:16:13.636] [gas-forecast-startup] [] [] [c.g.f.d.m.M.insert] [main] [DEBUG] - ==> Parameters: STFC-PRESET-002(String), 2026-06-04(String), 135.53002127638794(BigDecimal)
[2026-09-11 14:16:13.636] [gas-forecast-startup] [] [] [c.g.f.d.m.M.insert] [main] [DEBUG] - <==    Updates: 1
[2026-09-11 14:16:13.636] [gas-forecast-startup] [] [] [c.g.f.d.m.M.insert] [main] [DEBUG] - ==>  Preparing: INSERT INTO model_forecast_result_tb ( forecast_batch_no, forecast_date, forecast_value ) VALUES ( ?, ?, ? )
[2026-09-11 14:16:13.636] [gas-forecast-startup] [] [] [c.g.f.d.m.M.insert] [main] [DEBUG] - ==> Parameters: STFC-PRESET-002(String), 2026-06-05(String), 130.96602160514286(BigDecimal)
[2026-09-11 14:16:13.636] [gas-forecast-startup] [] [] [c.g.f.d.m.M.insert] [main] [DEBUG] - <==    Updates: 1
[2026-09-11 14:16:13.636] [gas-forecast-startup] [] [] [c.g.f.d.m.M.insert] [main] [DEBUG] - ==>  Preparing: INSERT INTO model_forecast_result_tb ( forecast_batch_no, forecast_date, forecast_value ) VALUES ( ?, ?, ? )
[2026-09-11 14:16:13.636] [gas-forecast-startup] [] [] [c.g.f.d.m.M.insert] [main] [DEBUG] - ==> Parameters: STFC-PRESET-002(String), 2026-06-06(String), 135.32853238938716(BigDecimal)
[2026-09-11 14:16:13.636] [gas-forecast-startup] [] [] [c.g.f.d.m.M.insert] [main] [DEBUG] - <==    Updates: 1
[2026-09-11 14:16:13.636] [gas-forecast-startup] [] [] [c.g.f.d.m.M.insert] [main] [DEBUG] - ==>  Preparing: INSERT INTO model_forecast_result_tb ( forecast_batch_no, forecast_date, forecast_value ) VALUES ( ?, ?, ? )
[2026-09-11 14:16:13.636] [gas-forecast-startup] [] [] [c.g.f.d.m.M.insert] [main] [DEBUG] - ==> Parameters: STFC-PRESET-002(String), 2026-06-07(String), 135.29260786676656(BigDecimal)
[2026-09-11 14:16:13.636] [gas-forecast-startup] [] [] [c.g.f.d.m.M.insert] [main] [DEBUG] - <==    Updates: 1
[2026-09-11 14:16:13.636] [gas-forecast-startup] [] [] [c.g.f.d.m.M.insert] [main] [DEBUG] - ==>  Preparing: INSERT INTO model_forecast_result_tb ( forecast_batch_no, forecast_date, forecast_value ) VALUES ( ?, ?, ? )
[2026-09-11 14:16:13.637] [gas-forecast-startup] [] [] [c.g.f.d.m.M.insert] [main] [DEBUG] - ==> Parameters: STFC-PRESET-002(String), 2026-06-08(String), 136.08493842063376(BigDecimal)
[2026-09-11 14:16:13.637] [gas-forecast-startup] [] [] [c.g.f.d.m.M.insert] [main] [DEBUG] - <==    Updates: 1
[2026-09-11 14:16:13.637] [gas-forecast-startup] [] [] [c.g.f.d.m.M.insert] [main] [DEBUG] - ==>  Preparing: INSERT INTO model_forecast_result_tb ( forecast_batch_no, forecast_date, forecast_value ) VALUES ( ?, ?, ? )
[2026-09-11 14:16:13.637] [gas-forecast-startup] [] [] [c.g.f.d.m.M.insert] [main] [DEBUG] - ==> Parameters: STFC-PRESET-002(String), 2026-06-09(String), 131.07159830911297(BigDecimal)
[2026-09-11 14:16:13.637] [gas-forecast-startup] [] [] [c.g.f.d.m.M.insert] [main] [DEBUG] - <==    Updates: 1
[2026-09-11 14:16:13.637] [gas-forecast-startup] [] [] [c.g.f.d.m.M.insert] [main] [DEBUG] - ==>  Preparing: INSERT INTO model_forecast_result_tb ( forecast_batch_no, forecast_date, forecast_value ) VALUES ( ?, ?, ? )
[2026-09-11 14:16:13.637] [gas-forecast-startup] [] [] [c.g.f.d.m.M.insert] [main] [DEBUG] - ==> Parameters: STFC-PRESET-002(String), 2026-06-10(String), 132.15042354586382(BigDecimal)
[2026-09-11 14:16:13.637] [gas-forecast-startup] [] [] [c.g.f.d.m.M.insert] [main] [DEBUG] - <==    Updates: 1
[2026-09-11 14:16:13.637] [gas-forecast-startup] [] [] [c.g.f.d.m.M.insert] [main] [DEBUG] - ==>  Preparing: INSERT INTO model_forecast_result_tb ( forecast_batch_no, forecast_date, forecast_value ) VALUES ( ?, ?, ? )
[2026-09-11 14:16:13.637] [gas-forecast-startup] [] [] [c.g.f.d.m.M.insert] [main] [DEBUG] - ==> Parameters: STFC-PRESET-002(String), 2026-06-11(String), 136.2387776056006(BigDecimal)
[2026-09-11 14:16:13.637] [gas-forecast-startup] [] [] [c.g.f.d.m.M.insert] [main] [DEBUG] - <==    Updates: 1
[2026-09-11 14:16:13.637] [gas-forecast-startup] [] [] [c.g.f.d.m.M.insert] [main] [DEBUG] - ==>  Preparing: INSERT INTO model_forecast_result_tb ( forecast_batch_no, forecast_date, forecast_value ) VALUES ( ?, ?, ? )
[2026-09-11 14:16:13.637] [gas-forecast-startup] [] [] [c.g.f.d.m.M.insert] [main] [DEBUG] - ==> Parameters: STFC-PRESET-002(String), 2026-06-12(String), 136.42742156450674(BigDecimal)
[2026-09-11 14:16:13.638] [gas-forecast-startup] [] [] [c.g.f.d.m.M.insert] [main] [DEBUG] - <==    Updates: 1
[2026-09-11 14:16:13.638] [gas-forecast-startup] [] [] [c.g.f.d.m.M.insert] [main] [DEBUG] - ==>  Preparing: INSERT INTO model_forecast_result_tb ( forecast_batch_no, forecast_date, forecast_value ) VALUES ( ?, ?, ? )
[2026-09-11 14:16:13.638] [gas-forecast-startup] [] [] [c.g.f.d.m.M.insert] [main] [DEBUG] - ==> Parameters: STFC-PRESET-002(String), 2026-06-13(String), 134.92457370548613(BigDecimal)
[2026-09-11 14:16:13.638] [gas-forecast-startup] [] [] [c.g.f.d.m.M.insert] [main] [DEBUG] - <==    Updates: 1
[2026-09-11 14:16:13.638] [gas-forecast-startup] [] [] [c.g.f.d.m.M.insert] [main] [DEBUG] - ==>  Preparing: INSERT INTO model_forecast_result_tb ( forecast_batch_no, forecast_date, forecast_value ) VALUES ( ?, ?, ? )
[2026-09-11 14:16:13.638] [gas-forecast-startup] [] [] [c.g.f.d.m.M.insert] [main] [DEBUG] - ==> Parameters: STFC-PRESET-002(String), 2026-06-14(String), 135.8416391833213(BigDecimal)
[2026-09-11 14:16:13.638] [gas-forecast-startup] [] [] [c.g.f.d.m.M.insert] [main] [DEBUG] - <==    Updates: 1
[2026-09-11 14:16:13.638] [gas-forecast-startup] [] [] [c.g.f.d.m.M.insert] [main] [DEBUG] - ==>  Preparing: INSERT INTO model_forecast_result_tb ( forecast_batch_no, forecast_date, forecast_value ) VALUES ( ?, ?, ? )
[2026-09-11 14:16:13.638] [gas-forecast-startup] [] [] [c.g.f.d.m.M.insert] [main] [DEBUG] - ==> Parameters: STFC-PRESET-002(String), 2026-06-15(String), 135.70861078525874(BigDecimal)
[2026-09-11 14:16:13.638] [gas-forecast-startup] [] [] [c.g.f.d.m.M.insert] [main] [DEBUG] - <==    Updates: 1
[2026-09-11 14:16:13.638] [gas-forecast-startup] [] [] [c.g.f.d.m.M.insert] [main] [DEBUG] - ==>  Preparing: INSERT INTO model_forecast_result_tb ( forecast_batch_no, forecast_date, forecast_value ) VALUES ( ?, ?, ? )
[2026-09-11 14:16:13.638] [gas-forecast-startup] [] [] [c.g.f.d.m.M.insert] [main] [DEBUG] - ==> Parameters: STFC-PRESET-002(String), 2026-06-16(String), 137.42863687896076(BigDecimal)
[2026-09-11 14:16:13.639] [gas-forecast-startup] [] [] [c.g.f.d.m.M.insert] [main] [DEBUG] - <==    Updates: 1
[2026-09-11 14:16:13.639] [gas-forecast-startup] [] [] [c.g.f.d.m.M.insert] [main] [DEBUG] - ==>  Preparing: INSERT INTO model_forecast_result_tb ( forecast_batch_no, forecast_date, forecast_value ) VALUES ( ?, ?, ? )
[2026-09-11 14:16:13.639] [gas-forecast-startup] [] [] [c.g.f.d.m.M.insert] [main] [DEBUG] - ==> Parameters: STFC-PRESET-002(String), 2026-06-17(String), 137.5694106499068(BigDecimal)
[2026-09-11 14:16:13.639] [gas-forecast-startup] [] [] [c.g.f.d.m.M.insert] [main] [DEBUG] - <==    Updates: 1
[2026-09-11 14:16:13.639] [gas-forecast-startup] [] [] [c.g.f.d.m.M.insert] [main] [DEBUG] - ==>  Preparing: INSERT INTO model_forecast_result_tb ( forecast_batch_no, forecast_date, forecast_value ) VALUES ( ?, ?, ? )
[2026-09-11 14:16:13.639] [gas-forecast-startup] [] [] [c.g.f.d.m.M.insert] [main] [DEBUG] - ==> Parameters: STFC-PRESET-002(String), 2026-06-18(String), 138.15038373883493(BigDecimal)
[2026-09-11 14:16:13.639] [gas-forecast-startup] [] [] [c.g.f.d.m.M.insert] [main] [DEBUG] - <==    Updates: 1
[2026-09-11 14:16:13.639] [gas-forecast-startup] [] [] [c.g.f.d.m.M.insert] [main] [DEBUG] - ==>  Preparing: INSERT INTO model_forecast_result_tb ( forecast_batch_no, forecast_date, forecast_value ) VALUES ( ?, ?, ? )
[2026-09-11 14:16:13.639] [gas-forecast-startup] [] [] [c.g.f.d.m.M.insert] [main] [DEBUG] - ==> Parameters: STFC-PRESET-002(String), 2026-06-19(String), 138.251082695053(BigDecimal)
[2026-09-11 14:16:13.639] [gas-forecast-startup] [] [] [c.g.f.d.m.M.insert] [main] [DEBUG] - <==    Updates: 1
[2026-09-11 14:16:13.639] [gas-forecast-startup] [] [] [c.g.f.d.m.M.insert] [main] [DEBUG] - ==>  Preparing: INSERT INTO model_forecast_result_tb ( forecast_batch_no, forecast_date, forecast_value ) VALUES ( ?, ?, ? )
[2026-09-11 14:16:13.639] [gas-forecast-startup] [] [] [c.g.f.d.m.M.insert] [main] [DEBUG] - ==> Parameters: STFC-PRESET-002(String), 2026-06-20(String), 140.05105051978313(BigDecimal)
[2026-09-11 14:16:13.640] [gas-forecast-startup] [] [] [c.g.f.d.m.M.insert] [main] [DEBUG] - <==    Updates: 1
[2026-09-11 14:16:13.640] [gas-forecast-startup] [] [] [c.g.f.d.m.M.insert] [main] [DEBUG] - ==>  Preparing: INSERT INTO model_forecast_result_tb ( forecast_batch_no, forecast_date, forecast_value ) VALUES ( ?, ?, ? )
[2026-09-11 14:16:13.640] [gas-forecast-startup] [] [] [c.g.f.d.m.M.insert] [main] [DEBUG] - ==> Parameters: STFC-PRESET-002(String), 2026-06-21(String), 145.83748913098736(BigDecimal)
[2026-09-11 14:16:13.640] [gas-forecast-startup] [] [] [c.g.f.d.m.M.insert] [main] [DEBUG] - <==    Updates: 1
[2026-09-11 14:16:13.640] [gas-forecast-startup] [] [] [c.g.f.d.m.M.insert] [main] [DEBUG] - ==>  Preparing: INSERT INTO model_forecast_result_tb ( forecast_batch_no, forecast_date, forecast_value ) VALUES ( ?, ?, ? )
[2026-09-11 14:16:13.640] [gas-forecast-startup] [] [] [c.g.f.d.m.M.insert] [main] [DEBUG] - ==> Parameters: STFC-PRESET-002(String), 2026-06-22(String), 149.60169893960844(BigDecimal)
[2026-09-11 14:16:13.640] [gas-forecast-startup] [] [] [c.g.f.d.m.M.insert] [main] [DEBUG] - <==    Updates: 1
[2026-09-11 14:16:13.640] [gas-forecast-startup] [] [] [c.g.f.d.m.M.insert] [main] [DEBUG] - ==>  Preparing: INSERT INTO model_forecast_result_tb ( forecast_batch_no, forecast_date, forecast_value ) VALUES ( ?, ?, ? )
[2026-09-11 14:16:13.640] [gas-forecast-startup] [] [] [c.g.f.d.m.M.insert] [main] [DEBUG] - ==> Parameters: STFC-PRESET-002(String), 2026-06-23(String), 152.31142753515124(BigDecimal)
[2026-09-11 14:16:13.640] [gas-forecast-startup] [] [] [c.g.f.d.m.M.insert] [main] [DEBUG] - <==    Updates: 1
[2026-09-11 14:16:13.641] [gas-forecast-startup] [] [] [c.g.f.d.m.M.insert] [main] [DEBUG] - ==>  Preparing: INSERT INTO model_forecast_result_tb ( forecast_batch_no, forecast_date, forecast_value ) VALUES ( ?, ?, ? )
[2026-09-11 14:16:13.641] [gas-forecast-startup] [] [] [c.g.f.d.m.M.insert] [main] [DEBUG] - ==> Parameters: STFC-PRESET-002(String), 2026-06-24(String), 155.17745644124622(BigDecimal)
[2026-09-11 14:16:13.641] [gas-forecast-startup] [] [] [c.g.f.d.m.M.insert] [main] [DEBUG] - <==    Updates: 1
[2026-09-11 14:16:13.641] [gas-forecast-startup] [] [] [c.g.f.d.m.M.insert] [main] [DEBUG] - ==>  Preparing: INSERT INTO model_forecast_result_tb ( forecast_batch_no, forecast_date, forecast_value ) VALUES ( ?, ?, ? )
[2026-09-11 14:16:13.641] [gas-forecast-startup] [] [] [c.g.f.d.m.M.insert] [main] [DEBUG] - ==> Parameters: STFC-PRESET-002(String), 2026-06-25(String), 152.38416689606004(BigDecimal)
[2026-09-11 14:16:13.641] [gas-forecast-startup] [] [] [c.g.f.d.m.M.insert] [main] [DEBUG] - <==    Updates: 1
[2026-09-11 14:16:13.641] [gas-forecast-startup] [] [] [c.g.f.d.m.M.insert] [main] [DEBUG] - ==>  Preparing: INSERT INTO model_forecast_result_tb ( forecast_batch_no, forecast_date, forecast_value ) VALUES ( ?, ?, ? )
[2026-09-11 14:16:13.641] [gas-forecast-startup] [] [] [c.g.f.d.m.M.insert] [main] [DEBUG] - ==> Parameters: STFC-PRESET-002(String), 2026-06-26(String), 168.0502209515161(BigDecimal)
[2026-09-11 14:16:13.641] [gas-forecast-startup] [] [] [c.g.f.d.m.M.insert] [main] [DEBUG] - <==    Updates: 1
[2026-09-11 14:16:13.641] [gas-forecast-startup] [] [] [c.g.f.d.m.M.insert] [main] [DEBUG] - ==>  Preparing: INSERT INTO model_forecast_result_tb ( forecast_batch_no, forecast_date, forecast_value ) VALUES ( ?, ?, ? )
[2026-09-11 14:16:13.641] [gas-forecast-startup] [] [] [c.g.f.d.m.M.insert] [main] [DEBUG] - ==> Parameters: STFC-PRESET-002(String), 2026-06-27(String), 177.17272528855128(BigDecimal)
[2026-09-11 14:16:13.641] [gas-forecast-startup] [] [] [c.g.f.d.m.M.insert] [main] [DEBUG] - <==    Updates: 1
[2026-09-11 14:16:13.642] [gas-forecast-startup] [] [] [c.g.f.d.m.M.insert] [main] [DEBUG] - ==>  Preparing: INSERT INTO model_forecast_result_tb ( forecast_batch_no, forecast_date, forecast_value ) VALUES ( ?, ?, ? )
[2026-09-11 14:16:13.642] [gas-forecast-startup] [] [] [c.g.f.d.m.M.insert] [main] [DEBUG] - ==> Parameters: STFC-PRESET-002(String), 2026-06-28(String), 180.1791719617147(BigDecimal)
[2026-09-11 14:16:13.642] [gas-forecast-startup] [] [] [c.g.f.d.m.M.insert] [main] [DEBUG] - <==    Updates: 1
[2026-09-11 14:16:13.642] [gas-forecast-startup] [] [] [c.g.f.d.m.M.insert] [main] [DEBUG] - ==>  Preparing: INSERT INTO model_forecast_result_tb ( forecast_batch_no, forecast_date, forecast_value ) VALUES ( ?, ?, ? )
[2026-09-11 14:16:13.642] [gas-forecast-startup] [] [] [c.g.f.d.m.M.insert] [main] [DEBUG] - ==> Parameters: STFC-PRESET-002(String), 2026-06-29(String), 179.45076490015322(BigDecimal)
[2026-09-11 14:16:13.642] [gas-forecast-startup] [] [] [c.g.f.d.m.M.insert] [main] [DEBUG] - <==    Updates: 1
[2026-09-11 14:16:13.642] [gas-forecast-startup] [] [] [c.g.f.d.m.M.insert] [main] [DEBUG] - ==>  Preparing: INSERT INTO model_forecast_result_tb ( forecast_batch_no, forecast_date, forecast_value ) VALUES ( ?, ?, ? )
[2026-09-11 14:16:13.642] [gas-forecast-startup] [] [] [c.g.f.d.m.M.insert] [main] [DEBUG] - ==> Parameters: STFC-PRESET-002(String), 2026-06-30(String), 177.5231155560688(BigDecimal)
[2026-09-11 14:16:13.642] [gas-forecast-startup] [] [] [c.g.f.d.m.M.insert] [main] [DEBUG] - <==    Updates: 1
[2026-09-11 14:16:13.642] [gas-forecast-startup] [] [] [c.g.f.d.m.M.insert] [main] [DEBUG] - ==>  Preparing: INSERT INTO model_forecast_result_tb ( forecast_batch_no, forecast_date, forecast_value ) VALUES ( ?, ?, ? )
[2026-09-11 14:16:13.642] [gas-forecast-startup] [] [] [c.g.f.d.m.M.insert] [main] [DEBUG] - ==> Parameters: STFC-PRESET-002(String), 2026-07-01(String), 182.1251776458801(BigDecimal)
[2026-09-11 14:16:13.643] [gas-forecast-startup] [] [] [c.g.f.d.m.M.insert] [main] [DEBUG] - <==    Updates: 1
[2026-09-11 14:16:13.643] [gas-forecast-startup] [] [] [c.g.f.d.m.M.insert] [main] [DEBUG] - ==>  Preparing: INSERT INTO model_forecast_result_tb ( forecast_batch_no, forecast_date, forecast_value ) VALUES ( ?, ?, ? )
[2026-09-11 14:16:13.643] [gas-forecast-startup] [] [] [c.g.f.d.m.M.insert] [main] [DEBUG] - ==> Parameters: STFC-PRESET-002(String), 2026-07-02(String), 190.13397877365287(BigDecimal)
[2026-09-11 14:16:13.643] [gas-forecast-startup] [] [] [c.g.f.d.m.M.insert] [main] [DEBUG] - <==    Updates: 1
[2026-09-11 14:16:13.643] [gas-forecast-startup] [] [] [c.g.f.d.m.M.insert] [main] [DEBUG] - ==>  Preparing: INSERT INTO model_forecast_result_tb ( forecast_batch_no, forecast_date, forecast_value ) VALUES ( ?, ?, ? )
[2026-09-11 14:16:13.643] [gas-forecast-startup] [] [] [c.g.f.d.m.M.insert] [main] [DEBUG] - ==> Parameters: STFC-PRESET-002(String), 2026-07-03(String), 193.73973948650345(BigDecimal)
[2026-09-11 14:16:13.643] [gas-forecast-startup] [] [] [c.g.f.d.m.M.insert] [main] [DEBUG] - <==    Updates: 1
[2026-09-11 14:16:13.643] [gas-forecast-startup] [] [] [c.g.f.d.m.M.insert] [main] [DEBUG] - ==>  Preparing: INSERT INTO model_forecast_result_tb ( forecast_batch_no, forecast_date, forecast_value ) VALUES ( ?, ?, ? )
[2026-09-11 14:16:13.643] [gas-forecast-startup] [] [] [c.g.f.d.m.M.insert] [main] [DEBUG] - ==> Parameters: STFC-PRESET-002(String), 2026-07-04(String), 188.92816845124165(BigDecimal)
[2026-09-11 14:16:13.643] [gas-forecast-startup] [] [] [c.g.f.d.m.M.insert] [main] [DEBUG] - <==    Updates: 1
[2026-09-11 14:16:13.643] [gas-forecast-startup] [] [] [c.g.f.d.m.M.insert] [main] [DEBUG] - ==>  Preparing: INSERT INTO model_forecast_result_tb ( forecast_batch_no, forecast_date, forecast_value ) VALUES ( ?, ?, ? )
[2026-09-11 14:16:13.643] [gas-forecast-startup] [] [] [c.g.f.d.m.M.insert] [main] [DEBUG] - ==> Parameters: STFC-PRESET-002(String), 2026-07-05(String), 191.4538248254908(BigDecimal)
[2026-09-11 14:16:13.644] [gas-forecast-startup] [] [] [c.g.f.d.m.M.insert] [main] [DEBUG] - <==    Updates: 1
[2026-09-11 14:16:13.644] [gas-forecast-startup] [] [] [c.g.f.d.m.M.insert] [main] [DEBUG] - ==>  Preparing: INSERT INTO model_forecast_result_tb ( forecast_batch_no, forecast_date, forecast_value ) VALUES ( ?, ?, ? )
[2026-09-11 14:16:13.644] [gas-forecast-startup] [] [] [c.g.f.d.m.M.insert] [main] [DEBUG] - ==> Parameters: STFC-PRESET-002(String), 2026-07-06(String), 191.8068728761189(BigDecimal)
[2026-09-11 14:16:13.644] [gas-forecast-startup] [] [] [c.g.f.d.m.M.insert] [main] [DEBUG] - <==    Updates: 1
[2026-09-11 14:16:13.644] [gas-forecast-startup] [] [] [c.g.f.d.m.M.insert] [main] [DEBUG] - ==>  Preparing: INSERT INTO model_forecast_result_tb ( forecast_batch_no, forecast_date, forecast_value ) VALUES ( ?, ?, ? )
[2026-09-11 14:16:13.644] [gas-forecast-startup] [] [] [c.g.f.d.m.M.insert] [main] [DEBUG] - ==> Parameters: STFC-PRESET-002(String), 2026-07-07(String), 193.36486811596137(BigDecimal)
[2026-09-11 14:16:13.644] [gas-forecast-startup] [] [] [c.g.f.d.m.M.insert] [main] [DEBUG] - <==    Updates: 1
[2026-09-11 14:16:13.644] [gas-forecast-startup] [] [] [c.g.f.d.m.M.insert] [main] [DEBUG] - ==>  Preparing: INSERT INTO model_forecast_result_tb ( forecast_batch_no, forecast_date, forecast_value ) VALUES ( ?, ?, ? )
[2026-09-11 14:16:13.644] [gas-forecast-startup] [] [] [c.g.f.d.m.M.insert] [main] [DEBUG] - ==> Parameters: STFC-PRESET-002(String), 2026-07-08(String), 190.94007221457383(BigDecimal)
[2026-09-11 14:16:13.644] [gas-forecast-startup] [] [] [c.g.f.d.m.M.insert] [main] [DEBUG] - <==    Updates: 1
[2026-09-11 14:16:13.644] [gas-forecast-startup] [] [] [c.g.f.d.m.M.insert] [main] [DEBUG] - ==>  Preparing: INSERT INTO model_forecast_result_tb ( forecast_batch_no, forecast_date, forecast_value ) VALUES ( ?, ?, ? )
[2026-09-11 14:16:13.644] [gas-forecast-startup] [] [] [c.g.f.d.m.M.insert] [main] [DEBUG] - ==> Parameters: STFC-PRESET-002(String), 2026-07-09(String), 190.3078773191088(BigDecimal)
[2026-09-11 14:16:13.644] [gas-forecast-startup] [] [] [c.g.f.d.m.M.insert] [main] [DEBUG] - <==    Updates: 1
[2026-09-11 14:16:13.644] [gas-forecast-startup] [] [] [c.g.f.d.m.M.insert] [main] [DEBUG] - ==>  Preparing: INSERT INTO model_forecast_result_tb ( forecast_batch_no, forecast_date, forecast_value ) VALUES ( ?, ?, ? )
[2026-09-11 14:16:13.645] [gas-forecast-startup] [] [] [c.g.f.d.m.M.insert] [main] [DEBUG] - ==> Parameters: STFC-PRESET-002(String), 2026-07-10(String), 191.22125652703903(BigDecimal)
[2026-09-11 14:16:13.645] [gas-forecast-startup] [] [] [c.g.f.d.m.M.insert] [main] [DEBUG] - <==    Updates: 1
[2026-09-11 14:16:13.645] [gas-forecast-startup] [] [] [c.g.f.d.m.M.insert] [main] [DEBUG] - ==>  Preparing: INSERT INTO model_forecast_result_tb ( forecast_batch_no, forecast_date, forecast_value ) VALUES ( ?, ?, ? )
[2026-09-11 14:16:13.645] [gas-forecast-startup] [] [] [c.g.f.d.m.M.insert] [main] [DEBUG] - ==> Parameters: STFC-PRESET-002(String), 2026-07-11(String), 193.8708787010484(BigDecimal)
[2026-09-11 14:16:13.645] [gas-forecast-startup] [] [] [c.g.f.d.m.M.insert] [main] [DEBUG] - <==    Updates: 1
[2026-09-11 14:16:13.645] [gas-forecast-startup] [] [] [c.g.f.d.m.M.insert] [main] [DEBUG] - ==>  Preparing: INSERT INTO model_forecast_result_tb ( forecast_batch_no, forecast_date, forecast_value ) VALUES ( ?, ?, ? )
[2026-09-11 14:16:13.645] [gas-forecast-startup] [] [] [c.g.f.d.m.M.insert] [main] [DEBUG] - ==> Parameters: STFC-PRESET-002(String), 2026-07-12(String), 191.0088768730186(BigDecimal)
[2026-09-11 14:16:13.645] [gas-forecast-startup] [] [] [c.g.f.d.m.M.insert] [main] [DEBUG] - <==    Updates: 1
[2026-09-11 14:16:13.645] [gas-forecast-startup] [] [] [c.g.f.d.m.M.insert] [main] [DEBUG] - ==>  Preparing: INSERT INTO model_forecast_result_tb ( forecast_batch_no, forecast_date, forecast_value ) VALUES ( ?, ?, ? )
[2026-09-11 14:16:13.645] [gas-forecast-startup] [] [] [c.g.f.d.m.M.insert] [main] [DEBUG] - ==> Parameters: STFC-PRESET-002(String), 2026-07-13(String), 192.3611246017717(BigDecimal)
[2026-09-11 14:16:13.646] [gas-forecast-startup] [] [] [c.g.f.d.m.M.insert] [main] [DEBUG] - <==    Updates: 1
[2026-09-11 14:16:13.646] [gas-forecast-startup] [] [] [c.g.f.d.m.M.insert] [main] [DEBUG] - ==>  Preparing: INSERT INTO model_forecast_result_tb ( forecast_batch_no, forecast_date, forecast_value ) VALUES ( ?, ?, ? )
[2026-09-11 14:16:13.646] [gas-forecast-startup] [] [] [c.g.f.d.m.M.insert] [main] [DEBUG] - ==> Parameters: STFC-PRESET-002(String), 2026-07-14(String), 191.5036057192986(BigDecimal)
[2026-09-11 14:16:13.646] [gas-forecast-startup] [] [] [c.g.f.d.m.M.insert] [main] [DEBUG] - <==    Updates: 1
[2026-09-11 14:16:13.647] [gas-forecast-startup] [] [] [c.g.f.d.m.B.selectList] [main] [DEBUG] - ==>  Preparing: SELECT id,region_code,region_name,region_type,parent_id,sort_no,enabled,remark,created_by,created_at,updated_by,updated_at,update_by_name,created_by_name FROM base_region_tb WHERE (region_name = ? AND region_type = ?) limit 1
[2026-09-11 14:16:13.647] [gas-forecast-startup] [] [] [c.g.f.d.m.B.selectList] [main] [DEBUG] - ==> Parameters: 江苏(String), PROVINCE(String)
[2026-09-11 14:16:13.647] [gas-forecast-startup] [] [] [c.g.f.d.m.B.selectList] [main] [DEBUG] - <==      Total: 0
[2026-09-11 14:16:13.648] [gas-forecast-startup] [] [] [c.g.f.d.m.B.selectList] [main] [DEBUG] - ==>  Preparing: SELECT id,industry_code,industry_name,parent_id,industry_level,sort_no,created_at,updated_at,created_by,created_by_name,updated_by,updated_by_name FROM base_industry_tb WHERE (industry_name = ?) limit 1
[2026-09-11 14:16:13.648] [gas-forecast-startup] [] [] [c.g.f.d.m.B.selectList] [main] [DEBUG] - ==> Parameters: 城市燃气(String)
[2026-09-11 14:16:13.648] [gas-forecast-startup] [] [] [c.g.f.d.m.B.selectList] [main] [DEBUG] - <==      Total: 0
[2026-09-11 14:16:13.648] [gas-forecast-startup] [] [] [c.g.f.d.m.M.delete] [main] [DEBUG] - ==>  Preparing: DELETE FROM model_forecast_result_tb WHERE (forecast_batch_no = ?)
[2026-09-11 14:16:13.648] [gas-forecast-startup] [] [] [c.g.f.d.m.M.delete] [main] [DEBUG] - ==> Parameters: STFC-PRESET-003(String)
[2026-09-11 14:16:13.648] [gas-forecast-startup] [] [] [c.g.f.d.m.M.delete] [main] [DEBUG] - <==    Updates: 50
[2026-09-11 14:16:13.649] [gas-forecast-startup] [] [] [c.g.f.d.m.M.delete] [main] [DEBUG] - ==>  Preparing: DELETE FROM model_forecast_batch_tb WHERE (batch_no = ?)
[2026-09-11 14:16:13.649] [gas-forecast-startup] [] [] [c.g.f.d.m.M.delete] [main] [DEBUG] - ==> Parameters: STFC-PRESET-003(String)
[2026-09-11 14:16:13.649] [gas-forecast-startup] [] [] [c.g.f.d.m.M.delete] [main] [DEBUG] - <==    Updates: 1
[2026-09-11 14:16:13.649] [gas-forecast-startup] [] [] [c.g.f.d.m.M.insert] [main] [DEBUG] - ==>  Preparing: INSERT INTO model_forecast_batch_tb ( batch_no, train_batch_no, agent_code, region_code, region_name, customer_code, customer_name, industry_code, industry_name, forecast_horizon, forecast_start_date, forecast_end_date, status, request_json, created_by, created_by_name ) VALUES ( ?, ?, ?, ?, ?, ?, ?, ?, ?, ?, ?, ?, ?, ?, ?, ? )
[2026-09-11 14:16:13.649] [gas-forecast-startup] [] [] [c.g.f.d.m.M.insert] [main] [DEBUG] - ==> Parameters: STFC-PRESET-003(String), XQTRAIN-short-term-江苏(String), short-term(String), 江苏(String), 江苏(String), ALL(String), 全部客户(String), 城市燃气(String), 城市燃气(String), 50(Integer), 20260526(Integer), 2026-07-14(String), SUCCESS(String), {"agent_id":"short-term","source":"preset","model_name":"Prophet + LightGBM (v3)","industry":"城市燃气","customer":"全部客户","metrics":{"mape":4.48,"mae":168.04,"rmse":213.71,"r2":0.79}}(String), system(String), 系统(String)
[2026-09-11 14:16:13.649] [gas-forecast-startup] [] [] [c.g.f.d.m.M.insert] [main] [DEBUG] - <==    Updates: 1
[2026-09-11 14:16:13.649] [gas-forecast-startup] [] [] [c.g.f.d.m.M.delete] [main] [DEBUG] - ==>  Preparing: DELETE FROM model_forecast_result_tb WHERE (forecast_batch_no = ?)
[2026-09-11 14:16:13.649] [gas-forecast-startup] [] [] [c.g.f.d.m.M.delete] [main] [DEBUG] - ==> Parameters: STFC-PRESET-003(String)
[2026-09-11 14:16:13.650] [gas-forecast-startup] [] [] [c.g.f.d.m.M.delete] [main] [DEBUG] - <==    Updates: 0
[2026-09-11 14:16:13.650] [gas-forecast-startup] [] [] [c.g.f.d.m.M.insert] [main] [DEBUG] - ==>  Preparing: INSERT INTO model_forecast_result_tb ( forecast_batch_no, forecast_date, forecast_value ) VALUES ( ?, ?, ? )
[2026-09-11 14:16:13.650] [gas-forecast-startup] [] [] [c.g.f.d.m.M.insert] [main] [DEBUG] - ==> Parameters: STFC-PRESET-003(String), 2026-05-26(String), 3568.4851035375204(BigDecimal)
[2026-09-11 14:16:13.650] [gas-forecast-startup] [] [] [c.g.f.d.m.M.insert] [main] [DEBUG] - <==    Updates: 1
[2026-09-11 14:16:13.650] [gas-forecast-startup] [] [] [c.g.f.d.m.M.insert] [main] [DEBUG] - ==>  Preparing: INSERT INTO model_forecast_result_tb ( forecast_batch_no, forecast_date, forecast_value ) VALUES ( ?, ?, ? )
[2026-09-11 14:16:13.650] [gas-forecast-startup] [] [] [c.g.f.d.m.M.insert] [main] [DEBUG] - ==> Parameters: STFC-PRESET-003(String), 2026-05-27(String), 3576.3672777869742(BigDecimal)
[2026-09-11 14:16:13.650] [gas-forecast-startup] [] [] [c.g.f.d.m.M.insert] [main] [DEBUG] - <==    Updates: 1
[2026-09-11 14:16:13.650] [gas-forecast-startup] [] [] [c.g.f.d.m.M.insert] [main] [DEBUG] - ==>  Preparing: INSERT INTO model_forecast_result_tb ( forecast_batch_no, forecast_date, forecast_value ) VALUES ( ?, ?, ? )
[2026-09-11 14:16:13.650] [gas-forecast-startup] [] [] [c.g.f.d.m.M.insert] [main] [DEBUG] - ==> Parameters: STFC-PRESET-003(String), 2026-05-28(String), 3577.101044240346(BigDecimal)
[2026-09-11 14:16:13.650] [gas-forecast-startup] [] [] [c.g.f.d.m.M.insert] [main] [DEBUG] - <==    Updates: 1
[2026-09-11 14:16:13.650] [gas-forecast-startup] [] [] [c.g.f.d.m.M.insert] [main] [DEBUG] - ==>  Preparing: INSERT INTO model_forecast_result_tb ( forecast_batch_no, forecast_date, forecast_value ) VALUES ( ?, ?, ? )
[2026-09-11 14:16:13.650] [gas-forecast-startup] [] [] [c.g.f.d.m.M.insert] [main] [DEBUG] - ==> Parameters: STFC-PRESET-003(String), 2026-05-29(String), 3573.7198260144287(BigDecimal)
[2026-09-11 14:16:13.651] [gas-forecast-startup] [] [] [c.g.f.d.m.M.insert] [main] [DEBUG] - <==    Updates: 1
[2026-09-11 14:16:13.651] [gas-forecast-startup] [] [] [c.g.f.d.m.M.insert] [main] [DEBUG] - ==>  Preparing: INSERT INTO model_forecast_result_tb ( forecast_batch_no, forecast_date, forecast_value ) VALUES ( ?, ?, ? )
[2026-09-11 14:16:13.651] [gas-forecast-startup] [] [] [c.g.f.d.m.M.insert] [main] [DEBUG] - ==> Parameters: STFC-PRESET-003(String), 2026-05-30(String), 3559.450279240391(BigDecimal)
[2026-09-11 14:16:13.651] [gas-forecast-startup] [] [] [c.g.f.d.m.M.insert] [main] [DEBUG] - <==    Updates: 1
[2026-09-11 14:16:13.651] [gas-forecast-startup] [] [] [c.g.f.d.m.M.insert] [main] [DEBUG] - ==>  Preparing: INSERT INTO model_forecast_result_tb ( forecast_batch_no, forecast_date, forecast_value ) VALUES ( ?, ?, ? )
[2026-09-11 14:16:13.651] [gas-forecast-startup] [] [] [c.g.f.d.m.M.insert] [main] [DEBUG] - ==> Parameters: STFC-PRESET-003(String), 2026-05-31(String), 3522.025599729104(BigDecimal)
[2026-09-11 14:16:13.651] [gas-forecast-startup] [] [] [c.g.f.d.m.M.insert] [main] [DEBUG] - <==    Updates: 1
[2026-09-11 14:16:13.651] [gas-forecast-startup] [] [] [c.g.f.d.m.M.insert] [main] [DEBUG] - ==>  Preparing: INSERT INTO model_forecast_result_tb ( forecast_batch_no, forecast_date, forecast_value ) VALUES ( ?, ?, ? )
[2026-09-11 14:16:13.651] [gas-forecast-startup] [] [] [c.g.f.d.m.M.insert] [main] [DEBUG] - ==> Parameters: STFC-PRESET-003(String), 2026-06-01(String), 3448.8322011983537(BigDecimal)
[2026-09-11 14:16:13.652] [gas-forecast-startup] [] [] [c.g.f.d.m.M.insert] [main] [DEBUG] - <==    Updates: 1
[2026-09-11 14:16:13.652] [gas-forecast-startup] [] [] [c.g.f.d.m.M.insert] [main] [DEBUG] - ==>  Preparing: INSERT INTO model_forecast_result_tb ( forecast_batch_no, forecast_date, forecast_value ) VALUES ( ?, ?, ? )
[2026-09-11 14:16:13.652] [gas-forecast-startup] [] [] [c.g.f.d.m.M.insert] [main] [DEBUG] - ==> Parameters: STFC-PRESET-003(String), 2026-06-02(String), 3535.2637607928664(BigDecimal)
[2026-09-11 14:16:13.653] [gas-forecast-startup] [] [] [c.g.f.d.m.M.insert] [main] [DEBUG] - <==    Updates: 1
[2026-09-11 14:16:13.653] [gas-forecast-startup] [] [] [c.g.f.d.m.M.insert] [main] [DEBUG] - ==>  Preparing: INSERT INTO model_forecast_result_tb ( forecast_batch_no, forecast_date, forecast_value ) VALUES ( ?, ?, ? )
[2026-09-11 14:16:13.653] [gas-forecast-startup] [] [] [c.g.f.d.m.M.insert] [main] [DEBUG] - ==> Parameters: STFC-PRESET-003(String), 2026-06-03(String), 3539.395880377714(BigDecimal)
[2026-09-11 14:16:13.653] [gas-forecast-startup] [] [] [c.g.f.d.m.M.insert] [main] [DEBUG] - <==    Updates: 1
[2026-09-11 14:16:13.653] [gas-forecast-startup] [] [] [c.g.f.d.m.M.insert] [main] [DEBUG] - ==>  Preparing: INSERT INTO model_forecast_result_tb ( forecast_batch_no, forecast_date, forecast_value ) VALUES ( ?, ?, ? )
[2026-09-11 14:16:13.653] [gas-forecast-startup] [] [] [c.g.f.d.m.M.insert] [main] [DEBUG] - ==> Parameters: STFC-PRESET-003(String), 2026-06-04(String), 3545.858126592436(BigDecimal)
[2026-09-11 14:16:13.653] [gas-forecast-startup] [] [] [c.g.f.d.m.M.insert] [main] [DEBUG] - <==    Updates: 1
[2026-09-11 14:16:13.653] [gas-forecast-startup] [] [] [c.g.f.d.m.M.insert] [main] [DEBUG] - ==>  Preparing: INSERT INTO model_forecast_result_tb ( forecast_batch_no, forecast_date, forecast_value ) VALUES ( ?, ?, ? )
[2026-09-11 14:16:13.653] [gas-forecast-startup] [] [] [c.g.f.d.m.M.insert] [main] [DEBUG] - ==> Parameters: STFC-PRESET-003(String), 2026-06-05(String), 3541.8690758229304(BigDecimal)
[2026-09-11 14:16:13.654] [gas-forecast-startup] [] [] [c.g.f.d.m.M.insert] [main] [DEBUG] - <==    Updates: 1
[2026-09-11 14:16:13.654] [gas-forecast-startup] [] [] [c.g.f.d.m.M.insert] [main] [DEBUG] - ==>  Preparing: INSERT INTO model_forecast_result_tb ( forecast_batch_no, forecast_date, forecast_value ) VALUES ( ?, ?, ? )
[2026-09-11 14:16:13.654] [gas-forecast-startup] [] [] [c.g.f.d.m.M.insert] [main] [DEBUG] - ==> Parameters: STFC-PRESET-003(String), 2026-06-06(String), 3517.9658493967227(BigDecimal)
[2026-09-11 14:16:13.654] [gas-forecast-startup] [] [] [c.g.f.d.m.M.insert] [main] [DEBUG] - <==    Updates: 1
[2026-09-11 14:16:13.654] [gas-forecast-startup] [] [] [c.g.f.d.m.M.insert] [main] [DEBUG] - ==>  Preparing: INSERT INTO model_forecast_result_tb ( forecast_batch_no, forecast_date, forecast_value ) VALUES ( ?, ?, ? )
[2026-09-11 14:16:13.654] [gas-forecast-startup] [] [] [c.g.f.d.m.M.insert] [main] [DEBUG] - ==> Parameters: STFC-PRESET-003(String), 2026-06-07(String), 3486.5151379692725(BigDecimal)
[2026-09-11 14:16:13.654] [gas-forecast-startup] [] [] [c.g.f.d.m.M.insert] [main] [DEBUG] - <==    Updates: 1
[2026-09-11 14:16:13.654] [gas-forecast-startup] [] [] [c.g.f.d.m.M.insert] [main] [DEBUG] - ==>  Preparing: INSERT INTO model_forecast_result_tb ( forecast_batch_no, forecast_date, forecast_value ) VALUES ( ?, ?, ? )
[2026-09-11 14:16:13.654] [gas-forecast-startup] [] [] [c.g.f.d.m.M.insert] [main] [DEBUG] - ==> Parameters: STFC-PRESET-003(String), 2026-06-08(String), 3430.1838536739506(BigDecimal)
[2026-09-11 14:16:13.654] [gas-forecast-startup] [] [] [c.g.f.d.m.M.insert] [main] [DEBUG] - <==    Updates: 1
[2026-09-11 14:16:13.654] [gas-forecast-startup] [] [] [c.g.f.d.m.M.insert] [main] [DEBUG] - ==>  Preparing: INSERT INTO model_forecast_result_tb ( forecast_batch_no, forecast_date, forecast_value ) VALUES ( ?, ?, ? )
[2026-09-11 14:16:13.654] [gas-forecast-startup] [] [] [c.g.f.d.m.M.insert] [main] [DEBUG] - ==> Parameters: STFC-PRESET-003(String), 2026-06-09(String), 3518.735626688924(BigDecimal)
[2026-09-11 14:16:13.655] [gas-forecast-startup] [] [] [c.g.f.d.m.M.insert] [main] [DEBUG] - <==    Updates: 1
[2026-09-11 14:16:13.655] [gas-forecast-startup] [] [] [c.g.f.d.m.M.insert] [main] [DEBUG] - ==>  Preparing: INSERT INTO model_forecast_result_tb ( forecast_batch_no, forecast_date, forecast_value ) VALUES ( ?, ?, ? )
[2026-09-11 14:16:13.655] [gas-forecast-startup] [] [] [c.g.f.d.m.M.insert] [main] [DEBUG] - ==> Parameters: STFC-PRESET-003(String), 2026-06-10(String), 3519.6582774096514(BigDecimal)
[2026-09-11 14:16:13.655] [gas-forecast-startup] [] [] [c.g.f.d.m.M.insert] [main] [DEBUG] - <==    Updates: 1
[2026-09-11 14:16:13.655] [gas-forecast-startup] [] [] [c.g.f.d.m.M.insert] [main] [DEBUG] - ==>  Preparing: INSERT INTO model_forecast_result_tb ( forecast_batch_no, forecast_date, forecast_value ) VALUES ( ?, ?, ? )
[2026-09-11 14:16:13.655] [gas-forecast-startup] [] [] [c.g.f.d.m.M.insert] [main] [DEBUG] - ==> Parameters: STFC-PRESET-003(String), 2026-06-11(String), 3540.2063157962(BigDecimal)
[2026-09-11 14:16:13.655] [gas-forecast-startup] [] [] [c.g.f.d.m.M.insert] [main] [DEBUG] - <==    Updates: 1
[2026-09-11 14:16:13.655] [gas-forecast-startup] [] [] [c.g.f.d.m.M.insert] [main] [DEBUG] - ==>  Preparing: INSERT INTO model_forecast_result_tb ( forecast_batch_no, forecast_date, forecast_value ) VALUES ( ?, ?, ? )
[2026-09-11 14:16:13.655] [gas-forecast-startup] [] [] [c.g.f.d.m.M.insert] [main] [DEBUG] - ==> Parameters: STFC-PRESET-003(String), 2026-06-12(String), 3532.288645825615(BigDecimal)
[2026-09-11 14:16:13.655] [gas-forecast-startup] [] [] [c.g.f.d.m.M.insert] [main] [DEBUG] - <==    Updates: 1
[2026-09-11 14:16:13.655] [gas-forecast-startup] [] [] [c.g.f.d.m.M.insert] [main] [DEBUG] - ==>  Preparing: INSERT INTO model_forecast_result_tb ( forecast_batch_no, forecast_date, forecast_value ) VALUES ( ?, ?, ? )
[2026-09-11 14:16:13.655] [gas-forecast-startup] [] [] [c.g.f.d.m.M.insert] [main] [DEBUG] - ==> Parameters: STFC-PRESET-003(String), 2026-06-13(String), 3507.859874785449(BigDecimal)
[2026-09-11 14:16:13.656] [gas-forecast-startup] [] [] [c.g.f.d.m.M.insert] [main] [DEBUG] - <==    Updates: 1
[2026-09-11 14:16:13.656] [gas-forecast-startup] [] [] [c.g.f.d.m.M.insert] [main] [DEBUG] - ==>  Preparing: INSERT INTO model_forecast_result_tb ( forecast_batch_no, forecast_date, forecast_value ) VALUES ( ?, ?, ? )
[2026-09-11 14:16:13.656] [gas-forecast-startup] [] [] [c.g.f.d.m.M.insert] [main] [DEBUG] - ==> Parameters: STFC-PRESET-003(String), 2026-06-14(String), 3464.828349650584(BigDecimal)
[2026-09-11 14:16:13.656] [gas-forecast-startup] [] [] [c.g.f.d.m.M.insert] [main] [DEBUG] - <==    Updates: 1
[2026-09-11 14:16:13.656] [gas-forecast-startup] [] [] [c.g.f.d.m.M.insert] [main] [DEBUG] - ==>  Preparing: INSERT INTO model_forecast_result_tb ( forecast_batch_no, forecast_date, forecast_value ) VALUES ( ?, ?, ? )
[2026-09-11 14:16:13.656] [gas-forecast-startup] [] [] [c.g.f.d.m.M.insert] [main] [DEBUG] - ==> Parameters: STFC-PRESET-003(String), 2026-06-15(String), 3409.759785196301(BigDecimal)
[2026-09-11 14:16:13.656] [gas-forecast-startup] [] [] [c.g.f.d.m.M.insert] [main] [DEBUG] - <==    Updates: 1
[2026-09-11 14:16:13.656] [gas-forecast-startup] [] [] [c.g.f.d.m.M.insert] [main] [DEBUG] - ==>  Preparing: INSERT INTO model_forecast_result_tb ( forecast_batch_no, forecast_date, forecast_value ) VALUES ( ?, ?, ? )
[2026-09-11 14:16:13.656] [gas-forecast-startup] [] [] [c.g.f.d.m.M.insert] [main] [DEBUG] - ==> Parameters: STFC-PRESET-003(String), 2026-06-16(String), 3514.1344843901325(BigDecimal)
[2026-09-11 14:16:13.656] [gas-forecast-startup] [] [] [c.g.f.d.m.M.insert] [main] [DEBUG] - <==    Updates: 1
[2026-09-11 14:16:13.656] [gas-forecast-startup] [] [] [c.g.f.d.m.M.insert] [main] [DEBUG] - ==>  Preparing: INSERT INTO model_forecast_result_tb ( forecast_batch_no, forecast_date, forecast_value ) VALUES ( ?, ?, ? )
[2026-09-11 14:16:13.656] [gas-forecast-startup] [] [] [c.g.f.d.m.M.insert] [main] [DEBUG] - ==> Parameters: STFC-PRESET-003(String), 2026-06-17(String), 3524.577419353406(BigDecimal)
[2026-09-11 14:16:13.656] [gas-forecast-startup] [] [] [c.g.f.d.m.M.insert] [main] [DEBUG] - <==    Updates: 1
[2026-09-11 14:16:13.656] [gas-forecast-startup] [] [] [c.g.f.d.m.M.insert] [main] [DEBUG] - ==>  Preparing: INSERT INTO model_forecast_result_tb ( forecast_batch_no, forecast_date, forecast_value ) VALUES ( ?, ?, ? )
[2026-09-11 14:16:13.657] [gas-forecast-startup] [] [] [c.g.f.d.m.M.insert] [main] [DEBUG] - ==> Parameters: STFC-PRESET-003(String), 2026-06-18(String), 3525.847836668349(BigDecimal)
[2026-09-11 14:16:13.657] [gas-forecast-startup] [] [] [c.g.f.d.m.M.insert] [main] [DEBUG] - <==    Updates: 1
[2026-09-11 14:16:13.657] [gas-forecast-startup] [] [] [c.g.f.d.m.M.insert] [main] [DEBUG] - ==>  Preparing: INSERT INTO model_forecast_result_tb ( forecast_batch_no, forecast_date, forecast_value ) VALUES ( ?, ?, ? )
[2026-09-11 14:16:13.657] [gas-forecast-startup] [] [] [c.g.f.d.m.M.insert] [main] [DEBUG] - ==> Parameters: STFC-PRESET-003(String), 2026-06-19(String), 3453.5979009423645(BigDecimal)
[2026-09-11 14:16:13.658] [gas-forecast-startup] [] [] [c.g.f.d.m.M.insert] [main] [DEBUG] - <==    Updates: 1
[2026-09-11 14:16:13.659] [gas-forecast-startup] [] [] [c.g.f.d.m.M.insert] [main] [DEBUG] - ==>  Preparing: INSERT INTO model_forecast_result_tb ( forecast_batch_no, forecast_date, forecast_value ) VALUES ( ?, ?, ? )
[2026-09-11 14:16:13.659] [gas-forecast-startup] [] [] [c.g.f.d.m.M.insert] [main] [DEBUG] - ==> Parameters: STFC-PRESET-003(String), 2026-06-20(String), 3119.299974723561(BigDecimal)
[2026-09-11 14:16:13.660] [gas-forecast-startup] [] [] [c.g.f.d.m.M.insert] [main] [DEBUG] - <==    Updates: 1
[2026-09-11 14:16:13.660] [gas-forecast-startup] [] [] [c.g.f.d.m.M.insert] [main] [DEBUG] - ==>  Preparing: INSERT INTO model_forecast_result_tb ( forecast_batch_no, forecast_date, forecast_value ) VALUES ( ?, ?, ? )
[2026-09-11 14:16:13.660] [gas-forecast-startup] [] [] [c.g.f.d.m.M.insert] [main] [DEBUG] - ==> Parameters: STFC-PRESET-003(String), 2026-06-21(String), 3282.436612351431(BigDecimal)
[2026-09-11 14:16:13.661] [gas-forecast-startup] [] [] [c.g.f.d.m.M.insert] [main] [DEBUG] - <==    Updates: 1
[2026-09-11 14:16:13.661] [gas-forecast-startup] [] [] [c.g.f.d.m.M.insert] [main] [DEBUG] - ==>  Preparing: INSERT INTO model_forecast_result_tb ( forecast_batch_no, forecast_date, forecast_value ) VALUES ( ?, ?, ? )
[2026-09-11 14:16:13.661] [gas-forecast-startup] [] [] [c.g.f.d.m.M.insert] [main] [DEBUG] - ==> Parameters: STFC-PRESET-003(String), 2026-06-22(String), 3391.574730060646(BigDecimal)
[2026-09-11 14:16:13.661] [gas-forecast-startup] [] [] [c.g.f.d.m.M.insert] [main] [DEBUG] - <==    Updates: 1
[2026-09-11 14:16:13.661] [gas-forecast-startup] [] [] [c.g.f.d.m.M.insert] [main] [DEBUG] - ==>  Preparing: INSERT INTO model_forecast_result_tb ( forecast_batch_no, forecast_date, forecast_value ) VALUES ( ?, ?, ? )
[2026-09-11 14:16:13.661] [gas-forecast-startup] [] [] [c.g.f.d.m.M.insert] [main] [DEBUG] - ==> Parameters: STFC-PRESET-003(String), 2026-06-23(String), 3480.5243921684755(BigDecimal)
[2026-09-11 14:16:13.662] [gas-forecast-startup] [] [] [c.g.f.d.m.M.insert] [main] [DEBUG] - <==    Updates: 1
[2026-09-11 14:16:13.662] [gas-forecast-startup] [] [] [c.g.f.d.m.M.insert] [main] [DEBUG] - ==>  Preparing: INSERT INTO model_forecast_result_tb ( forecast_batch_no, forecast_date, forecast_value ) VALUES ( ?, ?, ? )
[2026-09-11 14:16:13.662] [gas-forecast-startup] [] [] [c.g.f.d.m.M.insert] [main] [DEBUG] - ==> Parameters: STFC-PRESET-003(String), 2026-06-24(String), 3488.6149883808707(BigDecimal)
[2026-09-11 14:16:13.663] [gas-forecast-startup] [] [] [c.g.f.d.m.M.insert] [main] [DEBUG] - <==    Updates: 1
[2026-09-11 14:16:13.663] [gas-forecast-startup] [] [] [c.g.f.d.m.M.insert] [main] [DEBUG] - ==>  Preparing: INSERT INTO model_forecast_result_tb ( forecast_batch_no, forecast_date, forecast_value ) VALUES ( ?, ?, ? )
[2026-09-11 14:16:13.663] [gas-forecast-startup] [] [] [c.g.f.d.m.M.insert] [main] [DEBUG] - ==> Parameters: STFC-PRESET-003(String), 2026-06-25(String), 3501.664726449136(BigDecimal)
[2026-09-11 14:16:13.663] [gas-forecast-startup] [] [] [c.g.f.d.m.M.insert] [main] [DEBUG] - <==    Updates: 1
[2026-09-11 14:16:13.663] [gas-forecast-startup] [] [] [c.g.f.d.m.M.insert] [main] [DEBUG] - ==>  Preparing: INSERT INTO model_forecast_result_tb ( forecast_batch_no, forecast_date, forecast_value ) VALUES ( ?, ?, ? )
[2026-09-11 14:16:13.663] [gas-forecast-startup] [] [] [c.g.f.d.m.M.insert] [main] [DEBUG] - ==> Parameters: STFC-PRESET-003(String), 2026-06-26(String), 3493.2500482450537(BigDecimal)
[2026-09-11 14:16:13.664] [gas-forecast-startup] [] [] [c.g.f.d.m.M.insert] [main] [DEBUG] - <==    Updates: 1
[2026-09-11 14:16:13.664] [gas-forecast-startup] [] [] [c.g.f.d.m.M.insert] [main] [DEBUG] - ==>  Preparing: INSERT INTO model_forecast_result_tb ( forecast_batch_no, forecast_date, forecast_value ) VALUES ( ?, ?, ? )
[2026-09-11 14:16:13.664] [gas-forecast-startup] [] [] [c.g.f.d.m.M.insert] [main] [DEBUG] - ==> Parameters: STFC-PRESET-003(String), 2026-06-27(String), 3468.2803638714854(BigDecimal)
[2026-09-11 14:16:13.665] [gas-forecast-startup] [] [] [c.g.f.d.m.M.insert] [main] [DEBUG] - <==    Updates: 1
[2026-09-11 14:16:13.665] [gas-forecast-startup] [] [] [c.g.f.d.m.M.insert] [main] [DEBUG] - ==>  Preparing: INSERT INTO model_forecast_result_tb ( forecast_batch_no, forecast_date, forecast_value ) VALUES ( ?, ?, ? )
[2026-09-11 14:16:13.665] [gas-forecast-startup] [] [] [c.g.f.d.m.M.insert] [main] [DEBUG] - ==> Parameters: STFC-PRESET-003(String), 2026-06-28(String), 3422.164308614433(BigDecimal)
[2026-09-11 14:16:13.666] [gas-forecast-startup] [] [] [c.g.f.d.m.M.insert] [main] [DEBUG] - <==    Updates: 1
[2026-09-11 14:16:13.666] [gas-forecast-startup] [] [] [c.g.f.d.m.M.insert] [main] [DEBUG] - ==>  Preparing: INSERT INTO model_forecast_result_tb ( forecast_batch_no, forecast_date, forecast_value ) VALUES ( ?, ?, ? )
[2026-09-11 14:16:13.666] [gas-forecast-startup] [] [] [c.g.f.d.m.M.insert] [main] [DEBUG] - ==> Parameters: STFC-PRESET-003(String), 2026-06-29(String), 3340.624913660119(BigDecimal)
[2026-09-11 14:16:13.666] [gas-forecast-startup] [] [] [c.g.f.d.m.M.insert] [main] [DEBUG] - <==    Updates: 1
[2026-09-11 14:16:13.667] [gas-forecast-startup] [] [] [c.g.f.d.m.M.insert] [main] [DEBUG] - ==>  Preparing: INSERT INTO model_forecast_result_tb ( forecast_batch_no, forecast_date, forecast_value ) VALUES ( ?, ?, ? )
[2026-09-11 14:16:13.667] [gas-forecast-startup] [] [] [c.g.f.d.m.M.insert] [main] [DEBUG] - ==> Parameters: STFC-PRESET-003(String), 2026-06-30(String), 3416.935205275196(BigDecimal)
[2026-09-11 14:16:13.667] [gas-forecast-startup] [] [] [c.g.f.d.m.M.insert] [main] [DEBUG] - <==    Updates: 1
[2026-09-11 14:16:13.667] [gas-forecast-startup] [] [] [c.g.f.d.m.M.insert] [main] [DEBUG] - ==>  Preparing: INSERT INTO model_forecast_result_tb ( forecast_batch_no, forecast_date, forecast_value ) VALUES ( ?, ?, ? )
[2026-09-11 14:16:13.667] [gas-forecast-startup] [] [] [c.g.f.d.m.M.insert] [main] [DEBUG] - ==> Parameters: STFC-PRESET-003(String), 2026-07-01(String), 3437.285839656864(BigDecimal)
[2026-09-11 14:16:13.668] [gas-forecast-startup] [] [] [c.g.f.d.m.M.insert] [main] [DEBUG] - <==    Updates: 1
[2026-09-11 14:16:13.668] [gas-forecast-startup] [] [] [c.g.f.d.m.M.insert] [main] [DEBUG] - ==>  Preparing: INSERT INTO model_forecast_result_tb ( forecast_batch_no, forecast_date, forecast_value ) VALUES ( ?, ?, ? )
[2026-09-11 14:16:13.668] [gas-forecast-startup] [] [] [c.g.f.d.m.M.insert] [main] [DEBUG] - ==> Parameters: STFC-PRESET-003(String), 2026-07-02(String), 3437.9405618599485(BigDecimal)
[2026-09-11 14:16:13.668] [gas-forecast-startup] [] [] [c.g.f.d.m.M.insert] [main] [DEBUG] - <==    Updates: 1
[2026-09-11 14:16:13.668] [gas-forecast-startup] [] [] [c.g.f.d.m.M.insert] [main] [DEBUG] - ==>  Preparing: INSERT INTO model_forecast_result_tb ( forecast_batch_no, forecast_date, forecast_value ) VALUES ( ?, ?, ? )
[2026-09-11 14:16:13.668] [gas-forecast-startup] [] [] [c.g.f.d.m.M.insert] [main] [DEBUG] - ==> Parameters: STFC-PRESET-003(String), 2026-07-03(String), 3422.637658075176(BigDecimal)
[2026-09-11 14:16:13.669] [gas-forecast-startup] [] [] [c.g.f.d.m.M.insert] [main] [DEBUG] - <==    Updates: 1
[2026-09-11 14:16:13.669] [gas-forecast-startup] [] [] [c.g.f.d.m.M.insert] [main] [DEBUG] - ==>  Preparing: INSERT INTO model_forecast_result_tb ( forecast_batch_no, forecast_date, forecast_value ) VALUES ( ?, ?, ? )
[2026-09-11 14:16:13.669] [gas-forecast-startup] [] [] [c.g.f.d.m.M.insert] [main] [DEBUG] - ==> Parameters: STFC-PRESET-003(String), 2026-07-04(String), 3405.400995003324(BigDecimal)
[2026-09-11 14:16:13.669] [gas-forecast-startup] [] [] [c.g.f.d.m.M.insert] [main] [DEBUG] - <==    Updates: 1
[2026-09-11 14:16:13.669] [gas-forecast-startup] [] [] [c.g.f.d.m.M.insert] [main] [DEBUG] - ==>  Preparing: INSERT INTO model_forecast_result_tb ( forecast_batch_no, forecast_date, forecast_value ) VALUES ( ?, ?, ? )
[2026-09-11 14:16:13.669] [gas-forecast-startup] [] [] [c.g.f.d.m.M.insert] [main] [DEBUG] - ==> Parameters: STFC-PRESET-003(String), 2026-07-05(String), 3362.8301320079563(BigDecimal)
[2026-09-11 14:16:13.670] [gas-forecast-startup] [] [] [c.g.f.d.m.M.insert] [main] [DEBUG] - <==    Updates: 1
[2026-09-11 14:16:13.670] [gas-forecast-startup] [] [] [c.g.f.d.m.M.insert] [main] [DEBUG] - ==>  Preparing: INSERT INTO model_forecast_result_tb ( forecast_batch_no, forecast_date, forecast_value ) VALUES ( ?, ?, ? )
[2026-09-11 14:16:13.670] [gas-forecast-startup] [] [] [c.g.f.d.m.M.insert] [main] [DEBUG] - ==> Parameters: STFC-PRESET-003(String), 2026-07-06(String), 3298.454109950992(BigDecimal)
[2026-09-11 14:16:13.670] [gas-forecast-startup] [] [] [c.g.f.d.m.M.insert] [main] [DEBUG] - <==    Updates: 1
[2026-09-11 14:16:13.670] [gas-forecast-startup] [] [] [c.g.f.d.m.M.insert] [main] [DEBUG] - ==>  Preparing: INSERT INTO model_forecast_result_tb ( forecast_batch_no, forecast_date, forecast_value ) VALUES ( ?, ?, ? )
[2026-09-11 14:16:13.670] [gas-forecast-startup] [] [] [c.g.f.d.m.M.insert] [main] [DEBUG] - ==> Parameters: STFC-PRESET-003(String), 2026-07-07(String), 3361.5466247654467(BigDecimal)
[2026-09-11 14:16:13.670] [gas-forecast-startup] [] [] [c.g.f.d.m.M.insert] [main] [DEBUG] - <==    Updates: 1
[2026-09-11 14:16:13.671] [gas-forecast-startup] [] [] [c.g.f.d.m.M.insert] [main] [DEBUG] - ==>  Preparing: INSERT INTO model_forecast_result_tb ( forecast_batch_no, forecast_date, forecast_value ) VALUES ( ?, ?, ? )
[2026-09-11 14:16:13.671] [gas-forecast-startup] [] [] [c.g.f.d.m.M.insert] [main] [DEBUG] - ==> Parameters: STFC-PRESET-003(String), 2026-07-08(String), 3382.87133454613(BigDecimal)
[2026-09-11 14:16:13.671] [gas-forecast-startup] [] [] [c.g.f.d.m.M.insert] [main] [DEBUG] - <==    Updates: 1
[2026-09-11 14:16:13.671] [gas-forecast-startup] [] [] [c.g.f.d.m.M.insert] [main] [DEBUG] - ==>  Preparing: INSERT INTO model_forecast_result_tb ( forecast_batch_no, forecast_date, forecast_value ) VALUES ( ?, ?, ? )
[2026-09-11 14:16:13.671] [gas-forecast-startup] [] [] [c.g.f.d.m.M.insert] [main] [DEBUG] - ==> Parameters: STFC-PRESET-003(String), 2026-07-09(String), 3381.116248510361(BigDecimal)
[2026-09-11 14:16:13.671] [gas-forecast-startup] [] [] [c.g.f.d.m.M.insert] [main] [DEBUG] - <==    Updates: 1
[2026-09-11 14:16:13.671] [gas-forecast-startup] [] [] [c.g.f.d.m.M.insert] [main] [DEBUG] - ==>  Preparing: INSERT INTO model_forecast_result_tb ( forecast_batch_no, forecast_date, forecast_value ) VALUES ( ?, ?, ? )
[2026-09-11 14:16:13.671] [gas-forecast-startup] [] [] [c.g.f.d.m.M.insert] [main] [DEBUG] - ==> Parameters: STFC-PRESET-003(String), 2026-07-10(String), 3370.541166454212(BigDecimal)
[2026-09-11 14:16:13.671] [gas-forecast-startup] [] [] [c.g.f.d.m.M.insert] [main] [DEBUG] - <==    Updates: 1
[2026-09-11 14:16:13.671] [gas-forecast-startup] [] [] [c.g.f.d.m.M.insert] [main] [DEBUG] - ==>  Preparing: INSERT INTO model_forecast_result_tb ( forecast_batch_no, forecast_date, forecast_value ) VALUES ( ?, ?, ? )
[2026-09-11 14:16:13.671] [gas-forecast-startup] [] [] [c.g.f.d.m.M.insert] [main] [DEBUG] - ==> Parameters: STFC-PRESET-003(String), 2026-07-11(String), 3362.4645156713823(BigDecimal)
[2026-09-11 14:16:13.671] [gas-forecast-startup] [] [] [c.g.f.d.m.M.insert] [main] [DEBUG] - <==    Updates: 1
[2026-09-11 14:16:13.671] [gas-forecast-startup] [] [] [c.g.f.d.m.M.insert] [main] [DEBUG] - ==>  Preparing: INSERT INTO model_forecast_result_tb ( forecast_batch_no, forecast_date, forecast_value ) VALUES ( ?, ?, ? )
[2026-09-11 14:16:13.672] [gas-forecast-startup] [] [] [c.g.f.d.m.M.insert] [main] [DEBUG] - ==> Parameters: STFC-PRESET-003(String), 2026-07-12(String), 3322.6477431024964(BigDecimal)
[2026-09-11 14:16:13.672] [gas-forecast-startup] [] [] [c.g.f.d.m.M.insert] [main] [DEBUG] - <==    Updates: 1
[2026-09-11 14:16:13.672] [gas-forecast-startup] [] [] [c.g.f.d.m.M.insert] [main] [DEBUG] - ==>  Preparing: INSERT INTO model_forecast_result_tb ( forecast_batch_no, forecast_date, forecast_value ) VALUES ( ?, ?, ? )
[2026-09-11 14:16:13.672] [gas-forecast-startup] [] [] [c.g.f.d.m.M.insert] [main] [DEBUG] - ==> Parameters: STFC-PRESET-003(String), 2026-07-13(String), 3265.783788726629(BigDecimal)
[2026-09-11 14:16:13.672] [gas-forecast-startup] [] [] [c.g.f.d.m.M.insert] [main] [DEBUG] - <==    Updates: 1
[2026-09-11 14:16:13.672] [gas-forecast-startup] [] [] [c.g.f.d.m.M.insert] [main] [DEBUG] - ==>  Preparing: INSERT INTO model_forecast_result_tb ( forecast_batch_no, forecast_date, forecast_value ) VALUES ( ?, ?, ? )
[2026-09-11 14:16:13.672] [gas-forecast-startup] [] [] [c.g.f.d.m.M.insert] [main] [DEBUG] - ==> Parameters: STFC-PRESET-003(String), 2026-07-14(String), 3357.632256036052(BigDecimal)
[2026-09-11 14:16:13.672] [gas-forecast-startup] [] [] [c.g.f.d.m.M.insert] [main] [DEBUG] - <==    Updates: 1
[2026-09-11 14:16:13.673] [gas-forecast-startup] [] [] [c.g.f.d.m.B.selectList] [main] [DEBUG] - ==>  Preparing: SELECT id,region_code,region_name,region_type,parent_id,sort_no,enabled,remark,created_by,created_at,updated_by,updated_at,update_by_name,created_by_name FROM base_region_tb WHERE (region_name = ? AND region_type = ?) limit 1
[2026-09-11 14:16:13.673] [gas-forecast-startup] [] [] [c.g.f.d.m.B.selectList] [main] [DEBUG] - ==> Parameters: 江苏(String), PROVINCE(String)
[2026-09-11 14:16:13.674] [gas-forecast-startup] [] [] [c.g.f.d.m.B.selectList] [main] [DEBUG] - <==      Total: 0
[2026-09-11 14:16:13.674] [gas-forecast-startup] [] [] [c.g.f.d.m.B.selectList] [main] [DEBUG] - ==>  Preparing: SELECT id,customer_code,customer_name,industry_code,industry_name,region_code,region_name,created_at,updated_at,created_by,created_by_name,updated_by,update_by_name,raw_region_name,raw_industry_name FROM base_customer_tb WHERE (customer_name = ? AND region_name = ?) limit 1
[2026-09-11 14:16:13.674] [gas-forecast-startup] [] [] [c.g.f.d.m.B.selectList] [main] [DEBUG] - ==> Parameters: 南京港华(String), 江苏(String)
[2026-09-11 14:16:13.675] [gas-forecast-startup] [] [] [c.g.f.d.m.B.selectList] [main] [DEBUG] - <==      Total: 0
[2026-09-11 14:16:13.675] [gas-forecast-startup] [] [] [c.g.f.d.m.B.selectList] [main] [DEBUG] - ==>  Preparing: SELECT id,industry_code,industry_name,parent_id,industry_level,sort_no,created_at,updated_at,created_by,created_by_name,updated_by,updated_by_name FROM base_industry_tb WHERE (industry_name = ?) limit 1
[2026-09-11 14:16:13.675] [gas-forecast-startup] [] [] [c.g.f.d.m.B.selectList] [main] [DEBUG] - ==> Parameters: 城市燃气(String)
[2026-09-11 14:16:13.675] [gas-forecast-startup] [] [] [c.g.f.d.m.B.selectList] [main] [DEBUG] - <==      Total: 0
[2026-09-11 14:16:13.675] [gas-forecast-startup] [] [] [c.g.f.d.m.M.delete] [main] [DEBUG] - ==>  Preparing: DELETE FROM model_forecast_result_tb WHERE (forecast_batch_no = ?)
[2026-09-11 14:16:13.676] [gas-forecast-startup] [] [] [c.g.f.d.m.M.delete] [main] [DEBUG] - ==> Parameters: STFC-PRESET-004(String)
[2026-09-11 14:16:13.676] [gas-forecast-startup] [] [] [c.g.f.d.m.M.delete] [main] [DEBUG] - <==    Updates: 10
[2026-09-11 14:16:13.676] [gas-forecast-startup] [] [] [c.g.f.d.m.M.delete] [main] [DEBUG] - ==>  Preparing: DELETE FROM model_forecast_batch_tb WHERE (batch_no = ?)
[2026-09-11 14:16:13.676] [gas-forecast-startup] [] [] [c.g.f.d.m.M.delete] [main] [DEBUG] - ==> Parameters: STFC-PRESET-004(String)
[2026-09-11 14:16:13.677] [gas-forecast-startup] [] [] [c.g.f.d.m.M.delete] [main] [DEBUG] - <==    Updates: 1
[2026-09-11 14:16:13.677] [gas-forecast-startup] [] [] [c.g.f.d.m.M.insert] [main] [DEBUG] - ==>  Preparing: INSERT INTO model_forecast_batch_tb ( batch_no, train_batch_no, agent_code, region_code, region_name, customer_code, customer_name, industry_code, industry_name, forecast_horizon, forecast_start_date, forecast_end_date, status, request_json, created_by, created_by_name ) VALUES ( ?, ?, ?, ?, ?, ?, ?, ?, ?, ?, ?, ?, ?, ?, ?, ? )
[2026-09-11 14:16:13.677] [gas-forecast-startup] [] [] [c.g.f.d.m.M.insert] [main] [DEBUG] - ==> Parameters: STFC-PRESET-004(String), XQTRAIN-short-term-江苏(String), short-term(String), 江苏(String), 江苏(String), 南京港华(String), 南京港华(String), 城市燃气(String), 城市燃气(String), 10(Integer), 20260525(Integer), 2026-06-03(String), SUCCESS(String), {"agent_id":"short-term","source":"preset","model_name":"Lasso","industry":"城市燃气","customer":"南京港华","metrics":{"mape":2.2,"mae":3.87,"rmse":6.2,"r2":0.99}}(String), system(String), 系统(String)
[2026-09-11 14:16:13.677] [gas-forecast-startup] [] [] [c.g.f.d.m.M.insert] [main] [DEBUG] - <==    Updates: 1
[2026-09-11 14:16:13.677] [gas-forecast-startup] [] [] [c.g.f.d.m.M.delete] [main] [DEBUG] - ==>  Preparing: DELETE FROM model_forecast_result_tb WHERE (forecast_batch_no = ?)
[2026-09-11 14:16:13.677] [gas-forecast-startup] [] [] [c.g.f.d.m.M.delete] [main] [DEBUG] - ==> Parameters: STFC-PRESET-004(String)
[2026-09-11 14:16:13.678] [gas-forecast-startup] [] [] [c.g.f.d.m.M.delete] [main] [DEBUG] - <==    Updates: 0
[2026-09-11 14:16:13.678] [gas-forecast-startup] [] [] [c.g.f.d.m.M.insert] [main] [DEBUG] - ==>  Preparing: INSERT INTO model_forecast_result_tb ( forecast_batch_no, forecast_date, forecast_value ) VALUES ( ?, ?, ? )
[2026-09-11 14:16:13.678] [gas-forecast-startup] [] [] [c.g.f.d.m.M.insert] [main] [DEBUG] - ==> Parameters: STFC-PRESET-004(String), 2026-05-25(String), 107.92471313476562(BigDecimal)
[2026-09-11 14:16:13.678] [gas-forecast-startup] [] [] [c.g.f.d.m.M.insert] [main] [DEBUG] - <==    Updates: 1
[2026-09-11 14:16:13.678] [gas-forecast-startup] [] [] [c.g.f.d.m.M.insert] [main] [DEBUG] - ==>  Preparing: INSERT INTO model_forecast_result_tb ( forecast_batch_no, forecast_date, forecast_value ) VALUES ( ?, ?, ? )
[2026-09-11 14:16:13.678] [gas-forecast-startup] [] [] [c.g.f.d.m.M.insert] [main] [DEBUG] - ==> Parameters: STFC-PRESET-004(String), 2026-05-26(String), 107.5337371826172(BigDecimal)
[2026-09-11 14:16:13.678] [gas-forecast-startup] [] [] [c.g.f.d.m.M.insert] [main] [DEBUG] - <==    Updates: 1
[2026-09-11 14:16:13.678] [gas-forecast-startup] [] [] [c.g.f.d.m.M.insert] [main] [DEBUG] - ==>  Preparing: INSERT INTO model_forecast_result_tb ( forecast_batch_no, forecast_date, forecast_value ) VALUES ( ?, ?, ? )
[2026-09-11 14:16:13.678] [gas-forecast-startup] [] [] [c.g.f.d.m.M.insert] [main] [DEBUG] - ==> Parameters: STFC-PRESET-004(String), 2026-05-27(String), 105.34005737304688(BigDecimal)
[2026-09-11 14:16:13.678] [gas-forecast-startup] [] [] [c.g.f.d.m.M.insert] [main] [DEBUG] - <==    Updates: 1
[2026-09-11 14:16:13.678] [gas-forecast-startup] [] [] [c.g.f.d.m.M.insert] [main] [DEBUG] - ==>  Preparing: INSERT INTO model_forecast_result_tb ( forecast_batch_no, forecast_date, forecast_value ) VALUES ( ?, ?, ? )
[2026-09-11 14:16:13.678] [gas-forecast-startup] [] [] [c.g.f.d.m.M.insert] [main] [DEBUG] - ==> Parameters: STFC-PRESET-004(String), 2026-05-28(String), 103.7409439086914(BigDecimal)
[2026-09-11 14:16:13.679] [gas-forecast-startup] [] [] [c.g.f.d.m.M.insert] [main] [DEBUG] - <==    Updates: 1
[2026-09-11 14:16:13.679] [gas-forecast-startup] [] [] [c.g.f.d.m.M.insert] [main] [DEBUG] - ==>  Preparing: INSERT INTO model_forecast_result_tb ( forecast_batch_no, forecast_date, forecast_value ) VALUES ( ?, ?, ? )
[2026-09-11 14:16:13.679] [gas-forecast-startup] [] [] [c.g.f.d.m.M.insert] [main] [DEBUG] - ==> Parameters: STFC-PRESET-004(String), 2026-05-29(String), 103.12445068359376(BigDecimal)
[2026-09-11 14:16:13.679] [gas-forecast-startup] [] [] [c.g.f.d.m.M.insert] [main] [DEBUG] - <==    Updates: 1
[2026-09-11 14:16:13.679] [gas-forecast-startup] [] [] [c.g.f.d.m.M.insert] [main] [DEBUG] - ==>  Preparing: INSERT INTO model_forecast_result_tb ( forecast_batch_no, forecast_date, forecast_value ) VALUES ( ?, ?, ? )
[2026-09-11 14:16:13.679] [gas-forecast-startup] [] [] [c.g.f.d.m.M.insert] [main] [DEBUG] - ==> Parameters: STFC-PRESET-004(String), 2026-05-30(String), 102.20565795898438(BigDecimal)
[2026-09-11 14:16:13.679] [gas-forecast-startup] [] [] [c.g.f.d.m.M.insert] [main] [DEBUG] - <==    Updates: 1
[2026-09-11 14:16:13.679] [gas-forecast-startup] [] [] [c.g.f.d.m.M.insert] [main] [DEBUG] - ==>  Preparing: INSERT INTO model_forecast_result_tb ( forecast_batch_no, forecast_date, forecast_value ) VALUES ( ?, ?, ? )
[2026-09-11 14:16:13.679] [gas-forecast-startup] [] [] [c.g.f.d.m.M.insert] [main] [DEBUG] - ==> Parameters: STFC-PRESET-004(String), 2026-05-31(String), 101.43594360351562(BigDecimal)
[2026-09-11 14:16:13.679] [gas-forecast-startup] [] [] [c.g.f.d.m.M.insert] [main] [DEBUG] - <==    Updates: 1
[2026-09-11 14:16:13.679] [gas-forecast-startup] [] [] [c.g.f.d.m.M.insert] [main] [DEBUG] - ==>  Preparing: INSERT INTO model_forecast_result_tb ( forecast_batch_no, forecast_date, forecast_value ) VALUES ( ?, ?, ? )
[2026-09-11 14:16:13.679] [gas-forecast-startup] [] [] [c.g.f.d.m.M.insert] [main] [DEBUG] - ==> Parameters: STFC-PRESET-004(String), 2026-06-01(String), 100.55545043945312(BigDecimal)
[2026-09-11 14:16:13.680] [gas-forecast-startup] [] [] [c.g.f.d.m.M.insert] [main] [DEBUG] - <==    Updates: 1
[2026-09-11 14:16:13.680] [gas-forecast-startup] [] [] [c.g.f.d.m.M.insert] [main] [DEBUG] - ==>  Preparing: INSERT INTO model_forecast_result_tb ( forecast_batch_no, forecast_date, forecast_value ) VALUES ( ?, ?, ? )
[2026-09-11 14:16:13.680] [gas-forecast-startup] [] [] [c.g.f.d.m.M.insert] [main] [DEBUG] - ==> Parameters: STFC-PRESET-004(String), 2026-06-02(String), 99.8606948852539(BigDecimal)
[2026-09-11 14:16:13.680] [gas-forecast-startup] [] [] [c.g.f.d.m.M.insert] [main] [DEBUG] - <==    Updates: 1
[2026-09-11 14:16:13.680] [gas-forecast-startup] [] [] [c.g.f.d.m.M.insert] [main] [DEBUG] - ==>  Preparing: INSERT INTO model_forecast_result_tb ( forecast_batch_no, forecast_date, forecast_value ) VALUES ( ?, ?, ? )
[2026-09-11 14:16:13.680] [gas-forecast-startup] [] [] [c.g.f.d.m.M.insert] [main] [DEBUG] - ==> Parameters: STFC-PRESET-004(String), 2026-06-03(String), 98.49991607666016(BigDecimal)
[2026-09-11 14:16:13.680] [gas-forecast-startup] [] [] [c.g.f.d.m.M.insert] [main] [DEBUG] - <==    Updates: 1
[2026-09-11 14:16:13.681] [gas-forecast-startup] [] [] [c.g.f.d.m.B.selectList] [main] [DEBUG] - ==>  Preparing: SELECT id,region_code,region_name,region_type,parent_id,sort_no,enabled,remark,created_by,created_at,updated_by,updated_at,update_by_name,created_by_name FROM base_region_tb WHERE (region_name = ? AND region_type = ?) limit 1
[2026-09-11 14:16:13.681] [gas-forecast-startup] [] [] [c.g.f.d.m.B.selectList] [main] [DEBUG] - ==> Parameters: 江苏(String), PROVINCE(String)
[2026-09-11 14:16:13.681] [gas-forecast-startup] [] [] [c.g.f.d.m.B.selectList] [main] [DEBUG] - <==      Total: 0
[2026-09-11 14:16:13.682] [gas-forecast-startup] [] [] [c.g.f.d.m.B.selectList] [main] [DEBUG] - ==>  Preparing: SELECT id,customer_code,customer_name,industry_code,industry_name,region_code,region_name,created_at,updated_at,created_by,created_by_name,updated_by,update_by_name,raw_region_name,raw_industry_name FROM base_customer_tb WHERE (customer_name = ? AND region_name = ?) limit 1
[2026-09-11 14:16:13.682] [gas-forecast-startup] [] [] [c.g.f.d.m.B.selectList] [main] [DEBUG] - ==> Parameters: 唐山燃气(String), 江苏(String)
[2026-09-11 14:16:13.682] [gas-forecast-startup] [] [] [c.g.f.d.m.B.selectList] [main] [DEBUG] - <==      Total: 0
[2026-09-11 14:16:13.682] [gas-forecast-startup] [] [] [c.g.f.d.m.B.selectList] [main] [DEBUG] - ==>  Preparing: SELECT id,industry_code,industry_name,parent_id,industry_level,sort_no,created_at,updated_at,created_by,created_by_name,updated_by,updated_by_name FROM base_industry_tb WHERE (industry_name = ?) limit 1
[2026-09-11 14:16:13.682] [gas-forecast-startup] [] [] [c.g.f.d.m.B.selectList] [main] [DEBUG] - ==> Parameters: 城市燃气(String)
[2026-09-11 14:16:13.682] [gas-forecast-startup] [] [] [c.g.f.d.m.B.selectList] [main] [DEBUG] - <==      Total: 0
[2026-09-11 14:16:13.682] [gas-forecast-startup] [] [] [c.g.f.d.m.M.delete] [main] [DEBUG] - ==>  Preparing: DELETE FROM model_forecast_result_tb WHERE (forecast_batch_no = ?)
[2026-09-11 14:16:13.682] [gas-forecast-startup] [] [] [c.g.f.d.m.M.delete] [main] [DEBUG] - ==> Parameters: STFC-PRESET-005(String)
[2026-09-11 14:16:13.682] [gas-forecast-startup] [] [] [c.g.f.d.m.M.delete] [main] [DEBUG] - <==    Updates: 10
[2026-09-11 14:16:13.682] [gas-forecast-startup] [] [] [c.g.f.d.m.M.delete] [main] [DEBUG] - ==>  Preparing: DELETE FROM model_forecast_batch_tb WHERE (batch_no = ?)
[2026-09-11 14:16:13.682] [gas-forecast-startup] [] [] [c.g.f.d.m.M.delete] [main] [DEBUG] - ==> Parameters: STFC-PRESET-005(String)
[2026-09-11 14:16:13.683] [gas-forecast-startup] [] [] [c.g.f.d.m.M.delete] [main] [DEBUG] - <==    Updates: 1
[2026-09-11 14:16:13.683] [gas-forecast-startup] [] [] [c.g.f.d.m.M.insert] [main] [DEBUG] - ==>  Preparing: INSERT INTO model_forecast_batch_tb ( batch_no, train_batch_no, agent_code, region_code, region_name, customer_code, customer_name, industry_code, industry_name, forecast_horizon, forecast_start_date, forecast_end_date, status, request_json, created_by, created_by_name ) VALUES ( ?, ?, ?, ?, ?, ?, ?, ?, ?, ?, ?, ?, ?, ?, ?, ? )
[2026-09-11 14:16:13.683] [gas-forecast-startup] [] [] [c.g.f.d.m.M.insert] [main] [DEBUG] - ==> Parameters: STFC-PRESET-005(String), XQTRAIN-short-term-江苏(String), short-term(String), 江苏(String), 江苏(String), 唐山燃气(String), 唐山燃气(String), 城市燃气(String), 城市燃气(String), 10(Integer), 20260614(Integer), 2026-06-23(String), SUCCESS(String), {"agent_id":"short-term","source":"preset","model_name":"Lasso","industry":"城市燃气","customer":"唐山燃气","metrics":{"mape":0.02,"mae":0.02,"rmse":0.02,"r2":1.0}}(String), system(String), 系统(String)
[2026-09-11 14:16:13.683] [gas-forecast-startup] [] [] [c.g.f.d.m.M.insert] [main] [DEBUG] - <==    Updates: 1
[2026-09-11 14:16:13.683] [gas-forecast-startup] [] [] [c.g.f.d.m.M.delete] [main] [DEBUG] - ==>  Preparing: DELETE FROM model_forecast_result_tb WHERE (forecast_batch_no = ?)
[2026-09-11 14:16:13.684] [gas-forecast-startup] [] [] [c.g.f.d.m.M.delete] [main] [DEBUG] - ==> Parameters: STFC-PRESET-005(String)
[2026-09-11 14:16:13.684] [gas-forecast-startup] [] [] [c.g.f.d.m.M.delete] [main] [DEBUG] - <==    Updates: 0
[2026-09-11 14:16:13.684] [gas-forecast-startup] [] [] [c.g.f.d.m.M.insert] [main] [DEBUG] - ==>  Preparing: INSERT INTO model_forecast_result_tb ( forecast_batch_no, forecast_date, forecast_value ) VALUES ( ?, ?, ? )
[2026-09-11 14:16:13.684] [gas-forecast-startup] [] [] [c.g.f.d.m.M.insert] [main] [DEBUG] - ==> Parameters: STFC-PRESET-005(String), 2026-06-14(String), 99.4585952758789(BigDecimal)
[2026-09-11 14:16:13.684] [gas-forecast-startup] [] [] [c.g.f.d.m.M.insert] [main] [DEBUG] - <==    Updates: 1
[2026-09-11 14:16:13.685] [gas-forecast-startup] [] [] [c.g.f.d.m.M.insert] [main] [DEBUG] - ==>  Preparing: INSERT INTO model_forecast_result_tb ( forecast_batch_no, forecast_date, forecast_value ) VALUES ( ?, ?, ? )
[2026-09-11 14:16:13.685] [gas-forecast-startup] [] [] [c.g.f.d.m.M.insert] [main] [DEBUG] - ==> Parameters: STFC-PRESET-005(String), 2026-06-15(String), 100.0947265625(BigDecimal)
[2026-09-11 14:16:13.685] [gas-forecast-startup] [] [] [c.g.f.d.m.M.insert] [main] [DEBUG] - <==    Updates: 1
[2026-09-11 14:16:13.685] [gas-forecast-startup] [] [] [c.g.f.d.m.M.insert] [main] [DEBUG] - ==>  Preparing: INSERT INTO model_forecast_result_tb ( forecast_batch_no, forecast_date, forecast_value ) VALUES ( ?, ?, ? )
[2026-09-11 14:16:13.685] [gas-forecast-startup] [] [] [c.g.f.d.m.M.insert] [main] [DEBUG] - ==> Parameters: STFC-PRESET-005(String), 2026-06-16(String), 99.76209259033205(BigDecimal)
[2026-09-11 14:16:13.685] [gas-forecast-startup] [] [] [c.g.f.d.m.M.insert] [main] [DEBUG] - <==    Updates: 1
[2026-09-11 14:16:13.685] [gas-forecast-startup] [] [] [c.g.f.d.m.M.insert] [main] [DEBUG] - ==>  Preparing: INSERT INTO model_forecast_result_tb ( forecast_batch_no, forecast_date, forecast_value ) VALUES ( ?, ?, ? )
[2026-09-11 14:16:13.685] [gas-forecast-startup] [] [] [c.g.f.d.m.M.insert] [main] [DEBUG] - ==> Parameters: STFC-PRESET-005(String), 2026-06-17(String), 98.0634994506836(BigDecimal)
[2026-09-11 14:16:13.685] [gas-forecast-startup] [] [] [c.g.f.d.m.M.insert] [main] [DEBUG] - <==    Updates: 1
[2026-09-11 14:16:13.685] [gas-forecast-startup] [] [] [c.g.f.d.m.M.insert] [main] [DEBUG] - ==>  Preparing: INSERT INTO model_forecast_result_tb ( forecast_batch_no, forecast_date, forecast_value ) VALUES ( ?, ?, ? )
[2026-09-11 14:16:13.685] [gas-forecast-startup] [] [] [c.g.f.d.m.M.insert] [main] [DEBUG] - ==> Parameters: STFC-PRESET-005(String), 2026-06-18(String), 99.56824493408205(BigDecimal)
[2026-09-11 14:16:13.686] [gas-forecast-startup] [] [] [c.g.f.d.m.M.insert] [main] [DEBUG] - <==    Updates: 1
[2026-09-11 14:16:13.686] [gas-forecast-startup] [] [] [c.g.f.d.m.M.insert] [main] [DEBUG] - ==>  Preparing: INSERT INTO model_forecast_result_tb ( forecast_batch_no, forecast_date, forecast_value ) VALUES ( ?, ?, ? )
[2026-09-11 14:16:13.686] [gas-forecast-startup] [] [] [c.g.f.d.m.M.insert] [main] [DEBUG] - ==> Parameters: STFC-PRESET-005(String), 2026-06-19(String), 101.3773956298828(BigDecimal)
[2026-09-11 14:16:13.686] [gas-forecast-startup] [] [] [c.g.f.d.m.M.insert] [main] [DEBUG] - <==    Updates: 1
[2026-09-11 14:16:13.686] [gas-forecast-startup] [] [] [c.g.f.d.m.M.insert] [main] [DEBUG] - ==>  Preparing: INSERT INTO model_forecast_result_tb ( forecast_batch_no, forecast_date, forecast_value ) VALUES ( ?, ?, ? )
[2026-09-11 14:16:13.686] [gas-forecast-startup] [] [] [c.g.f.d.m.M.insert] [main] [DEBUG] - ==> Parameters: STFC-PRESET-005(String), 2026-06-20(String), 103.10466003417967(BigDecimal)
[2026-09-11 14:16:13.686] [gas-forecast-startup] [] [] [c.g.f.d.m.M.insert] [main] [DEBUG] - <==    Updates: 1
[2026-09-11 14:16:13.686] [gas-forecast-startup] [] [] [c.g.f.d.m.M.insert] [main] [DEBUG] - ==>  Preparing: INSERT INTO model_forecast_result_tb ( forecast_batch_no, forecast_date, forecast_value ) VALUES ( ?, ?, ? )
[2026-09-11 14:16:13.686] [gas-forecast-startup] [] [] [c.g.f.d.m.M.insert] [main] [DEBUG] - ==> Parameters: STFC-PRESET-005(String), 2026-06-21(String), 103.35881805419922(BigDecimal)
[2026-09-11 14:16:13.686] [gas-forecast-startup] [] [] [c.g.f.d.m.M.insert] [main] [DEBUG] - <==    Updates: 1
[2026-09-11 14:16:13.686] [gas-forecast-startup] [] [] [c.g.f.d.m.M.insert] [main] [DEBUG] - ==>  Preparing: INSERT INTO model_forecast_result_tb ( forecast_batch_no, forecast_date, forecast_value ) VALUES ( ?, ?, ? )
[2026-09-11 14:16:13.686] [gas-forecast-startup] [] [] [c.g.f.d.m.M.insert] [main] [DEBUG] - ==> Parameters: STFC-PRESET-005(String), 2026-06-22(String), 103.75443267822266(BigDecimal)
[2026-09-11 14:16:13.686] [gas-forecast-startup] [] [] [c.g.f.d.m.M.insert] [main] [DEBUG] - <==    Updates: 1
[2026-09-11 14:16:13.686] [gas-forecast-startup] [] [] [c.g.f.d.m.M.insert] [main] [DEBUG] - ==>  Preparing: INSERT INTO model_forecast_result_tb ( forecast_batch_no, forecast_date, forecast_value ) VALUES ( ?, ?, ? )
[2026-09-11 14:16:13.686] [gas-forecast-startup] [] [] [c.g.f.d.m.M.insert] [main] [DEBUG] - ==> Parameters: STFC-PRESET-005(String), 2026-06-23(String), 103.88021087646484(BigDecimal)
[2026-09-11 14:16:13.687] [gas-forecast-startup] [] [] [c.g.f.d.m.M.insert] [main] [DEBUG] - <==    Updates: 1
[2026-09-11 14:16:13.688] [gas-forecast-startup] [] [] [c.g.f.d.m.B.selectList] [main] [DEBUG] - ==>  Preparing: SELECT id,region_code,region_name,region_type,parent_id,sort_no,enabled,remark,created_by,created_at,updated_by,updated_at,update_by_name,created_by_name FROM base_region_tb WHERE (region_name = ? AND region_type = ?) limit 1
[2026-09-11 14:16:13.688] [gas-forecast-startup] [] [] [c.g.f.d.m.B.selectList] [main] [DEBUG] - ==> Parameters: 江苏(String), PROVINCE(String)
[2026-09-11 14:16:13.688] [gas-forecast-startup] [] [] [c.g.f.d.m.B.selectList] [main] [DEBUG] - <==      Total: 0
[2026-09-11 14:16:13.688] [gas-forecast-startup] [] [] [c.g.f.d.m.B.selectList] [main] [DEBUG] - ==>  Preparing: SELECT id,customer_code,customer_name,industry_code,industry_name,region_code,region_name,created_at,updated_at,created_by,created_by_name,updated_by,update_by_name,raw_region_name,raw_industry_name FROM base_customer_tb WHERE (customer_name = ? AND region_name = ?) limit 1
[2026-09-11 14:16:13.688] [gas-forecast-startup] [] [] [c.g.f.d.m.B.selectList] [main] [DEBUG] - ==> Parameters: 宿迁昆仑(String), 江苏(String)
[2026-09-11 14:16:13.688] [gas-forecast-startup] [] [] [c.g.f.d.m.B.selectList] [main] [DEBUG] - <==      Total: 0
[2026-09-11 14:16:13.688] [gas-forecast-startup] [] [] [c.g.f.d.m.B.selectList] [main] [DEBUG] - ==>  Preparing: SELECT id,industry_code,industry_name,parent_id,industry_level,sort_no,created_at,updated_at,created_by,created_by_name,updated_by,updated_by_name FROM base_industry_tb WHERE (industry_name = ?) limit 1
[2026-09-11 14:16:13.688] [gas-forecast-startup] [] [] [c.g.f.d.m.B.selectList] [main] [DEBUG] - ==> Parameters: 城市燃气(String)
[2026-09-11 14:16:13.689] [gas-forecast-startup] [] [] [c.g.f.d.m.B.selectList] [main] [DEBUG] - <==      Total: 0
[2026-09-11 14:16:13.689] [gas-forecast-startup] [] [] [c.g.f.d.m.M.delete] [main] [DEBUG] - ==>  Preparing: DELETE FROM model_forecast_result_tb WHERE (forecast_batch_no = ?)
[2026-09-11 14:16:13.689] [gas-forecast-startup] [] [] [c.g.f.d.m.M.delete] [main] [DEBUG] - ==> Parameters: STFC-PRESET-006(String)
[2026-09-11 14:16:13.689] [gas-forecast-startup] [] [] [c.g.f.d.m.M.delete] [main] [DEBUG] - <==    Updates: 10
[2026-09-11 14:16:13.689] [gas-forecast-startup] [] [] [c.g.f.d.m.M.delete] [main] [DEBUG] - ==>  Preparing: DELETE FROM model_forecast_batch_tb WHERE (batch_no = ?)
[2026-09-11 14:16:13.689] [gas-forecast-startup] [] [] [c.g.f.d.m.M.delete] [main] [DEBUG] - ==> Parameters: STFC-PRESET-006(String)
[2026-09-11 14:16:13.689] [gas-forecast-startup] [] [] [c.g.f.d.m.M.delete] [main] [DEBUG] - <==    Updates: 1
[2026-09-11 14:16:13.689] [gas-forecast-startup] [] [] [c.g.f.d.m.M.insert] [main] [DEBUG] - ==>  Preparing: INSERT INTO model_forecast_batch_tb ( batch_no, train_batch_no, agent_code, region_code, region_name, customer_code, customer_name, industry_code, industry_name, forecast_horizon, forecast_start_date, forecast_end_date, status, request_json, created_by, created_by_name ) VALUES ( ?, ?, ?, ?, ?, ?, ?, ?, ?, ?, ?, ?, ?, ?, ?, ? )
[2026-09-11 14:16:13.689] [gas-forecast-startup] [] [] [c.g.f.d.m.M.insert] [main] [DEBUG] - ==> Parameters: STFC-PRESET-006(String), XQTRAIN-short-term-江苏(String), short-term(String), 江苏(String), 江苏(String), 宿迁昆仑(String), 宿迁昆仑(String), 城市燃气(String), 城市燃气(String), 10(Integer), 20260525(Integer), 2026-06-03(String), SUCCESS(String), {"agent_id":"short-term","source":"preset","model_name":"Lasso","industry":"城市燃气","customer":"宿迁昆仑","metrics":{"mape":1.55,"mae":1.75,"rmse":2.72,"r2":0.99}}(String), system(String), 系统(String)
[2026-09-11 14:16:13.690] [gas-forecast-startup] [] [] [c.g.f.d.m.M.insert] [main] [DEBUG] - <==    Updates: 1
[2026-09-11 14:16:13.690] [gas-forecast-startup] [] [] [c.g.f.d.m.M.delete] [main] [DEBUG] - ==>  Preparing: DELETE FROM model_forecast_result_tb WHERE (forecast_batch_no = ?)
[2026-09-11 14:16:13.690] [gas-forecast-startup] [] [] [c.g.f.d.m.M.delete] [main] [DEBUG] - ==> Parameters: STFC-PRESET-006(String)
[2026-09-11 14:16:13.690] [gas-forecast-startup] [] [] [c.g.f.d.m.M.delete] [main] [DEBUG] - <==    Updates: 0
[2026-09-11 14:16:13.690] [gas-forecast-startup] [] [] [c.g.f.d.m.M.insert] [main] [DEBUG] - ==>  Preparing: INSERT INTO model_forecast_result_tb ( forecast_batch_no, forecast_date, forecast_value ) VALUES ( ?, ?, ? )
[2026-09-11 14:16:13.690] [gas-forecast-startup] [] [] [c.g.f.d.m.M.insert] [main] [DEBUG] - ==> Parameters: STFC-PRESET-006(String), 2026-05-25(String), 70.92327117919922(BigDecimal)
[2026-09-11 14:16:13.690] [gas-forecast-startup] [] [] [c.g.f.d.m.M.insert] [main] [DEBUG] - <==    Updates: 1
[2026-09-11 14:16:13.690] [gas-forecast-startup] [] [] [c.g.f.d.m.M.insert] [main] [DEBUG] - ==>  Preparing: INSERT INTO model_forecast_result_tb ( forecast_batch_no, forecast_date, forecast_value ) VALUES ( ?, ?, ? )
[2026-09-11 14:16:13.690] [gas-forecast-startup] [] [] [c.g.f.d.m.M.insert] [main] [DEBUG] - ==> Parameters: STFC-PRESET-006(String), 2026-05-26(String), 71.42118072509766(BigDecimal)
[2026-09-11 14:16:13.690] [gas-forecast-startup] [] [] [c.g.f.d.m.M.insert] [main] [DEBUG] - <==    Updates: 1
[2026-09-11 14:16:13.690] [gas-forecast-startup] [] [] [c.g.f.d.m.M.insert] [main] [DEBUG] - ==>  Preparing: INSERT INTO model_forecast_result_tb ( forecast_batch_no, forecast_date, forecast_value ) VALUES ( ?, ?, ? )
[2026-09-11 14:16:13.690] [gas-forecast-startup] [] [] [c.g.f.d.m.M.insert] [main] [DEBUG] - ==> Parameters: STFC-PRESET-006(String), 2026-05-27(String), 71.89083099365234(BigDecimal)
[2026-09-11 14:16:13.691] [gas-forecast-startup] [] [] [c.g.f.d.m.M.insert] [main] [DEBUG] - <==    Updates: 1
[2026-09-11 14:16:13.691] [gas-forecast-startup] [] [] [c.g.f.d.m.M.insert] [main] [DEBUG] - ==>  Preparing: INSERT INTO model_forecast_result_tb ( forecast_batch_no, forecast_date, forecast_value ) VALUES ( ?, ?, ? )
[2026-09-11 14:16:13.691] [gas-forecast-startup] [] [] [c.g.f.d.m.M.insert] [main] [DEBUG] - ==> Parameters: STFC-PRESET-006(String), 2026-05-28(String), 71.2491683959961(BigDecimal)
[2026-09-11 14:16:13.691] [gas-forecast-startup] [] [] [c.g.f.d.m.M.insert] [main] [DEBUG] - <==    Updates: 1
[2026-09-11 14:16:13.691] [gas-forecast-startup] [] [] [c.g.f.d.m.M.insert] [main] [DEBUG] - ==>  Preparing: INSERT INTO model_forecast_result_tb ( forecast_batch_no, forecast_date, forecast_value ) VALUES ( ?, ?, ? )
[2026-09-11 14:16:13.691] [gas-forecast-startup] [] [] [c.g.f.d.m.M.insert] [main] [DEBUG] - ==> Parameters: STFC-PRESET-006(String), 2026-05-29(String), 71.84590148925781(BigDecimal)
[2026-09-11 14:16:13.691] [gas-forecast-startup] [] [] [c.g.f.d.m.M.insert] [main] [DEBUG] - <==    Updates: 1
[2026-09-11 14:16:13.691] [gas-forecast-startup] [] [] [c.g.f.d.m.M.insert] [main] [DEBUG] - ==>  Preparing: INSERT INTO model_forecast_result_tb ( forecast_batch_no, forecast_date, forecast_value ) VALUES ( ?, ?, ? )
[2026-09-11 14:16:13.691] [gas-forecast-startup] [] [] [c.g.f.d.m.M.insert] [main] [DEBUG] - ==> Parameters: STFC-PRESET-006(String), 2026-05-30(String), 70.42835998535156(BigDecimal)
[2026-09-11 14:16:13.692] [gas-forecast-startup] [] [] [c.g.f.d.m.M.insert] [main] [DEBUG] - <==    Updates: 1
[2026-09-11 14:16:13.692] [gas-forecast-startup] [] [] [c.g.f.d.m.M.insert] [main] [DEBUG] - ==>  Preparing: INSERT INTO model_forecast_result_tb ( forecast_batch_no, forecast_date, forecast_value ) VALUES ( ?, ?, ? )
[2026-09-11 14:16:13.692] [gas-forecast-startup] [] [] [c.g.f.d.m.M.insert] [main] [DEBUG] - ==> Parameters: STFC-PRESET-006(String), 2026-05-31(String), 68.03384399414062(BigDecimal)
[2026-09-11 14:16:13.692] [gas-forecast-startup] [] [] [c.g.f.d.m.M.insert] [main] [DEBUG] - <==    Updates: 1
[2026-09-11 14:16:13.692] [gas-forecast-startup] [] [] [c.g.f.d.m.M.insert] [main] [DEBUG] - ==>  Preparing: INSERT INTO model_forecast_result_tb ( forecast_batch_no, forecast_date, forecast_value ) VALUES ( ?, ?, ? )
[2026-09-11 14:16:13.692] [gas-forecast-startup] [] [] [c.g.f.d.m.M.insert] [main] [DEBUG] - ==> Parameters: STFC-PRESET-006(String), 2026-06-01(String), 66.17464447021484(BigDecimal)
[2026-09-11 14:16:13.692] [gas-forecast-startup] [] [] [c.g.f.d.m.M.insert] [main] [DEBUG] - <==    Updates: 1
[2026-09-11 14:16:13.692] [gas-forecast-startup] [] [] [c.g.f.d.m.M.insert] [main] [DEBUG] - ==>  Preparing: INSERT INTO model_forecast_result_tb ( forecast_batch_no, forecast_date, forecast_value ) VALUES ( ?, ?, ? )
[2026-09-11 14:16:13.692] [gas-forecast-startup] [] [] [c.g.f.d.m.M.insert] [main] [DEBUG] - ==> Parameters: STFC-PRESET-006(String), 2026-06-02(String), 65.42129516601562(BigDecimal)
[2026-09-11 14:16:13.692] [gas-forecast-startup] [] [] [c.g.f.d.m.M.insert] [main] [DEBUG] - <==    Updates: 1
[2026-09-11 14:16:13.692] [gas-forecast-startup] [] [] [c.g.f.d.m.M.insert] [main] [DEBUG] - ==>  Preparing: INSERT INTO model_forecast_result_tb ( forecast_batch_no, forecast_date, forecast_value ) VALUES ( ?, ?, ? )
[2026-09-11 14:16:13.692] [gas-forecast-startup] [] [] [c.g.f.d.m.M.insert] [main] [DEBUG] - ==> Parameters: STFC-PRESET-006(String), 2026-06-03(String), 65.1841049194336(BigDecimal)
[2026-09-11 14:16:13.693] [gas-forecast-startup] [] [] [c.g.f.d.m.M.insert] [main] [DEBUG] - <==    Updates: 1
[2026-09-11 14:16:13.694] [gas-forecast-startup] [] [] [c.g.f.d.m.B.selectList] [main] [DEBUG] - ==>  Preparing: SELECT id,region_code,region_name,region_type,parent_id,sort_no,enabled,remark,created_by,created_at,updated_by,updated_at,update_by_name,created_by_name FROM base_region_tb WHERE (region_name = ? AND region_type = ?) limit 1
[2026-09-11 14:16:13.694] [gas-forecast-startup] [] [] [c.g.f.d.m.B.selectList] [main] [DEBUG] - ==> Parameters: 江苏(String), PROVINCE(String)
[2026-09-11 14:16:13.694] [gas-forecast-startup] [] [] [c.g.f.d.m.B.selectList] [main] [DEBUG] - <==      Total: 0
[2026-09-11 14:16:13.694] [gas-forecast-startup] [] [] [c.g.f.d.m.B.selectList] [main] [DEBUG] - ==>  Preparing: SELECT id,customer_code,customer_name,industry_code,industry_name,region_code,region_name,created_at,updated_at,created_by,created_by_name,updated_by,update_by_name,raw_region_name,raw_industry_name FROM base_customer_tb WHERE (customer_name = ? AND region_name = ?) limit 1
[2026-09-11 14:16:13.694] [gas-forecast-startup] [] [] [c.g.f.d.m.B.selectList] [main] [DEBUG] - ==> Parameters: 无锡华润(String), 江苏(String)
[2026-09-11 14:16:13.694] [gas-forecast-startup] [] [] [c.g.f.d.m.B.selectList] [main] [DEBUG] - <==      Total: 0
[2026-09-11 14:16:13.694] [gas-forecast-startup] [] [] [c.g.f.d.m.B.selectList] [main] [DEBUG] - ==>  Preparing: SELECT id,industry_code,industry_name,parent_id,industry_level,sort_no,created_at,updated_at,created_by,created_by_name,updated_by,updated_by_name FROM base_industry_tb WHERE (industry_name = ?) limit 1
[2026-09-11 14:16:13.694] [gas-forecast-startup] [] [] [c.g.f.d.m.B.selectList] [main] [DEBUG] - ==> Parameters: 城市燃气(String)
[2026-09-11 14:16:13.695] [gas-forecast-startup] [] [] [c.g.f.d.m.B.selectList] [main] [DEBUG] - <==      Total: 0
[2026-09-11 14:16:13.695] [gas-forecast-startup] [] [] [c.g.f.d.m.M.delete] [main] [DEBUG] - ==>  Preparing: DELETE FROM model_forecast_result_tb WHERE (forecast_batch_no = ?)
[2026-09-11 14:16:13.695] [gas-forecast-startup] [] [] [c.g.f.d.m.M.delete] [main] [DEBUG] - ==> Parameters: STFC-PRESET-007(String)
[2026-09-11 14:16:13.695] [gas-forecast-startup] [] [] [c.g.f.d.m.M.delete] [main] [DEBUG] - <==    Updates: 10
[2026-09-11 14:16:13.695] [gas-forecast-startup] [] [] [c.g.f.d.m.M.delete] [main] [DEBUG] - ==>  Preparing: DELETE FROM model_forecast_batch_tb WHERE (batch_no = ?)
[2026-09-11 14:16:13.695] [gas-forecast-startup] [] [] [c.g.f.d.m.M.delete] [main] [DEBUG] - ==> Parameters: STFC-PRESET-007(String)
[2026-09-11 14:16:13.695] [gas-forecast-startup] [] [] [c.g.f.d.m.M.delete] [main] [DEBUG] - <==    Updates: 1
[2026-09-11 14:16:13.695] [gas-forecast-startup] [] [] [c.g.f.d.m.M.insert] [main] [DEBUG] - ==>  Preparing: INSERT INTO model_forecast_batch_tb ( batch_no, train_batch_no, agent_code, region_code, region_name, customer_code, customer_name, industry_code, industry_name, forecast_horizon, forecast_start_date, forecast_end_date, status, request_json, created_by, created_by_name ) VALUES ( ?, ?, ?, ?, ?, ?, ?, ?, ?, ?, ?, ?, ?, ?, ?, ? )
[2026-09-11 14:16:13.695] [gas-forecast-startup] [] [] [c.g.f.d.m.M.insert] [main] [DEBUG] - ==> Parameters: STFC-PRESET-007(String), XQTRAIN-short-term-江苏(String), short-term(String), 江苏(String), 江苏(String), 无锡华润(String), 无锡华润(String), 城市燃气(String), 城市燃气(String), 10(Integer), 20260525(Integer), 2026-06-03(String), SUCCESS(String), {"agent_id":"short-term","source":"preset","model_name":"Lasso","industry":"城市燃气","customer":"无锡华润","metrics":{"mape":5.62,"mae":3.95,"rmse":10.2,"r2":0.91}}(String), system(String), 系统(String)
[2026-09-11 14:16:13.696] [gas-forecast-startup] [] [] [c.g.f.d.m.M.insert] [main] [DEBUG] - <==    Updates: 1
[2026-09-11 14:16:13.696] [gas-forecast-startup] [] [] [c.g.f.d.m.M.delete] [main] [DEBUG] - ==>  Preparing: DELETE FROM model_forecast_result_tb WHERE (forecast_batch_no = ?)
[2026-09-11 14:16:13.696] [gas-forecast-startup] [] [] [c.g.f.d.m.M.delete] [main] [DEBUG] - ==> Parameters: STFC-PRESET-007(String)
[2026-09-11 14:16:13.696] [gas-forecast-startup] [] [] [c.g.f.d.m.M.delete] [main] [DEBUG] - <==    Updates: 0
[2026-09-11 14:16:13.696] [gas-forecast-startup] [] [] [c.g.f.d.m.M.insert] [main] [DEBUG] - ==>  Preparing: INSERT INTO model_forecast_result_tb ( forecast_batch_no, forecast_date, forecast_value ) VALUES ( ?, ?, ? )
[2026-09-11 14:16:13.696] [gas-forecast-startup] [] [] [c.g.f.d.m.M.insert] [main] [DEBUG] - ==> Parameters: STFC-PRESET-007(String), 2026-05-25(String), 200.718994140625(BigDecimal)
[2026-09-11 14:16:13.696] [gas-forecast-startup] [] [] [c.g.f.d.m.M.insert] [main] [DEBUG] - <==    Updates: 1
[2026-09-11 14:16:13.696] [gas-forecast-startup] [] [] [c.g.f.d.m.M.insert] [main] [DEBUG] - ==>  Preparing: INSERT INTO model_forecast_result_tb ( forecast_batch_no, forecast_date, forecast_value ) VALUES ( ?, ?, ? )
[2026-09-11 14:16:13.696] [gas-forecast-startup] [] [] [c.g.f.d.m.M.insert] [main] [DEBUG] - ==> Parameters: STFC-PRESET-007(String), 2026-05-26(String), 203.8656616210937(BigDecimal)
[2026-09-11 14:16:13.696] [gas-forecast-startup] [] [] [c.g.f.d.m.M.insert] [main] [DEBUG] - <==    Updates: 1
[2026-09-11 14:16:13.697] [gas-forecast-startup] [] [] [c.g.f.d.m.M.insert] [main] [DEBUG] - ==>  Preparing: INSERT INTO model_forecast_result_tb ( forecast_batch_no, forecast_date, forecast_value ) VALUES ( ?, ?, ? )
[2026-09-11 14:16:13.697] [gas-forecast-startup] [] [] [c.g.f.d.m.M.insert] [main] [DEBUG] - ==> Parameters: STFC-PRESET-007(String), 2026-05-27(String), 204.89859008789065(BigDecimal)
[2026-09-11 14:16:13.697] [gas-forecast-startup] [] [] [c.g.f.d.m.M.insert] [main] [DEBUG] - <==    Updates: 1
[2026-09-11 14:16:13.697] [gas-forecast-startup] [] [] [c.g.f.d.m.M.insert] [main] [DEBUG] - ==>  Preparing: INSERT INTO model_forecast_result_tb ( forecast_batch_no, forecast_date, forecast_value ) VALUES ( ?, ?, ? )
[2026-09-11 14:16:13.697] [gas-forecast-startup] [] [] [c.g.f.d.m.M.insert] [main] [DEBUG] - ==> Parameters: STFC-PRESET-007(String), 2026-05-28(String), 205.30795288085932(BigDecimal)
[2026-09-11 14:16:13.697] [gas-forecast-startup] [] [] [c.g.f.d.m.M.insert] [main] [DEBUG] - <==    Updates: 1
[2026-09-11 14:16:13.697] [gas-forecast-startup] [] [] [c.g.f.d.m.M.insert] [main] [DEBUG] - ==>  Preparing: INSERT INTO model_forecast_result_tb ( forecast_batch_no, forecast_date, forecast_value ) VALUES ( ?, ?, ? )
[2026-09-11 14:16:13.697] [gas-forecast-startup] [] [] [c.g.f.d.m.M.insert] [main] [DEBUG] - ==> Parameters: STFC-PRESET-007(String), 2026-05-29(String), 206.34213256835932(BigDecimal)
[2026-09-11 14:16:13.697] [gas-forecast-startup] [] [] [c.g.f.d.m.M.insert] [main] [DEBUG] - <==    Updates: 1
[2026-09-11 14:16:13.697] [gas-forecast-startup] [] [] [c.g.f.d.m.M.insert] [main] [DEBUG] - ==>  Preparing: INSERT INTO model_forecast_result_tb ( forecast_batch_no, forecast_date, forecast_value ) VALUES ( ?, ?, ? )
[2026-09-11 14:16:13.697] [gas-forecast-startup] [] [] [c.g.f.d.m.M.insert] [main] [DEBUG] - ==> Parameters: STFC-PRESET-007(String), 2026-05-30(String), 205.68045043945312(BigDecimal)
[2026-09-11 14:16:13.697] [gas-forecast-startup] [] [] [c.g.f.d.m.M.insert] [main] [DEBUG] - <==    Updates: 1
[2026-09-11 14:16:13.697] [gas-forecast-startup] [] [] [c.g.f.d.m.M.insert] [main] [DEBUG] - ==>  Preparing: INSERT INTO model_forecast_result_tb ( forecast_batch_no, forecast_date, forecast_value ) VALUES ( ?, ?, ? )
[2026-09-11 14:16:13.697] [gas-forecast-startup] [] [] [c.g.f.d.m.M.insert] [main] [DEBUG] - ==> Parameters: STFC-PRESET-007(String), 2026-05-31(String), 205.66238403320312(BigDecimal)
[2026-09-11 14:16:13.698] [gas-forecast-startup] [] [] [c.g.f.d.m.M.insert] [main] [DEBUG] - <==    Updates: 1
[2026-09-11 14:16:13.698] [gas-forecast-startup] [] [] [c.g.f.d.m.M.insert] [main] [DEBUG] - ==>  Preparing: INSERT INTO model_forecast_result_tb ( forecast_batch_no, forecast_date, forecast_value ) VALUES ( ?, ?, ? )
[2026-09-11 14:16:13.698] [gas-forecast-startup] [] [] [c.g.f.d.m.M.insert] [main] [DEBUG] - ==> Parameters: STFC-PRESET-007(String), 2026-06-01(String), 207.3385467529297(BigDecimal)
[2026-09-11 14:16:13.698] [gas-forecast-startup] [] [] [c.g.f.d.m.M.insert] [main] [DEBUG] - <==    Updates: 1
[2026-09-11 14:16:13.698] [gas-forecast-startup] [] [] [c.g.f.d.m.M.insert] [main] [DEBUG] - ==>  Preparing: INSERT INTO model_forecast_result_tb ( forecast_batch_no, forecast_date, forecast_value ) VALUES ( ?, ?, ? )
[2026-09-11 14:16:13.698] [gas-forecast-startup] [] [] [c.g.f.d.m.M.insert] [main] [DEBUG] - ==> Parameters: STFC-PRESET-007(String), 2026-06-02(String), 209.631103515625(BigDecimal)
[2026-09-11 14:16:13.698] [gas-forecast-startup] [] [] [c.g.f.d.m.M.insert] [main] [DEBUG] - <==    Updates: 1
[2026-09-11 14:16:13.698] [gas-forecast-startup] [] [] [c.g.f.d.m.M.insert] [main] [DEBUG] - ==>  Preparing: INSERT INTO model_forecast_result_tb ( forecast_batch_no, forecast_date, forecast_value ) VALUES ( ?, ?, ? )
[2026-09-11 14:16:13.698] [gas-forecast-startup] [] [] [c.g.f.d.m.M.insert] [main] [DEBUG] - ==> Parameters: STFC-PRESET-007(String), 2026-06-03(String), 211.40036010742188(BigDecimal)
[2026-09-11 14:16:13.698] [gas-forecast-startup] [] [] [c.g.f.d.m.M.insert] [main] [DEBUG] - <==    Updates: 1
[2026-09-11 14:16:13.699] [gas-forecast-startup] [] [] [c.g.f.d.m.B.selectList] [main] [DEBUG] - ==>  Preparing: SELECT id,region_code,region_name,region_type,parent_id,sort_no,enabled,remark,created_by,created_at,updated_by,updated_at,update_by_name,created_by_name FROM base_region_tb WHERE (region_name = ? AND region_type = ?) limit 1
[2026-09-11 14:16:13.699] [gas-forecast-startup] [] [] [c.g.f.d.m.B.selectList] [main] [DEBUG] - ==> Parameters: 江苏(String), PROVINCE(String)
[2026-09-11 14:16:13.700] [gas-forecast-startup] [] [] [c.g.f.d.m.B.selectList] [main] [DEBUG] - <==      Total: 0
[2026-09-11 14:16:13.700] [gas-forecast-startup] [] [] [c.g.f.d.m.B.selectList] [main] [DEBUG] - ==>  Preparing: SELECT id,customer_code,customer_name,industry_code,industry_name,region_code,region_name,created_at,updated_at,created_by,created_by_name,updated_by,update_by_name,raw_region_name,raw_industry_name FROM base_customer_tb WHERE (customer_name = ? AND region_name = ?) limit 1
[2026-09-11 14:16:13.700] [gas-forecast-startup] [] [] [c.g.f.d.m.B.selectList] [main] [DEBUG] - ==> Parameters: 江阴昆仑管网(String), 江苏(String)
[2026-09-11 14:16:13.700] [gas-forecast-startup] [] [] [c.g.f.d.m.B.selectList] [main] [DEBUG] - <==      Total: 0
[2026-09-11 14:16:13.700] [gas-forecast-startup] [] [] [c.g.f.d.m.B.selectList] [main] [DEBUG] - ==>  Preparing: SELECT id,industry_code,industry_name,parent_id,industry_level,sort_no,created_at,updated_at,created_by,created_by_name,updated_by,updated_by_name FROM base_industry_tb WHERE (industry_name = ?) limit 1
[2026-09-11 14:16:13.700] [gas-forecast-startup] [] [] [c.g.f.d.m.B.selectList] [main] [DEBUG] - ==> Parameters: 城市燃气(String)
[2026-09-11 14:16:13.700] [gas-forecast-startup] [] [] [c.g.f.d.m.B.selectList] [main] [DEBUG] - <==      Total: 0
[2026-09-11 14:16:13.701] [gas-forecast-startup] [] [] [c.g.f.d.m.M.delete] [main] [DEBUG] - ==>  Preparing: DELETE FROM model_forecast_result_tb WHERE (forecast_batch_no = ?)
[2026-09-11 14:16:13.701] [gas-forecast-startup] [] [] [c.g.f.d.m.M.delete] [main] [DEBUG] - ==> Parameters: STFC-PRESET-008(String)
[2026-09-11 14:16:13.701] [gas-forecast-startup] [] [] [c.g.f.d.m.M.delete] [main] [DEBUG] - <==    Updates: 10
[2026-09-11 14:16:13.701] [gas-forecast-startup] [] [] [c.g.f.d.m.M.delete] [main] [DEBUG] - ==>  Preparing: DELETE FROM model_forecast_batch_tb WHERE (batch_no = ?)
[2026-09-11 14:16:13.701] [gas-forecast-startup] [] [] [c.g.f.d.m.M.delete] [main] [DEBUG] - ==> Parameters: STFC-PRESET-008(String)
[2026-09-11 14:16:13.701] [gas-forecast-startup] [] [] [c.g.f.d.m.M.delete] [main] [DEBUG] - <==    Updates: 1
[2026-09-11 14:16:13.701] [gas-forecast-startup] [] [] [c.g.f.d.m.M.insert] [main] [DEBUG] - ==>  Preparing: INSERT INTO model_forecast_batch_tb ( batch_no, train_batch_no, agent_code, region_code, region_name, customer_code, customer_name, industry_code, industry_name, forecast_horizon, forecast_start_date, forecast_end_date, status, request_json, created_by, created_by_name ) VALUES ( ?, ?, ?, ?, ?, ?, ?, ?, ?, ?, ?, ?, ?, ?, ?, ? )
[2026-09-11 14:16:13.701] [gas-forecast-startup] [] [] [c.g.f.d.m.M.insert] [main] [DEBUG] - ==> Parameters: STFC-PRESET-008(String), XQTRAIN-short-term-江苏(String), short-term(String), 江苏(String), 江苏(String), 江阴昆仑管网(String), 江阴昆仑管网(String), 城市燃气(String), 城市燃气(String), 10(Integer), 20260525(Integer), 2026-06-03(String), SUCCESS(String), {"agent_id":"short-term","source":"preset","model_name":"Lasso","industry":"城市燃气","customer":"江阴昆仑管网","metrics":{"mape":7.92,"mae":5.12,"rmse":8.44,"r2":0.92}}(String), system(String), 系统(String)
[2026-09-11 14:16:13.702] [gas-forecast-startup] [] [] [c.g.f.d.m.M.insert] [main] [DEBUG] - <==    Updates: 1
[2026-09-11 14:16:13.702] [gas-forecast-startup] [] [] [c.g.f.d.m.M.delete] [main] [DEBUG] - ==>  Preparing: DELETE FROM model_forecast_result_tb WHERE (forecast_batch_no = ?)
[2026-09-11 14:16:13.702] [gas-forecast-startup] [] [] [c.g.f.d.m.M.delete] [main] [DEBUG] - ==> Parameters: STFC-PRESET-008(String)
[2026-09-11 14:16:13.702] [gas-forecast-startup] [] [] [c.g.f.d.m.M.delete] [main] [DEBUG] - <==    Updates: 0
[2026-09-11 14:16:13.702] [gas-forecast-startup] [] [] [c.g.f.d.m.M.insert] [main] [DEBUG] - ==>  Preparing: INSERT INTO model_forecast_result_tb ( forecast_batch_no, forecast_date, forecast_value ) VALUES ( ?, ?, ? )
[2026-09-11 14:16:13.702] [gas-forecast-startup] [] [] [c.g.f.d.m.M.insert] [main] [DEBUG] - ==> Parameters: STFC-PRESET-008(String), 2026-05-25(String), 94.39389038085938(BigDecimal)
[2026-09-11 14:16:13.702] [gas-forecast-startup] [] [] [c.g.f.d.m.M.insert] [main] [DEBUG] - <==    Updates: 1
[2026-09-11 14:16:13.702] [gas-forecast-startup] [] [] [c.g.f.d.m.M.insert] [main] [DEBUG] - ==>  Preparing: INSERT INTO model_forecast_result_tb ( forecast_batch_no, forecast_date, forecast_value ) VALUES ( ?, ?, ? )
[2026-09-11 14:16:13.702] [gas-forecast-startup] [] [] [c.g.f.d.m.M.insert] [main] [DEBUG] - ==> Parameters: STFC-PRESET-008(String), 2026-05-26(String), 90.29489135742188(BigDecimal)
[2026-09-11 14:16:13.702] [gas-forecast-startup] [] [] [c.g.f.d.m.M.insert] [main] [DEBUG] - <==    Updates: 1
[2026-09-11 14:16:13.702] [gas-forecast-startup] [] [] [c.g.f.d.m.M.insert] [main] [DEBUG] - ==>  Preparing: INSERT INTO model_forecast_result_tb ( forecast_batch_no, forecast_date, forecast_value ) VALUES ( ?, ?, ? )
[2026-09-11 14:16:13.702] [gas-forecast-startup] [] [] [c.g.f.d.m.M.insert] [main] [DEBUG] - ==> Parameters: STFC-PRESET-008(String), 2026-05-27(String), 84.71601867675781(BigDecimal)
[2026-09-11 14:16:13.703] [gas-forecast-startup] [] [] [c.g.f.d.m.M.insert] [main] [DEBUG] - <==    Updates: 1
[2026-09-11 14:16:13.703] [gas-forecast-startup] [] [] [c.g.f.d.m.M.insert] [main] [DEBUG] - ==>  Preparing: INSERT INTO model_forecast_result_tb ( forecast_batch_no, forecast_date, forecast_value ) VALUES ( ?, ?, ? )
[2026-09-11 14:16:13.703] [gas-forecast-startup] [] [] [c.g.f.d.m.M.insert] [main] [DEBUG] - ==> Parameters: STFC-PRESET-008(String), 2026-05-28(String), 85.4791488647461(BigDecimal)
[2026-09-11 14:16:13.703] [gas-forecast-startup] [] [] [c.g.f.d.m.M.insert] [main] [DEBUG] - <==    Updates: 1
[2026-09-11 14:16:13.703] [gas-forecast-startup] [] [] [c.g.f.d.m.M.insert] [main] [DEBUG] - ==>  Preparing: INSERT INTO model_forecast_result_tb ( forecast_batch_no, forecast_date, forecast_value ) VALUES ( ?, ?, ? )
[2026-09-11 14:16:13.703] [gas-forecast-startup] [] [] [c.g.f.d.m.M.insert] [main] [DEBUG] - ==> Parameters: STFC-PRESET-008(String), 2026-05-29(String), 79.25648498535156(BigDecimal)
[2026-09-11 14:16:13.703] [gas-forecast-startup] [] [] [c.g.f.d.m.M.insert] [main] [DEBUG] - <==    Updates: 1
[2026-09-11 14:16:13.703] [gas-forecast-startup] [] [] [c.g.f.d.m.M.insert] [main] [DEBUG] - ==>  Preparing: INSERT INTO model_forecast_result_tb ( forecast_batch_no, forecast_date, forecast_value ) VALUES ( ?, ?, ? )
[2026-09-11 14:16:13.703] [gas-forecast-startup] [] [] [c.g.f.d.m.M.insert] [main] [DEBUG] - ==> Parameters: STFC-PRESET-008(String), 2026-05-30(String), 78.03529357910156(BigDecimal)
[2026-09-11 14:16:13.703] [gas-forecast-startup] [] [] [c.g.f.d.m.M.insert] [main] [DEBUG] - <==    Updates: 1
[2026-09-11 14:16:13.703] [gas-forecast-startup] [] [] [c.g.f.d.m.M.insert] [main] [DEBUG] - ==>  Preparing: INSERT INTO model_forecast_result_tb ( forecast_batch_no, forecast_date, forecast_value ) VALUES ( ?, ?, ? )
[2026-09-11 14:16:13.703] [gas-forecast-startup] [] [] [c.g.f.d.m.M.insert] [main] [DEBUG] - ==> Parameters: STFC-PRESET-008(String), 2026-05-31(String), 71.72804260253906(BigDecimal)
[2026-09-11 14:16:13.704] [gas-forecast-startup] [] [] [c.g.f.d.m.M.insert] [main] [DEBUG] - <==    Updates: 1
[2026-09-11 14:16:13.704] [gas-forecast-startup] [] [] [c.g.f.d.m.M.insert] [main] [DEBUG] - ==>  Preparing: INSERT INTO model_forecast_result_tb ( forecast_batch_no, forecast_date, forecast_value ) VALUES ( ?, ?, ? )
[2026-09-11 14:16:13.704] [gas-forecast-startup] [] [] [c.g.f.d.m.M.insert] [main] [DEBUG] - ==> Parameters: STFC-PRESET-008(String), 2026-06-01(String), 65.26885223388672(BigDecimal)
[2026-09-11 14:16:13.704] [gas-forecast-startup] [] [] [c.g.f.d.m.M.insert] [main] [DEBUG] - <==    Updates: 1
[2026-09-11 14:16:13.704] [gas-forecast-startup] [] [] [c.g.f.d.m.M.insert] [main] [DEBUG] - ==>  Preparing: INSERT INTO model_forecast_result_tb ( forecast_batch_no, forecast_date, forecast_value ) VALUES ( ?, ?, ? )
[2026-09-11 14:16:13.704] [gas-forecast-startup] [] [] [c.g.f.d.m.M.insert] [main] [DEBUG] - ==> Parameters: STFC-PRESET-008(String), 2026-06-02(String), 59.86053466796875(BigDecimal)
[2026-09-11 14:16:13.704] [gas-forecast-startup] [] [] [c.g.f.d.m.M.insert] [main] [DEBUG] - <==    Updates: 1
[2026-09-11 14:16:13.704] [gas-forecast-startup] [] [] [c.g.f.d.m.M.insert] [main] [DEBUG] - ==>  Preparing: INSERT INTO model_forecast_result_tb ( forecast_batch_no, forecast_date, forecast_value ) VALUES ( ?, ?, ? )
[2026-09-11 14:16:13.704] [gas-forecast-startup] [] [] [c.g.f.d.m.M.insert] [main] [DEBUG] - ==> Parameters: STFC-PRESET-008(String), 2026-06-03(String), 54.39030456542969(BigDecimal)
[2026-09-11 14:16:13.704] [gas-forecast-startup] [] [] [c.g.f.d.m.M.insert] [main] [DEBUG] - <==    Updates: 1
[2026-09-11 14:16:13.705] [gas-forecast-startup] [] [] [c.g.f.d.m.B.selectList] [main] [DEBUG] - ==>  Preparing: SELECT id,region_code,region_name,region_type,parent_id,sort_no,enabled,remark,created_by,created_at,updated_by,updated_at,update_by_name,created_by_name FROM base_region_tb WHERE (region_name = ? AND region_type = ?) limit 1
[2026-09-11 14:16:13.705] [gas-forecast-startup] [] [] [c.g.f.d.m.B.selectList] [main] [DEBUG] - ==> Parameters: 江苏(String), PROVINCE(String)
[2026-09-11 14:16:13.705] [gas-forecast-startup] [] [] [c.g.f.d.m.B.selectList] [main] [DEBUG] - <==      Total: 0
[2026-09-11 14:16:13.706] [gas-forecast-startup] [] [] [c.g.f.d.m.B.selectList] [main] [DEBUG] - ==>  Preparing: SELECT id,customer_code,customer_name,industry_code,industry_name,region_code,region_name,created_at,updated_at,created_by,created_by_name,updated_by,update_by_name,raw_region_name,raw_industry_name FROM base_customer_tb WHERE (customer_name = ? AND region_name = ?) limit 1
[2026-09-11 14:16:13.706] [gas-forecast-startup] [] [] [c.g.f.d.m.B.selectList] [main] [DEBUG] - ==> Parameters: 苏州燃气(String), 江苏(String)
[2026-09-11 14:16:13.706] [gas-forecast-startup] [] [] [c.g.f.d.m.B.selectList] [main] [DEBUG] - <==      Total: 0
[2026-09-11 14:16:13.706] [gas-forecast-startup] [] [] [c.g.f.d.m.B.selectList] [main] [DEBUG] - ==>  Preparing: SELECT id,industry_code,industry_name,parent_id,industry_level,sort_no,created_at,updated_at,created_by,created_by_name,updated_by,updated_by_name FROM base_industry_tb WHERE (industry_name = ?) limit 1
[2026-09-11 14:16:13.706] [gas-forecast-startup] [] [] [c.g.f.d.m.B.selectList] [main] [DEBUG] - ==> Parameters: 城市燃气(String)
[2026-09-11 14:16:13.706] [gas-forecast-startup] [] [] [c.g.f.d.m.B.selectList] [main] [DEBUG] - <==      Total: 0
[2026-09-11 14:16:13.706] [gas-forecast-startup] [] [] [c.g.f.d.m.M.delete] [main] [DEBUG] - ==>  Preparing: DELETE FROM model_forecast_result_tb WHERE (forecast_batch_no = ?)
[2026-09-11 14:16:13.706] [gas-forecast-startup] [] [] [c.g.f.d.m.M.delete] [main] [DEBUG] - ==> Parameters: STFC-PRESET-009(String)
[2026-09-11 14:16:13.706] [gas-forecast-startup] [] [] [c.g.f.d.m.M.delete] [main] [DEBUG] - <==    Updates: 10
[2026-09-11 14:16:13.706] [gas-forecast-startup] [] [] [c.g.f.d.m.M.delete] [main] [DEBUG] - ==>  Preparing: DELETE FROM model_forecast_batch_tb WHERE (batch_no = ?)
[2026-09-11 14:16:13.706] [gas-forecast-startup] [] [] [c.g.f.d.m.M.delete] [main] [DEBUG] - ==> Parameters: STFC-PRESET-009(String)
[2026-09-11 14:16:13.707] [gas-forecast-startup] [] [] [c.g.f.d.m.M.delete] [main] [DEBUG] - <==    Updates: 1
[2026-09-11 14:16:13.707] [gas-forecast-startup] [] [] [c.g.f.d.m.M.insert] [main] [DEBUG] - ==>  Preparing: INSERT INTO model_forecast_batch_tb ( batch_no, train_batch_no, agent_code, region_code, region_name, customer_code, customer_name, industry_code, industry_name, forecast_horizon, forecast_start_date, forecast_end_date, status, request_json, created_by, created_by_name ) VALUES ( ?, ?, ?, ?, ?, ?, ?, ?, ?, ?, ?, ?, ?, ?, ?, ? )
[2026-09-11 14:16:13.707] [gas-forecast-startup] [] [] [c.g.f.d.m.M.insert] [main] [DEBUG] - ==> Parameters: STFC-PRESET-009(String), XQTRAIN-short-term-江苏(String), short-term(String), 江苏(String), 江苏(String), 苏州燃气(String), 苏州燃气(String), 城市燃气(String), 城市燃气(String), 10(Integer), 20260525(Integer), 2026-06-03(String), SUCCESS(String), {"agent_id":"short-term","source":"preset","model_name":"Lasso","industry":"城市燃气","customer":"苏州燃气","metrics":{"mape":2.15,"mae":5.64,"rmse":8.43,"r2":0.99}}(String), system(String), 系统(String)
[2026-09-11 14:16:13.707] [gas-forecast-startup] [] [] [c.g.f.d.m.M.insert] [main] [DEBUG] - <==    Updates: 1
[2026-09-11 14:16:13.707] [gas-forecast-startup] [] [] [c.g.f.d.m.M.delete] [main] [DEBUG] - ==>  Preparing: DELETE FROM model_forecast_result_tb WHERE (forecast_batch_no = ?)
[2026-09-11 14:16:13.707] [gas-forecast-startup] [] [] [c.g.f.d.m.M.delete] [main] [DEBUG] - ==> Parameters: STFC-PRESET-009(String)
[2026-09-11 14:16:13.707] [gas-forecast-startup] [] [] [c.g.f.d.m.M.delete] [main] [DEBUG] - <==    Updates: 0
[2026-09-11 14:16:13.707] [gas-forecast-startup] [] [] [c.g.f.d.m.M.insert] [main] [DEBUG] - ==>  Preparing: INSERT INTO model_forecast_result_tb ( forecast_batch_no, forecast_date, forecast_value ) VALUES ( ?, ?, ? )
[2026-09-11 14:16:13.707] [gas-forecast-startup] [] [] [c.g.f.d.m.M.insert] [main] [DEBUG] - ==> Parameters: STFC-PRESET-009(String), 2026-05-25(String), 192.0572204589844(BigDecimal)
[2026-09-11 14:16:13.707] [gas-forecast-startup] [] [] [c.g.f.d.m.M.insert] [main] [DEBUG] - <==    Updates: 1
[2026-09-11 14:16:13.707] [gas-forecast-startup] [] [] [c.g.f.d.m.M.insert] [main] [DEBUG] - ==>  Preparing: INSERT INTO model_forecast_result_tb ( forecast_batch_no, forecast_date, forecast_value ) VALUES ( ?, ?, ? )
[2026-09-11 14:16:13.708] [gas-forecast-startup] [] [] [c.g.f.d.m.M.insert] [main] [DEBUG] - ==> Parameters: STFC-PRESET-009(String), 2026-05-26(String), 199.71641540527344(BigDecimal)
[2026-09-11 14:16:13.708] [gas-forecast-startup] [] [] [c.g.f.d.m.M.insert] [main] [DEBUG] - <==    Updates: 1
[2026-09-11 14:16:13.708] [gas-forecast-startup] [] [] [c.g.f.d.m.M.insert] [main] [DEBUG] - ==>  Preparing: INSERT INTO model_forecast_result_tb ( forecast_batch_no, forecast_date, forecast_value ) VALUES ( ?, ?, ? )
[2026-09-11 14:16:13.708] [gas-forecast-startup] [] [] [c.g.f.d.m.M.insert] [main] [DEBUG] - ==> Parameters: STFC-PRESET-009(String), 2026-05-27(String), 203.7662353515625(BigDecimal)
[2026-09-11 14:16:13.708] [gas-forecast-startup] [] [] [c.g.f.d.m.M.insert] [main] [DEBUG] - <==    Updates: 1
[2026-09-11 14:16:13.708] [gas-forecast-startup] [] [] [c.g.f.d.m.M.insert] [main] [DEBUG] - ==>  Preparing: INSERT INTO model_forecast_result_tb ( forecast_batch_no, forecast_date, forecast_value ) VALUES ( ?, ?, ? )
[2026-09-11 14:16:13.708] [gas-forecast-startup] [] [] [c.g.f.d.m.M.insert] [main] [DEBUG] - ==> Parameters: STFC-PRESET-009(String), 2026-05-28(String), 197.96324157714844(BigDecimal)
[2026-09-11 14:16:13.708] [gas-forecast-startup] [] [] [c.g.f.d.m.M.insert] [main] [DEBUG] - <==    Updates: 1
[2026-09-11 14:16:13.708] [gas-forecast-startup] [] [] [c.g.f.d.m.M.insert] [main] [DEBUG] - ==>  Preparing: INSERT INTO model_forecast_result_tb ( forecast_batch_no, forecast_date, forecast_value ) VALUES ( ?, ?, ? )
[2026-09-11 14:16:13.708] [gas-forecast-startup] [] [] [c.g.f.d.m.M.insert] [main] [DEBUG] - ==> Parameters: STFC-PRESET-009(String), 2026-05-29(String), 197.4909210205078(BigDecimal)
[2026-09-11 14:16:13.709] [gas-forecast-startup] [] [] [c.g.f.d.m.M.insert] [main] [DEBUG] - <==    Updates: 1
[2026-09-11 14:16:13.709] [gas-forecast-startup] [] [] [c.g.f.d.m.M.insert] [main] [DEBUG] - ==>  Preparing: INSERT INTO model_forecast_result_tb ( forecast_batch_no, forecast_date, forecast_value ) VALUES ( ?, ?, ? )
[2026-09-11 14:16:13.709] [gas-forecast-startup] [] [] [c.g.f.d.m.M.insert] [main] [DEBUG] - ==> Parameters: STFC-PRESET-009(String), 2026-05-30(String), 190.7261962890625(BigDecimal)
[2026-09-11 14:16:13.709] [gas-forecast-startup] [] [] [c.g.f.d.m.M.insert] [main] [DEBUG] - <==    Updates: 1
[2026-09-11 14:16:13.709] [gas-forecast-startup] [] [] [c.g.f.d.m.M.insert] [main] [DEBUG] - ==>  Preparing: INSERT INTO model_forecast_result_tb ( forecast_batch_no, forecast_date, forecast_value ) VALUES ( ?, ?, ? )
[2026-09-11 14:16:13.709] [gas-forecast-startup] [] [] [c.g.f.d.m.M.insert] [main] [DEBUG] - ==> Parameters: STFC-PRESET-009(String), 2026-05-31(String), 183.43722534179688(BigDecimal)
[2026-09-11 14:16:13.709] [gas-forecast-startup] [] [] [c.g.f.d.m.M.insert] [main] [DEBUG] - <==    Updates: 1
[2026-09-11 14:16:13.709] [gas-forecast-startup] [] [] [c.g.f.d.m.M.insert] [main] [DEBUG] - ==>  Preparing: INSERT INTO model_forecast_result_tb ( forecast_batch_no, forecast_date, forecast_value ) VALUES ( ?, ?, ? )
[2026-09-11 14:16:13.709] [gas-forecast-startup] [] [] [c.g.f.d.m.M.insert] [main] [DEBUG] - ==> Parameters: STFC-PRESET-009(String), 2026-06-01(String), 180.27032470703125(BigDecimal)
[2026-09-11 14:16:13.709] [gas-forecast-startup] [] [] [c.g.f.d.m.M.insert] [main] [DEBUG] - <==    Updates: 1
[2026-09-11 14:16:13.709] [gas-forecast-startup] [] [] [c.g.f.d.m.M.insert] [main] [DEBUG] - ==>  Preparing: INSERT INTO model_forecast_result_tb ( forecast_batch_no, forecast_date, forecast_value ) VALUES ( ?, ?, ? )
[2026-09-11 14:16:13.709] [gas-forecast-startup] [] [] [c.g.f.d.m.M.insert] [main] [DEBUG] - ==> Parameters: STFC-PRESET-009(String), 2026-06-02(String), 181.81964111328125(BigDecimal)
[2026-09-11 14:16:13.710] [gas-forecast-startup] [] [] [c.g.f.d.m.M.insert] [main] [DEBUG] - <==    Updates: 1
[2026-09-11 14:16:13.710] [gas-forecast-startup] [] [] [c.g.f.d.m.M.insert] [main] [DEBUG] - ==>  Preparing: INSERT INTO model_forecast_result_tb ( forecast_batch_no, forecast_date, forecast_value ) VALUES ( ?, ?, ? )
[2026-09-11 14:16:13.710] [gas-forecast-startup] [] [] [c.g.f.d.m.M.insert] [main] [DEBUG] - ==> Parameters: STFC-PRESET-009(String), 2026-06-03(String), 184.3109436035156(BigDecimal)
[2026-09-11 14:16:13.710] [gas-forecast-startup] [] [] [c.g.f.d.m.M.insert] [main] [DEBUG] - <==    Updates: 1
[2026-09-11 14:16:13.711] [gas-forecast-startup] [] [] [c.g.f.d.m.B.selectList] [main] [DEBUG] - ==>  Preparing: SELECT id,region_code,region_name,region_type,parent_id,sort_no,enabled,remark,created_by,created_at,updated_by,updated_at,update_by_name,created_by_name FROM base_region_tb WHERE (region_name = ? AND region_type = ?) limit 1
[2026-09-11 14:16:13.711] [gas-forecast-startup] [] [] [c.g.f.d.m.B.selectList] [main] [DEBUG] - ==> Parameters: 江苏(String), PROVINCE(String)
[2026-09-11 14:16:13.711] [gas-forecast-startup] [] [] [c.g.f.d.m.B.selectList] [main] [DEBUG] - <==      Total: 0
[2026-09-11 14:16:13.711] [gas-forecast-startup] [] [] [c.g.f.d.m.B.selectList] [main] [DEBUG] - ==>  Preparing: SELECT id,industry_code,industry_name,parent_id,industry_level,sort_no,created_at,updated_at,created_by,created_by_name,updated_by,updated_by_name FROM base_industry_tb WHERE (industry_name = ?) limit 1
[2026-09-11 14:16:13.711] [gas-forecast-startup] [] [] [c.g.f.d.m.B.selectList] [main] [DEBUG] - ==> Parameters: 工业燃料(String)
[2026-09-11 14:16:13.711] [gas-forecast-startup] [] [] [c.g.f.d.m.B.selectList] [main] [DEBUG] - <==      Total: 0
[2026-09-11 14:16:13.711] [gas-forecast-startup] [] [] [c.g.f.d.m.M.delete] [main] [DEBUG] - ==>  Preparing: DELETE FROM model_forecast_result_tb WHERE (forecast_batch_no = ?)
[2026-09-11 14:16:13.711] [gas-forecast-startup] [] [] [c.g.f.d.m.M.delete] [main] [DEBUG] - ==> Parameters: STFC-PRESET-010(String)
[2026-09-11 14:16:13.712] [gas-forecast-startup] [] [] [c.g.f.d.m.M.delete] [main] [DEBUG] - <==    Updates: 50
[2026-09-11 14:16:13.712] [gas-forecast-startup] [] [] [c.g.f.d.m.M.delete] [main] [DEBUG] - ==>  Preparing: DELETE FROM model_forecast_batch_tb WHERE (batch_no = ?)
[2026-09-11 14:16:13.712] [gas-forecast-startup] [] [] [c.g.f.d.m.M.delete] [main] [DEBUG] - ==> Parameters: STFC-PRESET-010(String)
[2026-09-11 14:16:13.712] [gas-forecast-startup] [] [] [c.g.f.d.m.M.delete] [main] [DEBUG] - <==    Updates: 1
[2026-09-11 14:16:13.712] [gas-forecast-startup] [] [] [c.g.f.d.m.M.insert] [main] [DEBUG] - ==>  Preparing: INSERT INTO model_forecast_batch_tb ( batch_no, train_batch_no, agent_code, region_code, region_name, customer_code, customer_name, industry_code, industry_name, forecast_horizon, forecast_start_date, forecast_end_date, status, request_json, created_by, created_by_name ) VALUES ( ?, ?, ?, ?, ?, ?, ?, ?, ?, ?, ?, ?, ?, ?, ?, ? )
[2026-09-11 14:16:13.712] [gas-forecast-startup] [] [] [c.g.f.d.m.M.insert] [main] [DEBUG] - ==> Parameters: STFC-PRESET-010(String), XQTRAIN-short-term-江苏(String), short-term(String), 江苏(String), 江苏(String), ALL(String), 全部客户(String), 工业燃料(String), 工业燃料(String), 50(Integer), 20260101(Integer), 2026-02-19(String), SUCCESS(String), {"agent_id":"short-term","source":"preset","model_name":"Prophet + XGBoost","industry":"工业燃料","customer":"全部客户","metrics":{"mape":3.5,"mae":0.74,"rmse":1.23,"r2":0.89}}(String), system(String), 系统(String)
[2026-09-11 14:16:13.713] [gas-forecast-startup] [] [] [c.g.f.d.m.M.insert] [main] [DEBUG] - <==    Updates: 1
[2026-09-11 14:16:13.713] [gas-forecast-startup] [] [] [c.g.f.d.m.M.delete] [main] [DEBUG] - ==>  Preparing: DELETE FROM model_forecast_result_tb WHERE (forecast_batch_no = ?)
[2026-09-11 14:16:13.713] [gas-forecast-startup] [] [] [c.g.f.d.m.M.delete] [main] [DEBUG] - ==> Parameters: STFC-PRESET-010(String)
[2026-09-11 14:16:13.713] [gas-forecast-startup] [] [] [c.g.f.d.m.M.delete] [main] [DEBUG] - <==    Updates: 0
[2026-09-11 14:16:13.713] [gas-forecast-startup] [] [] [c.g.f.d.m.M.insert] [main] [DEBUG] - ==>  Preparing: INSERT INTO model_forecast_result_tb ( forecast_batch_no, forecast_date, forecast_value ) VALUES ( ?, ?, ? )
[2026-09-11 14:16:13.713] [gas-forecast-startup] [] [] [c.g.f.d.m.M.insert] [main] [DEBUG] - ==> Parameters: STFC-PRESET-010(String), 2026-01-01(String), 24.98913127922813(BigDecimal)
[2026-09-11 14:16:13.713] [gas-forecast-startup] [] [] [c.g.f.d.m.M.insert] [main] [DEBUG] - <==    Updates: 1
[2026-09-11 14:16:13.713] [gas-forecast-startup] [] [] [c.g.f.d.m.M.insert] [main] [DEBUG] - ==>  Preparing: INSERT INTO model_forecast_result_tb ( forecast_batch_no, forecast_date, forecast_value ) VALUES ( ?, ?, ? )
[2026-09-11 14:16:13.713] [gas-forecast-startup] [] [] [c.g.f.d.m.M.insert] [main] [DEBUG] - ==> Parameters: STFC-PRESET-010(String), 2026-01-02(String), 25.98144089512796(BigDecimal)
[2026-09-11 14:16:13.713] [gas-forecast-startup] [] [] [c.g.f.d.m.M.insert] [main] [DEBUG] - <==    Updates: 1
[2026-09-11 14:16:13.713] [gas-forecast-startup] [] [] [c.g.f.d.m.M.insert] [main] [DEBUG] - ==>  Preparing: INSERT INTO model_forecast_result_tb ( forecast_batch_no, forecast_date, forecast_value ) VALUES ( ?, ?, ? )
[2026-09-11 14:16:13.713] [gas-forecast-startup] [] [] [c.g.f.d.m.M.insert] [main] [DEBUG] - ==> Parameters: STFC-PRESET-010(String), 2026-01-03(String), 23.724860877462987(BigDecimal)
[2026-09-11 14:16:13.714] [gas-forecast-startup] [] [] [c.g.f.d.m.M.insert] [main] [DEBUG] - <==    Updates: 1
[2026-09-11 14:16:13.714] [gas-forecast-startup] [] [] [c.g.f.d.m.M.insert] [main] [DEBUG] - ==>  Preparing: INSERT INTO model_forecast_result_tb ( forecast_batch_no, forecast_date, forecast_value ) VALUES ( ?, ?, ? )
[2026-09-11 14:16:13.714] [gas-forecast-startup] [] [] [c.g.f.d.m.M.insert] [main] [DEBUG] - ==> Parameters: STFC-PRESET-010(String), 2026-01-04(String), 24.245601725494485(BigDecimal)
[2026-09-11 14:16:13.714] [gas-forecast-startup] [] [] [c.g.f.d.m.M.insert] [main] [DEBUG] - <==    Updates: 1
[2026-09-11 14:16:13.714] [gas-forecast-startup] [] [] [c.g.f.d.m.M.insert] [main] [DEBUG] - ==>  Preparing: INSERT INTO model_forecast_result_tb ( forecast_batch_no, forecast_date, forecast_value ) VALUES ( ?, ?, ? )
[2026-09-11 14:16:13.714] [gas-forecast-startup] [] [] [c.g.f.d.m.M.insert] [main] [DEBUG] - ==> Parameters: STFC-PRESET-010(String), 2026-01-05(String), 25.26849107236552(BigDecimal)
[2026-09-11 14:16:13.714] [gas-forecast-startup] [] [] [c.g.f.d.m.M.insert] [main] [DEBUG] - <==    Updates: 1
[2026-09-11 14:16:13.714] [gas-forecast-startup] [] [] [c.g.f.d.m.M.insert] [main] [DEBUG] - ==>  Preparing: INSERT INTO model_forecast_result_tb ( forecast_batch_no, forecast_date, forecast_value ) VALUES ( ?, ?, ? )
[2026-09-11 14:16:13.714] [gas-forecast-startup] [] [] [c.g.f.d.m.M.insert] [main] [DEBUG] - ==> Parameters: STFC-PRESET-010(String), 2026-01-06(String), 24.647405310981554(BigDecimal)
[2026-09-11 14:16:13.714] [gas-forecast-startup] [] [] [c.g.f.d.m.M.insert] [main] [DEBUG] - <==    Updates: 1
[2026-09-11 14:16:13.714] [gas-forecast-startup] [] [] [c.g.f.d.m.M.insert] [main] [DEBUG] - ==>  Preparing: INSERT INTO model_forecast_result_tb ( forecast_batch_no, forecast_date, forecast_value ) VALUES ( ?, ?, ? )
[2026-09-11 14:16:13.714] [gas-forecast-startup] [] [] [c.g.f.d.m.M.insert] [main] [DEBUG] - ==> Parameters: STFC-PRESET-010(String), 2026-01-07(String), 24.5917329081036(BigDecimal)
[2026-09-11 14:16:13.715] [gas-forecast-startup] [] [] [c.g.f.d.m.M.insert] [main] [DEBUG] - <==    Updates: 1
[2026-09-11 14:16:13.715] [gas-forecast-startup] [] [] [c.g.f.d.m.M.insert] [main] [DEBUG] - ==>  Preparing: INSERT INTO model_forecast_result_tb ( forecast_batch_no, forecast_date, forecast_value ) VALUES ( ?, ?, ? )
[2026-09-11 14:16:13.715] [gas-forecast-startup] [] [] [c.g.f.d.m.M.insert] [main] [DEBUG] - ==> Parameters: STFC-PRESET-010(String), 2026-01-08(String), 24.94839142840761(BigDecimal)
[2026-09-11 14:16:13.715] [gas-forecast-startup] [] [] [c.g.f.d.m.M.insert] [main] [DEBUG] - <==    Updates: 1
[2026-09-11 14:16:13.715] [gas-forecast-startup] [] [] [c.g.f.d.m.M.insert] [main] [DEBUG] - ==>  Preparing: INSERT INTO model_forecast_result_tb ( forecast_batch_no, forecast_date, forecast_value ) VALUES ( ?, ?, ? )
[2026-09-11 14:16:13.715] [gas-forecast-startup] [] [] [c.g.f.d.m.M.insert] [main] [DEBUG] - ==> Parameters: STFC-PRESET-010(String), 2026-01-09(String), 24.89802503405645(BigDecimal)
[2026-09-11 14:16:13.715] [gas-forecast-startup] [] [] [c.g.f.d.m.M.insert] [main] [DEBUG] - <==    Updates: 1
[2026-09-11 14:16:13.715] [gas-forecast-startup] [] [] [c.g.f.d.m.M.insert] [main] [DEBUG] - ==>  Preparing: INSERT INTO model_forecast_result_tb ( forecast_batch_no, forecast_date, forecast_value ) VALUES ( ?, ?, ? )
[2026-09-11 14:16:13.715] [gas-forecast-startup] [] [] [c.g.f.d.m.M.insert] [main] [DEBUG] - ==> Parameters: STFC-PRESET-010(String), 2026-01-10(String), 24.62108074082838(BigDecimal)
[2026-09-11 14:16:13.715] [gas-forecast-startup] [] [] [c.g.f.d.m.M.insert] [main] [DEBUG] - <==    Updates: 1
[2026-09-11 14:16:13.715] [gas-forecast-startup] [] [] [c.g.f.d.m.M.insert] [main] [DEBUG] - ==>  Preparing: INSERT INTO model_forecast_result_tb ( forecast_batch_no, forecast_date, forecast_value ) VALUES ( ?, ?, ? )
[2026-09-11 14:16:13.715] [gas-forecast-startup] [] [] [c.g.f.d.m.M.insert] [main] [DEBUG] - ==> Parameters: STFC-PRESET-010(String), 2026-01-11(String), 24.84393604687976(BigDecimal)
[2026-09-11 14:16:13.715] [gas-forecast-startup] [] [] [c.g.f.d.m.M.insert] [main] [DEBUG] - <==    Updates: 1
[2026-09-11 14:16:13.716] [gas-forecast-startup] [] [] [c.g.f.d.m.M.insert] [main] [DEBUG] - ==>  Preparing: INSERT INTO model_forecast_result_tb ( forecast_batch_no, forecast_date, forecast_value ) VALUES ( ?, ?, ? )
[2026-09-11 14:16:13.716] [gas-forecast-startup] [] [] [c.g.f.d.m.M.insert] [main] [DEBUG] - ==> Parameters: STFC-PRESET-010(String), 2026-01-12(String), 24.95045106728429(BigDecimal)
[2026-09-11 14:16:13.716] [gas-forecast-startup] [] [] [c.g.f.d.m.M.insert] [main] [DEBUG] - <==    Updates: 1
[2026-09-11 14:16:13.716] [gas-forecast-startup] [] [] [c.g.f.d.m.M.insert] [main] [DEBUG] - ==>  Preparing: INSERT INTO model_forecast_result_tb ( forecast_batch_no, forecast_date, forecast_value ) VALUES ( ?, ?, ? )
[2026-09-11 14:16:13.716] [gas-forecast-startup] [] [] [c.g.f.d.m.M.insert] [main] [DEBUG] - ==> Parameters: STFC-PRESET-010(String), 2026-01-13(String), 24.89340071130066(BigDecimal)
[2026-09-11 14:16:13.716] [gas-forecast-startup] [] [] [c.g.f.d.m.M.insert] [main] [DEBUG] - <==    Updates: 1
[2026-09-11 14:16:13.716] [gas-forecast-startup] [] [] [c.g.f.d.m.M.insert] [main] [DEBUG] - ==>  Preparing: INSERT INTO model_forecast_result_tb ( forecast_batch_no, forecast_date, forecast_value ) VALUES ( ?, ?, ? )
[2026-09-11 14:16:13.716] [gas-forecast-startup] [] [] [c.g.f.d.m.M.insert] [main] [DEBUG] - ==> Parameters: STFC-PRESET-010(String), 2026-01-14(String), 25.10178124077837(BigDecimal)
[2026-09-11 14:16:13.716] [gas-forecast-startup] [] [] [c.g.f.d.m.M.insert] [main] [DEBUG] - <==    Updates: 1
[2026-09-11 14:16:13.716] [gas-forecast-startup] [] [] [c.g.f.d.m.M.insert] [main] [DEBUG] - ==>  Preparing: INSERT INTO model_forecast_result_tb ( forecast_batch_no, forecast_date, forecast_value ) VALUES ( ?, ?, ? )
[2026-09-11 14:16:13.716] [gas-forecast-startup] [] [] [c.g.f.d.m.M.insert] [main] [DEBUG] - ==> Parameters: STFC-PRESET-010(String), 2026-01-15(String), 24.93623860746019(BigDecimal)
[2026-09-11 14:16:13.716] [gas-forecast-startup] [] [] [c.g.f.d.m.M.insert] [main] [DEBUG] - <==    Updates: 1
[2026-09-11 14:16:13.717] [gas-forecast-startup] [] [] [c.g.f.d.m.M.insert] [main] [DEBUG] - ==>  Preparing: INSERT INTO model_forecast_result_tb ( forecast_batch_no, forecast_date, forecast_value ) VALUES ( ?, ?, ? )
[2026-09-11 14:16:13.717] [gas-forecast-startup] [] [] [c.g.f.d.m.M.insert] [main] [DEBUG] - ==> Parameters: STFC-PRESET-010(String), 2026-01-16(String), 25.00836065572606(BigDecimal)
[2026-09-11 14:16:13.717] [gas-forecast-startup] [] [] [c.g.f.d.m.M.insert] [main] [DEBUG] - <==    Updates: 1
[2026-09-11 14:16:13.717] [gas-forecast-startup] [] [] [c.g.f.d.m.M.insert] [main] [DEBUG] - ==>  Preparing: INSERT INTO model_forecast_result_tb ( forecast_batch_no, forecast_date, forecast_value ) VALUES ( ?, ?, ? )
[2026-09-11 14:16:13.717] [gas-forecast-startup] [] [] [c.g.f.d.m.M.insert] [main] [DEBUG] - ==> Parameters: STFC-PRESET-010(String), 2026-01-17(String), 24.987829956564063(BigDecimal)
[2026-09-11 14:16:13.717] [gas-forecast-startup] [] [] [c.g.f.d.m.M.insert] [main] [DEBUG] - <==    Updates: 1
[2026-09-11 14:16:13.717] [gas-forecast-startup] [] [] [c.g.f.d.m.M.insert] [main] [DEBUG] - ==>  Preparing: INSERT INTO model_forecast_result_tb ( forecast_batch_no, forecast_date, forecast_value ) VALUES ( ?, ?, ? )
[2026-09-11 14:16:13.717] [gas-forecast-startup] [] [] [c.g.f.d.m.M.insert] [main] [DEBUG] - ==> Parameters: STFC-PRESET-010(String), 2026-01-18(String), 24.841914019213764(BigDecimal)
[2026-09-11 14:16:13.717] [gas-forecast-startup] [] [] [c.g.f.d.m.M.insert] [main] [DEBUG] - <==    Updates: 1
[2026-09-11 14:16:13.717] [gas-forecast-startup] [] [] [c.g.f.d.m.M.insert] [main] [DEBUG] - ==>  Preparing: INSERT INTO model_forecast_result_tb ( forecast_batch_no, forecast_date, forecast_value ) VALUES ( ?, ?, ? )
[2026-09-11 14:16:13.717] [gas-forecast-startup] [] [] [c.g.f.d.m.M.insert] [main] [DEBUG] - ==> Parameters: STFC-PRESET-010(String), 2026-01-19(String), 24.844325891153144(BigDecimal)
[2026-09-11 14:16:13.717] [gas-forecast-startup] [] [] [c.g.f.d.m.M.insert] [main] [DEBUG] - <==    Updates: 1
[2026-09-11 14:16:13.718] [gas-forecast-startup] [] [] [c.g.f.d.m.M.insert] [main] [DEBUG] - ==>  Preparing: INSERT INTO model_forecast_result_tb ( forecast_batch_no, forecast_date, forecast_value ) VALUES ( ?, ?, ? )
[2026-09-11 14:16:13.718] [gas-forecast-startup] [] [] [c.g.f.d.m.M.insert] [main] [DEBUG] - ==> Parameters: STFC-PRESET-010(String), 2026-01-20(String), 24.93098015105968(BigDecimal)
[2026-09-11 14:16:13.718] [gas-forecast-startup] [] [] [c.g.f.d.m.M.insert] [main] [DEBUG] - <==    Updates: 1
[2026-09-11 14:16:13.718] [gas-forecast-startup] [] [] [c.g.f.d.m.M.insert] [main] [DEBUG] - ==>  Preparing: INSERT INTO model_forecast_result_tb ( forecast_batch_no, forecast_date, forecast_value ) VALUES ( ?, ?, ? )
[2026-09-11 14:16:13.718] [gas-forecast-startup] [] [] [c.g.f.d.m.M.insert] [main] [DEBUG] - ==> Parameters: STFC-PRESET-010(String), 2026-01-21(String), 24.84719788944102(BigDecimal)
[2026-09-11 14:16:13.718] [gas-forecast-startup] [] [] [c.g.f.d.m.M.insert] [main] [DEBUG] - <==    Updates: 1
[2026-09-11 14:16:13.718] [gas-forecast-startup] [] [] [c.g.f.d.m.M.insert] [main] [DEBUG] - ==>  Preparing: INSERT INTO model_forecast_result_tb ( forecast_batch_no, forecast_date, forecast_value ) VALUES ( ?, ?, ? )
[2026-09-11 14:16:13.718] [gas-forecast-startup] [] [] [c.g.f.d.m.M.insert] [main] [DEBUG] - ==> Parameters: STFC-PRESET-010(String), 2026-01-22(String), 24.62525435989775(BigDecimal)
[2026-09-11 14:16:13.718] [gas-forecast-startup] [] [] [c.g.f.d.m.M.insert] [main] [DEBUG] - <==    Updates: 1
[2026-09-11 14:16:13.718] [gas-forecast-startup] [] [] [c.g.f.d.m.M.insert] [main] [DEBUG] - ==>  Preparing: INSERT INTO model_forecast_result_tb ( forecast_batch_no, forecast_date, forecast_value ) VALUES ( ?, ?, ? )
[2026-09-11 14:16:13.718] [gas-forecast-startup] [] [] [c.g.f.d.m.M.insert] [main] [DEBUG] - ==> Parameters: STFC-PRESET-010(String), 2026-01-23(String), 24.785930742455008(BigDecimal)
[2026-09-11 14:16:13.718] [gas-forecast-startup] [] [] [c.g.f.d.m.M.insert] [main] [DEBUG] - <==    Updates: 1
[2026-09-11 14:16:13.718] [gas-forecast-startup] [] [] [c.g.f.d.m.M.insert] [main] [DEBUG] - ==>  Preparing: INSERT INTO model_forecast_result_tb ( forecast_batch_no, forecast_date, forecast_value ) VALUES ( ?, ?, ? )
[2026-09-11 14:16:13.718] [gas-forecast-startup] [] [] [c.g.f.d.m.M.insert] [main] [DEBUG] - ==> Parameters: STFC-PRESET-010(String), 2026-01-24(String), 24.91980975105166(BigDecimal)
[2026-09-11 14:16:13.719] [gas-forecast-startup] [] [] [c.g.f.d.m.M.insert] [main] [DEBUG] - <==    Updates: 1
[2026-09-11 14:16:13.719] [gas-forecast-startup] [] [] [c.g.f.d.m.M.insert] [main] [DEBUG] - ==>  Preparing: INSERT INTO model_forecast_result_tb ( forecast_batch_no, forecast_date, forecast_value ) VALUES ( ?, ?, ? )
[2026-09-11 14:16:13.719] [gas-forecast-startup] [] [] [c.g.f.d.m.M.insert] [main] [DEBUG] - ==> Parameters: STFC-PRESET-010(String), 2026-01-25(String), 24.72610757089731(BigDecimal)
[2026-09-11 14:16:13.719] [gas-forecast-startup] [] [] [c.g.f.d.m.M.insert] [main] [DEBUG] - <==    Updates: 1
[2026-09-11 14:16:13.719] [gas-forecast-startup] [] [] [c.g.f.d.m.M.insert] [main] [DEBUG] - ==>  Preparing: INSERT INTO model_forecast_result_tb ( forecast_batch_no, forecast_date, forecast_value ) VALUES ( ?, ?, ? )
[2026-09-11 14:16:13.719] [gas-forecast-startup] [] [] [c.g.f.d.m.M.insert] [main] [DEBUG] - ==> Parameters: STFC-PRESET-010(String), 2026-01-26(String), 24.93015535373292(BigDecimal)
[2026-09-11 14:16:13.719] [gas-forecast-startup] [] [] [c.g.f.d.m.M.insert] [main] [DEBUG] - <==    Updates: 1
[2026-09-11 14:16:13.719] [gas-forecast-startup] [] [] [c.g.f.d.m.M.insert] [main] [DEBUG] - ==>  Preparing: INSERT INTO model_forecast_result_tb ( forecast_batch_no, forecast_date, forecast_value ) VALUES ( ?, ?, ? )
[2026-09-11 14:16:13.719] [gas-forecast-startup] [] [] [c.g.f.d.m.M.insert] [main] [DEBUG] - ==> Parameters: STFC-PRESET-010(String), 2026-01-27(String), 24.68119253852821(BigDecimal)
[2026-09-11 14:16:13.719] [gas-forecast-startup] [] [] [c.g.f.d.m.M.insert] [main] [DEBUG] - <==    Updates: 1
[2026-09-11 14:16:13.719] [gas-forecast-startup] [] [] [c.g.f.d.m.M.insert] [main] [DEBUG] - ==>  Preparing: INSERT INTO model_forecast_result_tb ( forecast_batch_no, forecast_date, forecast_value ) VALUES ( ?, ?, ? )
[2026-09-11 14:16:13.719] [gas-forecast-startup] [] [] [c.g.f.d.m.M.insert] [main] [DEBUG] - ==> Parameters: STFC-PRESET-010(String), 2026-01-28(String), 24.74661067565069(BigDecimal)
[2026-09-11 14:16:13.720] [gas-forecast-startup] [] [] [c.g.f.d.m.M.insert] [main] [DEBUG] - <==    Updates: 1
[2026-09-11 14:16:13.720] [gas-forecast-startup] [] [] [c.g.f.d.m.M.insert] [main] [DEBUG] - ==>  Preparing: INSERT INTO model_forecast_result_tb ( forecast_batch_no, forecast_date, forecast_value ) VALUES ( ?, ?, ? )
[2026-09-11 14:16:13.720] [gas-forecast-startup] [] [] [c.g.f.d.m.M.insert] [main] [DEBUG] - ==> Parameters: STFC-PRESET-010(String), 2026-01-29(String), 24.76176087212694(BigDecimal)
[2026-09-11 14:16:13.720] [gas-forecast-startup] [] [] [c.g.f.d.m.M.insert] [main] [DEBUG] - <==    Updates: 1
[2026-09-11 14:16:13.720] [gas-forecast-startup] [] [] [c.g.f.d.m.M.insert] [main] [DEBUG] - ==>  Preparing: INSERT INTO model_forecast_result_tb ( forecast_batch_no, forecast_date, forecast_value ) VALUES ( ?, ?, ? )
[2026-09-11 14:16:13.720] [gas-forecast-startup] [] [] [c.g.f.d.m.M.insert] [main] [DEBUG] - ==> Parameters: STFC-PRESET-010(String), 2026-01-30(String), 24.95488492928906(BigDecimal)
[2026-09-11 14:16:13.720] [gas-forecast-startup] [] [] [c.g.f.d.m.M.insert] [main] [DEBUG] - <==    Updates: 1
[2026-09-11 14:16:13.720] [gas-forecast-startup] [] [] [c.g.f.d.m.M.insert] [main] [DEBUG] - ==>  Preparing: INSERT INTO model_forecast_result_tb ( forecast_batch_no, forecast_date, forecast_value ) VALUES ( ?, ?, ? )
[2026-09-11 14:16:13.720] [gas-forecast-startup] [] [] [c.g.f.d.m.M.insert] [main] [DEBUG] - ==> Parameters: STFC-PRESET-010(String), 2026-01-31(String), 24.81361502720809(BigDecimal)
[2026-09-11 14:16:13.720] [gas-forecast-startup] [] [] [c.g.f.d.m.M.insert] [main] [DEBUG] - <==    Updates: 1
[2026-09-11 14:16:13.720] [gas-forecast-startup] [] [] [c.g.f.d.m.M.insert] [main] [DEBUG] - ==>  Preparing: INSERT INTO model_forecast_result_tb ( forecast_batch_no, forecast_date, forecast_value ) VALUES ( ?, ?, ? )
[2026-09-11 14:16:13.720] [gas-forecast-startup] [] [] [c.g.f.d.m.M.insert] [main] [DEBUG] - ==> Parameters: STFC-PRESET-010(String), 2026-02-01(String), 24.94889413985342(BigDecimal)
[2026-09-11 14:16:13.720] [gas-forecast-startup] [] [] [c.g.f.d.m.M.insert] [main] [DEBUG] - <==    Updates: 1
[2026-09-11 14:16:13.721] [gas-forecast-startup] [] [] [c.g.f.d.m.M.insert] [main] [DEBUG] - ==>  Preparing: INSERT INTO model_forecast_result_tb ( forecast_batch_no, forecast_date, forecast_value ) VALUES ( ?, ?, ? )
[2026-09-11 14:16:13.721] [gas-forecast-startup] [] [] [c.g.f.d.m.M.insert] [main] [DEBUG] - ==> Parameters: STFC-PRESET-010(String), 2026-02-02(String), 25.0493927699269(BigDecimal)
[2026-09-11 14:16:13.722] [gas-forecast-startup] [] [] [c.g.f.d.m.M.insert] [main] [DEBUG] - <==    Updates: 1
[2026-09-11 14:16:13.722] [gas-forecast-startup] [] [] [c.g.f.d.m.M.insert] [main] [DEBUG] - ==>  Preparing: INSERT INTO model_forecast_result_tb ( forecast_batch_no, forecast_date, forecast_value ) VALUES ( ?, ?, ? )
[2026-09-11 14:16:13.723] [gas-forecast-startup] [] [] [c.g.f.d.m.M.insert] [main] [DEBUG] - ==> Parameters: STFC-PRESET-010(String), 2026-02-03(String), 24.58943791683063(BigDecimal)
[2026-09-11 14:16:13.723] [gas-forecast-startup] [] [] [c.g.f.d.m.M.insert] [main] [DEBUG] - <==    Updates: 1
[2026-09-11 14:16:13.723] [gas-forecast-startup] [] [] [c.g.f.d.m.M.insert] [main] [DEBUG] - ==>  Preparing: INSERT INTO model_forecast_result_tb ( forecast_batch_no, forecast_date, forecast_value ) VALUES ( ?, ?, ? )
[2026-09-11 14:16:13.723] [gas-forecast-startup] [] [] [c.g.f.d.m.M.insert] [main] [DEBUG] - ==> Parameters: STFC-PRESET-010(String), 2026-02-04(String), 24.803054674605185(BigDecimal)
[2026-09-11 14:16:13.723] [gas-forecast-startup] [] [] [c.g.f.d.m.M.insert] [main] [DEBUG] - <==    Updates: 1
[2026-09-11 14:16:13.723] [gas-forecast-startup] [] [] [c.g.f.d.m.M.insert] [main] [DEBUG] - ==>  Preparing: INSERT INTO model_forecast_result_tb ( forecast_batch_no, forecast_date, forecast_value ) VALUES ( ?, ?, ? )
[2026-09-11 14:16:13.723] [gas-forecast-startup] [] [] [c.g.f.d.m.M.insert] [main] [DEBUG] - ==> Parameters: STFC-PRESET-010(String), 2026-02-05(String), 24.80822380261651(BigDecimal)
[2026-09-11 14:16:13.723] [gas-forecast-startup] [] [] [c.g.f.d.m.M.insert] [main] [DEBUG] - <==    Updates: 1
[2026-09-11 14:16:13.723] [gas-forecast-startup] [] [] [c.g.f.d.m.M.insert] [main] [DEBUG] - ==>  Preparing: INSERT INTO model_forecast_result_tb ( forecast_batch_no, forecast_date, forecast_value ) VALUES ( ?, ?, ? )
[2026-09-11 14:16:13.723] [gas-forecast-startup] [] [] [c.g.f.d.m.M.insert] [main] [DEBUG] - ==> Parameters: STFC-PRESET-010(String), 2026-02-06(String), 24.81842458823528(BigDecimal)
[2026-09-11 14:16:13.723] [gas-forecast-startup] [] [] [c.g.f.d.m.M.insert] [main] [DEBUG] - <==    Updates: 1
[2026-09-11 14:16:13.723] [gas-forecast-startup] [] [] [c.g.f.d.m.M.insert] [main] [DEBUG] - ==>  Preparing: INSERT INTO model_forecast_result_tb ( forecast_batch_no, forecast_date, forecast_value ) VALUES ( ?, ?, ? )
[2026-09-11 14:16:13.723] [gas-forecast-startup] [] [] [c.g.f.d.m.M.insert] [main] [DEBUG] - ==> Parameters: STFC-PRESET-010(String), 2026-02-07(String), 24.84812407697864(BigDecimal)
[2026-09-11 14:16:13.724] [gas-forecast-startup] [] [] [c.g.f.d.m.M.insert] [main] [DEBUG] - <==    Updates: 1
[2026-09-11 14:16:13.724] [gas-forecast-startup] [] [] [c.g.f.d.m.M.insert] [main] [DEBUG] - ==>  Preparing: INSERT INTO model_forecast_result_tb ( forecast_batch_no, forecast_date, forecast_value ) VALUES ( ?, ?, ? )
[2026-09-11 14:16:13.724] [gas-forecast-startup] [] [] [c.g.f.d.m.M.insert] [main] [DEBUG] - ==> Parameters: STFC-PRESET-010(String), 2026-02-08(String), 24.928185216000287(BigDecimal)
[2026-09-11 14:16:13.724] [gas-forecast-startup] [] [] [c.g.f.d.m.M.insert] [main] [DEBUG] - <==    Updates: 1
[2026-09-11 14:16:13.724] [gas-forecast-startup] [] [] [c.g.f.d.m.M.insert] [main] [DEBUG] - ==>  Preparing: INSERT INTO model_forecast_result_tb ( forecast_batch_no, forecast_date, forecast_value ) VALUES ( ?, ?, ? )
[2026-09-11 14:16:13.724] [gas-forecast-startup] [] [] [c.g.f.d.m.M.insert] [main] [DEBUG] - ==> Parameters: STFC-PRESET-010(String), 2026-02-09(String), 24.871830892375293(BigDecimal)
[2026-09-11 14:16:13.724] [gas-forecast-startup] [] [] [c.g.f.d.m.M.insert] [main] [DEBUG] - <==    Updates: 1
[2026-09-11 14:16:13.724] [gas-forecast-startup] [] [] [c.g.f.d.m.M.insert] [main] [DEBUG] - ==>  Preparing: INSERT INTO model_forecast_result_tb ( forecast_batch_no, forecast_date, forecast_value ) VALUES ( ?, ?, ? )
[2026-09-11 14:16:13.724] [gas-forecast-startup] [] [] [c.g.f.d.m.M.insert] [main] [DEBUG] - ==> Parameters: STFC-PRESET-010(String), 2026-02-10(String), 24.73147503763284(BigDecimal)
[2026-09-11 14:16:13.724] [gas-forecast-startup] [] [] [c.g.f.d.m.M.insert] [main] [DEBUG] - <==    Updates: 1
[2026-09-11 14:16:13.724] [gas-forecast-startup] [] [] [c.g.f.d.m.M.insert] [main] [DEBUG] - ==>  Preparing: INSERT INTO model_forecast_result_tb ( forecast_batch_no, forecast_date, forecast_value ) VALUES ( ?, ?, ? )
[2026-09-11 14:16:13.724] [gas-forecast-startup] [] [] [c.g.f.d.m.M.insert] [main] [DEBUG] - ==> Parameters: STFC-PRESET-010(String), 2026-02-11(String), 24.80488964916005(BigDecimal)
[2026-09-11 14:16:13.725] [gas-forecast-startup] [] [] [c.g.f.d.m.M.insert] [main] [DEBUG] - <==    Updates: 1
[2026-09-11 14:16:13.725] [gas-forecast-startup] [] [] [c.g.f.d.m.M.insert] [main] [DEBUG] - ==>  Preparing: INSERT INTO model_forecast_result_tb ( forecast_batch_no, forecast_date, forecast_value ) VALUES ( ?, ?, ? )
[2026-09-11 14:16:13.725] [gas-forecast-startup] [] [] [c.g.f.d.m.M.insert] [main] [DEBUG] - ==> Parameters: STFC-PRESET-010(String), 2026-02-12(String), 24.941770602269035(BigDecimal)
[2026-09-11 14:16:13.725] [gas-forecast-startup] [] [] [c.g.f.d.m.M.insert] [main] [DEBUG] - <==    Updates: 1
[2026-09-11 14:16:13.725] [gas-forecast-startup] [] [] [c.g.f.d.m.M.insert] [main] [DEBUG] - ==>  Preparing: INSERT INTO model_forecast_result_tb ( forecast_batch_no, forecast_date, forecast_value ) VALUES ( ?, ?, ? )
[2026-09-11 14:16:13.725] [gas-forecast-startup] [] [] [c.g.f.d.m.M.insert] [main] [DEBUG] - ==> Parameters: STFC-PRESET-010(String), 2026-02-13(String), 24.974072674146047(BigDecimal)
[2026-09-11 14:16:13.725] [gas-forecast-startup] [] [] [c.g.f.d.m.M.insert] [main] [DEBUG] - <==    Updates: 1
[2026-09-11 14:16:13.725] [gas-forecast-startup] [] [] [c.g.f.d.m.M.insert] [main] [DEBUG] - ==>  Preparing: INSERT INTO model_forecast_result_tb ( forecast_batch_no, forecast_date, forecast_value ) VALUES ( ?, ?, ? )
[2026-09-11 14:16:13.725] [gas-forecast-startup] [] [] [c.g.f.d.m.M.insert] [main] [DEBUG] - ==> Parameters: STFC-PRESET-010(String), 2026-02-14(String), 24.974389940127782(BigDecimal)
[2026-09-11 14:16:13.725] [gas-forecast-startup] [] [] [c.g.f.d.m.M.insert] [main] [DEBUG] - <==    Updates: 1
[2026-09-11 14:16:13.725] [gas-forecast-startup] [] [] [c.g.f.d.m.M.insert] [main] [DEBUG] - ==>  Preparing: INSERT INTO model_forecast_result_tb ( forecast_batch_no, forecast_date, forecast_value ) VALUES ( ?, ?, ? )
[2026-09-11 14:16:13.725] [gas-forecast-startup] [] [] [c.g.f.d.m.M.insert] [main] [DEBUG] - ==> Parameters: STFC-PRESET-010(String), 2026-02-15(String), 24.70747756069169(BigDecimal)
[2026-09-11 14:16:13.726] [gas-forecast-startup] [] [] [c.g.f.d.m.M.insert] [main] [DEBUG] - <==    Updates: 1
[2026-09-11 14:16:13.726] [gas-forecast-startup] [] [] [c.g.f.d.m.M.insert] [main] [DEBUG] - ==>  Preparing: INSERT INTO model_forecast_result_tb ( forecast_batch_no, forecast_date, forecast_value ) VALUES ( ?, ?, ? )
[2026-09-11 14:16:13.726] [gas-forecast-startup] [] [] [c.g.f.d.m.M.insert] [main] [DEBUG] - ==> Parameters: STFC-PRESET-010(String), 2026-02-16(String), 24.87841931851268(BigDecimal)
[2026-09-11 14:16:13.726] [gas-forecast-startup] [] [] [c.g.f.d.m.M.insert] [main] [DEBUG] - <==    Updates: 1
[2026-09-11 14:16:13.726] [gas-forecast-startup] [] [] [c.g.f.d.m.M.insert] [main] [DEBUG] - ==>  Preparing: INSERT INTO model_forecast_result_tb ( forecast_batch_no, forecast_date, forecast_value ) VALUES ( ?, ?, ? )
[2026-09-11 14:16:13.726] [gas-forecast-startup] [] [] [c.g.f.d.m.M.insert] [main] [DEBUG] - ==> Parameters: STFC-PRESET-010(String), 2026-02-17(String), 25.06227649750852(BigDecimal)
[2026-09-11 14:16:13.726] [gas-forecast-startup] [] [] [c.g.f.d.m.M.insert] [main] [DEBUG] - <==    Updates: 1
[2026-09-11 14:16:13.726] [gas-forecast-startup] [] [] [c.g.f.d.m.M.insert] [main] [DEBUG] - ==>  Preparing: INSERT INTO model_forecast_result_tb ( forecast_batch_no, forecast_date, forecast_value ) VALUES ( ?, ?, ? )
[2026-09-11 14:16:13.726] [gas-forecast-startup] [] [] [c.g.f.d.m.M.insert] [main] [DEBUG] - ==> Parameters: STFC-PRESET-010(String), 2026-02-18(String), 24.66614769382165(BigDecimal)
[2026-09-11 14:16:13.726] [gas-forecast-startup] [] [] [c.g.f.d.m.M.insert] [main] [DEBUG] - <==    Updates: 1
[2026-09-11 14:16:13.726] [gas-forecast-startup] [] [] [c.g.f.d.m.M.insert] [main] [DEBUG] - ==>  Preparing: INSERT INTO model_forecast_result_tb ( forecast_batch_no, forecast_date, forecast_value ) VALUES ( ?, ?, ? )
[2026-09-11 14:16:13.726] [gas-forecast-startup] [] [] [c.g.f.d.m.M.insert] [main] [DEBUG] - ==> Parameters: STFC-PRESET-010(String), 2026-02-19(String), 24.52811439561572(BigDecimal)
[2026-09-11 14:16:13.726] [gas-forecast-startup] [] [] [c.g.f.d.m.M.insert] [main] [DEBUG] - <==    Updates: 1
